timestamp_sec,left_pupil_mm,right_pupil_mm,left_blink,right_blink,left_gaze_x,left_gaze_y,left_gaze_z,right_gaze_x,right_gaze_y,right_gaze_z,combined_gaze_x,combined_gaze_y,combined_gaze_z,origin_x,origin_y,origin_z,light_condition,stimulus_event
0.0000,6.2559,7.8346,0.0000,0.0000,-0.1578,-0.4613,0.8731,-0.4436,-0.4278,0.7875,-0.3019,-0.4677,0.8307,-0.0760,-0.0901,0.6673,Dark,Experiment session started
0.0000,5.7203,7.4694,0.0000,0.0000,-0.1817,-0.4787,0.8590,-0.4583,-0.4485,0.7673,-0.3207,-0.4861,0.8130,-0.0819,-0.0917,0.6642,Dark,Experiment session started
0.0200,5.7203,7.4694,0.0000,0.0000,-0.1895,-0.4730,0.8605,-0.4654,-0.4414,0.7671,-0.3283,-0.4797,0.8137,-0.0839,-0.0910,0.6634,Dark,Experiment session started
0.0235,5.5940,7.3289,0.0000,0.0000,-0.1960,-0.4654,0.8631,-0.4690,-0.4338,0.7694,-0.3334,-0.4718,0.8162,-0.0839,-0.0909,0.6634,Dark,Experiment session started
0.0345,5.5290,7.2140,0.0000,0.0000,-0.2477,-0.4361,0.8651,-0.5100,-0.4000,0.7615,-0.3811,-0.4397,0.8133,-0.0845,-0.0907,0.6632,Dark,Experiment session started
0.0456,5.5230,7.0777,0.0000,0.0000,-0.2476,-0.4370,0.8647,-0.5031,-0.4025,0.7648,-0.3772,-0.4407,0.8146,-0.0851,-0.0903,0.6627,Dark,Experiment session started
0.0568,5.6168,7.0643,0.0000,0.0000,-0.3216,-0.4261,0.8456,-0.5621,-0.3847,0.7322,-0.4453,-0.4256,0.7878,-0.0856,-0.0899,0.6624,Dark,Experiment session started
0.0684,5.6917,7.0411,0.0000,0.0000,-0.3315,-0.4219,0.8439,-0.5691,-0.3798,0.7292,-0.4539,-0.4209,0.7854,-0.0860,-0.0894,0.6620,Dark,Experiment session started
0.0791,5.7643,7.0321,0.0000,0.0000,-0.3404,-0.4070,0.8476,-0.5752,-0.3650,0.7321,-0.4616,-0.4058,0.7888,-0.0864,-0.0888,0.6617,Dark,Experiment session started
0.0901,5.7693,7.0159,0.0000,0.0000,-0.3549,-0.4006,0.8447,-0.5861,-0.3577,0.7270,-0.4745,-0.3988,0.7847,-0.0867,-0.0883,0.6614,Dark,Experiment session started
0.1013,5.7410,7.0017,0.0000,0.0000,-0.3663,-0.3956,0.8422,-0.5947,-0.3521,0.7228,-0.4846,-0.3934,0.7813,-0.0871,-0.0876,0.6610,Dark,Experiment session started
0.1128,5.6728,6.9527,0.0000,0.0000,-0.3765,-0.3939,0.8385,-0.6011,-0.3499,0.7185,-0.4930,-0.3912,0.7772,-0.0875,-0.0871,0.6606,Dark,
0.1240,5.6275,6.8999,0.0000,0.0000,-0.3588,-0.4018,0.8425,-0.5874,-0.3593,0.7252,-0.4769,-0.4000,0.7827,-0.0879,-0.0866,0.6601,Dark,
0.1346,5.5950,6.8583,0.0000,0.0000,-0.3816,-0.3909,0.8376,-0.6052,-0.3473,0.7163,-0.4975,-0.3883,0.7757,-0.0884,-0.0860,0.6593,Dark,
0.1458,5.4173,6.5220,0.0000,0.0000,-0.3547,-0.3956,0.8471,-0.5819,-0.3551,0.7316,-0.4717,-0.3946,0.7885,-0.0889,-0.0854,0.6586,Dark,
0.1571,5.4554,6.2828,0.0000,0.0000,-0.3496,-0.3855,0.8539,-0.5783,-0.3462,0.7387,-0.4673,-0.3852,0.7958,-0.0895,-0.0848,0.6578,Dark,
0.1684,5.4554,6.0955,0.0000,0.0000,-0.3793,-0.3918,0.8383,-0.6018,-0.3500,0.7179,-0.4942,-0.3899,0.7770,-0.0900,-0.0842,0.6567,Dark,
0.1795,5.4554,7.6914,0.0000,0.0000,-0.3614,-0.3862,0.8487,-0.5885,-0.3474,0.7301,-0.4782,-0.3861,0.7888,-0.0906,-0.0838,0.6557,Dark,
0.1933,5.4554,7.6914,0.0000,0.2000,-0.3738,-0.3873,0.8428,-0.5987,-0.3482,0.7213,-0.4896,-0.3871,0.7813,-0.0914,-0.0834,0.6546,Dark,
0.2019,5.4554,7.6914,0.2000,0.2000,-0.3762,-0.3858,0.8424,-0.6011,-0.3473,0.7198,-0.4919,-0.3859,0.7805,-0.0920,-0.0830,0.6536,Dark,
0.2130,5.4554,7.6914,0.3600,0.1746,-0.3799,-0.3851,0.8411,-0.6046,-0.3465,0.7172,-0.4955,-0.3852,0.7785,-0.0927,-0.0825,0.6525,Dark,
0.2243,5.4554,7.6914,0.3600,0.1746,-0.3838,-0.3851,0.8393,-0.6079,-0.3471,0.7141,-0.4991,-0.3855,0.7761,-0.0936,-0.0822,0.6514,Dark,
0.2354,5.4554,7.6914,0.3600,0.1746,-0.3895,-0.3874,0.8356,-0.6127,-0.3506,0.7083,-0.5042,-0.3884,0.7713,-0.0942,-0.0819,0.6504,Dark,
0.2460,5.4554,7.6914,0.2880,0.1746,-0.3955,-0.3911,0.8311,-0.6177,-0.3542,0.7021,-0.5096,-0.3921,0.7659,-0.0949,-0.0817,0.6491,Dark,
0.2572,5.4554,6.0983,0.2304,0.1397,-0.4050,-0.3988,0.8228,-0.6255,-0.3612,0.6916,-0.5182,-0.3994,0.7563,-0.0957,-0.0816,0.6479,Dark,
0.2683,5.4076,6.1130,0.1843,0.1117,-0.4061,-0.4089,0.8173,-0.6243,-0.3717,0.6871,-0.5178,-0.4095,0.7511,-0.0965,-0.0814,0.6463,Dark,
0.2797,5.3268,6.2183,0.1475,0.0894,-0.3984,-0.4248,0.8129,-0.6144,-0.3888,0.6866,-0.5085,-0.4256,0.7485,-0.0972,-0.0816,0.6447,Dark,
0.2906,5.2696,6.2827,0.0944,0.0572,-0.3965,-0.4351,0.8084,-0.6112,-0.3992,0.6834,-0.5057,-0.4358,0.7445,-0.0979,-0.0817,0.6431,Dark,
0.3022,5.2109,6.3423,0.0755,0.0458,-0.3963,-0.4436,0.8038,-0.6085,-0.4078,0.6807,-0.5040,-0.4441,0.7408,-0.0985,-0.0816,0.6415,Dark,
0.3141,5.2063,6.3492,0.0483,0.0293,-0.4050,-0.4466,0.7978,-0.6151,-0.4093,0.6738,-0.5116,-0.4462,0.7342,-0.0991,-0.0816,0.6400,Dark,
0.3244,5.2081,6.3312,0.0387,0.0234,-0.4109,-0.4491,0.7934,-0.6192,-0.4111,0.6690,-0.5166,-0.4482,0.7295,-0.0997,-0.0815,0.6386,Dark,
0.3357,5.2018,6.2764,0.0387,0.0234,-0.4240,-0.4480,0.7871,-0.6286,-0.4088,0.6616,-0.5280,-0.4463,0.7225,-0.1002,-0.0812,0.6373,Dark,
0.3463,5.1912,6.2448,0.0309,0.0187,-0.4289,-0.4487,0.7840,-0.6325,-0.4087,0.6579,-0.5324,-0.4466,0.7191,-0.1008,-0.0811,0.6362,Dark,
0.3636,5.1644,6.1776,0.0198,0.0120,-0.4436,-0.4335,0.7844,-0.6433,-0.3930,0.6571,-0.5453,-0.4309,0.7190,-0.1013,-0.0810,0.6351,Dark,
0.3685,5.1505,6.1428,0.0158,0.0096,-0.4321,-0.4283,0.7936,-0.6333,-0.3895,0.6688,-0.5343,-0.4266,0.7298,-0.1017,-0.0806,0.6341,Dark,
0.3807,5.1423,6.1163,0.0101,0.0061,-0.4164,-0.4260,0.8032,-0.6203,-0.3890,0.6811,-0.5196,-0.4253,0.7411,-0.1021,-0.0803,0.6332,Dark,
0.3908,5.1372,6.0950,0.0081,0.0049,-0.4051,-0.4235,0.8103,-0.6097,-0.3883,0.6911,-0.5083,-0.4236,0.7498,-0.1024,-0.0799,0.6324,Dark,
0.4019,5.1322,6.0774,0.0081,0.0049,-0.3908,-0.4203,0.8189,-0.5962,-0.3868,0.7035,-0.4941,-0.4211,0.7606,-0.1027,-0.0795,0.6314,Dark,
0.4132,5.1361,6.0777,0.0065,0.0039,-0.3853,-0.4188,0.8223,-0.5914,-0.3859,0.7081,-0.4887,-0.4199,0.7647,-0.1029,-0.0793,0.6304,Dark,
0.4247,5.1395,6.0878,0.0042,0.0025,-0.3812,-0.4173,0.8250,-0.5865,-0.3858,0.7122,-0.4840,-0.4190,0.7682,-0.1031,-0.0791,0.6293,Dark,
0.4358,5.1925,6.1306,0.0033,0.0020,-0.3750,-0.4153,0.8288,-0.5792,-0.3858,0.7181,-0.4769,-0.4179,0.7732,-0.1033,-0.0786,0.6281,Dark,
0.4470,5.2308,6.1582,0.0027,0.0016,-0.3769,-0.4147,0.8283,-0.5804,-0.3849,0.7177,-0.4784,-0.4171,0.7728,-0.1035,-0.0785,0.6270,Dark,
0.4577,5.2612,6.1832,0.0017,0.0010,-0.3785,-0.4156,0.8270,-0.5805,-0.3852,0.7174,-0.4793,-0.4176,0.7720,-0.1036,-0.0784,0.6258,Dark,
0.4688,5.3029,6.2373,0.0014,0.0008,-0.3785,-0.4168,0.8264,-0.5781,-0.3858,0.7190,-0.4780,-0.4182,0.7724,-0.1037,-0.0784,0.6244,Dark,
0.4801,5.3135,6.2638,0.0011,0.0007,-0.3881,-0.4178,0.8215,-0.5854,-0.3855,0.7132,-0.4866,-0.4184,0.7669,-0.1038,-0.0783,0.6231,Dark,
0.4910,5.3199,6.2758,0.0007,0.0004,-0.3981,-0.4186,0.8163,-0.5925,-0.3854,0.7074,-0.4953,-0.4185,0.7613,-0.1040,-0.0781,0.6219,Dark,
0.5022,5.3486,6.2891,0.0006,0.0003,-0.4151,-0.4182,0.8080,-0.6040,-0.3838,0.6985,-0.5097,-0.4172,0.7524,-0.1043,-0.0777,0.6208,Dark,
0.5135,5.3531,6.2911,0.0004,0.0003,-0.4225,-0.4176,0.8044,-0.6087,-0.3825,0.6951,-0.5158,-0.4160,0.7489,-0.1046,-0.0775,0.6197,Dark,
0.5246,5.3559,6.2909,0.0003,0.0002,-0.4310,-0.4177,0.7999,-0.6142,-0.3822,0.6904,-0.5229,-0.4157,0.7442,-0.1049,-0.0774,0.6190,Dark,
0.5356,5.3785,6.3097,0.0002,0.0001,-0.4414,-0.4178,0.7941,-0.6202,-0.3823,0.6850,-0.5311,-0.4155,0.7385,-0.1052,-0.0772,0.6178,Dark,
0.5468,5.3935,6.3250,0.0002,0.0001,-0.4462,-0.4191,0.7907,-0.6233,-0.3839,0.6813,-0.5351,-0.4168,0.7348,-0.1055,-0.0771,0.6168,Dark,
0.5579,5.4060,6.3560,0.0001,0.0001,-0.4507,-0.4208,0.7873,-0.6259,-0.3859,0.6777,-0.5386,-0.4185,0.7313,-0.1059,-0.0770,0.6158,Dark,
0.5690,5.4560,6.4286,0.0001,0.0001,-0.4590,-0.4227,0.7814,-0.6311,-0.3878,0.6718,-0.5453,-0.4202,0.7253,-0.1061,-0.0769,0.6148,Dark,
0.5802,5.4833,6.4655,0.0001,0.0000,-0.4645,-0.4241,0.7774,-0.6350,-0.3892,0.6673,-0.5500,-0.4215,0.7210,-0.1066,-0.0767,0.6138,Dark,
0.5916,5.5181,6.5299,0.0001,0.0000,-0.4712,-0.4245,0.7732,-0.6390,-0.3895,0.6633,-0.5554,-0.4217,0.7168,-0.1071,-0.0765,0.6128,Dark,
0.6024,5.5481,6.5901,0.0000,0.0000,-0.4389,-0.4402,0.7833,-0.6105,-0.4082,0.6787,-0.5244,-0.4389,0.7297,-0.1077,-0.0762,0.6116,Dark,
0.6136,5.5695,6.6363,0.0000,0.0000,-0.4624,-0.4317,0.7745,-0.6302,-0.3979,0.6668,-0.5463,-0.4293,0.7192,-0.1083,-0.0760,0.6106,Dark,
0.6248,5.6445,6.7093,0.0000,0.0000,-0.4331,-0.4540,0.7787,-0.6048,-0.4230,0.6748,-0.5184,-0.4531,0.7252,-0.1089,-0.0760,0.6095,Dark,
0.6359,5.6874,6.7381,0.0000,0.0000,-0.4146,-0.4721,0.7780,-0.5887,-0.4432,0.6760,-0.5007,-0.4724,0.7254,-0.1094,-0.0760,0.6083,Dark,
0.6471,5.7193,6.7643,0.0000,0.0000,-0.3956,-0.4929,0.7750,-0.5714,-0.4668,0.6750,-0.4820,-0.4945,0.7233,-0.1100,-0.0760,0.6069,Dark,
0.6582,5.7845,6.8066,0.0000,0.0000,-0.3706,-0.5194,0.7700,-0.5482,-0.4965,0.6730,-0.4573,-0.5225,0.7196,-0.1105,-0.0760,0.6057,Dark,
0.6693,5.8012,6.8272,0.0000,0.0000,-0.3609,-0.5310,0.7667,-0.5394,-0.5099,0.6701,-0.4478,-0.5349,0.7165,-0.1109,-0.0759,0.6045,Dark,
0.6804,5.8121,6.8135,0.0000,0.0000,-0.3549,-0.5384,0.7643,-0.5338,-0.5185,0.6680,-0.4418,-0.5429,0.7142,-0.1113,-0.0755,0.6033,Dark,
0.6918,5.7986,6.7807,0.0000,0.0000,-0.3504,-0.5444,0.7621,-0.5295,-0.5256,0.6659,-0.4373,-0.5494,0.7120,-0.1117,-0.0753,0.6022,Dark,
0.7029,5.7789,6.7639,0.0000,0.0000,-0.3510,-0.5453,0.7612,-0.5305,-0.5270,0.6640,-0.4380,-0.5506,0.7106,-0.1120,-0.0750,0.6010,Dark,
0.7139,5.7632,6.7378,0.0000,0.0000,-0.3535,-0.5449,0.7603,-0.5330,-0.5269,0.6620,-0.4405,-0.5505,0.7092,-0.1124,-0.0747,0.6000,Dark,
0.7250,5.7321,6.6885,0.0000,0.0000,-0.3512,-0.5472,0.7597,-0.5310,-0.5298,0.6613,-0.4383,-0.5531,0.7085,-0.1128,-0.0743,0.5992,Dark,
0.7361,5.7072,6.6642,0.0000,0.0000,-0.3581,-0.5393,0.7622,-0.5380,-0.5216,0.6622,-0.4453,-0.5451,0.7103,-0.1131,-0.0737,0.5983,Dark,
0.7475,5.6881,6.6408,0.0000,0.0000,-0.3588,-0.5348,0.7650,-0.5385,-0.5177,0.6649,-0.4460,-0.5409,0.7132,-0.1134,-0.0734,0.5975,Dark,
0.7584,5.6475,6.6066,0.0000,0.0000,-0.3625,-0.5261,0.7693,-0.5414,-0.5093,0.6689,-0.4493,-0.5323,0.7174,-0.1136,-0.0730,0.5966,Dark,
0.7695,5.6271,6.5949,0.0000,0.0000,-0.3651,-0.5202,0.7721,-0.5434,-0.5039,0.6714,-0.4516,-0.5267,0.7202,-0.1139,-0.0725,0.5957,Dark,
0.7807,5.5930,6.5914,0.0000,0.0000,-0.3693,-0.5113,0.7760,-0.5469,-0.4953,0.6750,-0.4555,-0.5179,0.7241,-0.1140,-0.0718,0.5951,Dark,
0.7919,5.5782,6.5778,0.0000,0.0000,-0.3700,-0.5067,0.7787,-0.5470,-0.4914,0.6778,-0.4559,-0.5136,0.7269,-0.1142,-0.0711,0.5945,Dark,
0.8031,5.5528,6.5670,0.0000,0.0000,-0.3707,-0.5015,0.7817,-0.5471,-0.4867,0.6810,-0.4563,-0.5086,0.7301,-0.1143,-0.0703,0.5938,Dark,
0.8141,5.5219,6.5492,0.0000,0.0000,-0.3719,-0.4935,0.7862,-0.5466,-0.4794,0.6866,-0.4567,-0.5008,0.7353,-0.1145,-0.0695,0.5932,Dark,
0.8253,5.5146,6.5464,0.0000,0.0000,-0.3731,-0.4877,0.7893,-0.5468,-0.4741,0.6901,-0.4574,-0.4952,0.7386,-0.1147,-0.0687,0.5926,Dark,
0.8363,5.5118,6.5457,0.0000,0.0000,-0.3743,-0.4828,0.7917,-0.5472,-0.4698,0.6927,-0.4582,-0.4905,0.7412,-0.1149,-0.0680,0.5918,Dark,
0.8475,5.5065,6.5785,0.0000,0.0000,-0.3756,-0.4763,0.7950,-0.5472,-0.4640,0.6966,-0.4588,-0.4843,0.7449,-0.1151,-0.0674,0.5910,Dark,
0.8588,5.5023,6.5965,0.0000,0.0000,-0.3779,-0.4722,0.7964,-0.5489,-0.4604,0.6977,-0.4608,-0.4804,0.7462,-0.1155,-0.0667,0.5902,Dark,
0.8697,5.5021,6.6102,0.0000,0.0000,-0.3799,-0.4688,0.7974,-0.5505,-0.4573,0.6985,-0.4627,-0.4771,0.7472,-0.1159,-0.0661,0.5892,Dark,
0.8808,5.5070,6.6334,0.0000,0.0000,-0.3827,-0.4654,0.7981,-0.5526,-0.4541,0.6989,-0.4651,-0.4739,0.7478,-0.1164,-0.0655,0.5885,Dark,
0.8922,5.5115,6.6547,0.0000,0.0000,-0.3855,-0.4610,0.7993,-0.5552,-0.4498,0.6996,-0.4678,-0.4695,0.7488,-0.1169,-0.0649,0.5878,Dark,
0.9031,5.5085,6.6716,0.0000,0.0000,-0.3884,-0.4565,0.8005,-0.5576,-0.4454,0.7005,-0.4705,-0.4650,0.7499,-0.1172,-0.0644,0.5871,Dark,
0.9143,5.5093,6.6855,0.0000,0.0000,-0.3923,-0.4504,0.8020,-0.5614,-0.4394,0.7012,-0.4744,-0.4590,0.7511,-0.1177,-0.0638,0.5864,Dark,
0.9256,5.5125,6.6834,0.0000,0.0000,-0.3954,-0.4440,0.8041,-0.5645,-0.4332,0.7026,-0.4775,-0.4528,0.7530,-0.1182,-0.0631,0.5859,Dark,
0.9366,5.5131,6.6801,0.0000,0.0000,-0.3993,-0.4378,0.8056,-0.5684,-0.4270,0.7033,-0.4815,-0.4466,0.7541,-0.1187,-0.0624,0.5854,Dark,
0.9477,5.5036,6.6676,0.0000,0.0000,-0.4039,-0.4254,0.8098,-0.5731,-0.4155,0.7063,-0.4862,-0.4348,0.7580,-0.1194,-0.0613,0.5850,Dark,
0.9591,5.4942,6.6509,0.0000,0.0000,-0.4090,-0.4154,0.8125,-0.5778,-0.4061,0.7079,-0.4911,-0.4251,0.7603,-0.1202,-0.0601,0.5848,Dark,
0.9700,5.4782,6.6377,0.0000,0.0000,-0.4135,-0.4072,0.8144,-0.5823,-0.3985,0.7086,-0.4956,-0.4172,0.7618,-0.1207,-0.0591,0.5844,Dark,
0.9815,5.4516,6.5854,0.0000,0.0000,-0.4145,-0.4034,0.8157,-0.5835,-0.3954,0.7094,-0.4968,-0.4138,0.7629,-0.1215,-0.0582,0.5841,Dark,
0.9924,5.4415,6.5655,0.0000,0.0000,-0.4155,-0.4000,0.8169,-0.5847,-0.3924,0.7101,-0.4978,-0.4106,0.7639,-0.1224,-0.0576,0.5836,Dark,
1.0034,5.4277,6.5515,0.0000,0.0000,-0.4218,-0.4003,0.8136,-0.5899,-0.3924,0.7057,-0.5036,-0.4107,0.7600,-0.1231,-0.0571,0.5829,Dark,
1.0145,5.3558,6.2376,0.0000,0.0000,-0.4088,-0.3719,0.8334,-0.5673,-0.3666,0.7374,-0.4857,-0.3825,0.7860,-0.1239,-0.0568,0.5823,Dark,
1.0257,5.3056,6.1818,0.0000,0.0000,-0.4141,-0.3711,0.8311,-0.5668,-0.3663,0.7379,-0.4881,-0.3814,0.7850,-0.1248,-0.0567,0.5816,Dark,
1.0368,5.1844,6.1228,0.0000,0.0000,-0.4414,-0.3497,0.8263,-0.5775,-0.3447,0.7401,-0.5075,-0.3585,0.7835,-0.1256,-0.0567,0.5808,Dark,
1.0480,5.1467,6.1197,0.0000,0.0000,-0.4406,-0.3626,0.8212,-0.5695,-0.3587,0.7396,-0.5030,-0.3713,0.7805,-0.1265,-0.0568,0.5800,Dark,
1.0592,5.2130,6.2301,0.0000,0.0000,-0.4829,-0.3596,0.7984,-0.6074,-0.3536,0.7113,-0.5434,-0.3672,0.7549,-0.1275,-0.0570,0.5792,Dark,
1.0702,5.3269,6.3782,0.0000,0.0000,-0.4790,-0.3564,0.8022,-0.6023,-0.3511,0.7170,-0.5389,-0.3642,0.7596,-0.1283,-0.0572,0.5785,Dark,
1.0813,5.3637,6.4282,0.0000,0.0000,-0.5186,-0.3884,0.7617,-0.6376,-0.3804,0.6699,-0.5765,-0.3948,0.7154,-0.1293,-0.0575,0.5778,Dark,
1.0926,5.3870,6.4625,0.0000,0.0000,-0.5070,-0.3707,0.7782,-0.6281,-0.3639,0.6878,-0.5659,-0.3778,0.7328,-0.1302,-0.0577,0.5771,Dark,
1.1037,5.3908,6.5166,0.0000,0.0000,-0.5283,-0.3987,0.7496,-0.6484,-0.3899,0.6539,-0.5868,-0.4050,0.7012,-0.1312,-0.0578,0.5766,Dark,
1.1147,5.3799,6.5353,0.0000,0.0000,-0.5309,-0.4001,0.7470,-0.6517,-0.3912,0.6498,-0.5898,-0.4065,0.6978,-0.1322,-0.0579,0.5761,Dark,
1.1260,5.3720,6.5496,0.0000,0.0000,-0.5403,-0.3953,0.7429,-0.6610,-0.3859,0.6435,-0.5992,-0.4015,0.6927,-0.1331,-0.0581,0.5756,Dark,
1.1371,5.3839,6.5785,0.0000,0.0000,-0.5338,-0.4004,0.7448,-0.6580,-0.3913,0.6434,-0.5943,-0.4070,0.6936,-0.1340,-0.0583,0.5752,Dark,
1.1482,5.3913,6.5892,0.0000,0.0000,-0.5332,-0.4008,0.7450,-0.6588,-0.3917,0.6423,-0.5945,-0.4076,0.6932,-0.1347,-0.0585,0.5750,Dark,
1.1594,5.3978,6.5963,0.0000,0.0000,-0.5446,-0.4059,0.7339,-0.6697,-0.3958,0.6284,-0.6057,-0.4123,0.6806,-0.1354,-0.0586,0.5748,Dark,
1.1705,5.4106,6.6146,0.0000,0.0000,-0.5399,-0.4060,0.7373,-0.6679,-0.3961,0.6301,-0.6024,-0.4128,0.6832,-0.1358,-0.0587,0.5747,Dark,
1.1816,5.4129,6.6220,0.0000,0.0000,-0.5371,-0.4060,0.7394,-0.6664,-0.3965,0.6315,-0.6002,-0.4131,0.6849,-0.1363,-0.0588,0.5746,Dark,
1.1928,5.4144,6.6267,0.0000,0.0000,-0.5338,-0.4052,0.7422,-0.6644,-0.3960,0.6338,-0.5976,-0.4125,0.6875,-0.1367,-0.0588,0.5745,Dark,
1.2040,5.4183,6.6424,0.0000,0.0000,-0.5292,-0.4024,0.7470,-0.6623,-0.3936,0.6376,-0.5942,-0.4101,0.6919,-0.1371,-0.0587,0.5744,Dark,
1.2151,5.4206,6.6428,0.0000,0.0000,-0.5263,-0.4002,0.7502,-0.6607,-0.3916,0.6405,-0.5920,-0.4081,0.6950,-0.1374,-0.0585,0.5744,Dark,
1.2262,5.4216,6.6426,0.0000,0.0000,-0.5237,-0.3980,0.7532,-0.6592,-0.3897,0.6432,-0.5899,-0.4062,0.6979,-0.1377,-0.0583,0.5743,Dark,
1.2373,5.4238,6.6404,0.0000,0.0000,-0.5206,-0.3948,0.7570,-0.6579,-0.3869,0.6461,-0.5877,-0.4034,0.7013,-0.1380,-0.0582,0.5743,Dark,
1.2484,5.4247,6.6450,0.0000,0.0000,-0.5186,-0.3923,0.7597,-0.6569,-0.3849,0.6484,-0.5862,-0.4011,0.7039,-0.1382,-0.0580,0.5742,Dark,
1.2597,5.4289,6.6494,0.0000,0.0000,-0.5175,-0.3888,0.7622,-0.6565,-0.3817,0.6506,-0.5855,-0.3979,0.7063,-0.1384,-0.0576,0.5742,Dark,
1.2708,5.4389,6.6595,0.0000,0.0000,-0.5175,-0.3846,0.7644,-0.6577,-0.3775,0.6519,-0.5861,-0.3938,0.7081,-0.1387,-0.0572,0.5743,Dark,
1.2819,5.4440,6.6612,0.0000,0.0000,-0.5170,-0.3806,0.7667,-0.6579,-0.3737,0.6538,-0.5861,-0.3900,0.7103,-0.1389,-0.0567,0.5743,Dark,
1.2930,5.4473,6.6618,0.0000,0.0000,-0.5168,-0.3775,0.7684,-0.6581,-0.3706,0.6554,-0.5861,-0.3869,0.7119,-0.1390,-0.0564,0.5744,Dark,
1.3042,5.4522,6.6738,0.0000,0.0000,-0.5173,-0.3746,0.7695,-0.6594,-0.3676,0.6557,-0.5870,-0.3840,0.7127,-0.1390,-0.0559,0.5743,Dark,
1.3154,5.4541,6.6865,0.0000,0.0000,-0.5175,-0.3724,0.7704,-0.6601,-0.3654,0.6563,-0.5875,-0.3819,0.7135,-0.1391,-0.0557,0.5743,Dark,
1.3265,5.4625,6.6969,0.0000,0.0000,-0.5179,-0.3708,0.7709,-0.6609,-0.3636,0.6565,-0.5881,-0.3803,0.7138,-0.1391,-0.0555,0.5743,Dark,
1.3377,5.4849,6.7121,0.0000,0.0000,-0.5189,-0.3701,0.7706,-0.6626,-0.3626,0.6553,-0.5895,-0.3795,0.7131,-0.1391,-0.0554,0.5741,Dark,
1.3487,5.4971,6.7175,0.0000,0.0000,-0.5192,-0.3696,0.7706,-0.6636,-0.3620,0.6547,-0.5902,-0.3790,0.7128,-0.1391,-0.0553,0.5740,Dark,
1.3599,5.5103,6.7210,0.0000,0.0000,-0.5195,-0.3699,0.7702,-0.6644,-0.3622,0.6537,-0.5908,-0.3793,0.7121,-0.1389,-0.0554,0.5738,Dark,
1.3711,5.5336,6.7400,0.0000,0.0000,-0.5195,-0.3707,0.7699,-0.6659,-0.3628,0.6519,-0.5915,-0.3802,0.7110,-0.1388,-0.0555,0.5735,Dark,
1.3820,5.5438,6.7453,0.0000,0.0000,-0.5178,-0.3713,0.7707,-0.6653,-0.3634,0.6522,-0.5904,-0.3809,0.7116,-0.1385,-0.0557,0.5733,Dark,
1.3932,5.5457,6.7490,0.0000,0.0000,-0.5153,-0.3724,0.7719,-0.6638,-0.3644,0.6531,-0.5884,-0.3820,0.7127,-0.1382,-0.0560,0.5730,Dark,
1.4045,5.5586,6.7592,0.0000,0.0000,-0.5104,-0.3730,0.7748,-0.6613,-0.3649,0.6554,-0.5847,-0.3828,0.7153,-0.1379,-0.0562,0.5727,Dark,
1.4156,5.5682,6.7623,0.0000,0.0000,-0.5074,-0.3732,0.7767,-0.6595,-0.3649,0.6572,-0.5822,-0.3829,0.7172,-0.1376,-0.0563,0.5724,Dark,
1.4266,5.5694,6.7648,0.0000,0.0000,-0.5043,-0.3727,0.7790,-0.6575,-0.3644,0.6595,-0.5797,-0.3825,0.7195,-0.1373,-0.0564,0.5722,Dark,
1.4380,5.5780,6.7889,0.0000,0.0000,-0.4985,-0.3723,0.7829,-0.6539,-0.3643,0.6631,-0.5750,-0.3824,0.7233,-0.1370,-0.0562,0.5720,Dark,
1.4489,5.5834,6.8071,0.0000,0.0000,-0.4903,-0.3732,0.7876,-0.6469,-0.3660,0.6690,-0.5673,-0.3837,0.7287,-0.1366,-0.0561,0.5717,Dark,
1.4601,5.5904,6.8216,0.0000,0.0000,-0.4836,-0.3737,0.7915,-0.6417,-0.3670,0.6735,-0.5612,-0.3845,0.7329,-0.1363,-0.0560,0.5715,Dark,
1.4713,5.6016,6.8190,0.0000,0.0000,-0.4709,-0.3764,0.7978,-0.6317,-0.3707,0.6808,-0.5497,-0.3879,0.7399,-0.1360,-0.0558,0.5712,Dark,
1.4823,5.6049,6.8294,0.0000,0.0000,-0.4654,-0.3778,0.8004,-0.6274,-0.3725,0.6838,-0.5447,-0.3895,0.7427,-0.1357,-0.0555,0.5709,Dark,
1.4935,5.6226,6.8428,0.0000,0.0000,-0.4567,-0.3793,0.8047,-0.6209,-0.3745,0.6886,-0.5370,-0.3913,0.7473,-0.1355,-0.0552,0.5706,Dark,
1.5046,5.6238,6.8476,0.0000,0.0000,-0.4541,-0.3797,0.8060,-0.6190,-0.3750,0.6900,-0.5347,-0.3918,0.7487,-0.1353,-0.0546,0.5703,Dark,
1.5157,5.6244,6.8592,0.0000,0.0000,-0.4525,-0.3798,0.8068,-0.6181,-0.3751,0.6908,-0.5334,-0.3920,0.7495,-0.1352,-0.0540,0.5701,Dark,
1.5268,5.6268,6.8666,0.0000,0.0000,-0.4486,-0.3800,0.8089,-0.6155,-0.3754,0.6930,-0.5301,-0.3923,0.7517,-0.1351,-0.0535,0.5699,Dark,
1.5381,5.6228,6.8656,0.0000,0.0000,-0.4478,-0.3797,0.8095,-0.6151,-0.3749,0.6936,-0.5295,-0.3919,0.7523,-0.1350,-0.0529,0.5697,Dark,
1.5492,5.6198,6.8654,0.0000,0.0000,-0.4480,-0.3795,0.8095,-0.6156,-0.3744,0.6935,-0.5299,-0.3916,0.7523,-0.1350,-0.0523,0.5695,Dark,
1.5603,5.6252,6.8662,0.0000,0.0000,-0.4452,-0.3801,0.8108,-0.6133,-0.3750,0.6951,-0.5273,-0.3922,0.7537,-0.1349,-0.0518,0.5693,Dark,
1.5716,5.6338,6.8680,0.0000,0.0000,-0.4447,-0.3805,0.8108,-0.6130,-0.3751,0.6953,-0.5269,-0.3925,0.7539,-0.1348,-0.0513,0.5691,Dark,
1.5825,5.6412,6.8733,0.0000,0.0000,-0.4440,-0.3812,0.8109,-0.6124,-0.3757,0.6956,-0.5262,-0.3931,0.7540,-0.1348,-0.0509,0.5688,Dark,
1.5937,5.6682,6.8862,0.0000,0.0000,-0.4428,-0.3820,0.8111,-0.6113,-0.3764,0.6961,-0.5251,-0.3939,0.7544,-0.1348,-0.0505,0.5686,Dark,
1.6049,5.6768,6.8929,0.0000,0.0000,-0.4415,-0.3833,0.8113,-0.6102,-0.3775,0.6965,-0.5239,-0.3951,0.7546,-0.1348,-0.0499,0.5683,Dark,
1.6160,5.6828,6.8983,0.0000,0.0000,-0.4399,-0.3849,0.8114,-0.6086,-0.3791,0.6970,-0.5222,-0.3967,0.7549,-0.1349,-0.0496,0.5680,Dark,
1.6274,5.6909,6.9042,0.0000,0.0000,-0.4366,-0.3870,0.8122,-0.6056,-0.3813,0.6984,-0.5191,-0.3988,0.7560,-0.1349,-0.0493,0.5676,Dark,
1.6394,5.6922,6.9053,0.0000,0.0000,-0.4345,-0.3888,0.8124,-0.6036,-0.3833,0.6991,-0.5169,-0.4007,0.7565,-0.1349,-0.0490,0.5671,Dark,
1.6495,5.6887,6.9053,0.0000,0.0000,-0.4325,-0.3900,0.8129,-0.6018,-0.3847,0.6999,-0.5150,-0.4020,0.7571,-0.1349,-0.0488,0.5667,Dark,
1.6607,5.6976,6.9117,0.0000,0.0000,-0.4310,-0.3905,0.8135,-0.6004,-0.3855,0.7007,-0.5135,-0.4027,0.7578,-0.1350,-0.0487,0.5662,Dark,
1.6718,5.7007,6.9143,0.0000,0.0000,-0.4292,-0.3913,0.8141,-0.5987,-0.3867,0.7015,-0.5117,-0.4036,0.7585,-0.1351,-0.0486,0.5655,Dark,
1.6831,5.7045,6.9206,0.0000,0.0000,-0.4268,-0.3915,0.8152,-0.5965,-0.3874,0.7030,-0.5094,-0.4040,0.7598,-0.1351,-0.0487,0.5650,Dark,
1.6941,5.7091,6.9238,0.0000,0.0000,-0.4253,-0.3915,0.8160,-0.5951,-0.3876,0.7040,-0.5079,-0.4042,0.7607,-0.1353,-0.0488,0.5644,Dark,
1.7054,5.7118,6.9323,0.0000,0.0000,-0.4235,-0.3916,0.8168,-0.5935,-0.3879,0.7052,-0.5062,-0.4044,0.7617,-0.1353,-0.0490,0.5637,Dark,
1.7165,5.7040,6.9230,0.0000,0.0000,-0.4214,-0.3920,0.8178,-0.5917,-0.3881,0.7066,-0.5042,-0.4047,0.7629,-0.1355,-0.0493,0.5631,Dark,
1.7277,5.7021,6.9189,0.0000,0.0000,-0.4192,-0.3921,0.8189,-0.5898,-0.3882,0.7081,-0.5021,-0.4048,0.7642,-0.1355,-0.0496,0.5624,Dark,
1.7386,5.7004,6.9258,0.0000,0.0000,-0.4167,-0.3923,0.8200,-0.5876,-0.3887,0.7097,-0.4998,-0.4051,0.7656,-0.1355,-0.0501,0.5616,Dark,
1.7497,5.6961,6.9319,0.0000,0.0000,-0.4144,-0.3923,0.8212,-0.5855,-0.3890,0.7112,-0.4975,-0.4052,0.7670,-0.1355,-0.0507,0.5606,Dark,
1.7612,5.6959,6.9329,0.0000,0.0000,-0.4131,-0.3927,0.8216,-0.5844,-0.3897,0.7118,-0.4963,-0.4058,0.7674,-0.1356,-0.0513,0.5596,Dark,
1.7720,5.6957,6.9314,0.0000,0.0000,-0.4120,-0.3935,0.8218,-0.5835,-0.3907,0.7120,-0.4953,-0.4067,0.7676,-0.1356,-0.0518,0.5585,Dark,
1.7833,5.7058,6.9270,0.0000,0.0000,-0.4107,-0.3945,0.8220,-0.5824,-0.3916,0.7124,-0.4941,-0.4077,0.7679,-0.1356,-0.0524,0.5574,Dark,
1.7942,5.7141,6.9259,0.0000,0.0000,-0.4093,-0.3958,0.8221,-0.5811,-0.3929,0.7127,-0.4927,-0.4089,0.7681,-0.1357,-0.0531,0.5561,Dark,
1.8054,5.7207,6.9314,0.0000,0.0000,-0.4087,-0.3964,0.8221,-0.5806,-0.3933,0.7129,-0.4921,-0.4095,0.7682,-0.1357,-0.0536,0.5547,Dark,
1.8167,5.7132,6.9304,0.0000,0.0000,-0.4071,-0.3966,0.8228,-0.5793,-0.3935,0.7139,-0.4907,-0.4097,0.7690,-0.1356,-0.0541,0.5533,Dark,
1.8278,5.7093,6.9253,0.0000,0.0000,-0.4065,-0.3967,0.8230,-0.5788,-0.3935,0.7143,-0.4902,-0.4097,0.7693,-0.1356,-0.0546,0.5519,Dark,
1.8390,5.7060,6.9199,0.0000,0.0000,-0.4063,-0.3966,0.8232,-0.5786,-0.3932,0.7145,-0.4899,-0.4096,0.7695,-0.1355,-0.0550,0.5503,Dark,
1.8502,5.6901,6.9061,0.0000,0.0000,-0.4066,-0.3966,0.8231,-0.5790,-0.3929,0.7145,-0.4903,-0.4094,0.7694,-0.1354,-0.0554,0.5487,Dark,
1.8612,5.6895,6.8997,0.0000,0.0000,-0.4069,-0.3967,0.8228,-0.5793,-0.3927,0.7143,-0.4907,-0.4094,0.7692,-0.1354,-0.0558,0.5471,Dark,
1.8723,5.6894,6.9012,0.0000,0.0000,-0.4072,-0.3966,0.8227,-0.5797,-0.3923,0.7142,-0.4910,-0.4091,0.7691,-0.1353,-0.0560,0.5453,Dark,
1.8836,5.6919,6.9002,0.0000,0.0000,-0.4079,-0.3964,0.8225,-0.5804,-0.3918,0.7139,-0.4917,-0.4088,0.7688,-0.1352,-0.0562,0.5435,Dark,
1.8945,5.6908,6.8984,0.0000,0.0000,-0.4083,-0.3962,0.8224,-0.5808,-0.3913,0.7138,-0.4922,-0.4084,0.7687,-0.1350,-0.0564,0.5417,Dark,
1.9057,5.6894,6.8990,0.0000,0.0000,-0.4088,-0.3957,0.8224,-0.5813,-0.3905,0.7138,-0.4927,-0.4078,0.7687,-0.1348,-0.0565,0.5398,Dark,
1.9170,5.6877,6.8992,0.0000,0.0000,-0.4092,-0.3951,0.8225,-0.5817,-0.3898,0.7139,-0.4931,-0.4071,0.7688,-0.1346,-0.0566,0.5379,Dark,
1.9280,5.6865,6.8924,0.0000,0.0000,-0.4098,-0.3941,0.8226,-0.5823,-0.3887,0.7140,-0.4938,-0.4061,0.7689,-0.1345,-0.0567,0.5359,Dark,
1.9390,5.6808,6.8851,0.0000,0.0000,-0.4110,-0.3926,0.8228,-0.5834,-0.3869,0.7141,-0.4949,-0.4045,0.7691,-0.1343,-0.0566,0.5339,Dark,
1.9503,5.6778,6.8818,0.0000,0.0000,-0.4115,-0.3911,0.8232,-0.5840,-0.3853,0.7145,-0.4954,-0.4029,0.7696,-0.1342,-0.0566,0.5320,Dark,
1.9613,5.6867,6.8853,0.0000,0.0000,-0.4119,-0.3890,0.8240,-0.5845,-0.3829,0.7154,-0.4960,-0.4006,0.7704,-0.1340,-0.0565,0.5299,Dark,
1.9724,5.6816,6.8911,0.0000,0.0000,-0.4122,-0.3871,0.8248,-0.5848,-0.3809,0.7162,-0.4963,-0.3987,0.7712,-0.1339,-0.0562,0.5278,Dark,
1.9837,5.6774,6.8958,0.0000,0.0000,-0.4121,-0.3851,0.8258,-0.5848,-0.3788,0.7173,-0.4963,-0.3967,0.7722,-0.1337,-0.0559,0.5257,Dark,
1.9947,5.6693,6.8826,0.0000,0.0000,-0.4127,-0.3833,0.8263,-0.5854,-0.3772,0.7177,-0.4969,-0.3950,0.7727,-0.1336,-0.0555,0.5234,Dark,
2.0058,5.6658,6.8769,0.0000,0.0000,-0.4134,-0.3820,0.8265,-0.5859,-0.3761,0.7178,-0.4975,-0.3938,0.7729,-0.1334,-0.0552,0.5210,Dark,
2.0171,5.6675,6.8717,0.0000,0.0000,-0.4144,-0.3805,0.8267,-0.5868,-0.3748,0.7178,-0.4984,-0.3924,0.7731,-0.1332,-0.0549,0.5185,Dark,
2.0281,5.6721,6.8692,0.0000,0.0000,-0.4155,-0.3790,0.8269,-0.5877,-0.3733,0.7178,-0.4995,-0.3908,0.7732,-0.1330,-0.0547,0.5161,Dark,
2.0395,5.6736,6.8907,0.0000,0.0000,-0.4160,-0.3766,0.8277,-0.5877,-0.3712,0.7189,-0.4997,-0.3886,0.7742,-0.1327,-0.0543,0.5136,Dark,
2.0505,5.6598,6.9086,0.0000,0.0000,-0.4134,-0.3713,0.8314,-0.5863,-0.3664,0.7225,-0.4977,-0.3836,0.7779,-0.1325,-0.0538,0.5112,Dark,
2.0617,5.6413,6.9179,0.0000,0.0000,-0.4004,-0.3506,0.8466,-0.5740,-0.3473,0.7415,-0.4849,-0.3636,0.7954,-0.1323,-0.0533,0.5088,Dark,
2.0727,5.6365,6.9086,0.0000,0.0000,-0.3955,-0.3391,0.8536,-0.5678,-0.3368,0.7511,-0.4793,-0.3524,0.8038,-0.1320,-0.0526,0.5063,Dark,
2.0839,5.6383,6.8990,0.0000,0.0000,-0.3912,-0.3295,0.8593,-0.5628,-0.3279,0.7588,-0.4745,-0.3430,0.8107,-0.1317,-0.0520,0.5038,Dark,
2.0951,5.6415,6.8899,0.0000,0.0000,-0.3845,-0.3167,0.8671,-0.5539,-0.3161,0.7702,-0.4667,-0.3304,0.8204,-0.1314,-0.0514,0.5014,Dark,
2.1062,5.6412,6.8976,0.0000,0.0000,-0.3839,-0.3120,0.8691,-0.5518,-0.3119,0.7734,-0.4653,-0.3258,0.8230,-0.1310,-0.0507,0.4988,Dark,
2.1172,5.6407,6.9050,0.0000,0.0000,-0.3822,-0.3055,0.8721,-0.5492,-0.3060,0.7777,-0.4631,-0.3195,0.8267,-0.1305,-0.0502,0.4962,Dark,
2.1285,5.6350,6.8968,0.0000,0.0000,-0.3815,-0.3010,0.8740,-0.5465,-0.3020,0.7811,-0.4614,-0.3150,0.8294,-0.1300,-0.0497,0.4940,Dark,
2.1397,5.6313,6.8998,0.0000,0.0000,-0.3833,-0.3001,0.8735,-0.5470,-0.3016,0.7809,-0.4626,-0.3142,0.8290,-0.1295,-0.0489,0.4917,Dark,
2.1507,5.6385,6.9019,0.0000,0.0000,-0.3826,-0.2956,0.8754,-0.5454,-0.2975,0.7836,-0.4614,-0.3098,0.8313,-0.1290,-0.0480,0.4896,Dark,
2.1620,5.6475,6.9309,0.0000,0.0000,-0.3845,-0.2962,0.8743,-0.5453,-0.2984,0.7833,-0.4623,-0.3105,0.8306,-0.1284,-0.0473,0.4876,Dark,
2.1729,5.6496,6.9442,0.0000,0.0000,-0.3853,-0.2959,0.8741,-0.5451,-0.2985,0.7835,-0.4626,-0.3102,0.8305,-0.1276,-0.0467,0.4852,Dark,
2.1841,5.6560,6.9537,0.0000,0.0000,-0.3854,-0.2950,0.8743,-0.5444,-0.2981,0.7841,-0.4623,-0.3096,0.8310,-0.1268,-0.0463,0.4830,Dark,
2.1954,5.6714,6.9925,0.0000,0.0000,-0.3863,-0.2948,0.8740,-0.5439,-0.2983,0.7844,-0.4625,-0.3094,0.8309,-0.1259,-0.0458,0.4809,Dark,
2.2063,5.6808,6.9981,0.0000,0.0000,-0.3871,-0.2941,0.8739,-0.5437,-0.2981,0.7845,-0.4628,-0.3089,0.8309,-0.1250,-0.0451,0.4787,Dark,
2.2175,5.6866,7.0017,0.0000,0.0000,-0.3870,-0.2926,0.8744,-0.5431,-0.2970,0.7854,-0.4624,-0.3075,0.8317,-0.1241,-0.0444,0.4768,Dark,
2.2288,5.6947,6.9938,0.0000,0.0000,-0.3865,-0.2915,0.8750,-0.5416,-0.2962,0.7867,-0.4614,-0.3064,0.8326,-0.1231,-0.0438,0.4750,Dark,
2.2398,5.6973,6.9985,0.0000,0.0000,-0.3864,-0.2895,0.8757,-0.5411,-0.2944,0.7877,-0.4611,-0.3045,0.8335,-0.1222,-0.0432,0.4731,Dark,
2.2509,5.6983,7.0033,0.0000,0.0000,-0.3861,-0.2877,0.8764,-0.5406,-0.2928,0.7887,-0.4607,-0.3028,0.8343,-0.1211,-0.0426,0.4714,Dark,
2.2622,5.7024,7.0112,0.0000,0.0000,-0.3856,-0.2862,0.8772,-0.5395,-0.2913,0.7900,-0.4599,-0.3013,0.8353,-0.1200,-0.0420,0.4698,Dark,
2.2732,5.7048,7.0297,0.0000,0.0000,-0.3855,-0.2841,0.8779,-0.5396,-0.2894,0.7907,-0.4599,-0.2992,0.8360,-0.1188,-0.0413,0.4682,Dark,
2.2843,5.7014,7.0441,0.0000,0.0000,-0.3876,-0.2823,0.8775,-0.5409,-0.2876,0.7904,-0.4616,-0.2974,0.8357,-0.1176,-0.0408,0.4666,Dark,
2.2958,5.6824,6.9820,0.0000,0.0000,-0.4125,-0.2760,0.8682,-0.5655,-0.2801,0.7757,-0.4867,-0.2907,0.8238,-0.1163,-0.0402,0.4650,Dark,
2.3065,5.6692,6.9482,0.0000,0.0000,-0.4245,-0.2698,0.8643,-0.5781,-0.2734,0.7688,-0.4992,-0.2844,0.8185,-0.1149,-0.0395,0.4634,Dark,
2.3177,5.6542,6.9207,0.0000,0.0000,-0.4306,-0.2664,0.8623,-0.5839,-0.2697,0.7657,-0.5053,-0.2808,0.8160,-0.1134,-0.0389,0.4620,Dark,
2.3291,5.6429,6.8875,0.0000,0.0000,-0.4417,-0.2597,0.8588,-0.5953,-0.2624,0.7594,-0.5167,-0.2740,0.8111,-0.1118,-0.0383,0.4606,Dark,
2.3400,5.6445,6.8898,0.0000,0.0000,-0.4442,-0.2573,0.8582,-0.5984,-0.2598,0.7579,-0.5196,-0.2715,0.8101,-0.1102,-0.0377,0.4591,Dark,
2.3511,5.6497,6.8998,0.0000,0.0000,-0.4460,-0.2550,0.8579,-0.6008,-0.2571,0.7569,-0.5218,-0.2691,0.8095,-0.1085,-0.0371,0.4578,Dark,
2.3624,5.6632,6.9052,0.0000,0.0000,-0.4445,-0.2537,0.8591,-0.5998,-0.2556,0.7583,-0.5205,-0.2678,0.8108,-0.1068,-0.0365,0.4564,Dark,
2.3734,5.6737,6.9091,0.0000,0.0000,-0.4447,-0.2512,0.8598,-0.6004,-0.2528,0.7587,-0.5210,-0.2651,0.8114,-0.1051,-0.0358,0.4550,Dark,
2.3845,5.6887,6.9178,0.0000,0.0000,-0.4444,-0.2486,0.8606,-0.6008,-0.2500,0.7593,-0.5211,-0.2625,0.8122,-0.1034,-0.0351,0.4537,Dark,
2.3960,5.6898,6.9225,0.0000,0.0000,-0.4415,-0.2472,0.8625,-0.5983,-0.2486,0.7617,-0.5184,-0.2611,0.8143,-0.1017,-0.0345,0.4524,Dark,
2.4068,5.6895,6.9192,0.0000,0.0000,-0.4428,-0.2440,0.8628,-0.5998,-0.2453,0.7616,-0.5198,-0.2579,0.8144,-0.1001,-0.0338,0.4510,Dark,
2.4179,5.6907,6.9162,0.0000,0.0000,-0.4435,-0.2415,0.8631,-0.6006,-0.2424,0.7619,-0.5206,-0.2552,0.8148,-0.0985,-0.0332,0.4497,Dark,
2.4293,5.6870,6.9217,0.0000,0.0000,-0.4424,-0.2400,0.8641,-0.6001,-0.2406,0.7629,-0.5198,-0.2536,0.8158,-0.0969,-0.0326,0.4484,Dark,
2.4404,5.6831,6.9190,0.0000,0.0000,-0.4422,-0.2375,0.8649,-0.6001,-0.2378,0.7638,-0.5198,-0.2509,0.8166,-0.0953,-0.0318,0.4471,Dark,
2.4515,5.6859,6.9154,0.0000,0.0000,-0.4429,-0.2344,0.8654,-0.6012,-0.2344,0.7640,-0.5207,-0.2477,0.8170,-0.0938,-0.0310,0.4458,Dark,
2.4627,5.6868,6.9135,0.0000,0.0000,-0.4433,-0.2305,0.8662,-0.6016,-0.2302,0.7649,-0.5212,-0.2437,0.8179,-0.0923,-0.0300,0.4446,Dark,
2.4736,5.6881,6.9020,0.0000,0.0000,-0.4437,-0.2265,0.8671,-0.6022,-0.2259,0.7657,-0.5218,-0.2396,0.8188,-0.0909,-0.0292,0.4433,Dark,
2.4848,5.6898,6.8977,0.0000,0.0000,-0.4448,-0.2231,0.8674,-0.6034,-0.2219,0.7659,-0.5230,-0.2358,0.8191,-0.0895,-0.0283,0.4421,Dark,
2.4961,5.6941,6.9024,0.0000,0.0000,-0.4452,-0.2199,0.8680,-0.6038,-0.2181,0.7667,-0.5234,-0.2323,0.8198,-0.0882,-0.0275,0.4409,Dark,
2.5072,5.6976,6.9100,0.0000,0.0000,-0.4455,-0.2171,0.8685,-0.6045,-0.2146,0.7672,-0.5240,-0.2292,0.8203,-0.0869,-0.0268,0.4397,Dark,
2.5182,5.7080,6.9218,0.0000,0.0000,-0.4467,-0.2157,0.8683,-0.6058,-0.2123,0.7668,-0.5253,-0.2274,0.8200,-0.0856,-0.0262,0.4384,Dark,
2.5295,5.7060,6.9246,0.0000,0.0000,-0.4477,-0.2152,0.8679,-0.6070,-0.2107,0.7662,-0.5265,-0.2264,0.8195,-0.0845,-0.0257,0.4372,Dark,
2.5406,5.7037,6.9287,0.0000,0.0000,-0.4417,-0.2121,0.8717,-0.5999,-0.2070,0.7728,-0.5199,-0.2228,0.8247,-0.0834,-0.0253,0.4359,Dark,
2.5517,5.6741,6.9124,0.0000,0.0000,-0.3974,-0.1889,0.8980,-0.5538,-0.1848,0.8119,-0.4742,-0.1995,0.8575,-0.0823,-0.0248,0.4347,Dark,
2.5629,5.6647,6.8963,0.0000,0.0000,-0.3705,-0.1705,0.9130,-0.5283,-0.1657,0.8328,-0.4478,-0.1806,0.8757,-0.0815,-0.0245,0.4336,Dark,
2.5740,5.6582,6.8832,0.0000,0.0000,-0.4034,-0.1883,0.8954,-0.5594,-0.1813,0.8088,-0.4803,-0.1975,0.8546,-0.0807,-0.0241,0.4326,Dark,
2.5851,5.6453,6.8667,0.0000,0.0000,-0.3653,-0.1612,0.9168,-0.5193,-0.1539,0.8406,-0.4409,-0.1697,0.8814,-0.0801,-0.0238,0.4316,Dark,
2.5964,5.6429,6.8436,0.0000,0.0000,-0.3533,-0.1502,0.9234,-0.5016,-0.1422,0.8533,-0.4260,-0.1578,0.8909,-0.0796,-0.0237,0.4307,Dark,
2.6100,5.6216,6.8095,0.0000,0.0000,-0.3457,-0.1378,0.9282,-0.4844,-0.1291,0.8653,-0.4136,-0.1442,0.8990,-0.0793,-0.0237,0.4297,Dark,
2.6184,5.6180,6.7958,0.0000,0.0000,-0.3361,-0.1318,0.9326,-0.4713,-0.1222,0.8735,-0.4023,-0.1375,0.9051,-0.0790,-0.0237,0.4289,Dark,
2.6296,5.6162,6.7681,0.0000,0.0000,-0.3505,-0.1359,0.9267,-0.4816,-0.1253,0.8674,-0.4148,-0.1408,0.8989,-0.0789,-0.0239,0.4281,Dark,
2.6408,5.6166,6.7016,0.0000,0.0000,-0.3527,-0.1321,0.9263,-0.4784,-0.1208,0.8698,-0.4144,-0.1363,0.8998,-0.0789,-0.0243,0.4274,Dark,
2.6520,5.6189,6.6649,0.0000,0.0000,-0.3488,-0.1289,0.9283,-0.4726,-0.1167,0.8735,-0.4096,-0.1325,0.9026,-0.0791,-0.0245,0.4268,Dark,
2.6631,5.6204,6.6279,0.0000,0.0000,-0.3564,-0.1308,0.9251,-0.4776,-0.1177,0.8707,-0.4160,-0.1337,0.8995,-0.0796,-0.0248,0.4264,Dark,
2.6743,5.6008,6.6010,0.0000,0.0000,-0.3647,-0.1333,0.9215,-0.4836,-0.1193,0.8671,-0.4232,-0.1356,0.8958,-0.0801,-0.0250,0.4263,Dark,
2.6853,5.5789,6.5733,0.0000,0.0000,-0.3755,-0.1352,0.9169,-0.4922,-0.1207,0.8621,-0.4330,-0.1372,0.8909,-0.0807,-0.0253,0.4263,Dark,
2.6965,5.5754,6.5877,0.0000,0.0000,-0.3848,-0.1379,0.9126,-0.5011,-0.1230,0.8566,-0.4422,-0.1397,0.8860,-0.0813,-0.0259,0.4264,Dark,
2.7087,5.6015,6.6008,0.0000,0.0000,-0.3914,-0.1402,0.9095,-0.5072,-0.1254,0.8527,-0.4485,-0.1420,0.8824,-0.0820,-0.0266,0.4268,Dark,
2.7188,5.6772,6.6400,0.0000,0.0000,-0.3952,-0.1423,0.9075,-0.5139,-0.1271,0.8484,-0.4538,-0.1442,0.8794,-0.0827,-0.0275,0.4273,Dark,
2.7300,5.7184,6.6573,0.0000,0.0000,-0.4101,-0.1581,0.8982,-0.5317,-0.1422,0.8349,-0.4701,-0.1599,0.8680,-0.0834,-0.0287,0.4278,Dark,
2.7412,5.7687,6.6692,0.0000,0.0000,-0.4263,-0.1793,0.8866,-0.5492,-0.1628,0.8197,-0.4870,-0.1811,0.8544,-0.0840,-0.0300,0.4283,Dark,
2.7522,5.8313,6.7764,0.0000,0.0000,-0.4419,-0.2121,0.8716,-0.5711,-0.1941,0.7976,-0.5058,-0.2138,0.8357,-0.0847,-0.0318,0.4284,Dark,
2.7635,5.8479,6.8111,0.0000,0.0000,-0.4549,-0.2476,0.8554,-0.5877,-0.2287,0.7761,-0.5206,-0.2493,0.8166,-0.0853,-0.0332,0.4285,Dark,
2.7750,5.8647,6.8365,0.0000,0.0000,-0.4632,-0.2737,0.8429,-0.5987,-0.2540,0.7596,-0.5302,-0.2753,0.8019,-0.0859,-0.0345,0.4288,Dark,
2.7856,5.8791,6.8977,0.0000,0.0000,-0.4666,-0.2970,0.8331,-0.6089,-0.2762,0.7437,-0.5369,-0.2987,0.7890,-0.0866,-0.0354,0.4291,Dark,
2.7968,5.8806,6.9225,0.0000,0.0000,-0.4677,-0.3083,0.8284,-0.6137,-0.2871,0.7355,-0.5399,-0.3102,0.7825,-0.0873,-0.0363,0.4295,Dark,
2.8081,5.8648,6.9423,0.0000,0.0000,-0.4663,-0.3142,0.8269,-0.6150,-0.2931,0.7320,-0.5398,-0.3165,0.7800,-0.0881,-0.0369,0.4300,Dark,
2.8192,5.8376,6.9519,0.0000,0.0000,-0.4677,-0.3264,0.8214,-0.6213,-0.3050,0.7218,-0.5436,-0.3291,0.7722,-0.0888,-0.0376,0.4307,Dark,
2.8302,5.8280,6.9434,0.0000,0.0000,-0.4567,-0.3132,0.8327,-0.6139,-0.2928,0.7331,-0.5343,-0.3166,0.7838,-0.0895,-0.0382,0.4314,Dark,
2.8416,5.8065,6.9355,0.0000,0.0000,-0.4562,-0.3173,0.8314,-0.6147,-0.2974,0.7305,-0.5345,-0.3211,0.7818,-0.0902,-0.0388,0.4319,Dark,
2.8525,5.7790,6.8838,0.0000,0.0000,-0.4502,-0.3102,0.8373,-0.6101,-0.2913,0.7369,-0.5291,-0.3145,0.7881,-0.0909,-0.0394,0.4326,Dark,
2.8637,5.7705,6.8272,0.0000,0.0000,-0.4475,-0.3082,0.8395,-0.6081,-0.2903,0.7389,-0.5267,-0.3130,0.7903,-0.0916,-0.0399,0.4333,Dark,
2.8747,5.7492,6.7819,0.0000,0.0000,-0.4448,-0.3073,0.8413,-0.6061,-0.2904,0.7405,-0.5242,-0.3127,0.7921,-0.0922,-0.0402,0.4338,Dark,
2.8858,5.7036,6.7314,0.0000,0.0000,-0.4503,-0.3013,0.8405,-0.6155,-0.2840,0.7352,-0.5318,-0.3069,0.7893,-0.0929,-0.0404,0.4346,Dark,
2.8970,5.6798,6.6694,0.0000,0.0000,-0.4489,-0.2901,0.8452,-0.6156,-0.2735,0.7390,-0.5313,-0.2962,0.7937,-0.0935,-0.0407,0.4353,Dark,
2.9082,5.6453,6.6220,0.0000,0.0000,-0.4458,-0.2756,0.8517,-0.6141,-0.2598,0.7453,-0.5290,-0.2822,0.8004,-0.0942,-0.0408,0.4358,Dark,
2.9193,5.6320,6.6641,0.0000,0.0000,-0.4623,-0.2593,0.8479,-0.6316,-0.2428,0.7362,-0.5464,-0.2658,0.7942,-0.0948,-0.0410,0.4366,Dark,
2.9304,5.6456,6.7422,0.0000,0.0000,-0.4821,-0.2644,0.8353,-0.6511,-0.2474,0.7176,-0.5663,-0.2708,0.7784,-0.0954,-0.0411,0.4373,Dark,
2.9414,5.7236,6.8100,0.0000,0.0000,-0.4950,-0.2706,0.8257,-0.6653,-0.2533,0.7023,-0.5802,-0.2773,0.7659,-0.0960,-0.0410,0.4379,Dark,
2.9526,5.8406,6.9078,0.0000,0.0000,-0.4956,-0.2886,0.8192,-0.6720,-0.2711,0.6891,-0.5839,-0.2959,0.7560,-0.0966,-0.0410,0.4387,Dark,
2.9642,5.8770,6.9284,0.0000,0.0000,-0.4824,-0.3002,0.8229,-0.6625,-0.2841,0.6931,-0.5723,-0.3084,0.7599,-0.0972,-0.0410,0.4395,Dark,
2.9750,5.8902,6.9389,0.0000,0.0000,-0.4735,-0.3169,0.8218,-0.6568,-0.3018,0.6910,-0.5647,-0.3259,0.7582,-0.0977,-0.0409,0.4402,Dark,
2.9862,5.9051,7.0255,0.0000,0.0000,-0.4641,-0.3395,0.8181,-0.6517,-0.3252,0.6852,-0.5573,-0.3493,0.7533,-0.0983,-0.0410,0.4410,Dark,
2.9972,5.9146,7.0715,0.0000,0.0000,-0.4595,-0.3492,0.8167,-0.6493,-0.3355,0.6826,-0.5536,-0.3595,0.7512,-0.0989,-0.0411,0.4418,Dark,
3.0084,5.9373,7.1073,0.0000,0.0000,-0.4544,-0.3582,0.8156,-0.6467,-0.3453,0.6801,-0.5497,-0.3691,0.7494,-0.0995,-0.0412,0.4424,Dark,
3.0196,5.9629,7.1466,0.0000,0.0000,-0.4464,-0.3715,0.8141,-0.6431,-0.3591,0.6764,-0.5438,-0.3830,0.7467,-0.1001,-0.0415,0.4431,Dark,
3.0313,5.9659,7.1563,0.0000,0.0000,-0.4416,-0.3776,0.8139,-0.6404,-0.3660,0.6752,-0.5399,-0.3897,0.7460,-0.1007,-0.0417,0.4437,Dark,
3.0418,5.9713,7.1628,0.0000,0.0000,-0.4356,-0.3791,0.8164,-0.6369,-0.3686,0.6772,-0.5351,-0.3920,0.7484,-0.1013,-0.0421,0.4442,Dark,
3.0530,5.9760,7.2045,0.0000,0.0000,-0.4312,-0.3969,0.8103,-0.6359,-0.3867,0.6679,-0.5323,-0.4103,0.7405,-0.1019,-0.0425,0.4448,Dark,
3.0643,5.9757,7.2235,0.0000,0.0000,-0.4295,-0.3945,0.8123,-0.6361,-0.3853,0.6686,-0.5316,-0.4086,0.7419,-0.1026,-0.0430,0.4455,Dark,
3.0751,6.0119,7.2408,0.0000,0.0000,-0.4292,-0.4007,0.8095,-0.6383,-0.3918,0.6626,-0.5326,-0.4152,0.7375,-0.1032,-0.0434,0.4461,Dark,
3.0863,6.0044,7.2411,0.0000,0.0000,-0.4184,-0.3997,0.8155,-0.6305,-0.3929,0.6694,-0.5231,-0.4155,0.7441,-0.1039,-0.0439,0.4468,Dark,
3.0976,5.9972,7.2259,0.0000,0.0000,-0.4152,-0.4061,0.8141,-0.6285,-0.4001,0.6670,-0.5204,-0.4224,0.7421,-0.1046,-0.0443,0.4476,Dark,
3.1087,6.0128,7.2141,0.0000,0.0000,-0.3975,-0.4042,0.8238,-0.6155,-0.4009,0.6786,-0.5047,-0.4221,0.7531,-0.1052,-0.0447,0.4481,Dark,
3.1200,6.0098,7.2163,0.0000,0.0000,-0.3883,-0.4062,0.8272,-0.6082,-0.4044,0.6830,-0.4962,-0.4249,0.7571,-0.1059,-0.0451,0.4488,Dark,
3.1309,6.0087,7.2217,0.0000,0.0000,-0.3872,-0.4108,0.8254,-0.6078,-0.4094,0.6804,-0.4954,-0.4298,0.7548,-0.1065,-0.0453,0.4495,Dark,
3.1420,5.9944,7.2186,0.0000,0.0000,-0.3718,-0.4101,0.8328,-0.5951,-0.4109,0.6907,-0.4811,-0.4302,0.7639,-0.1071,-0.0455,0.4500,Dark,
3.1533,5.9795,7.2102,0.0000,0.0000,-0.3648,-0.4120,0.8350,-0.5889,-0.4139,0.6942,-0.4743,-0.4327,0.7667,-0.1077,-0.0456,0.4507,Dark,
3.1644,5.9541,7.1943,0.0000,0.0000,-0.3550,-0.4148,0.8378,-0.5797,-0.4180,0.6995,-0.4645,-0.4361,0.7708,-0.1082,-0.0458,0.4513,Dark,
3.1755,5.9436,7.1958,0.0000,0.0000,-0.3500,-0.4172,0.8387,-0.5747,-0.4210,0.7018,-0.4594,-0.4387,0.7724,-0.1086,-0.0459,0.4517,Dark,
3.1867,5.9367,7.1986,0.0000,0.0000,-0.3480,-0.4193,0.8385,-0.5725,-0.4233,0.7022,-0.4572,-0.4409,0.7724,-0.1091,-0.0460,0.4522,Dark,
3.1978,5.9429,7.1947,0.0000,0.0000,-0.3452,-0.4210,0.8388,-0.5694,-0.4253,0.7035,-0.4542,-0.4426,0.7732,-0.1096,-0.0460,0.4528,Dark,
3.2088,5.9532,7.1927,0.0000,0.0000,-0.3410,-0.4226,0.8397,-0.5639,-0.4272,0.7067,-0.4493,-0.4441,0.7752,-0.1099,-0.0460,0.4531,Dark,
3.2202,5.9577,7.1938,0.0000,0.0000,-0.3371,-0.4251,0.8400,-0.5596,-0.4299,0.7085,-0.4450,-0.4467,0.7762,-0.1104,-0.0460,0.4536,Dark,
3.2313,5.9415,7.2070,0.0000,0.0000,-0.3383,-0.4270,0.8386,-0.5588,-0.4313,0.7083,-0.4453,-0.4481,0.7752,-0.1107,-0.0460,0.4539,Dark,
3.2422,5.9341,7.2197,0.0000,0.0000,-0.3368,-0.4285,0.8384,-0.5564,-0.4329,0.7092,-0.4432,-0.4495,0.7755,-0.1109,-0.0459,0.4542,Dark,
3.2535,5.9260,7.2294,0.0000,0.0000,-0.3358,-0.4295,0.8383,-0.5544,-0.4339,0.7102,-0.4417,-0.4504,0.7759,-0.1112,-0.0458,0.4546,Dark,
3.2646,5.9201,7.2362,0.0000,0.0000,-0.3322,-0.4297,0.8397,-0.5502,-0.4344,0.7132,-0.4377,-0.4506,0.7781,-0.1114,-0.0455,0.4550,Dark,
3.2759,5.9249,7.2325,0.0000,0.0000,-0.3324,-0.4290,0.8399,-0.5482,-0.4334,0.7153,-0.4368,-0.4495,0.7792,-0.1115,-0.0451,0.4553,Dark,
3.2871,5.9276,7.2295,0.0000,0.0000,-0.3331,-0.4278,0.8403,-0.5479,-0.4320,0.7164,-0.4371,-0.4481,0.7799,-0.1116,-0.0446,0.4556,Dark,
3.2981,5.9283,7.2249,0.0000,0.0000,-0.3324,-0.4264,0.8413,-0.5450,-0.4305,0.7195,-0.4353,-0.4464,0.7818,-0.1117,-0.0441,0.4559,Dark,
3.3091,5.9423,7.2237,0.0000,0.0000,-0.3322,-0.4243,0.8424,-0.5437,-0.4284,0.7217,-0.4345,-0.4442,0.7835,-0.1117,-0.0435,0.4560,Dark,
3.3203,5.9534,7.2117,0.0000,0.0000,-0.3328,-0.4222,0.8432,-0.5431,-0.4261,0.7235,-0.4346,-0.4418,0.7848,-0.1116,-0.0430,0.4560,Dark,
3.3316,5.9627,7.2098,0.0000,0.0000,-0.3341,-0.4203,0.8436,-0.5419,-0.4241,0.7256,-0.4346,-0.4397,0.7860,-0.1116,-0.0424,0.4560,Dark,
3.3426,5.9738,7.2174,0.0000,0.0000,-0.3342,-0.4188,0.8443,-0.5409,-0.4226,0.7272,-0.4342,-0.4381,0.7871,-0.1115,-0.0419,0.4559,Dark,
3.3537,5.9816,7.2255,0.0000,0.0000,-0.3349,-0.4173,0.8448,-0.5407,-0.4211,0.7282,-0.4345,-0.4364,0.7879,-0.1113,-0.0413,0.4557,Dark,
3.3649,5.9836,7.2363,0.0000,0.0000,-0.3357,-0.4163,0.8450,-0.5396,-0.4201,0.7296,-0.4343,-0.4352,0.7886,-0.1112,-0.0407,0.4555,Dark,
3.3760,5.9877,7.2375,0.0000,0.0000,-0.3358,-0.4148,0.8457,-0.5389,-0.4186,0.7310,-0.4340,-0.4337,0.7896,-0.1110,-0.0402,0.4553,Dark,
3.3872,5.9902,7.2456,0.0000,0.0000,-0.3357,-0.4138,0.8462,-0.5380,-0.4176,0.7322,-0.4336,-0.4326,0.7905,-0.1108,-0.0396,0.4550,Dark,
3.3983,5.9978,7.2523,0.0000,0.0000,-0.3356,-0.4134,0.8464,-0.5372,-0.4171,0.7331,-0.4331,-0.4321,0.7910,-0.1105,-0.0391,0.4546,Dark,
3.4093,6.0089,7.2503,0.0000,0.0000,-0.3353,-0.4137,0.8464,-0.5356,-0.4172,0.7342,-0.4322,-0.4321,0.7915,-0.1103,-0.0386,0.4542,Dark,
3.4206,6.0122,7.2612,0.0000,0.0000,-0.3354,-0.4146,0.8460,-0.5350,-0.4178,0.7343,-0.4319,-0.4328,0.7913,-0.1101,-0.0381,0.4537,Dark,
3.4319,6.0296,7.2657,0.0000,0.0000,-0.3359,-0.4152,0.8455,-0.5344,-0.4181,0.7346,-0.4318,-0.4331,0.7911,-0.1098,-0.0375,0.4532,Dark,
3.4430,6.0311,7.2626,0.0000,0.0000,-0.3368,-0.4154,0.8450,-0.5348,-0.4179,0.7344,-0.4326,-0.4330,0.7908,-0.1096,-0.0370,0.4527,Dark,
3.4540,6.0319,7.2583,0.0000,0.0000,-0.3383,-0.4154,0.8444,-0.5357,-0.4172,0.7341,-0.4338,-0.4327,0.7903,-0.1094,-0.0364,0.4521,Dark,
3.4652,6.0312,7.2461,0.0000,0.0000,-0.3400,-0.4155,0.8437,-0.5364,-0.4165,0.7340,-0.4351,-0.4323,0.7898,-0.1093,-0.0360,0.4514,Dark,
3.4763,6.0283,7.2408,0.0000,0.0000,-0.3421,-0.4159,0.8426,-0.5380,-0.4159,0.7332,-0.4370,-0.4322,0.7888,-0.1092,-0.0356,0.4508,Dark,
3.4874,6.0276,7.2060,0.0000,0.0000,-0.3445,-0.4165,0.8413,-0.5391,-0.4155,0.7327,-0.4388,-0.4322,0.7879,-0.1092,-0.0352,0.4500,Dark,
3.4986,6.0287,7.1835,0.0000,0.0000,-0.3474,-0.4172,0.8398,-0.5411,-0.4151,0.7314,-0.4413,-0.4323,0.7864,-0.1092,-0.0349,0.4492,Dark,
3.5096,6.0398,7.1660,0.0000,0.0000,-0.3508,-0.4179,0.8380,-0.5436,-0.4151,0.7295,-0.4443,-0.4325,0.7846,-0.1094,-0.0347,0.4485,Dark,
3.5207,6.0973,7.1472,0.0000,0.0000,-0.3608,-0.4136,0.8359,-0.5516,-0.4095,0.7266,-0.4535,-0.4275,0.7820,-0.1095,-0.0345,0.4478,Dark,
3.5320,6.1367,7.1021,0.0000,0.0000,-0.3889,-0.4052,0.8274,-0.5816,-0.3975,0.7097,-0.4831,-0.4178,0.7694,-0.1097,-0.0343,0.4471,Dark,
3.5433,6.1240,7.0657,0.0000,0.0000,-0.4361,-0.4088,0.8017,-0.6234,-0.3958,0.6743,-0.5284,-0.4189,0.7385,-0.1100,-0.0341,0.4467,Dark,
3.5541,6.1099,6.9903,0.0000,0.0000,-0.4752,-0.4101,0.7785,-0.6621,-0.3917,0.6389,-0.5681,-0.4181,0.7088,-0.1103,-0.0340,0.4463,Dark,
3.5655,6.0982,6.9155,0.0000,0.0000,-0.5572,-0.4046,0.7251,-0.7320,-0.3763,0.5680,-0.6457,-0.4079,0.6455,-0.1106,-0.0341,0.4460,Dark,
3.5763,6.0878,6.9110,0.0000,0.0000,-0.5784,-0.4018,0.7099,-0.7495,-0.3707,0.5484,-0.6655,-0.4037,0.6278,-0.1110,-0.0343,0.4459,Dark,
3.5876,6.0781,6.8902,0.0000,0.0000,-0.6006,-0.4002,0.6922,-0.7702,-0.3651,0.5229,-0.6875,-0.4006,0.6057,-0.1113,-0.0347,0.4457,Dark,
3.5994,6.0728,6.9099,0.0000,0.0000,-0.6056,-0.4028,0.6863,-0.7759,-0.3661,0.5138,-0.6930,-0.4026,0.5981,-0.1115,-0.0353,0.4455,Dark,
3.6101,6.0789,6.9238,0.0000,0.0000,-0.6023,-0.4083,0.6860,-0.7751,-0.3709,0.5116,-0.6909,-0.4080,0.5968,-0.1118,-0.0358,0.4455,Dark,
3.6210,6.0848,6.9520,0.0000,0.0000,-0.6070,-0.4119,0.6796,-0.7803,-0.3724,0.5025,-0.6961,-0.4108,0.5889,-0.1120,-0.0362,0.4453,Dark,
3.6321,6.0939,6.9956,0.0000,0.0000,-0.5946,-0.4190,0.6862,-0.7746,-0.3785,0.5067,-0.6871,-0.4179,0.5944,-0.1122,-0.0365,0.4451,Dark,
3.6434,6.0855,7.0080,0.0000,0.0000,-0.5934,-0.4233,0.6846,-0.7751,-0.3819,0.5034,-0.6868,-0.4219,0.5918,-0.1126,-0.0366,0.4449,Dark,
3.6544,6.0756,6.9995,0.0000,0.0000,-0.5933,-0.4262,0.6829,-0.7772,-0.3842,0.4983,-0.6879,-0.4249,0.5884,-0.1128,-0.0367,0.4449,Dark,
3.6657,6.0750,7.0014,0.0000,0.0000,-0.5872,-0.4279,0.6871,-0.7738,-0.3869,0.5016,-0.6830,-0.4273,0.5923,-0.1129,-0.0367,0.4449,Dark,
3.6766,6.0713,7.0036,0.0000,0.0000,-0.5851,-0.4285,0.6885,-0.7731,-0.3883,0.5016,-0.6816,-0.4285,0.5931,-0.1131,-0.0365,0.4452,Dark,
3.6878,6.0691,7.0058,0.0000,0.0000,-0.5872,-0.4290,0.6864,-0.7753,-0.3887,0.4978,-0.6838,-0.4291,0.5902,-0.1132,-0.0366,0.4454,Dark,
3.6991,6.0622,6.9970,0.0000,0.0000,-0.5807,-0.4286,0.6922,-0.7726,-0.3887,0.5020,-0.6793,-0.4292,0.5953,-0.1132,-0.0366,0.4454,Dark,
3.7101,6.0621,6.9868,0.0000,0.0000,-0.5785,-0.4291,0.6937,-0.7719,-0.3895,0.5025,-0.6778,-0.4300,0.5963,-0.1133,-0.0366,0.4456,Dark,
3.7211,6.0499,6.9933,0.0000,0.0000,-0.5763,-0.4304,0.6947,-0.7718,-0.3909,0.5016,-0.6767,-0.4316,0.5964,-0.1133,-0.0367,0.4458,Dark,
3.7324,6.0395,6.9994,0.0000,0.0000,-0.5756,-0.4308,0.6950,-0.7719,-0.3914,0.5010,-0.6765,-0.4322,0.5963,-0.1132,-0.0370,0.4460,Dark,
3.7435,6.0330,7.0053,0.0000,0.0000,-0.5750,-0.4305,0.6957,-0.7721,-0.3914,0.5007,-0.6762,-0.4322,0.5966,-0.1133,-0.0372,0.4463,Dark,
3.7545,6.0358,7.0279,0.0000,0.0000,-0.5732,-0.4280,0.6988,-0.7718,-0.3893,0.5027,-0.6753,-0.4300,0.5992,-0.1132,-0.0376,0.4466,Dark,
3.7661,6.0437,7.0292,0.0000,0.0000,-0.5733,-0.4255,0.7002,-0.7723,-0.3871,0.5038,-0.6756,-0.4277,0.6005,-0.1132,-0.0379,0.4470,Dark,
3.7768,6.0413,7.0295,0.0000,0.0000,-0.5723,-0.4237,0.7021,-0.7719,-0.3856,0.5054,-0.6750,-0.4261,0.6023,-0.1132,-0.0380,0.4474,Dark,
3.7879,6.0320,7.0509,0.0000,0.0000,-0.5706,-0.4214,0.7049,-0.7714,-0.3837,0.5077,-0.6739,-0.4241,0.6050,-0.1132,-0.0382,0.4478,Dark,
3.7995,6.0260,7.0351,0.0000,0.0000,-0.5690,-0.4211,0.7063,-0.7705,-0.3837,0.5091,-0.6727,-0.4240,0.6064,-0.1131,-0.0385,0.4481,Dark,
3.8102,6.0204,7.0217,0.0000,0.0000,-0.5676,-0.4219,0.7070,-0.7697,-0.3845,0.5097,-0.6715,-0.4249,0.6071,-0.1133,-0.0388,0.4483,Dark,
3.8213,6.0285,7.0196,0.0000,0.0000,-0.5681,-0.4222,0.7064,-0.7707,-0.3842,0.5084,-0.6723,-0.4249,0.6061,-0.1134,-0.0394,0.4484,Dark,
3.8329,6.0340,7.0133,0.0000,0.0000,-0.5685,-0.4225,0.7059,-0.7712,-0.3840,0.5077,-0.6729,-0.4250,0.6055,-0.1136,-0.0399,0.4485,Dark,
3.8439,6.0282,7.0100,0.0000,0.0000,-0.5695,-0.4225,0.7051,-0.7722,-0.3838,0.5063,-0.6738,-0.4250,0.6044,-0.1141,-0.0404,0.4486,Dark,
3.8548,6.0172,7.0185,0.0000,0.0000,-0.5712,-0.4213,0.7045,-0.7740,-0.3826,0.5045,-0.6756,-0.4238,0.6032,-0.1147,-0.0408,0.4488,Dark,
3.8660,6.0122,7.0068,0.0000,0.0000,-0.5736,-0.4209,0.7027,-0.7758,-0.3823,0.5020,-0.6777,-0.4235,0.6011,-0.1154,-0.0413,0.4489,Dark,
3.8773,6.0102,6.9974,0.0000,0.0000,-0.5762,-0.4205,0.7009,-0.7776,-0.3819,0.4995,-0.6799,-0.4231,0.5989,-0.1161,-0.0419,0.4490,Dark,
3.8883,6.0131,6.9977,0.0000,0.0000,-0.5778,-0.4215,0.6989,-0.7786,-0.3831,0.4970,-0.6812,-0.4242,0.5967,-0.1169,-0.0426,0.4490,Dark,
3.8999,6.0239,6.9981,0.0000,0.0000,-0.5800,-0.4227,0.6963,-0.7801,-0.3846,0.4935,-0.6830,-0.4255,0.5936,-0.1178,-0.0433,0.4490,Dark,
3.9109,6.0639,7.0228,0.0000,0.0000,-0.5803,-0.4225,0.6963,-0.7803,-0.3851,0.4928,-0.6832,-0.4257,0.5933,-0.1187,-0.0441,0.4489,Dark,
3.9218,6.0890,7.0452,0.0000,0.0000,-0.5684,-0.4245,0.7048,-0.7704,-0.3895,0.5048,-0.6718,-0.4288,0.6040,-0.1196,-0.0450,0.4488,Dark,
3.9332,6.0636,7.0622,0.0000,0.0000,-0.5572,-0.4292,0.7109,-0.7635,-0.3955,0.5106,-0.6625,-0.4345,0.6102,-0.1206,-0.0457,0.4486,Dark,
3.9441,6.0373,7.1147,0.0000,0.0000,-0.4941,-0.4471,0.7456,-0.7124,-0.4228,0.5601,-0.6034,-0.4570,0.6535,-0.1216,-0.0464,0.4484,Dark,
3.9553,6.0319,7.1460,0.0000,0.0000,-0.4608,-0.4563,0.7612,-0.6834,-0.4375,0.5844,-0.5710,-0.4687,0.6740,-0.1226,-0.0471,0.4482,Dark,
3.9666,6.0273,7.1697,0.0000,0.0000,-0.4690,-0.4571,0.7557,-0.6879,-0.4382,0.5786,-0.5774,-0.4692,0.6682,-0.1236,-0.0477,0.4480,Dark,
3.9778,6.0274,7.1706,0.0000,0.0000,-0.4560,-0.4622,0.7606,-0.6738,-0.4461,0.5890,-0.5633,-0.4753,0.6759,-0.1246,-0.0483,0.4477,Dark,
3.9887,6.0359,7.1738,0.0000,0.0000,-0.4411,-0.4671,0.7663,-0.6558,-0.4544,0.6028,-0.5462,-0.4811,0.6857,-0.1256,-0.0487,0.4473,Dark,
4.0001,6.0333,7.1771,0.0000,0.0000,-0.4400,-0.4697,0.7654,-0.6522,-0.4580,0.6040,-0.5436,-0.4840,0.6858,-0.1265,-0.0491,0.4469,Dark,
4.0111,6.0269,7.1951,0.0000,0.0000,-0.4485,-0.4697,0.7604,-0.6541,-0.4581,0.6019,-0.5488,-0.4834,0.6820,-0.1275,-0.0492,0.4465,Dark,
4.0220,6.0232,7.1925,0.0000,0.0000,-0.4574,-0.4699,0.7550,-0.6590,-0.4579,0.5967,-0.5559,-0.4830,0.6765,-0.1283,-0.0493,0.4461,Dark,
4.0334,6.0195,7.1887,0.0000,0.0000,-0.4463,-0.4727,0.7598,-0.6470,-0.4632,0.6057,-0.5439,-0.4868,0.6835,-0.1291,-0.0493,0.4457,Dark,
4.0444,6.0135,7.1964,0.0000,0.0000,-0.4582,-0.4709,0.7538,-0.6526,-0.4607,0.6016,-0.5528,-0.4841,0.6783,-0.1299,-0.0493,0.4453,Dark,
4.0557,6.0111,7.1931,0.0000,0.0000,-0.4678,-0.4703,0.7483,-0.6582,-0.4594,0.5964,-0.5605,-0.4829,0.6728,-0.1306,-0.0492,0.4448,Dark,
4.0669,6.0088,7.1912,0.0000,0.0000,-0.4676,-0.4714,0.7478,-0.6560,-0.4611,0.5976,-0.5592,-0.4840,0.6731,-0.1313,-0.0493,0.4444,Dark,
4.0778,5.9999,7.2228,0.0000,0.0000,-0.4738,-0.4699,0.7448,-0.6577,-0.4595,0.5969,-0.5632,-0.4821,0.6711,-0.1318,-0.0494,0.4439,Dark,
4.0888,5.9940,7.2255,0.0000,0.0000,-0.4766,-0.4696,0.7432,-0.6580,-0.4595,0.5966,-0.5647,-0.4816,0.6701,-0.1323,-0.0494,0.4435,Dark,
4.1002,6.0012,7.2273,0.0000,0.0000,-0.4777,-0.4685,0.7431,-0.6575,-0.4588,0.5977,-0.5650,-0.4806,0.6706,-0.1329,-0.0493,0.4432,Dark,
4.1112,6.0184,7.2160,0.0000,0.0000,-0.4809,-0.4659,0.7428,-0.6566,-0.4565,0.6005,-0.5661,-0.4777,0.6718,-0.1334,-0.0492,0.4428,Dark,
4.1222,6.0275,7.2053,0.0000,0.0000,-0.4824,-0.4646,0.7426,-0.6557,-0.4554,0.6023,-0.5665,-0.4762,0.6726,-0.1338,-0.0491,0.4425,Dark,
4.1338,6.0371,7.1977,0.0000,0.0000,-0.4840,-0.4640,0.7419,-0.6550,-0.4552,0.6032,-0.5669,-0.4756,0.6727,-0.1342,-0.0490,0.4422,Dark,
4.1445,6.0420,7.2149,0.0000,0.0000,-0.4851,-0.4622,0.7423,-0.6524,-0.4539,0.6069,-0.5661,-0.4736,0.6747,-0.1344,-0.0489,0.4419,Dark,
4.1559,6.0400,7.2376,0.0000,0.0000,-0.4856,-0.4618,0.7422,-0.6512,-0.4538,0.6083,-0.5657,-0.4732,0.6753,-0.1347,-0.0490,0.4415,Dark,
4.1669,6.0370,7.2561,0.0000,0.0000,-0.4860,-0.4614,0.7422,-0.6503,-0.4534,0.6095,-0.5655,-0.4726,0.6759,-0.1349,-0.0491,0.4411,Dark,
4.1779,6.0402,7.2682,0.0000,0.0000,-0.4859,-0.4601,0.7431,-0.6480,-0.4524,0.6126,-0.5643,-0.4712,0.6779,-0.1349,-0.0492,0.4406,Dark,
4.1891,6.0455,7.2725,0.0000,0.0000,-0.4856,-0.4598,0.7435,-0.6470,-0.4523,0.6139,-0.5636,-0.4709,0.6787,-0.1350,-0.0493,0.4402,Dark,
4.2003,6.0533,7.2748,0.0000,0.0000,-0.4855,-0.4590,0.7441,-0.6463,-0.4514,0.6152,-0.5632,-0.4700,0.6797,-0.1351,-0.0494,0.4398,Dark,
4.2115,6.0604,7.3023,0.0000,0.0000,-0.4853,-0.4576,0.7450,-0.6453,-0.4500,0.6173,-0.5626,-0.4685,0.6812,-0.1352,-0.0494,0.4393,Dark,
4.2229,6.0602,7.3035,0.0000,0.0000,-0.4851,-0.4570,0.7455,-0.6447,-0.4493,0.6184,-0.5622,-0.4678,0.6819,-0.1352,-0.0496,0.4388,Dark,
4.2338,6.0589,7.3033,0.0000,0.0000,-0.4849,-0.4562,0.7462,-0.6443,-0.4483,0.6196,-0.5619,-0.4668,0.6829,-0.1352,-0.0497,0.4383,Dark,
4.2448,6.0659,7.3199,0.0000,0.0000,-0.4842,-0.4550,0.7473,-0.6432,-0.4472,0.6215,-0.5610,-0.4656,0.6844,-0.1352,-0.0499,0.4378,Dark,
4.2559,6.0730,7.3322,0.0000,0.0000,-0.4845,-0.4549,0.7472,-0.6433,-0.4468,0.6217,-0.5612,-0.4654,0.6844,-0.1352,-0.0500,0.4372,Dark,
4.2674,6.0766,7.3429,0.0000,0.0000,-0.4842,-0.4547,0.7475,-0.6430,-0.4464,0.6223,-0.5609,-0.4651,0.6849,-0.1352,-0.0502,0.4365,Dark,
4.2782,6.0766,7.3432,0.0000,0.0000,-0.4842,-0.4541,0.7479,-0.6430,-0.4456,0.6229,-0.5609,-0.4643,0.6854,-0.1351,-0.0504,0.4359,Dark,
4.2895,6.0737,7.3456,0.0000,0.0000,-0.4839,-0.4545,0.7478,-0.6427,-0.4461,0.6228,-0.5606,-0.4648,0.6853,-0.1351,-0.0505,0.4352,Dark,
4.3006,6.0733,7.3472,0.0000,0.0000,-0.4844,-0.4541,0.7478,-0.6433,-0.4455,0.6227,-0.5611,-0.4643,0.6852,-0.1350,-0.0506,0.4347,Dark,
4.3117,6.0840,7.3042,0.0000,0.0000,-0.4838,-0.4531,0.7487,-0.6429,-0.4446,0.6237,-0.5607,-0.4634,0.6862,-0.1349,-0.0507,0.4341,Dark,
4.3226,6.0931,7.3000,0.0000,0.0000,-0.4841,-0.4527,0.7488,-0.6431,-0.4440,0.6239,-0.5609,-0.4629,0.6864,-0.1349,-0.0508,0.4336,Dark,
4.3339,6.0953,7.2973,0.0000,0.0000,-0.4846,-0.4508,0.7497,-0.6436,-0.4424,0.6245,-0.5614,-0.4611,0.6872,-0.1347,-0.0507,0.4332,Dark,
4.3450,6.0886,7.3068,0.0000,0.0000,-0.4837,-0.4480,0.7519,-0.6429,-0.4400,0.6269,-0.5606,-0.4586,0.6895,-0.1347,-0.0507,0.4329,Dark,
4.3565,6.0813,7.3092,0.0000,0.0000,-0.4833,-0.4461,0.7533,-0.6426,-0.4381,0.6286,-0.5602,-0.4566,0.6911,-0.1345,-0.0506,0.4326,Dark,
4.3674,6.0814,7.3284,0.0000,0.0000,-0.4823,-0.4434,0.7555,-0.6420,-0.4356,0.6310,-0.5595,-0.4541,0.6934,-0.1343,-0.0505,0.4323,Dark,
4.3783,6.0847,7.3435,0.0000,0.0000,-0.4820,-0.4417,0.7567,-0.6418,-0.4337,0.6325,-0.5592,-0.4523,0.6948,-0.1342,-0.0504,0.4320,Dark,
4.3898,6.0880,7.3503,0.0000,0.0000,-0.4815,-0.4408,0.7575,-0.6414,-0.4326,0.6336,-0.5588,-0.4513,0.6958,-0.1339,-0.0503,0.4317,Dark,
4.4008,6.1022,7.3748,0.0000,0.0000,-0.4805,-0.4394,0.7590,-0.6406,-0.4310,0.6355,-0.5579,-0.4498,0.6975,-0.1336,-0.0503,0.4313,Dark,
4.4117,6.1061,7.3892,0.0000,0.0000,-0.4798,-0.4393,0.7595,-0.6400,-0.4309,0.6362,-0.5573,-0.4496,0.6980,-0.1333,-0.0503,0.4310,Dark,
4.4232,6.1092,7.3816,0.0000,0.0000,-0.4790,-0.4391,0.7601,-0.6394,-0.4307,0.6370,-0.5565,-0.4494,0.6988,-0.1330,-0.0502,0.4307,Dark,
4.4341,6.1067,7.3859,0.0000,0.0000,-0.4780,-0.4386,0.7610,-0.6387,-0.4302,0.6380,-0.5557,-0.4490,0.6997,-0.1326,-0.0501,0.4304,Dark,
4.4452,6.1129,7.3943,0.0000,0.0000,-0.4770,-0.4378,0.7621,-0.6380,-0.4294,0.6392,-0.5548,-0.4482,0.7009,-0.1323,-0.0500,0.4301,Dark,
4.4564,6.1183,7.3999,0.0000,0.0000,-0.4761,-0.4371,0.7631,-0.6373,-0.4287,0.6403,-0.5541,-0.4475,0.7019,-0.1319,-0.0499,0.4298,Dark,
4.4676,6.1328,7.4065,0.0000,0.0000,-0.4746,-0.4378,0.7636,-0.6365,-0.4294,0.6407,-0.5528,-0.4483,0.7024,-0.1315,-0.0499,0.4295,Dark,
4.4785,6.1432,7.4085,0.0000,0.0000,-0.4755,-0.4437,0.7597,-0.6372,-0.4351,0.6361,-0.5537,-0.4541,0.6981,-0.1311,-0.0499,0.4293,Dark,
4.4900,6.1507,7.3938,0.0000,0.0000,-0.4767,-0.4501,0.7551,-0.6386,-0.4414,0.6303,-0.5550,-0.4605,0.6928,-0.1307,-0.0498,0.4290,Dark,
4.5009,6.1589,7.3866,0.0000,0.0000,-0.4770,-0.4561,0.7513,-0.6407,-0.4472,0.6241,-0.5561,-0.4666,0.6878,-0.1303,-0.0498,0.4289,Dark,
4.5120,6.1609,7.3918,0.0000,0.0000,-0.4729,-0.4499,0.7576,-0.6387,-0.4415,0.6302,-0.5531,-0.4608,0.6941,-0.1300,-0.0496,0.4287,Dark,
4.5244,6.1759,7.3927,0.0000,0.0000,-0.4763,-0.4585,0.7503,-0.6440,-0.4492,0.6192,-0.5575,-0.4693,0.6848,-0.1295,-0.0496,0.4286,Dark,
4.5343,6.1836,7.3902,0.0000,0.0000,-0.4730,-0.4578,0.7528,-0.6425,-0.4488,0.6211,-0.5550,-0.4689,0.6871,-0.1290,-0.0495,0.4284,Dark,
4.5453,6.1895,7.3997,0.0000,0.0000,-0.4726,-0.4594,0.7521,-0.6433,-0.4503,0.6192,-0.5553,-0.4705,0.6858,-0.1286,-0.0495,0.4283,Dark,
4.5570,6.1997,7.4060,0.0000,0.0000,-0.4723,-0.4601,0.7518,-0.6441,-0.4510,0.6178,-0.5555,-0.4714,0.6850,-0.1281,-0.0494,0.4281,Dark,
4.5687,6.2068,7.4126,0.0000,0.0000,-0.4712,-0.4575,0.7541,-0.6455,-0.4484,0.6183,-0.5556,-0.4691,0.6865,-0.1276,-0.0494,0.4280,Dark,
4.5786,6.1990,7.4175,0.0000,0.0000,-0.4695,-0.4572,0.7554,-0.6449,-0.4483,0.6189,-0.5545,-0.4690,0.6874,-0.1271,-0.0494,0.4279,Dark,
4.5902,6.1921,7.4168,0.0000,0.0000,-0.4680,-0.4565,0.7567,-0.6445,-0.4480,0.6196,-0.5536,-0.4685,0.6885,-0.1266,-0.0493,0.4278,Dark,
4.6011,6.1972,7.4354,0.0000,0.0000,-0.4665,-0.4556,0.7582,-0.6448,-0.4473,0.6199,-0.5530,-0.4679,0.6894,-0.1262,-0.0491,0.4277,Dark,
4.6122,6.2055,7.4531,0.0000,0.0000,-0.4652,-0.4542,0.7598,-0.6443,-0.4461,0.6212,-0.5520,-0.4667,0.6910,-0.1257,-0.0489,0.4277,Dark,
4.6237,6.2134,7.4673,0.0000,0.0000,-0.4640,-0.4552,0.7599,-0.6440,-0.4474,0.6206,-0.5513,-0.4679,0.6907,-0.1252,-0.0487,0.4277,Dark,
4.6344,6.2185,7.4468,0.0000,0.0000,-0.4620,-0.4534,0.7622,-0.6434,-0.4459,0.6222,-0.5500,-0.4664,0.6928,-0.1246,-0.0486,0.4276,Dark,
4.6455,6.2156,7.4464,0.0000,0.0000,-0.4597,-0.4520,0.7645,-0.6421,-0.4447,0.6245,-0.5482,-0.4652,0.6951,-0.1241,-0.0484,0.4275,Dark,
4.6571,6.2181,7.4442,0.0000,0.0000,-0.4577,-0.4513,0.7660,-0.6406,-0.4443,0.6262,-0.5465,-0.4647,0.6967,-0.1235,-0.0482,0.4275,Dark,
4.6679,6.2182,7.4568,0.0000,0.0000,-0.4557,-0.4500,0.7680,-0.6396,-0.4433,0.6280,-0.5450,-0.4636,0.6986,-0.1229,-0.0480,0.4274,Dark,
4.6794,6.2172,7.4611,0.0000,0.0000,-0.4537,-0.4489,0.7699,-0.6382,-0.4425,0.6300,-0.5432,-0.4627,0.7006,-0.1223,-0.0476,0.4274,Dark,
4.6906,6.2255,7.4633,0.0000,0.0000,-0.4519,-0.4475,0.7718,-0.6368,-0.4415,0.6320,-0.5416,-0.4615,0.7026,-0.1217,-0.0473,0.4273,Dark,
4.7013,6.2360,7.4354,0.0000,0.0000,-0.4501,-0.4464,0.7734,-0.6358,-0.4408,0.6336,-0.5403,-0.4606,0.7042,-0.1211,-0.0469,0.4273,Dark,
4.7123,6.2397,7.4309,0.0000,0.0000,-0.4483,-0.4457,0.7749,-0.6344,-0.4405,0.6353,-0.5386,-0.4602,0.7058,-0.1205,-0.0464,0.4273,Dark,
4.7240,6.2424,7.4284,0.0000,0.0000,-0.4456,-0.4441,0.7773,-0.6323,-0.4392,0.6382,-0.5362,-0.4587,0.7085,-0.1199,-0.0460,0.4273,Dark,
4.7348,6.2457,7.4409,0.0000,0.0000,-0.4434,-0.4430,0.7792,-0.6310,-0.4384,0.6401,-0.5345,-0.4578,0.7105,-0.1193,-0.0455,0.4274,Dark,
4.7458,6.2473,7.4475,0.0000,0.0000,-0.4408,-0.4414,0.7816,-0.6291,-0.4371,0.6428,-0.5322,-0.4564,0.7131,-0.1186,-0.0450,0.4274,Dark,
4.7570,6.2424,7.4519,0.0000,0.0000,-0.4380,-0.4392,0.7844,-0.6270,-0.4353,0.6461,-0.5298,-0.4544,0.7162,-0.1179,-0.0443,0.4276,Dark,
4.7682,6.2304,7.4780,0.0000,0.0000,-0.4289,-0.4345,0.7920,-0.6201,-0.4316,0.6551,-0.5217,-0.4503,0.7246,-0.1171,-0.0435,0.4278,Dark,
4.7792,6.2240,7.4735,0.0000,0.0000,-0.4149,-0.4248,0.8047,-0.6077,-0.4237,0.6717,-0.5083,-0.4414,0.7395,-0.1163,-0.0427,0.4281,Dark,
4.7907,6.2142,7.4691,0.0000,0.0000,-0.3990,-0.4116,0.8194,-0.5961,-0.4123,0.6890,-0.4943,-0.4293,0.7559,-0.1155,-0.0417,0.4284,Dark,
4.8016,6.2040,7.4631,0.0000,0.0000,-0.3695,-0.3872,0.8447,-0.5695,-0.3912,0.7229,-0.4659,-0.4063,0.7860,-0.1146,-0.0406,0.4288,Dark,
4.8126,6.2022,7.4567,0.0000,0.0000,-0.3574,-0.3763,0.8548,-0.5567,-0.3816,0.7379,-0.4533,-0.3958,0.7987,-0.1137,-0.0395,0.4292,Dark,
4.8240,6.1940,7.4606,0.0000,0.0000,-0.3490,-0.3675,0.8621,-0.5445,-0.3736,0.7509,-0.4429,-0.3870,0.8088,-0.1127,-0.0384,0.4296,Dark,
4.8354,6.1941,7.4673,0.0000,0.0000,-0.3426,-0.3625,0.8667,-0.5371,-0.3690,0.7586,-0.4360,-0.3819,0.8149,-0.1117,-0.0372,0.4299,Dark,
4.8460,6.1943,7.4867,0.0000,0.0000,-0.3403,-0.3603,0.8686,-0.5331,-0.3668,0.7624,-0.4329,-0.3795,0.8177,-0.1106,-0.0358,0.4303,Dark,
4.8573,6.1812,7.5067,0.0000,0.0000,-0.3276,-0.3489,0.8780,-0.5182,-0.3562,0.7776,-0.4191,-0.3681,0.8300,-0.1095,-0.0344,0.4308,Dark,
4.8686,6.1873,7.5080,0.0000,0.0000,-0.3250,-0.3465,0.8799,-0.5148,-0.3538,0.7809,-0.4161,-0.3656,0.8326,-0.1084,-0.0329,0.4312,Dark,
4.8795,6.1926,7.5085,0.0000,0.0000,-0.3221,-0.3435,0.8822,-0.5116,-0.3509,0.7843,-0.4131,-0.3626,0.8354,-0.1072,-0.0314,0.4316,Dark,
4.8910,6.2222,7.4949,0.0000,0.0000,-0.3158,-0.3369,0.8870,-0.5042,-0.3446,0.7919,-0.4063,-0.3560,0.8416,-0.1061,-0.0299,0.4320,Dark,
4.9020,6.2298,7.4851,0.0000,0.0000,-0.3163,-0.3339,0.8880,-0.5039,-0.3414,0.7934,-0.4065,-0.3527,0.8428,-0.1050,-0.0282,0.4324,Dark,
4.9130,6.2344,7.4590,0.0000,0.0000,-0.3129,-0.3245,0.8927,-0.5004,-0.3321,0.7996,-0.4031,-0.3433,0.8483,-0.1039,-0.0263,0.4328,Dark,
4.9243,6.1852,7.3954,0.0000,0.0000,-0.3191,-0.3037,0.8978,-0.5055,-0.3108,0.8049,-0.4090,-0.3222,0.8537,-0.1029,-0.0242,0.4332,Dark,
4.9355,6.1423,7.3624,0.0000,0.0000,-0.3245,-0.2776,0.9042,-0.5102,-0.2844,0.8117,-0.4144,-0.2959,0.8607,-0.1019,-0.0219,0.4336,Dark,
4.9462,6.1085,7.3302,0.0000,0.0000,-0.3287,-0.2468,0.9116,-0.5138,-0.2532,0.8197,-0.4185,-0.2647,0.8688,-0.1010,-0.0197,0.4340,Dark,
4.9575,6.0863,7.3013,0.0000,0.0000,-0.3321,-0.2170,0.9179,-0.5154,-0.2231,0.8274,-0.4213,-0.2346,0.8761,-0.1001,-0.0175,0.4343,Dark,
4.9688,6.0913,7.3000,0.0000,0.0000,-0.3317,-0.1977,0.9224,-0.5141,-0.2037,0.8332,-0.4206,-0.2151,0.8814,-0.0992,-0.0154,0.4345,Dark,
4.9798,6.0975,7.3017,0.0000,0.0000,-0.3301,-0.1809,0.9264,-0.5122,-0.1869,0.8383,-0.4190,-0.1982,0.8861,-0.0983,-0.0132,0.4348,Dark,
4.9910,6.1254,7.3172,0.0000,0.0000,-0.3309,-0.1647,0.9292,-0.5122,-0.1707,0.8418,-0.4194,-0.1818,0.8894,-0.0975,-0.0109,0.4350,Dark,
5.0023,6.1420,7.3278,0.0000,0.0000,-0.3296,-0.1504,0.9321,-0.5108,-0.1564,0.8453,-0.4182,-0.1675,0.8928,-0.0967,-0.0087,0.4353,Dark,
5.0131,6.1547,7.3537,0.0000,0.0000,-0.3262,-0.1418,0.9346,-0.5081,-0.1482,0.8484,-0.4152,-0.1591,0.8957,-0.0958,-0.0066,0.4355,Dark,
5.0244,6.1788,7.3994,0.0000,0.0000,-0.3256,-0.1321,0.9362,-0.5081,-0.1385,0.8501,-0.4150,-0.1494,0.8975,-0.0949,-0.0047,0.4356,Dark,
5.0358,6.1912,7.4175,0.0000,0.0000,-0.3228,-0.1211,0.9387,-0.5057,-0.1277,0.8532,-0.4125,-0.1385,0.9004,-0.0941,-0.0026,0.4358,Dark,
5.0465,6.2002,7.3980,0.0000,0.0000,-0.3195,-0.1090,0.9413,-0.5031,-0.1159,0.8565,-0.4095,-0.1265,0.9035,-0.0931,-0.0003,0.4359,Dark,
5.0587,6.1303,7.3323,0.0000,0.0000,-0.3223,-0.0875,0.9426,-0.5056,-0.0945,0.8576,-0.4124,-0.1049,0.9049,-0.0922,0.0021,0.4361,Dark,
5.0691,6.0753,7.2940,0.0000,0.0000,-0.3254,-0.0596,0.9437,-0.5080,-0.0669,0.8588,-0.4153,-0.0770,0.9064,-0.0914,0.0046,0.4362,Dark,
5.0799,6.0313,7.2215,0.0000,0.0000,-0.3291,-0.0281,0.9439,-0.5112,-0.0356,0.8587,-0.4191,-0.0454,0.9068,-0.0905,0.0070,0.4362,Dark,
5.0910,5.9811,7.1455,0.0000,0.0000,-0.3329,0.0010,0.9430,-0.5131,-0.0067,0.8583,-0.4221,-0.0162,0.9064,-0.0896,0.0090,0.4362,Dark,
5.1025,6.0048,7.1338,0.0000,0.0000,-0.3339,0.0267,0.9422,-0.5131,0.0188,0.8581,-0.4228,0.0097,0.9062,-0.0887,0.0109,0.4362,Dark,
5.1132,6.0276,7.1561,0.0000,0.0000,-0.3327,0.0451,0.9420,-0.5120,0.0371,0.8582,-0.4217,0.0281,0.9063,-0.0878,0.0125,0.4360,Dark,
5.1246,6.0737,7.2330,0.0000,0.0000,-0.3325,0.0607,0.9412,-0.5110,0.0527,0.8580,-0.4212,0.0438,0.9059,-0.0870,0.0139,0.4357,Dark,
5.1361,6.1044,7.2751,0.0000,0.0000,-0.3304,0.0725,0.9410,-0.5086,0.0644,0.8586,-0.4191,0.0557,0.9062,-0.0861,0.0155,0.4355,Dark,
5.1467,6.1262,7.3082,0.0000,0.0000,-0.3266,0.0810,0.9417,-0.5052,0.0727,0.8599,-0.4154,0.0642,0.9074,-0.0851,0.0172,0.4353,Dark,
5.1580,6.1594,7.3543,0.0000,0.0000,-0.3233,0.0853,0.9425,-0.5021,0.0767,0.8614,-0.4122,0.0684,0.9085,-0.0842,0.0190,0.4352,Dark,
5.1691,6.1771,7.3698,0.0000,0.0000,-0.3202,0.0934,0.9427,-0.4992,0.0846,0.8623,-0.4093,0.0764,0.9092,-0.0833,0.0206,0.4351,Dark,
5.1802,6.1897,7.3841,0.0000,0.0000,-0.3163,0.0971,0.9437,-0.4959,0.0882,0.8639,-0.4056,0.0800,0.9105,-0.0825,0.0221,0.4349,Dark,
5.1915,6.2166,7.4229,0.0000,0.0000,-0.3135,0.0961,0.9447,-0.4942,0.0871,0.8650,-0.4034,0.0789,0.9116,-0.0818,0.0234,0.4347,Dark,
5.2029,6.2230,7.4446,0.0000,0.0000,-0.3111,0.0992,0.9452,-0.4924,0.0902,0.8657,-0.4013,0.0820,0.9123,-0.0810,0.0246,0.4345,Dark,
5.2135,6.2269,7.4696,0.0000,0.0000,-0.3089,0.1017,0.9456,-0.4911,0.0931,0.8661,-0.3996,0.0846,0.9128,-0.0804,0.0255,0.4342,Dark,
5.2247,6.2574,7.5129,0.0000,0.0000,-0.3074,0.1002,0.9463,-0.4911,0.0918,0.8663,-0.3989,0.0831,0.9132,-0.0797,0.0265,0.4338,Dark,
5.2359,6.2651,7.5303,0.0000,0.0000,-0.3051,0.1031,0.9467,-0.4897,0.0951,0.8667,-0.3971,0.0862,0.9137,-0.0789,0.0276,0.4334,Dark,
5.2470,6.2709,7.5368,0.0000,0.0000,-0.3023,0.1062,0.9473,-0.4886,0.0984,0.8670,-0.3952,0.0893,0.9142,-0.0782,0.0286,0.4330,Dark,
5.2581,6.2768,7.5543,0.0000,0.0000,-0.3005,0.1050,0.9480,-0.4896,0.0973,0.8665,-0.3949,0.0880,0.9145,-0.0774,0.0295,0.4326,Dark,
5.2692,6.2840,7.5647,0.0000,0.0000,-0.2979,0.1076,0.9485,-0.4884,0.1000,0.8669,-0.3930,0.0906,0.9151,-0.0767,0.0301,0.4323,Dark,
5.2804,6.2901,7.5620,0.0000,0.0000,-0.2950,0.1089,0.9493,-0.4872,0.1014,0.8674,-0.3910,0.0918,0.9158,-0.0759,0.0306,0.4318,Dark,
5.2916,6.3265,7.5612,0.0000,0.0000,-0.2915,0.1060,0.9507,-0.4871,0.0986,0.8678,-0.3892,0.0887,0.9169,-0.0751,0.0308,0.4313,Dark,
5.3028,6.3225,7.5618,0.0000,0.0000,-0.2873,0.1075,0.9518,-0.4848,0.1005,0.8688,-0.3860,0.0903,0.9181,-0.0743,0.0311,0.4307,Dark,
5.3138,6.3174,7.5354,0.0000,0.0000,-0.2808,0.1110,0.9533,-0.4797,0.1044,0.8712,-0.3802,0.0940,0.9201,-0.0734,0.0317,0.4302,Dark,
5.3255,6.2359,7.4497,0.0000,0.0000,-0.2668,0.1279,0.9552,-0.4677,0.1216,0.8755,-0.3671,0.1111,0.9235,-0.0724,0.0324,0.4297,Dark,
5.3361,6.1605,7.3969,0.0000,0.0000,-0.2567,0.1511,0.9546,-0.4589,0.1449,0.8766,-0.3576,0.1345,0.9241,-0.0714,0.0333,0.4293,Dark,
5.3472,6.1016,7.3340,0.0000,0.0000,-0.2312,0.1938,0.9534,-0.4322,0.1887,0.8818,-0.3313,0.1783,0.9265,-0.0705,0.0342,0.4288,Dark,
5.3584,6.0124,7.2531,0.0000,0.0000,-0.1960,0.2465,0.9491,-0.3959,0.2435,0.8854,-0.2952,0.2327,0.9267,-0.0695,0.0348,0.4283,Dark,
5.3695,6.0001,7.2312,0.0000,0.0000,-0.1890,0.2566,0.9479,-0.3886,0.2538,0.8858,-0.2880,0.2430,0.9263,-0.0685,0.0352,0.4278,Dark,
5.3806,5.9954,7.2152,0.0000,0.0000,-0.1813,0.2631,0.9476,-0.3795,0.2606,0.8877,-0.2796,0.2498,0.9270,-0.0675,0.0356,0.4273,Dark,
5.3918,6.0132,7.2382,0.0000,0.0000,-0.1738,0.2682,0.9476,-0.3703,0.2660,0.8900,-0.2712,0.2552,0.9281,-0.0664,0.0359,0.4269,Dark,
5.4032,6.0206,7.2670,0.0000,0.0000,-0.1566,0.2876,0.9449,-0.3519,0.2866,0.8911,-0.2532,0.2755,0.9274,-0.0652,0.0362,0.4264,Dark,
5.4139,6.0388,7.2940,0.0000,0.0000,-0.1608,0.2728,0.9486,-0.3555,0.2710,0.8945,-0.2572,0.2602,0.9307,-0.0640,0.0365,0.4261,Dark,
5.4251,6.0525,7.3396,0.0000,0.0000,-0.1563,0.2715,0.9496,-0.3485,0.2696,0.8977,-0.2514,0.2590,0.9326,-0.0626,0.0367,0.4258,Dark,
5.4363,6.0596,7.3555,0.0000,0.0000,-0.1494,0.2725,0.9505,-0.3406,0.2705,0.9005,-0.2440,0.2600,0.9343,-0.0613,0.0369,0.4255,Dark,
5.4476,6.0648,7.3585,0.0000,0.0000,-0.1421,0.2730,0.9515,-0.3332,0.2710,0.9031,-0.2365,0.2606,0.9360,-0.0599,0.0370,0.4253,Dark,
5.4586,6.0812,7.3451,0.0000,0.0000,-0.1367,0.2709,0.9528,-0.3274,0.2688,0.9058,-0.2310,0.2585,0.9380,-0.0586,0.0370,0.4251,Dark,
5.4697,6.1007,7.3317,0.0000,0.0000,-0.1293,0.2714,0.9538,-0.3197,0.2695,0.9084,-0.2233,0.2591,0.9397,-0.0573,0.0371,0.4249,Dark,
5.4810,6.1162,7.3377,0.0000,0.0000,-0.1206,0.2730,0.9544,-0.3120,0.2714,0.9105,-0.2152,0.2608,0.9411,-0.0560,0.0374,0.4247,Dark,
5.4920,6.1543,7.3508,0.0000,0.0000,-0.1104,0.2779,0.9543,-0.3010,0.2766,0.9126,-0.2045,0.2659,0.9420,-0.0546,0.0378,0.4245,Dark,
5.5031,6.1619,7.3649,0.0000,0.0000,-0.1032,0.2790,0.9547,-0.2957,0.2778,0.9140,-0.1982,0.2670,0.9431,-0.0532,0.0384,0.4242,Dark,
5.5143,6.1661,7.3773,0.0000,0.0000,-0.0890,0.2850,0.9544,-0.2831,0.2840,0.9161,-0.1847,0.2731,0.9441,-0.0517,0.0389,0.4240,Dark,
5.5254,6.1752,7.3576,0.0000,0.0000,-0.0812,0.2859,0.9548,-0.2781,0.2847,0.9174,-0.1783,0.2738,0.9451,-0.0502,0.0393,0.4237,Dark,
5.5365,6.1770,7.3472,0.0000,0.0000,-0.0713,0.2888,0.9547,-0.2708,0.2876,0.9187,-0.1696,0.2766,0.9459,-0.0486,0.0395,0.4233,Dark,
5.5478,6.1725,7.3386,0.0000,0.0000,-0.0618,0.2920,0.9544,-0.2623,0.2909,0.9201,-0.1606,0.2799,0.9465,-0.0471,0.0397,0.4230,Dark,
5.5591,6.1262,7.3337,0.0000,0.0000,-0.0542,0.2954,0.9538,-0.2549,0.2940,0.9212,-0.1531,0.2832,0.9468,-0.0456,0.0401,0.4226,Dark,
5.5699,6.0904,7.3051,0.0000,0.0000,-0.0343,0.3079,0.9508,-0.2321,0.3072,0.9229,-0.1315,0.2963,0.9460,-0.0441,0.0409,0.4220,Dark,
5.5812,6.0500,7.2812,0.0000,0.0000,-0.0156,0.3208,0.9470,-0.2134,0.3205,0.9229,-0.1126,0.3095,0.9442,-0.0427,0.0418,0.4215,Dark,
5.5923,5.9975,7.2587,0.0000,0.0000,0.0151,0.3491,0.9370,-0.1776,0.3503,0.9196,-0.0790,0.3391,0.9374,-0.0413,0.0427,0.4209,Dark,
5.6034,5.9846,7.2309,0.0000,0.0000,0.0353,0.3682,0.9291,-0.1534,0.3703,0.9161,-0.0566,0.3591,0.9316,-0.0400,0.0433,0.4201,Dark,
5.6145,5.9850,7.2005,0.0000,0.0000,0.0521,0.3841,0.9218,-0.1320,0.3869,0.9126,-0.0373,0.3756,0.9260,-0.0388,0.0437,0.4193,Dark,
5.6257,5.9866,7.1926,0.0000,0.0000,0.0629,0.3913,0.9181,-0.1196,0.3943,0.9111,-0.0257,0.3831,0.9233,-0.0376,0.0440,0.4185,Dark,
5.6368,5.9877,7.2072,0.0000,0.0000,0.0718,0.3966,0.9152,-0.1097,0.3998,0.9100,-0.0162,0.3886,0.9213,-0.0364,0.0442,0.4174,Dark,
5.6481,6.0013,7.2356,0.0000,0.0000,0.0759,0.3982,0.9141,-0.1046,0.4012,0.9100,-0.0116,0.3902,0.9207,-0.0353,0.0444,0.4165,Dark,
5.6592,6.0177,7.2458,0.0000,0.0000,0.0819,0.4018,0.9121,-0.0979,0.4048,0.9092,-0.0052,0.3938,0.9192,-0.0343,0.0447,0.4156,Dark,
5.6702,6.0311,7.2586,0.0000,0.0000,0.0848,0.4031,0.9112,-0.0957,0.4059,0.9089,-0.0027,0.3950,0.9187,-0.0333,0.0452,0.4145,Dark,
5.6815,6.0351,7.2767,0.0000,0.0000,0.0840,0.4036,0.9111,-0.0972,0.4058,0.9088,-0.0039,0.3952,0.9186,-0.0324,0.0458,0.4135,Dark,
5.6924,6.0395,7.2845,0.0000,0.0000,0.0864,0.4076,0.9091,-0.0951,0.4096,0.9073,-0.0016,0.3991,0.9169,-0.0316,0.0466,0.4125,Dark,
5.7037,6.0422,7.2872,0.0000,0.0000,0.0874,0.4100,0.9079,-0.0958,0.4117,0.9063,-0.0014,0.4013,0.9159,-0.0307,0.0472,0.4113,Dark,
5.7147,6.0463,7.2980,0.0000,0.0000,0.0869,0.4115,0.9072,-0.0990,0.4128,0.9054,-0.0033,0.4026,0.9154,-0.0300,0.0478,0.4102,Dark,
5.7258,6.0601,7.3055,0.0000,0.0000,0.0894,0.4155,0.9052,-0.0977,0.4168,0.9038,-0.0014,0.4065,0.9136,-0.0293,0.0483,0.4091,Dark,
5.7369,6.0709,7.3198,0.0000,0.0000,0.0919,0.4193,0.9032,-0.0977,0.4205,0.9020,-0.0001,0.4102,0.9120,-0.0285,0.0487,0.4079,Dark,
5.7481,6.0877,7.3469,0.0000,0.0000,0.0919,0.4222,0.9019,-0.1021,0.4230,0.9004,-0.0023,0.4127,0.9109,-0.0279,0.0493,0.4067,Dark,
5.7594,6.1064,7.3582,0.0000,0.0000,0.0933,0.4271,0.8994,-0.1028,0.4278,0.8980,-0.0019,0.4175,0.9087,-0.0274,0.0500,0.4054,Dark,
5.7704,6.1207,7.3672,0.0000,0.0000,0.0953,0.4336,0.8961,-0.1036,0.4343,0.8948,-0.0013,0.4240,0.9057,-0.0269,0.0508,0.4039,Dark,
5.7815,6.1193,7.3725,0.0000,0.0000,0.0975,0.4400,0.8927,-0.1066,0.4407,0.8913,-0.0017,0.4303,0.9027,-0.0265,0.0518,0.4025,Dark,
5.7927,6.1219,7.3710,0.0000,0.0000,0.0984,0.4466,0.8893,-0.1080,0.4473,0.8878,-0.0019,0.4369,0.8995,-0.0262,0.0528,0.4012,Dark,
5.8038,6.1230,7.3801,0.0000,0.0000,0.0992,0.4536,0.8856,-0.1096,0.4543,0.8841,-0.0023,0.4439,0.8961,-0.0258,0.0537,0.3995,Dark,
5.8149,6.1330,7.3931,0.0000,0.0000,0.1004,0.4604,0.8820,-0.1120,0.4611,0.8803,-0.0028,0.4506,0.8927,-0.0256,0.0548,0.3981,Dark,
5.8262,6.1339,7.3975,0.0000,0.0000,0.1001,0.4677,0.8782,-0.1136,0.4682,0.8763,-0.0038,0.4579,0.8890,-0.0253,0.0559,0.3965,Dark,
5.8376,6.1339,7.3984,0.0000,0.0000,0.1010,0.4757,0.8738,-0.1140,0.4762,0.8719,-0.0035,0.4660,0.8848,-0.0249,0.0571,0.3948,Dark,
5.8484,6.0617,7.3113,0.0000,0.0000,0.0925,0.4881,0.8679,-0.1238,0.4874,0.8643,-0.0129,0.4779,0.8783,-0.0248,0.0584,0.3932,Dark,
5.8597,5.9918,7.2393,0.0000,0.0000,0.0875,0.5117,0.8547,-0.1287,0.5103,0.8503,-0.0180,0.5015,0.8650,-0.0246,0.0598,0.3915,Dark,
5.8706,5.9362,7.1447,0.0000,0.0000,0.0848,0.5461,0.8334,-0.1299,0.5445,0.8286,-0.0199,0.5364,0.8437,-0.0244,0.0611,0.3898,Dark,
5.8818,5.8276,7.0105,0.0000,0.0000,0.0793,0.5976,0.7978,-0.1301,0.5958,0.7925,-0.0229,0.5889,0.8079,-0.0243,0.0625,0.3881,Dark,
5.8930,5.8003,6.9718,0.0000,0.0000,0.0755,0.6126,0.7868,-0.1307,0.6104,0.7812,-0.0252,0.6040,0.7966,-0.0243,0.0638,0.3864,Dark,
5.9040,5.7940,6.9686,0.0000,0.0000,0.0719,0.6378,0.7668,-0.1283,0.6355,0.7613,-0.0259,0.6297,0.7764,-0.0242,0.0648,0.3845,Dark,
5.9152,5.8050,6.9865,0.0000,0.0000,0.0740,0.6476,0.7584,-0.1232,0.6457,0.7536,-0.0223,0.6399,0.7681,-0.0242,0.0660,0.3826,Dark,
5.9264,5.8257,7.0015,0.0000,0.0000,0.0726,0.6596,0.7481,-0.1219,0.6576,0.7435,-0.0223,0.6521,0.7578,-0.0241,0.0671,0.3809,Dark,
5.9374,5.8570,7.0216,0.0000,0.0000,0.0738,0.6631,0.7449,-0.1161,0.6614,0.7410,-0.0188,0.6558,0.7547,-0.0240,0.0682,0.3790,Dark,
5.9486,5.8672,7.0525,0.0000,0.0000,0.0736,0.6691,0.7395,-0.1143,0.6675,0.7358,-0.0180,0.6621,0.7492,-0.0239,0.0693,0.3771,Dark,
5.9599,5.8919,7.0769,0.0000,0.0000,0.0732,0.6748,0.7344,-0.1131,0.6731,0.7309,-0.0177,0.6678,0.7442,-0.0238,0.0705,0.3754,Dark,
5.9709,5.9282,7.1396,0.0000,0.0000,0.0723,0.6788,0.7308,-0.1116,0.6770,0.7275,-0.0174,0.6718,0.7405,-0.0238,0.0715,0.3735,Dark,
5.9819,5.9409,7.1600,0.0000,0.0000,0.0704,0.6973,0.7133,-0.1119,0.6953,0.7099,-0.0185,0.6906,0.7230,-0.0237,0.0727,0.3718,Dark,
5.9933,5.9492,7.1891,0.0000,0.0000,0.0703,0.7004,0.7103,-0.1114,0.6983,0.7071,-0.0183,0.6937,0.7200,-0.0236,0.0738,0.3702,Dark,
6.0042,5.9787,7.2403,0.0000,0.0000,0.0704,0.6918,0.7186,-0.1111,0.6894,0.7158,-0.0181,0.6848,0.7285,-0.0236,0.0747,0.3683,Dark,
6.0155,5.9950,7.2638,0.0000,0.0000,0.0704,0.7029,0.7078,-0.1105,0.7003,0.7052,-0.0177,0.6960,0.7178,-0.0234,0.0758,0.3667,Dark,
6.0266,6.0221,7.2787,0.0000,0.0000,0.0708,0.7006,0.7100,-0.1103,0.6978,0.7077,-0.0174,0.6935,0.7202,-0.0233,0.0767,0.3651,Dark,
6.0376,6.0788,7.3346,0.0000,0.0000,0.0719,0.7026,0.7080,-0.1088,0.6998,0.7060,-0.0161,0.6956,0.7183,-0.0230,0.0775,0.3632,Dark,
6.0488,6.1052,7.3515,0.0000,0.0000,0.0731,0.7082,0.7022,-0.1075,0.7056,0.7005,-0.0149,0.7013,0.7127,-0.0229,0.0782,0.3617,Dark,
6.0600,6.1233,7.3708,0.0000,0.0000,0.0742,0.7107,0.6996,-0.1062,0.7080,0.6982,-0.0136,0.7038,0.7102,-0.0227,0.0789,0.3602,Dark,
6.0711,6.1636,7.4082,0.0000,0.0000,0.0760,0.7108,0.6992,-0.1045,0.7083,0.6981,-0.0118,0.7041,0.7100,-0.0227,0.0795,0.3584,Dark,
6.0822,6.1778,7.4237,0.0000,0.0000,0.0774,0.7135,0.6963,-0.1035,0.7110,0.6955,-0.0107,0.7068,0.7074,-0.0225,0.0801,0.3569,Dark,
6.0934,6.1862,7.4563,0.0000,0.0000,0.0787,0.7163,0.6933,-0.1025,0.7138,0.6928,-0.0094,0.7096,0.7045,-0.0224,0.0807,0.3555,Dark,
6.1044,6.1993,7.5041,0.0000,0.0000,0.0808,0.7168,0.6926,-0.1010,0.7143,0.6925,-0.0076,0.7101,0.7041,-0.0223,0.0814,0.3538,Dark,
6.1157,6.2153,7.5202,0.0000,0.0000,0.0820,0.7194,0.6898,-0.1000,0.7167,0.6901,-0.0065,0.7126,0.7015,-0.0222,0.0819,0.3524,Dark,
6.1270,6.2282,7.5346,0.0000,0.0000,0.0835,0.7222,0.6867,-0.0986,0.7195,0.6875,-0.0049,0.7154,0.6987,-0.0221,0.0825,0.3511,Dark,
6.1379,6.2572,7.5490,0.0000,0.0000,0.0862,0.7235,0.6849,-0.0965,0.7209,0.6863,-0.0025,0.7168,0.6973,-0.0220,0.0830,0.3495,Dark,
6.1490,6.2670,7.5524,0.0000,0.0000,0.0884,0.7254,0.6827,-0.0948,0.7228,0.6845,-0.0006,0.7187,0.6953,-0.0219,0.0834,0.3481,Dark,
6.1602,6.2734,7.5707,0.0000,0.0000,0.0903,0.7281,0.6795,-0.0933,0.7256,0.6818,0.0012,0.7215,0.6924,-0.0218,0.0838,0.3468,Dark,
6.1714,6.2759,7.5766,0.0000,0.0000,0.0936,0.7279,0.6793,-0.0907,0.7256,0.6821,0.0042,0.7214,0.6925,-0.0218,0.0841,0.3453,Dark,
6.1824,6.2321,7.5684,0.0000,0.0000,0.0964,0.7278,0.6790,-0.0884,0.7257,0.6823,0.0068,0.7214,0.6925,-0.0217,0.0845,0.3441,Dark,
6.1936,6.1377,7.4309,0.0000,0.0000,0.1036,0.7271,0.6787,-0.0809,0.7259,0.6831,0.0143,0.7211,0.6927,-0.0217,0.0848,0.3429,Dark,
6.2048,6.0920,7.3735,0.0000,0.0000,0.1096,0.7421,0.6613,-0.0735,0.7419,0.6664,0.0210,0.7369,0.6757,-0.0218,0.0851,0.3415,Dark,
6.2159,6.0265,7.3316,0.0000,0.0000,0.1104,0.7530,0.6487,-0.0715,0.7531,0.6540,0.0224,0.7482,0.6631,-0.0218,0.0855,0.3403,Dark,
6.2271,5.9485,7.2717,0.0000,0.0000,0.1103,0.7737,0.6238,-0.0697,0.7743,0.6290,0.0233,0.7696,0.6381,-0.0218,0.0858,0.3389,Dark,
6.2381,5.9286,7.2794,0.0000,0.0000,0.1107,0.7846,0.6100,-0.0685,0.7854,0.6152,0.0240,0.7808,0.6243,-0.0218,0.0862,0.3378,Dark,
6.2493,5.9210,7.2871,0.0000,0.0000,0.1116,0.7909,0.6016,-0.0667,0.7919,0.6069,0.0254,0.7874,0.6160,-0.0218,0.0866,0.3366,Dark,
6.2604,5.9145,7.2970,0.0000,0.0000,0.1112,0.8001,0.5895,-0.0651,0.8013,0.5947,0.0260,0.7968,0.6036,-0.0218,0.0870,0.3355,Dark,
6.2717,5.9111,7.3204,0.0000,0.0000,0.1111,0.8033,0.5851,-0.0644,0.8046,0.5904,0.0262,0.8001,0.5992,-0.0219,0.0874,0.3341,Dark,
6.2826,5.9244,7.3382,0.0000,0.0000,0.1111,0.8062,0.5811,-0.0637,0.8076,0.5863,0.0266,0.8032,0.5951,-0.0220,0.0878,0.3330,Dark,
6.2938,5.9591,7.3449,0.0000,0.0000,0.1097,0.8082,0.5787,-0.0641,0.8094,0.5838,0.0256,0.8051,0.5926,-0.0220,0.0884,0.3320,Dark,
6.3049,5.9784,7.3528,0.0000,0.0000,0.1093,0.8100,0.5762,-0.0641,0.8112,0.5813,0.0254,0.8069,0.5901,-0.0222,0.0890,0.3307,Dark,
6.3164,5.9952,7.3576,0.0000,0.0000,0.1090,0.8142,0.5703,-0.0639,0.8154,0.5754,0.0253,0.8112,0.5842,-0.0223,0.0897,0.3296,Dark,
6.3274,6.0167,7.3922,0.0000,0.0000,0.1075,0.8155,0.5687,-0.0650,0.8164,0.5738,0.0240,0.8124,0.5825,-0.0224,0.0903,0.3285,Dark,
6.3383,6.0234,7.3942,0.0000,0.0000,0.1070,0.8165,0.5673,-0.0655,0.8173,0.5725,0.0236,0.8134,0.5812,-0.0226,0.0909,0.3272,Dark,
6.3495,6.0391,7.3942,0.0000,0.0000,0.1065,0.8194,0.5633,-0.0658,0.8201,0.5684,0.0231,0.8163,0.5772,-0.0228,0.0913,0.3263,Dark,
6.3607,6.0686,7.3768,0.0000,0.0000,0.1057,0.8194,0.5634,-0.0668,0.8200,0.5685,0.0222,0.8162,0.5773,-0.0229,0.0918,0.3254,Dark,
6.3718,6.0814,7.4027,0.0000,0.0000,0.1048,0.8209,0.5614,-0.0677,0.8213,0.5665,0.0213,0.8177,0.5753,-0.0233,0.0921,0.3243,Dark,
6.3830,6.1088,7.4399,0.0000,0.0000,0.1032,0.8218,0.5604,-0.0695,0.8219,0.5654,0.0196,0.8184,0.5743,-0.0235,0.0924,0.3234,Dark,
6.3940,6.1134,7.4504,0.0000,0.0000,0.1021,0.8232,0.5584,-0.0707,0.8231,0.5635,0.0185,0.8198,0.5724,-0.0237,0.0927,0.3225,Dark,
6.4052,6.1161,7.4639,0.0000,0.0000,0.1009,0.8246,0.5566,-0.0723,0.8242,0.5616,0.0171,0.8211,0.5706,-0.0241,0.0928,0.3216,Dark,
6.4163,6.0996,7.4717,0.0000,0.0000,0.0993,0.8258,0.5552,-0.0741,0.8251,0.5601,0.0154,0.8221,0.5691,-0.0243,0.0929,0.3208,Dark,
6.4275,6.0369,7.4148,0.0000,0.0000,0.0976,0.8284,0.5516,-0.0758,0.8275,0.5563,0.0137,0.8247,0.5655,-0.0245,0.0931,0.3201,Dark,
6.4386,5.9978,7.3437,0.0000,0.0000,0.0948,0.8341,0.5434,-0.0786,0.8329,0.5478,0.0109,0.8304,0.5571,-0.0249,0.0933,0.3192,Dark,
6.4497,5.8937,7.2151,0.0000,0.0000,0.0818,0.8483,0.5232,-0.0881,0.8457,0.5264,-0.0006,0.8442,0.5361,-0.0251,0.0937,0.3184,Dark,
6.4609,5.8467,7.1629,0.0000,0.0000,0.0743,0.8563,0.5111,-0.0916,0.8531,0.5137,-0.0062,0.8520,0.5234,-0.0255,0.0941,0.3174,Dark,
6.4722,5.8131,7.1241,0.0000,0.0000,0.0681,0.8633,0.5002,-0.0946,0.8595,0.5022,-0.0109,0.8589,0.5120,-0.0258,0.0946,0.3166,Dark,
6.4831,5.8027,7.0870,0.0000,0.0000,0.0625,0.8649,0.4980,-0.0940,0.8611,0.4997,-0.0135,0.8606,0.5092,-0.0260,0.0949,0.3159,Dark,
6.4943,5.8056,7.0965,0.0000,0.0000,0.0567,0.8717,0.4867,-0.0976,0.8674,0.4880,-0.0183,0.8673,0.4975,-0.0262,0.0951,0.3152,Dark,
6.5055,5.8171,7.1083,0.0000,0.0000,0.0512,0.8776,0.4767,-0.1011,0.8727,0.4776,-0.0229,0.8730,0.4872,-0.0265,0.0952,0.3143,Dark,
6.5165,5.8675,7.1536,0.0000,0.0000,0.0450,0.8840,0.4652,-0.1042,0.8788,0.4656,-0.0276,0.8794,0.4752,-0.0267,0.0952,0.3137,Dark,
6.5277,5.8833,7.1697,0.0000,0.0000,0.0411,0.8877,0.4587,-0.1065,0.8822,0.4587,-0.0308,0.8830,0.4684,-0.0268,0.0953,0.3131,Dark,
6.5389,5.8848,7.1806,0.0000,0.0000,0.0397,0.8910,0.4522,-0.1066,0.8856,0.4520,-0.0316,0.8865,0.4617,-0.0271,0.0953,0.3123,Dark,
6.5499,5.9130,7.2219,0.0000,0.0000,0.0554,0.8946,0.4434,-0.0879,0.8916,0.4441,-0.0142,0.8913,0.4531,-0.0273,0.0957,0.3117,Dark,
6.5611,5.9200,7.2259,0.0000,0.0000,0.0445,0.8986,0.4365,-0.0975,0.8944,0.4365,-0.0246,0.8948,0.4458,-0.0274,0.0961,0.3109,Dark,
6.5723,5.9154,7.2281,0.0000,0.0000,0.0472,0.9018,0.4295,-0.0936,0.8982,0.4295,-0.0213,0.8984,0.4387,-0.0275,0.0965,0.3099,Dark,
6.5834,5.9108,7.2322,0.0000,0.0000,0.0512,0.9044,0.4236,-0.0877,0.9015,0.4237,-0.0163,0.9014,0.4327,-0.0276,0.0968,0.3091,Dark,
6.5945,5.9087,7.2445,0.0000,0.0000,0.0519,0.9058,0.4205,-0.0862,0.9032,0.4205,-0.0152,0.9029,0.4295,-0.0276,0.0970,0.3084,Dark,
6.6060,5.9195,7.2570,0.0000,0.0000,0.0524,0.9069,0.4182,-0.0852,0.9044,0.4181,-0.0145,0.9041,0.4271,-0.0276,0.0970,0.3075,Dark,
6.6168,5.9220,7.2878,0.0000,0.0000,0.0517,0.9063,0.4195,-0.0849,0.9039,0.4193,-0.0147,0.9035,0.4283,-0.0275,0.0970,0.3068,Dark,
6.6279,5.9147,7.3024,0.0000,0.0000,0.0514,0.9070,0.4179,-0.0847,0.9047,0.4176,-0.0147,0.9043,0.4267,-0.0275,0.0969,0.3059,Dark,
6.6391,5.8918,7.3126,0.0000,0.0000,0.0509,0.9078,0.4163,-0.0848,0.9055,0.4157,-0.0151,0.9051,0.4249,-0.0274,0.0970,0.3051,Dark,
6.6502,5.8637,7.3428,0.0000,0.0000,0.0499,0.9082,0.4155,-0.0853,0.9060,0.4147,-0.0158,0.9056,0.4239,-0.0273,0.0972,0.3044,Dark,
6.6613,5.8591,7.3376,0.0000,0.0000,0.0491,0.9093,0.4133,-0.0858,0.9070,0.4123,-0.0165,0.9066,0.4216,-0.0273,0.0975,0.3034,Dark,
6.6725,5.8918,7.3286,0.0000,0.0000,0.0483,0.9100,0.4118,-0.0863,0.9078,0.4104,-0.0172,0.9074,0.4199,-0.0273,0.0978,0.3027,Dark,
6.6837,5.9142,7.3254,0.0000,0.0000,0.0482,0.9110,0.4095,-0.0863,0.9089,0.4079,-0.0173,0.9085,0.4175,-0.0273,0.0980,0.3021,Dark,
6.6947,5.9311,7.3264,0.0000,0.0000,0.0481,0.9118,0.4078,-0.0862,0.9099,0.4058,-0.0173,0.9094,0.4156,-0.0273,0.0981,0.3016,Dark,
6.7059,5.9243,7.3524,0.0000,0.0000,0.0482,0.9118,0.4078,-0.0858,0.9100,0.4056,-0.0171,0.9094,0.4155,-0.0274,0.0980,0.3011,Dark,
6.7170,5.9176,7.3717,0.0000,0.0000,0.0482,0.9116,0.4082,-0.0857,0.9100,0.4056,-0.0171,0.9093,0.4157,-0.0274,0.0979,0.3009,Dark,
6.7282,5.9120,7.3832,0.0000,0.0000,0.0481,0.9114,0.4087,-0.0857,0.9099,0.4059,-0.0172,0.9091,0.4161,-0.0275,0.0978,0.3005,Dark,
6.7395,5.9347,7.4129,0.0000,0.0000,0.0480,0.9106,0.4106,-0.0857,0.9092,0.4075,-0.0172,0.9084,0.4178,-0.0276,0.0977,0.3004,Dark,
6.7505,5.9624,7.4288,0.0000,0.0000,0.0474,0.9098,0.4122,-0.0863,0.9085,0.4088,-0.0178,0.9077,0.4193,-0.0278,0.0977,0.3003,Dark,
6.7616,5.9846,7.4318,0.0000,0.0000,0.0466,0.9091,0.4140,-0.0871,0.9078,0.4102,-0.0186,0.9069,0.4209,-0.0279,0.0977,0.3003,Dark,
6.7727,5.9913,7.4295,0.0000,0.0000,0.0455,0.9080,0.4166,-0.0883,0.9067,0.4125,-0.0198,0.9058,0.4233,-0.0282,0.0974,0.3004,Dark,
6.7839,5.9922,7.4246,0.0000,0.0000,0.0442,0.9067,0.4195,-0.0896,0.9053,0.4151,-0.0211,0.9044,0.4261,-0.0284,0.0973,0.3006,Dark,
6.7951,5.9917,7.4176,0.0000,0.0000,0.0430,0.9053,0.4225,-0.0910,0.9040,0.4178,-0.0224,0.9030,0.4290,-0.0287,0.0971,0.3009,Dark,
6.8061,5.9918,7.4125,0.0000,0.0000,0.0417,0.9039,0.4258,-0.0925,0.9024,0.4208,-0.0239,0.9015,0.4321,-0.0290,0.0968,0.3012,Dark,
6.8174,6.0001,7.4128,0.0000,0.0000,0.0403,0.9024,0.4291,-0.0940,0.9009,0.4237,-0.0253,0.9000,0.4352,-0.0293,0.0967,0.3015,Dark,
6.8284,6.0065,7.4029,0.0000,0.0000,0.0390,0.9012,0.4316,-0.0955,0.8997,0.4259,-0.0267,0.8988,0.4376,-0.0296,0.0966,0.3018,Dark,
6.8396,5.9919,7.3776,0.0000,0.0000,0.0371,0.9000,0.4344,-0.0977,0.8983,0.4283,-0.0288,0.8974,0.4403,-0.0299,0.0966,0.3021,Dark,
6.8509,5.9865,7.3638,0.0000,0.0000,0.0357,0.8989,0.4367,-0.0993,0.8972,0.4304,-0.0303,0.8963,0.4424,-0.0303,0.0968,0.3024,Dark,
6.8619,5.9820,7.3651,0.0000,0.0000,0.0340,0.8979,0.4389,-0.1012,0.8960,0.4323,-0.0321,0.8952,0.4445,-0.0307,0.0969,0.3026,Dark,
6.8729,5.9873,7.3688,0.0000,0.0000,0.0319,0.8971,0.4407,-0.1036,0.8950,0.4338,-0.0344,0.8943,0.4462,-0.0312,0.0970,0.3027,Dark,
6.8842,5.9810,7.3701,0.0000,0.0000,0.0300,0.8963,0.4424,-0.1057,0.8942,0.4351,-0.0365,0.8934,0.4477,-0.0316,0.0971,0.3028,Dark,
6.8954,5.9576,7.3345,0.0000,0.0000,0.0272,0.8958,0.4435,-0.1087,0.8935,0.4358,-0.0394,0.8928,0.4487,-0.0322,0.0973,0.3029,Dark,
6.9064,5.9426,7.3198,0.0000,0.0000,0.0244,0.8955,0.4443,-0.1114,0.8930,0.4360,-0.0421,0.8925,0.4492,-0.0329,0.0973,0.3029,Dark,
6.9176,5.8976,7.2606,0.0000,0.0000,0.0215,0.8960,0.4436,-0.1143,0.8933,0.4347,-0.0450,0.8928,0.4482,-0.0335,0.0974,0.3029,Dark,
6.9286,5.6988,7.1722,0.0000,0.0000,0.0146,0.8994,0.4369,-0.1165,0.8964,0.4277,-0.0497,0.8962,0.4410,-0.0342,0.0974,0.3027,Dark,
6.9398,5.5661,7.1432,0.0000,0.0000,0.0114,0.8971,0.4417,-0.1163,0.8942,0.4323,-0.0513,0.8938,0.4454,-0.0348,0.0975,0.3025,Dark,
6.9512,5.4527,7.0996,0.0000,0.0000,-0.0055,0.9134,0.4070,-0.1222,0.9095,0.3972,-0.0629,0.9100,0.4098,-0.0353,0.0976,0.3023,Dark,
6.9621,5.3092,7.0522,0.0000,0.0000,-0.0199,0.9231,0.3840,-0.1200,0.9193,0.3748,-0.0692,0.9200,0.3858,-0.0360,0.0974,0.3019,Dark,
6.9732,5.2748,7.0401,0.0000,0.0000,-0.0211,0.9152,0.4024,-0.1154,0.9120,0.3937,-0.0676,0.9122,0.4041,-0.0365,0.0973,0.3016,Dark,
6.9844,5.2662,7.0342,0.0000,0.0000,-0.0284,0.9209,0.3887,-0.1175,0.9175,0.3799,-0.0723,0.9180,0.3900,-0.0370,0.0971,0.3014,Dark,
6.9955,5.3550,7.0239,0.0000,0.0000,-0.0390,0.9307,0.3638,-0.1194,0.9271,0.3553,-0.0787,0.9278,0.3646,-0.0375,0.0969,0.3011,Dark,
7.0067,5.3762,7.0171,0.0000,0.0000,-0.0443,0.9341,0.3542,-0.1214,0.9304,0.3457,-0.0824,0.9313,0.3548,-0.0381,0.0965,0.3008,Dark,
7.0178,5.3965,7.0176,0.0000,0.0000,-0.0507,0.9395,0.3388,-0.1229,0.9357,0.3306,-0.0864,0.9367,0.3392,-0.0386,0.0965,0.3005,Dark,
7.0289,5.3951,7.0074,0.0000,0.0000,-0.0534,0.9400,0.3368,-0.1238,0.9363,0.3286,-0.0882,0.9373,0.3371,-0.0391,0.0965,0.3001,Dark,
7.0400,5.3604,6.9995,0.0000,0.0000,-0.0570,0.9422,0.3303,-0.1256,0.9384,0.3220,-0.0909,0.9394,0.3305,-0.0395,0.0964,0.2996,Dark,
7.0514,5.3400,7.0058,0.0000,0.0000,-0.0612,0.9440,0.3241,-0.1270,0.9402,0.3160,-0.0938,0.9413,0.3242,-0.0400,0.0964,0.2993,Dark,
7.0623,5.3478,6.9937,0.0000,0.0000,-0.0639,0.9443,0.3228,-0.1287,0.9404,0.3147,-0.0960,0.9416,0.3228,-0.0404,0.0964,0.2990,Dark,
7.0734,5.3590,6.9843,0.0000,0.0000,-0.0666,0.9451,0.3198,-0.1302,0.9412,0.3118,-0.0981,0.9424,0.3198,-0.0407,0.0962,0.2986,Dark,
7.0846,5.3700,6.9950,0.0000,0.0000,-0.0688,0.9451,0.3196,-0.1312,0.9411,0.3117,-0.0997,0.9423,0.3195,-0.0410,0.0962,0.2983,Dark,
7.0959,5.4090,6.9968,0.0000,0.0000,-0.0718,0.9449,0.3192,-0.1314,0.9411,0.3116,-0.1013,0.9423,0.3192,-0.0413,0.0962,0.2980,Dark,
7.1070,5.4211,6.9917,0.0000,0.0000,-0.0744,0.9463,0.3146,-0.1328,0.9424,0.3070,-0.1033,0.9436,0.3144,-0.0416,0.0961,0.2976,Dark,
7.1180,5.4302,6.9710,0.0000,0.0000,-0.0762,0.9463,0.3143,-0.1335,0.9423,0.3069,-0.1046,0.9436,0.3141,-0.0418,0.0961,0.2974,Dark,
7.1291,5.4679,6.9499,0.0000,0.0000,-0.0780,0.9468,0.3123,-0.1344,0.9428,0.3049,-0.1059,0.9441,0.3121,-0.0420,0.0958,0.2971,Dark,
7.1403,5.4340,6.9502,0.0000,0.0000,-0.0795,0.9472,0.3105,-0.1356,0.9433,0.3031,-0.1073,0.9446,0.3103,-0.0422,0.0958,0.2969,Dark,
7.1515,5.4040,6.9649,0.0000,0.0000,-0.0802,0.9472,0.3104,-0.1360,0.9432,0.3029,-0.1079,0.9445,0.3102,-0.0424,0.0958,0.2967,Dark,
7.1626,5.3627,7.0006,0.0000,0.0000,-0.0813,0.9478,0.3084,-0.1367,0.9438,0.3009,-0.1088,0.9451,0.3081,-0.0426,0.0958,0.2966,Dark,
7.1737,5.3682,7.0172,0.0000,0.0000,-0.0822,0.9480,0.3076,-0.1375,0.9440,0.3000,-0.1096,0.9453,0.3073,-0.0427,0.0956,0.2965,Dark,
7.1848,5.3778,7.0018,0.0000,0.0000,-0.0829,0.9479,0.3076,-0.1382,0.9439,0.2999,-0.1103,0.9452,0.3072,-0.0429,0.0956,0.2965,Dark,
7.1960,5.4063,7.0019,0.0000,0.0000,-0.0834,0.9479,0.3074,-0.1387,0.9439,0.2996,-0.1108,0.9453,0.3069,-0.0430,0.0953,0.2965,Dark,
7.2071,5.4594,7.0145,0.0000,0.0000,-0.0841,0.9476,0.3081,-0.1396,0.9436,0.3003,-0.1116,0.9449,0.3077,-0.0431,0.0952,0.2967,Dark,
7.2182,5.5006,7.0216,0.0000,0.0000,-0.0846,0.9476,0.3081,-0.1404,0.9435,0.3002,-0.1123,0.9449,0.3076,-0.0432,0.0952,0.2970,Dark,
7.2294,5.4972,7.0107,0.0000,0.0000,-0.0854,0.9472,0.3091,-0.1414,0.9431,0.3011,-0.1132,0.9444,0.3086,-0.0433,0.0951,0.2973,Dark,
7.2405,5.5121,6.9989,0.0000,0.0000,-0.0859,0.9468,0.3102,-0.1421,0.9427,0.3020,-0.1138,0.9440,0.3096,-0.0433,0.0950,0.2976,Dark,
7.2517,5.5106,7.0485,0.0000,0.0000,-0.0860,0.9468,0.3102,-0.1425,0.9426,0.3020,-0.1141,0.9440,0.3096,-0.0434,0.0949,0.2979,Dark,
7.2628,5.5041,7.0249,0.0000,0.0000,-0.0865,0.9463,0.3115,-0.1431,0.9421,0.3031,-0.1146,0.9435,0.3108,-0.0435,0.0948,0.2983,Dark,
7.2739,5.5118,7.0048,0.0000,0.0000,-0.0871,0.9458,0.3128,-0.1438,0.9417,0.3043,-0.1152,0.9430,0.3121,-0.0436,0.0947,0.2988,Dark,
7.2851,5.5183,7.0260,0.0000,0.0000,-0.0873,0.9458,0.3129,-0.1443,0.9416,0.3044,-0.1156,0.9430,0.3122,-0.0436,0.0947,0.2992,Dark,
7.2962,5.5207,7.0277,0.0000,0.0000,-0.0876,0.9452,0.3144,-0.1447,0.9411,0.3057,-0.1160,0.9424,0.3136,-0.0437,0.0944,0.2997,Dark,
7.3074,5.4999,7.0324,0.0000,0.0000,-0.0882,0.9446,0.3161,-0.1454,0.9404,0.3074,-0.1166,0.9418,0.3153,-0.0438,0.0943,0.3002,Dark,
7.3185,5.4596,6.9835,0.0000,0.0000,-0.0891,0.9440,0.3177,-0.1465,0.9398,0.3089,-0.1176,0.9412,0.3168,-0.0438,0.0941,0.3008,Dark,
7.3297,5.4429,6.9763,0.0000,0.0000,-0.0902,0.9429,0.3207,-0.1477,0.9386,0.3118,-0.1188,0.9400,0.3198,-0.0439,0.0939,0.3014,Dark,
7.3407,5.4666,6.9724,0.0000,0.0000,-0.0917,0.9414,0.3245,-0.1492,0.9371,0.3155,-0.1203,0.9385,0.3236,-0.0439,0.0935,0.3021,Dark,
7.3519,5.5198,6.8631,0.0000,0.0000,-0.0940,0.9395,0.3293,-0.1506,0.9353,0.3203,-0.1222,0.9366,0.3283,-0.0440,0.0932,0.3029,Dark,
7.3631,5.5439,6.9060,0.0000,0.0000,-0.0974,0.9370,0.3354,-0.1544,0.9326,0.3261,-0.1257,0.9341,0.3343,-0.0440,0.0927,0.3037,Dark,
7.3741,5.5282,6.9434,0.0000,0.0000,-0.1021,0.9325,0.3464,-0.1595,0.9280,0.3368,-0.1306,0.9294,0.3451,-0.0441,0.0923,0.3046,Dark,
7.3853,5.5424,6.9976,0.0000,0.0000,-0.1052,0.9187,0.3807,-0.1652,0.9140,0.3706,-0.1350,0.9153,0.3794,-0.0442,0.0919,0.3057,Dark,
7.3965,5.5697,7.0291,0.0000,0.0000,-0.1044,0.9072,0.4075,-0.1660,0.9026,0.3972,-0.1350,0.9038,0.4062,-0.0443,0.0912,0.3067,Dark,
7.4076,5.6302,7.0469,0.0000,0.0000,-0.1045,0.8960,0.4316,-0.1680,0.8914,0.4210,-0.1361,0.8924,0.4303,-0.0443,0.0907,0.3079,Dark,
7.4187,5.7619,7.1085,0.0000,0.0000,-0.1054,0.8691,0.4834,-0.1739,0.8643,0.4719,-0.1394,0.8651,0.4819,-0.0444,0.0901,0.3093,Dark,
7.4300,5.8211,7.1153,0.0000,0.0000,-0.1085,0.8584,0.5013,-0.1797,0.8534,0.4892,-0.1439,0.8542,0.4997,-0.0445,0.0892,0.3107,Dark,
7.4410,5.9372,6.9978,0.0000,0.0000,-0.1040,0.8458,0.5232,-0.1825,0.8406,0.5099,-0.1430,0.8412,0.5214,-0.0446,0.0885,0.3123,Dark,
7.4522,5.9209,6.8948,0.0000,0.0000,-0.1090,0.8427,0.5272,-0.1908,0.8370,0.5129,-0.1496,0.8378,0.5251,-0.0447,0.0878,0.3140,Dark,
7.4638,5.9015,6.8095,0.0000,0.0000,-0.1086,0.8223,0.5585,-0.1946,0.8165,0.5435,-0.1514,0.8170,0.5564,-0.0448,0.0868,0.3157,Dark,
7.4744,6.0240,6.7018,0.0000,0.0000,-0.1031,0.8111,0.5757,-0.1971,0.8051,0.5594,-0.1498,0.8055,0.5734,-0.0450,0.0860,0.3175,Dark,
7.4855,6.1185,6.8798,0.0000,0.0000,-0.0817,0.7865,0.6121,-0.1814,0.7820,0.5962,-0.1311,0.7812,0.6103,-0.0451,0.0851,0.3195,Dark,
7.4967,6.1977,7.0449,0.0000,0.0000,-0.0925,0.7818,0.6167,-0.1971,0.7761,0.5991,-0.1444,0.7757,0.6143,-0.0452,0.0841,0.3215,Dark,
7.5078,6.3353,7.4536,0.0000,0.0000,-0.0757,0.7289,0.6805,-0.1934,0.7239,0.6622,-0.1339,0.7223,0.6785,-0.0453,0.0830,0.3236,Dark,
7.5189,6.3801,7.6298,0.0000,0.0000,-0.0712,0.6863,0.7238,-0.1962,0.6814,0.7051,-0.1329,0.6791,0.7219,-0.0454,0.0821,0.3258,Dark,
7.5301,6.4693,7.7490,0.0000,0.0000,-0.0666,0.6359,0.7689,-0.1995,0.6309,0.7497,-0.1321,0.6279,0.7670,-0.0454,0.0811,0.3281,Dark,
7.5412,6.6075,7.9006,0.0000,0.0000,-0.0565,0.5694,0.8201,-0.2049,0.5639,0.8000,-0.1294,0.5600,0.8183,-0.0454,0.0798,0.3306,Dark,
7.5523,6.6611,7.9879,0.0000,0.0000,-0.0536,0.5002,0.8642,-0.2096,0.4939,0.8438,-0.1301,0.4895,0.8622,-0.0454,0.0787,0.3329,Dark,
7.5636,6.7321,8.0540,0.0000,0.0000,-0.0511,0.4337,0.8996,-0.2149,0.4265,0.8786,-0.1313,0.4217,0.8972,-0.0454,0.0776,0.3354,Dark,
7.5746,6.8205,8.1938,0.0000,0.0000,-0.0463,0.3460,0.9371,-0.2260,0.3367,0.9141,-0.1342,0.3316,0.9338,-0.0455,0.0762,0.3380,Dark,
7.5857,6.8468,8.2515,0.0000,0.0000,-0.0451,0.3108,0.9494,-0.2332,0.3007,0.9248,-0.1370,0.2954,0.9455,-0.0455,0.0750,0.3405,Dark,
7.5969,6.8524,8.2919,0.0000,0.0000,-0.0458,0.2921,0.9553,-0.2531,0.2804,0.9259,-0.1472,0.2748,0.9502,-0.0456,0.0736,0.3432,Dark,
7.6081,6.8206,8.2872,0.0000,0.0000,-0.0484,0.2783,0.9593,-0.2655,0.2658,0.9268,-0.1547,0.2600,0.9531,-0.0456,0.0720,0.3458,Dark,
7.6193,6.7940,8.2348,0.0000,0.0000,-0.0478,0.2676,0.9623,-0.2744,0.2546,0.9273,-0.1587,0.2484,0.9556,-0.0456,0.0705,0.3485,Dark,
7.6305,6.7471,8.1445,0.0000,0.0000,-0.0430,0.2756,0.9603,-0.2881,0.2619,0.9211,-0.1631,0.2552,0.9530,-0.0457,0.0690,0.3512,Dark,
7.6416,6.7189,8.1112,0.0000,0.0000,-0.0425,0.2671,0.9627,-0.2958,0.2532,0.9211,-0.1667,0.2461,0.9548,-0.0457,0.0671,0.3538,Dark,
7.6527,6.6987,8.0707,0.0000,0.0000,-0.0427,0.2580,0.9652,-0.3037,0.2438,0.9210,-0.1707,0.2363,0.9566,-0.0458,0.0654,0.3565,Dark,
7.6639,6.6382,8.0366,0.0000,0.0000,-0.0399,0.2576,0.9654,-0.3147,0.2430,0.9176,-0.1748,0.2350,0.9562,-0.0459,0.0636,0.3591,Dark,
7.6752,6.5993,8.0341,0.0000,0.0000,-0.0336,0.2498,0.9677,-0.3138,0.2355,0.9198,-0.1710,0.2269,0.9588,-0.0461,0.0615,0.3617,Dark,
7.6861,6.5698,8.0289,0.0000,0.0000,-0.0277,0.2407,0.9702,-0.3129,0.2268,0.9223,-0.1673,0.2176,0.9616,-0.0464,0.0595,0.3643,Dark,
7.6973,6.5297,8.0071,0.0000,0.0000,-0.0116,0.2398,0.9707,-0.3044,0.2270,0.9251,-0.1544,0.2168,0.9639,-0.0466,0.0575,0.3668,Dark,
7.7085,6.5394,7.9904,0.0000,0.0000,-0.0077,0.2258,0.9741,-0.3027,0.2132,0.9289,-0.1514,0.2025,0.9675,-0.0469,0.0552,0.3692,Dark,
7.7196,6.5498,7.9746,0.0000,0.0000,-0.0030,0.2119,0.9773,-0.2996,0.1997,0.9329,-0.1471,0.1885,0.9710,-0.0473,0.0531,0.3717,Dark,
7.7309,6.6145,8.0092,0.0000,0.0000,0.0173,0.2018,0.9793,-0.2830,0.1910,0.9399,-0.1279,0.1787,0.9756,-0.0477,0.0510,0.3740,Dark,
7.7419,6.6323,8.0498,0.0000,0.0000,0.0239,0.1729,0.9847,-0.2776,0.1616,0.9470,-0.1215,0.1490,0.9813,-0.0480,0.0487,0.3763,Dark,
7.7530,6.6528,8.1662,0.0000,0.0000,0.0366,0.1373,0.9898,-0.2708,0.1249,0.9545,-0.1110,0.1121,0.9875,-0.0485,0.0464,0.3785,Dark,
7.7643,6.6580,8.1915,0.0000,0.0000,0.0377,0.1114,0.9931,-0.2740,0.0977,0.9568,-0.1117,0.0849,0.9901,-0.0491,0.0443,0.3807,Dark,
7.7754,6.6519,8.2049,0.0000,0.0000,0.0353,0.0945,0.9949,-0.2804,0.0800,0.9565,-0.1159,0.0671,0.9910,-0.0497,0.0421,0.3829,Dark,
7.7864,6.6274,8.1433,0.0000,0.0000,0.0357,0.0819,0.9960,-0.2888,0.0665,0.9551,-0.1196,0.0533,0.9914,-0.0504,0.0398,0.3850,Dark,
7.7975,6.6110,8.1166,0.0000,0.0000,0.0429,0.0633,0.9971,-0.2842,0.0472,0.9576,-0.1131,0.0339,0.9930,-0.0511,0.0375,0.3871,Dark,
7.8087,6.5979,8.0896,0.0000,0.0000,0.0386,0.0437,0.9983,-0.2913,0.0266,0.9563,-0.1186,0.0133,0.9929,-0.0519,0.0348,0.3891,Dark,
7.8198,6.5365,8.0107,0.0000,0.0000,0.0199,0.0369,0.9991,-0.3149,0.0194,0.9489,-0.1402,0.0058,0.9901,-0.0528,0.0324,0.3911,Dark,
7.8311,6.5138,7.9885,0.0000,0.0000,0.0238,0.0091,0.9997,-0.3107,-0.0096,0.9504,-0.1357,-0.0229,0.9905,-0.0538,0.0298,0.3930,Dark,
7.8422,6.4985,7.9535,0.0000,0.0000,0.0137,-0.0072,0.9999,-0.3214,-0.0267,0.9466,-0.1461,-0.0399,0.9885,-0.0548,0.0270,0.3949,Dark,
7.8532,6.4433,7.8929,0.0000,0.0000,0.0026,-0.0225,0.9997,-0.3324,-0.0423,0.9422,-0.1572,-0.0557,0.9860,-0.0560,0.0243,0.3967,Dark,
7.8647,6.4308,7.8772,0.0000,0.0000,-0.0094,-0.0371,0.9993,-0.3441,-0.0570,0.9372,-0.1692,-0.0705,0.9831,-0.0573,0.0215,0.3985,Dark,
7.8759,6.4225,7.8548,0.0000,0.0000,-0.0239,-0.0498,0.9985,-0.3564,-0.0695,0.9318,-0.1828,-0.0832,0.9796,-0.0588,0.0187,0.4002,Dark,
7.8866,6.3980,7.8429,0.0000,0.0000,-0.0384,-0.0585,0.9976,-0.3654,-0.0777,0.9276,-0.1948,-0.0915,0.9766,-0.0603,0.0159,0.4019,Dark,
7.8978,6.4137,7.8728,0.0000,0.0000,-0.0557,-0.0746,0.9957,-0.3813,-0.0937,0.9197,-0.2117,-0.1077,0.9714,-0.0619,0.0129,0.4034,Dark,
7.9089,6.4270,7.8983,0.0000,0.0000,-0.0667,-0.0949,0.9932,-0.3904,-0.1144,0.9135,-0.2216,-0.1284,0.9666,-0.0636,0.0095,0.4048,Dark,
7.9200,6.4932,7.9684,0.0000,0.0000,-0.1193,-0.1473,0.9819,-0.4372,-0.1665,0.8838,-0.2730,-0.1810,0.9448,-0.0654,0.0060,0.4061,Dark,
7.9312,6.5208,8.0058,0.0000,0.0000,-0.1133,-0.1475,0.9826,-0.4274,-0.1665,0.8886,-0.2643,-0.1808,0.9473,-0.0674,0.0025,0.4070,Dark,
7.9423,6.5400,8.0638,0.0000,0.0000,-0.1411,-0.1839,0.9728,-0.4531,-0.2022,0.8682,-0.2916,-0.2173,0.9315,-0.0695,-0.0008,0.4079,Dark,
7.9534,6.6230,8.1743,0.0000,0.0000,-0.1867,-0.2462,0.9511,-0.4953,-0.2623,0.8282,-0.3367,-0.2792,0.8993,-0.0717,-0.0040,0.4087,Dark,
7.9645,6.6612,8.2251,0.0000,0.0000,-0.2165,-0.2873,0.9331,-0.5217,-0.3006,0.7984,-0.3654,-0.3193,0.8744,-0.0739,-0.0070,0.4096,Dark,
7.9758,6.6899,8.2826,0.0000,0.0000,-0.2385,-0.3230,0.9159,-0.5422,-0.3336,0.7712,-0.3870,-0.3541,0.8514,-0.0759,-0.0102,0.4104,Dark,
7.9869,6.6832,8.3299,0.0000,0.0000,-0.2574,-0.3677,0.8936,-0.5614,-0.3751,0.7377,-0.4063,-0.3978,0.8226,-0.0782,-0.0133,0.4110,Dark,
7.9980,6.6871,8.3287,0.0000,0.0000,-0.2735,-0.3953,0.8769,-0.5767,-0.3997,0.7125,-0.4222,-0.4244,0.8010,-0.0804,-0.0165,0.4115,Dark,
8.0092,6.6901,8.3344,0.0000,0.0000,-0.2813,-0.4195,0.8631,-0.5849,-0.4216,0.6929,-0.4301,-0.4478,0.7839,-0.0827,-0.0196,0.4118,Dark,
8.0203,6.7150,8.3432,0.0000,0.0000,-0.2865,-0.4444,0.8488,-0.5926,-0.4447,0.6716,-0.4363,-0.4725,0.7658,-0.0849,-0.0226,0.4120,Dark,
8.0316,6.7179,8.3495,0.0000,0.0000,-0.2991,-0.4663,0.8325,-0.6043,-0.4639,0.6478,-0.4486,-0.4934,0.7452,-0.0872,-0.0254,0.4122,Dark,
8.0426,6.7181,8.3735,0.0000,0.0000,-0.3020,-0.4865,0.8198,-0.6066,-0.4833,0.6312,-0.4509,-0.5134,0.7302,-0.0892,-0.0282,0.4126,Dark,
8.0537,6.7406,8.3535,0.0000,0.0000,-0.2981,-0.5105,0.8066,-0.6044,-0.5076,0.6141,-0.4471,-0.5379,0.7147,-0.0915,-0.0307,0.4129,Dark,
8.0648,6.7354,8.3202,0.0000,0.0000,-0.3076,-0.5243,0.7940,-0.6129,-0.5195,0.5954,-0.4561,-0.5511,0.6988,-0.0938,-0.0331,0.4131,Dark,
8.0760,6.7258,8.2351,0.0000,0.0000,-0.3056,-0.5302,0.7909,-0.6106,-0.5262,0.5919,-0.4534,-0.5574,0.6955,-0.0963,-0.0357,0.4134,Dark,
8.0871,6.7204,8.1862,0.0000,0.0000,-0.3033,-0.5371,0.7871,-0.6052,-0.5344,0.5901,-0.4489,-0.5646,0.6926,-0.0986,-0.0383,0.4134,Dark,
8.0982,6.7132,8.1521,0.0000,0.0000,-0.3120,-0.5474,0.7765,-0.6109,-0.5429,0.5763,-0.4561,-0.5740,0.6801,-0.1007,-0.0408,0.4134,Dark,
8.1094,6.7476,8.2447,0.0000,0.0000,-0.3125,-0.5570,0.7695,-0.6069,-0.5528,0.5711,-0.4538,-0.5832,0.6737,-0.1029,-0.0435,0.4135,Dark,
8.1205,6.7803,8.2830,0.0000,0.0000,-0.3283,-0.5776,0.7474,-0.6159,-0.5696,0.5442,-0.4665,-0.6016,0.6484,-0.1049,-0.0460,0.4133,Dark,
8.1318,6.8262,8.3134,0.0000,0.0000,-0.3426,-0.6022,0.7211,-0.6235,-0.5902,0.5128,-0.4776,-0.6239,0.6186,-0.1069,-0.0484,0.4131,Dark,
8.1427,6.8808,8.3537,0.0000,0.0000,-0.3555,-0.6525,0.6693,-0.6218,-0.6350,0.4583,-0.4833,-0.6700,0.5635,-0.1088,-0.0509,0.4131,Dark,
8.1539,6.8905,8.3602,0.0000,0.0000,-0.3631,-0.6750,0.6422,-0.6221,-0.6545,0.4296,-0.4872,-0.6903,0.5348,-0.1108,-0.0533,0.4129,Dark,
8.1650,6.9106,8.3654,0.0000,0.0000,-0.3665,-0.6994,0.6136,-0.6177,-0.6765,0.4009,-0.4865,-0.7127,0.5054,-0.1128,-0.0557,0.4127,Dark,
8.1762,6.9309,8.4109,0.0000,0.0000,-0.3754,-0.7257,0.5766,-0.6144,-0.6991,0.3657,-0.4893,-0.7357,0.4683,-0.1146,-0.0579,0.4127,Dark,
8.1874,6.9351,8.4304,0.0000,0.0000,-0.3786,-0.7385,0.5579,-0.6109,-0.7107,0.3488,-0.4889,-0.7472,0.4502,-0.1165,-0.0602,0.4124,Dark,
8.1985,6.9444,8.4451,0.0000,0.0000,-0.3815,-0.7494,0.5412,-0.6082,-0.7204,0.3333,-0.4888,-0.7569,0.4337,-0.1184,-0.0625,0.4122,Dark,
8.2095,6.9494,8.4865,0.0000,0.0000,-0.3867,-0.7589,0.5241,-0.6064,-0.7285,0.3186,-0.4904,-0.7649,0.4176,-0.1201,-0.0648,0.4122,Dark,
8.2209,6.9489,8.4613,0.0000,0.0000,-0.3897,-0.7628,0.5160,-0.6064,-0.7318,0.3111,-0.4918,-0.7683,0.4097,-0.1219,-0.0670,0.4120,Dark,
8.2319,6.9348,8.4390,0.0000,0.0000,-0.3919,-0.7645,0.5118,-0.6070,-0.7332,0.3067,-0.4931,-0.7698,0.4054,-0.1236,-0.0693,0.4117,Dark,
8.2435,6.9019,8.3738,0.0000,0.0000,-0.3913,-0.7608,0.5177,-0.6049,-0.7314,0.3150,-0.4916,-0.7669,0.4126,-0.1251,-0.0715,0.4114,Dark,
8.2543,6.8857,8.3508,0.0000,0.0000,-0.3916,-0.7850,0.4800,-0.5986,-0.7518,0.2765,-0.4884,-0.7884,0.3740,-0.1267,-0.0738,0.4110,Dark,
8.2654,6.8666,8.2574,0.0000,0.0000,-0.3913,-0.7653,0.5111,-0.5996,-0.7371,0.3118,-0.4886,-0.7714,0.4078,-0.1282,-0.0760,0.4106,Dark,
8.2764,6.8631,8.2194,0.0000,0.0000,-0.3909,-0.7813,0.4867,-0.5939,-0.7512,0.2881,-0.4854,-0.7858,0.3833,-0.1296,-0.0782,0.4103,Dark,
8.2881,6.8515,8.1721,0.0000,0.0000,-0.3903,-0.7743,0.4980,-0.5927,-0.7465,0.3023,-0.4844,-0.7799,0.3964,-0.1310,-0.0804,0.4099,Dark,
8.2989,6.8239,8.1119,0.0000,0.0000,-0.3894,-0.7800,0.4899,-0.5876,-0.7526,0.2972,-0.4813,-0.7852,0.3896,-0.1324,-0.0826,0.4095,Dark,
8.3099,6.8082,8.0892,0.0000,0.0000,-0.3877,-0.7815,0.4887,-0.5835,-0.7553,0.2986,-0.4782,-0.7870,0.3898,-0.1336,-0.0846,0.4093,Dark,
8.3211,6.7749,8.0744,0.0000,0.0000,-0.3809,-0.7811,0.4948,-0.5769,-0.7571,0.3064,-0.4713,-0.7877,0.3969,-0.1349,-0.0867,0.4089,Dark,
8.3322,6.7367,8.0651,0.0000,0.0000,-0.3754,-0.7767,0.5058,-0.5698,-0.7560,0.3222,-0.4647,-0.7846,0.4105,-0.1362,-0.0888,0.4086,Dark,
8.3433,6.7291,8.0900,0.0000,0.0000,-0.3751,-0.7796,0.5015,-0.5686,-0.7587,0.3179,-0.4639,-0.7873,0.4061,-0.1373,-0.0908,0.4084,Dark,
8.3545,6.7738,8.1321,0.0000,0.0000,-0.3835,-0.7838,0.4884,-0.5737,-0.7604,0.3044,-0.4708,-0.7901,0.3926,-0.1383,-0.0929,0.4081,Dark,
8.3656,6.7899,8.1474,0.0000,0.0000,-0.3836,-0.7913,0.4761,-0.5725,-0.7664,0.2912,-0.4703,-0.7967,0.3796,-0.1393,-0.0947,0.4079,Dark,
8.3767,6.8011,8.1551,0.0000,0.0000,-0.3816,-0.7996,0.4637,-0.5704,-0.7732,0.2771,-0.4681,-0.8042,0.3662,-0.1401,-0.0966,0.4076,Dark,
8.3879,6.8267,8.1430,0.0000,0.0000,-0.3802,-0.8080,0.4501,-0.5697,-0.7795,0.2605,-0.4670,-0.8117,0.3508,-0.1409,-0.0985,0.4074,Dark,
8.3991,6.8152,8.1300,0.0000,0.0000,-0.3763,-0.8131,0.4441,-0.5663,-0.7842,0.2535,-0.4632,-0.8167,0.3442,-0.1416,-0.1002,0.4075,Dark,
8.4101,6.8055,8.1020,0.0000,0.0000,-0.3720,-0.8172,0.4403,-0.5629,-0.7882,0.2488,-0.4593,-0.8207,0.3398,-0.1422,-0.1019,0.4074,Dark,
8.4213,6.7729,8.0378,0.0000,0.0000,-0.3633,-0.8143,0.4528,-0.5571,-0.7881,0.2617,-0.4518,-0.8195,0.3527,-0.1429,-0.1034,0.4075,Dark,
8.4324,6.7461,8.0055,0.0000,0.0000,-0.3569,-0.8130,0.4600,-0.5520,-0.7889,0.2699,-0.4459,-0.8193,0.3605,-0.1437,-0.1048,0.4078,Dark,
8.4436,6.7262,7.9799,0.0000,0.0000,-0.3547,-0.8134,0.4611,-0.5507,-0.7896,0.2705,-0.4440,-0.8199,0.3614,-0.1444,-0.1060,0.4080,Dark,
8.4547,6.6657,7.9357,0.0000,0.0000,-0.3506,-0.8089,0.4719,-0.5489,-0.7869,0.2818,-0.4410,-0.8165,0.3726,-0.1450,-0.1073,0.4082,Dark,
8.4660,6.6337,7.9168,0.0000,0.0000,-0.3447,-0.8079,0.4780,-0.5445,-0.7875,0.2887,-0.4356,-0.8164,0.3792,-0.1458,-0.1084,0.4085,Dark,
8.4774,6.6098,7.8869,0.0000,0.0000,-0.3422,-0.8084,0.4789,-0.5429,-0.7884,0.2894,-0.4335,-0.8171,0.3799,-0.1464,-0.1094,0.4086,Dark,
8.4881,6.5699,7.8653,0.0000,0.0000,-0.3359,-0.8045,0.4898,-0.5389,-0.7867,0.3012,-0.4282,-0.8145,0.3915,-0.1469,-0.1104,0.4087,Dark,
8.4994,6.5559,7.8699,0.0000,0.0000,-0.3321,-0.8034,0.4942,-0.5359,-0.7867,0.3064,-0.4247,-0.8140,0.3963,-0.1477,-0.1113,0.4090,Dark,
8.5103,6.5462,7.8659,0.0000,0.0000,-0.3287,-0.8023,0.4983,-0.5335,-0.7866,0.3108,-0.4217,-0.8134,0.4007,-0.1483,-0.1120,0.4092,Dark,
8.5215,6.5392,7.8908,0.0000,0.0000,-0.3259,-0.7988,0.5057,-0.5319,-0.7844,0.3189,-0.4194,-0.8107,0.4085,-0.1489,-0.1127,0.4092,Dark,
8.5327,6.5384,7.9121,0.0000,0.0000,-0.3240,-0.7982,0.5078,-0.5305,-0.7844,0.3212,-0.4177,-0.8104,0.4108,-0.1496,-0.1134,0.4092,Dark,
8.5438,6.5382,7.9118,0.0000,0.0000,-0.3222,-0.7983,0.5088,-0.5289,-0.7850,0.3224,-0.4159,-0.8108,0.4119,-0.1504,-0.1141,0.4093,Dark,
8.5551,6.5226,7.9180,0.0000,0.0000,-0.3242,-0.7965,0.5103,-0.5316,-0.7829,0.3233,-0.4183,-0.8089,0.4131,-0.1510,-0.1147,0.4092,Dark,
8.5660,6.5164,7.9213,0.0000,0.0000,-0.3259,-0.7970,0.5085,-0.5335,-0.7826,0.3208,-0.4201,-0.8091,0.4109,-0.1517,-0.1152,0.4093,Dark,
8.5771,6.5068,7.9175,0.0000,0.0000,-0.3309,-0.7964,0.5063,-0.5391,-0.7805,0.3167,-0.4255,-0.8079,0.4077,-0.1523,-0.1157,0.4091,Dark,
8.5883,6.5036,7.9057,0.0000,0.0000,-0.3329,-0.7977,0.5028,-0.5414,-0.7807,0.3120,-0.4278,-0.8088,0.4035,-0.1529,-0.1163,0.4090,Dark,
8.5995,6.4988,7.8952,0.0000,0.0000,-0.3342,-0.7980,0.5015,-0.5431,-0.7804,0.3100,-0.4293,-0.8089,0.4018,-0.1536,-0.1168,0.4090,Dark,
8.6105,6.4893,7.9145,0.0000,0.0000,-0.3382,-0.7967,0.5008,-0.5479,-0.7779,0.3077,-0.4338,-0.8072,0.4003,-0.1541,-0.1171,0.4090,Dark,
8.6217,6.4849,7.9092,0.0000,0.0000,-0.3389,-0.7962,0.5013,-0.5490,-0.7773,0.3074,-0.4347,-0.8067,0.4004,-0.1546,-0.1174,0.4089,Dark,
8.6329,6.4701,7.9052,0.0000,0.0000,-0.3395,-0.7956,0.5018,-0.5498,-0.7767,0.3072,-0.4354,-0.8062,0.4006,-0.1551,-0.1177,0.4091,Dark,
8.6441,6.4575,7.8866,0.0000,0.0000,-0.3419,-0.7934,0.5037,-0.5530,-0.7742,0.3079,-0.4382,-0.8040,0.4019,-0.1555,-0.1178,0.4091,Dark,
8.6552,6.4577,7.8776,0.0000,0.0000,-0.3418,-0.7919,0.5060,-0.5536,-0.7730,0.3100,-0.4386,-0.8027,0.4041,-0.1558,-0.1179,0.4093,Dark,
8.6663,6.4661,7.8716,0.0000,0.0000,-0.3415,-0.7902,0.5089,-0.5540,-0.7716,0.3126,-0.4386,-0.8013,0.4069,-0.1562,-0.1179,0.4096,Dark,
8.6776,6.4814,7.8545,0.0000,0.0000,-0.3432,-0.7879,0.5113,-0.5566,-0.7690,0.3143,-0.4408,-0.7990,0.4090,-0.1564,-0.1178,0.4098,Dark,
8.6886,6.4694,7.8433,0.0000,0.0000,-0.3429,-0.7859,0.5145,-0.5571,-0.7674,0.3175,-0.4410,-0.7973,0.4122,-0.1566,-0.1178,0.4101,Dark,
8.6999,6.4514,7.8133,0.0000,0.0000,-0.3441,-0.7830,0.5182,-0.5591,-0.7644,0.3211,-0.4427,-0.7944,0.4158,-0.1568,-0.1175,0.4106,Dark,
8.7113,6.4460,7.8207,0.0000,0.0000,-0.3430,-0.7806,0.5225,-0.5590,-0.7625,0.3258,-0.4421,-0.7923,0.4204,-0.1568,-0.1172,0.4111,Dark,
8.7221,6.4482,7.8289,0.0000,0.0000,-0.3416,-0.7780,0.5272,-0.5586,-0.7605,0.3311,-0.4413,-0.7901,0.4254,-0.1567,-0.1169,0.4117,Dark,
8.7334,6.4479,7.8468,0.0000,0.0000,-0.3408,-0.7747,0.5326,-0.5593,-0.7575,0.3368,-0.4413,-0.7871,0.4310,-0.1565,-0.1165,0.4126,Dark,
8.7443,6.4442,7.8416,0.0000,0.0000,-0.3374,-0.7721,0.5386,-0.5574,-0.7557,0.3438,-0.4387,-0.7849,0.4375,-0.1560,-0.1162,0.4134,Dark,
8.7556,6.4428,7.8354,0.0000,0.0000,-0.3330,-0.7696,0.5448,-0.5546,-0.7543,0.3515,-0.4351,-0.7830,0.4445,-0.1554,-0.1158,0.4143,Dark,
8.7677,6.4370,7.8080,0.0000,0.0000,-0.3278,-0.7669,0.5518,-0.5514,-0.7525,0.3601,-0.4310,-0.7808,0.4523,-0.1546,-0.1154,0.4156,Dark,
8.7778,6.4340,7.7991,0.0000,0.0000,-0.3197,-0.7642,0.5601,-0.5457,-0.7514,0.3709,-0.4241,-0.7790,0.4619,-0.1535,-0.1150,0.4169,Dark,
8.7890,6.4427,7.7935,0.0000,0.0000,-0.3104,-0.7616,0.5689,-0.5389,-0.7506,0.3823,-0.4161,-0.7773,0.4719,-0.1523,-0.1146,0.4182,Dark,
8.8002,6.4616,7.7900,0.0000,0.0000,-0.3011,-0.7586,0.5778,-0.5333,-0.7492,0.3928,-0.4086,-0.7752,0.4817,-0.1508,-0.1141,0.4196,Dark,
8.8112,6.4713,7.7966,0.0000,0.0000,-0.2879,-0.7556,0.5883,-0.5242,-0.7486,0.4059,-0.3975,-0.7736,0.4935,-0.1491,-0.1137,0.4214,Dark,
8.8223,6.4743,7.8020,0.0000,0.0000,-0.2760,-0.7527,0.5977,-0.5160,-0.7478,0.4179,-0.3874,-0.7718,0.5042,-0.1474,-0.1132,0.4229,Dark,
8.8338,6.4823,7.8569,0.0000,0.0000,-0.2643,-0.7501,0.6062,-0.5103,-0.7465,0.4270,-0.3787,-0.7704,0.5130,-0.1455,-0.1127,0.4246,Dark,
8.8445,6.4877,7.8871,0.0000,0.0000,-0.2537,-0.7473,0.6142,-0.5053,-0.7446,0.4362,-0.3709,-0.7684,0.5215,-0.1435,-0.1122,0.4262,Dark,
8.8558,6.5198,7.9118,0.0000,0.0000,-0.2599,-0.7440,0.6156,-0.5198,-0.7372,0.4317,-0.3820,-0.7642,0.5197,-0.1414,-0.1116,0.4278,Dark,
8.8669,6.5394,7.9097,0.0000,0.0000,-0.2703,-0.7414,0.6142,-0.5323,-0.7304,0.4281,-0.3943,-0.7599,0.5168,-0.1394,-0.1108,0.4296,Dark,
8.8781,6.5541,7.8948,0.0000,0.0000,-0.2860,-0.7382,0.6109,-0.5505,-0.7214,0.4201,-0.4124,-0.7544,0.5107,-0.1371,-0.1101,0.4313,Dark,
8.8891,6.5521,7.8724,0.0000,0.0000,-0.3205,-0.7391,0.5925,-0.5827,-0.7109,0.3939,-0.4475,-0.7500,0.4871,-0.1347,-0.1093,0.4329,Dark,
8.9003,6.5484,7.8665,0.0000,0.0000,-0.3216,-0.7411,0.5893,-0.5844,-0.7108,0.3915,-0.4495,-0.7509,0.4838,-0.1324,-0.1084,0.4347,Dark,
8.9114,6.5449,7.9040,0.0000,0.0000,-0.3016,-0.7377,0.6040,-0.5707,-0.7113,0.4104,-0.4326,-0.7497,0.5008,-0.1296,-0.1075,0.4363,Dark,
8.9224,6.5601,7.8884,0.0000,0.0000,-0.2558,-0.7261,0.6382,-0.5334,-0.7120,0.4566,-0.3899,-0.7444,0.5421,-0.1268,-0.1064,0.4379,Dark,
8.9336,6.5274,7.8463,0.0000,0.0000,-0.1847,-0.7054,0.6844,-0.4759,-0.7100,0.5190,-0.3236,-0.7333,0.5980,-0.1241,-0.1053,0.4397,Dark,
8.9449,6.4996,7.7973,0.0000,0.0000,-0.1267,-0.6822,0.7201,-0.4180,-0.7024,0.5761,-0.2639,-0.7168,0.6454,-0.1210,-0.1040,0.4414,Dark,
8.9559,6.4271,7.7174,0.0000,0.0000,-0.0413,-0.6337,0.7725,-0.3245,-0.6746,0.6630,-0.1720,-0.6763,0.7162,-0.1180,-0.1026,0.4430,Dark,
8.9676,6.3803,7.6939,0.0000,0.0000,0.0105,-0.6021,0.7983,-0.2709,-0.6528,0.7074,-0.1181,-0.6488,0.7517,-0.1150,-0.1012,0.4445,Dark,
8.9781,6.3468,7.6984,0.0000,0.0000,0.0534,-0.5732,0.8177,-0.2100,-0.6285,0.7489,-0.0661,-0.6200,0.7818,-0.1120,-0.0996,0.4462,Dark,
8.9892,6.2775,7.7102,0.0000,0.0000,0.0727,-0.5608,0.8248,-0.1833,-0.6167,0.7655,-0.0434,-0.6070,0.7935,-0.1090,-0.0978,0.4476,Dark,
9.0005,6.2574,7.7352,0.0000,0.0000,0.1119,-0.5330,0.8387,-0.1273,-0.5907,0.7968,0.0039,-0.5784,0.8158,-0.1060,-0.0960,0.4490,Dark,
9.0117,6.2583,7.7417,0.0000,0.0000,0.1071,-0.5283,0.8423,-0.1217,-0.5822,0.8039,0.0032,-0.5709,0.8210,-0.1030,-0.0938,0.4506,Dark,
9.0226,6.2588,7.7456,0.0000,0.0000,0.1576,-0.4922,0.8561,-0.0506,-0.5472,0.8355,0.0637,-0.5336,0.8433,-0.1000,-0.0917,0.4518,Dark,
9.0339,6.2619,7.7311,0.0000,0.0000,0.1693,-0.4814,0.8600,-0.0313,-0.5348,0.8444,0.0786,-0.5214,0.8497,-0.0970,-0.0896,0.4530,Dark,
9.0449,6.2873,7.7189,0.0000,0.0000,0.1621,-0.4831,0.8604,-0.0309,-0.5328,0.8456,0.0743,-0.5207,0.8505,-0.0939,-0.0872,0.4543,Dark,
9.0561,6.3006,7.7224,0.0000,0.0000,0.1592,-0.4826,0.8613,-0.0308,-0.5302,0.8473,0.0724,-0.5190,0.8517,-0.0908,-0.0848,0.4553,Dark,
9.0675,6.3118,7.7398,0.0000,0.0000,0.1436,-0.4906,0.8595,-0.0491,-0.5361,0.8428,0.0549,-0.5262,0.8486,-0.0878,-0.0824,0.4563,Dark,
9.0785,6.3360,7.7821,0.0000,0.0000,0.1259,-0.4984,0.8577,-0.0684,-0.5410,0.8383,0.0359,-0.5327,0.8455,-0.0848,-0.0799,0.4576,Dark,
9.0896,6.3487,7.8023,0.0000,0.0000,0.1148,-0.5020,0.8572,-0.0812,-0.5421,0.8364,0.0235,-0.5352,0.8444,-0.0817,-0.0772,0.4585,Dark,
9.1009,6.3583,7.8082,0.0000,0.0000,0.1149,-0.4965,0.8604,-0.0853,-0.5358,0.8400,0.0214,-0.5298,0.8479,-0.0789,-0.0744,0.4598,Dark,
9.1120,6.3516,7.7997,0.0000,0.0000,0.0957,-0.5118,0.8537,-0.1113,-0.5485,0.8287,-0.0017,-0.5443,0.8389,-0.0759,-0.0716,0.4605,Dark,
9.1231,6.3643,7.7893,0.0000,0.0000,0.0941,-0.5088,0.8557,-0.1158,-0.5442,0.8309,-0.0049,-0.5409,0.8411,-0.0731,-0.0687,0.4613,Dark,
9.1344,6.3746,7.7843,0.0000,0.0000,0.0948,-0.5028,0.8592,-0.1214,-0.5375,0.8344,-0.0075,-0.5352,0.8447,-0.0703,-0.0658,0.4618,Dark,
9.1453,6.3188,7.7566,0.0000,0.0000,0.0907,-0.4975,0.8627,-0.1342,-0.5310,0.8367,-0.0161,-0.5300,0.8478,-0.0675,-0.0628,0.4626,Dark,
9.1570,6.2683,7.7367,0.0000,0.0000,0.0963,-0.4801,0.8719,-0.1324,-0.5130,0.8481,-0.0125,-0.5127,0.8585,-0.0649,-0.0598,0.4630,Dark,
9.1678,6.2265,7.6764,0.0000,0.0000,0.1048,-0.4553,0.8841,-0.1284,-0.4880,0.8633,-0.0062,-0.4883,0.8727,-0.0622,-0.0568,0.4638,Dark,
9.1790,6.1812,7.4858,0.0000,0.0000,0.1153,-0.4201,0.9001,-0.1228,-0.4532,0.8829,0.0020,-0.4537,0.8912,-0.0597,-0.0538,0.4641,Dark,
9.1898,6.1682,7.3733,0.0000,0.0000,0.1382,-0.3809,0.9142,-0.1013,-0.4153,0.9040,0.0245,-0.4153,0.9094,-0.0574,-0.0509,0.4643,Dark,
9.2012,6.1606,7.2968,0.0000,0.0000,0.1443,-0.3561,0.9232,-0.0945,-0.3900,0.9160,0.0309,-0.3901,0.9202,-0.0551,-0.0482,0.4647,Dark,
9.2124,6.0978,7.2809,0.0000,0.0000,0.1641,-0.3113,0.9360,-0.0703,-0.3454,0.9358,0.0532,-0.3450,0.9371,-0.0531,-0.0454,0.4648,Dark,
9.2235,6.0714,7.3228,0.0000,0.0000,0.1754,-0.2788,0.9442,-0.0554,-0.3123,0.9484,0.0663,-0.3119,0.9478,-0.0511,-0.0428,0.4648,Dark,
9.2348,6.0519,7.3426,0.0000,0.0000,0.1793,-0.2602,0.9488,-0.0488,-0.2926,0.9550,0.0715,-0.2925,0.9536,-0.0492,-0.0403,0.4647,Dark,
9.2455,6.0978,7.4130,0.0000,0.0000,0.1949,-0.2255,0.9546,-0.0295,-0.2573,0.9659,0.0891,-0.2572,0.9623,-0.0473,-0.0381,0.4650,Dark,
9.2567,6.1184,7.4557,0.0000,0.0000,0.2008,-0.2067,0.9576,-0.0225,-0.2379,0.9710,0.0957,-0.2379,0.9666,-0.0456,-0.0359,0.4648,Dark,
9.2679,6.1339,7.4864,0.0000,0.0000,0.2061,-0.1888,0.9601,-0.0165,-0.2195,0.9755,0.1013,-0.2197,0.9703,-0.0440,-0.0337,0.4647,Dark,
9.2792,6.1404,7.5774,0.0000,0.0000,0.2075,-0.1787,0.9618,-0.0144,-0.2089,0.9778,0.1030,-0.2093,0.9724,-0.0426,-0.0318,0.4645,Dark,
9.2900,6.1606,7.6258,0.0000,0.0000,0.2103,-0.1677,0.9631,-0.0118,-0.1977,0.9802,0.1058,-0.1982,0.9744,-0.0412,-0.0300,0.4641,Dark,
9.3013,6.1781,7.6443,0.0000,0.0000,0.2113,-0.1632,0.9637,-0.0121,-0.1927,0.9812,0.1061,-0.1935,0.9753,-0.0398,-0.0284,0.4642,Dark,
9.3126,6.2188,7.6699,0.0000,0.0000,0.2134,-0.1630,0.9633,-0.0136,-0.1925,0.9812,0.1064,-0.1936,0.9753,-0.0385,-0.0267,0.4639,Dark,
9.3237,6.2413,7.6765,0.0000,0.0000,0.2153,-0.1588,0.9636,-0.0139,-0.1879,0.9821,0.1073,-0.1893,0.9760,-0.0372,-0.0252,0.4636,Dark,
9.3347,6.2569,7.6849,0.0000,0.0000,0.2162,-0.1559,0.9638,-0.0155,-0.1850,0.9826,0.1069,-0.1866,0.9766,-0.0360,-0.0239,0.4636,Dark,
9.3460,6.2524,7.7049,0.0000,0.0000,0.2178,-0.1566,0.9633,-0.0190,-0.1858,0.9824,0.1061,-0.1878,0.9765,-0.0348,-0.0225,0.4634,Dark,
9.3570,6.2598,7.7136,0.0000,0.0000,0.2182,-0.1539,0.9637,-0.0211,-0.1828,0.9829,0.1052,-0.1851,0.9771,-0.0337,-0.0212,0.4632,Dark,
9.3681,6.2656,7.7264,0.0000,0.0000,0.2189,-0.1513,0.9639,-0.0234,-0.1798,0.9834,0.1045,-0.1825,0.9776,-0.0326,-0.0200,0.4630,Dark,
9.3793,6.2935,7.7404,0.0000,0.0000,0.2198,-0.1546,0.9632,-0.0284,-0.1828,0.9827,0.1026,-0.1862,0.9772,-0.0317,-0.0192,0.4631,Dark,
9.3904,6.3330,7.7433,0.0000,0.0000,0.2201,-0.1542,0.9632,-0.0310,-0.1818,0.9828,0.1014,-0.1857,0.9774,-0.0307,-0.0184,0.4629,Dark,
9.4019,6.3778,7.8140,0.0000,0.0000,0.2209,-0.1563,0.9627,-0.0367,-0.1839,0.9823,0.0991,-0.1883,0.9771,-0.0299,-0.0178,0.4628,Dark,
9.4127,6.3864,7.8317,0.0000,0.0000,0.2200,-0.1565,0.9629,-0.0408,-0.1836,0.9822,0.0966,-0.1885,0.9773,-0.0290,-0.0173,0.4626,Dark,
9.4242,6.3947,7.8446,0.0000,0.0000,0.2187,-0.1562,0.9632,-0.0449,-0.1825,0.9822,0.0939,-0.1881,0.9777,-0.0281,-0.0167,0.4624,Dark,
9.4350,6.3940,7.8616,0.0000,0.0000,0.2170,-0.1586,0.9632,-0.0521,-0.1841,0.9815,0.0895,-0.1905,0.9776,-0.0275,-0.0163,0.4624,Dark,
9.4462,6.3907,7.8801,0.0000,0.0000,0.2154,-0.1578,0.9637,-0.0562,-0.1822,0.9817,0.0866,-0.1894,0.9781,-0.0267,-0.0158,0.4623,Dark,
9.4572,6.4170,7.8962,0.0000,0.0000,0.2140,-0.1576,0.9640,-0.0601,-0.1807,0.9817,0.0839,-0.1887,0.9784,-0.0260,-0.0154,0.4622,Dark,
9.4684,6.4440,7.8948,0.0000,0.0000,0.2116,-0.1602,0.9641,-0.0671,-0.1824,0.9809,0.0792,-0.1912,0.9783,-0.0254,-0.0151,0.4622,Dark,
9.4797,6.4474,7.8887,0.0000,0.0000,0.2098,-0.1616,0.9643,-0.0709,-0.1828,0.9806,0.0763,-0.1923,0.9784,-0.0248,-0.0149,0.4621,Dark,
9.4907,6.4535,7.8823,0.0000,0.0000,0.2069,-0.1633,0.9646,-0.0757,-0.1836,0.9801,0.0724,-0.1937,0.9784,-0.0241,-0.0147,0.4620,Dark,
9.5017,6.4438,7.8911,0.0000,0.0000,0.2031,-0.1664,0.9649,-0.0830,-0.1859,0.9791,0.0668,-0.1967,0.9782,-0.0236,-0.0145,0.4620,Dark,
9.5128,6.4346,7.8915,0.0000,0.0000,0.2001,-0.1677,0.9653,-0.0874,-0.1863,0.9786,0.0630,-0.1977,0.9782,-0.0232,-0.0143,0.4619,Dark,
9.5243,6.4285,7.8916,0.0000,0.0000,0.1979,-0.1690,0.9655,-0.0909,-0.1867,0.9782,0.0601,-0.1987,0.9782,-0.0227,-0.0141,0.4619,Dark,
9.5355,6.4230,7.8964,0.0000,0.0000,0.1995,-0.1686,0.9653,-0.0912,-0.1855,0.9784,0.0608,-0.1980,0.9783,-0.0222,-0.0139,0.4618,Dark,
9.5462,6.4158,7.8995,0.0000,0.0000,0.1947,-0.1708,0.9659,-0.0973,-0.1866,0.9776,0.0552,-0.1998,0.9783,-0.0218,-0.0137,0.4617,Dark,
9.5575,6.4165,7.9131,0.0000,0.0000,0.1941,-0.1730,0.9656,-0.0997,-0.1881,0.9771,0.0537,-0.2018,0.9780,-0.0213,-0.0136,0.4616,Dark,
9.5689,6.4211,7.9023,0.0000,0.0000,0.1929,-0.1737,0.9657,-0.1016,-0.1881,0.9769,0.0521,-0.2022,0.9780,-0.0208,-0.0134,0.4616,Dark,
9.5800,6.4214,7.8924,0.0000,0.0000,0.1912,-0.1749,0.9658,-0.1041,-0.1888,0.9765,0.0499,-0.2032,0.9779,-0.0204,-0.0131,0.4614,Dark,
9.5909,6.4213,7.8936,0.0000,0.0000,0.1895,-0.1768,0.9658,-0.1071,-0.1902,0.9759,0.0476,-0.2050,0.9776,-0.0200,-0.0130,0.4613,Dark,
9.6020,6.4190,7.8909,0.0000,0.0000,0.1880,-0.1775,0.9660,-0.1091,-0.1904,0.9756,0.0458,-0.2055,0.9776,-0.0196,-0.0128,0.4610,Dark,
9.6130,6.4238,7.8899,0.0000,0.0000,0.1867,-0.1782,0.9661,-0.1108,-0.1906,0.9754,0.0442,-0.2060,0.9775,-0.0192,-0.0126,0.4610,Dark,
9.6244,6.4396,7.8646,0.0000,0.0000,0.1856,-0.1806,0.9659,-0.1125,-0.1927,0.9748,0.0428,-0.2083,0.9771,-0.0188,-0.0126,0.4610,Dark,
9.6354,6.4490,7.8851,0.0000,0.0000,0.1846,-0.1820,0.9658,-0.1137,-0.1937,0.9744,0.0416,-0.2095,0.9769,-0.0184,-0.0124,0.4606,Dark,
9.6471,6.4650,7.9033,0.0000,0.0000,0.1840,-0.1842,0.9655,-0.1146,-0.1957,0.9739,0.0409,-0.2117,0.9765,-0.0180,-0.0125,0.4605,Dark,
9.6579,6.4686,7.8919,0.0000,0.0000,0.1837,-0.1871,0.9650,-0.1152,-0.1982,0.9734,0.0404,-0.2145,0.9759,-0.0175,-0.0126,0.4604,Dark,
9.6688,6.4603,7.8919,0.0000,0.0000,0.1836,-0.1890,0.9647,-0.1154,-0.1996,0.9731,0.0402,-0.2161,0.9755,-0.0171,-0.0127,0.4604,Dark,
9.6799,6.4688,7.8897,0.0000,0.0000,0.1836,-0.1906,0.9643,-0.1154,-0.2007,0.9728,0.0402,-0.2175,0.9752,-0.0166,-0.0126,0.4600,Dark,
9.6912,6.4743,7.8813,0.0000,0.0000,0.1837,-0.1929,0.9639,-0.1153,-0.2026,0.9724,0.0403,-0.2196,0.9747,-0.0162,-0.0126,0.4600,Dark,
9.7022,6.4740,7.8740,0.0000,0.0000,0.1840,-0.1946,0.9635,-0.1150,-0.2039,0.9722,0.0405,-0.2212,0.9744,-0.0158,-0.0126,0.4596,Dark,
9.7132,6.4824,7.8787,0.0000,0.0000,0.1839,-0.1969,0.9630,-0.1151,-0.2060,0.9718,0.0404,-0.2234,0.9739,-0.0154,-0.0127,0.4596,Dark,
9.7247,6.4792,7.8886,0.0000,0.0000,0.1764,-0.2043,0.9629,-0.1226,-0.2129,0.9694,0.0327,-0.2305,0.9725,-0.0150,-0.0129,0.4595,Dark,
9.7356,6.4770,7.8604,0.0000,0.0000,0.1573,-0.2148,0.9639,-0.1448,-0.2221,0.9642,0.0114,-0.2407,0.9705,-0.0147,-0.0129,0.4590,Dark,
9.7467,6.4460,7.7976,0.0000,0.0000,0.0953,-0.2300,0.9685,-0.2094,-0.2327,0.9497,-0.0540,-0.2539,0.9657,-0.0144,-0.0132,0.4589,Dark,
9.7581,6.4315,7.7652,0.0000,0.0000,0.0777,-0.2304,0.9700,-0.2255,-0.2315,0.9463,-0.0714,-0.2535,0.9647,-0.0140,-0.0134,0.4588,Dark,
9.7689,6.4208,7.7389,0.0000,0.0000,0.0706,-0.2288,0.9709,-0.2326,-0.2290,0.9452,-0.0788,-0.2515,0.9647,-0.0138,-0.0136,0.4584,Dark,
9.7800,6.3866,7.7134,0.0000,0.0000,0.0617,-0.2276,0.9718,-0.2371,-0.2268,0.9447,-0.0857,-0.2494,0.9646,-0.0135,-0.0139,0.4583,Dark,
9.7915,6.3847,7.7084,0.0000,0.0000,0.0627,-0.2246,0.9724,-0.2338,-0.2235,0.9463,-0.0836,-0.2460,0.9656,-0.0131,-0.0142,0.4583,Dark,
9.8026,6.3842,7.7156,0.0000,0.0000,0.0603,-0.2251,0.9725,-0.2342,-0.2235,0.9461,-0.0851,-0.2462,0.9655,-0.0129,-0.0143,0.4578,Dark,
9.8135,6.4077,7.7290,0.0000,0.0000,0.0542,-0.2242,0.9730,-0.2361,-0.2221,0.9460,-0.0892,-0.2447,0.9655,-0.0127,-0.0144,0.4578,Dark,
9.8246,6.4160,7.7349,0.0000,0.0000,0.0527,-0.2235,0.9733,-0.2363,-0.2210,0.9462,-0.0901,-0.2437,0.9657,-0.0124,-0.0145,0.4579,Dark,
9.8358,6.4215,7.7392,0.0000,0.0000,0.0340,-0.2255,0.9737,-0.2527,-0.2216,0.9418,-0.1082,-0.2448,0.9635,-0.0122,-0.0145,0.4577,Dark,
9.8470,6.4331,7.7117,0.0000,0.0000,0.0476,-0.2215,0.9740,-0.2378,-0.2184,0.9464,-0.0935,-0.2411,0.9660,-0.0120,-0.0146,0.4577,Dark,
9.8583,6.4449,7.6868,0.0000,0.0000,0.0460,-0.2217,0.9740,-0.2380,-0.2183,0.9464,-0.0945,-0.2410,0.9659,-0.0118,-0.0147,0.4577,Dark,
9.8694,6.4626,7.6464,0.0000,0.0000,0.0376,-0.2199,0.9748,-0.2438,-0.2157,0.9455,-0.1018,-0.2386,0.9658,-0.0116,-0.0147,0.4574,Dark,
9.8804,6.4451,7.6350,0.0000,0.0000,0.0426,-0.2229,0.9739,-0.2379,-0.2188,0.9463,-0.0962,-0.2416,0.9656,-0.0114,-0.0148,0.4574,Dark,
9.8919,6.4292,7.6290,0.0000,0.0000,0.0390,-0.2207,0.9746,-0.2403,-0.2163,0.9463,-0.0994,-0.2391,0.9659,-0.0112,-0.0148,0.4575,Dark,
9.9027,6.4150,7.6271,0.0000,0.0000,0.0385,-0.2206,0.9746,-0.2391,-0.2160,0.9467,-0.0990,-0.2388,0.9660,-0.0110,-0.0147,0.4571,Dark,
9.9137,6.4143,7.6263,0.0000,0.0000,0.0385,-0.2209,0.9745,-0.2383,-0.2164,0.9468,-0.0986,-0.2391,0.9660,-0.0108,-0.0147,0.4572,Dark,
9.9250,6.4159,7.6766,0.0000,0.0000,0.0377,-0.2198,0.9748,-0.2385,-0.2151,0.9470,-0.0991,-0.2378,0.9662,-0.0107,-0.0147,0.4574,Dark,
9.9360,6.3526,7.6862,0.0000,0.0000,0.0449,-0.2097,0.9767,-0.2296,-0.2056,0.9513,-0.0909,-0.2278,0.9695,-0.0106,-0.0146,0.4570,Dark,
9.9471,6.3046,7.6568,0.0000,0.0000,0.0567,-0.1966,0.9788,-0.2187,-0.1932,0.9565,-0.0792,-0.2151,0.9734,-0.0104,-0.0145,0.4571,Dark,
9.9584,6.2663,7.6075,0.0000,0.0000,0.0854,-0.1631,0.9829,-0.1871,-0.1613,0.9690,-0.0483,-0.1819,0.9821,-0.0103,-0.0144,0.4572,Dark,
9.9694,6.1751,7.5195,0.0000,0.0000,0.1193,-0.1096,0.9868,-0.1457,-0.1089,0.9833,-0.0097,-0.1280,0.9917,-0.0103,-0.0143,0.4569,Dark,
9.9809,6.1627,7.4907,0.0000,0.0000,0.1302,-0.0902,0.9874,-0.1306,-0.0896,0.9874,0.0036,-0.1082,0.9941,-0.0102,-0.0141,0.4570,Dark,
9.9918,6.1563,7.4789,0.0000,0.0000,0.1354,-0.0757,0.9879,-0.1181,-0.0751,0.9902,0.0125,-0.0931,0.9956,-0.0101,-0.0141,0.4571,Dark,
10.0029,6.1635,7.4597,0.0000,0.0000,0.1377,-0.0606,0.9886,-0.1037,-0.0601,0.9928,0.0208,-0.0771,0.9968,-0.0101,-0.0140,0.4568,Dark,
10.0139,6.1593,7.4503,0.0000,0.0000,0.1402,-0.0539,0.9887,-0.0959,-0.0534,0.9940,0.0260,-0.0699,0.9972,-0.0101,-0.0140,0.4569,Dark,
10.0252,6.1482,7.4423,0.0000,0.0000,0.1359,-0.0536,0.9893,-0.0915,-0.0532,0.9944,0.0259,-0.0691,0.9973,-0.0101,-0.0140,0.4570,Dark,
10.0362,6.1434,7.4405,0.0000,0.0000,0.1336,-0.0536,0.9896,-0.0900,-0.0533,0.9945,0.0254,-0.0688,0.9973,-0.0101,-0.0140,0.4566,Dark,
10.0475,6.1370,7.4401,0.0000,0.0000,0.1329,-0.0515,0.9898,-0.0875,-0.0513,0.9948,0.0262,-0.0666,0.9974,-0.0102,-0.0140,0.4567,Dark,
10.0586,6.1343,7.4782,0.0000,0.0000,0.1273,-0.0548,0.9904,-0.0874,-0.0546,0.9947,0.0233,-0.0695,0.9973,-0.0103,-0.0140,0.4567,Dark,
10.0697,6.1357,7.4755,0.0000,0.0000,0.1249,-0.0551,0.9906,-0.0872,-0.0549,0.9947,0.0221,-0.0696,0.9973,-0.0104,-0.0139,0.4564,Dark,
10.0809,6.1333,7.4722,0.0000,0.0000,0.1228,-0.0554,0.9909,-0.0870,-0.0551,0.9947,0.0212,-0.0697,0.9973,-0.0105,-0.0138,0.4565,Dark,
10.0920,6.1361,7.4769,0.0000,0.0000,0.1195,-0.0559,0.9913,-0.0867,-0.0556,0.9947,0.0196,-0.0699,0.9974,-0.0106,-0.0138,0.4565,Dark,
10.1030,6.1399,7.4741,0.0000,0.0000,0.1179,-0.0560,0.9914,-0.0867,-0.0556,0.9947,0.0188,-0.0698,0.9974,-0.0107,-0.0137,0.4562,Dark,
10.1141,6.1366,7.4732,0.0000,0.0000,0.1169,-0.0555,0.9916,-0.0864,-0.0551,0.9947,0.0184,-0.0692,0.9974,-0.0109,-0.0137,0.4563,Dark,
10.1255,6.1353,7.4913,0.0000,0.0000,0.1158,-0.0540,0.9918,-0.0848,-0.0536,0.9950,0.0185,-0.0675,0.9975,-0.0110,-0.0138,0.4563,Dark,
10.1365,6.1361,7.4706,0.0000,0.0000,0.1152,-0.0536,0.9919,-0.0841,-0.0532,0.9950,0.0186,-0.0671,0.9976,-0.0111,-0.0137,0.4561,Dark,
10.1477,6.1371,7.4532,0.0000,0.0000,0.1147,-0.0533,0.9920,-0.0834,-0.0529,0.9951,0.0187,-0.0667,0.9976,-0.0112,-0.0138,0.4561,Dark,
10.1595,6.1302,7.4588,0.0000,0.0000,0.1147,-0.0522,0.9920,-0.0814,-0.0518,0.9953,0.0196,-0.0655,0.9977,-0.0113,-0.0138,0.4561,Dark,
10.1700,6.1229,7.4570,0.0000,0.0000,0.1146,-0.0517,0.9921,-0.0806,-0.0513,0.9954,0.0200,-0.0649,0.9977,-0.0115,-0.0139,0.4561,Dark,
10.1809,6.1122,7.4574,0.0000,0.0000,0.1135,-0.0509,0.9922,-0.0809,-0.0505,0.9954,0.0193,-0.0640,0.9978,-0.0117,-0.0137,0.4559,Dark,
10.1924,6.0903,7.4550,0.0000,0.0000,0.1133,-0.0488,0.9924,-0.0796,-0.0485,0.9956,0.0198,-0.0619,0.9979,-0.0118,-0.0137,0.4559,Dark,
10.2035,6.0805,7.4582,0.0000,0.0000,0.1135,-0.0471,0.9924,-0.0787,-0.0467,0.9958,0.0204,-0.0600,0.9980,-0.0120,-0.0135,0.4556,Dark,
10.2144,6.0863,7.4650,0.0000,0.0000,0.1130,-0.0454,0.9926,-0.0781,-0.0450,0.9959,0.0204,-0.0583,0.9981,-0.0122,-0.0134,0.4557,Dark,
10.2256,6.0880,7.4602,0.0000,0.0000,0.1133,-0.0436,0.9926,-0.0771,-0.0431,0.9961,0.0211,-0.0563,0.9982,-0.0123,-0.0133,0.4557,Dark,
10.2369,6.0897,7.4592,0.0000,0.0000,0.1134,-0.0420,0.9927,-0.0765,-0.0415,0.9962,0.0215,-0.0547,0.9983,-0.0125,-0.0132,0.4555,Dark,
10.2478,6.0898,7.4562,0.0000,0.0000,0.1131,-0.0402,0.9928,-0.0758,-0.0397,0.9963,0.0216,-0.0529,0.9984,-0.0127,-0.0131,0.4555,Dark,
10.2591,6.0923,7.4536,0.0000,0.0000,0.1133,-0.0376,0.9928,-0.0751,-0.0371,0.9965,0.0221,-0.0502,0.9985,-0.0129,-0.0130,0.4555,Dark,
10.2703,6.0947,7.4519,0.0000,0.0000,0.1123,-0.0364,0.9930,-0.0758,-0.0359,0.9965,0.0212,-0.0490,0.9986,-0.0132,-0.0128,0.4553,Dark,
10.2812,6.0989,7.4535,0.0000,0.0000,0.1122,-0.0337,0.9931,-0.0750,-0.0331,0.9966,0.0215,-0.0461,0.9987,-0.0134,-0.0127,0.4552,Dark,
10.2924,6.1003,7.4503,0.0000,0.0000,0.1117,-0.0318,0.9932,-0.0750,-0.0312,0.9967,0.0213,-0.0442,0.9988,-0.0136,-0.0126,0.4552,Dark,
10.3037,6.0921,7.4477,0.0000,0.0000,0.1110,-0.0305,0.9934,-0.0754,-0.0299,0.9967,0.0207,-0.0429,0.9989,-0.0139,-0.0124,0.4550,Dark,
10.3148,6.0817,7.4615,0.0000,0.0000,0.1107,-0.0289,0.9934,-0.0750,-0.0282,0.9968,0.0208,-0.0411,0.9989,-0.0141,-0.0124,0.4549,Dark,
10.3258,6.0784,7.4700,0.0000,0.0000,0.1097,-0.0281,0.9936,-0.0755,-0.0274,0.9968,0.0200,-0.0403,0.9990,-0.0144,-0.0123,0.4548,Dark,
10.3370,6.0840,7.4769,0.0000,0.0000,0.1094,-0.0271,0.9936,-0.0755,-0.0263,0.9968,0.0198,-0.0393,0.9990,-0.0146,-0.0122,0.4546,Dark,
10.3483,6.0981,7.4792,0.0000,0.0000,0.1089,-0.0260,0.9937,-0.0754,-0.0253,0.9968,0.0196,-0.0382,0.9991,-0.0149,-0.0122,0.4545,Dark,
10.3598,6.1045,7.4620,0.0000,0.0000,0.1077,-0.0255,0.9939,-0.0763,-0.0249,0.9968,0.0187,-0.0377,0.9991,-0.0152,-0.0121,0.4544,Dark,
10.3704,6.1006,7.4475,0.0000,0.0000,0.1068,-0.0247,0.9940,-0.0770,-0.0242,0.9967,0.0178,-0.0369,0.9992,-0.0155,-0.0121,0.4542,Dark,
10.3817,6.0945,7.4519,0.0000,0.0000,0.1058,-0.0236,0.9941,-0.0775,-0.0232,0.9967,0.0171,-0.0358,0.9992,-0.0158,-0.0120,0.4542,Dark,
10.3929,6.0931,7.4608,0.0000,0.0000,0.1043,-0.0228,0.9943,-0.0788,-0.0225,0.9966,0.0157,-0.0350,0.9993,-0.0162,-0.0119,0.4541,Dark,
10.4041,6.0919,7.4808,0.0000,0.0000,0.1027,-0.0219,0.9945,-0.0800,-0.0217,0.9966,0.0143,-0.0341,0.9993,-0.0165,-0.0118,0.4539,Dark,
10.4151,6.0937,7.4887,0.0000,0.0000,0.1012,-0.0211,0.9946,-0.0813,-0.0210,0.9965,0.0129,-0.0334,0.9994,-0.0169,-0.0117,0.4537,Dark,
10.4261,6.0949,7.4796,0.0000,0.0000,0.0994,-0.0206,0.9948,-0.0829,-0.0206,0.9963,0.0112,-0.0330,0.9994,-0.0172,-0.0117,0.4536,Dark,
10.4374,6.0960,7.4691,0.0000,0.0000,0.0982,-0.0200,0.9950,-0.0839,-0.0200,0.9963,0.0101,-0.0323,0.9994,-0.0175,-0.0116,0.4534,Dark,
10.4483,6.0882,7.4675,0.0000,0.0000,0.0968,-0.0195,0.9951,-0.0850,-0.0195,0.9962,0.0088,-0.0318,0.9995,-0.0179,-0.0115,0.4533,Dark,
10.4598,6.0816,7.4840,0.0000,0.0000,0.0956,-0.0188,0.9952,-0.0863,-0.0189,0.9961,0.0076,-0.0311,0.9995,-0.0182,-0.0114,0.4532,Dark,
10.4707,6.1313,7.5178,0.0000,0.0000,0.0731,-0.0303,0.9969,-0.1117,-0.0305,0.9933,-0.0166,-0.0429,0.9989,-0.0185,-0.0113,0.4530,Dark,
10.4818,6.1436,7.5320,0.0000,0.0000,0.0382,-0.0453,0.9982,-0.1464,-0.0456,0.9882,-0.0519,-0.0580,0.9970,-0.0188,-0.0112,0.4529,Dark,
10.4931,6.1529,7.5179,0.0000,0.0000,0.0087,-0.0562,0.9984,-0.1807,-0.0564,0.9819,-0.0842,-0.0693,0.9940,-0.0190,-0.0111,0.4528,Dark,
10.5041,6.1801,7.5039,0.0000,0.0000,-0.0205,-0.0617,0.9979,-0.2100,-0.0616,0.9758,-0.1138,-0.0747,0.9907,-0.0193,-0.0110,0.4527,Dark,
10.5154,6.2033,7.4844,0.0000,0.0000,-0.0355,-0.0630,0.9974,-0.2297,-0.0627,0.9712,-0.1314,-0.0763,0.9884,-0.0195,-0.0109,0.4526,Dark,
10.5263,6.2061,7.4778,0.0000,0.0000,-0.0400,-0.0623,0.9973,-0.2362,-0.0620,0.9697,-0.1370,-0.0757,0.9877,-0.0197,-0.0109,0.4525,Dark,
10.5375,6.1956,7.4818,0.0000,0.0000,-0.0426,-0.0620,0.9972,-0.2431,-0.0617,0.9680,-0.1418,-0.0758,0.9870,-0.0198,-0.0108,0.4524,Dark,
10.5488,6.1991,7.4873,0.0000,0.0000,-0.0457,-0.0619,0.9970,-0.2482,-0.0616,0.9668,-0.1459,-0.0758,0.9864,-0.0200,-0.0107,0.4523,Dark,
10.5602,6.2032,7.4929,0.0000,0.0000,-0.0445,-0.0605,0.9972,-0.2491,-0.0603,0.9666,-0.1458,-0.0747,0.9865,-0.0201,-0.0107,0.4523,Dark,
10.5713,6.2093,7.4969,0.0000,0.0000,-0.0412,-0.0590,0.9974,-0.2494,-0.0589,0.9666,-0.1443,-0.0734,0.9868,-0.0203,-0.0106,0.4522,Dark,
10.5821,6.2014,7.4959,0.0000,0.0000,-0.0399,-0.0582,0.9975,-0.2496,-0.0582,0.9666,-0.1437,-0.0728,0.9869,-0.0204,-0.0106,0.4521,Dark,
10.5934,6.1938,7.4941,0.0000,0.0000,-0.0390,-0.0577,0.9976,-0.2500,-0.0578,0.9665,-0.1434,-0.0724,0.9870,-0.0205,-0.0105,0.4521,Dark,
10.6045,6.2013,7.4925,0.0000,0.0000,-0.0381,-0.0571,0.9976,-0.2513,-0.0572,0.9662,-0.1436,-0.0720,0.9870,-0.0206,-0.0105,0.4520,Dark,
10.6157,6.1924,7.4926,0.0000,0.0000,-0.0372,-0.0566,0.9977,-0.2513,-0.0568,0.9662,-0.1431,-0.0716,0.9871,-0.0207,-0.0105,0.4520,Dark,
10.6270,6.1856,7.4923,0.0000,0.0000,-0.0364,-0.0562,0.9978,-0.2515,-0.0564,0.9662,-0.1428,-0.0712,0.9872,-0.0207,-0.0104,0.4519,Dark,
10.6379,6.1965,7.4785,0.0000,0.0000,-0.0351,-0.0558,0.9978,-0.2520,-0.0561,0.9661,-0.1424,-0.0710,0.9873,-0.0208,-0.0104,0.4519,Dark,
10.6491,6.2043,7.4671,0.0000,0.0000,-0.0342,-0.0557,0.9979,-0.2520,-0.0561,0.9661,-0.1420,-0.0711,0.9873,-0.0208,-0.0103,0.4519,Dark,
10.6600,6.2116,7.4775,0.0000,0.0000,-0.0343,-0.0554,0.9979,-0.2528,-0.0558,0.9659,-0.1425,-0.0708,0.9873,-0.0208,-0.0103,0.4518,Dark,
10.6711,6.2038,7.4941,0.0000,0.0000,-0.0338,-0.0548,0.9979,-0.2535,-0.0552,0.9657,-0.1426,-0.0703,0.9873,-0.0209,-0.0102,0.4518,Dark,
10.6823,6.2204,7.5004,0.0000,0.0000,-0.0342,-0.0544,0.9979,-0.2544,-0.0548,0.9656,-0.1432,-0.0699,0.9872,-0.0209,-0.0102,0.4517,Dark,
10.6934,6.2342,7.4923,0.0000,0.0000,-0.0344,-0.0540,0.9979,-0.2549,-0.0546,0.9654,-0.1436,-0.0696,0.9872,-0.0209,-0.0101,0.4517,Dark,
10.7044,6.2349,7.4793,0.0000,0.0000,-0.0339,-0.0535,0.9980,-0.2552,-0.0540,0.9654,-0.1435,-0.0691,0.9872,-0.0209,-0.0101,0.4517,Dark,
10.7159,6.2374,7.4768,0.0000,0.0000,-0.0343,-0.0529,0.9980,-0.2559,-0.0534,0.9652,-0.1440,-0.0685,0.9872,-0.0210,-0.0100,0.4516,Dark,
10.7270,6.2355,7.4975,0.0000,0.0000,-0.0340,-0.0522,0.9981,-0.2562,-0.0528,0.9652,-0.1441,-0.0680,0.9872,-0.0210,-0.0099,0.4516,Dark,
10.7379,6.2454,7.5071,0.0000,0.0000,-0.0347,-0.0516,0.9981,-0.2571,-0.0522,0.9650,-0.1448,-0.0674,0.9872,-0.0210,-0.0098,0.4516,Dark,
10.7491,6.2590,7.5239,0.0000,0.0000,-0.0465,-0.0541,0.9975,-0.2667,-0.0545,0.9622,-0.1557,-0.0697,0.9853,-0.0211,-0.0097,0.4516,Dark,
10.7605,6.2641,7.5033,0.0000,0.0000,-0.1268,-0.0716,0.9893,-0.3394,-0.0705,0.9380,-0.2336,-0.0863,0.9685,-0.0211,-0.0096,0.4515,Dark,
10.7714,6.2583,7.4933,0.0000,0.0000,-0.0832,-0.0605,0.9947,-0.2964,-0.0603,0.9531,-0.1895,-0.0755,0.9790,-0.0212,-0.0095,0.4515,Dark,
10.7825,6.2523,7.4818,0.0000,0.0000,-0.1242,-0.0664,0.9900,-0.3389,-0.0654,0.9385,-0.2321,-0.0813,0.9693,-0.0212,-0.0094,0.4514,Dark,
10.7936,6.2151,7.4432,0.0000,0.0000,-0.2121,-0.0754,0.9743,-0.4255,-0.0726,0.9020,-0.3212,-0.0900,0.9427,-0.0213,-0.0093,0.4513,Dark,
10.8047,6.2165,7.4328,0.0000,0.0000,-0.2516,-0.0776,0.9647,-0.4606,-0.0740,0.8845,-0.3591,-0.0919,0.9288,-0.0213,-0.0091,0.4513,Dark,
10.8159,6.2205,7.4211,0.0000,0.0000,-0.2774,-0.0766,0.9577,-0.4859,-0.0725,0.8710,-0.3852,-0.0909,0.9183,-0.0213,-0.0090,0.4513,Dark,
10.8270,6.2599,7.4155,0.0000,0.0000,-0.3108,-0.0754,0.9475,-0.5192,-0.0707,0.8517,-0.4194,-0.0898,0.9033,-0.0214,-0.0089,0.4512,Dark,
10.8381,6.2656,7.4197,0.0000,0.0000,-0.3166,-0.0726,0.9458,-0.5266,-0.0679,0.8474,-0.4263,-0.0872,0.9004,-0.0214,-0.0087,0.4512,Dark,
10.8493,6.2680,7.4205,0.0000,0.0000,-0.3071,-0.0683,0.9492,-0.5221,-0.0639,0.8505,-0.4194,-0.0834,0.9040,-0.0214,-0.0085,0.4512,Dark,
10.8605,6.2580,7.4320,0.0000,0.0000,-0.3014,-0.0647,0.9513,-0.5228,-0.0605,0.8503,-0.4172,-0.0803,0.9052,-0.0214,-0.0083,0.4511,Dark,
10.8717,6.2640,7.4403,0.0000,0.0000,-0.2975,-0.0619,0.9527,-0.5221,-0.0577,0.8509,-0.4151,-0.0777,0.9065,-0.0215,-0.0081,0.4511,Dark,
10.8830,6.2703,7.4398,0.0000,0.0000,-0.2897,-0.0593,0.9553,-0.5183,-0.0553,0.8534,-0.4093,-0.0754,0.9093,-0.0215,-0.0079,0.4511,Dark,
10.8940,6.2602,7.4430,0.0000,0.0000,-0.2819,-0.0571,0.9577,-0.5161,-0.0532,0.8549,-0.4045,-0.0736,0.9116,-0.0215,-0.0078,0.4510,Dark,
10.9050,6.2621,7.4454,0.0000,0.0000,-0.2786,-0.0558,0.9588,-0.5153,-0.0518,0.8554,-0.4025,-0.0724,0.9125,-0.0215,-0.0076,0.4510,Dark,
10.9162,6.2631,7.4468,0.0000,0.0000,-0.2757,-0.0547,0.9597,-0.5146,-0.0508,0.8559,-0.4008,-0.0715,0.9134,-0.0215,-0.0075,0.4509,Dark,
10.9276,6.2662,7.4526,0.0000,0.0000,-0.2721,-0.0537,0.9608,-0.5145,-0.0497,0.8560,-0.3991,-0.0708,0.9142,-0.0215,-0.0074,0.4509,Dark,
10.9384,6.2700,7.4555,0.0000,0.0000,-0.2699,-0.0529,0.9614,-0.5141,-0.0489,0.8564,-0.3978,-0.0701,0.9148,-0.0215,-0.0073,0.4508,Dark,
10.9498,6.2625,7.4362,0.0000,0.0000,-0.2671,-0.0523,0.9623,-0.5139,-0.0482,0.8565,-0.3964,-0.0696,0.9154,-0.0215,-0.0073,0.4507,Dark,
10.9609,6.2541,7.4455,0.0000,0.0000,-0.2656,-0.0518,0.9627,-0.5137,-0.0477,0.8566,-0.3957,-0.0692,0.9158,-0.0215,-0.0072,0.4507,Dark,
10.9718,6.2496,7.4537,0.0000,0.0000,-0.2646,-0.0514,0.9630,-0.5138,-0.0472,0.8566,-0.3953,-0.0688,0.9160,-0.0215,-0.0071,0.4505,Dark,
10.9831,6.2466,7.4455,0.0000,0.0000,-0.2623,-0.0512,0.9636,-0.5135,-0.0469,0.8568,-0.3941,-0.0687,0.9165,-0.0215,-0.0071,0.4504,Dark,
10.9945,6.2479,7.4665,0.0000,0.0000,-0.2614,-0.0508,0.9639,-0.5136,-0.0465,0.8568,-0.3937,-0.0684,0.9167,-0.0214,-0.0070,0.4503,Dark,
11.0053,6.2509,7.4828,0.0000,0.0000,-0.2606,-0.0506,0.9641,-0.5136,-0.0463,0.8568,-0.3933,-0.0683,0.9169,-0.0214,-0.0070,0.4502,Dark,
11.0164,6.2510,7.5015,0.0000,0.0000,-0.2588,-0.0501,0.9646,-0.5136,-0.0459,0.8568,-0.3925,-0.0679,0.9172,-0.0213,-0.0069,0.4501,Dark,
11.0278,6.2490,7.4984,0.0000,0.0000,-0.2575,-0.0496,0.9650,-0.5133,-0.0454,0.8570,-0.3917,-0.0675,0.9176,-0.0212,-0.0069,0.4500,Dark,
11.0386,6.2476,7.4933,0.0000,0.0000,-0.2572,-0.0492,0.9651,-0.5135,-0.0451,0.8569,-0.3917,-0.0672,0.9176,-0.0212,-0.0068,0.4500,Dark,
11.0502,6.2448,7.4738,0.0000,0.0000,-0.2553,-0.0485,0.9657,-0.5129,-0.0444,0.8573,-0.3905,-0.0666,0.9182,-0.0211,-0.0066,0.4499,Dark,
11.0610,6.2438,7.4746,0.0000,0.0000,-0.2542,-0.0479,0.9660,-0.5126,-0.0439,0.8575,-0.3898,-0.0661,0.9185,-0.0210,-0.0065,0.4498,Dark,
11.0720,6.2556,7.4766,0.0000,0.0000,-0.2535,-0.0473,0.9662,-0.5123,-0.0435,0.8577,-0.3894,-0.0656,0.9187,-0.0211,-0.0064,0.4498,Dark,
11.0834,6.2257,7.4776,0.0000,0.0000,-0.2395,-0.0479,0.9697,-0.5028,-0.0442,0.8633,-0.3774,-0.0664,0.9237,-0.0210,-0.0063,0.4497,Dark,
11.0947,6.1921,7.4468,0.0000,0.0000,-0.2120,-0.0504,0.9760,-0.4802,-0.0470,0.8759,-0.3516,-0.0691,0.9336,-0.0209,-0.0062,0.4496,Dark,
11.1055,6.1752,7.4206,0.0000,0.0000,-0.1701,-0.0533,0.9840,-0.4492,-0.0502,0.8920,-0.3143,-0.0726,0.9465,-0.0209,-0.0061,0.4495,Dark,
11.1165,6.1720,7.3129,0.0000,0.0000,-0.0793,-0.0552,0.9953,-0.3678,-0.0536,0.9284,-0.2253,-0.0752,0.9714,-0.0208,-0.0060,0.4495,Dark,
11.1280,6.1846,7.2997,0.0000,0.0000,-0.0486,-0.0464,0.9977,-0.3319,-0.0456,0.9422,-0.1908,-0.0661,0.9794,-0.0208,-0.0058,0.4494,Dark,
11.1392,6.1951,7.2942,0.0000,0.0000,-0.0093,-0.0341,0.9994,-0.2961,-0.0340,0.9545,-0.1521,-0.0541,0.9869,-0.0208,-0.0055,0.4495,Dark,
11.1500,6.2001,7.3850,0.0000,0.0000,0.0593,0.0007,0.9982,-0.2251,0.0003,0.9743,-0.0800,-0.0188,0.9966,-0.0207,-0.0052,0.4496,Dark,
11.1612,6.1970,7.4415,0.0000,0.0000,0.0923,0.0147,0.9956,-0.1862,0.0144,0.9824,-0.0430,-0.0042,0.9991,-0.0207,-0.0049,0.4498,Dark,
11.1723,6.1730,7.4835,0.0000,0.0000,0.1198,0.0268,0.9924,-0.1584,0.0268,0.9870,-0.0145,0.0082,0.9999,-0.0207,-0.0045,0.4500,Dark,
11.1835,6.1050,7.3253,0.0000,0.0000,0.1525,0.0267,0.9879,-0.1119,0.0270,0.9934,0.0259,0.0091,0.9996,-0.0207,-0.0042,0.4503,Dark,
11.1951,6.0660,7.7948,0.0000,0.0000,0.1416,0.0193,0.9897,-0.1223,0.0192,0.9923,0.0150,0.0015,0.9999,-0.0207,-0.0038,0.4506,Dark,
11.2057,5.9972,8.1902,0.0000,0.0000,0.1349,0.0091,0.9908,-0.1312,0.0086,0.9913,0.0069,-0.0091,0.9999,-0.0206,-0.0035,0.4510,Dark,
11.2169,5.8603,7.7718,0.0000,0.0000,0.1425,0.0065,0.9898,-0.1136,0.0059,0.9935,0.0196,-0.0111,0.9997,-0.0206,-0.0032,0.4513,Dark,
11.2282,5.7966,7.4789,0.0000,0.0000,0.1524,0.0177,0.9882,-0.1028,0.0174,0.9945,0.0302,0.0003,0.9995,-0.0206,-0.0030,0.4517,Dark,
11.2392,5.6307,7.4789,0.0000,0.0000,0.1842,0.0253,0.9826,-0.0679,0.0254,0.9974,0.0644,0.0083,0.9979,-0.0206,-0.0028,0.4520,Dark,
11.2503,5.5817,7.4789,0.0000,0.0000,0.1805,0.0325,0.9830,-0.0720,0.0328,0.9969,0.0604,0.0157,0.9981,-0.0206,-0.0027,0.4524,Dark,
11.2621,5.6464,7.4789,0.0000,0.0000,0.1618,0.0453,0.9858,-0.0922,0.0459,0.9947,0.0404,0.0287,0.9988,-0.0206,-0.0025,0.4527,Dark,
11.2726,5.9096,7.4789,0.0000,0.0000,0.1734,0.0438,0.9839,-0.0796,0.0444,0.9958,0.0528,0.0272,0.9982,-0.0206,-0.0023,0.4531,Dark,
11.2837,6.0101,7.4789,0.0000,0.0000,0.1777,0.0496,0.9828,-0.0747,0.0505,0.9959,0.0575,0.0332,0.9978,-0.0206,-0.0022,0.4535,Dark,
11.2951,6.1026,7.4789,0.0000,0.0000,0.1803,0.0515,0.9823,-0.0718,0.0524,0.9960,0.0603,0.0351,0.9976,-0.0206,-0.0020,0.4538,Dark,
11.3059,6.2255,7.5873,0.0000,0.0000,0.1739,0.0463,0.9837,-0.0571,0.0469,0.9973,0.0638,0.0311,0.9975,-0.0206,-0.0018,0.4541,Dark,
11.3172,6.2661,7.4931,0.0000,0.0000,0.1686,0.0436,0.9847,-0.0543,0.0441,0.9975,0.0623,0.0289,0.9976,-0.0206,-0.0016,0.4544,Dark,
11.3283,6.2822,7.4692,0.0000,0.0000,0.1630,0.0379,0.9859,-0.0539,0.0382,0.9978,0.0594,0.0234,0.9980,-0.0206,-0.0015,0.4545,Dark,
11.3398,6.2913,7.5242,0.0000,0.0000,0.1595,0.0340,0.9866,-0.0506,0.0344,0.9981,0.0591,0.0200,0.9981,-0.0207,-0.0015,0.4546,Dark,
11.3504,6.2846,7.5915,0.0000,0.0000,0.1523,0.0250,0.9880,-0.0487,0.0254,0.9985,0.0561,0.0116,0.9984,-0.0207,-0.0016,0.4546,Dark,
11.3617,6.2656,7.6068,0.0000,0.0000,0.1478,0.0199,0.9888,-0.0499,0.0204,0.9985,0.0531,0.0067,0.9986,-0.0208,-0.0015,0.4546,Dark,
11.3727,6.2308,7.6289,0.0000,0.0000,0.1451,0.0160,0.9893,-0.0481,0.0165,0.9987,0.0525,0.0031,0.9986,-0.0209,-0.0013,0.4545,Dark,
11.3839,6.2201,7.6424,0.0000,0.0000,0.1429,0.0120,0.9897,-0.0490,0.0127,0.9987,0.0509,-0.0007,0.9987,-0.0209,-0.0011,0.4543,Dark,
11.3953,6.2139,7.6517,0.0000,0.0000,0.1407,0.0084,0.9900,-0.0500,0.0093,0.9987,0.0492,-0.0041,0.9988,-0.0209,-0.0010,0.4540,Dark,
11.4062,6.2131,7.6433,0.0000,0.0000,0.1383,0.0033,0.9904,-0.0517,0.0043,0.9987,0.0471,-0.0092,0.9988,-0.0209,-0.0008,0.4537,Dark,
11.4173,6.2162,7.6392,0.0000,0.0000,0.1376,0.0002,0.9905,-0.0528,0.0015,0.9986,0.0462,-0.0121,0.9989,-0.0209,-0.0007,0.4533,Dark,
11.4287,6.2291,7.6355,0.0000,0.0000,0.1372,0.0000,0.9905,-0.0534,0.0016,0.9986,0.0457,-0.0122,0.9989,-0.0209,-0.0006,0.4528,Dark,
11.4405,6.2433,7.6283,0.0000,0.0000,0.1372,-0.0013,0.9905,-0.0538,0.0006,0.9986,0.0454,-0.0135,0.9989,-0.0210,-0.0005,0.4524,Dark,
11.4510,6.2454,7.6287,0.0000,0.0000,0.1369,-0.0045,0.9906,-0.0544,-0.0024,0.9985,0.0449,-0.0166,0.9989,-0.0210,-0.0002,0.4520,Dark,
11.4624,6.2475,7.6290,0.0000,0.0000,0.1375,-0.0037,0.9905,-0.0540,-0.0012,0.9985,0.0455,-0.0156,0.9988,-0.0210,0.0001,0.4515,Dark,
11.4734,6.2438,7.6361,0.0000,0.0000,0.1390,-0.0053,0.9903,-0.0537,-0.0027,0.9986,0.0464,-0.0172,0.9988,-0.0210,0.0004,0.4509,Dark,
11.4845,6.2404,7.6275,0.0000,0.0000,0.1397,-0.0069,0.9902,-0.0538,-0.0042,0.9985,0.0467,-0.0188,0.9987,-0.0211,0.0006,0.4503,Dark,
11.4956,6.2418,7.6200,0.0000,0.0000,0.1407,-0.0087,0.9900,-0.0538,-0.0060,0.9985,0.0472,-0.0207,0.9987,-0.0211,0.0008,0.4497,Dark,
11.5066,6.2410,7.6370,0.0000,0.0000,0.1425,-0.0111,0.9897,-0.0540,-0.0086,0.9985,0.0481,-0.0234,0.9986,-0.0211,0.0009,0.4490,Dark,
11.5175,6.2396,7.6354,0.0000,0.0000,0.1433,-0.0136,0.9896,-0.0543,-0.0111,0.9985,0.0484,-0.0260,0.9985,-0.0211,0.0010,0.4484,Dark,
11.5287,6.2448,7.6344,0.0000,0.0000,0.1441,-0.0162,0.9894,-0.0545,-0.0138,0.9984,0.0487,-0.0287,0.9984,-0.0211,0.0010,0.4477,Dark,
11.5399,6.2445,7.6637,0.0000,0.0000,0.1447,-0.0206,0.9893,-0.0561,-0.0183,0.9983,0.0483,-0.0333,0.9983,-0.0212,0.0009,0.4470,Dark,
11.5511,6.2408,7.6594,0.0000,0.0000,0.1444,-0.0245,0.9892,-0.0575,-0.0223,0.9981,0.0475,-0.0373,0.9982,-0.0212,0.0008,0.4464,Dark,
11.5624,6.2321,7.6569,0.0000,0.0000,0.1434,-0.0300,0.9892,-0.0603,-0.0281,0.9978,0.0456,-0.0431,0.9980,-0.0212,0.0006,0.4457,Dark,
11.5739,6.2379,7.6566,0.0000,0.0000,0.1427,-0.0339,0.9892,-0.0616,-0.0323,0.9976,0.0446,-0.0473,0.9979,-0.0213,0.0004,0.4451,Dark,
11.5844,6.2437,7.6722,0.0000,0.0000,0.1423,-0.0382,0.9891,-0.0630,-0.0369,0.9973,0.0438,-0.0517,0.9977,-0.0212,0.0002,0.4445,Dark,
11.5957,6.2557,7.6814,0.0000,0.0000,0.1419,-0.0419,0.9890,-0.0649,-0.0408,0.9971,0.0426,-0.0557,0.9975,-0.0212,-0.0001,0.4440,Dark,
11.6067,6.2616,7.6759,0.0000,0.0000,0.1418,-0.0460,0.9888,-0.0657,-0.0451,0.9968,0.0422,-0.0600,0.9973,-0.0210,-0.0004,0.4435,Dark,
11.6179,6.2654,7.6668,0.0000,0.0000,0.1420,-0.0491,0.9887,-0.0662,-0.0484,0.9966,0.0421,-0.0632,0.9971,-0.0209,-0.0007,0.4430,Dark,
11.6292,6.2405,7.6590,0.0000,0.0000,0.1418,-0.0511,0.9886,-0.0673,-0.0507,0.9964,0.0415,-0.0655,0.9970,-0.0208,-0.0009,0.4427,Dark,
11.6403,6.2510,7.6617,0.0000,0.0000,0.1424,-0.0519,0.9884,-0.0671,-0.0518,0.9964,0.0419,-0.0664,0.9969,-0.0206,-0.0009,0.4424,Dark,
11.6515,6.2604,7.6482,0.0000,0.0000,0.1443,-0.0522,0.9882,-0.0654,-0.0521,0.9965,0.0438,-0.0667,0.9968,-0.0204,-0.0010,0.4421,Dark,
11.6625,6.2581,7.6372,0.0000,0.0000,0.1448,-0.0522,0.9881,-0.0656,-0.0521,0.9965,0.0439,-0.0668,0.9968,-0.0202,-0.0011,0.4418,Dark,
11.6736,6.2554,7.6377,0.0000,0.0000,0.1452,-0.0529,0.9880,-0.0654,-0.0530,0.9965,0.0442,-0.0676,0.9967,-0.0200,-0.0011,0.4415,Dark,
11.6850,6.2514,7.6257,0.0000,0.0000,0.1462,-0.0543,0.9878,-0.0647,-0.0544,0.9964,0.0451,-0.0690,0.9966,-0.0197,-0.0012,0.4413,Dark,
11.6959,6.2331,7.6123,0.0000,0.0000,0.1472,-0.0563,0.9875,-0.0639,-0.0566,0.9963,0.0460,-0.0712,0.9964,-0.0194,-0.0014,0.4410,Dark,
11.7070,6.2329,7.6203,0.0000,0.0000,0.1479,-0.0569,0.9874,-0.0634,-0.0572,0.9963,0.0466,-0.0717,0.9963,-0.0191,-0.0015,0.4407,Dark,
11.7180,6.2237,7.6470,0.0000,0.0000,0.1489,-0.0572,0.9872,-0.0627,-0.0574,0.9964,0.0475,-0.0720,0.9963,-0.0189,-0.0015,0.4405,Dark,
11.7292,6.2161,7.6584,0.0000,0.0000,0.1501,-0.0578,0.9870,-0.0615,-0.0580,0.9964,0.0487,-0.0727,0.9962,-0.0187,-0.0014,0.4402,Dark,
11.7404,6.2105,7.6578,0.0000,0.0000,0.1510,-0.0575,0.9869,-0.0607,-0.0575,0.9965,0.0495,-0.0723,0.9962,-0.0185,-0.0014,0.4399,Dark,
11.7517,6.2139,7.6703,0.0000,0.0000,0.1509,-0.0556,0.9870,-0.0612,-0.0556,0.9966,0.0492,-0.0704,0.9963,-0.0183,-0.0013,0.4397,Dark,
11.7631,6.2042,7.6732,0.0000,0.0000,0.1524,-0.0548,0.9868,-0.0598,-0.0549,0.9967,0.0507,-0.0696,0.9963,-0.0181,-0.0012,0.4394,Dark,
11.7739,6.1971,7.6562,0.0000,0.0000,0.1525,-0.0532,0.9869,-0.0599,-0.0535,0.9968,0.0507,-0.0682,0.9964,-0.0179,-0.0011,0.4392,Dark,
11.7852,6.2147,7.6346,0.0000,0.0000,0.1515,-0.0519,0.9871,-0.0613,-0.0522,0.9968,0.0495,-0.0668,0.9965,-0.0177,-0.0009,0.4390,Dark,
11.7962,6.2172,7.6278,0.0000,0.0000,0.1526,-0.0504,0.9870,-0.0604,-0.0506,0.9969,0.0505,-0.0653,0.9966,-0.0173,-0.0006,0.4388,Dark,
11.8076,6.2219,7.6184,0.0000,0.0000,0.1530,-0.0501,0.9870,-0.0602,-0.0504,0.9969,0.0508,-0.0651,0.9966,-0.0170,-0.0006,0.4386,Dark,
11.8183,6.2312,7.6391,0.0000,0.0000,0.1524,-0.0499,0.9871,-0.0611,-0.0504,0.9969,0.0500,-0.0650,0.9966,-0.0167,-0.0006,0.4384,Dark,
11.8295,6.2790,7.6612,0.0000,0.0000,0.1517,-0.0483,0.9872,-0.0621,-0.0497,0.9968,0.0493,-0.0638,0.9967,-0.0166,-0.0004,0.4382,Dark,
11.8406,6.3190,7.7081,0.0000,0.0000,0.1483,-0.0512,0.9876,-0.0663,-0.0528,0.9964,0.0454,-0.0669,0.9967,-0.0165,-0.0003,0.4380,Dark,
11.8517,6.4070,7.8117,0.0000,0.0000,0.1508,-0.0833,0.9851,-0.0639,-0.0863,0.9942,0.0479,-0.0998,0.9939,-0.0165,-0.0003,0.4377,Dark,
11.8631,6.4507,7.8613,0.0000,0.0000,0.1585,-0.1078,0.9815,-0.0576,-0.1119,0.9920,0.0551,-0.1251,0.9906,-0.0165,-0.0003,0.4374,Dark,
11.8745,6.5285,8.0136,0.0000,0.0000,0.1903,-0.1778,0.9655,-0.0252,-0.1858,0.9823,0.0877,-0.1972,0.9764,-0.0166,-0.0005,0.4371,Dark,
11.8854,6.5653,8.0715,0.0000,0.0000,0.2072,-0.2114,0.9552,-0.0060,-0.2216,0.9751,0.1059,-0.2317,0.9670,-0.0166,-0.0006,0.4367,Dark,
11.8963,6.6095,8.1128,0.0000,0.0000,0.2194,-0.2301,0.9481,0.0060,-0.2420,0.9703,0.1182,-0.2513,0.9607,-0.0167,-0.0007,0.4364,Dark,
11.9076,6.6463,8.1094,0.0000,0.0000,0.2292,-0.2482,0.9412,0.0153,-0.2616,0.9651,0.1279,-0.2702,0.9543,-0.0168,-0.0009,0.4361,Dark,
11.9193,6.6448,8.1041,0.0000,0.0000,0.2325,-0.2583,0.9377,0.0187,-0.2725,0.9620,0.1312,-0.2807,0.9508,-0.0169,-0.0010,0.4359,Dark,
11.9299,6.6447,8.0997,0.0000,0.0000,0.2359,-0.2605,0.9362,0.0215,-0.2750,0.9612,0.1344,-0.2831,0.9496,-0.0170,-0.0011,0.4357,Dark,
11.9411,6.6216,8.1187,0.0000,0.0000,0.2373,-0.2522,0.9381,0.0217,-0.2667,0.9635,0.1354,-0.2749,0.9519,-0.0171,-0.0012,0.4355,Dark,
11.9521,6.6050,8.1213,0.0000,0.0000,0.2384,-0.2566,0.9366,0.0228,-0.2716,0.9621,0.1365,-0.2796,0.9504,-0.0172,-0.0014,0.4353,Dark,
11.9635,6.5931,8.1221,0.0000,0.0000,0.2372,-0.2543,0.9376,0.0212,-0.2697,0.9627,0.1352,-0.2775,0.9512,-0.0175,-0.0014,0.4352,Dark,
11.9742,6.5728,8.0962,0.0000,0.0000,0.2333,-0.2490,0.9400,0.0159,-0.2645,0.9643,0.1307,-0.2724,0.9533,-0.0177,-0.0015,0.4350,Dark,
11.9855,6.5660,8.0838,0.0000,0.0000,0.2287,-0.2500,0.9408,0.0106,-0.2658,0.9640,0.1258,-0.2735,0.9536,-0.0183,-0.0016,0.4348,Dark,
11.9968,6.5679,8.0750,0.0000,0.0000,0.2228,-0.2485,0.9427,0.0038,-0.2644,0.9644,0.1194,-0.2721,0.9548,-0.0189,-0.0018,0.4345,Dark,
12.0077,6.5843,8.0779,0.0000,0.0000,0.2191,-0.2501,0.9431,-0.0003,-0.2663,0.9639,0.1155,-0.2739,0.9548,-0.0197,-0.0020,0.4341,Dark,
12.0188,6.5965,8.0926,0.0000,0.0000,0.2133,-0.2516,0.9440,-0.0058,-0.2680,0.9634,0.1099,-0.2755,0.9550,-0.0205,-0.0022,0.4337,Dark,
12.0299,6.6042,8.1048,0.0000,0.0000,0.2099,-0.2531,0.9444,-0.0090,-0.2696,0.9629,0.1066,-0.2770,0.9549,-0.0213,-0.0026,0.4332,Dark,
12.0410,6.6197,8.1289,0.0000,0.0000,0.2067,-0.2541,0.9448,-0.0105,-0.2705,0.9627,0.1042,-0.2778,0.9550,-0.0221,-0.0029,0.4328,Dark,
12.0525,6.6270,8.1439,0.0000,0.0000,0.2022,-0.2557,0.9454,-0.0137,-0.2717,0.9623,0.1003,-0.2792,0.9550,-0.0230,-0.0032,0.4325,Dark,
12.0635,6.6105,8.1585,0.0000,0.0000,0.1988,-0.2552,0.9462,-0.0156,-0.2710,0.9625,0.0976,-0.2785,0.9555,-0.0239,-0.0033,0.4322,Dark,
12.0743,6.5952,8.1606,0.0000,0.0000,0.1947,-0.2548,0.9472,-0.0193,-0.2703,0.9626,0.0936,-0.2779,0.9560,-0.0247,-0.0034,0.4319,Dark,
12.0856,6.5824,8.1612,0.0000,0.0000,0.1895,-0.2543,0.9484,-0.0242,-0.2692,0.9628,0.0885,-0.2770,0.9568,-0.0255,-0.0033,0.4318,Dark,
12.0966,6.5300,8.1546,0.0000,0.0000,0.1854,-0.2535,0.9494,-0.0272,-0.2679,0.9631,0.0849,-0.2759,0.9574,-0.0264,-0.0032,0.4315,Dark,
12.1079,6.5142,8.1452,0.0000,0.0000,0.1815,-0.2538,0.9501,-0.0304,-0.2681,0.9629,0.0813,-0.2761,0.9577,-0.0272,-0.0034,0.4311,Dark,
12.1192,6.5261,8.1379,0.0000,0.0000,0.1788,-0.2552,0.9502,-0.0331,-0.2697,0.9624,0.0786,-0.2776,0.9575,-0.0281,-0.0037,0.4308,Dark,
12.1303,6.5544,8.1551,0.0000,0.0000,0.1760,-0.2559,0.9505,-0.0355,-0.2704,0.9621,0.0761,-0.2783,0.9575,-0.0289,-0.0040,0.4304,Dark,
12.1414,6.5671,8.1568,0.0000,0.0000,0.1723,-0.2568,0.9510,-0.0383,-0.2712,0.9618,0.0728,-0.2791,0.9575,-0.0298,-0.0041,0.4300,Dark,
12.1524,6.5663,8.1582,0.0000,0.0000,0.1689,-0.2566,0.9517,-0.0413,-0.2709,0.9617,0.0696,-0.2788,0.9578,-0.0307,-0.0042,0.4297,Dark,
12.1639,6.5917,8.1653,0.0000,0.0000,0.1723,-0.2428,0.9546,-0.0341,-0.2565,0.9659,0.0749,-0.2645,0.9615,-0.0316,-0.0043,0.4295,Dark,
12.1751,6.5996,8.1655,0.0000,0.0000,0.1653,-0.2504,0.9539,-0.0398,-0.2642,0.9636,0.0684,-0.2720,0.9599,-0.0325,-0.0045,0.4292,Dark,
12.1865,6.5858,8.1661,0.0000,0.0000,0.1663,-0.2426,0.9558,-0.0372,-0.2559,0.9660,0.0702,-0.2638,0.9620,-0.0334,-0.0046,0.4290,Dark,
12.1972,6.5779,8.1273,0.0000,0.0000,0.1695,-0.2290,0.9586,-0.0298,-0.2417,0.9699,0.0755,-0.2497,0.9654,-0.0343,-0.0047,0.4289,Dark,
12.2082,6.5730,8.1422,0.0000,0.0000,0.1696,-0.2219,0.9602,-0.0275,-0.2343,0.9718,0.0766,-0.2423,0.9672,-0.0354,-0.0048,0.4287,Dark,
12.2192,6.5872,8.1560,0.0000,0.0000,0.1700,-0.2150,0.9617,-0.0257,-0.2270,0.9736,0.0777,-0.2351,0.9689,-0.0363,-0.0048,0.4286,Dark,
12.2305,6.6069,8.1567,0.0000,0.0000,0.1722,-0.2036,0.9638,-0.0207,-0.2151,0.9764,0.0813,-0.2233,0.9714,-0.0373,-0.0047,0.4285,Dark,
12.2418,6.6102,8.1654,0.0000,0.0000,0.1403,-0.2064,0.9683,0.0170,-0.2138,0.9767,0.0815,-0.2188,0.9724,-0.0382,-0.0046,0.4285,Dark,
12.2530,6.5919,8.1701,0.0000,0.0000,0.1248,-0.2071,0.9703,0.0316,-0.2125,0.9766,0.0801,-0.2163,0.9730,-0.0392,-0.0044,0.4285,Dark,
12.2639,6.5792,8.1937,0.0000,0.0000,0.1117,-0.2032,0.9728,0.0461,-0.2069,0.9773,0.0800,-0.2096,0.9745,-0.0401,-0.0043,0.4286,Dark,
12.2754,6.5844,8.2275,0.0000,0.0000,0.1097,-0.1934,0.9750,0.0391,-0.1971,0.9796,0.0757,-0.2002,0.9768,-0.0409,-0.0040,0.4287,Dark,
12.2860,6.6119,8.2542,0.0000,0.0000,0.0958,-0.1828,0.9785,0.0199,-0.1862,0.9823,0.0592,-0.1898,0.9800,-0.0419,-0.0038,0.4289,Dark,
12.2972,6.5780,8.1336,0.0000,0.0000,0.0355,-0.1688,0.9850,-0.0544,-0.1714,0.9837,-0.0079,-0.1763,0.9843,-0.0429,-0.0036,0.4290,Dark,
12.3083,6.5264,8.0488,0.0000,0.0000,-0.0237,-0.1656,0.9859,-0.1224,-0.1673,0.9783,-0.0716,-0.1733,0.9823,-0.0440,-0.0034,0.4291,Dark,
12.3196,6.5232,7.9092,0.0000,0.0000,-0.1416,-0.1555,0.9776,-0.2548,-0.1550,0.9545,-0.1969,-0.1632,0.9667,-0.0451,-0.0033,0.4291,Dark,
12.3307,6.5037,7.8615,0.0000,0.0000,-0.1505,-0.1522,0.9768,-0.2713,-0.1513,0.9505,-0.2096,-0.1602,0.9646,-0.0462,-0.0032,0.4293,Dark,
12.3417,6.4938,7.9001,0.0000,0.0000,-0.2131,-0.1425,0.9666,-0.3408,-0.1402,0.9296,-0.2761,-0.1505,0.9493,-0.0474,-0.0032,0.4292,Dark,
12.3529,6.5073,7.9375,0.0000,0.0000,-0.2543,-0.1346,0.9577,-0.3878,-0.1313,0.9124,-0.3205,-0.1427,0.9364,-0.0484,-0.0031,0.4293,Dark,
12.3644,6.4917,7.9889,0.0000,0.0000,-0.2816,-0.1286,0.9509,-0.4298,-0.1240,0.8944,-0.3556,-0.1373,0.9245,-0.0496,-0.0031,0.4294,Dark,
12.3756,6.4740,8.0154,0.0000,0.0000,-0.2822,-0.1289,0.9507,-0.4389,-0.1238,0.8900,-0.3605,-0.1381,0.9225,-0.0506,-0.0030,0.4294,Dark,
12.3864,6.4477,8.0387,0.0000,0.0000,-0.2599,-0.1310,0.9567,-0.4342,-0.1254,0.8921,-0.3471,-0.1412,0.9272,-0.0517,-0.0030,0.4295,Dark,
12.3979,6.4406,8.0454,0.0000,0.0000,-0.2581,-0.1303,0.9573,-0.4397,-0.1239,0.8895,-0.3491,-0.1407,0.9265,-0.0526,-0.0029,0.4296,Dark,
12.4087,6.4376,8.0580,0.0000,0.0000,-0.2381,-0.1295,0.9626,-0.4283,-0.1234,0.8952,-0.3332,-0.1407,0.9323,-0.0536,-0.0027,0.4297,Dark,
12.4197,6.4615,8.0730,0.0000,0.0000,-0.2324,-0.1281,0.9642,-0.4358,-0.1216,0.8918,-0.3343,-0.1401,0.9320,-0.0546,-0.0026,0.4297,Dark,
12.4314,6.4807,8.1031,0.0000,0.0000,-0.2249,-0.1263,0.9662,-0.4349,-0.1199,0.8925,-0.3301,-0.1388,0.9337,-0.0556,-0.0024,0.4299,Dark,
12.4419,6.5098,8.1272,0.0000,0.0000,-0.2080,-0.1257,0.9700,-0.4256,-0.1196,0.8970,-0.3168,-0.1389,0.9383,-0.0565,-0.0023,0.4299,Dark,
12.4531,6.5615,8.1764,0.0000,0.0000,-0.2010,-0.1223,0.9719,-0.4305,-0.1157,0.8951,-0.3159,-0.1361,0.9390,-0.0575,-0.0022,0.4301,Dark,
12.4644,6.5826,8.2054,0.0000,0.0000,-0.1953,-0.1197,0.9734,-0.4306,-0.1129,0.8955,-0.3131,-0.1338,0.9403,-0.0584,-0.0019,0.4303,Dark,
12.4757,6.6379,8.2261,0.0000,0.0000,-0.1900,-0.1162,0.9749,-0.4313,-0.1093,0.8956,-0.3109,-0.1308,0.9414,-0.0592,-0.0016,0.4305,Dark,
12.4870,6.7197,8.2542,0.0000,0.0000,-0.1824,-0.1116,0.9769,-0.4343,-0.1046,0.8947,-0.3087,-0.1269,0.9427,-0.0600,-0.0013,0.4307,Dark,
12.4981,6.7476,8.2724,0.0000,0.0000,-0.1788,-0.1069,0.9781,-0.4354,-0.1000,0.8947,-0.3074,-0.1226,0.9436,-0.0608,-0.0010,0.4309,Dark,
12.5090,6.8229,8.2984,0.0000,0.0000,-0.1725,-0.1017,0.9797,-0.4380,-0.0951,0.8939,-0.3057,-0.1182,0.9448,-0.0617,-0.0007,0.4310,Dark,
12.5202,6.8476,8.3078,0.0000,0.0000,-0.1699,-0.0977,0.9806,-0.4394,-0.0913,0.8936,-0.3051,-0.1145,0.9454,-0.0625,-0.0004,0.4312,Dark,
12.5313,6.8660,8.3124,0.0000,0.0000,-0.1683,-0.0937,0.9813,-0.4406,-0.0878,0.8934,-0.3049,-0.1110,0.9459,-0.0634,0.0000,0.4314,Dark,
12.5424,6.8925,8.3247,0.0000,0.0000,-0.1660,-0.0892,0.9821,-0.4424,-0.0844,0.8928,-0.3047,-0.1073,0.9464,-0.0644,0.0004,0.4316,Dark,
12.5533,6.8943,8.3325,0.0000,0.0000,-0.1684,-0.0800,0.9825,-0.4457,-0.0764,0.8919,-0.3075,-0.0988,0.9464,-0.0651,0.0008,0.4320,Dark,
12.5645,6.8950,8.3414,0.0000,0.0000,-0.1611,-0.0822,0.9835,-0.4399,-0.0785,0.8946,-0.3009,-0.1010,0.9483,-0.0661,0.0010,0.4324,Dark,
12.5757,6.9041,8.3536,0.0000,0.0000,-0.1544,-0.0737,0.9852,-0.4348,-0.0707,0.8978,-0.2949,-0.0928,0.9510,-0.0668,0.0018,0.4326,Dark,
12.5869,6.9117,8.3506,0.0000,0.0000,-0.1572,-0.0648,0.9854,-0.4374,-0.0627,0.8971,-0.2976,-0.0843,0.9510,-0.0677,0.0024,0.4333,Dark,
12.5984,6.9129,8.3465,0.0000,0.0000,-0.1542,-0.0627,0.9860,-0.4347,-0.0602,0.8985,-0.2948,-0.0820,0.9520,-0.0684,0.0028,0.4331,Dark,
12.6093,6.9064,8.3450,0.0000,0.0000,-0.1555,-0.0551,0.9863,-0.4357,-0.0521,0.8986,-0.2960,-0.0740,0.9523,-0.0693,0.0036,0.4335,Dark,
12.6201,6.8990,8.3433,0.0000,0.0000,-0.1554,-0.0530,0.9864,-0.4354,-0.0496,0.8989,-0.2958,-0.0717,0.9525,-0.0701,0.0039,0.4335,Dark,
12.6316,6.8953,8.3424,0.0000,0.0000,-0.1551,-0.0515,0.9866,-0.4351,-0.0478,0.8991,-0.2956,-0.0700,0.9527,-0.0710,0.0041,0.4335,Dark,
12.6427,6.8601,8.3525,0.0000,0.0000,-0.1578,-0.0526,0.9861,-0.4383,-0.0489,0.8975,-0.2985,-0.0712,0.9517,-0.0721,0.0045,0.4334,Dark,
12.6539,6.8332,8.3527,0.0000,0.0000,-0.1607,-0.0541,0.9855,-0.4418,-0.0510,0.8957,-0.3018,-0.0731,0.9506,-0.0730,0.0051,0.4333,Dark,
12.6650,6.7979,8.3526,0.0000,0.0000,-0.1638,-0.0550,0.9850,-0.4456,-0.0525,0.8937,-0.3053,-0.0744,0.9493,-0.0738,0.0057,0.4332,Dark,
12.6759,6.7396,8.2711,0.0000,0.0000,-0.1684,-0.0620,0.9838,-0.4521,-0.0595,0.8900,-0.3110,-0.0816,0.9469,-0.0747,0.0062,0.4331,Dark,
12.6870,6.7187,8.2456,0.0000,0.0000,-0.1723,-0.0674,0.9827,-0.4567,-0.0646,0.8873,-0.3152,-0.0870,0.9450,-0.0757,0.0067,0.4330,Dark,
12.6982,6.6862,8.2135,0.0000,0.0000,-0.1761,-0.0788,0.9812,-0.4620,-0.0757,0.8837,-0.3199,-0.0985,0.9423,-0.0765,0.0071,0.4329,Dark,
12.7095,6.6767,8.2068,0.0000,0.0000,-0.1787,-0.0769,0.9809,-0.4652,-0.0738,0.8821,-0.3229,-0.0966,0.9415,-0.0774,0.0076,0.4327,Dark,
12.7205,6.6703,8.2220,0.0000,0.0000,-0.1819,-0.0785,0.9802,-0.4693,-0.0755,0.8798,-0.3266,-0.0984,0.9400,-0.0784,0.0082,0.4325,Dark,
12.7318,6.6684,8.2438,0.0000,0.0000,-0.1824,-0.0821,0.9798,-0.4717,-0.0794,0.8782,-0.3280,-0.1023,0.9391,-0.0792,0.0086,0.4322,Dark,
12.7430,6.6747,8.2513,0.0000,0.0000,-0.1832,-0.0839,0.9795,-0.4734,-0.0814,0.8771,-0.3293,-0.1044,0.9385,-0.0801,0.0089,0.4320,Dark,
12.7542,6.6801,8.2595,0.0000,0.0000,-0.1827,-0.0853,0.9795,-0.4732,-0.0831,0.8770,-0.3289,-0.1059,0.9384,-0.0810,0.0091,0.4316,Dark,
12.7654,6.6995,8.2781,0.0000,0.0000,-0.1795,-0.0900,0.9796,-0.4706,-0.0880,0.8780,-0.3257,-0.1108,0.9389,-0.0818,0.0093,0.4313,Dark,
12.7765,6.7287,8.2891,0.0000,0.0000,-0.1781,-0.0900,0.9799,-0.4697,-0.0883,0.8784,-0.3245,-0.1109,0.9394,-0.0825,0.0095,0.4311,Dark,
12.7873,6.7520,8.2902,0.0000,0.0000,-0.1783,-0.0909,0.9798,-0.4692,-0.0896,0.8786,-0.3243,-0.1120,0.9393,-0.0833,0.0097,0.4308,Dark,
12.7987,6.7610,8.2830,0.0000,0.0000,-0.1764,-0.0924,0.9800,-0.4667,-0.0916,0.8797,-0.3219,-0.1137,0.9399,-0.0842,0.0098,0.4305,Dark,
12.8098,6.7638,8.2762,0.0000,0.0000,-0.1774,-0.0932,0.9797,-0.4673,-0.0929,0.8792,-0.3226,-0.1147,0.9396,-0.0851,0.0099,0.4303,Dark,
12.8210,6.7652,8.2747,0.0000,0.0000,-0.1777,-0.0947,0.9795,-0.4664,-0.0952,0.8794,-0.3222,-0.1165,0.9395,-0.0860,0.0098,0.4301,Dark,
12.8322,6.7672,8.2699,0.0000,0.0000,-0.1794,-0.0968,0.9790,-0.4672,-0.0979,0.8787,-0.3233,-0.1189,0.9388,-0.0869,0.0097,0.4298,Dark,
12.8433,6.7746,8.2662,0.0000,0.0000,-0.1815,-0.1008,0.9782,-0.4686,-0.1025,0.8775,-0.3250,-0.1232,0.9377,-0.0879,0.0095,0.4295,Dark,
12.8548,6.7643,8.2063,0.0000,0.0000,-0.1822,-0.1084,0.9773,-0.4675,-0.1107,0.8770,-0.3246,-0.1310,0.9367,-0.0890,0.0091,0.4291,Dark,
12.8653,6.7504,8.1763,0.0000,0.0000,-0.1839,-0.1149,0.9762,-0.4679,-0.1176,0.8759,-0.3255,-0.1377,0.9355,-0.0900,0.0086,0.4287,Dark,
12.8765,6.7371,8.1537,0.0000,0.0000,-0.1832,-0.1242,0.9752,-0.4659,-0.1275,0.8756,-0.3239,-0.1472,0.9346,-0.0911,0.0080,0.4282,Dark,
12.8877,6.5725,8.1554,0.0000,0.0000,-0.2037,-0.1352,0.9697,-0.4796,-0.1381,0.8666,-0.3412,-0.1576,0.9267,-0.0924,0.0073,0.4277,Dark,
12.8991,6.4464,7.9953,0.0000,0.0000,-0.2286,-0.1354,0.9641,-0.4988,-0.1376,0.8557,-0.3638,-0.1573,0.9181,-0.0936,0.0066,0.4272,Dark,
12.9102,6.2184,7.8619,0.0000,0.0000,-0.2571,-0.1081,0.9603,-0.5135,-0.1098,0.8510,-0.3859,-0.1287,0.9135,-0.0949,0.0057,0.4266,Dark,
12.9215,5.9012,8.5667,0.0000,0.0000,-0.2671,-0.1333,0.9544,-0.5234,-0.1345,0.8414,-0.3959,-0.1538,0.9053,-0.0962,0.0046,0.4260,Dark,
12.9322,5.9638,8.8356,0.0000,0.0000,-0.2968,-0.1452,0.9438,-0.5491,-0.1453,0.8230,-0.4242,-0.1653,0.8904,-0.0976,0.0035,0.4255,Dark,
12.9438,6.0472,8.6854,0.0000,0.0000,-0.3192,-0.1644,0.9333,-0.5699,-0.1635,0.8053,-0.4462,-0.1843,0.8758,-0.0989,0.0023,0.4251,Dark,
12.9548,6.2263,8.3494,0.0000,0.0000,-0.3599,-0.1905,0.9133,-0.5989,-0.1875,0.7785,-0.4814,-0.2089,0.8512,-0.1004,0.0011,0.4247,Dark,
12.9659,6.3758,8.1410,0.0000,0.0000,-0.3746,-0.2017,0.9050,-0.6084,-0.1981,0.7685,-0.4934,-0.2196,0.8416,-0.1018,0.0000,0.4243,Dark,
12.9768,6.4827,8.0926,0.0000,0.0000,-0.3770,-0.2129,0.9014,-0.6091,-0.2094,0.7650,-0.4948,-0.2308,0.8378,-0.1031,-0.0010,0.4241,Dark,
12.9882,6.6414,8.1614,0.0000,0.0000,-0.3751,-0.2302,0.8979,-0.6083,-0.2268,0.7606,-0.4932,-0.2482,0.8338,-0.1044,-0.0020,0.4240,Dark,
12.9995,6.7058,8.2152,0.0000,0.0000,-0.3725,-0.2419,0.8960,-0.6083,-0.2389,0.7569,-0.4917,-0.2605,0.8309,-0.1056,-0.0029,0.4239,Dark,
13.0107,6.7480,8.2442,0.0000,0.0000,-0.3707,-0.2526,0.8937,-0.6085,-0.2504,0.7530,-0.4907,-0.2718,0.8278,-0.1068,-0.0039,0.4240,Dark,
13.0213,6.8073,8.2379,0.0000,0.0000,-0.3616,-0.2630,0.8945,-0.6057,-0.2618,0.7514,-0.4845,-0.2832,0.8276,-0.1079,-0.0048,0.4241,Dark,
13.0325,6.7963,8.2210,0.0000,0.0000,-0.3610,-0.2715,0.8922,-0.6082,-0.2708,0.7462,-0.4854,-0.2923,0.8240,-0.1091,-0.0058,0.4242,Dark,
13.0439,6.7844,8.1909,0.0000,0.0000,-0.3574,-0.2768,0.8920,-0.6070,-0.2765,0.7450,-0.4828,-0.2981,0.8234,-0.1102,-0.0068,0.4245,Dark,
13.0548,6.7641,8.1717,0.0000,0.0000,-0.3506,-0.2832,0.8927,-0.6054,-0.2835,0.7437,-0.4785,-0.3053,0.8233,-0.1112,-0.0080,0.4246,Dark,
13.0662,6.7573,8.1774,0.0000,0.0000,-0.3489,-0.2923,0.8904,-0.6062,-0.2928,0.7395,-0.4779,-0.3148,0.8201,-0.1121,-0.0093,0.4248,Dark,
13.0771,6.7545,8.1927,0.0000,0.0000,-0.3492,-0.2987,0.8882,-0.6074,-0.2993,0.7359,-0.4786,-0.3214,0.8171,-0.1130,-0.0107,0.4249,Dark,
13.0887,6.7916,8.2779,0.0000,0.0000,-0.3450,-0.3088,0.8863,-0.6067,-0.3099,0.7320,-0.4760,-0.3321,0.8143,-0.1138,-0.0122,0.4251,Dark,
13.0994,6.8277,8.3352,0.0000,0.0000,-0.3381,-0.3256,0.8830,-0.6023,-0.3274,0.7281,-0.4699,-0.3496,0.8105,-0.1145,-0.0136,0.4252,Dark,
13.1106,6.8566,8.3764,0.0000,0.0000,-0.3315,-0.3474,0.8771,-0.5973,-0.3499,0.7216,-0.4638,-0.3719,0.8041,-0.1153,-0.0151,0.4251,Dark,
13.1216,6.9061,8.4462,0.0000,0.0000,-0.3172,-0.3743,0.8714,-0.5870,-0.3784,0.7157,-0.4508,-0.3999,0.7980,-0.1159,-0.0166,0.4253,Dark,
13.1329,6.9318,8.4727,0.0000,0.0000,-0.3069,-0.4067,0.8604,-0.5773,-0.4119,0.7050,-0.4402,-0.4329,0.7867,-0.1166,-0.0182,0.4254,Dark,
13.1441,6.9502,8.4746,0.0000,0.0000,-0.3091,-0.4270,0.8498,-0.5797,-0.4315,0.6911,-0.4424,-0.4530,0.7740,-0.1172,-0.0197,0.4256,Dark,
13.1550,6.9439,8.4670,0.0000,0.0000,-0.3064,-0.4458,0.8410,-0.5801,-0.4502,0.6788,-0.4410,-0.4722,0.7632,-0.1178,-0.0212,0.4257,Dark,
13.1663,6.9372,8.4586,0.0000,0.0000,-0.3056,-0.4563,0.8357,-0.5809,-0.4604,0.6712,-0.4409,-0.4828,0.7567,-0.1183,-0.0226,0.4259,Dark,
13.1775,6.9309,8.4436,0.0000,0.0000,-0.3089,-0.4649,0.8297,-0.5854,-0.4682,0.6619,-0.4448,-0.4913,0.7489,-0.1188,-0.0240,0.4260,Dark,
13.1885,6.9088,8.4188,0.0000,0.0000,-0.3124,-0.4669,0.8273,-0.5922,-0.4692,0.6551,-0.4501,-0.4933,0.7444,-0.1192,-0.0254,0.4261,Dark,
13.1996,6.9029,8.4083,0.0000,0.0000,-0.3105,-0.4762,0.8227,-0.5919,-0.4782,0.6489,-0.4488,-0.5027,0.7388,-0.1196,-0.0271,0.4261,Dark,
13.2107,6.8986,8.4194,0.0000,0.0000,-0.3124,-0.4855,0.8165,-0.5949,-0.4862,0.6401,-0.4513,-0.5116,0.7311,-0.1199,-0.0288,0.4260,Dark,
13.2218,6.9244,8.4635,0.0000,0.0000,-0.3086,-0.5030,0.8073,-0.5945,-0.5025,0.6278,-0.4490,-0.5290,0.7201,-0.1201,-0.0307,0.4259,Dark,
13.2330,6.9484,8.4916,0.0000,0.0000,-0.3004,-0.5218,0.7985,-0.5885,-0.5210,0.6183,-0.4416,-0.5478,0.7105,-0.1202,-0.0326,0.4257,Dark,
13.2443,6.9676,8.5333,0.0000,0.0000,-0.2866,-0.5439,0.7887,-0.5762,-0.5439,0.6101,-0.4280,-0.5703,0.7011,-0.1201,-0.0345,0.4254,Dark,
13.2556,6.9964,8.5715,0.0000,0.0000,-0.2745,-0.5703,0.7742,-0.5641,-0.5704,0.5970,-0.4154,-0.5965,0.6867,-0.1202,-0.0363,0.4254,Dark,
13.2663,7.0044,8.5732,0.0000,0.0000,-0.2666,-0.5802,0.7696,-0.5573,-0.5807,0.5934,-0.4077,-0.6067,0.6824,-0.1202,-0.0378,0.4255,Dark,
13.2777,7.0095,8.5509,0.0000,0.0000,-0.2576,-0.5870,0.7675,-0.5489,-0.5886,0.5935,-0.3987,-0.6140,0.6812,-0.1202,-0.0390,0.4256,Dark,
13.2890,6.9920,8.5050,0.0000,0.0000,-0.2441,-0.5857,0.7729,-0.5383,-0.5898,0.6020,-0.3862,-0.6140,0.6884,-0.1203,-0.0402,0.4260,Dark,
13.3000,6.9651,8.4860,0.0000,0.0000,-0.2394,-0.5941,0.7679,-0.5335,-0.5984,0.5977,-0.3813,-0.6224,0.6835,-0.1204,-0.0414,0.4264,Dark,
13.3111,6.9432,8.4613,0.0000,0.0000,-0.2440,-0.5912,0.7688,-0.5387,-0.5944,0.5971,-0.3864,-0.6191,0.6837,-0.1204,-0.0425,0.4266,Dark,
13.3223,6.9270,8.4115,0.0000,0.0000,-0.2490,-0.5848,0.7720,-0.5445,-0.5873,0.5988,-0.3920,-0.6126,0.6863,-0.1204,-0.0437,0.4268,Dark,
13.3331,6.9324,8.3865,0.0000,0.0000,-0.2450,-0.5905,0.7690,-0.5408,-0.5936,0.5960,-0.3880,-0.6186,0.6832,-0.1204,-0.0448,0.4270,Dark,
13.3444,6.9423,8.3905,0.0000,0.0000,-0.2485,-0.5885,0.7694,-0.5457,-0.5909,0.5942,-0.3924,-0.6166,0.6825,-0.1203,-0.0459,0.4271,Dark,
13.3559,6.9441,8.4246,0.0000,0.0000,-0.2509,-0.5917,0.7661,-0.5485,-0.5931,0.5893,-0.3952,-0.6195,0.6783,-0.1204,-0.0467,0.4275,Dark,
13.3669,6.9587,8.4544,0.0000,0.0000,-0.2475,-0.5946,0.7650,-0.5461,-0.5965,0.5882,-0.3921,-0.6227,0.6771,-0.1205,-0.0474,0.4279,Dark,
13.3777,6.9748,8.4843,0.0000,0.0000,-0.2390,-0.6082,0.7569,-0.5379,-0.6109,0.5809,-0.3835,-0.6366,0.6691,-0.1205,-0.0481,0.4282,Dark,
13.3893,6.9783,8.5055,0.0000,0.0000,-0.2344,-0.6160,0.7520,-0.5337,-0.6191,0.5761,-0.3789,-0.6445,0.6641,-0.1206,-0.0488,0.4286,Dark,
13.4000,6.9755,8.5204,0.0000,0.0000,-0.2328,-0.6196,0.7496,-0.5327,-0.6226,0.5733,-0.3775,-0.6481,0.6614,-0.1207,-0.0495,0.4289,Dark,
13.4113,6.9590,8.5188,0.0000,0.0000,-0.2280,-0.6282,0.7439,-0.5286,-0.6312,0.5676,-0.3729,-0.6567,0.6555,-0.1206,-0.0503,0.4290,Dark,
13.4225,6.9490,8.5179,0.0000,0.0000,-0.2253,-0.6339,0.7398,-0.5262,-0.6368,0.5635,-0.3702,-0.6624,0.6513,-0.1207,-0.0511,0.4291,Dark,
13.4337,6.9426,8.5170,0.0000,0.0000,-0.2268,-0.6406,0.7336,-0.5281,-0.6421,0.5558,-0.3720,-0.6685,0.6440,-0.1207,-0.0518,0.4293,Dark,
13.4446,6.9372,8.5190,0.0000,0.0000,-0.2247,-0.6445,0.7309,-0.5268,-0.6456,0.5529,-0.3703,-0.6722,0.6411,-0.1205,-0.0525,0.4293,Dark,
13.4560,6.9334,8.5173,0.0000,0.0000,-0.2254,-0.6486,0.7270,-0.5280,-0.6487,0.5481,-0.3713,-0.6759,0.6366,-0.1205,-0.0532,0.4295,Dark,
13.4671,6.9512,8.5064,0.0000,0.0000,-0.2230,-0.6513,0.7253,-0.5278,-0.6512,0.5454,-0.3700,-0.6788,0.6344,-0.1204,-0.0540,0.4296,Dark,
13.4781,6.9459,8.4986,0.0000,0.0000,-0.2192,-0.6543,0.7238,-0.5256,-0.6544,0.5437,-0.3669,-0.6820,0.6327,-0.1203,-0.0547,0.4298,Dark,
13.4891,6.9409,8.4920,0.0000,0.0000,-0.2157,-0.6606,0.7191,-0.5230,-0.6605,0.5387,-0.3637,-0.6883,0.6277,-0.1202,-0.0555,0.4300,Dark,
13.5002,6.9371,8.5042,0.0000,0.0000,-0.2146,-0.6633,0.7169,-0.5236,-0.6627,0.5355,-0.3635,-0.6909,0.6249,-0.1201,-0.0562,0.4301,Dark,
13.5116,6.9262,8.4610,0.0000,0.0000,-0.2134,-0.6629,0.7177,-0.5261,-0.6618,0.5341,-0.3642,-0.6908,0.6246,-0.1199,-0.0571,0.4302,Dark,
13.5229,6.9210,8.4460,0.0000,0.0000,-0.2091,-0.6692,0.7130,-0.5230,-0.6681,0.5292,-0.3605,-0.6972,0.6197,-0.1197,-0.0579,0.4302,Dark,
13.5339,6.9152,8.4375,0.0000,0.0000,-0.2065,-0.6720,0.7112,-0.5238,-0.6706,0.5254,-0.3595,-0.7002,0.6168,-0.1196,-0.0587,0.4302,Dark,
13.5450,6.9129,8.4296,0.0000,0.0000,-0.2046,-0.6743,0.7095,-0.5238,-0.6726,0.5227,-0.3586,-0.7027,0.6146,-0.1193,-0.0595,0.4303,Dark,
13.5564,6.9031,8.4275,0.0000,0.0000,-0.2031,-0.6763,0.7081,-0.5238,-0.6743,0.5205,-0.3578,-0.7047,0.6126,-0.1192,-0.0603,0.4303,Dark,
13.5674,6.9007,8.4092,0.0000,0.0000,-0.2032,-0.6762,0.7081,-0.5267,-0.6736,0.5185,-0.3595,-0.7047,0.6117,-0.1191,-0.0610,0.4304,Dark,
13.5783,6.9056,8.3903,0.0000,0.0000,-0.2028,-0.6771,0.7075,-0.5275,-0.6743,0.5168,-0.3597,-0.7057,0.6105,-0.1191,-0.0616,0.4305,Dark,
13.5895,6.8930,8.3756,0.0000,0.0000,-0.2026,-0.6777,0.7069,-0.5282,-0.6749,0.5154,-0.3599,-0.7064,0.6094,-0.1191,-0.0622,0.4305,Dark,
13.6006,6.8674,8.3538,0.0000,0.0000,-0.2042,-0.6767,0.7074,-0.5310,-0.6734,0.5144,-0.3623,-0.7054,0.6092,-0.1191,-0.0627,0.4307,Dark,
13.6117,6.8544,8.3329,0.0000,0.0000,-0.2050,-0.6770,0.7069,-0.5321,-0.6733,0.5133,-0.3632,-0.7056,0.6084,-0.1192,-0.0632,0.4307,Dark,
13.6229,6.8373,8.3168,0.0000,0.0000,-0.2063,-0.6770,0.7065,-0.5331,-0.6730,0.5127,-0.3644,-0.7055,0.6079,-0.1193,-0.0636,0.4307,Dark,
13.6340,6.8036,8.2927,0.0000,0.0000,-0.2141,-0.6765,0.7046,-0.5390,-0.6706,0.5097,-0.3716,-0.7040,0.6053,-0.1194,-0.0638,0.4308,Dark,
13.6450,6.7866,8.2973,0.0000,0.0000,-0.2162,-0.6752,0.7052,-0.5408,-0.6689,0.5099,-0.3737,-0.7025,0.6057,-0.1195,-0.0640,0.4310,Dark,
13.6563,6.7864,8.3030,0.0000,0.0000,-0.2189,-0.6735,0.7061,-0.5429,-0.6668,0.5106,-0.3761,-0.7005,0.6065,-0.1196,-0.0641,0.4312,Dark,
13.6675,6.7853,8.2980,0.0000,0.0000,-0.2230,-0.6697,0.7083,-0.5460,-0.6626,0.5127,-0.3799,-0.6965,0.6087,-0.1196,-0.0641,0.4313,Dark,
13.6788,6.7842,8.3017,0.0000,0.0000,-0.2246,-0.6680,0.7094,-0.5468,-0.6610,0.5139,-0.3811,-0.6948,0.6099,-0.1197,-0.0640,0.4316,Dark,
13.6898,6.7732,8.3020,0.0000,0.0000,-0.2283,-0.6641,0.7119,-0.5493,-0.6568,0.5166,-0.3843,-0.6907,0.6126,-0.1198,-0.0639,0.4319,Dark,
13.7009,6.7612,8.3010,0.0000,0.0000,-0.2297,-0.6617,0.7137,-0.5500,-0.6545,0.5187,-0.3855,-0.6883,0.6146,-0.1198,-0.0638,0.4321,Dark,
13.7119,6.7521,8.2980,0.0000,0.0000,-0.2304,-0.6602,0.7149,-0.5502,-0.6531,0.5203,-0.3860,-0.6867,0.6160,-0.1198,-0.0636,0.4323,Dark,
13.7233,6.7619,8.2918,0.0000,0.0000,-0.2320,-0.6570,0.7173,-0.5510,-0.6500,0.5233,-0.3872,-0.6835,0.6188,-0.1197,-0.0635,0.4325,Dark,
13.7342,6.7736,8.2895,0.0000,0.0000,-0.2323,-0.6554,0.7186,-0.5511,-0.6485,0.5250,-0.3875,-0.6819,0.6203,-0.1197,-0.0634,0.4326,Dark,
13.7454,6.7835,8.2866,0.0000,0.0000,-0.2331,-0.6535,0.7201,-0.5515,-0.6467,0.5269,-0.3881,-0.6800,0.6221,-0.1197,-0.0634,0.4328,Dark,
13.7571,6.7695,8.2780,0.0000,0.0000,-0.2347,-0.6514,0.7216,-0.5519,-0.6445,0.5292,-0.3891,-0.6777,0.6240,-0.1196,-0.0633,0.4329,Dark,
13.7683,6.7672,8.2728,0.0000,0.0000,-0.2347,-0.6502,0.7226,-0.5515,-0.6433,0.5310,-0.3890,-0.6764,0.6254,-0.1195,-0.0632,0.4330,Dark,
13.7786,6.7692,8.2795,0.0000,0.0000,-0.2353,-0.6482,0.7242,-0.5511,-0.6414,0.5338,-0.3891,-0.6743,0.6276,-0.1194,-0.0632,0.4332,Dark,
13.7899,6.7736,8.2925,0.0000,0.0000,-0.2340,-0.6471,0.7256,-0.5497,-0.6406,0.5362,-0.3878,-0.6733,0.6295,-0.1193,-0.0631,0.4333,Dark,
13.8011,6.7707,8.3034,0.0000,0.0000,-0.2328,-0.6455,0.7274,-0.5484,-0.6393,0.5391,-0.3865,-0.6718,0.6319,-0.1190,-0.0631,0.4335,Dark,
13.8125,6.7795,8.2972,0.0000,0.0000,-0.2310,-0.6436,0.7296,-0.5463,-0.6379,0.5428,-0.3846,-0.6701,0.6349,-0.1187,-0.0630,0.4338,Dark,
13.8233,6.7895,8.2877,0.0000,0.0000,-0.2284,-0.6416,0.7322,-0.5440,-0.6366,0.5467,-0.3821,-0.6684,0.6382,-0.1184,-0.0629,0.4340,Dark,
13.8344,6.7858,8.2794,0.0000,0.0000,-0.2257,-0.6399,0.7345,-0.5415,-0.6355,0.5503,-0.3796,-0.6669,0.6412,-0.1180,-0.0628,0.4343,Dark,
13.8454,6.7739,8.2831,0.0000,0.0000,-0.2234,-0.6377,0.7372,-0.5391,-0.6336,0.5550,-0.3772,-0.6647,0.6449,-0.1175,-0.0627,0.4347,Dark,
13.8566,6.7654,8.2878,0.0000,0.0000,-0.2182,-0.6351,0.7410,-0.5339,-0.6318,0.5619,-0.3719,-0.6624,0.6503,-0.1169,-0.0625,0.4351,Dark,
13.8683,6.7622,8.2918,0.0000,0.0000,-0.2052,-0.6256,0.7527,-0.5241,-0.6254,0.5781,-0.3602,-0.6545,0.6647,-0.1162,-0.0623,0.4356,Dark,
13.8794,6.7568,8.2839,0.0000,0.0000,-0.1359,-0.5859,0.7989,-0.4668,-0.6037,0.6463,-0.2940,-0.6239,0.7241,-0.1154,-0.0620,0.4362,Dark,
13.8904,6.7536,8.2735,0.0000,0.0000,-0.1640,-0.6050,0.7792,-0.4915,-0.6141,0.6175,-0.3221,-0.6388,0.6988,-0.1143,-0.0618,0.4367,Dark,
13.9014,6.7516,8.2633,0.0000,0.0000,-0.1266,-0.5868,0.7998,-0.4490,-0.6052,0.6573,-0.2806,-0.6238,0.7295,-0.1132,-0.0616,0.4372,Dark,
13.9125,6.7293,8.2273,0.0000,0.0000,-0.0136,-0.5429,0.8397,-0.3241,-0.5846,0.7438,-0.1574,-0.5883,0.7932,-0.1119,-0.0614,0.4377,Dark,
13.9236,6.7356,8.2054,0.0000,0.0000,0.0446,-0.5233,0.8510,-0.2590,-0.5743,0.7766,-0.0941,-0.5720,0.8148,-0.1103,-0.0613,0.4381,Dark,
13.9349,6.7421,8.1978,0.0000,0.0000,0.0818,-0.5128,0.8546,-0.2054,-0.5678,0.7971,-0.0484,-0.5615,0.8260,-0.1088,-0.0612,0.4385,Dark,
13.9458,6.7483,8.2428,0.0000,0.0000,0.0846,-0.5311,0.8431,-0.1828,-0.5843,0.7907,-0.0371,-0.5770,0.8159,-0.1069,-0.0612,0.4387,Dark,
13.9568,6.7494,8.2619,0.0000,0.0000,0.1389,-0.5050,0.8519,-0.1135,-0.5632,0.8185,0.0252,-0.5518,0.8336,-0.1049,-0.0611,0.4390,Dark,
13.9683,6.7490,8.2758,0.0000,0.0000,0.1528,-0.5058,0.8490,-0.0947,-0.5645,0.8200,0.0412,-0.5523,0.8326,-0.1030,-0.0609,0.4392,Dark,
13.9792,6.7395,8.2610,0.0000,0.0000,0.1278,-0.5275,0.8399,-0.1185,-0.5818,0.8047,0.0158,-0.5718,0.8203,-0.1012,-0.0606,0.4395,Dark,
13.9902,6.7424,8.2380,0.0000,0.0000,0.1428,-0.5252,0.8389,-0.0998,-0.5800,0.8085,0.0325,-0.5694,0.8214,-0.0993,-0.0604,0.4396,Dark,
14.0016,6.7455,8.2274,0.0000,0.0000,0.1432,-0.5300,0.8358,-0.1006,-0.5839,0.8056,0.0320,-0.5738,0.8184,-0.0974,-0.0602,0.4398,Dark,
14.0125,6.7276,8.2230,0.0000,0.0000,0.1209,-0.5453,0.8295,-0.1258,-0.5952,0.7936,0.0076,-0.5874,0.8092,-0.0956,-0.0600,0.4400,Dark,
14.0238,6.7636,8.2277,0.0000,0.0000,0.1395,-0.5411,0.8293,-0.1067,-0.5926,0.7984,0.0266,-0.5839,0.8114,-0.0937,-0.0597,0.4401,Dark,
14.0354,6.8009,8.2985,0.0000,0.0000,0.1352,-0.5503,0.8239,-0.1159,-0.6009,0.7909,0.0196,-0.5931,0.8049,-0.0919,-0.0595,0.4401,Dark,
14.0460,6.8060,8.3211,0.0000,0.0000,0.1504,-0.5580,0.8161,-0.1010,-0.6101,0.7858,0.0347,-0.6014,0.7982,-0.0902,-0.0591,0.4401,Dark,
14.0571,6.8111,8.3374,0.0000,0.0000,0.1558,-0.5557,0.8166,-0.0977,-0.6078,0.7881,0.0390,-0.5993,0.7996,-0.0886,-0.0589,0.4400,Dark,
14.0687,6.8321,8.3781,0.0000,0.0000,0.1929,-0.5716,0.7975,-0.0575,-0.6285,0.7757,0.0780,-0.6170,0.7831,-0.0871,-0.0586,0.4401,Dark,
14.0796,6.8511,8.3961,0.0000,0.0000,0.2145,-0.5821,0.7843,-0.0344,-0.6417,0.7662,0.1005,-0.6285,0.7713,-0.0856,-0.0584,0.4400,Dark,
14.0905,6.8679,8.4104,0.0000,0.0000,0.2346,-0.5810,0.7793,-0.0149,-0.6434,0.7654,0.1206,-0.6288,0.7682,-0.0841,-0.0581,0.4399,Dark,
14.1018,6.8940,8.3863,0.0000,0.0000,0.2552,-0.5897,0.7662,0.0046,-0.6553,0.7554,0.1409,-0.6389,0.7562,-0.0828,-0.0578,0.4400,Dark,
14.1128,6.9027,8.4007,0.0000,0.0000,0.2637,-0.5933,0.7606,0.0112,-0.6601,0.7511,0.1485,-0.6432,0.7511,-0.0815,-0.0575,0.4399,Dark,
14.1242,6.8986,8.4131,0.0000,0.0000,0.2726,-0.5931,0.7576,0.0184,-0.6612,0.7500,0.1567,-0.6438,0.7490,-0.0804,-0.0573,0.4399,Dark,
14.1358,6.8849,8.4502,0.0000,0.0000,0.2768,-0.5903,0.7583,0.0165,-0.6594,0.7516,0.1581,-0.6420,0.7502,-0.0795,-0.0572,0.4399,Dark,
14.1462,6.8765,8.4520,0.0000,0.0000,0.2771,-0.5910,0.7576,0.0123,-0.6599,0.7512,0.1563,-0.6430,0.7497,-0.0787,-0.0569,0.4400,Dark,
14.1573,6.8623,8.4499,0.0000,0.0000,0.2864,-0.5937,0.7520,0.0198,-0.6639,0.7475,0.1648,-0.6465,0.7449,-0.0781,-0.0568,0.4400,Dark,
14.1688,6.8423,8.4120,0.0000,0.0000,0.2821,-0.5972,0.7509,0.0058,-0.6671,0.7449,0.1559,-0.6507,0.7432,-0.0774,-0.0567,0.4400,Dark,
14.1799,6.8356,8.4086,0.0000,0.0000,0.2804,-0.5992,0.7499,-0.0013,-0.6687,0.7435,0.1516,-0.6530,0.7420,-0.0770,-0.0567,0.4400,Dark,
14.1907,6.8487,8.4146,0.0000,0.0000,0.2842,-0.6016,0.7466,-0.0057,-0.6726,0.7400,0.1518,-0.6568,0.7386,-0.0765,-0.0567,0.4399,Dark,
14.2023,6.8746,8.4210,0.0000,0.0000,0.2847,-0.5997,0.7479,-0.0093,-0.6707,0.7417,0.1503,-0.6554,0.7402,-0.0761,-0.0568,0.4401,Dark,
14.2136,6.8959,8.4273,0.0000,0.0000,0.2830,-0.5996,0.7486,-0.0158,-0.6704,0.7418,0.1464,-0.6556,0.7408,-0.0759,-0.0569,0.4400,Dark,
14.2244,6.8914,8.4183,0.0000,0.0000,0.2801,-0.5998,0.7495,-0.0249,-0.6705,0.7415,0.1406,-0.6564,0.7412,-0.0758,-0.0572,0.4400,Dark,
14.2360,6.8910,8.4072,0.0000,0.0000,0.2796,-0.6001,0.7495,-0.0275,-0.6705,0.7414,0.1391,-0.6568,0.7412,-0.0757,-0.0575,0.4401,Dark,
14.2470,6.8896,8.4145,0.0000,0.0000,0.2779,-0.6018,0.7487,-0.0318,-0.6718,0.7400,0.1361,-0.6586,0.7401,-0.0756,-0.0578,0.4400,Dark,
14.2576,6.8707,8.3944,0.0000,0.0000,0.2742,-0.6032,0.7489,-0.0393,-0.6725,0.7391,0.1306,-0.6600,0.7398,-0.0756,-0.0581,0.4400,Dark,
14.2694,6.8681,8.3725,0.0000,0.0000,0.2731,-0.6043,0.7485,-0.0418,-0.6733,0.7382,0.1288,-0.6611,0.7391,-0.0756,-0.0584,0.4400,Dark,
14.2806,6.8659,8.3637,0.0000,0.0000,0.2711,-0.6073,0.7467,-0.0453,-0.6761,0.7354,0.1261,-0.6641,0.7369,-0.0757,-0.0588,0.4402,Dark,
14.2915,6.8757,8.3435,0.0000,0.0000,0.2685,-0.6084,0.7468,-0.0502,-0.6768,0.7345,0.1223,-0.6653,0.7365,-0.0757,-0.0592,0.4403,Dark,
14.3024,6.8858,8.3360,0.0000,0.0000,0.2678,-0.6091,0.7465,-0.0518,-0.6774,0.7338,0.1211,-0.6660,0.7360,-0.0758,-0.0596,0.4406,Dark,
14.3134,6.8937,8.3339,0.0000,0.0000,0.2645,-0.6113,0.7459,-0.0563,-0.6790,0.7319,0.1172,-0.6681,0.7348,-0.0758,-0.0600,0.4406,Dark,
14.3247,6.8938,8.3504,0.0000,0.0000,0.2632,-0.6124,0.7454,-0.0594,-0.6801,0.7307,0.1151,-0.6693,0.7340,-0.0759,-0.0605,0.4407,Dark,
14.3361,6.8878,8.3644,0.0000,0.0000,0.2617,-0.6143,0.7444,-0.0620,-0.6818,0.7289,0.1130,-0.6713,0.7325,-0.0760,-0.0609,0.4409,Dark,
14.3473,6.8787,8.3715,0.0000,0.0000,0.2606,-0.6152,0.7441,-0.0649,-0.6824,0.7281,0.1110,-0.6722,0.7320,-0.0760,-0.0613,0.4409,Dark,
14.3580,6.8855,8.3657,0.0000,0.0000,0.2604,-0.6164,0.7431,-0.0657,-0.6836,0.7269,0.1106,-0.6735,0.7309,-0.0760,-0.0618,0.4409,Dark,
14.3691,6.8921,8.3614,0.0000,0.0000,0.2591,-0.6178,0.7424,-0.0680,-0.6847,0.7256,0.1088,-0.6749,0.7299,-0.0761,-0.0621,0.4410,Dark,
14.3810,6.8813,8.3503,0.0000,0.0000,0.2581,-0.6179,0.7427,-0.0706,-0.6845,0.7256,0.1070,-0.6750,0.7301,-0.0761,-0.0624,0.4410,Dark,
14.3916,6.8765,8.3454,0.0000,0.0000,0.2576,-0.6193,0.7417,-0.0717,-0.6858,0.7243,0.1063,-0.6764,0.7289,-0.0761,-0.0627,0.4411,Dark,
14.4032,6.8765,8.3454,0.0000,0.0000,0.2576,-0.6201,0.7411,-0.0717,-0.6866,0.7235,0.1062,-0.6772,0.7281,-0.0762,-0.0629,0.4413,Dark,
14.4136,6.8765,8.3454,0.0000,0.0000,0.2577,-0.6205,0.7406,-0.0716,-0.6872,0.7229,0.1063,-0.6777,0.7276,-0.0762,-0.0631,0.4414,Dark,
14.4249,6.8765,8.3454,0.0000,0.0000,0.2577,-0.6210,0.7402,-0.0716,-0.6878,0.7224,0.1064,-0.6782,0.7271,-0.0762,-0.0633,0.4415,Dark,
14.4363,6.8615,8.3432,0.0000,0.0000,0.2573,-0.6205,0.7408,-0.0726,-0.6872,0.7228,0.1057,-0.6777,0.7277,-0.0763,-0.0634,0.4417,Dark,
14.4472,6.8389,8.3281,0.0000,0.0000,0.2570,-0.6195,0.7418,-0.0732,-0.6863,0.7237,0.1053,-0.6768,0.7286,-0.0763,-0.0636,0.4418,Dark,
14.4581,6.8217,8.3139,0.0000,0.0000,0.2555,-0.6196,0.7421,-0.0751,-0.6864,0.7234,0.1036,-0.6770,0.7287,-0.0763,-0.0638,0.4419,Dark,
14.4694,6.8131,8.3039,0.0000,0.0000,0.2536,-0.6187,0.7436,-0.0778,-0.6853,0.7241,0.1012,-0.6761,0.7298,-0.0764,-0.0639,0.4420,Dark,
14.4812,6.8183,8.3060,0.0000,0.0000,0.2529,-0.6184,0.7440,-0.0788,-0.6851,0.7242,0.1005,-0.6759,0.7301,-0.0765,-0.0641,0.4420,Dark,
14.4918,6.8248,8.3054,0.0000,0.0000,0.2519,-0.6191,0.7439,-0.0803,-0.6858,0.7234,0.0992,-0.6766,0.7296,-0.0766,-0.0644,0.4420,Dark,
14.5030,6.8409,8.3046,0.0000,0.0000,0.2505,-0.6185,0.7448,-0.0828,-0.6852,0.7236,0.0973,-0.6762,0.7303,-0.0767,-0.0647,0.4420,Dark,
14.5138,6.8515,8.3023,0.0000,0.0000,0.2499,-0.6184,0.7451,-0.0838,-0.6853,0.7235,0.0966,-0.6762,0.7304,-0.0768,-0.0650,0.4420,Dark,
14.5251,6.8595,8.2990,0.0000,0.0000,0.2487,-0.6191,0.7449,-0.0856,-0.6862,0.7224,0.0951,-0.6771,0.7297,-0.0769,-0.0654,0.4420,Dark,
14.5364,6.8477,8.3051,0.0000,0.0000,0.2468,-0.6189,0.7457,-0.0885,-0.6860,0.7222,0.0928,-0.6770,0.7301,-0.0771,-0.0657,0.4420,Dark,
14.5476,6.8372,8.3121,0.0000,0.0000,0.2456,-0.6195,0.7456,-0.0902,-0.6868,0.7212,0.0914,-0.6778,0.7296,-0.0773,-0.0662,0.4420,Dark,
14.5583,6.8224,8.3250,0.0000,0.0000,0.2436,-0.6198,0.7460,-0.0932,-0.6872,0.7205,0.0889,-0.6782,0.7294,-0.0776,-0.0667,0.4419,Dark,
14.5697,6.8190,8.3289,0.0000,0.0000,0.2418,-0.6216,0.7451,-0.0953,-0.6890,0.7185,0.0870,-0.6800,0.7280,-0.0779,-0.0672,0.4418,Dark,
14.5806,6.8181,8.3579,0.0000,0.0000,0.2397,-0.6230,0.7446,-0.0982,-0.6905,0.7166,0.0846,-0.6816,0.7268,-0.0782,-0.0678,0.4417,Dark,
14.5919,6.8631,8.4300,0.0000,0.0000,0.1781,-0.6649,0.7254,-0.1664,-0.7176,0.6763,0.0171,-0.7171,0.6967,-0.0786,-0.0684,0.4415,Dark,
14.6035,6.9007,8.4694,0.0000,0.0000,0.2059,-0.6454,0.7356,-0.1379,-0.7061,0.6946,0.0467,-0.7014,0.7112,-0.0790,-0.0689,0.4413,Dark,
14.6146,6.9306,8.4991,0.0000,0.0000,0.1838,-0.6637,0.7251,-0.1654,-0.7191,0.6750,0.0211,-0.7177,0.6960,-0.0795,-0.0694,0.4411,Dark,
14.6255,6.9698,8.5258,0.0000,0.0000,0.1559,-0.6910,0.7059,-0.2014,-0.7387,0.6433,-0.0120,-0.7422,0.6701,-0.0800,-0.0698,0.4410,Dark,
14.6369,6.9694,8.5279,0.0000,0.0000,0.1480,-0.7012,0.6974,-0.2122,-0.7467,0.6304,-0.0217,-0.7516,0.6592,-0.0806,-0.0702,0.4409,Dark,
14.6479,6.9627,8.5334,0.0000,0.0000,0.1425,-0.7067,0.6930,-0.2225,-0.7509,0.6218,-0.0297,-0.7570,0.6527,-0.0812,-0.0705,0.4409,Dark,
14.6587,6.9371,8.5438,0.0000,0.0000,0.1398,-0.7094,0.6908,-0.2337,-0.7531,0.6150,-0.0366,-0.7605,0.6483,-0.0818,-0.0709,0.4410,Dark,
14.6698,6.9301,8.5485,0.0000,0.0000,0.1439,-0.7048,0.6946,-0.2336,-0.7505,0.6182,-0.0341,-0.7574,0.6520,-0.0825,-0.0711,0.4411,Dark,
14.6811,6.9257,8.5320,0.0000,0.0000,0.1393,-0.7078,0.6925,-0.2413,-0.7525,0.6128,-0.0403,-0.7604,0.6482,-0.0832,-0.0713,0.4411,Dark,
14.6923,6.9545,8.5010,0.0000,0.0000,0.1464,-0.7011,0.6979,-0.2409,-0.7487,0.6175,-0.0360,-0.7559,0.6537,-0.0840,-0.0715,0.4412,Dark,
14.7032,6.9404,8.4883,0.0000,0.0000,0.1470,-0.6989,0.6999,-0.2429,-0.7474,0.6184,-0.0365,-0.7545,0.6553,-0.0848,-0.0716,0.4412,Dark,
14.7143,6.9275,8.5100,0.0000,0.0000,0.1443,-0.6994,0.7000,-0.2480,-0.7477,0.6161,-0.0404,-0.7552,0.6542,-0.0856,-0.0717,0.4413,Dark,
14.7254,6.9065,8.5249,0.0000,0.0000,0.1455,-0.6960,0.7032,-0.2511,-0.7454,0.6176,-0.0410,-0.7529,0.6569,-0.0865,-0.0719,0.4414,Dark,
14.7365,6.9007,8.5189,0.0000,0.0000,0.1443,-0.6953,0.7041,-0.2538,-0.7451,0.6168,-0.0429,-0.7527,0.6570,-0.0875,-0.0720,0.4415,Dark,
14.7479,6.9049,8.5083,0.0000,0.0000,0.1424,-0.6931,0.7066,-0.2582,-0.7431,0.6174,-0.0460,-0.7509,0.6588,-0.0884,-0.0720,0.4416,Dark,
14.7598,6.9099,8.5048,0.0000,0.0000,0.1394,-0.6923,0.7080,-0.2620,-0.7421,0.6170,-0.0494,-0.7502,0.6594,-0.0894,-0.0721,0.4418,Dark,
14.7698,6.9177,8.5045,0.0000,0.0000,0.1370,-0.6906,0.7101,-0.2649,-0.7403,0.6179,-0.0521,-0.7485,0.6610,-0.0904,-0.0720,0.4420,Dark,
14.7809,6.9236,8.5067,0.0000,0.0000,0.1340,-0.6900,0.7113,-0.2680,-0.7393,0.6178,-0.0551,-0.7478,0.6616,-0.0914,-0.0721,0.4422,Dark,
14.7921,6.9214,8.5118,0.0000,0.0000,0.1310,-0.6884,0.7134,-0.2712,-0.7373,0.6188,-0.0583,-0.7461,0.6633,-0.0923,-0.0721,0.4425,Dark,
14.8034,6.9157,8.5144,0.0000,0.0000,0.1288,-0.6874,0.7147,-0.2732,-0.7362,0.6192,-0.0605,-0.7451,0.6642,-0.0933,-0.0721,0.4427,Dark,
14.8146,6.9067,8.5697,0.0000,0.0000,0.1395,-0.6760,0.7235,-0.2649,-0.7291,0.6311,-0.0501,-0.7361,0.6750,-0.0942,-0.0721,0.4430,Dark,
14.8257,6.9042,8.5317,0.0000,0.0000,0.1579,-0.6645,0.7304,-0.2464,-0.7240,0.6443,-0.0304,-0.7275,0.6854,-0.0951,-0.0722,0.4432,Dark,
14.8368,6.8970,8.4982,0.0000,0.0000,0.1735,-0.6529,0.7373,-0.2317,-0.7180,0.6564,-0.0140,-0.7186,0.6953,-0.0960,-0.0723,0.4435,Dark,
14.8478,6.8870,8.4598,0.0000,0.0000,0.1838,-0.6453,0.7415,-0.2195,-0.7140,0.6649,-0.0021,-0.7124,0.7018,-0.0970,-0.0724,0.4437,Dark,
14.8594,6.8836,8.4500,0.0000,0.0000,0.1851,-0.6445,0.7419,-0.2152,-0.7138,0.6665,0.0007,-0.7115,0.7027,-0.0979,-0.0724,0.4441,Dark,
14.8702,6.8841,8.4478,0.0000,0.0000,0.1883,-0.6407,0.7443,-0.2098,-0.7112,0.6710,0.0052,-0.7080,0.7062,-0.0988,-0.0724,0.4443,Dark,
14.8890,6.8897,8.4620,0.0000,0.0000,0.1890,-0.6399,0.7449,-0.2041,-0.7106,0.6733,0.0084,-0.7067,0.7075,-0.0997,-0.0724,0.4447,Dark,
14.8925,6.8933,8.4653,0.0000,0.0000,0.1941,-0.6340,0.7485,-0.1968,-0.7066,0.6797,0.0149,-0.7014,0.7126,-0.1006,-0.0724,0.4451,Dark,
14.9035,6.8958,8.4674,0.0000,0.0000,0.1839,-0.6414,0.7449,-0.2056,-0.7109,0.6725,0.0047,-0.7072,0.7070,-0.1015,-0.0723,0.4454,Dark,
14.9147,6.8821,8.4921,0.0000,0.0000,0.1833,-0.6401,0.7461,-0.2026,-0.7097,0.6747,0.0058,-0.7056,0.7086,-0.1024,-0.0722,0.4459,Dark,
14.9261,6.8691,8.4855,0.0000,0.0000,0.1819,-0.6391,0.7473,-0.2024,-0.7085,0.6760,0.0051,-0.7042,0.7099,-0.1034,-0.0719,0.4464,Dark,
14.9372,6.8716,8.4793,0.0000,0.0000,0.1783,-0.6382,0.7490,-0.2047,-0.7069,0.6770,0.0019,-0.7029,0.7113,-0.1044,-0.0716,0.4467,Dark,
14.9484,6.8746,8.4773,0.0000,0.0000,0.1760,-0.6372,0.7504,-0.2061,-0.7055,0.6781,0.0000,-0.7016,0.7126,-0.1054,-0.0713,0.4471,Dark,
14.9599,6.8746,8.4825,0.0000,0.0000,0.1712,-0.6373,0.7514,-0.2099,-0.7046,0.6778,-0.0046,-0.7012,0.7130,-0.1064,-0.0709,0.4475,Dark,
14.9703,6.8768,8.4901,0.0000,0.0000,0.1682,-0.6357,0.7534,-0.2126,-0.7026,0.6791,-0.0075,-0.6994,0.7147,-0.1074,-0.0705,0.4478,Dark,
14.9817,6.8774,8.4897,0.0000,0.0000,0.1648,-0.6350,0.7547,-0.2160,-0.7013,0.6794,-0.0110,-0.6984,0.7156,-0.1084,-0.0701,0.4481,Dark,
14.9926,6.8697,8.4934,0.0000,0.0000,0.1610,-0.6349,0.7556,-0.2199,-0.7005,0.6790,-0.0150,-0.6980,0.7159,-0.1095,-0.0696,0.4484,Dark,
15.0038,6.8740,8.4970,0.0000,0.0000,0.1576,-0.6331,0.7578,-0.2236,-0.6982,0.6801,-0.0186,-0.6960,0.7178,-0.1107,-0.0691,0.4485,Dark,
15.0150,6.8776,8.5055,0.0000,0.0000,0.1537,-0.6316,0.7599,-0.2277,-0.6960,0.6810,-0.0227,-0.6942,0.7194,-0.1118,-0.0685,0.4487,Dark,
15.0263,6.8811,8.5136,0.0000,0.0000,0.1488,-0.6302,0.7620,-0.2328,-0.6938,0.6815,-0.0279,-0.6925,0.7208,-0.1131,-0.0679,0.4490,Dark,
15.0375,6.8817,8.5129,0.0000,0.0000,0.1438,-0.6271,0.7655,-0.2377,-0.6900,0.6837,-0.0329,-0.6892,0.7239,-0.1144,-0.0672,0.4491,Dark,
15.0484,6.8857,8.5164,0.0000,0.0000,0.1384,-0.6246,0.7686,-0.2430,-0.6867,0.6851,-0.0384,-0.6863,0.7263,-0.1158,-0.0664,0.4494,Dark,
15.0596,6.8892,8.5300,0.0000,0.0000,0.1325,-0.6222,0.7716,-0.2487,-0.6835,0.6863,-0.0444,-0.6835,0.7286,-0.1172,-0.0657,0.4496,Dark,
15.0709,6.8871,8.5417,0.0000,0.0000,0.1268,-0.6188,0.7753,-0.2540,-0.6795,0.6883,-0.0499,-0.6799,0.7316,-0.1187,-0.0648,0.4498,Dark,
15.0817,6.9119,8.5436,0.0000,0.0000,0.1200,-0.6162,0.7784,-0.2606,-0.6762,0.6891,-0.0568,-0.6770,0.7338,-0.1203,-0.0640,0.4499,Dark,
15.0932,6.9340,8.4837,0.0000,0.0000,0.1111,-0.6130,0.7822,-0.2701,-0.6718,0.6897,-0.0662,-0.6734,0.7363,-0.1219,-0.0630,0.4502,Dark,
15.1043,6.8448,8.4321,0.0000,0.0000,0.0870,-0.6088,0.7885,-0.2945,-0.6626,0.6886,-0.0915,-0.6671,0.7393,-0.1236,-0.0619,0.4504,Dark,
15.1151,6.6710,8.2699,0.0000,0.0000,0.0555,-0.5877,0.8072,-0.3283,-0.6359,0.6985,-0.1254,-0.6440,0.7547,-0.1253,-0.0608,0.4508,Dark,
15.1265,6.5916,8.0915,0.0000,0.0000,0.0186,-0.5363,0.8438,-0.3710,-0.5797,0.7254,-0.1666,-0.5916,0.7888,-0.1272,-0.0595,0.4512,Dark,
15.1376,6.5315,7.9531,0.0000,0.0000,0.0372,-0.5648,0.8244,-0.3447,-0.6129,0.7110,-0.1429,-0.6211,0.7706,-0.1290,-0.0582,0.4516,Dark,
15.1485,6.2077,7.6297,0.0000,0.0000,-0.0881,-0.4028,0.9110,-0.4584,-0.4334,0.7759,-0.2684,-0.4503,0.8516,-0.1309,-0.0569,0.4520,Dark,
15.1602,6.0348,7.4611,0.0000,0.0000,-0.0836,-0.4427,0.8928,-0.4413,-0.4742,0.7618,-0.2567,-0.4894,0.8334,-0.1327,-0.0557,0.4523,Dark,
15.1710,5.7925,7.2119,0.0000,0.0052,-0.1593,-0.3575,0.9202,-0.4765,-0.3815,0.7921,-0.3147,-0.3963,0.8625,-0.1344,-0.0545,0.4524,Dark,
15.1820,5.7195,7.1845,0.0000,0.0041,-0.1979,-0.3098,0.9300,-0.4923,-0.3311,0.8050,-0.3428,-0.3449,0.8738,-0.1360,-0.0534,0.4526,Dark,
15.1934,5.8229,7.1816,0.0000,0.0041,-0.2347,-0.2680,0.9344,-0.5050,-0.2866,0.8142,-0.3682,-0.2993,0.8803,-0.1376,-0.0523,0.4527,Dark,
15.2043,6.0121,7.1713,0.0000,0.0041,-0.2675,-0.2110,0.9402,-0.5017,-0.2273,0.8346,-0.3832,-0.2376,0.8926,-0.1392,-0.0513,0.4528,Dark,
15.2154,6.0749,7.1636,0.0000,0.0041,-0.2825,-0.1912,0.9400,-0.5020,-0.2062,0.8399,-0.3909,-0.2157,0.8948,-0.1406,-0.0503,0.4527,Dark,
15.2266,6.0625,7.1534,0.0000,0.0033,-0.3074,-0.1610,0.9378,-0.5134,-0.1747,0.8402,-0.4095,-0.1837,0.8937,-0.1420,-0.0494,0.4527,Dark,
15.2379,5.9909,7.1974,0.0000,0.0026,-0.3079,-0.1662,0.9368,-0.4985,-0.1789,0.8482,-0.4019,-0.1871,0.8964,-0.1433,-0.0485,0.4526,Dark,
15.2488,5.9560,7.2353,0.0000,0.0017,-0.3201,-0.1499,0.9355,-0.5017,-0.1619,0.8498,-0.4096,-0.1696,0.8963,-0.1446,-0.0477,0.4526,Dark,
15.2600,5.9467,7.2659,0.0000,0.0014,-0.3250,-0.1490,0.9339,-0.5004,-0.1603,0.8508,-0.4114,-0.1679,0.8959,-0.1458,-0.0469,0.4526,Dark,
15.2712,5.9456,7.2962,0.0000,0.0011,-0.3244,-0.1647,0.9315,-0.4952,-0.1756,0.8508,-0.4083,-0.1831,0.8943,-0.1470,-0.0461,0.4523,Dark,
15.2821,5.9963,7.3571,0.0000,0.0007,-0.3206,-0.1837,0.9292,-0.4890,-0.1943,0.8504,-0.4031,-0.2018,0.8926,-0.1481,-0.0453,0.4522,Dark,
15.2934,6.0176,7.3886,0.0000,0.0006,-0.3325,-0.1604,0.9294,-0.4990,-0.1706,0.8497,-0.4143,-0.1781,0.8926,-0.1490,-0.0448,0.4519,Dark,
15.3046,6.0325,7.4125,0.0000,0.0004,-0.3354,-0.1619,0.9281,-0.5008,-0.1718,0.8483,-0.4166,-0.1795,0.8912,-0.1499,-0.0442,0.4516,Dark,
15.3156,6.0427,7.4466,0.0000,0.0003,-0.3347,-0.1670,0.9274,-0.5018,-0.1770,0.8467,-0.4167,-0.1848,0.8901,-0.1508,-0.0435,0.4512,Dark,
15.3266,6.0408,7.4572,0.0000,0.0002,-0.3368,-0.1672,0.9266,-0.5058,-0.1773,0.8443,-0.4197,-0.1852,0.8886,-0.1516,-0.0429,0.4508,Dark,
15.3379,6.0404,7.4821,0.0000,0.0002,-0.3359,-0.1688,0.9267,-0.5090,-0.1792,0.8419,-0.4208,-0.1873,0.8876,-0.1524,-0.0421,0.4505,Dark,
15.3490,6.0423,7.4797,0.0000,0.0001,-0.3381,-0.1675,0.9261,-0.5132,-0.1779,0.8396,-0.4240,-0.1862,0.8863,-0.1530,-0.0414,0.4501,Dark,
15.3602,6.0462,7.4765,0.0000,0.0001,-0.3400,-0.1650,0.9258,-0.5175,-0.1754,0.8375,-0.4272,-0.1839,0.8853,-0.1536,-0.0407,0.4498,Dark,
15.3716,6.0643,7.4501,0.0000,0.0001,-0.3390,-0.1625,0.9266,-0.5216,-0.1730,0.8355,-0.4288,-0.1819,0.8849,-0.1542,-0.0400,0.4493,Dark,
15.3825,6.0762,7.4535,0.0000,0.0001,-0.3399,-0.1603,0.9267,-0.5243,-0.1708,0.8342,-0.4306,-0.1798,0.8844,-0.1546,-0.0395,0.4488,Dark,
15.3936,6.0879,7.4581,0.0000,0.0001,-0.3407,-0.1579,0.9268,-0.5271,-0.1684,0.8330,-0.4324,-0.1776,0.8840,-0.1549,-0.0390,0.4481,Dark,
15.4049,6.0977,7.5009,0.0000,0.0000,-0.3398,-0.1556,0.9275,-0.5300,-0.1663,0.8315,-0.4334,-0.1758,0.8839,-0.1552,-0.0385,0.4475,Dark,
15.4160,6.0969,7.5118,0.0000,0.0000,-0.3409,-0.1536,0.9275,-0.5322,-0.1644,0.8305,-0.4351,-0.1739,0.8834,-0.1555,-0.0380,0.4468,Dark,
15.4272,6.0986,7.5184,0.0000,0.0000,-0.3418,-0.1516,0.9275,-0.5346,-0.1623,0.8294,-0.4367,-0.1719,0.8830,-0.1556,-0.0375,0.4460,Dark,
15.4382,6.0988,7.5199,0.0000,0.0000,-0.3414,-0.1505,0.9278,-0.5370,-0.1611,0.8280,-0.4377,-0.1711,0.8827,-0.1558,-0.0370,0.4453,Dark,
15.4496,6.0981,7.5278,0.0000,0.0000,-0.3418,-0.1497,0.9278,-0.5383,-0.1599,0.8275,-0.4385,-0.1701,0.8825,-0.1559,-0.0365,0.4445,Dark,
15.4604,6.1130,7.5350,0.0000,0.0000,-0.3418,-0.1497,0.9278,-0.5393,-0.1593,0.8269,-0.4391,-0.1699,0.8822,-0.1560,-0.0363,0.4435,Dark,
15.4718,6.1369,7.5579,0.0000,0.0000,-0.3390,-0.1492,0.9289,-0.5375,-0.1582,0.8283,-0.4367,-0.1692,0.8835,-0.1561,-0.0360,0.4425,Dark,
15.4829,6.1463,7.5662,0.0000,0.0000,-0.3391,-0.1480,0.9290,-0.5375,-0.1561,0.8287,-0.4368,-0.1675,0.8838,-0.1561,-0.0358,0.4415,Dark,
15.4938,6.1493,7.5717,0.0000,0.0000,-0.3388,-0.1465,0.9294,-0.5376,-0.1539,0.8291,-0.4367,-0.1657,0.8842,-0.1561,-0.0355,0.4405,Dark,
15.5050,6.1570,7.5792,0.0000,0.0000,-0.3380,-0.1450,0.9299,-0.5374,-0.1515,0.8296,-0.4363,-0.1638,0.8848,-0.1562,-0.0351,0.4395,Dark,
15.5161,6.1628,7.5662,0.0000,0.0000,-0.3375,-0.1440,0.9303,-0.5367,-0.1498,0.8304,-0.4357,-0.1624,0.8853,-0.1562,-0.0347,0.4385,Dark,
15.5281,6.1548,7.5658,0.0000,0.0000,-0.3364,-0.1438,0.9307,-0.5357,-0.1490,0.8312,-0.4346,-0.1620,0.8859,-0.1561,-0.0343,0.4375,Dark,
15.5384,6.1679,7.5753,0.0000,0.0000,-0.3354,-0.1435,0.9311,-0.5350,-0.1481,0.8318,-0.4338,-0.1614,0.8864,-0.1561,-0.0340,0.4364,Dark,
15.5495,6.1784,7.5868,0.0000,0.0000,-0.3333,-0.1417,0.9321,-0.5327,-0.1457,0.8337,-0.4315,-0.1592,0.8879,-0.1560,-0.0336,0.4352,Dark,
15.5606,6.1898,7.5968,0.0000,0.0000,-0.3319,-0.1420,0.9326,-0.5314,-0.1454,0.8346,-0.4302,-0.1592,0.8886,-0.1559,-0.0333,0.4339,Dark,
15.5719,6.1992,7.6240,0.0000,0.0000,-0.3294,-0.1423,0.9334,-0.5284,-0.1452,0.8365,-0.4274,-0.1592,0.8899,-0.1558,-0.0329,0.4327,Dark,
15.5830,6.1971,7.6302,0.0000,0.0000,-0.3278,-0.1423,0.9340,-0.5263,-0.1445,0.8380,-0.4256,-0.1588,0.8909,-0.1556,-0.0326,0.4314,Dark,
15.5941,6.2024,7.6315,0.0000,0.0000,-0.3252,-0.1426,0.9348,-0.5227,-0.1442,0.8402,-0.4225,-0.1587,0.8924,-0.1554,-0.0323,0.4302,Dark,
15.6053,6.2052,7.6281,0.0000,0.0000,-0.3234,-0.1420,0.9355,-0.5206,-0.1431,0.8417,-0.4205,-0.1579,0.8935,-0.1553,-0.0318,0.4290,Dark,
15.6165,6.2081,7.6226,0.0000,0.0000,-0.3218,-0.1413,0.9362,-0.5184,-0.1418,0.8433,-0.4186,-0.1568,0.8945,-0.1551,-0.0314,0.4278,Dark,
15.6278,6.2225,7.6199,0.0000,0.0000,-0.3184,-0.1407,0.9375,-0.5140,-0.1406,0.8462,-0.4147,-0.1558,0.8965,-0.1549,-0.0310,0.4266,Dark,
15.6387,6.2310,7.6220,0.0000,0.0000,-0.3167,-0.1393,0.9382,-0.5118,-0.1388,0.8478,-0.4127,-0.1541,0.8977,-0.1547,-0.0305,0.4255,Dark,
15.6497,6.2199,7.6321,0.0000,0.0000,-0.3152,-0.1389,0.9388,-0.5097,-0.1380,0.8492,-0.4109,-0.1535,0.8987,-0.1545,-0.0300,0.4243,Dark,
15.6609,6.2356,7.6470,0.0000,0.0000,-0.3121,-0.1375,0.9400,-0.5057,-0.1363,0.8519,-0.4074,-0.1518,0.9006,-0.1544,-0.0294,0.4232,Dark,
15.6721,6.2408,7.6396,0.0000,0.0000,-0.3107,-0.1359,0.9407,-0.5036,-0.1345,0.8534,-0.4056,-0.1500,0.9017,-0.1542,-0.0287,0.4220,Dark,
15.6836,6.2459,7.6387,0.0000,0.0000,-0.3106,-0.1358,0.9408,-0.5015,-0.1341,0.8547,-0.4045,-0.1496,0.9022,-0.1540,-0.0280,0.4210,Dark,
15.6945,6.2508,7.6438,0.0000,0.0000,-0.3087,-0.1329,0.9418,-0.4987,-0.1311,0.8568,-0.4022,-0.1465,0.9038,-0.1539,-0.0273,0.4199,Dark,
15.7055,6.2523,7.6329,0.0000,0.0000,-0.3086,-0.1310,0.9421,-0.4972,-0.1290,0.8580,-0.4014,-0.1444,0.9044,-0.1538,-0.0266,0.4189,Dark,
15.7165,6.2636,7.6136,0.0000,0.0000,-0.3080,-0.1292,0.9426,-0.4939,-0.1272,0.8602,-0.3994,-0.1424,0.9057,-0.1536,-0.0258,0.4180,Dark,
15.7280,6.2676,7.6041,0.0000,0.0000,-0.3077,-0.1270,0.9430,-0.4927,-0.1250,0.8612,-0.3987,-0.1401,0.9063,-0.1535,-0.0251,0.4171,Dark,
15.7394,6.2699,7.6014,0.0000,0.0000,-0.3083,-0.1247,0.9431,-0.4923,-0.1227,0.8617,-0.3988,-0.1377,0.9066,-0.1533,-0.0244,0.4162,Dark,
15.7500,6.2762,7.6083,0.0000,0.0000,-0.3083,-0.1225,0.9434,-0.4904,-0.1208,0.8631,-0.3979,-0.1355,0.9074,-0.1531,-0.0237,0.4153,Dark,
15.7612,6.2903,7.6143,0.0000,0.0000,-0.3080,-0.1199,0.9438,-0.4896,-0.1184,0.8639,-0.3973,-0.1330,0.9080,-0.1529,-0.0231,0.4146,Dark,
15.7723,6.3019,7.6278,0.0000,0.0000,-0.3081,-0.1167,0.9442,-0.4891,-0.1155,0.8646,-0.3971,-0.1299,0.9085,-0.1527,-0.0223,0.4138,Dark,
15.7836,6.2798,7.6540,0.0000,0.0000,-0.3088,-0.1149,0.9442,-0.4886,-0.1140,0.8650,-0.3972,-0.1281,0.9087,-0.1525,-0.0215,0.4132,Dark,
15.7947,6.2985,7.6661,0.0000,0.0000,-0.3094,-0.1116,0.9444,-0.4889,-0.1111,0.8653,-0.3976,-0.1249,0.9090,-0.1524,-0.0208,0.4127,Dark,
15.8058,6.3139,7.6775,0.0000,0.0000,-0.3101,-0.1084,0.9445,-0.4892,-0.1082,0.8654,-0.3981,-0.1219,0.9092,-0.1522,-0.0202,0.4122,Dark,
15.8168,6.3109,7.6972,0.0000,0.0000,-0.3113,-0.1067,0.9443,-0.4897,-0.1069,0.8653,-0.3990,-0.1203,0.9090,-0.1520,-0.0195,0.4118,Dark,
15.8281,6.3234,7.7057,0.0000,0.0000,-0.3125,-0.1038,0.9442,-0.4906,-0.1043,0.8651,-0.4000,-0.1175,0.9089,-0.1518,-0.0190,0.4114,Dark,
15.8393,6.3315,7.7142,0.0000,0.0000,-0.3138,-0.1008,0.9441,-0.4915,-0.1017,0.8649,-0.4011,-0.1147,0.9088,-0.1515,-0.0184,0.4111,Dark,
15.8502,6.3495,7.7324,0.0000,0.0000,-0.3159,-0.0992,0.9436,-0.4930,-0.1006,0.8642,-0.4029,-0.1133,0.9082,-0.1512,-0.0177,0.4108,Dark,
15.8615,6.3604,7.7413,0.0000,0.0000,-0.3182,-0.0961,0.9431,-0.4951,-0.0980,0.8633,-0.4051,-0.1104,0.9076,-0.1509,-0.0171,0.4106,Dark,
15.8726,6.3694,7.7632,0.0000,0.0000,-0.3214,-0.0945,0.9422,-0.4979,-0.0970,0.8618,-0.4081,-0.1091,0.9064,-0.1507,-0.0165,0.4104,Dark,
15.8839,6.3699,7.7674,0.0000,0.0000,-0.3249,-0.0913,0.9413,-0.5011,-0.0944,0.8602,-0.4115,-0.1062,0.9052,-0.1504,-0.0160,0.4103,Dark,
15.8950,6.3748,7.7698,0.0000,0.0000,-0.3285,-0.0883,0.9404,-0.5044,-0.0919,0.8586,-0.4149,-0.1035,0.9040,-0.1501,-0.0155,0.4103,Dark,
15.9060,6.3831,7.7684,0.0000,0.0000,-0.3322,-0.0868,0.9392,-0.5079,-0.0910,0.8566,-0.4185,-0.1022,0.9024,-0.1498,-0.0150,0.4103,Dark,
15.9171,6.3867,7.7762,0.0000,0.0000,-0.3361,-0.0843,0.9380,-0.5116,-0.0889,0.8546,-0.4223,-0.0999,0.9009,-0.1495,-0.0146,0.4104,Dark,
15.9283,6.4061,7.7830,0.0000,0.0000,-0.3398,-0.0821,0.9369,-0.5151,-0.0872,0.8527,-0.4259,-0.0980,0.8994,-0.1491,-0.0143,0.4106,Dark,
15.9396,6.4369,7.7935,0.0000,0.0000,-0.3429,-0.0813,0.9358,-0.5181,-0.0868,0.8509,-0.4290,-0.0974,0.8980,-0.1487,-0.0141,0.4108,Dark,
15.9505,6.4486,7.8119,0.0000,0.0000,-0.3466,-0.0788,0.9347,-0.5216,-0.0847,0.8490,-0.4326,-0.0951,0.8966,-0.1482,-0.0138,0.4111,Dark,
15.9620,6.4126,7.8261,0.0000,0.0000,-0.3527,-0.0791,0.9324,-0.5268,-0.0853,0.8457,-0.4382,-0.0955,0.8938,-0.1478,-0.0136,0.4115,Dark,
15.9731,6.3385,7.7524,0.0000,0.0000,-0.4003,-0.0964,0.9113,-0.5727,-0.1024,0.8134,-0.4856,-0.1130,0.8668,-0.1473,-0.0134,0.4120,Dark,
15.9839,6.3055,7.6937,0.0000,0.0000,-0.4445,-0.0927,0.8910,-0.6161,-0.0984,0.7815,-0.5302,-0.1096,0.8407,-0.1468,-0.0133,0.4125,Dark,
15.9952,6.2979,7.6459,0.0000,0.0000,-0.4628,-0.0832,0.8826,-0.6330,-0.0891,0.7690,-0.5482,-0.1002,0.8303,-0.1463,-0.0133,0.4130,Dark,
16.0061,6.3014,7.5936,0.0000,0.0000,-0.4755,-0.0672,0.8772,-0.6486,-0.0736,0.7575,-0.5627,-0.0848,0.8223,-0.1457,-0.0133,0.4136,Dark,
16.0173,6.3056,7.5991,0.0000,0.0000,-0.4795,-0.0612,0.8754,-0.6545,-0.0683,0.7530,-0.5678,-0.0793,0.8193,-0.1451,-0.0133,0.4143,Dark,
16.0285,6.3009,7.6067,0.0000,0.0000,-0.4836,-0.0577,0.8734,-0.6599,-0.0653,0.7485,-0.5727,-0.0763,0.8162,-0.1445,-0.0134,0.4150,Dark,
16.0396,6.2755,7.6106,0.0000,0.0000,-0.4822,-0.0558,0.8743,-0.6611,-0.0640,0.7475,-0.5726,-0.0749,0.8164,-0.1438,-0.0135,0.4156,Dark,
16.0507,6.2597,7.6278,0.0000,0.0000,-0.4871,-0.0534,0.8717,-0.6664,-0.0622,0.7430,-0.5777,-0.0729,0.8130,-0.1431,-0.0136,0.4165,Dark,
16.0619,6.2703,7.6412,0.0000,0.0000,-0.4897,-0.0489,0.8705,-0.6699,-0.0584,0.7402,-0.5808,-0.0688,0.8111,-0.1425,-0.0136,0.4174,Dark,
16.0731,6.2913,7.6427,0.0000,0.0000,-0.5129,-0.0453,0.8573,-0.6904,-0.0553,0.7213,-0.6030,-0.0655,0.7950,-0.1418,-0.0136,0.4182,Dark,
16.0841,6.2745,7.6401,0.0000,0.0000,-0.4966,-0.0428,0.8669,-0.6777,-0.0537,0.7334,-0.5881,-0.0635,0.8063,-0.1413,-0.0136,0.4193,Dark,
16.0956,6.2810,7.6364,0.0000,0.0000,-0.5001,-0.0399,0.8650,-0.6816,-0.0513,0.7299,-0.5919,-0.0610,0.8037,-0.1407,-0.0135,0.4202,Dark,
16.1064,6.2855,7.6727,0.0000,0.0000,-0.5153,-0.0362,0.8563,-0.6949,-0.0478,0.7175,-0.6064,-0.0574,0.7931,-0.1401,-0.0135,0.4211,Dark,
16.1179,6.2964,7.6649,0.0000,0.0000,-0.5108,-0.0361,0.8590,-0.6919,-0.0482,0.7204,-0.6024,-0.0576,0.7961,-0.1397,-0.0133,0.4220,Dark,
16.1288,6.3067,7.6574,0.0000,0.0000,-0.5274,-0.0329,0.8490,-0.7062,-0.0452,0.7066,-0.6182,-0.0545,0.7842,-0.1393,-0.0131,0.4229,Dark,
16.1399,6.2894,7.6754,0.0000,0.0000,-0.5271,-0.0310,0.8493,-0.7071,-0.0438,0.7057,-0.6184,-0.0530,0.7841,-0.1391,-0.0127,0.4238,Dark,
16.1512,6.2933,7.6950,0.0000,0.0000,-0.5328,-0.0291,0.8458,-0.7127,-0.0422,0.7002,-0.6240,-0.0513,0.7797,-0.1389,-0.0124,0.4246,Dark,
16.1624,6.2815,7.7064,0.0000,0.0000,-0.5390,-0.0267,0.8419,-0.7196,-0.0399,0.6932,-0.6307,-0.0491,0.7745,-0.1389,-0.0121,0.4254,Dark,
16.1733,6.2702,7.7182,0.0000,0.0000,-0.5478,-0.0260,0.8362,-0.7272,-0.0388,0.6853,-0.6390,-0.0482,0.7677,-0.1389,-0.0120,0.4260,Dark,
16.1844,6.2798,7.7251,0.0000,0.0000,-0.5552,-0.0255,0.8313,-0.7347,-0.0376,0.6774,-0.6465,-0.0475,0.7614,-0.1390,-0.0118,0.4266,Dark,
16.1960,6.3050,7.7357,0.0000,0.0000,-0.5619,-0.0258,0.8268,-0.7437,-0.0372,0.6675,-0.6545,-0.0479,0.7545,-0.1392,-0.0118,0.4270,Dark,
16.2066,6.3207,7.7514,0.0000,0.0000,-0.5718,-0.0267,0.8200,-0.7524,-0.0372,0.6577,-0.6640,-0.0484,0.7462,-0.1394,-0.0118,0.4271,Dark,
16.2177,6.3396,7.7633,0.0000,0.0000,-0.5824,-0.0277,0.8124,-0.7628,-0.0375,0.6456,-0.6746,-0.0492,0.7365,-0.1400,-0.0119,0.4269,Dark,
16.2290,6.3529,7.7868,0.0000,0.0000,-0.5930,-0.0285,0.8047,-0.7719,-0.0375,0.6346,-0.6846,-0.0497,0.7272,-0.1410,-0.0120,0.4264,Dark,
16.2401,6.3513,7.8203,0.0000,0.0000,-0.6076,-0.0294,0.7937,-0.7835,-0.0375,0.6203,-0.6978,-0.0502,0.7145,-0.1420,-0.0121,0.4257,Dark,
16.2512,6.3885,7.8468,0.0000,0.0000,-0.6253,-0.0319,0.7797,-0.7958,-0.0386,0.6044,-0.7129,-0.0519,0.6994,-0.1435,-0.0122,0.4247,Dark,
16.2625,6.4081,7.8088,0.0000,0.0000,-0.6457,-0.0373,0.7626,-0.8139,-0.0427,0.5794,-0.7326,-0.0569,0.6783,-0.1449,-0.0123,0.4237,Dark,
16.2737,6.3972,7.7823,0.0000,0.0000,-0.6792,-0.0476,0.7324,-0.8426,-0.0515,0.5361,-0.7644,-0.0671,0.6412,-0.1464,-0.0126,0.4224,Dark,
16.2845,6.4040,7.7594,0.0000,0.0000,-0.7258,-0.0586,0.6854,-0.8761,-0.0603,0.4783,-0.8054,-0.0771,0.5877,-0.1480,-0.0129,0.4209,Dark,
16.2963,6.3898,7.7181,0.0000,0.0000,-0.8106,-0.0753,0.5807,-0.9325,-0.0731,0.3536,-0.8777,-0.0924,0.4703,-0.1497,-0.0132,0.4193,Dark,
16.3070,6.3785,7.7208,0.0000,0.0000,-0.8543,-0.0806,0.5135,-0.9583,-0.0754,0.2756,-0.9131,-0.0965,0.3961,-0.1515,-0.0136,0.4174,Dark,
16.3179,6.3792,7.7244,0.0000,0.0000,-0.8968,-0.0842,0.4343,-0.9777,-0.0760,0.1955,-0.9441,-0.0983,0.3146,-0.1535,-0.0139,0.4154,Dark,
16.3293,6.3878,7.7159,0.0000,0.0000,-0.9425,-0.0852,0.3232,-0.9939,-0.0734,0.0823,-0.9750,-0.0974,0.1999,-0.1555,-0.0142,0.4131,Dark,
16.3405,6.3969,7.7209,0.0000,0.0000,-0.9599,-0.0819,0.2680,-0.9974,-0.0681,0.0253,-0.9854,-0.0931,0.1428,-0.1574,-0.0145,0.4106,Dark,
16.3515,6.4180,7.7244,0.0000,0.0000,-0.9821,-0.0822,0.1695,-0.9967,-0.0732,0.0342,-0.9910,-0.0877,0.1007,-0.1595,-0.0148,0.4080,Dark,
16.3626,6.4523,7.7761,0.0000,0.0000,-0.9877,-0.0818,0.1335,-0.9956,-0.0761,0.0549,-0.9920,-0.0847,0.0940,-0.1616,-0.0153,0.4052,Dark,
16.3737,6.4655,7.7902,0.0000,0.0000,-0.9885,-0.0801,0.1286,-0.9953,-0.0749,0.0607,-0.9921,-0.0824,0.0946,-0.1634,-0.0158,0.4023,Dark,
16.3848,6.4808,7.7996,0.0000,0.0000,-0.9868,-0.0798,0.1406,-0.9940,-0.0749,0.0794,-0.9906,-0.0818,0.1100,-0.1653,-0.0163,0.3993,Dark,
16.3961,6.4944,7.8286,0.0000,0.0000,-0.9855,-0.0799,0.1494,-0.9924,-0.0756,0.0976,-0.9890,-0.0814,0.1235,-0.1671,-0.0166,0.3963,Dark,
16.4074,6.4955,7.8742,0.0000,0.0000,-0.9853,-0.0790,0.1515,-0.9919,-0.0747,0.1026,-0.9886,-0.0803,0.1271,-0.1686,-0.0170,0.3934,Dark,
16.4182,6.5146,7.9122,0.0000,0.0000,-0.9864,-0.0821,0.1421,-0.9924,-0.0779,0.0956,-0.9894,-0.0833,0.1189,-0.1703,-0.0171,0.3904,Dark,
16.4295,6.5145,7.8617,0.0000,0.0000,-0.9877,-0.0850,0.1313,-0.9928,-0.0810,0.0886,-0.9902,-0.0860,0.1101,-0.1721,-0.0172,0.3874,Dark,
16.4409,6.5009,7.8390,0.0000,0.0000,-0.9901,-0.0897,0.1079,-0.9941,-0.0856,0.0667,-0.9921,-0.0905,0.0874,-0.1734,-0.0173,0.3844,Dark,
16.4517,6.5167,7.8189,0.0000,0.0000,-0.9922,-0.0948,0.0815,-0.9950,-0.0907,0.0416,-0.9935,-0.0955,0.0616,-0.1749,-0.0175,0.3815,Dark,
16.4632,6.5455,7.7793,0.0000,0.0000,-0.9935,-0.1024,0.0506,-0.9951,-0.0984,0.0127,-0.9942,-0.1030,0.0317,-0.1764,-0.0177,0.3786,Dark,
16.4745,6.5606,7.7897,0.0000,0.0000,-0.9941,-0.1039,0.0300,-0.9950,-0.0998,-0.0070,-0.9945,-0.1044,0.0115,-0.1777,-0.0180,0.3757,Dark,
16.4851,6.5684,7.7985,0.0000,0.0000,-0.9947,-0.1021,0.0090,-0.9948,-0.0980,-0.0274,-0.9947,-0.1026,-0.0091,-0.1791,-0.0182,0.3729,Dark,
16.4966,6.5612,7.8259,0.0000,0.0000,-0.9940,-0.1083,0.0144,-0.9943,-0.1039,-0.0251,-0.9940,-0.1088,-0.0053,-0.1804,-0.0184,0.3702,Dark,
16.5077,6.5522,7.8379,0.0000,0.0000,-0.9938,-0.1111,0.0073,-0.9937,-0.1063,-0.0360,-0.9936,-0.1117,-0.0142,-0.1818,-0.0187,0.3676,Dark,
16.5185,6.5492,7.8712,0.0000,0.0000,-0.9934,-0.1129,0.0193,-0.9937,-0.1073,-0.0326,-0.9935,-0.1136,-0.0065,-0.1827,-0.0194,0.3647,Dark,
16.5297,6.5579,7.8913,0.0000,0.0000,-0.9931,-0.1155,0.0202,-0.9933,-0.1094,-0.0366,-0.9932,-0.1164,-0.0081,-0.1838,-0.0199,0.3623,Dark,
16.5410,6.5658,7.9064,0.0000,0.0000,-0.9926,-0.1202,0.0198,-0.9926,-0.1137,-0.0419,-0.9926,-0.1212,-0.0109,-0.1846,-0.0206,0.3599,Dark,
16.5519,6.6070,7.9272,0.0000,0.0000,-0.9925,-0.1137,0.0447,-0.9939,-0.1063,-0.0281,-0.9933,-0.1150,0.0085,-0.1855,-0.0212,0.3577,Dark,
16.5635,6.6163,7.9328,0.0000,0.0000,-0.9922,-0.1141,0.0495,-0.9939,-0.1062,-0.0295,-0.9932,-0.1156,0.0102,-0.1864,-0.0217,0.3558,Dark,
16.5743,6.6222,7.9268,0.0000,0.0000,-0.9919,-0.1148,0.0553,-0.9939,-0.1065,-0.0297,-0.9931,-0.1165,0.0131,-0.1870,-0.0223,0.3541,Dark,
16.5852,6.5976,7.9166,0.0000,0.0000,-0.9902,-0.1139,0.0812,-0.9944,-0.1048,-0.0166,-0.9927,-0.1161,0.0327,-0.1878,-0.0229,0.3526,Dark,
16.5965,6.5861,7.9126,0.0000,0.0000,-0.9895,-0.1187,0.0828,-0.9938,-0.1091,-0.0221,-0.9922,-0.1212,0.0308,-0.1885,-0.0233,0.3514,Dark,
16.6078,6.5853,7.9096,0.0000,0.0000,-0.9877,-0.1168,0.1042,-0.9942,-0.1069,-0.0075,-0.9916,-0.1196,0.0489,-0.1889,-0.0239,0.3502,Dark,
16.6189,6.5760,7.9180,0.0000,0.0000,-0.9868,-0.1101,0.1183,-0.9950,-0.0993,-0.0076,-0.9920,-0.1135,0.0562,-0.1895,-0.0243,0.3496,Dark,
16.6300,6.5750,7.9235,0.0000,0.0000,-0.9847,-0.1123,0.1334,-0.9949,-0.1013,0.0007,-0.9909,-0.1161,0.0680,-0.1900,-0.0246,0.3490,Dark,
16.6414,6.5603,7.9278,0.0000,0.0000,-0.9833,-0.1101,0.1451,-0.9951,-0.0988,0.0050,-0.9905,-0.1142,0.0762,-0.1903,-0.0247,0.3481,Dark,
16.6521,6.5322,7.9025,0.0000,0.0000,-0.9833,-0.1049,0.1487,-0.9957,-0.0927,-0.0049,-0.9913,-0.1095,0.0731,-0.1908,-0.0248,0.3480,Dark,
16.6638,6.5234,7.8859,0.0000,0.0000,-0.9802,-0.1033,0.1691,-0.9958,-0.0911,0.0097,-0.9899,-0.1084,0.0909,-0.1913,-0.0249,0.3479,Dark,
16.6746,6.5218,7.8725,0.0000,0.0000,-0.9791,-0.1013,0.1764,-0.9960,-0.0890,0.0112,-0.9897,-0.1067,0.0954,-0.1916,-0.0250,0.3474,Dark,
16.6857,6.5220,7.8566,0.0000,0.0000,-0.9775,-0.0978,0.1868,-0.9963,-0.0851,0.0108,-0.9895,-0.1038,0.1007,-0.1920,-0.0250,0.3474,Dark,
16.6967,6.5219,7.8483,0.0000,0.0000,-0.9767,-0.0966,0.1918,-0.9964,-0.0838,0.0106,-0.9893,-0.1029,0.1032,-0.1924,-0.0251,0.3475,Dark,
16.7080,6.5085,7.8433,0.0000,0.0000,-0.9762,-0.0964,0.1942,-0.9965,-0.0834,0.0077,-0.9893,-0.1030,0.1030,-0.1928,-0.0249,0.3470,Dark,
16.7189,6.4805,7.8540,0.0000,0.0000,-0.9744,-0.0941,0.2042,-0.9967,-0.0803,0.0085,-0.9889,-0.1010,0.1086,-0.1933,-0.0248,0.3472,Dark,
16.7301,6.4677,7.8428,0.0000,0.0000,-0.9734,-0.0934,0.2090,-0.9968,-0.0792,0.0087,-0.9887,-0.1005,0.1112,-0.1938,-0.0248,0.3474,Dark,
16.7413,6.4821,7.8462,0.0000,0.0000,-0.9724,-0.0924,0.2141,-0.9970,-0.0778,0.0056,-0.9886,-0.0999,0.1124,-0.1941,-0.0246,0.3471,Dark,
16.7523,6.4938,7.8567,0.0000,0.0000,-0.9727,-0.0921,0.2131,-0.9970,-0.0775,0.0008,-0.9890,-0.0999,0.1095,-0.1947,-0.0247,0.3471,Dark,
16.7636,6.5034,7.8606,0.0000,0.0000,-0.9734,-0.0925,0.2095,-0.9970,-0.0776,-0.0069,-0.9895,-0.1003,0.1038,-0.1953,-0.0247,0.3471,Dark,
16.7748,6.5207,7.8968,0.0000,0.0000,-0.9748,-0.0937,0.2023,-0.9967,-0.0780,-0.0217,-0.9905,-0.1017,0.0927,-0.1958,-0.0247,0.3467,Dark,
16.7859,6.5560,7.9217,0.0000,0.0000,-0.9767,-0.0989,0.1906,-0.9959,-0.0825,-0.0363,-0.9911,-0.1068,0.0793,-0.1964,-0.0248,0.3468,Dark,
16.7970,6.5849,7.9552,0.0000,0.0000,-0.9806,-0.1149,0.1586,-0.9925,-0.0969,-0.0743,-0.9915,-0.1224,0.0436,-0.1970,-0.0250,0.3469,Dark,
16.8081,6.6657,8.0500,0.0000,0.0000,-0.9826,-0.1725,0.0690,-0.9736,-0.1497,-0.1726,-0.9825,-0.1786,-0.0524,-0.1973,-0.0251,0.3469,Dark,
16.8194,6.7101,8.1026,0.0000,0.0000,-0.9771,-0.2105,0.0292,-0.9591,-0.1841,-0.2151,-0.9720,-0.2152,-0.0945,-0.1979,-0.0255,0.3471,Dark,
16.8305,6.7422,8.1617,0.0000,0.0000,-0.9740,-0.2258,0.0171,-0.9522,-0.1971,-0.2335,-0.9670,-0.2299,-0.1102,-0.1984,-0.0259,0.3474,Dark,
16.8415,6.7636,8.2270,0.0000,0.0000,-0.9665,-0.2565,0.0014,-0.9391,-0.2236,-0.2608,-0.9566,-0.2596,-0.1325,-0.1987,-0.0262,0.3476,Dark,
16.8526,6.7719,8.2375,0.0000,0.0000,-0.9637,-0.2659,0.0231,-0.9403,-0.2327,-0.2482,-0.9561,-0.2696,-0.1152,-0.1992,-0.0266,0.3478,Dark,
16.8640,6.7771,8.2296,0.0000,0.0000,-0.9607,-0.2751,0.0378,-0.9400,-0.2414,-0.2413,-0.9546,-0.2791,-0.1043,-0.1997,-0.0270,0.3480,Dark,
16.8751,6.7721,8.2069,0.0000,0.0000,-0.9567,-0.2769,0.0895,-0.9474,-0.2447,-0.2065,-0.9572,-0.2831,-0.0601,-0.2001,-0.0272,0.3481,Dark,
16.8861,6.7799,8.1965,0.0000,0.0000,-0.9545,-0.2777,0.1090,-0.9497,-0.2460,-0.1936,-0.9576,-0.2847,-0.0436,-0.2006,-0.0275,0.3482,Dark,
16.8972,6.7860,8.1978,0.0000,0.0000,-0.9535,-0.2783,0.1159,-0.9500,-0.2463,-0.1921,-0.9575,-0.2856,-0.0393,-0.2012,-0.0278,0.3482,Dark,
16.9083,6.8020,8.2058,0.0000,0.0000,-0.9544,-0.2728,0.1212,-0.9507,-0.2402,-0.1960,-0.9590,-0.2806,-0.0387,-0.2014,-0.0280,0.3481,Dark,
16.9194,6.7985,8.2107,0.0000,0.0000,-0.9538,-0.2749,0.1208,-0.9494,-0.2420,-0.2001,-0.9583,-0.2829,-0.0411,-0.2019,-0.0283,0.3480,Dark,
16.9306,6.7943,8.2182,0.0000,0.0000,-0.9535,-0.2761,0.1208,-0.9484,-0.2429,-0.2037,-0.9578,-0.2843,-0.0430,-0.2023,-0.0285,0.3478,Dark,
16.9417,6.7990,8.2226,0.0000,0.0000,-0.9549,-0.2733,0.1165,-0.9472,-0.2390,-0.2139,-0.9583,-0.2814,-0.0507,-0.2025,-0.0287,0.3478,Dark,
16.9528,6.7889,8.2216,0.0000,0.0000,-0.9545,-0.2729,0.1207,-0.9476,-0.2384,-0.2127,-0.9585,-0.2811,-0.0479,-0.2029,-0.0289,0.3477,Dark,
16.9640,6.7811,8.2169,0.0000,0.0000,-0.9533,-0.2739,0.1270,-0.9481,-0.2391,-0.2094,-0.9584,-0.2823,-0.0430,-0.2033,-0.0291,0.3476,Dark,
16.9753,6.7729,8.2010,0.0000,0.0000,-0.9517,-0.2732,0.1403,-0.9500,-0.2385,-0.2014,-0.9588,-0.2821,-0.0320,-0.2035,-0.0293,0.3477,Dark,
16.9862,6.7752,8.1918,0.0000,0.0000,-0.9503,-0.2743,0.1476,-0.9507,-0.2399,-0.1963,-0.9586,-0.2836,-0.0257,-0.2037,-0.0296,0.3477,Dark,
16.9975,6.7784,8.1711,0.0000,0.0000,-0.9492,-0.2751,0.1528,-0.9511,-0.2414,-0.1928,-0.9583,-0.2849,-0.0211,-0.2040,-0.0299,0.3476,Dark,
17.0086,6.7910,8.1576,0.0000,0.0000,-0.9471,-0.2756,0.1644,-0.9524,-0.2427,-0.1844,-0.9581,-0.2861,-0.0107,-0.2040,-0.0302,0.3477,Dark,
17.0198,6.7938,8.1617,0.0000,0.0000,-0.9464,-0.2760,0.1679,-0.9527,-0.2433,-0.1821,-0.9580,-0.2867,-0.0077,-0.2042,-0.0305,0.3477,Dark,
17.0309,6.7953,8.1767,0.0000,0.0000,-0.9455,-0.2765,0.1718,-0.9530,-0.2440,-0.1793,-0.9578,-0.2874,-0.0042,-0.2044,-0.0307,0.3476,Dark,
17.0421,6.7708,8.1894,0.0000,0.0000,-0.9442,-0.2769,0.1785,-0.9537,-0.2450,-0.1744,-0.9575,-0.2883,0.0019,-0.2044,-0.0308,0.3477,Dark,
17.0533,6.7570,8.1869,0.0000,0.0000,-0.9435,-0.2774,0.1814,-0.9539,-0.2459,-0.1723,-0.9573,-0.2891,0.0045,-0.2046,-0.0310,0.3476,Dark,
17.0649,6.7392,8.1655,0.0000,0.0000,-0.9425,-0.2778,0.1859,-0.9542,-0.2467,-0.1690,-0.9570,-0.2898,0.0086,-0.2047,-0.0312,0.3475,Dark,
17.0754,6.7350,8.1570,0.0000,0.0000,-0.9418,-0.2776,0.1893,-0.9547,-0.2468,-0.1662,-0.9570,-0.2899,0.0119,-0.2046,-0.0312,0.3476,Dark,
17.0871,6.7283,8.1534,0.0000,0.0000,-0.9416,-0.2789,0.1888,-0.9543,-0.2479,-0.1670,-0.9566,-0.2911,0.0112,-0.2047,-0.0314,0.3476,Dark,
17.0977,6.7244,8.1323,0.0000,0.0000,-0.9407,-0.2791,0.1929,-0.9549,-0.2484,-0.1625,-0.9565,-0.2914,0.0156,-0.2047,-0.0314,0.3476,Dark,
17.1088,6.7256,8.1258,0.0000,0.0000,-0.9397,-0.2793,0.1973,-0.9556,-0.2488,-0.1580,-0.9563,-0.2917,0.0202,-0.2046,-0.0314,0.3480,Dark,
17.1202,6.7184,8.1177,0.0000,0.0000,-0.9398,-0.2796,0.1964,-0.9555,-0.2489,-0.1582,-0.9563,-0.2919,0.0196,-0.2046,-0.0315,0.3482,Dark,
17.1312,6.7183,8.1100,0.0000,0.0000,-0.9390,-0.2790,0.2009,-0.9565,-0.2487,-0.1522,-0.9563,-0.2913,0.0250,-0.2045,-0.0316,0.3484,Dark,
17.1422,6.7230,8.1093,0.0000,0.0000,-0.9382,-0.2788,0.2053,-0.9573,-0.2488,-0.1473,-0.9562,-0.2912,0.0298,-0.2044,-0.0315,0.3489,Dark,
17.1535,6.7217,8.0937,0.0000,0.0000,-0.9383,-0.2783,0.2055,-0.9576,-0.2483,-0.1463,-0.9564,-0.2906,0.0304,-0.2043,-0.0316,0.3492,Dark,
17.1649,6.7210,8.1037,0.0000,0.0000,-0.9374,-0.2774,0.2106,-0.9586,-0.2479,-0.1401,-0.9564,-0.2899,0.0362,-0.2043,-0.0316,0.3495,Dark,
17.1756,6.7194,8.1080,0.0000,0.0000,-0.9369,-0.2768,0.2136,-0.9593,-0.2473,-0.1367,-0.9564,-0.2893,0.0395,-0.2041,-0.0315,0.3500,Dark,
17.1873,6.7316,8.1102,0.0000,0.0000,-0.9367,-0.2759,0.2156,-0.9598,-0.2464,-0.1342,-0.9566,-0.2883,0.0418,-0.2040,-0.0315,0.3503,Dark,
17.1980,6.7517,8.1327,0.0000,0.0000,-0.9362,-0.2750,0.2191,-0.9605,-0.2460,-0.1303,-0.9567,-0.2876,0.0457,-0.2039,-0.0315,0.3504,Dark,
17.2096,6.7639,8.1473,0.0000,0.0000,-0.9360,-0.2735,0.2215,-0.9610,-0.2452,-0.1280,-0.9569,-0.2865,0.0481,-0.2037,-0.0314,0.3507,Dark,
17.2202,6.7729,8.1719,0.0000,0.0000,-0.9354,-0.2722,0.2259,-0.9619,-0.2444,-0.1228,-0.9569,-0.2854,0.0531,-0.2037,-0.0313,0.3507,Dark,
17.2317,6.7578,8.2358,0.0000,0.0000,-0.9320,-0.2721,0.2396,-0.9637,-0.2458,-0.1047,-0.9558,-0.2857,0.0697,-0.2037,-0.0312,0.3508,Dark,
17.2426,6.7506,8.2561,0.0000,0.0000,-0.9289,-0.2716,0.2519,-0.9648,-0.2458,-0.0932,-0.9548,-0.2856,0.0821,-0.2035,-0.0310,0.3510,Dark,
17.2537,6.7448,8.2491,0.0000,0.0000,-0.9257,-0.2716,0.2634,-0.9658,-0.2466,-0.0800,-0.9535,-0.2859,0.0949,-0.2035,-0.0310,0.3510,Dark,
17.2648,6.7511,8.2361,0.0000,0.0000,-0.9188,-0.2705,0.2875,-0.9674,-0.2474,-0.0550,-0.9507,-0.2857,0.1204,-0.2035,-0.0311,0.3511,Dark,
17.2758,6.7509,8.2313,0.0000,0.0000,-0.9175,-0.2718,0.2904,-0.9672,-0.2485,-0.0519,-0.9499,-0.2870,0.1235,-0.2033,-0.0311,0.3514,Dark,
17.2872,6.7504,8.2309,0.0000,0.0000,-0.9147,-0.2730,0.2981,-0.9672,-0.2502,-0.0436,-0.9484,-0.2884,0.1318,-0.2033,-0.0313,0.3516,Dark,
17.2984,6.7563,8.2315,0.0000,0.0000,-0.9115,-0.2745,0.3062,-0.9670,-0.2526,-0.0342,-0.9465,-0.2904,0.1408,-0.2033,-0.0315,0.3517,Dark,
17.3093,6.7640,8.2299,0.0000,0.0000,-0.9098,-0.2755,0.3105,-0.9667,-0.2544,-0.0293,-0.9454,-0.2917,0.1455,-0.2031,-0.0317,0.3521,Dark,
17.3204,6.7717,8.2258,0.0000,0.0000,-0.9090,-0.2765,0.3119,-0.9663,-0.2559,-0.0276,-0.9447,-0.2929,0.1471,-0.2031,-0.0318,0.3522,Dark,
17.3319,6.7649,8.2151,0.0000,0.0000,-0.9065,-0.2776,0.3182,-0.9660,-0.2577,-0.0199,-0.9432,-0.2943,0.1543,-0.2031,-0.0318,0.3523,Dark,
17.3426,6.7678,8.2097,0.0000,0.0000,-0.9053,-0.2784,0.3209,-0.9658,-0.2587,-0.0167,-0.9424,-0.2952,0.1573,-0.2030,-0.0318,0.3527,Dark,
17.3540,6.7669,8.2334,0.0000,0.0000,-0.9040,-0.2800,0.3232,-0.9654,-0.2604,-0.0136,-0.9414,-0.2968,0.1600,-0.2029,-0.0319,0.3528,Dark,
17.3650,6.7650,8.2136,0.0000,0.0000,-0.9026,-0.2814,0.3259,-0.9651,-0.2618,-0.0105,-0.9405,-0.2982,0.1629,-0.2029,-0.0320,0.3530,Dark,
17.3762,6.7621,8.1967,0.0000,0.0000,-0.9011,-0.2830,0.3286,-0.9646,-0.2635,-0.0072,-0.9395,-0.2998,0.1660,-0.2027,-0.0320,0.3535,Dark,
17.3873,6.7628,8.1610,0.0000,0.0000,-0.9002,-0.2843,0.3298,-0.9642,-0.2650,-0.0052,-0.9387,-0.3011,0.1675,-0.2026,-0.0321,0.3538,Dark,
17.3984,6.7665,8.1517,0.0000,0.0000,-0.8986,-0.2843,0.3342,-0.9641,-0.2655,-0.0002,-0.9378,-0.3014,0.1723,-0.2025,-0.0321,0.3542,Dark,
17.4096,6.7576,8.1476,0.0000,0.0000,-0.8973,-0.2840,0.3380,-0.9641,-0.2654,0.0042,-0.9371,-0.3011,0.1765,-0.2023,-0.0320,0.3548,Dark,
17.4207,6.7446,8.1457,0.0000,0.0000,-0.8959,-0.2835,0.3422,-0.9642,-0.2650,0.0097,-0.9364,-0.3006,0.1813,-0.2022,-0.0319,0.3554,Dark,
17.4321,6.7399,8.1353,0.0000,0.0000,-0.8933,-0.2835,0.3488,-0.9641,-0.2650,0.0174,-0.9350,-0.3006,0.1885,-0.2020,-0.0318,0.3563,Dark,
17.4431,6.7187,8.1264,0.0000,0.0000,-0.8900,-0.2832,0.3574,-0.9640,-0.2644,0.0273,-0.9332,-0.3001,0.1978,-0.2016,-0.0316,0.3577,Dark,
17.4543,6.6774,8.0573,0.0000,0.0000,-0.8842,-0.2792,0.3744,-0.9641,-0.2608,0.0496,-0.9301,-0.2959,0.2177,-0.2012,-0.0316,0.3593,Dark,
17.4656,6.6576,7.9530,0.0000,0.0000,-0.8789,-0.2809,0.3856,-0.9629,-0.2623,0.0626,-0.9267,-0.2975,0.2298,-0.2007,-0.0316,0.3612,Dark,
17.4764,6.6294,7.8690,0.0000,0.0000,-0.8755,-0.2492,0.4140,-0.9685,-0.2311,0.0933,-0.9283,-0.2658,0.2601,-0.1999,-0.0317,0.3635,Dark,
17.4879,6.5623,7.6305,0.0000,0.0000,-0.8773,-0.1898,0.4408,-0.9753,-0.1720,0.1382,-0.9328,-0.2049,0.2964,-0.1990,-0.0317,0.3660,Dark,
17.4989,6.5260,7.6769,0.0000,0.0000,-0.8738,-0.1672,0.4566,-0.9741,-0.1497,0.1695,-0.9300,-0.1810,0.3199,-0.1981,-0.0317,0.3685,Dark,
17.5102,6.4787,7.7284,0.0000,0.0000,-0.8653,-0.1486,0.4788,-0.9701,-0.1312,0.2040,-0.9234,-0.1615,0.3482,-0.1970,-0.0315,0.3715,Dark,
17.5210,6.4573,7.7855,0.0000,0.0000,-0.8479,-0.1352,0.5126,-0.9566,-0.1193,0.2659,-0.9065,-0.1469,0.3959,-0.1959,-0.0313,0.3746,Dark,
17.5324,6.4744,7.8070,0.0000,0.0000,-0.8287,-0.1383,0.5424,-0.9414,-0.1241,0.3135,-0.8882,-0.1498,0.4344,-0.1946,-0.0312,0.3778,Dark,
17.5432,6.4950,7.8130,0.0000,0.0000,-0.8082,-0.1297,0.5745,-0.9270,-0.1168,0.3565,-0.8702,-0.1413,0.4721,-0.1930,-0.0311,0.3812,Dark,
17.5543,6.5136,7.7814,0.0000,0.0000,-0.7861,-0.1159,0.6072,-0.9044,-0.1053,0.4135,-0.8468,-0.1270,0.5165,-0.1913,-0.0311,0.3843,Dark,
17.5656,6.5102,7.7968,0.0000,0.0000,-0.7691,-0.1095,0.6296,-0.8874,-0.1005,0.4500,-0.8293,-0.1204,0.5457,-0.1897,-0.0309,0.3873,Dark,
17.5766,6.5279,7.8102,0.0000,0.0000,-0.7623,-0.1187,0.6362,-0.8798,-0.1111,0.4623,-0.8219,-0.1299,0.5547,-0.1880,-0.0306,0.3902,Dark,
17.5878,6.5491,7.8218,0.0000,0.0000,-0.7696,-0.1358,0.6239,-0.8797,-0.1291,0.4576,-0.8253,-0.1467,0.5452,-0.1864,-0.0303,0.3929,Dark,
17.5994,6.5539,7.8183,0.0000,0.0000,-0.7672,-0.1443,0.6249,-0.8766,-0.1377,0.4610,-0.8226,-0.1550,0.5471,-0.1848,-0.0301,0.3957,Dark,
17.6100,6.5752,7.8218,0.0000,0.0000,-0.7759,-0.1590,0.6105,-0.8811,-0.1517,0.4479,-0.8292,-0.1691,0.5327,-0.1828,-0.0299,0.3985,Dark,
17.6213,6.5526,7.8300,0.0000,0.0000,-0.7711,-0.1685,0.6140,-0.8762,-0.1607,0.4544,-0.8243,-0.1781,0.5373,-0.1808,-0.0297,0.4016,Dark,
17.6325,6.5341,7.8102,0.0000,0.0000,-0.7635,-0.1768,0.6211,-0.8710,-0.1685,0.4614,-0.8180,-0.1863,0.5442,-0.1784,-0.0295,0.4048,Dark,
17.6434,6.5037,7.7840,0.0000,0.0000,-0.7555,-0.1816,0.6295,-0.8657,-0.1731,0.4698,-0.8114,-0.1911,0.5524,-0.1758,-0.0293,0.4083,Dark,
17.6545,6.5105,7.7759,0.0000,0.0000,-0.7402,-0.1792,0.6481,-0.8540,-0.1714,0.4913,-0.7978,-0.1891,0.5724,-0.1730,-0.0289,0.4118,Dark,
17.6658,6.5192,7.7828,0.0000,0.0000,-0.7259,-0.1754,0.6650,-0.8451,-0.1682,0.5074,-0.7864,-0.1858,0.5891,-0.1700,-0.0286,0.4153,Dark,
17.6770,6.5262,7.8111,0.0000,0.0000,-0.7212,-0.1719,0.6711,-0.8441,-0.1647,0.5102,-0.7839,-0.1827,0.5934,-0.1668,-0.0282,0.4187,Dark,
17.6882,6.5277,7.8263,0.0000,0.0000,-0.7034,-0.1817,0.6872,-0.8322,-0.1748,0.5263,-0.7690,-0.1929,0.6095,-0.1636,-0.0278,0.4219,Dark,
17.6992,6.5214,7.8371,0.0000,0.0000,-0.6868,-0.1770,0.7050,-0.8206,-0.1703,0.5455,-0.7550,-0.1885,0.6280,-0.1601,-0.0274,0.4251,Dark,
17.7102,6.5398,7.7392,0.0000,0.0000,-0.6600,-0.1625,0.7335,-0.8039,-0.1567,0.5738,-0.7335,-0.1749,0.6568,-0.1563,-0.0269,0.4283,Dark,
17.7213,6.5479,7.6937,0.0000,0.0000,-0.6241,-0.1487,0.7671,-0.7766,-0.1446,0.6132,-0.7017,-0.1620,0.6938,-0.1524,-0.0265,0.4315,Dark,
17.7330,6.4401,7.6577,0.0000,0.0000,-0.5838,-0.1360,0.8004,-0.7450,-0.1341,0.6535,-0.6655,-0.1504,0.7311,-0.1482,-0.0260,0.4346,Dark,
17.7439,6.2746,7.3515,0.0000,0.0000,-0.5124,-0.0882,0.8542,-0.6650,-0.0891,0.7415,-0.5886,-0.1017,0.8020,-0.1440,-0.0255,0.4375,Dark,
17.7547,6.2169,7.1743,0.0000,0.0000,-0.4841,-0.0804,0.8713,-0.6275,-0.0823,0.7742,-0.5553,-0.0932,0.8264,-0.1398,-0.0250,0.4402,Dark,
17.7661,6.0213,7.0355,0.0000,0.0000,-0.4343,-0.0627,0.8986,-0.5742,-0.0654,0.8161,-0.5033,-0.0751,0.8608,-0.1357,-0.0244,0.4427,Dark,
17.7773,5.8737,7.0316,0.0000,0.0000,-0.3802,-0.0377,0.9241,-0.4810,-0.0401,0.8758,-0.4294,-0.0464,0.9019,-0.1316,-0.0237,0.4450,Dark,
17.7881,5.9787,7.1774,0.0000,0.0000,-0.3169,-0.0326,0.9479,-0.4174,-0.0353,0.9080,-0.3657,-0.0413,0.9298,-0.1275,-0.0233,0.4470,Dark,
17.7998,6.0764,7.3028,0.0000,0.0000,-0.2886,-0.0210,0.9572,-0.3884,-0.0238,0.9212,-0.3370,-0.0295,0.9410,-0.1234,-0.0230,0.4489,Dark,
17.8104,6.2528,7.6405,0.0000,0.0000,-0.2335,-0.0100,0.9723,-0.3267,-0.0128,0.9451,-0.2785,-0.0179,0.9603,-0.1193,-0.0226,0.4506,Dark,
17.8220,6.3049,7.7156,0.0000,0.0000,-0.1856,-0.0198,0.9824,-0.2626,-0.0227,0.9646,-0.2227,-0.0266,0.9745,-0.1153,-0.0223,0.4520,Dark,
17.8333,6.3441,7.7606,0.0000,0.0000,-0.1260,-0.0250,0.9917,-0.1922,-0.0279,0.9810,-0.1578,-0.0310,0.9870,-0.1114,-0.0220,0.4535,Dark,
17.8438,6.3219,7.8245,0.0000,0.0000,-0.0242,-0.0373,0.9990,-0.0758,-0.0401,0.9963,-0.0489,-0.0423,0.9979,-0.1077,-0.0218,0.4547,Dark,
17.8550,6.2856,7.8549,0.0000,0.0000,0.0110,-0.0357,0.9993,-0.0365,-0.0385,0.9986,-0.0117,-0.0404,0.9991,-0.1040,-0.0216,0.4558,Dark,
17.8662,6.2651,7.8813,0.0000,0.0000,0.0751,-0.0416,0.9963,0.0320,-0.0444,0.9985,0.0546,-0.0461,0.9974,-0.1005,-0.0215,0.4566,Dark,
17.8773,6.2735,7.9189,0.0000,0.0000,0.1331,-0.0488,0.9899,0.0955,-0.0515,0.9941,0.1152,-0.0529,0.9919,-0.0970,-0.0214,0.4577,Dark,
17.8884,6.2998,7.9265,0.0000,0.0000,0.1577,-0.0532,0.9861,0.1217,-0.0559,0.9910,0.1405,-0.0571,0.9884,-0.0936,-0.0213,0.4585,Dark,
17.8999,6.3401,7.9305,0.0000,0.0000,0.1778,-0.0575,0.9824,0.1431,-0.0602,0.9879,0.1613,-0.0614,0.9850,-0.0903,-0.0212,0.4591,Dark,
17.9112,6.3824,7.9632,0.0000,0.0000,0.1767,-0.0662,0.9820,0.1433,-0.0690,0.9873,0.1608,-0.0700,0.9845,-0.0872,-0.0211,0.4597,Dark,
17.9221,6.3875,7.9352,0.0000,0.0000,0.1748,-0.0722,0.9820,0.1415,-0.0750,0.9871,0.1589,-0.0760,0.9844,-0.0841,-0.0212,0.4601,Dark,
17.9335,6.4144,7.9108,0.0000,0.0000,0.1820,-0.0787,0.9801,0.1491,-0.0817,0.9854,0.1662,-0.0825,0.9826,-0.0812,-0.0213,0.4605,Dark,
17.9445,6.4578,7.8986,0.0000,0.0000,0.1561,-0.0903,0.9836,0.1232,-0.0932,0.9880,0.1403,-0.0941,0.9856,-0.0784,-0.0214,0.4612,Dark,
17.9554,6.4754,7.8797,0.0000,0.0000,0.1567,-0.0969,0.9829,0.1204,-0.1001,0.9877,0.1393,-0.1010,0.9851,-0.0756,-0.0215,0.4614,Dark,
17.9665,6.4962,7.8763,0.0000,0.0000,0.1371,-0.1046,0.9850,0.0934,-0.1083,0.9897,0.1162,-0.1094,0.9872,-0.0728,-0.0216,0.4617,Dark,
17.9781,6.5045,7.8829,0.0000,0.0000,0.1366,-0.1077,0.9848,0.0890,-0.1117,0.9898,0.1137,-0.1129,0.9871,-0.0703,-0.0215,0.4622,Dark,
17.9886,6.5108,7.9006,0.0000,0.0000,0.1380,-0.1102,0.9843,0.0862,-0.1145,0.9897,0.1131,-0.1159,0.9868,-0.0676,-0.0216,0.4624,Dark,
18.0000,6.5091,7.9041,0.0000,0.0000,0.1206,-0.1118,0.9864,0.0595,-0.1167,0.9914,0.0912,-0.1184,0.9888,-0.0650,-0.0217,0.4625,Dark,
18.0112,6.5014,7.8917,0.0000,0.0000,0.1200,-0.1144,0.9862,0.0542,-0.1198,0.9913,0.0884,-0.1215,0.9886,-0.0625,-0.0220,0.4629,Dark,
18.0221,6.4945,7.8698,0.0000,0.0000,0.1242,-0.1143,0.9857,0.0531,-0.1200,0.9914,0.0900,-0.1219,0.9884,-0.0600,-0.0221,0.4629,Dark,
18.0334,6.4773,7.8247,0.0000,0.0000,0.1134,-0.1134,0.9871,0.0315,-0.1196,0.9923,0.0740,-0.1220,0.9898,-0.0574,-0.0220,0.4630,Dark,
18.0445,6.4739,7.8057,0.0000,0.0000,0.1218,-0.1118,0.9862,0.0347,-0.1185,0.9924,0.0798,-0.1210,0.9894,-0.0551,-0.0217,0.4634,Dark,
18.0557,6.4721,7.8057,0.0000,0.0000,0.1365,-0.1068,0.9849,0.0436,-0.1140,0.9925,0.0918,-0.1167,0.9889,-0.0525,-0.0214,0.4636,Dark,
18.0670,6.4437,7.7910,0.0000,0.0000,0.1477,-0.1035,0.9836,0.0430,-0.1117,0.9928,0.0973,-0.1146,0.9886,-0.0500,-0.0209,0.4638,Dark,
18.0779,6.4550,7.7781,0.0000,0.0000,0.1641,-0.0973,0.9816,0.0537,-0.1063,0.9929,0.1110,-0.1092,0.9878,-0.0476,-0.0204,0.4641,Dark,
18.0889,6.4651,7.7733,0.0000,0.0000,0.1725,-0.0904,0.9809,0.0553,-0.1000,0.9934,0.1161,-0.1031,0.9879,-0.0450,-0.0199,0.4642,Dark,
18.1001,6.4731,7.7773,0.0000,0.0000,0.1606,-0.0914,0.9828,0.0296,-0.1019,0.9943,0.0974,-0.1055,0.9896,-0.0423,-0.0194,0.4643,Dark,
18.1113,6.5190,7.7860,0.0000,0.0000,0.1610,-0.0925,0.9826,0.0231,-0.1037,0.9943,0.0944,-0.1075,0.9897,-0.0397,-0.0188,0.4643,Dark,
18.1223,6.5551,7.7690,0.0000,0.0000,0.1816,-0.0872,0.9795,0.0371,-0.0994,0.9944,0.1119,-0.1031,0.9884,-0.0370,-0.0182,0.4642,Dark,
18.1335,6.5606,7.7950,0.0000,0.0000,0.2295,-0.1020,0.9679,0.0726,-0.1161,0.9906,0.1541,-0.1199,0.9808,-0.0344,-0.0178,0.4641,Dark,
18.1447,6.5512,7.8296,0.0000,0.0000,0.3025,-0.0877,0.9491,0.1410,-0.1036,0.9846,0.2255,-0.1068,0.9684,-0.0318,-0.0174,0.4639,Dark,
18.1558,6.5399,7.8738,0.0000,0.0000,0.3092,-0.0855,0.9471,0.1402,-0.1021,0.9848,0.2286,-0.1055,0.9678,-0.0293,-0.0170,0.4636,Dark,
18.1671,6.4833,7.9748,0.0000,0.0000,0.4350,-0.0532,0.8988,0.2621,-0.0723,0.9623,0.3543,-0.0752,0.9321,-0.0268,-0.0166,0.4632,Dark,
18.1782,6.4676,8.0212,0.0000,0.0000,0.3971,-0.0668,0.9154,0.2123,-0.0863,0.9734,0.3100,-0.0897,0.9465,-0.0242,-0.0160,0.4628,Dark,
18.1895,6.4568,8.0093,0.0000,0.0000,0.5094,-0.0349,0.8598,0.3327,-0.0556,0.9414,0.4280,-0.0584,0.9019,-0.0216,-0.0155,0.4624,Dark,
18.2005,6.4815,7.9736,0.0000,0.0000,0.5525,-0.0253,0.8331,0.3701,-0.0474,0.9278,0.4693,-0.0502,0.8816,-0.0191,-0.0149,0.4620,Dark,
18.2115,6.5004,7.9536,0.0000,0.0000,0.5694,-0.0212,0.8218,0.3841,-0.0439,0.9222,0.4852,-0.0467,0.8732,-0.0168,-0.0144,0.4616,Dark,
18.2226,6.5152,7.9283,0.0000,0.0000,0.5819,-0.0186,0.8130,0.3959,-0.0417,0.9174,0.4975,-0.0445,0.8663,-0.0145,-0.0140,0.4612,Dark,
18.2337,6.5059,7.9048,0.0000,0.0000,0.6223,-0.0115,0.7827,0.4416,-0.0347,0.8965,0.5410,-0.0375,0.8402,-0.0123,-0.0135,0.4607,Dark,
18.2449,6.4985,7.9137,0.0000,0.0000,0.6338,-0.0107,0.7734,0.4544,-0.0337,0.8901,0.5533,-0.0367,0.8322,-0.0103,-0.0130,0.4601,Dark,
18.2560,6.4904,7.9227,0.0000,0.0000,0.6322,-0.0146,0.7746,0.4513,-0.0375,0.8916,0.5507,-0.0406,0.8337,-0.0082,-0.0125,0.4596,Dark,
18.2674,6.4911,7.9415,0.0000,0.0000,0.6428,-0.0149,0.7659,0.4662,-0.0374,0.8839,0.5632,-0.0405,0.8253,-0.0062,-0.0119,0.4591,Dark,
18.2783,6.4991,7.9387,0.0000,0.0000,0.6340,-0.0192,0.7731,0.4546,-0.0418,0.8897,0.5528,-0.0449,0.8321,-0.0041,-0.0114,0.4585,Dark,
18.2895,6.5020,7.9347,0.0000,0.0000,0.6305,-0.0214,0.7759,0.4527,-0.0437,0.8906,0.5497,-0.0468,0.8340,-0.0021,-0.0109,0.4580,Dark,
18.3006,6.5174,7.9174,0.0000,0.0000,0.6170,-0.0299,0.7864,0.4405,-0.0517,0.8963,0.5362,-0.0547,0.8423,-0.0002,-0.0103,0.4574,Dark,
18.3119,6.5275,7.9123,0.0000,0.0000,0.6124,-0.0323,0.7899,0.4348,-0.0538,0.8989,0.5309,-0.0571,0.8455,0.0016,-0.0097,0.4567,Dark,
18.3230,6.5109,7.9094,0.0000,0.0000,0.6026,-0.0367,0.7972,0.4264,-0.0575,0.9027,0.5213,-0.0609,0.8512,0.0036,-0.0091,0.4561,Dark,
18.3340,6.4966,7.9089,0.0000,0.0000,0.5881,-0.0446,0.8076,0.4130,-0.0647,0.9084,0.5067,-0.0682,0.8594,0.0054,-0.0085,0.4555,Dark,
18.3451,6.4963,7.9200,0.0000,0.0000,0.5884,-0.0446,0.8073,0.4128,-0.0644,0.9085,0.5067,-0.0681,0.8594,0.0070,-0.0080,0.4549,Dark,
18.3563,6.4986,7.9292,0.0000,0.0000,0.5920,-0.0425,0.8048,0.4190,-0.0619,0.9059,0.5114,-0.0657,0.8568,0.0088,-0.0074,0.4543,Dark,
18.3679,6.4984,7.9323,0.0000,0.0000,0.5867,-0.0452,0.8085,0.4122,-0.0643,0.9088,0.5052,-0.0683,0.8603,0.0105,-0.0069,0.4537,Dark,
18.3787,6.4936,7.9118,0.0000,0.0000,0.5902,-0.0448,0.8060,0.4138,-0.0638,0.9081,0.5078,-0.0680,0.8588,0.0121,-0.0063,0.4529,Dark,
18.3897,6.4844,7.8938,0.0000,0.0000,0.5943,-0.0456,0.8029,0.4182,-0.0644,0.9061,0.5119,-0.0688,0.8563,0.0139,-0.0058,0.4523,Dark,
18.4008,6.4794,7.9174,0.0000,0.0000,0.5917,-0.0500,0.8046,0.4106,-0.0689,0.9092,0.5068,-0.0736,0.8589,0.0157,-0.0052,0.4516,Dark,
18.4121,6.4826,7.9346,0.0000,0.0000,0.5982,-0.0480,0.7999,0.4140,-0.0673,0.9078,0.5119,-0.0721,0.8560,0.0171,-0.0046,0.4509,Dark,
18.4232,6.4968,7.9497,0.0000,0.0000,0.6034,-0.0459,0.7961,0.4170,-0.0654,0.9065,0.5161,-0.0703,0.8536,0.0188,-0.0041,0.4502,Dark,
18.4341,6.5088,7.9555,0.0000,0.0000,0.6126,-0.0416,0.7893,0.4230,-0.0617,0.9040,0.5239,-0.0667,0.8492,0.0205,-0.0035,0.4496,Dark,
18.4453,6.5184,7.9261,0.0000,0.0000,0.6235,-0.0375,0.7809,0.4343,-0.0578,0.8989,0.5352,-0.0627,0.8424,0.0218,-0.0030,0.4487,Dark,
18.4566,6.5299,7.9096,0.0000,0.0000,0.6877,-0.0106,0.7259,0.5082,-0.0313,0.8607,0.6054,-0.0359,0.7951,0.0234,-0.0025,0.4480,Dark,
18.4677,6.5335,7.9212,0.0000,0.0000,0.6822,-0.0127,0.7310,0.5023,-0.0332,0.8640,0.5995,-0.0379,0.7995,0.0250,-0.0019,0.4473,Dark,
18.4790,6.5351,7.9395,0.0000,0.0000,0.7194,0.0087,0.6945,0.5553,-0.0107,0.8316,0.6448,-0.0152,0.7642,0.0262,-0.0012,0.4464,Dark,
18.4901,6.5444,7.9619,0.0000,0.0000,0.7498,0.0274,0.6611,0.6003,0.0092,0.7997,0.6825,0.0049,0.7309,0.0276,-0.0006,0.4457,Dark,
18.5011,6.5319,7.9614,0.0000,0.0000,0.7615,0.0339,0.6473,0.6172,0.0160,0.7867,0.6967,0.0117,0.7173,0.0290,-0.0001,0.4449,Dark,
18.5122,6.5211,7.9559,0.0000,0.0000,0.7697,0.0396,0.6371,0.6314,0.0223,0.7751,0.7078,0.0181,0.7062,0.0302,0.0005,0.4441,Dark,
18.5235,6.5345,7.9417,0.0000,0.0000,0.7760,0.0445,0.6292,0.6440,0.0280,0.7645,0.7168,0.0238,0.6968,0.0315,0.0011,0.4434,Dark,
18.5344,6.5331,7.9350,0.0000,0.0000,0.7829,0.0494,0.6202,0.6545,0.0334,0.7553,0.7254,0.0292,0.6877,0.0328,0.0017,0.4426,Dark,
18.5456,6.5327,7.9442,0.0000,0.0000,0.7869,0.0527,0.6148,0.6607,0.0370,0.7498,0.7304,0.0327,0.6822,0.0338,0.0023,0.4417,Dark,
18.5568,6.5121,7.9495,0.0000,0.0000,0.7872,0.0523,0.6145,0.6614,0.0365,0.7491,0.7308,0.0324,0.6818,0.0351,0.0029,0.4410,Dark,
18.5680,6.5003,7.9471,0.0000,0.0000,0.7902,0.0541,0.6105,0.6655,0.0383,0.7454,0.7343,0.0341,0.6779,0.0359,0.0035,0.4400,Dark,
18.5791,6.4939,7.9369,0.0000,0.0000,0.7900,0.0523,0.6108,0.6638,0.0362,0.7471,0.7334,0.0321,0.6790,0.0371,0.0041,0.4392,Dark,
18.5902,6.4970,7.9471,0.0000,0.0000,0.7933,0.0541,0.6064,0.6662,0.0378,0.7448,0.7364,0.0337,0.6757,0.0383,0.0046,0.4385,Dark,
18.6015,6.5010,7.9568,0.0000,0.0000,0.7961,0.0559,0.6025,0.6689,0.0395,0.7423,0.7392,0.0353,0.6725,0.0390,0.0051,0.4376,Dark,
18.6125,6.5112,7.9818,0.0000,0.0000,0.7974,0.0550,0.6009,0.6673,0.0382,0.7438,0.7392,0.0340,0.6726,0.0401,0.0056,0.4368,Dark,
18.6238,6.5162,7.9863,0.0000,0.0000,0.8002,0.0567,0.5970,0.6683,0.0396,0.7428,0.7413,0.0353,0.6702,0.0411,0.0060,0.4361,Dark,
18.6347,6.5296,7.9881,0.0000,0.0000,0.8028,0.0585,0.5934,0.6699,0.0413,0.7413,0.7435,0.0369,0.6677,0.0417,0.0066,0.4352,Dark,
18.6459,6.5552,7.9828,0.0000,0.0000,0.8042,0.0588,0.5915,0.6665,0.0410,0.7444,0.7429,0.0365,0.6685,0.0426,0.0071,0.4345,Dark,
18.6570,6.5664,7.9835,0.0000,0.0000,0.8073,0.0615,0.5870,0.6673,0.0435,0.7435,0.7450,0.0389,0.6659,0.0435,0.0077,0.4339,Dark,
18.6681,6.5524,7.9846,0.0000,0.0000,0.8097,0.0634,0.5835,0.6679,0.0452,0.7429,0.7467,0.0405,0.6639,0.0440,0.0083,0.4330,Dark,
18.6793,6.5272,8.0082,0.0000,0.0000,0.8108,0.0631,0.5819,0.6628,0.0441,0.7475,0.7452,0.0392,0.6656,0.0448,0.0088,0.4324,Dark,
18.6904,6.5177,8.0080,0.0000,0.0000,0.8127,0.0643,0.5792,0.6621,0.0450,0.7481,0.7460,0.0400,0.6647,0.0456,0.0093,0.4318,Dark,
18.7015,6.5197,8.0068,0.0000,0.0000,0.8143,0.0658,0.5767,0.6620,0.0464,0.7480,0.7470,0.0413,0.6636,0.0461,0.0099,0.4310,Dark,
18.7127,6.5252,8.0454,0.0000,0.0000,0.8142,0.0660,0.5768,0.6573,0.0463,0.7522,0.7449,0.0410,0.6660,0.0466,0.0104,0.4304,Dark,
18.7239,6.5258,8.0557,0.0000,0.0000,0.8159,0.0685,0.5741,0.6570,0.0487,0.7523,0.7458,0.0432,0.6648,0.0473,0.0109,0.4298,Dark,
18.7351,6.5483,8.0702,0.0000,0.0000,0.8167,0.0694,0.5729,0.6533,0.0493,0.7555,0.7447,0.0435,0.6660,0.0476,0.0115,0.4291,Dark,
18.7460,6.5553,8.0521,0.0000,0.0000,0.8179,0.0716,0.5708,0.6529,0.0515,0.7557,0.7452,0.0456,0.6652,0.0482,0.0120,0.4286,Dark,
18.7572,6.5641,8.0340,0.0000,0.0000,0.8189,0.0739,0.5691,0.6522,0.0538,0.7561,0.7456,0.0477,0.6647,0.0488,0.0125,0.4281,Dark,
18.7684,6.5666,8.0193,0.0000,0.0000,0.8197,0.0754,0.5678,0.6491,0.0549,0.7587,0.7447,0.0487,0.6656,0.0490,0.0130,0.4274,Dark,
18.7797,6.5608,8.0249,0.0000,0.0000,0.8206,0.0771,0.5663,0.6478,0.0565,0.7597,0.7447,0.0502,0.6655,0.0495,0.0134,0.4269,Dark,
18.7907,6.5641,8.0315,0.0000,0.0000,0.8218,0.0794,0.5642,0.6475,0.0590,0.7598,0.7454,0.0524,0.6646,0.0501,0.0139,0.4265,Dark,
18.8018,6.5825,8.0572,0.0000,0.0000,0.8219,0.0805,0.5639,0.6433,0.0599,0.7633,0.7436,0.0531,0.6665,0.0502,0.0143,0.4259,Dark,
18.8129,6.5959,8.0257,0.0000,0.0000,0.8232,0.0826,0.5617,0.6431,0.0622,0.7632,0.7443,0.0552,0.6655,0.0507,0.0148,0.4254,Dark,
18.8241,6.5764,7.9981,0.0000,0.0000,0.8290,0.0911,0.5518,0.6478,0.0709,0.7585,0.7501,0.0635,0.6583,0.0512,0.0152,0.4249,Dark,
18.8353,6.5092,7.9538,0.0000,0.0000,0.8570,0.1337,0.4977,0.6926,0.1169,0.7118,0.7875,0.1085,0.6067,0.0514,0.0157,0.4242,Dark,
18.8463,6.4684,7.9440,0.0000,0.0000,0.8680,0.1540,0.4721,0.7189,0.1403,0.6808,0.8057,0.1313,0.5775,0.0520,0.0162,0.4236,Dark,
18.8574,6.3817,7.9403,0.0000,0.0000,0.8870,0.1832,0.4238,0.7512,0.1735,0.6368,0.8319,0.1629,0.5304,0.0525,0.0166,0.4230,Dark,
18.8687,6.2765,8.0057,0.0000,0.0000,0.9134,0.2301,0.3359,0.8142,0.2296,0.5333,0.8752,0.2161,0.4328,0.0529,0.0170,0.4223,Dark,
18.8799,6.2513,8.0366,0.0000,0.0000,0.9186,0.2411,0.3132,0.8319,0.2433,0.4987,0.8856,0.2293,0.4039,0.0535,0.0174,0.4216,Dark,
18.8910,6.2415,8.0600,0.0000,0.0000,0.9229,0.2434,0.2985,0.8433,0.2470,0.4773,0.8928,0.2327,0.3858,0.0543,0.0178,0.4208,Dark,
18.9020,6.2501,8.0940,0.0000,0.0000,0.9260,0.2453,0.2868,0.8556,0.2499,0.4533,0.8994,0.2359,0.3680,0.0549,0.0182,0.4197,Dark,
18.9132,6.2583,8.1064,0.0000,0.0000,0.9219,0.2479,0.2977,0.8788,0.2517,0.4055,0.9047,0.2421,0.3505,0.0555,0.0187,0.4190,Dark,
18.9243,6.2765,8.1156,0.0000,0.0000,0.9175,0.2416,0.3160,0.8840,0.2442,0.3986,0.9037,0.2369,0.3566,0.0564,0.0192,0.4181,Dark,
18.9361,6.2958,8.1112,0.0000,0.0000,0.9139,0.2372,0.3296,0.8900,0.2390,0.3884,0.9038,0.2338,0.3586,0.0569,0.0196,0.4170,Dark,
18.9465,6.2983,8.1017,0.0000,0.0000,0.9125,0.2352,0.3347,0.8910,0.2367,0.3874,0.9033,0.2321,0.3607,0.0577,0.0201,0.4161,Dark,
18.9577,6.3250,8.0934,0.0000,0.0000,0.9125,0.2349,0.3350,0.8930,0.2363,0.3831,0.9041,0.2321,0.3587,0.0586,0.0206,0.4152,Dark,
18.9691,6.3571,8.0536,0.0000,0.0000,0.9106,0.2322,0.3418,0.8935,0.2334,0.3838,0.9032,0.2297,0.3626,0.0591,0.0210,0.4142,Dark,
18.9801,6.3656,8.0343,0.0000,0.0000,0.9115,0.2327,0.3390,0.8954,0.2340,0.3788,0.9046,0.2304,0.3587,0.0599,0.0214,0.4133,Dark,
18.9912,6.3831,8.0198,0.0000,0.0000,0.9118,0.2329,0.3383,0.8964,0.2342,0.3764,0.9051,0.2308,0.3571,0.0607,0.0218,0.4124,Dark,
19.0024,6.4155,8.0104,0.0000,0.0000,0.9114,0.2325,0.3396,0.8971,0.2337,0.3750,0.9052,0.2305,0.3571,0.0612,0.0221,0.4114,Dark,
19.0135,6.4325,8.0073,0.0000,0.0000,0.9121,0.2338,0.3368,0.8983,0.2350,0.3713,0.9061,0.2319,0.3539,0.0619,0.0226,0.4105,Dark,
19.0245,6.4500,8.0052,0.0000,0.0000,0.9129,0.2352,0.3337,0.8995,0.2364,0.3674,0.9071,0.2333,0.3504,0.0627,0.0230,0.4096,Dark,
19.0359,6.4818,8.0342,0.0000,0.0000,0.9140,0.2372,0.3293,0.8983,0.2386,0.3688,0.9072,0.2350,0.3489,0.0631,0.0235,0.4087,Dark,
19.0467,6.4961,8.0268,0.0000,0.0000,0.9154,0.2392,0.3238,0.8987,0.2409,0.3665,0.9082,0.2370,0.3450,0.0638,0.0239,0.4078,Dark,
19.0579,6.5028,8.0200,0.0000,0.0000,0.9168,0.2410,0.3184,0.8990,0.2428,0.3646,0.9092,0.2386,0.3413,0.0645,0.0243,0.4070,Dark,
19.0691,6.5068,8.0510,0.0000,0.0000,0.9186,0.2423,0.3123,0.8980,0.2446,0.3657,0.9099,0.2396,0.3387,0.0649,0.0247,0.4061,Dark,
19.0802,6.5053,8.0548,0.0000,0.0000,0.9201,0.2439,0.3064,0.8983,0.2464,0.3637,0.9110,0.2411,0.3347,0.0656,0.0251,0.4052,Dark,
19.0914,6.5087,8.0587,0.0000,0.0000,0.9216,0.2453,0.3007,0.8986,0.2481,0.3620,0.9120,0.2424,0.3310,0.0663,0.0255,0.4044,Dark,
19.1025,6.5215,8.0577,0.0000,0.0000,0.9232,0.2468,0.2947,0.8972,0.2500,0.3641,0.9124,0.2435,0.3290,0.0667,0.0259,0.4035,Dark,
19.1135,6.5293,8.0500,0.0000,0.0000,0.9245,0.2487,0.2889,0.8971,0.2522,0.3627,0.9132,0.2453,0.3254,0.0673,0.0263,0.4027,Dark,
19.1247,6.5266,8.0444,0.0000,0.0000,0.9258,0.2503,0.2834,0.8970,0.2542,0.3616,0.9140,0.2468,0.3221,0.0679,0.0266,0.4020,Dark,
19.1360,6.5424,8.0643,0.0000,0.0000,0.9272,0.2521,0.2772,0.8952,0.2564,0.3644,0.9142,0.2482,0.3203,0.0682,0.0270,0.4012,Dark,
19.1469,6.5582,8.0791,0.0000,0.0000,0.9283,0.2542,0.2713,0.8950,0.2589,0.3632,0.9149,0.2502,0.3168,0.0688,0.0274,0.4005,Dark,
19.1581,6.5786,8.0882,0.0000,0.0000,0.9299,0.2559,0.2642,0.8933,0.2612,0.3657,0.9153,0.2516,0.3144,0.0693,0.0277,0.3997,Dark,
19.1693,6.5688,8.0838,0.0000,0.0000,0.9310,0.2576,0.2587,0.8930,0.2633,0.3649,0.9160,0.2531,0.3113,0.0696,0.0281,0.3990,Dark,
19.1803,6.5581,8.0789,0.0000,0.0000,0.9318,0.2591,0.2540,0.8925,0.2652,0.3649,0.9164,0.2546,0.3089,0.0701,0.0285,0.3983,Dark,
19.1917,6.5505,8.0851,0.0000,0.0000,0.9325,0.2605,0.2502,0.8899,0.2671,0.3698,0.9159,0.2557,0.3093,0.0705,0.0289,0.3976,Dark,
19.2029,6.5597,8.0952,0.0000,0.0000,0.9330,0.2624,0.2463,0.8891,0.2693,0.3700,0.9161,0.2575,0.3075,0.0708,0.0293,0.3968,Dark,
19.2138,6.5689,8.1073,0.0000,0.0000,0.9335,0.2645,0.2421,0.8884,0.2718,0.3700,0.9162,0.2595,0.3054,0.0712,0.0297,0.3961,Dark,
19.2249,6.5771,8.1217,0.0000,0.0000,0.9340,0.2656,0.2390,0.8861,0.2733,0.3744,0.9157,0.2604,0.3060,0.0716,0.0302,0.3954,Dark,
19.2362,6.5854,8.1243,0.0000,0.0000,0.9343,0.2680,0.2353,0.8853,0.2761,0.3742,0.9157,0.2628,0.3040,0.0718,0.0307,0.3947,Dark,
19.2474,6.5913,8.1244,0.0000,0.0000,0.9347,0.2712,0.2297,0.8851,0.2798,0.3719,0.9161,0.2661,0.3001,0.0722,0.0311,0.3940,Dark,
19.2584,6.5928,8.1587,0.0000,0.0000,0.9345,0.2720,0.2296,0.8820,0.2808,0.3785,0.9148,0.2665,0.3033,0.0726,0.0317,0.3933,Dark,
19.2696,6.5934,8.1746,0.0000,0.0000,0.9348,0.2757,0.2239,0.8818,0.2851,0.3758,0.9151,0.2704,0.2991,0.0727,0.0322,0.3926,Dark,
19.2807,6.6205,8.1743,0.0000,0.0000,0.9344,0.2779,0.2227,0.8789,0.2877,0.3804,0.9139,0.2725,0.3008,0.0731,0.0329,0.3918,Dark,
19.2918,6.6234,8.1615,0.0000,0.0000,0.9339,0.2823,0.2192,0.8777,0.2927,0.3795,0.9132,0.2771,0.2987,0.0734,0.0337,0.3910,Dark,
19.3034,6.6254,8.1595,0.0000,0.0000,0.9327,0.2891,0.2158,0.8754,0.3000,0.3790,0.9117,0.2840,0.2968,0.0736,0.0347,0.3902,Dark,
19.3141,6.6081,8.1560,0.0000,0.0000,0.9309,0.2964,0.2135,0.8715,0.3079,0.3817,0.9093,0.2914,0.2970,0.0738,0.0359,0.3894,Dark,
19.3252,6.5936,8.1561,0.0000,0.0000,0.9290,0.3049,0.2097,0.8689,0.3169,0.3801,0.9074,0.3001,0.2944,0.0740,0.0372,0.3885,Dark,
19.3364,6.5828,8.1569,0.0000,0.0000,0.9270,0.3140,0.2052,0.8660,0.3269,0.3784,0.9052,0.3095,0.2914,0.0739,0.0385,0.3874,Dark,
19.3478,6.5448,8.1048,0.0000,0.0000,0.9252,0.3205,0.2033,0.8623,0.3340,0.3805,0.9028,0.3162,0.2916,0.0740,0.0397,0.3863,Dark,
19.3586,6.5353,8.0620,0.0000,0.0000,0.9223,0.3248,0.2095,0.8575,0.3385,0.3873,0.8990,0.3206,0.2983,0.0740,0.0409,0.3852,Dark,
19.3697,6.5289,8.0157,0.0000,0.0000,0.9132,0.3337,0.2339,0.8417,0.3466,0.4141,0.8868,0.3290,0.3244,0.0737,0.0422,0.3838,Dark,
19.3808,6.4434,7.9013,0.0000,0.0000,0.8802,0.3675,0.3005,0.7935,0.3764,0.4782,0.8465,0.3612,0.3912,0.0736,0.0434,0.3825,Dark,
19.3920,6.3306,7.8419,0.0000,0.0000,0.8572,0.3977,0.3271,0.7652,0.4049,0.5005,0.8208,0.3910,0.4164,0.0735,0.0445,0.3813,Dark,
19.4033,6.2388,7.7724,0.0000,0.0000,0.8334,0.4303,0.3468,0.7355,0.4360,0.5186,0.7942,0.4232,0.4360,0.0730,0.0457,0.3800,Dark,
19.4144,6.1835,7.7041,0.0000,0.0000,0.7916,0.4862,0.3702,0.6875,0.4887,0.5371,0.7494,0.4783,0.4579,0.0727,0.0468,0.3788,Dark,
19.4255,6.1898,7.6994,0.0000,0.0000,0.7784,0.5047,0.3732,0.6727,0.5070,0.5388,0.7355,0.4970,0.4606,0.0724,0.0480,0.3777,Dark,
19.4367,6.2024,7.7387,0.0000,0.0000,0.7694,0.5216,0.3687,0.6616,0.5246,0.5357,0.7256,0.5144,0.4570,0.0718,0.0491,0.3765,Dark,
19.4479,6.2530,7.7912,0.0000,0.0000,0.7636,0.5362,0.3598,0.6525,0.5406,0.5310,0.7186,0.5297,0.4506,0.0713,0.0503,0.3754,Dark,
19.4591,6.2819,7.8015,0.0000,0.0000,0.7652,0.5407,0.3494,0.6530,0.5477,0.5232,0.7199,0.5354,0.4416,0.0708,0.0516,0.3744,Dark,
19.4701,6.3041,7.8257,0.0000,0.0000,0.7606,0.5495,0.3456,0.6453,0.5580,0.5218,0.7141,0.5451,0.4393,0.0702,0.0529,0.3732,Dark,
19.4814,6.3126,7.8521,0.0000,0.0000,0.7675,0.5470,0.3342,0.6480,0.5589,0.5174,0.7195,0.5440,0.4317,0.0696,0.0540,0.3722,Dark,
19.4924,6.3178,7.8600,0.0000,0.0000,0.7709,0.5455,0.3290,0.6487,0.5600,0.5153,0.7218,0.5437,0.4283,0.0690,0.0552,0.3711,Dark,
19.5037,6.3208,7.9081,0.0000,0.0000,0.7654,0.5536,0.3283,0.6393,0.5696,0.5166,0.7146,0.5525,0.4289,0.0683,0.0563,0.3699,Dark,
19.5147,6.3856,7.9723,0.0000,0.0000,0.7699,0.5503,0.3232,0.6390,0.5694,0.5173,0.7173,0.5505,0.4271,0.0677,0.0574,0.3687,Dark,
19.5260,6.4087,7.9921,0.0000,0.0000,0.7683,0.5528,0.3226,0.6341,0.5739,0.5182,0.7143,0.5540,0.4276,0.0670,0.0584,0.3676,Dark,
19.5370,6.4253,8.0253,0.0000,0.0000,0.7661,0.5558,0.3228,0.6288,0.5788,0.5192,0.7107,0.5580,0.4285,0.0661,0.0594,0.3664,Dark,
19.5481,6.4724,8.0704,0.0000,0.0000,0.7660,0.5554,0.3238,0.6245,0.5805,0.5226,0.7087,0.5585,0.4310,0.0653,0.0604,0.3653,Dark,
19.5593,6.4788,8.0876,0.0000,0.0000,0.7631,0.5584,0.3254,0.6187,0.5851,0.5243,0.7045,0.5623,0.4330,0.0645,0.0614,0.3642,Dark,
19.5702,6.4834,8.1244,0.0000,0.0000,0.7601,0.5615,0.3270,0.6129,0.5898,0.5258,0.7002,0.5663,0.4348,0.0637,0.0623,0.3629,Dark,
19.5821,6.5279,8.1614,0.0000,0.0000,0.7595,0.5612,0.3289,0.6089,0.5913,0.5287,0.6980,0.5669,0.4375,0.0629,0.0632,0.3616,Dark,
19.5927,6.5379,8.1667,0.0000,0.0000,0.7571,0.5638,0.3301,0.6040,0.5955,0.5297,0.6944,0.5703,0.4388,0.0621,0.0640,0.3603,Dark,
19.6038,6.5455,8.1819,0.0000,0.0000,0.7549,0.5656,0.3319,0.5996,0.5987,0.5311,0.6911,0.5728,0.4407,0.0613,0.0648,0.3591,Dark,
19.6151,6.5740,8.1958,0.0000,0.0000,0.7536,0.5651,0.3357,0.5948,0.5996,0.5354,0.6882,0.5729,0.4451,0.0605,0.0656,0.3580,Dark,
19.6261,6.5962,8.1989,0.0000,0.0000,0.7505,0.5675,0.3386,0.5889,0.6033,0.5378,0.6837,0.5761,0.4479,0.0596,0.0663,0.3567,Dark,
19.6372,6.6145,8.2327,0.0000,0.0000,0.7481,0.5694,0.3408,0.5842,0.6065,0.5393,0.6802,0.5787,0.4501,0.0587,0.0669,0.3555,Dark,
19.6483,6.6655,8.2733,0.0000,0.0000,0.7478,0.5688,0.3424,0.5811,0.6076,0.5414,0.6786,0.5789,0.4522,0.0580,0.0675,0.3541,Dark,
19.6596,6.6818,8.2834,0.0000,0.0000,0.7464,0.5700,0.3436,0.5776,0.6103,0.5422,0.6761,0.5808,0.4534,0.0572,0.0681,0.3528,Dark,
19.6706,6.6928,8.2805,0.0000,0.0000,0.7454,0.5707,0.3445,0.5749,0.6126,0.5424,0.6743,0.5824,0.4540,0.0564,0.0685,0.3515,Dark,
19.6817,6.7147,8.2681,0.0000,0.0000,0.7465,0.5690,0.3450,0.5730,0.6129,0.5440,0.6741,0.5816,0.4554,0.0556,0.0691,0.3501,Dark,
19.6930,6.7303,8.2635,0.0000,0.0000,0.7449,0.5704,0.3461,0.5688,0.6157,0.5453,0.6713,0.5837,0.4568,0.0548,0.0698,0.3488,Dark,
19.7042,6.7427,8.2722,0.0000,0.0000,0.7427,0.5720,0.3481,0.5642,0.6184,0.5471,0.6679,0.5859,0.4590,0.0539,0.0703,0.3477,Dark,
19.7152,6.7466,8.2715,0.0000,0.0000,0.7425,0.5715,0.3496,0.5609,0.6192,0.5495,0.6663,0.5859,0.4612,0.0530,0.0710,0.3464,Dark,
19.7263,6.7523,8.2633,0.0000,0.0000,0.7404,0.5734,0.3507,0.5567,0.6222,0.5504,0.6633,0.5885,0.4624,0.0521,0.0716,0.3450,Dark,
19.7376,6.7562,8.2501,0.0000,0.0000,0.7390,0.5744,0.3519,0.5536,0.6243,0.5512,0.6611,0.5900,0.4635,0.0511,0.0722,0.3438,Dark,
19.7485,6.7378,8.1665,0.0000,0.0000,0.7388,0.5687,0.3615,0.5508,0.6191,0.5598,0.6595,0.5844,0.4728,0.0501,0.0729,0.3426,Dark,
19.7598,6.6903,8.1084,0.0000,0.0000,0.7215,0.5811,0.3764,0.5302,0.6285,0.5691,0.6400,0.5957,0.4854,0.0490,0.0736,0.3415,Dark,
19.7708,6.6508,8.0476,0.0000,0.0000,0.7022,0.5997,0.3837,0.5066,0.6447,0.5725,0.6183,0.6136,0.4912,0.0476,0.0743,0.3406,Dark,
19.7819,6.5034,7.9774,0.0000,0.0000,0.6487,0.6516,0.3931,0.4501,0.6876,0.5698,0.5622,0.6623,0.4953,0.0461,0.0751,0.3397,Dark,
19.7931,6.4576,7.9656,0.0000,0.0000,0.6226,0.6748,0.3963,0.4245,0.7070,0.5656,0.5358,0.6842,0.4948,0.0445,0.0759,0.3389,Dark,
19.8042,6.4268,7.9590,0.0000,0.0000,0.6047,0.6887,0.4000,0.4058,0.7190,0.5643,0.5171,0.6975,0.4961,0.0429,0.0766,0.3383,Dark,
19.8155,6.4415,7.9816,0.0000,0.0000,0.5845,0.7047,0.4022,0.3858,0.7327,0.5607,0.4966,0.7127,0.4954,0.0411,0.0774,0.3376,Dark,
19.8266,6.4485,8.0032,0.0000,0.0000,0.5709,0.7147,0.4041,0.3714,0.7418,0.5583,0.4824,0.7226,0.4952,0.0392,0.0782,0.3370,Dark,
19.8376,6.4530,8.0101,0.0000,0.0000,0.5563,0.7238,0.4083,0.3556,0.7499,0.5578,0.4669,0.7314,0.4971,0.0370,0.0790,0.3366,Dark,
19.8487,6.4709,8.0534,0.0000,0.0000,0.5423,0.7323,0.4118,0.3419,0.7577,0.5559,0.4528,0.7397,0.4978,0.0350,0.0799,0.3361,Dark,
19.8603,6.4763,8.0828,0.0000,0.0000,0.5300,0.7388,0.4162,0.3278,0.7637,0.5562,0.4394,0.7461,0.5002,0.0328,0.0808,0.3357,Dark,
19.8711,6.4812,8.0958,0.0000,0.0000,0.5172,0.7450,0.4214,0.3138,0.7690,0.5568,0.4258,0.7520,0.5032,0.0304,0.0816,0.3354,Dark,
19.8820,6.4789,8.1009,0.0000,0.0000,0.5084,0.7492,0.4245,0.3056,0.7732,0.5556,0.4171,0.7563,0.5040,0.0281,0.0825,0.3350,Dark,
19.8933,6.4718,8.0933,0.0000,0.0000,0.4951,0.7550,0.4300,0.2904,0.7780,0.5572,0.4026,0.7617,0.5076,0.0257,0.0835,0.3347,Dark,
19.9044,6.4659,8.0908,0.0000,0.0000,0.4844,0.7575,0.4377,0.2802,0.7798,0.5599,0.3919,0.7639,0.5127,0.0231,0.0842,0.3346,Dark,
19.9157,6.4652,8.0983,0.0000,0.0000,0.4789,0.7581,0.4427,0.2757,0.7809,0.5605,0.3868,0.7648,0.5152,0.0205,0.0851,0.3344,Dark,
19.9267,6.4904,8.1060,0.0000,0.0000,0.4661,0.7619,0.4498,0.2619,0.7839,0.5629,0.3733,0.7683,0.5201,0.0179,0.0858,0.3342,Dark,
19.9382,6.5117,8.0951,0.0000,0.0000,0.4522,0.7662,0.4565,0.2462,0.7874,0.5651,0.3583,0.7723,0.5246,0.0150,0.0862,0.3343,Dark,
19.9488,6.4970,8.0657,0.0000,0.0000,0.4290,0.7763,0.4619,0.2218,0.7952,0.5643,0.3341,0.7814,0.5270,0.0122,0.0869,0.3343,Dark,
19.9605,6.4732,8.0501,0.0000,0.0000,0.4056,0.7835,0.4707,0.1966,0.8000,0.5670,0.3094,0.7876,0.5329,0.0094,0.0875,0.3343,Dark,
19.9714,6.4520,8.0427,0.0000,0.0000,0.3790,0.7919,0.4789,0.1666,0.8052,0.5692,0.2806,0.7946,0.5384,0.0065,0.0878,0.3344,Dark,
19.9823,6.4296,8.0384,0.0000,0.0000,0.3399,0.8054,0.4856,0.1241,0.8133,0.5684,0.2392,0.8057,0.5418,0.0037,0.0884,0.3343,Dark,
19.9937,6.4163,8.0385,0.0000,0.0000,0.3087,0.8133,0.4933,0.0906,0.8171,0.5694,0.2062,0.8117,0.5464,0.0010,0.0889,0.3342,Dark,
20.0046,6.4067,8.0165,0.0000,0.0000,0.2840,0.8195,0.4977,0.0622,0.8203,0.5685,0.1793,0.8167,0.5486,-0.0018,0.0893,0.3342,Dark,
20.0158,6.3904,7.9684,0.0000,0.0000,0.2540,0.8278,0.5002,0.0300,0.8246,0.5649,0.1477,0.8232,0.5482,-0.0044,0.0898,0.3339,Dark,
20.0271,6.3792,7.9453,0.0000,0.0000,0.2276,0.8332,0.5040,0.0041,0.8268,0.5625,0.1210,0.8270,0.5490,-0.0069,0.0902,0.3337,Dark,
20.0381,6.3792,7.9155,0.0000,0.0000,0.1995,0.8384,0.5072,-0.0229,0.8286,0.5593,0.0929,0.8307,0.5489,-0.0094,0.0903,0.3335,Dark,
20.0493,6.3864,7.9186,0.0000,0.0000,0.1790,0.8412,0.5102,-0.0433,0.8293,0.5571,0.0721,0.8325,0.5493,-0.0118,0.0905,0.3332,Dark,
20.0603,6.4014,7.9227,0.0000,0.0000,0.1589,0.8441,0.5120,-0.0633,0.8302,0.5539,0.0516,0.8344,0.5487,-0.0140,0.0907,0.3329,Dark,
20.0716,6.4237,7.9536,0.0000,0.0000,0.1324,0.8489,0.5117,-0.0874,0.8320,0.5478,0.0258,0.8378,0.5453,-0.0163,0.0907,0.3327,Dark,
20.0825,6.4181,7.9744,0.0000,0.0000,0.1187,0.8506,0.5123,-0.1010,0.8327,0.5444,0.0119,0.8391,0.5439,-0.0183,0.0907,0.3323,Dark,
20.0938,6.4109,8.0011,0.0000,0.0000,0.1161,0.8529,0.5090,-0.1023,0.8363,0.5387,0.0100,0.8421,0.5393,-0.0200,0.0908,0.3319,Dark,
20.1049,6.3788,8.0224,0.0000,0.0000,0.1435,0.8554,0.4977,-0.0735,0.8457,0.5286,0.0387,0.8482,0.5283,-0.0217,0.0907,0.3316,Dark,
20.1159,6.3681,8.0206,0.0000,0.0000,0.1548,0.8567,0.4920,-0.0597,0.8507,0.5222,0.0515,0.8514,0.5220,-0.0230,0.0907,0.3311,Dark,
20.1273,6.3611,8.0468,0.0000,0.0000,0.1661,0.8576,0.4867,-0.0460,0.8553,0.5161,0.0642,0.8542,0.5160,-0.0241,0.0908,0.3306,Dark,
20.1383,6.3757,8.0703,0.0000,0.0000,0.1978,0.8579,0.4742,-0.0116,0.8630,0.5051,0.0978,0.8582,0.5039,-0.0252,0.0907,0.3303,Dark,
20.1493,6.3734,8.0720,0.0000,0.0000,0.2014,0.8577,0.4730,-0.0088,0.8645,0.5025,0.1011,0.8589,0.5022,-0.0261,0.0907,0.3298,Dark,
20.1606,6.3708,8.0851,0.0000,0.0000,0.2027,0.8579,0.4722,-0.0082,0.8659,0.5001,0.1020,0.8597,0.5006,-0.0269,0.0908,0.3294,Dark,
20.1720,6.3253,8.1223,0.0000,0.0000,0.1951,0.8547,0.4810,-0.0183,0.8621,0.5063,0.0929,0.8561,0.5084,-0.0278,0.0907,0.3290,Dark,
20.1827,6.3374,8.1473,0.0000,0.0000,0.1895,0.8540,0.4846,-0.0254,0.8613,0.5075,0.0864,0.8553,0.5109,-0.0285,0.0907,0.3286,Dark,
20.1939,6.3497,8.1655,0.0000,0.0000,0.1877,0.8534,0.4862,-0.0274,0.8614,0.5071,0.0844,0.8551,0.5116,-0.0292,0.0908,0.3282,Dark,
20.2051,6.3451,8.2074,0.0000,0.0000,0.1783,0.8521,0.4920,-0.0382,0.8592,0.5101,0.0741,0.8533,0.5161,-0.0299,0.0908,0.3278,Dark,
20.2162,6.3924,8.2293,0.0000,0.0000,0.1664,0.8524,0.4957,-0.0491,0.8583,0.5108,0.0624,0.8529,0.5183,-0.0305,0.0908,0.3275,Dark,
20.2275,6.4295,8.1766,0.0000,0.0000,0.1588,0.8526,0.4979,-0.0576,0.8580,0.5105,0.0541,0.8529,0.5193,-0.0312,0.0909,0.3271,Dark,
20.2386,6.4846,8.1107,0.0000,0.0000,0.1024,0.8572,0.5047,-0.1121,0.8531,0.5095,-0.0025,0.8528,0.5222,-0.0321,0.0908,0.3269,Dark,
20.2495,6.4595,8.0943,0.0000,0.0000,0.0567,0.8581,0.5104,-0.1534,0.8471,0.5088,-0.0469,0.8502,0.5244,-0.0328,0.0908,0.3266,Dark,
20.2608,6.4331,8.0620,0.0000,0.0000,0.0047,0.8581,0.5134,-0.2056,0.8385,0.5045,-0.1001,0.8459,0.5239,-0.0336,0.0909,0.3263,Dark,
20.2720,6.3530,8.0465,0.0000,0.0000,-0.0535,0.8561,0.5140,-0.2618,0.8271,0.4973,-0.1585,0.8390,0.5206,-0.0345,0.0907,0.3261,Dark,
20.2832,6.3459,8.0500,0.0000,0.0000,-0.0696,0.8561,0.5121,-0.2778,0.8249,0.4923,-0.1748,0.8378,0.5172,-0.0353,0.0908,0.3259,Dark,
20.2941,6.3458,8.0522,0.0000,0.0000,-0.0761,0.8570,0.5097,-0.2855,0.8250,0.4877,-0.1822,0.8384,0.5138,-0.0360,0.0908,0.3256,Dark,
20.3053,6.3942,8.0666,0.0000,0.0000,-0.0718,0.8592,0.5065,-0.2835,0.8282,0.4834,-0.1790,0.8412,0.5102,-0.0367,0.0908,0.3255,Dark,
20.3163,6.4164,8.0742,0.0000,0.0000,-0.0743,0.8599,0.5050,-0.2866,0.8289,0.4804,-0.1819,0.8419,0.5080,-0.0378,0.0908,0.3253,Dark,
20.3277,6.4316,8.0771,0.0000,0.0000,-0.0763,0.8604,0.5039,-0.2891,0.8295,0.4778,-0.1842,0.8425,0.5062,-0.0384,0.0909,0.3251,Dark,
20.3389,6.4530,8.0934,0.0000,0.0000,-0.0705,0.8608,0.5040,-0.2852,0.8313,0.4771,-0.1792,0.8437,0.5061,-0.0393,0.0909,0.3250,Dark,
20.3498,6.4489,8.1047,0.0000,0.0000,-0.0642,0.8619,0.5030,-0.2802,0.8338,0.4756,-0.1735,0.8455,0.5049,-0.0398,0.0910,0.3249,Dark,
20.3610,6.4630,8.1025,0.0000,0.0000,-0.0522,0.8635,0.5016,-0.2689,0.8381,0.4746,-0.1616,0.8486,0.5037,-0.0402,0.0911,0.3248,Dark,
20.3722,6.4781,8.1140,0.0000,0.0000,-0.0535,0.8636,0.5013,-0.2698,0.8386,0.4733,-0.1628,0.8489,0.5029,-0.0409,0.0911,0.3247,Dark,
20.3833,6.4808,8.1227,0.0000,0.0000,-0.0542,0.8635,0.5015,-0.2704,0.8387,0.4727,-0.1635,0.8489,0.5027,-0.0412,0.0911,0.3247,Dark,
20.3943,6.4975,8.1297,0.0000,0.0000,-0.0537,0.8634,0.5016,-0.2692,0.8393,0.4723,-0.1625,0.8492,0.5025,-0.0414,0.0912,0.3247,Dark,
20.4055,6.5078,8.1359,0.0000,0.0000,-0.0547,0.8634,0.5016,-0.2694,0.8396,0.4717,-0.1632,0.8493,0.5021,-0.0416,0.0912,0.3247,Dark,
20.4166,6.5345,8.1397,0.0000,0.0000,-0.0555,0.8634,0.5015,-0.2702,0.8397,0.4710,-0.1641,0.8493,0.5017,-0.0418,0.0912,0.3247,Dark,
20.4279,6.5568,8.0836,0.0000,0.0000,-0.0548,0.8633,0.5017,-0.2687,0.8402,0.4711,-0.1629,0.8495,0.5018,-0.0419,0.0913,0.3247,Dark,
20.4392,6.5539,8.0798,0.0000,0.0000,-0.0553,0.8633,0.5017,-0.2686,0.8404,0.4708,-0.1631,0.8496,0.5016,-0.0421,0.0912,0.3246,Dark,
20.4500,6.5616,8.0780,0.0000,0.0000,-0.0556,0.8634,0.5014,-0.2685,0.8407,0.4703,-0.1632,0.8498,0.5012,-0.0421,0.0913,0.3247,Dark,
20.4613,6.5635,8.0695,0.0000,0.0000,-0.0554,0.8636,0.5011,-0.2672,0.8413,0.4700,-0.1624,0.8502,0.5008,-0.0421,0.0914,0.3247,Dark,
20.4724,6.5623,8.0748,0.0000,0.0000,-0.0559,0.8639,0.5006,-0.2668,0.8417,0.4694,-0.1625,0.8506,0.5001,-0.0423,0.0914,0.3247,Dark,
20.4836,6.5621,8.0777,0.0000,0.0000,-0.0558,0.8639,0.5005,-0.2662,0.8419,0.4693,-0.1621,0.8507,0.5000,-0.0423,0.0915,0.3247,Dark,
20.4949,6.5571,8.1113,0.0000,0.0000,-0.0552,0.8642,0.5002,-0.2644,0.8426,0.4692,-0.1609,0.8511,0.4997,-0.0423,0.0915,0.3247,Dark,
20.5058,6.5547,8.1057,0.0000,0.0000,-0.0549,0.8643,0.4999,-0.2634,0.8430,0.4690,-0.1602,0.8514,0.4994,-0.0423,0.0915,0.3246,Dark,
20.5169,6.5438,8.0931,0.0000,0.0000,-0.0537,0.8645,0.4998,-0.2611,0.8436,0.4692,-0.1585,0.8518,0.4994,-0.0422,0.0915,0.3246,Dark,
20.5283,6.5432,8.0971,0.0000,0.0000,-0.0540,0.8646,0.4996,-0.2608,0.8437,0.4691,-0.1584,0.8519,0.4992,-0.0421,0.0916,0.3247,Dark,
20.5396,6.5432,8.0996,0.0000,0.0000,-0.0528,0.8648,0.4994,-0.2591,0.8442,0.4692,-0.1570,0.8522,0.4990,-0.0421,0.0915,0.3245,Dark,
20.5503,6.5442,8.0805,0.0000,0.0000,-0.0523,0.8650,0.4990,-0.2576,0.8447,0.4692,-0.1559,0.8526,0.4988,-0.0420,0.0916,0.3245,Dark,
20.5615,6.5361,8.0906,0.0000,0.0000,-0.0518,0.8653,0.4985,-0.2566,0.8451,0.4690,-0.1551,0.8530,0.4984,-0.0418,0.0917,0.3245,Dark,
20.5726,6.5291,8.0988,0.0000,0.0000,-0.0503,0.8657,0.4981,-0.2548,0.8457,0.4689,-0.1534,0.8534,0.4981,-0.0417,0.0916,0.3244,Dark,
20.5838,6.5292,8.0976,0.0000,0.0000,-0.0494,0.8660,0.4976,-0.2532,0.8462,0.4688,-0.1522,0.8539,0.4978,-0.0415,0.0917,0.3244,Dark,
20.5949,6.5351,8.0938,0.0000,0.0000,-0.0483,0.8663,0.4973,-0.2518,0.8467,0.4686,-0.1510,0.8543,0.4974,-0.0414,0.0918,0.3244,Dark,
20.6061,6.5217,8.0891,0.0000,0.0000,-0.0476,0.8665,0.4968,-0.2508,0.8472,0.4684,-0.1501,0.8546,0.4971,-0.0413,0.0918,0.3242,Dark,
20.6171,6.5085,8.0794,0.0000,0.0000,-0.0472,0.8667,0.4965,-0.2500,0.8475,0.4682,-0.1494,0.8549,0.4968,-0.0412,0.0919,0.3242,Dark,
20.6283,6.5061,8.0923,0.0000,0.0000,-0.0470,0.8669,0.4962,-0.2496,0.8478,0.4680,-0.1491,0.8551,0.4965,-0.0412,0.0920,0.3242,Dark,
20.6397,6.4936,8.1036,0.0000,0.0000,-0.0471,0.8672,0.4957,-0.2495,0.8481,0.4675,-0.1491,0.8554,0.4960,-0.0411,0.0920,0.3240,Dark,
20.6506,6.4931,8.1496,0.0000,0.0000,-0.0475,0.8675,0.4952,-0.2495,0.8483,0.4670,-0.1493,0.8557,0.4955,-0.0411,0.0921,0.3240,Dark,
20.6617,6.4998,8.1560,0.0000,0.0000,-0.0475,0.8677,0.4948,-0.2496,0.8486,0.4665,-0.1494,0.8559,0.4950,-0.0410,0.0922,0.3240,Dark,
20.6730,6.5174,8.1589,0.0000,0.0000,-0.0474,0.8679,0.4944,-0.2495,0.8489,0.4660,-0.1493,0.8562,0.4946,-0.0409,0.0922,0.3238,Dark,
20.6839,6.5216,8.1700,0.0000,0.0000,-0.0470,0.8681,0.4941,-0.2495,0.8491,0.4656,-0.1491,0.8564,0.4943,-0.0408,0.0923,0.3237,Dark,
20.6954,6.5102,8.1572,0.0000,0.0000,-0.0464,0.8683,0.4939,-0.2491,0.8493,0.4654,-0.1487,0.8566,0.4941,-0.0407,0.0924,0.3238,Dark,
20.7062,6.5104,8.1471,0.0000,0.0000,-0.0459,0.8684,0.4938,-0.2489,0.8495,0.4651,-0.1483,0.8568,0.4939,-0.0405,0.0924,0.3236,Dark,
20.7174,6.5293,8.1539,0.0000,0.0000,-0.0452,0.8685,0.4937,-0.2487,0.8497,0.4650,-0.1478,0.8569,0.4938,-0.0404,0.0924,0.3236,Dark,
20.7286,6.5469,8.1518,0.0000,0.0000,-0.0446,0.8687,0.4933,-0.2483,0.8500,0.4646,-0.1474,0.8572,0.4935,-0.0403,0.0925,0.3235,Dark,
20.7398,6.5507,8.1511,0.0000,0.0000,-0.0442,0.8689,0.4930,-0.2482,0.8502,0.4643,-0.1471,0.8574,0.4932,-0.0401,0.0925,0.3233,Dark,
20.7508,6.5420,8.1582,0.0000,0.0000,-0.0435,0.8691,0.4928,-0.2481,0.8503,0.4641,-0.1467,0.8576,0.4930,-0.0401,0.0926,0.3233,Dark,
20.7621,6.5326,8.1551,0.0000,0.0000,-0.0430,0.8692,0.4926,-0.2479,0.8504,0.4640,-0.1464,0.8576,0.4930,-0.0400,0.0927,0.3233,Dark,
20.7731,6.5300,8.1529,0.0000,0.0000,-0.0425,0.8693,0.4925,-0.2477,0.8505,0.4640,-0.1460,0.8577,0.4929,-0.0398,0.0926,0.3231,Dark,
20.7843,6.5363,8.1263,0.0000,0.0000,-0.0425,0.8693,0.4924,-0.2480,0.8504,0.4639,-0.1462,0.8578,0.4928,-0.0398,0.0927,0.3231,Dark,
20.7955,6.5423,8.1239,0.0000,0.0000,-0.0423,0.8695,0.4921,-0.2481,0.8505,0.4637,-0.1461,0.8579,0.4926,-0.0398,0.0928,0.3231,Dark,
20.8065,6.5195,8.1232,0.0000,0.0000,-0.0423,0.8697,0.4918,-0.2486,0.8506,0.4634,-0.1464,0.8580,0.4924,-0.0396,0.0927,0.3229,Dark,
20.8178,6.4453,8.0942,0.0000,0.0000,-0.0184,0.8699,0.4929,-0.2253,0.8550,0.4671,-0.1223,0.8604,0.4948,-0.0396,0.0928,0.3229,Dark,
20.8288,6.4012,8.0626,0.0000,0.0000,0.0186,0.8707,0.4914,-0.1831,0.8633,0.4703,-0.0819,0.8649,0.4951,-0.0396,0.0929,0.3229,Dark,
20.8400,6.3730,8.0364,0.0000,0.0000,0.0576,0.8714,0.4873,-0.1453,0.8707,0.4699,-0.0428,0.8690,0.4930,-0.0394,0.0928,0.3226,Dark,
20.8512,6.3617,8.0278,0.0000,0.0000,0.0902,0.8716,0.4818,-0.1157,0.8765,0.4672,-0.0111,0.8721,0.4891,-0.0395,0.0929,0.3226,Dark,
20.8622,6.3714,8.0331,0.0000,0.0000,0.1070,0.8716,0.4783,-0.0977,0.8796,0.4656,0.0066,0.8737,0.4865,-0.0395,0.0930,0.3226,Dark,
20.8733,6.3563,8.0393,0.0000,0.0000,0.1172,0.8716,0.4760,-0.0867,0.8814,0.4643,0.0174,0.8746,0.4846,-0.0394,0.0930,0.3224,Dark,
20.8846,6.3623,8.0512,0.0000,0.0000,0.1245,0.8726,0.4723,-0.0772,0.8838,0.4615,0.0259,0.8762,0.4812,-0.0395,0.0931,0.3224,Dark,
20.8958,6.3789,8.0297,0.0000,0.0000,0.1238,0.8733,0.4713,-0.0765,0.8844,0.4604,0.0259,0.8769,0.4800,-0.0396,0.0931,0.3224,Dark,
20.9066,6.3885,8.0114,0.0000,0.0000,0.1183,0.8743,0.4707,-0.0812,0.8845,0.4594,0.0207,0.8775,0.4791,-0.0395,0.0930,0.3223,Dark,
20.9180,6.4049,8.0054,0.0000,0.0000,0.1189,0.8749,0.4694,-0.0788,0.8853,0.4582,0.0222,0.8782,0.4778,-0.0396,0.0931,0.3223,Dark,
20.9289,6.4074,8.0076,0.0000,0.0000,0.1143,0.8757,0.4691,-0.0826,0.8853,0.4575,0.0179,0.8786,0.4772,-0.0397,0.0931,0.3223,Dark,
20.9401,6.4141,8.0113,0.0000,0.0000,0.1063,0.8766,0.4693,-0.0900,0.8849,0.4571,0.0101,0.8788,0.4770,-0.0396,0.0930,0.3221,Dark,
20.9517,6.4344,8.0049,0.0000,0.0000,0.1023,0.8777,0.4682,-0.0921,0.8853,0.4558,0.0070,0.8796,0.4756,-0.0397,0.0930,0.3222,Dark,
20.9624,6.4459,7.9987,0.0000,0.0000,0.1021,0.8781,0.4675,-0.0913,0.8858,0.4551,0.0072,0.8800,0.4748,-0.0398,0.0931,0.3222,Dark,
20.9735,6.4462,7.9937,0.0000,0.0000,0.0995,0.8785,0.4672,-0.0930,0.8858,0.4547,0.0051,0.8802,0.4745,-0.0398,0.0930,0.3220,Dark,
20.9847,6.4510,7.9973,0.0000,0.0000,0.0969,0.8791,0.4667,-0.0936,0.8860,0.4541,0.0034,0.8807,0.4737,-0.0399,0.0931,0.3221,Dark,
20.9959,6.4554,8.0049,0.0000,0.0000,0.0960,0.8794,0.4663,-0.0935,0.8862,0.4538,0.0030,0.8809,0.4733,-0.0400,0.0931,0.3221,Dark,
21.0071,6.4526,8.0112,0.0000,0.0000,0.0919,0.8789,0.4680,-0.0970,0.8851,0.4552,-0.0009,0.8801,0.4748,-0.0399,0.0930,0.3220,Dark,
21.0181,6.4499,8.0175,0.0000,0.0000,0.0826,0.8780,0.4715,-0.1050,0.8826,0.4582,-0.0097,0.8783,0.4780,-0.0400,0.0930,0.3220,Dark,
21.0293,6.4485,8.0100,0.0000,0.0000,0.0777,0.8772,0.4738,-0.1094,0.8811,0.4601,-0.0144,0.8771,0.4800,-0.0401,0.0931,0.3221,Dark,
21.0403,6.4393,8.0033,0.0000,0.0000,0.0724,0.8762,0.4764,-0.1142,0.8793,0.4624,-0.0195,0.8757,0.4824,-0.0401,0.0930,0.3218,Dark,
21.0517,6.4339,8.0264,0.0000,0.0000,0.0641,0.8750,0.4798,-0.1214,0.8768,0.4653,-0.0274,0.8738,0.4855,-0.0401,0.0930,0.3219,Dark,
21.0626,6.4357,8.0382,0.0000,0.0000,0.0633,0.8750,0.4800,-0.1216,0.8767,0.4654,-0.0279,0.8738,0.4856,-0.0402,0.0930,0.3220,Dark,
21.0737,6.4400,8.0478,0.0000,0.0000,0.0622,0.8750,0.4801,-0.1220,0.8766,0.4655,-0.0287,0.8737,0.4856,-0.0402,0.0928,0.3218,Dark,
21.0849,6.4452,8.0765,0.0000,0.0000,0.0641,0.8759,0.4783,-0.1190,0.8778,0.4641,-0.0262,0.8747,0.4839,-0.0403,0.0929,0.3218,Dark,
21.0960,6.4454,8.0664,0.0000,0.0000,0.0651,0.8763,0.4773,-0.1173,0.8784,0.4633,-0.0248,0.8753,0.4830,-0.0404,0.0929,0.3219,Dark,
21.1075,6.4500,8.0572,0.0000,0.0000,0.0664,0.8767,0.4765,-0.1154,0.8790,0.4626,-0.0232,0.8758,0.4822,-0.0403,0.0928,0.3217,Dark,
21.1184,6.4249,8.0411,0.0000,0.0000,0.0686,0.8773,0.4749,-0.1122,0.8801,0.4614,-0.0205,0.8766,0.4807,-0.0404,0.0928,0.3218,Dark,
21.1296,6.4008,8.0359,0.0000,0.0000,0.0696,0.8775,0.4745,-0.1108,0.8804,0.4611,-0.0193,0.8769,0.4803,-0.0405,0.0928,0.3219,Dark,
21.1405,6.3922,8.0336,0.0000,0.0000,0.0700,0.8775,0.4744,-0.1101,0.8805,0.4612,-0.0187,0.8769,0.4803,-0.0406,0.0926,0.3217,Dark,
21.1518,6.3987,8.0330,0.0000,0.0000,0.0704,0.8775,0.4744,-0.1091,0.8805,0.4613,-0.0180,0.8769,0.4803,-0.0407,0.0926,0.3219,Dark,
21.1631,6.4120,8.0430,0.0000,0.0000,0.0701,0.8770,0.4754,-0.1091,0.8800,0.4623,-0.0181,0.8764,0.4812,-0.0409,0.0925,0.3222,Dark,
21.1739,6.4034,8.0513,0.0000,0.0000,0.0700,0.8761,0.4769,-0.1088,0.8791,0.4640,-0.0180,0.8755,0.4828,-0.0409,0.0922,0.3223,Dark,
21.1851,6.3861,8.0365,0.0000,0.0000,0.0701,0.8750,0.4791,-0.1083,0.8780,0.4662,-0.0178,0.8743,0.4850,-0.0411,0.0921,0.3228,Dark,
21.1963,6.3789,8.0468,0.0000,0.0000,0.0696,0.8733,0.4821,-0.1086,0.8764,0.4692,-0.0181,0.8727,0.4880,-0.0412,0.0920,0.3235,Dark,
21.2075,6.3901,8.0551,0.0000,0.0000,0.0689,0.8714,0.4858,-0.1091,0.8744,0.4728,-0.0188,0.8706,0.4916,-0.0414,0.0916,0.3240,Dark,
21.2185,6.3791,8.0619,0.0000,0.0000,0.0679,0.8690,0.4902,-0.1099,0.8719,0.4772,-0.0196,0.8681,0.4960,-0.0416,0.0914,0.3249,Dark,
21.2299,6.3589,8.0623,0.0000,0.0000,0.0665,0.8663,0.4951,-0.1112,0.8691,0.4821,-0.0210,0.8653,0.5008,-0.0419,0.0912,0.3260,Dark,
21.2408,6.3387,8.0609,0.0000,0.0000,0.0647,0.8629,0.5013,-0.1129,0.8654,0.4882,-0.0227,0.8617,0.5069,-0.0422,0.0907,0.3269,Dark,
21.2520,6.3494,8.0607,0.0000,0.0000,0.0571,0.8583,0.5099,-0.1205,0.8598,0.4962,-0.0304,0.8565,0.5153,-0.0425,0.0903,0.3284,Dark,
21.2634,6.3764,8.0691,0.0000,0.0000,0.0460,0.8506,0.5238,-0.1327,0.8504,0.5092,-0.0422,0.8477,0.5288,-0.0429,0.0898,0.3299,Dark,
21.2744,6.4378,8.0763,0.0000,0.0000,0.0339,0.8395,0.5423,-0.1452,0.8376,0.5266,-0.0547,0.8355,0.5467,-0.0432,0.0890,0.3314,Dark,
21.2853,6.5360,8.1469,0.0000,0.0000,0.0166,0.8175,0.5757,-0.1681,0.8128,0.5578,-0.0750,0.8116,0.5794,-0.0436,0.0884,0.3333,Dark,
21.2965,6.5704,8.2051,0.0000,0.0000,0.0104,0.7981,0.6024,-0.1789,0.7923,0.5833,-0.0836,0.7912,0.6058,-0.0440,0.0875,0.3352,Dark,
21.3077,6.6278,8.2509,0.0000,0.0000,0.0010,0.7682,0.6402,-0.1933,0.7610,0.6193,-0.0955,0.7599,0.6429,-0.0444,0.0867,0.3371,Dark,
21.3187,6.7194,8.3741,0.0000,0.0000,-0.0022,0.7268,0.6869,-0.2078,0.7185,0.6637,-0.1044,0.7170,0.6892,-0.0448,0.0859,0.3394,Dark,
21.3300,6.7562,8.4157,0.0000,0.0000,0.0014,0.6998,0.7143,-0.2100,0.6919,0.6907,-0.1036,0.6896,0.7167,-0.0453,0.0850,0.3416,Dark,
21.3412,6.8241,8.4902,0.0000,0.0000,0.0151,0.6642,0.7474,-0.2085,0.6576,0.7239,-0.0958,0.6538,0.7506,-0.0456,0.0839,0.3438,Dark,
21.3521,6.8312,8.5237,0.0000,0.0000,0.0179,0.6481,0.7613,-0.2116,0.6415,0.7373,-0.0958,0.6373,0.7646,-0.0461,0.0829,0.3462,Dark,
21.3637,6.8342,8.5531,0.0000,0.0000,0.0225,0.6304,0.7760,-0.2120,0.6242,0.7520,-0.0936,0.6193,0.7795,-0.0465,0.0816,0.3486,Dark,
21.3745,6.8523,8.5894,0.0000,0.0000,0.0351,0.6005,0.7989,-0.2094,0.5954,0.7757,-0.0858,0.5892,0.8034,-0.0470,0.0804,0.3511,Dark,
21.3856,6.8843,8.5974,0.0000,0.0000,0.0440,0.5725,0.8187,-0.2063,0.5682,0.7966,-0.0794,0.5610,0.8240,-0.0474,0.0791,0.3537,Dark,
21.3969,6.9113,8.6227,0.0000,0.0000,0.0571,0.5428,0.8379,-0.1973,0.5401,0.8182,-0.0680,0.5314,0.8444,-0.0478,0.0777,0.3563,Dark,
21.4080,6.9387,8.6580,0.0000,0.0000,0.0630,0.5071,0.8596,-0.1999,0.5044,0.8400,-0.0661,0.4949,0.8664,-0.0483,0.0763,0.3589,Dark,
21.4194,6.9393,8.6967,0.0000,0.0000,0.0708,0.4749,0.8772,-0.1955,0.4727,0.8593,-0.0597,0.4622,0.8847,-0.0488,0.0749,0.3616,Dark,
21.4308,6.9397,8.7270,0.0000,0.0000,0.0822,0.4456,0.8915,-0.1886,0.4442,0.8758,-0.0501,0.4327,0.9001,-0.0493,0.0734,0.3644,Dark,
21.4413,6.9505,8.7035,0.0000,0.0000,0.1018,0.4249,0.8995,-0.1746,0.4252,0.8881,-0.0327,0.4123,0.9105,-0.0497,0.0717,0.3670,Dark,
21.4524,6.9629,8.6815,0.0000,0.0000,0.1039,0.3919,0.9141,-0.1743,0.3917,0.9034,-0.0313,0.3784,0.9251,-0.0502,0.0701,0.3697,Dark,
21.4637,6.9728,8.6619,0.0000,0.0000,0.1094,0.3689,0.9230,-0.1721,0.3685,0.9135,-0.0272,0.3548,0.9345,-0.0507,0.0684,0.3725,Dark,
21.4749,6.9963,8.6139,0.0000,0.0000,0.1172,0.3460,0.9309,-0.1686,0.3457,0.9231,-0.0212,0.3314,0.9433,-0.0511,0.0664,0.3752,Dark,
21.4860,7.0083,8.6119,0.0000,0.0000,0.1137,0.3315,0.9366,-0.1743,0.3303,0.9277,-0.0257,0.3161,0.9484,-0.0516,0.0646,0.3780,Dark,
21.4974,6.9957,8.6137,0.0000,0.0000,0.1116,0.3129,0.9432,-0.1779,0.3107,0.9337,-0.0285,0.2966,0.9546,-0.0522,0.0628,0.3806,Dark,
21.5086,6.9615,8.6015,0.0000,0.0000,0.1084,0.2952,0.9493,-0.1836,0.2921,0.9386,-0.0329,0.2780,0.9600,-0.0526,0.0607,0.3832,Dark,
21.5195,6.9419,8.6027,0.0000,0.0000,0.1042,0.2788,0.9547,-0.1888,0.2750,0.9427,-0.0376,0.2610,0.9646,-0.0532,0.0588,0.3857,Dark,
21.5305,6.8948,8.6033,0.0000,0.0000,0.0977,0.2661,0.9590,-0.1958,0.2617,0.9451,-0.0444,0.2478,0.9678,-0.0537,0.0569,0.3882,Dark,
21.5418,6.8254,8.5708,0.0000,0.0000,0.0922,0.2629,0.9604,-0.2007,0.2583,0.9450,-0.0497,0.2444,0.9684,-0.0542,0.0547,0.3906,Dark,
21.5527,6.8012,8.5413,0.0000,0.0000,0.0858,0.2551,0.9631,-0.2062,0.2503,0.9460,-0.0558,0.2364,0.9701,-0.0547,0.0528,0.3930,Dark,
21.5639,6.7655,8.5171,0.0000,0.0000,0.0741,0.2538,0.9644,-0.2156,0.2485,0.9443,-0.0666,0.2349,0.9697,-0.0553,0.0510,0.3953,Dark,
21.5754,6.7192,8.4531,0.0000,0.0000,0.0633,0.2593,0.9637,-0.2211,0.2540,0.9416,-0.0750,0.2407,0.9677,-0.0558,0.0488,0.3975,Dark,
21.5863,6.7040,8.4487,0.0000,0.0000,0.0555,0.2544,0.9655,-0.2262,0.2490,0.9417,-0.0815,0.2357,0.9684,-0.0564,0.0471,0.3997,Dark,
21.5973,6.6726,8.4422,0.0000,0.0000,0.0432,0.2491,0.9675,-0.2324,0.2434,0.9417,-0.0911,0.2305,0.9688,-0.0571,0.0452,0.4020,Dark,
21.6084,6.7081,8.4385,0.0000,0.0000,0.0304,0.2329,0.9720,-0.2418,0.2267,0.9435,-0.1024,0.2140,0.9714,-0.0576,0.0431,0.4041,Dark,
21.6196,6.7386,8.4396,0.0000,0.0000,0.0196,0.2160,0.9762,-0.2516,0.2091,0.9450,-0.1129,0.1965,0.9740,-0.0582,0.0413,0.4062,Dark,
21.6308,6.8064,8.4644,0.0000,0.0000,0.0038,0.1877,0.9822,-0.2663,0.1798,0.9470,-0.1285,0.1675,0.9775,-0.0587,0.0394,0.4083,Dark,
21.6419,6.8165,8.4861,0.0000,0.0000,-0.0039,0.1651,0.9863,-0.2737,0.1569,0.9489,-0.1361,0.1444,0.9801,-0.0592,0.0374,0.4103,Dark,
21.6530,6.8195,8.4780,0.0000,0.0000,-0.0098,0.1436,0.9896,-0.2808,0.1350,0.9502,-0.1426,0.1224,0.9822,-0.0598,0.0353,0.4123,Dark,
21.6642,6.7606,8.4357,0.0000,0.0000,-0.0146,0.1222,0.9924,-0.2874,0.1132,0.9511,-0.1483,0.1004,0.9838,-0.0603,0.0334,0.4143,Dark,
21.6755,6.7460,8.4060,0.0000,0.0000,-0.0157,0.1042,0.9944,-0.2896,0.0951,0.9524,-0.1499,0.0821,0.9853,-0.0608,0.0314,0.4163,Dark,
21.6864,6.7367,8.3845,0.0000,0.0000,-0.0184,0.0879,0.9960,-0.2932,0.0786,0.9528,-0.1530,0.0655,0.9860,-0.0613,0.0292,0.4181,Dark,
21.6980,6.7195,8.3762,0.0000,0.0000,-0.0165,0.0722,0.9973,-0.2936,0.0628,0.9539,-0.1521,0.0494,0.9871,-0.0618,0.0270,0.4200,Dark,
21.7087,6.7258,8.3832,0.0000,0.0000,-0.0153,0.0546,0.9984,-0.2935,0.0451,0.9549,-0.1514,0.0315,0.9880,-0.0622,0.0247,0.4218,Dark,
21.7199,6.7423,8.3854,0.0000,0.0000,-0.0060,0.0278,0.9996,-0.2847,0.0181,0.9584,-0.1420,0.0043,0.9899,-0.0627,0.0224,0.4235,Dark,
21.7312,6.7523,8.3988,0.0000,0.0000,-0.0028,0.0021,1.0000,-0.2815,-0.0079,0.9595,-0.1385,-0.0218,0.9901,-0.0631,0.0200,0.4251,Dark,
21.7423,6.7672,8.4090,0.0000,0.0000,-0.0009,-0.0198,0.9998,-0.2806,-0.0299,0.9594,-0.1370,-0.0440,0.9896,-0.0635,0.0174,0.4265,Dark,
21.7533,6.7782,8.4270,0.0000,0.0000,-0.0005,-0.0402,0.9992,-0.2808,-0.0504,0.9584,-0.1368,-0.0647,0.9885,-0.0638,0.0149,0.4280,Dark,
21.7646,6.7703,8.4320,0.0000,0.0000,0.0004,-0.0573,0.9984,-0.2814,-0.0676,0.9572,-0.1365,-0.0821,0.9872,-0.0642,0.0126,0.4293,Dark,
21.7766,6.7422,8.4215,0.0000,0.0000,-0.0026,-0.0714,0.9974,-0.2845,-0.0814,0.9552,-0.1397,-0.0962,0.9855,-0.0646,0.0102,0.4306,Dark,
21.7866,6.7185,8.3846,0.0000,0.0000,-0.0046,-0.0871,0.9962,-0.2866,-0.0968,0.9531,-0.1417,-0.1119,0.9836,-0.0649,0.0080,0.4318,Dark,
21.7978,6.6543,8.3093,0.0000,0.0000,-0.0048,-0.0841,0.9964,-0.2873,-0.0934,0.9533,-0.1421,-0.1088,0.9839,-0.0652,0.0060,0.4330,Dark,
21.8090,6.6350,8.2761,0.0000,0.0000,-0.0020,-0.1125,0.9936,-0.2842,-0.1220,0.9510,-0.1390,-0.1375,0.9807,-0.0656,0.0039,0.4342,Dark,
21.8203,6.6230,8.2241,0.0000,0.0000,0.0003,-0.0956,0.9954,-0.2813,-0.1046,0.9539,-0.1364,-0.1202,0.9833,-0.0658,0.0018,0.4355,Dark,
21.8317,6.6233,8.2380,0.0000,0.0000,-0.0008,-0.1103,0.9939,-0.2818,-0.1192,0.9520,-0.1372,-0.1348,0.9813,-0.0661,-0.0003,0.4366,Dark,
21.8427,6.6526,8.2523,0.0000,0.0000,-0.0002,-0.1289,0.9917,-0.2805,-0.1379,0.9499,-0.1362,-0.1536,0.9787,-0.0663,-0.0024,0.4377,Dark,
21.8536,6.6836,8.2865,0.0000,0.0000,-0.0003,-0.1607,0.9870,-0.2784,-0.1701,0.9453,-0.1351,-0.1857,0.9733,-0.0664,-0.0045,0.4388,Dark,
21.8648,6.6873,8.2982,0.0000,0.0000,0.0030,-0.1593,0.9872,-0.2744,-0.1686,0.9467,-0.1313,-0.1841,0.9741,-0.0665,-0.0066,0.4398,Dark,
21.8762,6.6883,8.3162,0.0000,0.0000,0.0038,-0.1820,0.9833,-0.2740,-0.1915,0.9425,-0.1307,-0.2071,0.9695,-0.0666,-0.0088,0.4408,Dark,
21.8868,6.7142,8.3541,0.0000,0.0000,-0.0005,-0.2165,0.9763,-0.2786,-0.2260,0.9334,-0.1353,-0.2419,0.9608,-0.0666,-0.0109,0.4417,Dark,
21.8981,6.7364,8.3753,0.0000,0.0000,-0.0015,-0.2396,0.9709,-0.2801,-0.2491,0.9271,-0.1366,-0.2651,0.9545,-0.0667,-0.0129,0.4426,Dark,
21.9097,6.7557,8.3904,0.0000,0.0000,-0.0022,-0.2619,0.9651,-0.2821,-0.2714,0.9202,-0.1379,-0.2876,0.9478,-0.0667,-0.0150,0.4436,Dark,
21.9205,6.7578,8.4082,0.0000,0.0000,-0.0017,-0.2799,0.9600,-0.2850,-0.2896,0.9137,-0.1391,-0.3061,0.9418,-0.0668,-0.0168,0.4444,Dark,
21.9315,6.7565,8.4125,0.0000,0.0000,-0.0014,-0.2955,0.9553,-0.2863,-0.3054,0.9082,-0.1395,-0.3220,0.9364,-0.0669,-0.0184,0.4452,Dark,
21.9426,6.7547,8.3917,0.0000,0.0000,-0.0005,-0.3080,0.9514,-0.2878,-0.3181,0.9033,-0.1398,-0.3349,0.9318,-0.0671,-0.0201,0.4462,Dark,
21.9537,6.7111,8.3151,0.0000,0.0000,-0.0004,-0.3203,0.9473,-0.2927,-0.3304,0.8973,-0.1422,-0.3477,0.9268,-0.0672,-0.0217,0.4470,Dark,
21.9649,6.6844,8.2880,0.0000,0.0000,-0.0012,-0.3292,0.9443,-0.2950,-0.3393,0.8932,-0.1437,-0.3567,0.9231,-0.0673,-0.0232,0.4477,Dark,
21.9761,6.6631,8.2633,0.0000,0.0000,-0.0022,-0.3336,0.9427,-0.2980,-0.3435,0.8906,-0.1458,-0.3612,0.9210,-0.0675,-0.0248,0.4486,Dark,
21.9873,6.6358,8.2272,0.0000,0.0000,-0.0041,-0.3364,0.9417,-0.3032,-0.3460,0.8879,-0.1494,-0.3643,0.9192,-0.0676,-0.0261,0.4493,Dark,
21.9983,6.6229,8.2144,0.0000,0.0000,-0.0047,-0.3358,0.9419,-0.3049,-0.3453,0.8876,-0.1506,-0.3637,0.9192,-0.0678,-0.0273,0.4499,Dark,
22.0094,6.6137,8.1822,0.0000,0.0000,-0.0055,-0.3369,0.9415,-0.3069,-0.3463,0.8865,-0.1520,-0.3649,0.9186,-0.0680,-0.0284,0.4507,Dark,
22.0205,6.5565,8.1342,0.0000,0.0000,-0.0080,-0.3326,0.9430,-0.3104,-0.3417,0.8871,-0.1551,-0.3606,0.9197,-0.0682,-0.0292,0.4513,Dark,
22.0318,6.5268,8.1183,0.0000,0.0000,-0.0097,-0.3320,0.9432,-0.3115,-0.3412,0.8869,-0.1566,-0.3599,0.9197,-0.0684,-0.0299,0.4519,Dark,
22.0428,6.5043,8.0984,0.0000,0.0000,-0.0111,-0.3305,0.9437,-0.3128,-0.3398,0.8869,-0.1579,-0.3585,0.9201,-0.0686,-0.0305,0.4528,Dark,
22.0539,6.4489,8.0868,0.0000,0.0000,-0.0159,-0.3249,0.9456,-0.3156,-0.3341,0.8882,-0.1619,-0.3527,0.9216,-0.0688,-0.0310,0.4534,Dark,
22.0651,6.4332,8.0896,0.0000,0.0000,-0.0183,-0.3217,0.9467,-0.3164,-0.3309,0.8890,-0.1635,-0.3493,0.9226,-0.0690,-0.0313,0.4540,Dark,
22.0763,6.4222,8.0683,0.0000,0.0000,-0.0206,-0.3183,0.9478,-0.3172,-0.3276,0.8900,-0.1651,-0.3458,0.9237,-0.0692,-0.0316,0.4548,Dark,
22.0875,6.3866,8.0287,0.0000,0.0000,-0.0252,-0.3121,0.9497,-0.3191,-0.3214,0.8916,-0.1685,-0.3394,0.9254,-0.0694,-0.0318,0.4554,Dark,
22.0986,6.3846,8.0103,0.0000,0.0000,-0.0267,-0.3095,0.9505,-0.3195,-0.3190,0.8923,-0.1695,-0.3368,0.9262,-0.0696,-0.0320,0.4558,Dark,
22.1098,6.3839,8.0051,0.0000,0.0000,-0.0279,-0.3081,0.9509,-0.3197,-0.3177,0.8927,-0.1702,-0.3353,0.9266,-0.0698,-0.0323,0.4564,Dark,
22.1210,6.3813,7.9904,0.0000,0.0000,-0.0313,-0.3043,0.9521,-0.3209,-0.3138,0.8936,-0.1726,-0.3313,0.9276,-0.0700,-0.0325,0.4567,Dark,
22.1320,6.3950,7.9795,0.0000,0.0000,-0.0329,-0.3036,0.9522,-0.3217,-0.3131,0.8936,-0.1738,-0.3305,0.9277,-0.0702,-0.0328,0.4570,Dark,
22.1435,6.4099,8.0026,0.0000,0.0000,-0.0354,-0.3013,0.9529,-0.3225,-0.3107,0.8941,-0.1755,-0.3280,0.9282,-0.0705,-0.0330,0.4574,Dark,
22.1543,6.4129,8.0143,0.0000,0.0000,-0.0375,-0.2997,0.9533,-0.3238,-0.3090,0.8942,-0.1772,-0.3263,0.9285,-0.0707,-0.0331,0.4576,Dark,
22.1655,6.4102,8.0247,0.0000,0.0000,-0.0394,-0.2985,0.9536,-0.3249,-0.3078,0.8943,-0.1788,-0.3251,0.9286,-0.0709,-0.0333,0.4578,Dark,
22.1765,6.4067,8.0255,0.0000,0.0000,-0.0410,-0.2975,0.9538,-0.3258,-0.3067,0.8943,-0.1801,-0.3239,0.9288,-0.0712,-0.0334,0.4582,Dark,
22.1878,6.3905,8.0254,0.0000,0.0000,-0.0441,-0.2949,0.9545,-0.3275,-0.3040,0.8946,-0.1825,-0.3212,0.9293,-0.0714,-0.0335,0.4583,Dark,
22.1994,6.3781,8.0270,0.0000,0.0000,-0.0460,-0.2931,0.9550,-0.3286,-0.3021,0.8948,-0.1841,-0.3192,0.9296,-0.0716,-0.0337,0.4585,Dark,
22.2101,6.3686,8.0197,0.0000,0.0000,-0.0478,-0.2908,0.9556,-0.3297,-0.2997,0.8953,-0.1855,-0.3168,0.9302,-0.0717,-0.0337,0.4589,Dark,
22.2213,6.3730,8.0006,0.0000,0.0000,-0.0506,-0.2866,0.9567,-0.3311,-0.2955,0.8961,-0.1877,-0.3125,0.9312,-0.0719,-0.0335,0.4591,Dark,
22.2324,6.3794,7.9889,0.0000,0.0000,-0.0521,-0.2835,0.9575,-0.3321,-0.2924,0.8968,-0.1890,-0.3094,0.9320,-0.0720,-0.0334,0.4592,Dark,
22.2435,6.3851,7.9815,0.0000,0.0000,-0.0534,-0.2799,0.9586,-0.3327,-0.2888,0.8977,-0.1900,-0.3057,0.9330,-0.0723,-0.0332,0.4597,Dark,
22.2551,6.3837,7.9703,0.0000,0.0000,-0.0557,-0.2757,0.9596,-0.3338,-0.2846,0.8987,-0.1918,-0.3013,0.9340,-0.0725,-0.0330,0.4598,Dark,
22.2660,6.4030,7.9658,0.0000,0.0000,-0.0573,-0.2725,0.9605,-0.3348,-0.2814,0.8993,-0.1931,-0.2981,0.9348,-0.0726,-0.0328,0.4598,Dark,
22.2770,6.4190,7.9803,0.0000,0.0000,-0.0585,-0.2699,0.9611,-0.3354,-0.2789,0.8998,-0.1940,-0.2955,0.9354,-0.0728,-0.0326,0.4600,Dark,
22.2882,6.4129,8.0048,0.0000,0.0000,-0.0608,-0.2669,0.9618,-0.3367,-0.2759,0.9003,-0.1959,-0.2924,0.9360,-0.0729,-0.0324,0.4600,Dark,
22.2994,6.4141,8.0147,0.0000,0.0000,-0.0623,-0.2652,0.9622,-0.3377,-0.2741,0.9005,-0.1972,-0.2906,0.9363,-0.0730,-0.0323,0.4602,Dark,
22.3105,6.4135,8.0215,0.0000,0.0000,-0.0636,-0.2631,0.9627,-0.3386,-0.2719,0.9008,-0.1983,-0.2884,0.9367,-0.0731,-0.0321,0.4602,Dark,
22.3213,6.4168,8.0378,0.0000,0.0000,-0.0663,-0.2606,0.9632,-0.3407,-0.2692,0.9008,-0.2008,-0.2858,0.9370,-0.0731,-0.0319,0.4601,Dark,
22.3324,6.4149,8.0481,0.0000,0.0000,-0.0676,-0.2579,0.9638,-0.3417,-0.2665,0.9012,-0.2020,-0.2830,0.9376,-0.0733,-0.0316,0.4602,Dark,
22.3436,6.4127,8.0555,0.0000,0.0000,-0.0686,-0.2552,0.9644,-0.3425,-0.2639,0.9017,-0.2029,-0.2803,0.9382,-0.0734,-0.0314,0.4602,Dark,
22.3554,6.3957,8.0608,0.0000,0.0000,-0.0704,-0.2521,0.9651,-0.3437,-0.2608,0.9021,-0.2045,-0.2772,0.9388,-0.0734,-0.0311,0.4601,Dark,
22.3661,6.4010,8.0592,0.0000,0.0000,-0.0711,-0.2496,0.9657,-0.3441,-0.2584,0.9027,-0.2050,-0.2747,0.9394,-0.0734,-0.0309,0.4601,Dark,
22.3772,6.4065,8.0583,0.0000,0.0000,-0.0712,-0.2473,0.9663,-0.3439,-0.2562,0.9034,-0.2050,-0.2724,0.9401,-0.0734,-0.0307,0.4602,Dark,
22.3882,6.4113,8.0652,0.0000,0.0000,-0.0725,-0.2447,0.9669,-0.3446,-0.2536,0.9039,-0.2061,-0.2697,0.9406,-0.0734,-0.0305,0.4601,Dark,
22.3993,6.4242,8.0717,0.0000,0.0000,-0.0730,-0.2426,0.9674,-0.3448,-0.2515,0.9044,-0.2064,-0.2676,0.9412,-0.0734,-0.0303,0.4600,Dark,
22.4103,6.4338,8.0704,0.0000,0.0000,-0.0728,-0.2409,0.9678,-0.3444,-0.2499,0.9050,-0.2061,-0.2660,0.9417,-0.0733,-0.0300,0.4600,Dark,
22.4216,6.4462,8.0739,0.0000,0.0000,-0.0736,-0.2388,0.9683,-0.3447,-0.2478,0.9054,-0.2067,-0.2638,0.9422,-0.0733,-0.0298,0.4599,Dark,
22.4326,6.4436,8.0778,0.0000,0.0000,-0.0737,-0.2366,0.9688,-0.3447,-0.2457,0.9060,-0.2068,-0.2616,0.9427,-0.0732,-0.0296,0.4597,Dark,
22.4438,6.4403,8.0878,0.0000,0.0000,-0.0739,-0.2343,0.9694,-0.3446,-0.2435,0.9066,-0.2069,-0.2594,0.9434,-0.0732,-0.0293,0.4598,Dark,
22.4552,6.4413,8.1010,0.0000,0.0000,-0.0745,-0.2319,0.9699,-0.3451,-0.2412,0.9071,-0.2074,-0.2570,0.9439,-0.0731,-0.0290,0.4597,Dark,
22.4665,6.4605,8.1035,0.0000,0.0000,-0.0745,-0.2298,0.9704,-0.3450,-0.2392,0.9076,-0.2074,-0.2549,0.9445,-0.0730,-0.0288,0.4596,Dark,
22.4775,6.4770,8.1095,0.0000,0.0000,-0.0733,-0.2283,0.9708,-0.3435,-0.2379,0.9085,-0.2060,-0.2535,0.9451,-0.0730,-0.0285,0.4596,Dark,
22.4885,6.5717,8.1409,0.0000,0.0000,-0.0548,-0.2377,0.9698,-0.3254,-0.2485,0.9123,-0.1872,-0.2635,0.9463,-0.0729,-0.0282,0.4595,Dark,
22.4997,6.5920,8.1635,0.0000,0.0000,-0.0465,-0.2433,0.9688,-0.3181,-0.2548,0.9132,-0.1791,-0.2694,0.9462,-0.0728,-0.0280,0.4593,Dark,
22.5106,6.6048,8.1883,0.0000,0.0000,-0.0360,-0.2521,0.9670,-0.3072,-0.2643,0.9142,-0.1681,-0.2785,0.9456,-0.0727,-0.0277,0.4594,Dark,
22.5217,6.6413,8.2127,0.0000,0.0000,-0.0214,-0.2632,0.9645,-0.2939,-0.2765,0.9150,-0.1537,-0.2903,0.9445,-0.0727,-0.0275,0.4592,Dark,
22.5329,6.6400,8.2144,0.0000,0.0000,-0.0174,-0.2659,0.9639,-0.2907,-0.2796,0.9151,-0.1500,-0.2932,0.9442,-0.0726,-0.0273,0.4591,Dark,
22.5442,6.6392,8.2155,0.0000,0.0000,-0.0134,-0.2671,0.9636,-0.2874,-0.2812,0.9156,-0.1463,-0.2947,0.9443,-0.0725,-0.0270,0.4591,Dark,
22.5552,6.6584,8.2186,0.0000,0.0000,-0.0097,-0.2673,0.9636,-0.2849,-0.2817,0.9162,-0.1431,-0.2951,0.9447,-0.0724,-0.0268,0.4590,Dark,
22.5664,6.6600,8.2212,0.0000,0.0000,-0.0083,-0.2667,0.9637,-0.2842,-0.2813,0.9166,-0.1420,-0.2947,0.9450,-0.0723,-0.0266,0.4589,Dark,
22.5774,6.6616,8.2248,0.0000,0.0000,-0.0070,-0.2661,0.9639,-0.2835,-0.2807,0.9170,-0.1410,-0.2941,0.9453,-0.0723,-0.0264,0.4589,Dark,
22.5886,6.6738,8.2316,0.0000,0.0000,-0.0057,-0.2653,0.9642,-0.2833,-0.2800,0.9173,-0.1402,-0.2934,0.9457,-0.0722,-0.0263,0.4588,Dark,
22.5999,6.6772,8.2349,0.0000,0.0000,-0.0049,-0.2646,0.9643,-0.2829,-0.2793,0.9176,-0.1396,-0.2928,0.9459,-0.0721,-0.0262,0.4587,Dark,
22.6112,6.6801,8.2421,0.0000,0.0000,-0.0041,-0.2639,0.9646,-0.2826,-0.2786,0.9179,-0.1390,-0.2921,0.9462,-0.0720,-0.0260,0.4587,Dark,
22.6220,6.6913,8.2574,0.0000,0.0000,-0.0050,-0.2614,0.9652,-0.2844,-0.2761,0.9181,-0.1404,-0.2897,0.9468,-0.0718,-0.0258,0.4587,Dark,
22.6332,6.7026,8.2648,0.0000,0.0000,-0.0051,-0.2600,0.9656,-0.2847,-0.2746,0.9184,-0.1406,-0.2883,0.9472,-0.0717,-0.0257,0.4587,Dark,
22.6444,6.7118,8.2658,0.0000,0.0000,-0.0051,-0.2589,0.9659,-0.2851,-0.2735,0.9187,-0.1408,-0.2871,0.9475,-0.0716,-0.0255,0.4587,Dark,
22.6555,6.7123,8.2678,0.0000,0.0000,-0.0057,-0.2574,0.9663,-0.2864,-0.2719,0.9187,-0.1418,-0.2857,0.9478,-0.0715,-0.0254,0.4586,Dark,
22.6666,6.7137,8.2690,0.0000,0.0000,-0.0058,-0.2563,0.9666,-0.2867,-0.2709,0.9189,-0.1420,-0.2847,0.9481,-0.0714,-0.0252,0.4586,Dark,
22.6776,6.7143,8.2699,0.0000,0.0000,-0.0055,-0.2554,0.9668,-0.2868,-0.2699,0.9192,-0.1419,-0.2837,0.9484,-0.0713,-0.0251,0.4586,Dark,
22.6892,6.6860,8.2646,0.0000,0.0000,-0.0054,-0.2549,0.9670,-0.2873,-0.2693,0.9192,-0.1421,-0.2832,0.9485,-0.0712,-0.0249,0.4586,Dark,
22.7001,6.6882,8.2590,0.0000,0.0000,-0.0054,-0.2541,0.9672,-0.2875,-0.2686,0.9193,-0.1422,-0.2825,0.9487,-0.0711,-0.0248,0.4585,Dark,
22.7110,6.6906,8.2607,0.0000,0.0000,-0.0054,-0.2535,0.9673,-0.2877,-0.2679,0.9195,-0.1423,-0.2818,0.9488,-0.0710,-0.0247,0.4585,Dark,
22.7226,6.7034,8.2651,0.0000,0.0000,-0.0059,-0.2529,0.9675,-0.2887,-0.2672,0.9194,-0.1431,-0.2812,0.9489,-0.0709,-0.0245,0.4585,Dark,
22.7335,6.7112,8.2677,0.0000,0.0000,-0.0062,-0.2520,0.9677,-0.2893,-0.2662,0.9195,-0.1436,-0.2803,0.9491,-0.0707,-0.0244,0.4585,Dark,
22.7448,6.7161,8.2647,0.0000,0.0000,-0.0072,-0.2513,0.9679,-0.2904,-0.2652,0.9194,-0.1446,-0.2795,0.9492,-0.0706,-0.0242,0.4585,Dark,
22.7558,6.6745,8.2645,0.0000,0.0000,-0.0089,-0.2512,0.9679,-0.2924,-0.2649,0.9189,-0.1465,-0.2793,0.9490,-0.0705,-0.0241,0.4585,Dark,
22.7669,6.6730,8.2673,0.0000,0.0000,-0.0098,-0.2507,0.9680,-0.2934,-0.2642,0.9187,-0.1475,-0.2787,0.9490,-0.0704,-0.0240,0.4585,Dark,
22.7781,6.6730,8.2632,0.0000,0.0000,-0.0110,-0.2505,0.9681,-0.2946,-0.2638,0.9185,-0.1488,-0.2784,0.9489,-0.0703,-0.0238,0.4585,Dark,
22.7890,6.6795,8.2572,0.0000,0.0000,-0.0133,-0.2509,0.9679,-0.2968,-0.2639,0.9177,-0.1511,-0.2787,0.9484,-0.0702,-0.0237,0.4584,Dark,
22.8004,6.6808,8.2544,0.0000,0.0000,-0.0143,-0.2508,0.9679,-0.2978,-0.2636,0.9175,-0.1522,-0.2785,0.9483,-0.0701,-0.0236,0.4584,Dark,
22.8114,6.6801,8.2572,0.0000,0.0000,-0.0152,-0.2504,0.9680,-0.2986,-0.2631,0.9174,-0.1531,-0.2780,0.9483,-0.0700,-0.0235,0.4584,Dark,
22.8224,6.6553,8.2633,0.0000,0.0000,-0.0168,-0.2499,0.9681,-0.3000,-0.2624,0.9172,-0.1546,-0.2774,0.9482,-0.0699,-0.0233,0.4584,Dark,
22.8338,6.6556,8.2656,0.0000,0.0000,-0.0176,-0.2484,0.9685,-0.3006,-0.2607,0.9174,-0.1553,-0.2758,0.9486,-0.0699,-0.0230,0.4584,Dark,
22.8447,6.6633,8.2678,0.0000,0.0000,-0.0190,-0.2470,0.9688,-0.3017,-0.2592,0.9175,-0.1566,-0.2743,0.9488,-0.0698,-0.0228,0.4584,Dark,
22.8559,6.6693,8.2690,0.0000,0.0000,-0.0198,-0.2451,0.9693,-0.3023,-0.2572,0.9179,-0.1573,-0.2723,0.9493,-0.0698,-0.0226,0.4584,Dark,
22.8672,6.6750,8.2701,0.0000,0.0000,-0.0211,-0.2440,0.9695,-0.3034,-0.2561,0.9178,-0.1586,-0.2713,0.9494,-0.0697,-0.0223,0.4584,Dark,
22.8781,6.6732,8.2720,0.0000,0.0000,-0.0222,-0.2425,0.9699,-0.3042,-0.2544,0.9180,-0.1596,-0.2696,0.9497,-0.0697,-0.0221,0.4584,Dark,
22.8892,6.6697,8.2728,0.0000,0.0000,-0.0226,-0.2408,0.9703,-0.3044,-0.2527,0.9184,-0.1599,-0.2679,0.9501,-0.0696,-0.0218,0.4585,Dark,
22.9004,6.6664,8.2721,0.0000,0.0000,-0.0228,-0.2389,0.9708,-0.3045,-0.2507,0.9189,-0.1600,-0.2659,0.9506,-0.0695,-0.0216,0.4584,Dark,
22.9119,6.6522,8.2664,0.0000,0.0000,-0.0226,-0.2370,0.9713,-0.3039,-0.2487,0.9197,-0.1596,-0.2639,0.9513,-0.0695,-0.0213,0.4584,Dark,
22.9229,6.6605,8.2624,0.0000,0.0000,-0.0228,-0.2354,0.9716,-0.3040,-0.2470,0.9201,-0.1598,-0.2622,0.9517,-0.0695,-0.0211,0.4584,Dark,
22.9341,6.6679,8.2624,0.0000,0.0000,-0.0224,-0.2339,0.9720,-0.3033,-0.2454,0.9207,-0.1592,-0.2607,0.9522,-0.0694,-0.0208,0.4584,Dark,
22.9451,6.6447,8.2639,0.0000,0.0000,-0.0219,-0.2327,0.9723,-0.3024,-0.2441,0.9214,-0.1585,-0.2594,0.9527,-0.0694,-0.0206,0.4584,Dark,
22.9561,6.6373,8.2652,0.0000,0.0000,-0.0216,-0.2317,0.9725,-0.3018,-0.2431,0.9218,-0.1581,-0.2584,0.9530,-0.0694,-0.0205,0.4584,Dark,
22.9677,6.6309,8.2705,0.0000,0.0000,-0.0211,-0.2311,0.9727,-0.3012,-0.2425,0.9222,-0.1576,-0.2577,0.9533,-0.0694,-0.0204,0.4584,Dark,
22.9785,6.6606,8.2825,0.0000,0.0000,-0.0204,-0.2306,0.9728,-0.3001,-0.2420,0.9227,-0.1566,-0.2572,0.9536,-0.0693,-0.0203,0.4583,Dark,
22.9898,6.6776,8.2887,0.0000,0.0000,-0.0200,-0.2301,0.9730,-0.2996,-0.2415,0.9230,-0.1562,-0.2567,0.9538,-0.0692,-0.0202,0.4583,Dark,
23.0015,6.6938,8.2803,0.0000,0.0000,-0.0186,-0.2294,0.9732,-0.2981,-0.2408,0.9237,-0.1547,-0.2559,0.9542,-0.0692,-0.0201,0.4582,Dark,
23.0122,6.6942,8.2812,0.0000,0.0000,-0.0177,-0.2288,0.9733,-0.2971,-0.2403,0.9241,-0.1537,-0.2554,0.9545,-0.0691,-0.0201,0.4581,Dark,
23.0230,6.6915,8.2818,0.0000,0.0000,-0.0169,-0.2283,0.9734,-0.2963,-0.2398,0.9245,-0.1529,-0.2549,0.9548,-0.0691,-0.0200,0.4581,Dark,
23.0342,6.6855,8.2856,0.0000,0.0000,-0.0155,-0.2276,0.9736,-0.2947,-0.2392,0.9252,-0.1514,-0.2542,0.9552,-0.0691,-0.0199,0.4580,Dark,
23.0452,6.6830,8.2845,0.0000,0.0000,-0.0146,-0.2274,0.9737,-0.2937,-0.2390,0.9255,-0.1504,-0.2540,0.9554,-0.0691,-0.0199,0.4579,Dark,
23.0563,6.6872,8.2830,0.0000,0.0000,-0.0137,-0.2283,0.9735,-0.2927,-0.2400,0.9256,-0.1495,-0.2549,0.9553,-0.0691,-0.0198,0.4579,Dark,
23.0681,6.7003,8.2849,0.0000,0.0000,-0.0099,-0.2364,0.9716,-0.2897,-0.2484,0.9243,-0.1459,-0.2632,0.9536,-0.0690,-0.0198,0.4578,Dark,
23.0785,6.7081,8.2932,0.0000,0.0000,-0.0080,-0.2386,0.9711,-0.2885,-0.2508,0.9240,-0.1444,-0.2656,0.9532,-0.0690,-0.0197,0.4578,Dark,
23.0896,6.7130,8.3004,0.0000,0.0000,-0.0071,-0.2401,0.9707,-0.2882,-0.2524,0.9237,-0.1437,-0.2672,0.9529,-0.0690,-0.0197,0.4578,Dark,
23.1011,6.7196,8.3266,0.0000,0.0000,-0.0059,-0.2438,0.9698,-0.2886,-0.2562,0.9225,-0.1433,-0.2711,0.9518,-0.0689,-0.0196,0.4577,Dark,
23.1131,6.7196,8.3266,0.0000,0.0000,-0.0056,-0.2434,0.9699,-0.2883,-0.2559,0.9227,-0.1430,-0.2707,0.9520,-0.0689,-0.0195,0.4577,Dark,
23.1230,6.7289,8.3303,0.0000,0.0000,-0.0055,-0.2441,0.9697,-0.2887,-0.2566,0.9224,-0.1431,-0.2715,0.9517,-0.0689,-0.0195,0.4577,Dark,
23.1347,6.7396,8.3436,0.0000,0.0000,-0.0059,-0.2446,0.9696,-0.2902,-0.2573,0.9218,-0.1441,-0.2722,0.9514,-0.0689,-0.0194,0.4577,Dark,
23.1455,6.7414,8.3358,0.0000,0.0000,-0.0062,-0.2442,0.9697,-0.2910,-0.2568,0.9216,-0.1446,-0.2718,0.9514,-0.0689,-0.0194,0.4576,Dark,
23.1568,6.7450,8.3291,0.0000,0.0000,-0.0064,-0.2447,0.9696,-0.2917,-0.2574,0.9212,-0.1451,-0.2724,0.9512,-0.0689,-0.0193,0.4576,Dark,
23.1678,6.7565,8.3240,0.0000,0.0000,-0.0080,-0.2440,0.9697,-0.2944,-0.2566,0.9206,-0.1473,-0.2717,0.9510,-0.0689,-0.0192,0.4576,Dark,
23.1790,6.7645,8.3216,0.0000,0.0000,-0.0076,-0.2433,0.9699,-0.2946,-0.2559,0.9207,-0.1472,-0.2711,0.9512,-0.0690,-0.0192,0.4576,Dark,
23.1901,6.7687,8.3151,0.0000,0.0000,-0.0073,-0.2428,0.9700,-0.2951,-0.2555,0.9207,-0.1473,-0.2707,0.9513,-0.0690,-0.0192,0.4576,Dark,
23.2012,6.7549,8.3101,0.0000,0.0000,-0.0080,-0.2430,0.9700,-0.2961,-0.2558,0.9203,-0.1482,-0.2710,0.9511,-0.0690,-0.0192,0.4576,Dark,
23.2126,6.7426,8.3057,0.0000,0.0000,-0.0081,-0.2438,0.9698,-0.2964,-0.2566,0.9200,-0.1483,-0.2718,0.9509,-0.0690,-0.0192,0.4576,Dark,
23.2236,6.7363,8.2973,0.0000,0.0000,-0.0090,-0.2431,0.9700,-0.2975,-0.2559,0.9198,-0.1494,-0.2712,0.9509,-0.0690,-0.0192,0.4577,Dark,
23.2346,6.7360,8.2967,0.0000,0.0000,-0.0092,-0.2434,0.9699,-0.2978,-0.2563,0.9196,-0.1496,-0.2715,0.9507,-0.0690,-0.0191,0.4576,Dark,
23.2458,6.7425,8.2972,0.0000,0.0000,-0.0097,-0.2433,0.9699,-0.2984,-0.2562,0.9194,-0.1502,-0.2714,0.9507,-0.0691,-0.0191,0.4577,Dark,
23.2569,6.7573,8.2908,0.0000,0.0000,-0.0107,-0.2433,0.9699,-0.2993,-0.2562,0.9191,-0.1512,-0.2714,0.9505,-0.0691,-0.0191,0.4577,Dark,
23.2682,6.7627,8.2965,0.0000,0.0000,-0.0112,-0.2432,0.9699,-0.2997,-0.2561,0.9190,-0.1516,-0.2713,0.9505,-0.0691,-0.0191,0.4577,Dark,
23.2793,6.7667,8.3010,0.0000,0.0000,-0.0117,-0.2431,0.9699,-0.3002,-0.2560,0.9189,-0.1521,-0.2712,0.9504,-0.0691,-0.0191,0.4577,Dark,
23.2903,6.7655,8.2913,0.0000,0.0000,-0.0124,-0.2428,0.9700,-0.3010,-0.2557,0.9187,-0.1529,-0.2709,0.9504,-0.0692,-0.0191,0.4578,Dark,
23.3017,6.7622,8.3019,0.0000,0.0000,-0.0128,-0.2426,0.9701,-0.3015,-0.2555,0.9186,-0.1534,-0.2707,0.9504,-0.0692,-0.0191,0.4577,Dark,
23.3128,6.7585,8.3103,0.0000,0.0000,-0.0131,-0.2423,0.9701,-0.3020,-0.2554,0.9185,-0.1538,-0.2705,0.9503,-0.0693,-0.0191,0.4578,Dark,
23.3238,6.7520,8.3179,0.0000,0.0000,-0.0131,-0.2419,0.9702,-0.3026,-0.2549,0.9184,-0.1541,-0.2701,0.9504,-0.0693,-0.0191,0.4578,Dark,
23.3352,6.7495,8.3275,0.0000,0.0000,-0.0130,-0.2416,0.9703,-0.3028,-0.2547,0.9184,-0.1541,-0.2699,0.9505,-0.0693,-0.0191,0.4578,Dark,
23.3463,6.7393,8.3341,0.0000,0.0000,-0.0129,-0.2415,0.9703,-0.3030,-0.2545,0.9184,-0.1542,-0.2698,0.9505,-0.0693,-0.0191,0.4578,Dark,
23.3571,6.7189,8.3404,0.0000,0.0000,-0.0129,-0.2411,0.9704,-0.3037,-0.2542,0.9182,-0.1545,-0.2694,0.9505,-0.0693,-0.0191,0.4579,Dark,
23.3683,6.7095,8.3354,0.0000,0.0000,-0.0129,-0.2408,0.9705,-0.3041,-0.2539,0.9182,-0.1547,-0.2693,0.9506,-0.0693,-0.0191,0.4578,Dark,
23.3795,6.7021,8.3306,0.0000,0.0000,-0.0130,-0.2405,0.9706,-0.3045,-0.2536,0.9181,-0.1550,-0.2690,0.9506,-0.0694,-0.0191,0.4579,Dark,
23.3908,6.7071,8.3201,0.0000,0.0000,-0.0133,-0.2401,0.9707,-0.3054,-0.2531,0.9179,-0.1556,-0.2686,0.9506,-0.0694,-0.0190,0.4579,Dark,
23.4019,6.7160,8.3165,0.0000,0.0000,-0.0136,-0.2395,0.9708,-0.3060,-0.2526,0.9179,-0.1560,-0.2680,0.9507,-0.0694,-0.0190,0.4580,Dark,
23.4131,6.7211,8.3142,0.0000,0.0000,-0.0138,-0.2389,0.9709,-0.3064,-0.2519,0.9180,-0.1564,-0.2674,0.9508,-0.0693,-0.0189,0.4579,Dark,
23.4239,6.7235,8.3085,0.0000,0.0000,-0.0137,-0.2382,0.9711,-0.3068,-0.2512,0.9180,-0.1565,-0.2667,0.9510,-0.0693,-0.0189,0.4580,Dark,
23.4352,6.7211,8.3165,0.0000,0.0000,-0.0136,-0.2377,0.9713,-0.3070,-0.2506,0.9181,-0.1565,-0.2662,0.9511,-0.0693,-0.0189,0.4580,Dark,
23.4462,6.7302,8.3234,0.0000,0.0000,-0.0137,-0.2370,0.9714,-0.3073,-0.2499,0.9182,-0.1568,-0.2656,0.9513,-0.0693,-0.0188,0.4580,Dark,
23.4572,6.7336,8.3177,0.0000,0.0000,-0.0135,-0.2358,0.9717,-0.3074,-0.2486,0.9185,-0.1568,-0.2643,0.9516,-0.0692,-0.0188,0.4580,Dark,
23.4685,6.7296,8.3000,0.0000,0.0000,-0.0132,-0.2348,0.9720,-0.3073,-0.2476,0.9188,-0.1566,-0.2633,0.9519,-0.0692,-0.0187,0.4579,Dark,
23.4798,6.7262,8.2846,0.0000,0.0000,-0.0128,-0.2338,0.9722,-0.3070,-0.2466,0.9192,-0.1562,-0.2623,0.9523,-0.0692,-0.0186,0.4579,Dark,
23.4910,6.7255,8.2558,0.0000,0.0000,-0.0117,-0.2324,0.9725,-0.3061,-0.2454,0.9198,-0.1552,-0.2610,0.9528,-0.0692,-0.0185,0.4580,Dark,
23.5019,6.7291,8.2668,0.0000,0.0000,-0.0114,-0.2315,0.9728,-0.3058,-0.2445,0.9201,-0.1549,-0.2601,0.9531,-0.0691,-0.0184,0.4578,Dark,
23.5131,6.7365,8.2779,0.0000,0.0000,-0.0109,-0.2309,0.9729,-0.3055,-0.2439,0.9204,-0.1545,-0.2595,0.9533,-0.0691,-0.0184,0.4579,Dark,
23.5242,6.7471,8.2830,0.0000,0.0000,-0.0098,-0.2298,0.9732,-0.3044,-0.2428,0.9211,-0.1533,-0.2584,0.9538,-0.0691,-0.0184,0.4579,Dark,
23.5357,6.7502,8.2941,0.0000,0.0000,-0.0093,-0.2291,0.9734,-0.3040,-0.2422,0.9214,-0.1528,-0.2578,0.9540,-0.0691,-0.0183,0.4578,Dark,
23.5472,6.7449,8.3020,0.0000,0.0000,-0.0084,-0.2279,0.9737,-0.3032,-0.2410,0.9220,-0.1520,-0.2565,0.9545,-0.0691,-0.0183,0.4578,Dark,
23.5579,6.7469,8.3027,0.0000,0.0000,-0.0083,-0.2269,0.9739,-0.3030,-0.2401,0.9222,-0.1518,-0.2556,0.9548,-0.0691,-0.0182,0.4578,Dark,
23.5690,6.7487,8.3031,0.0000,0.0000,-0.0080,-0.2259,0.9741,-0.3027,-0.2392,0.9226,-0.1515,-0.2546,0.9551,-0.0691,-0.0181,0.4577,Dark,
23.5803,6.7480,8.3077,0.0000,0.0000,-0.0073,-0.2245,0.9744,-0.3020,-0.2378,0.9232,-0.1507,-0.2532,0.9556,-0.0691,-0.0181,0.4577,Dark,
23.5915,6.7384,8.3124,0.0000,0.0000,-0.0072,-0.2239,0.9746,-0.3018,-0.2371,0.9234,-0.1506,-0.2526,0.9558,-0.0691,-0.0181,0.4577,Dark,
23.6022,6.7299,8.3141,0.0000,0.0000,-0.0068,-0.2232,0.9747,-0.3014,-0.2364,0.9237,-0.1502,-0.2518,0.9560,-0.0691,-0.0180,0.4577,Dark,
23.6133,6.7192,8.2999,0.0000,0.0000,-0.0060,-0.2230,0.9748,-0.3006,-0.2362,0.9240,-0.1494,-0.2516,0.9562,-0.0691,-0.0181,0.4576,Dark,
23.6245,6.7083,8.2866,0.0000,0.0000,-0.0059,-0.2229,0.9748,-0.3004,-0.2361,0.9241,-0.1492,-0.2515,0.9563,-0.0691,-0.0181,0.4576,Dark,
23.6357,6.7003,8.2968,0.0000,0.0000,-0.0055,-0.2224,0.9749,-0.3000,-0.2356,0.9244,-0.1488,-0.2510,0.9565,-0.0691,-0.0180,0.4575,Dark,
23.6467,6.7209,8.2959,0.0000,0.0000,-0.0049,-0.2215,0.9752,-0.2994,-0.2347,0.9248,-0.1482,-0.2501,0.9568,-0.0691,-0.0180,0.4574,Dark,
23.6581,6.7148,8.2876,0.0000,0.0000,-0.0050,-0.2212,0.9752,-0.2995,-0.2344,0.9248,-0.1483,-0.2498,0.9569,-0.0692,-0.0180,0.4574,Dark,
23.6690,6.7097,8.2428,0.0000,0.0000,-0.0047,-0.2211,0.9752,-0.2990,-0.2344,0.9250,-0.1479,-0.2498,0.9569,-0.0691,-0.0180,0.4573,Dark,
23.6802,6.6850,8.1716,0.0000,0.0000,-0.0041,-0.2205,0.9754,-0.2984,-0.2339,0.9253,-0.1473,-0.2492,0.9572,-0.0692,-0.0180,0.4572,Dark,
23.6916,6.6743,8.1262,0.0000,0.0000,-0.0013,-0.2187,0.9758,-0.2945,-0.2323,0.9270,-0.1438,-0.2474,0.9582,-0.0692,-0.0180,0.4572,Dark,
23.7027,6.6196,7.9750,0.0000,0.0000,0.0027,-0.2126,0.9771,-0.2823,-0.2262,0.9323,-0.1355,-0.2405,0.9611,-0.0692,-0.0180,0.4571,Dark,
23.7135,6.5966,7.8737,0.0000,0.0000,0.0063,-0.2066,0.9784,-0.2712,-0.2203,0.9370,-0.1281,-0.2339,0.9638,-0.0692,-0.0180,0.4570,Dark,
23.7248,6.5207,7.7941,0.0000,0.0000,0.0083,-0.1833,0.9830,-0.2609,-0.1966,0.9451,-0.1219,-0.2096,0.9702,-0.0692,-0.0179,0.4570,Dark,
23.7360,6.4330,7.4296,0.0000,0.0000,0.0380,-0.1439,0.9889,-0.1961,-0.1567,0.9680,-0.0743,-0.1669,0.9832,-0.0692,-0.0179,0.4569,Dark,
23.7471,6.4180,7.3131,0.0000,0.0000,0.0098,-0.1643,0.9864,-0.2127,-0.1761,0.9611,-0.0974,-0.1860,0.9777,-0.0692,-0.0178,0.4569,Dark,
23.7581,6.4114,7.3774,0.0000,0.0000,0.0186,-0.1504,0.9885,-0.1936,-0.1619,0.9676,-0.0834,-0.1711,0.9817,-0.0692,-0.0178,0.4568,Dark,
23.7693,6.5011,7.6300,0.0000,0.0000,0.0281,-0.1258,0.9917,-0.1733,-0.1366,0.9754,-0.0685,-0.1453,0.9870,-0.0692,-0.0177,0.4568,Dark,
23.7803,6.5440,7.7916,0.0000,0.0000,0.0295,-0.1119,0.9933,-0.1695,-0.1223,0.9779,-0.0659,-0.1309,0.9892,-0.0692,-0.0177,0.4567,Dark,
23.7916,6.5745,7.8913,0.0000,0.0000,0.0302,-0.1022,0.9943,-0.1681,-0.1123,0.9794,-0.0649,-0.1210,0.9905,-0.0692,-0.0176,0.4567,Dark,
23.8026,6.5674,7.9697,0.0000,0.0000,0.0255,-0.0945,0.9952,-0.1743,-0.1044,0.9791,-0.0704,-0.1133,0.9911,-0.0691,-0.0176,0.4566,Dark,
23.8137,6.5597,7.9757,0.0000,0.0000,0.0224,-0.0914,0.9956,-0.1777,-0.1011,0.9789,-0.0737,-0.1101,0.9912,-0.0691,-0.0175,0.4566,Dark,
23.8250,6.5535,7.9801,0.0000,0.0000,0.0190,-0.0904,0.9957,-0.1826,-0.1001,0.9781,-0.0779,-0.1092,0.9910,-0.0691,-0.0174,0.4566,Dark,
23.8361,6.5445,7.9959,0.0000,0.0000,0.0122,-0.0928,0.9956,-0.1923,-0.1025,0.9760,-0.0862,-0.1118,0.9900,-0.0691,-0.0173,0.4566,Dark,
23.8472,6.5357,8.0074,0.0000,0.0000,0.0052,-0.1090,0.9940,-0.2010,-0.1189,0.9724,-0.0942,-0.1283,0.9873,-0.0691,-0.0172,0.4566,Dark,
23.8586,6.5280,8.0159,0.0000,0.0000,0.0082,-0.0975,0.9952,-0.1990,-0.1072,0.9741,-0.0916,-0.1168,0.9889,-0.0691,-0.0172,0.4566,Dark,
23.8695,6.5558,8.0362,0.0000,0.0000,0.0063,-0.1016,0.9948,-0.2031,-0.1114,0.9728,-0.0947,-0.1211,0.9881,-0.0691,-0.0171,0.4565,Dark,
23.8806,6.5807,8.0480,0.0000,0.0000,0.0061,-0.1033,0.9946,-0.2043,-0.1131,0.9723,-0.0954,-0.1228,0.9878,-0.0690,-0.0171,0.4565,Dark,
23.8919,6.6012,8.0465,0.0000,0.0000,0.0071,-0.1056,0.9944,-0.2044,-0.1156,0.9720,-0.0948,-0.1254,0.9876,-0.0690,-0.0170,0.4565,Dark,
23.9032,6.5781,8.0458,0.0000,0.0000,0.0087,-0.1086,0.9940,-0.2049,-0.1187,0.9716,-0.0942,-0.1286,0.9872,-0.0690,-0.0170,0.4565,Dark,
23.9142,6.5717,8.0464,0.0000,0.0000,0.0093,-0.1096,0.9939,-0.2053,-0.1198,0.9713,-0.0941,-0.1297,0.9871,-0.0689,-0.0170,0.4565,Dark,
23.9252,6.5665,8.0457,0.0000,0.0000,0.0103,-0.1105,0.9938,-0.2052,-0.1207,0.9713,-0.0935,-0.1306,0.9870,-0.0689,-0.0170,0.4565,Dark,
23.9363,6.5524,8.0778,0.0000,0.0000,0.0116,-0.1114,0.9937,-0.2054,-0.1217,0.9711,-0.0929,-0.1317,0.9869,-0.0689,-0.0170,0.4565,Dark,
23.9475,6.5465,8.1037,0.0000,0.0000,0.0123,-0.1116,0.9937,-0.2052,-0.1219,0.9711,-0.0925,-0.1320,0.9869,-0.0689,-0.0170,0.4565,Dark,
23.9588,6.5412,8.1112,0.0000,0.0000,0.0130,-0.1118,0.9936,-0.2051,-0.1221,0.9711,-0.0921,-0.1322,0.9869,-0.0689,-0.0170,0.4565,Dark,
23.9698,6.5302,8.1168,0.0000,0.0000,0.0141,-0.1116,0.9937,-0.2050,-0.1220,0.9711,-0.0915,-0.1321,0.9870,-0.0689,-0.0170,0.4565,Dark,
23.9808,6.5320,8.1149,0.0000,0.0000,0.0148,-0.1116,0.9936,-0.2048,-0.1220,0.9712,-0.0909,-0.1322,0.9870,-0.0688,-0.0170,0.4565,Dark,
23.9922,6.5481,8.1111,0.0000,0.0000,0.0161,-0.1114,0.9937,-0.2045,-0.1218,0.9713,-0.0901,-0.1320,0.9871,-0.0688,-0.0170,0.4565,Dark,
24.0037,6.5596,8.1175,0.0000,0.0000,0.0167,-0.1111,0.9937,-0.2043,-0.1215,0.9713,-0.0897,-0.1318,0.9872,-0.0688,-0.0170,0.4565,Dark,
24.0143,6.5565,8.1228,0.0000,0.0000,0.0173,-0.1108,0.9937,-0.2041,-0.1213,0.9714,-0.0893,-0.1315,0.9873,-0.0687,-0.0170,0.4565,Dark,
24.0255,6.5499,8.1401,0.0000,0.0000,0.0178,-0.1103,0.9937,-0.2043,-0.1207,0.9714,-0.0892,-0.1310,0.9874,-0.0687,-0.0170,0.4566,Dark,
24.0366,6.5469,8.1471,0.0000,0.0000,0.0178,-0.1100,0.9938,-0.2047,-0.1205,0.9714,-0.0893,-0.1308,0.9874,-0.0687,-0.0169,0.4566,Dark,
24.0477,6.5495,8.1521,0.0000,0.0000,0.0178,-0.1096,0.9938,-0.2050,-0.1200,0.9714,-0.0895,-0.1304,0.9874,-0.0687,-0.0169,0.4566,Dark,
24.0588,6.5560,8.1567,0.0000,0.0000,0.0170,-0.1091,0.9939,-0.2065,-0.1195,0.9711,-0.0907,-0.1299,0.9874,-0.0687,-0.0169,0.4566,Dark,
24.0701,6.5580,8.1488,0.0000,0.0000,0.0166,-0.1088,0.9939,-0.2072,-0.1193,0.9710,-0.0912,-0.1297,0.9873,-0.0687,-0.0169,0.4566,Dark,
24.0811,6.5537,8.1421,0.0000,0.0000,0.0159,-0.1088,0.9939,-0.2082,-0.1192,0.9708,-0.0921,-0.1297,0.9873,-0.0686,-0.0169,0.4566,Dark,
24.0923,6.5550,8.1293,0.0000,0.0000,0.0149,-0.1090,0.9939,-0.2096,-0.1194,0.9705,-0.0933,-0.1299,0.9871,-0.0686,-0.0169,0.4567,Dark,
24.1037,6.5600,8.1300,0.0000,0.0000,0.0143,-0.1090,0.9939,-0.2105,-0.1194,0.9703,-0.0940,-0.1299,0.9871,-0.0686,-0.0169,0.4566,Dark,
24.1147,6.5562,8.1315,0.0000,0.0000,0.0138,-0.1090,0.9939,-0.2112,-0.1194,0.9701,-0.0947,-0.1300,0.9870,-0.0686,-0.0169,0.4566,Dark,
24.1257,6.5617,8.1265,0.0000,0.0000,0.0129,-0.1091,0.9940,-0.2124,-0.1194,0.9699,-0.0957,-0.1300,0.9869,-0.0686,-0.0169,0.4567,Dark,
24.1369,6.5682,8.1267,0.0000,0.0000,0.0125,-0.1093,0.9939,-0.2129,-0.1196,0.9697,-0.0961,-0.1302,0.9868,-0.0686,-0.0169,0.4567,Dark,
24.1480,6.5568,8.1267,0.0000,0.0000,0.0123,-0.1094,0.9939,-0.2133,-0.1197,0.9696,-0.0965,-0.1304,0.9868,-0.0685,-0.0169,0.4567,Dark,
24.1592,6.5385,8.1260,0.0000,0.0000,0.0117,-0.1092,0.9940,-0.2141,-0.1194,0.9695,-0.0972,-0.1301,0.9867,-0.0686,-0.0169,0.4567,Dark,
24.1704,6.5306,8.1170,0.0000,0.0000,0.0110,-0.1091,0.9940,-0.2149,-0.1194,0.9693,-0.0980,-0.1301,0.9867,-0.0685,-0.0169,0.4567,Dark,
24.1815,6.5366,8.0959,0.0000,0.0000,0.0098,-0.1089,0.9940,-0.2162,-0.1192,0.9690,-0.0992,-0.1299,0.9865,-0.0685,-0.0169,0.4567,Dark,
24.1924,6.5394,8.0853,0.0000,0.0000,0.0091,-0.1089,0.9940,-0.2169,-0.1191,0.9689,-0.0999,-0.1298,0.9865,-0.0685,-0.0169,0.4567,Dark,
24.2040,6.5414,8.0892,0.0000,0.0000,0.0085,-0.1087,0.9940,-0.2175,-0.1189,0.9688,-0.1006,-0.1296,0.9865,-0.0685,-0.0168,0.4566,Dark,
24.2147,6.5468,8.0961,0.0000,0.0000,0.0073,-0.1082,0.9941,-0.2187,-0.1184,0.9686,-0.1018,-0.1292,0.9864,-0.0685,-0.0168,0.4566,Dark,
24.2258,6.5521,8.0982,0.0000,0.0000,0.0064,-0.1079,0.9941,-0.2195,-0.1181,0.9684,-0.1027,-0.1289,0.9863,-0.0686,-0.0168,0.4566,Dark,
24.2371,6.5567,8.0968,0.0000,0.0000,0.0056,-0.1076,0.9942,-0.2203,-0.1178,0.9683,-0.1035,-0.1285,0.9863,-0.0686,-0.0167,0.4566,Dark,
24.2485,6.5639,8.0922,0.0000,0.0000,0.0045,-0.1073,0.9942,-0.2212,-0.1175,0.9681,-0.1045,-0.1282,0.9862,-0.0686,-0.0167,0.4566,Dark,
24.2593,6.5661,8.0909,0.0000,0.0000,0.0043,-0.1072,0.9942,-0.2215,-0.1173,0.9681,-0.1047,-0.1281,0.9862,-0.0687,-0.0167,0.4566,Dark,
24.2705,6.5661,8.0904,0.0000,0.0000,0.0033,-0.1069,0.9943,-0.2223,-0.1169,0.9679,-0.1057,-0.1277,0.9862,-0.0686,-0.0166,0.4566,Dark,
24.2817,6.5619,8.0888,0.0000,0.0000,0.0017,-0.1069,0.9943,-0.2238,-0.1169,0.9676,-0.1072,-0.1277,0.9860,-0.0687,-0.0166,0.4565,Dark,
24.2927,6.5589,8.1078,0.0000,0.0000,0.0009,-0.1067,0.9943,-0.2246,-0.1167,0.9674,-0.1080,-0.1276,0.9859,-0.0687,-0.0166,0.4565,Dark,
24.3040,6.5609,8.1236,0.0000,0.0000,0.0002,-0.1065,0.9943,-0.2253,-0.1165,0.9673,-0.1087,-0.1273,0.9859,-0.0686,-0.0165,0.4565,Dark,
24.3150,6.5675,8.1090,0.0000,0.0000,-0.0005,-0.1061,0.9944,-0.2259,-0.1160,0.9672,-0.1094,-0.1269,0.9859,-0.0686,-0.0165,0.4565,Dark,
24.3260,6.5714,8.1179,0.0000,0.0000,-0.0008,-0.1058,0.9944,-0.2261,-0.1157,0.9672,-0.1097,-0.1265,0.9859,-0.0686,-0.0165,0.4564,Dark,
24.3374,6.5710,8.1242,0.0000,0.0000,-0.0012,-0.1053,0.9944,-0.2265,-0.1152,0.9672,-0.1101,-0.1261,0.9859,-0.0686,-0.0164,0.4564,Dark,
24.3483,6.5741,8.1436,0.0000,0.0000,-0.0012,-0.1045,0.9945,-0.2265,-0.1144,0.9673,-0.1101,-0.1252,0.9860,-0.0686,-0.0163,0.4564,Dark,
24.3597,6.5774,8.1500,0.0000,0.0000,-0.0015,-0.1038,0.9946,-0.2268,-0.1137,0.9673,-0.1104,-0.1246,0.9860,-0.0685,-0.0163,0.4563,Dark,
24.3712,6.5730,8.1533,0.0000,0.0000,-0.0017,-0.1033,0.9947,-0.2270,-0.1132,0.9673,-0.1106,-0.1240,0.9861,-0.0685,-0.0162,0.4563,Dark,
24.3820,6.5670,8.1646,0.0000,0.0000,-0.0023,-0.1024,0.9947,-0.2278,-0.1123,0.9672,-0.1113,-0.1231,0.9861,-0.0685,-0.0162,0.4562,Dark,
24.3928,6.5647,8.1620,0.0000,0.0000,-0.0026,-0.1019,0.9948,-0.2281,-0.1118,0.9672,-0.1116,-0.1226,0.9862,-0.0684,-0.0161,0.4562,Dark,
24.4043,6.5616,8.1599,0.0000,0.0000,-0.0031,-0.1013,0.9949,-0.2285,-0.1112,0.9672,-0.1121,-0.1220,0.9862,-0.0684,-0.0161,0.4561,Dark,
24.4153,6.5558,8.1756,0.0000,0.0000,-0.0040,-0.1004,0.9949,-0.2295,-0.1103,0.9670,-0.1130,-0.1212,0.9862,-0.0683,-0.0161,0.4561,Dark,
24.4265,6.5526,8.1730,0.0000,0.0000,-0.0044,-0.0999,0.9950,-0.2300,-0.1098,0.9670,-0.1135,-0.1206,0.9862,-0.0683,-0.0160,0.4560,Dark,
24.4378,6.5589,8.1745,0.0000,0.0000,-0.0055,-0.0991,0.9951,-0.2311,-0.1090,0.9668,-0.1146,-0.1198,0.9862,-0.0683,-0.0159,0.4559,Dark,
24.4486,6.5598,8.1769,0.0000,0.0000,-0.0062,-0.0988,0.9951,-0.2318,-0.1086,0.9667,-0.1154,-0.1195,0.9861,-0.0683,-0.0159,0.4559,Dark,
24.4604,6.5606,8.1646,0.0000,0.0000,-0.0069,-0.0985,0.9951,-0.2325,-0.1083,0.9665,-0.1161,-0.1192,0.9861,-0.0682,-0.0159,0.4558,Dark,
24.4713,6.5972,8.1627,0.0000,0.0000,-0.0091,-0.1001,0.9949,-0.2358,-0.1099,0.9656,-0.1189,-0.1209,0.9855,-0.0682,-0.0158,0.4558,Dark,
24.4820,6.6117,8.1694,0.0000,0.0000,-0.0161,-0.1063,0.9942,-0.2428,-0.1160,0.9631,-0.1260,-0.1271,0.9839,-0.0682,-0.0158,0.4557,Dark,
24.4931,6.6228,8.1591,0.0000,0.0000,-0.0190,-0.1136,0.9933,-0.2467,-0.1233,0.9612,-0.1295,-0.1345,0.9824,-0.0682,-0.0157,0.4557,Dark,
24.5046,6.6328,8.1565,0.0000,0.0000,-0.0214,-0.1274,0.9916,-0.2514,-0.1372,0.9581,-0.1331,-0.1486,0.9799,-0.0681,-0.0157,0.4556,Dark,
24.5157,6.6369,8.1600,0.0000,0.0000,-0.0221,-0.1311,0.9911,-0.2535,-0.1410,0.9570,-0.1344,-0.1525,0.9791,-0.0681,-0.0157,0.4556,Dark,
24.5265,6.6402,8.1615,0.0000,0.0000,-0.0223,-0.1354,0.9905,-0.2548,-0.1453,0.9560,-0.1352,-0.1569,0.9783,-0.0681,-0.0156,0.4556,Dark,
24.5377,6.6518,8.1658,0.0000,0.0000,-0.0239,-0.1412,0.9897,-0.2582,-0.1512,0.9542,-0.1377,-0.1629,0.9770,-0.0681,-0.0156,0.4556,Dark,
24.5491,6.6495,8.1663,0.0000,0.0000,-0.0249,-0.1431,0.9894,-0.2597,-0.1531,0.9535,-0.1390,-0.1649,0.9765,-0.0681,-0.0155,0.4555,Dark,
24.5601,6.6469,8.1645,0.0000,0.0000,-0.0261,-0.1447,0.9891,-0.2614,-0.1546,0.9528,-0.1405,-0.1665,0.9760,-0.0681,-0.0155,0.4555,Dark,
24.5713,6.6266,8.1669,0.0000,0.0000,-0.0282,-0.1464,0.9888,-0.2640,-0.1564,0.9517,-0.1429,-0.1683,0.9753,-0.0681,-0.0155,0.4555,Dark,
24.5824,6.6165,8.1703,0.0000,0.0000,-0.0298,-0.1487,0.9884,-0.2658,-0.1587,0.9509,-0.1446,-0.1706,0.9747,-0.0681,-0.0154,0.4555,Dark,
24.5933,6.6092,8.1717,0.0000,0.0000,-0.0305,-0.1479,0.9885,-0.2666,-0.1578,0.9508,-0.1453,-0.1698,0.9747,-0.0681,-0.0154,0.4554,Dark,
24.6046,6.6232,8.1698,0.0000,0.0000,-0.0315,-0.1490,0.9883,-0.2676,-0.1589,0.9503,-0.1463,-0.1708,0.9744,-0.0681,-0.0154,0.4554,Dark,
24.6158,6.6172,8.1670,0.0000,0.0000,-0.0317,-0.1492,0.9883,-0.2678,-0.1591,0.9502,-0.1466,-0.1711,0.9743,-0.0681,-0.0154,0.4554,Dark,
24.6268,6.6128,8.1580,0.0000,0.0000,-0.0321,-0.1499,0.9882,-0.2682,-0.1599,0.9500,-0.1469,-0.1718,0.9741,-0.0681,-0.0153,0.4554,Dark,
24.6380,6.6131,8.1580,0.0000,0.0000,-0.0324,-0.1499,0.9882,-0.2684,-0.1599,0.9499,-0.1472,-0.1718,0.9741,-0.0682,-0.0153,0.4553,Dark,
24.6491,6.6036,8.1585,0.0000,0.0000,-0.0329,-0.1502,0.9881,-0.2689,-0.1602,0.9498,-0.1477,-0.1721,0.9739,-0.0682,-0.0153,0.4554,Dark,
24.6606,6.5937,8.1661,0.0000,0.0000,-0.0336,-0.1506,0.9880,-0.2696,-0.1605,0.9495,-0.1484,-0.1725,0.9738,-0.0682,-0.0152,0.4553,Dark,
24.6718,6.5909,8.1654,0.0000,0.0000,-0.0338,-0.1507,0.9880,-0.2699,-0.1606,0.9494,-0.1487,-0.1726,0.9737,-0.0682,-0.0152,0.4553,Dark,
24.6827,6.5885,8.1643,0.0000,0.0000,-0.0346,-0.1511,0.9879,-0.2706,-0.1611,0.9491,-0.1494,-0.1730,0.9735,-0.0683,-0.0152,0.4553,Dark,
24.6936,6.6098,8.1657,0.0000,0.0000,-0.0346,-0.1506,0.9880,-0.2707,-0.1606,0.9492,-0.1495,-0.1725,0.9736,-0.0683,-0.0152,0.4553,Dark,
24.7050,6.6221,8.1679,0.0000,0.0000,-0.0351,-0.1509,0.9879,-0.2712,-0.1608,0.9490,-0.1500,-0.1728,0.9735,-0.0683,-0.0152,0.4553,Dark,
24.7161,6.6316,8.1762,0.0000,0.0000,-0.0352,-0.1509,0.9879,-0.2711,-0.1609,0.9490,-0.1500,-0.1728,0.9735,-0.0683,-0.0152,0.4554,Dark,
24.7274,6.6639,8.1981,0.0000,0.0000,-0.0310,-0.1559,0.9873,-0.2670,-0.1661,0.9493,-0.1458,-0.1780,0.9732,-0.0684,-0.0152,0.4554,Dark,
24.7386,6.6708,8.2092,0.0000,0.0000,-0.0201,-0.1675,0.9857,-0.2576,-0.1783,0.9497,-0.1354,-0.1900,0.9724,-0.0684,-0.0152,0.4554,Dark,
24.7500,6.6753,8.2466,0.0000,0.0000,0.0007,-0.1789,0.9839,-0.2370,-0.1907,0.9526,-0.1142,-0.2019,0.9727,-0.0684,-0.0152,0.4554,Dark,
24.7607,6.6747,8.2498,0.0000,0.0000,0.0088,-0.1826,0.9831,-0.2288,-0.1949,0.9538,-0.1059,-0.2058,0.9729,-0.0684,-0.0152,0.4554,Dark,
24.7719,6.6703,8.2507,0.0000,0.0000,0.0150,-0.1854,0.9825,-0.2226,-0.1981,0.9546,-0.0995,-0.2088,0.9729,-0.0684,-0.0152,0.4555,Dark,
24.7829,6.6630,8.2648,0.0000,0.0000,0.0233,-0.1854,0.9824,-0.2136,-0.1984,0.9566,-0.0907,-0.2089,0.9737,-0.0685,-0.0152,0.4555,Dark,
24.7943,6.6601,8.2665,0.0000,0.0000,0.0265,-0.1849,0.9824,-0.2098,-0.1981,0.9575,-0.0871,-0.2084,0.9742,-0.0685,-0.0152,0.4555,Dark,
24.8052,6.6630,8.2683,0.0000,0.0000,0.0298,-0.1850,0.9823,-0.2061,-0.1984,0.9582,-0.0836,-0.2086,0.9744,-0.0685,-0.0152,0.4555,Dark,
24.8163,6.6686,8.2879,0.0000,0.0000,0.0324,-0.1808,0.9830,-0.2024,-0.1941,0.9599,-0.0804,-0.2042,0.9756,-0.0685,-0.0153,0.4555,Dark,
24.8275,6.6709,8.2919,0.0000,0.0000,0.0338,-0.1791,0.9833,-0.2004,-0.1923,0.9606,-0.0787,-0.2024,0.9761,-0.0685,-0.0153,0.4556,Dark,
24.8388,6.6771,8.2950,0.0000,0.0000,0.0342,-0.1767,0.9837,-0.1996,-0.1900,0.9613,-0.0781,-0.2000,0.9767,-0.0685,-0.0152,0.4556,Dark,
24.8497,6.6815,8.3055,0.0000,0.0000,0.0359,-0.1736,0.9842,-0.1968,-0.1868,0.9625,-0.0758,-0.1968,0.9775,-0.0684,-0.0153,0.4556,Dark,
24.8610,6.6810,8.3023,0.0000,0.0000,0.0357,-0.1719,0.9845,-0.1966,-0.1851,0.9629,-0.0758,-0.1950,0.9779,-0.0684,-0.0153,0.4556,Dark,
24.8725,6.6795,8.2997,0.0000,0.0000,0.0361,-0.1707,0.9847,-0.1958,-0.1839,0.9632,-0.0752,-0.1938,0.9781,-0.0684,-0.0153,0.4556,Dark,
24.8834,6.6694,8.2934,0.0000,0.0000,0.0364,-0.1690,0.9849,-0.1945,-0.1821,0.9639,-0.0744,-0.1919,0.9786,-0.0684,-0.0153,0.4556,Dark,
24.8943,6.6627,8.2947,0.0000,0.0000,0.0359,-0.1685,0.9850,-0.1946,-0.1816,0.9639,-0.0748,-0.1914,0.9787,-0.0684,-0.0153,0.4556,Dark,
24.9055,6.6669,8.2964,0.0000,0.0000,0.0360,-0.1676,0.9852,-0.1941,-0.1807,0.9642,-0.0745,-0.1905,0.9789,-0.0684,-0.0153,0.4556,Dark,
24.9167,6.6819,8.2946,0.0000,0.0000,0.0354,-0.1665,0.9854,-0.1938,-0.1795,0.9645,-0.0746,-0.1893,0.9791,-0.0684,-0.0153,0.4556,Dark,
24.9281,6.6915,8.3013,0.0000,0.0000,0.0352,-0.1659,0.9855,-0.1937,-0.1789,0.9646,-0.0747,-0.1887,0.9792,-0.0684,-0.0153,0.4557,Dark,
24.9393,6.6961,8.3066,0.0000,0.0000,0.0351,-0.1658,0.9855,-0.1935,-0.1786,0.9647,-0.0746,-0.1884,0.9792,-0.0685,-0.0152,0.4557,Dark,
24.9500,6.6957,8.3040,0.0000,0.0000,0.0349,-0.1651,0.9857,-0.1931,-0.1779,0.9649,-0.0746,-0.1877,0.9794,-0.0685,-0.0152,0.4557,Dark,
24.9610,6.6928,8.3076,0.0000,0.0000,0.0353,-0.1650,0.9857,-0.1924,-0.1778,0.9651,-0.0740,-0.1876,0.9795,-0.0685,-0.0152,0.4557,Dark,
24.9724,6.6884,8.3101,0.0000,0.0000,0.0353,-0.1644,0.9858,-0.1921,-0.1772,0.9652,-0.0739,-0.1869,0.9796,-0.0685,-0.0152,0.4557,Dark,
24.9835,6.6939,8.3012,0.0000,0.0000,0.0360,-0.1639,0.9858,-0.1910,-0.1767,0.9656,-0.0730,-0.1864,0.9798,-0.0685,-0.0152,0.4557,Dark,
24.9946,6.7015,8.3118,0.0000,0.0000,0.0363,-0.1632,0.9859,-0.1905,-0.1760,0.9658,-0.0726,-0.1857,0.9799,-0.0685,-0.0151,0.4557,Dark,
25.0056,6.6946,8.3206,0.0000,0.0000,0.0360,-0.1630,0.9860,-0.1906,-0.1758,0.9658,-0.0727,-0.1855,0.9800,-0.0684,-0.0151,0.4556,Dark,
25.0170,6.6953,8.3324,0.0000,0.0000,0.0360,-0.1626,0.9860,-0.1904,-0.1753,0.9659,-0.0727,-0.1850,0.9800,-0.0684,-0.0151,0.4556,Dark,
25.0282,6.7006,8.3249,0.0000,0.0000,0.0357,-0.1626,0.9860,-0.1906,-0.1753,0.9659,-0.0729,-0.1850,0.9800,-0.0684,-0.0151,0.4556,Dark,
25.0391,6.7181,8.3172,0.0000,0.0000,0.0355,-0.1628,0.9860,-0.1909,-0.1755,0.9658,-0.0732,-0.1852,0.9800,-0.0684,-0.0151,0.4556,Dark,
25.0506,6.7368,8.3405,0.0000,0.0000,0.0340,-0.1652,0.9857,-0.1929,-0.1780,0.9649,-0.0749,-0.1877,0.9794,-0.0684,-0.0151,0.4556,Dark,
25.0613,6.7374,8.3449,0.0000,0.0000,0.0324,-0.1683,0.9852,-0.1951,-0.1811,0.9639,-0.0768,-0.1909,0.9786,-0.0684,-0.0151,0.4555,Dark,
25.0725,6.7520,8.3488,0.0000,0.0000,0.0289,-0.1759,0.9840,-0.1994,-0.1888,0.9616,-0.0808,-0.1986,0.9767,-0.0684,-0.0151,0.4555,Dark,
25.0836,6.7666,8.3641,0.0000,0.0000,0.0202,-0.1943,0.9807,-0.2120,-0.2073,0.9550,-0.0916,-0.2174,0.9718,-0.0684,-0.0151,0.4554,Dark,
25.0951,6.7695,8.3749,0.0000,0.0000,0.0170,-0.2050,0.9786,-0.2176,-0.2181,0.9514,-0.0960,-0.2284,0.9688,-0.0684,-0.0150,0.4554,Dark,
25.1058,6.7755,8.3842,0.0000,0.0000,0.0153,-0.2082,0.9780,-0.2212,-0.2214,0.9498,-0.0987,-0.2318,0.9677,-0.0684,-0.0150,0.4553,Dark,
25.1171,6.7918,8.4025,0.0000,0.0000,0.0119,-0.2151,0.9765,-0.2288,-0.2283,0.9463,-0.1042,-0.2391,0.9654,-0.0684,-0.0150,0.4553,Dark,
25.1285,6.8028,8.4054,0.0000,0.0000,0.0121,-0.2168,0.9761,-0.2306,-0.2300,0.9455,-0.1050,-0.2410,0.9648,-0.0684,-0.0150,0.4552,Dark,
25.1395,6.7975,8.3972,0.0000,0.0000,0.0111,-0.2204,0.9753,-0.2349,-0.2337,0.9435,-0.1077,-0.2449,0.9636,-0.0684,-0.0150,0.4552,Dark,
25.1503,6.8029,8.3889,0.0000,0.0000,0.0108,-0.2215,0.9751,-0.2365,-0.2349,0.9428,-0.1086,-0.2461,0.9631,-0.0683,-0.0149,0.4551,Dark,
25.1615,6.8066,8.3886,0.0000,0.0000,0.0105,-0.2224,0.9749,-0.2382,-0.2357,0.9422,-0.1096,-0.2471,0.9628,-0.0683,-0.0149,0.4551,Dark,
25.1727,6.8069,8.3902,0.0000,0.0000,0.0068,-0.2304,0.9731,-0.2441,-0.2437,0.9386,-0.1144,-0.2553,0.9601,-0.0683,-0.0148,0.4551,Dark,
25.1838,6.8083,8.3861,0.0000,0.0000,0.0067,-0.2307,0.9730,-0.2453,-0.2440,0.9383,-0.1151,-0.2557,0.9599,-0.0682,-0.0148,0.4550,Dark,
25.1949,6.8021,8.3834,0.0000,0.0000,0.0066,-0.2316,0.9728,-0.2464,-0.2449,0.9377,-0.1157,-0.2567,0.9595,-0.0682,-0.0147,0.4550,Dark,
25.2060,6.8127,8.3993,0.0000,0.0000,0.0059,-0.2331,0.9724,-0.2481,-0.2463,0.9369,-0.1169,-0.2582,0.9590,-0.0681,-0.0147,0.4550,Dark,
25.2170,6.8173,8.4177,0.0000,0.0000,0.0048,-0.2352,0.9719,-0.2499,-0.2484,0.9359,-0.1184,-0.2604,0.9582,-0.0681,-0.0147,0.4550,Dark,
25.2283,6.8220,8.4331,0.0000,0.0000,0.0034,-0.2375,0.9714,-0.2516,-0.2506,0.9348,-0.1200,-0.2627,0.9574,-0.0681,-0.0147,0.4549,Dark,
25.2396,6.8323,8.4485,0.0000,0.0000,0.0004,-0.2424,0.9702,-0.2552,-0.2553,0.9326,-0.1233,-0.2676,0.9556,-0.0680,-0.0146,0.4549,Dark,
25.2504,6.8361,8.4558,0.0000,0.0000,-0.0009,-0.2446,0.9696,-0.2568,-0.2575,0.9315,-0.1248,-0.2698,0.9548,-0.0680,-0.0146,0.4549,Dark,
25.2617,6.8355,8.4606,0.0000,0.0000,-0.0021,-0.2467,0.9691,-0.2583,-0.2595,0.9306,-0.1262,-0.2719,0.9540,-0.0680,-0.0146,0.4549,Dark,
25.2728,6.8341,8.4756,0.0000,0.0000,-0.0043,-0.2499,0.9683,-0.2611,-0.2626,0.9289,-0.1287,-0.2751,0.9528,-0.0680,-0.0146,0.4548,Dark,
25.2839,6.8333,8.4691,0.0000,0.0000,-0.0049,-0.2510,0.9680,-0.2619,-0.2637,0.9284,-0.1294,-0.2762,0.9523,-0.0679,-0.0146,0.4548,Dark,
25.2952,6.8347,8.4628,0.0000,0.0000,-0.0056,-0.2518,0.9678,-0.2627,-0.2645,0.9279,-0.1302,-0.2770,0.9520,-0.0679,-0.0146,0.4548,Dark,
25.3063,6.8326,8.4603,0.0000,0.0000,-0.0070,-0.2527,0.9675,-0.2645,-0.2653,0.9272,-0.1318,-0.2779,0.9515,-0.0679,-0.0147,0.4548,Dark,
25.3173,6.8294,8.4667,0.0000,0.0000,-0.0075,-0.2532,0.9674,-0.2653,-0.2658,0.9268,-0.1326,-0.2784,0.9513,-0.0679,-0.0147,0.4548,Dark,
25.3285,6.8364,8.4731,0.0000,0.0000,-0.0082,-0.2539,0.9672,-0.2662,-0.2665,0.9263,-0.1333,-0.2792,0.9509,-0.0679,-0.0147,0.4548,Dark,
25.3400,6.8327,8.4816,0.0000,0.0000,-0.0094,-0.2550,0.9669,-0.2682,-0.2675,0.9255,-0.1350,-0.2803,0.9504,-0.0678,-0.0146,0.4548,Dark,
25.3509,6.8248,8.4837,0.0000,0.0000,-0.0099,-0.2553,0.9668,-0.2689,-0.2677,0.9252,-0.1356,-0.2805,0.9502,-0.0678,-0.0146,0.4548,Dark,
25.3619,6.8239,8.4848,0.0000,0.0000,-0.0103,-0.2555,0.9668,-0.2696,-0.2680,0.9249,-0.1361,-0.2808,0.9501,-0.0678,-0.0146,0.4548,Dark,
25.3732,6.8180,8.4633,0.0000,0.0000,-0.0109,-0.2561,0.9666,-0.2706,-0.2685,0.9245,-0.1369,-0.2814,0.9498,-0.0678,-0.0146,0.4548,Dark,
25.3842,6.8153,8.4652,0.0000,0.0000,-0.0113,-0.2562,0.9665,-0.2712,-0.2686,0.9243,-0.1374,-0.2815,0.9497,-0.0678,-0.0146,0.4548,Dark,
25.3966,6.8342,8.4696,0.0000,0.0000,-0.0116,-0.2564,0.9665,-0.2718,-0.2687,0.9241,-0.1380,-0.2817,0.9495,-0.0677,-0.0146,0.4548,Dark,
25.4070,6.8253,8.4722,0.0000,0.0000,-0.0121,-0.2568,0.9664,-0.2724,-0.2690,0.9238,-0.1385,-0.2820,0.9494,-0.0677,-0.0146,0.4548,Dark,
25.4175,6.8178,8.4750,0.0000,0.0000,-0.0122,-0.2569,0.9664,-0.2726,-0.2691,0.9237,-0.1387,-0.2822,0.9493,-0.0677,-0.0146,0.4549,Dark,
25.4291,6.8059,8.4760,0.0000,0.0000,-0.0131,-0.2575,0.9662,-0.2735,-0.2696,0.9233,-0.1396,-0.2828,0.9490,-0.0676,-0.0145,0.4549,Dark,
25.4400,6.8050,8.4759,0.0000,0.0000,-0.0133,-0.2579,0.9661,-0.2738,-0.2699,0.9231,-0.1398,-0.2831,0.9489,-0.0676,-0.0145,0.4549,Dark,
25.4510,6.8060,8.4657,0.0000,0.0000,-0.0130,-0.2582,0.9660,-0.2735,-0.2702,0.9231,-0.1396,-0.2834,0.9488,-0.0676,-0.0145,0.4549,Dark,
25.4624,6.8231,8.4582,0.0000,0.0000,-0.0127,-0.2582,0.9660,-0.2732,-0.2703,0.9232,-0.1392,-0.2834,0.9488,-0.0675,-0.0145,0.4549,Dark,
25.4735,6.8305,8.4596,0.0000,0.0000,-0.0122,-0.2578,0.9661,-0.2726,-0.2699,0.9235,-0.1387,-0.2830,0.9490,-0.0675,-0.0145,0.4549,Dark,
25.4845,6.8358,8.4569,0.0000,0.0000,-0.0116,-0.2577,0.9661,-0.2721,-0.2697,0.9237,-0.1381,-0.2829,0.9492,-0.0674,-0.0145,0.4550,Dark,
25.4959,6.8192,8.4593,0.0000,0.0000,-0.0105,-0.2581,0.9661,-0.2711,-0.2702,0.9239,-0.1370,-0.2833,0.9492,-0.0674,-0.0145,0.4550,Dark,
25.5070,6.8156,8.4620,0.0000,0.0000,-0.0101,-0.2583,0.9660,-0.2707,-0.2703,0.9239,-0.1366,-0.2835,0.9492,-0.0673,-0.0145,0.4550,Dark,
25.5178,6.8131,8.4621,0.0000,0.0000,-0.0093,-0.2581,0.9661,-0.2699,-0.2701,0.9242,-0.1358,-0.2833,0.9494,-0.0673,-0.0145,0.4550,Dark,
25.5290,6.8069,8.4653,0.0000,0.0000,-0.0083,-0.2580,0.9661,-0.2692,-0.2701,0.9244,-0.1349,-0.2833,0.9495,-0.0673,-0.0145,0.4550,Dark,
25.5402,6.8141,8.4672,0.0000,0.0000,-0.0080,-0.2580,0.9661,-0.2689,-0.2701,0.9245,-0.1346,-0.2832,0.9496,-0.0672,-0.0144,0.4551,Dark,
25.5512,6.8197,8.4665,0.0000,0.0000,-0.0077,-0.2579,0.9661,-0.2688,-0.2701,0.9246,-0.1344,-0.2832,0.9496,-0.0672,-0.0145,0.4551,Dark,
25.5624,6.8140,8.4494,0.0000,0.0000,-0.0074,-0.2585,0.9660,-0.2687,-0.2707,0.9244,-0.1342,-0.2838,0.9494,-0.0672,-0.0145,0.4551,Dark,
25.5736,6.8140,8.4354,0.0000,0.0000,-0.0071,-0.2587,0.9659,-0.2685,-0.2710,0.9244,-0.1339,-0.2841,0.9494,-0.0672,-0.0145,0.4551,Dark,
25.5848,6.8177,8.4295,0.0000,0.0000,-0.0069,-0.2587,0.9659,-0.2685,-0.2710,0.9244,-0.1339,-0.2841,0.9494,-0.0672,-0.0145,0.4551,Dark,
25.5962,6.8218,8.4260,0.0000,0.0000,-0.0070,-0.2585,0.9660,-0.2688,-0.2708,0.9243,-0.1340,-0.2840,0.9494,-0.0672,-0.0145,0.4551,Dark,
25.6070,6.8254,8.4245,0.0000,0.0000,-0.0071,-0.2584,0.9660,-0.2690,-0.2706,0.9244,-0.1342,-0.2838,0.9495,-0.0672,-0.0145,0.4551,Dark,
25.6180,6.8292,8.4376,0.0000,0.0000,-0.0067,-0.2584,0.9660,-0.2688,-0.2706,0.9244,-0.1339,-0.2838,0.9495,-0.0672,-0.0145,0.4551,Dark,
25.6292,6.8249,8.4302,0.0000,0.0000,-0.0073,-0.2582,0.9661,-0.2695,-0.2703,0.9243,-0.1346,-0.2836,0.9494,-0.0672,-0.0144,0.4551,Dark,
25.6404,6.8206,8.4227,0.0000,0.0000,-0.0068,-0.2585,0.9660,-0.2691,-0.2706,0.9243,-0.1341,-0.2838,0.9494,-0.0672,-0.0144,0.4551,Dark,
25.6516,6.8269,8.4349,0.0000,0.0000,-0.0070,-0.2586,0.9660,-0.2695,-0.2706,0.9242,-0.1344,-0.2839,0.9494,-0.0671,-0.0144,0.4551,Dark,
25.6626,6.8328,8.4391,0.0000,0.0000,-0.0071,-0.2586,0.9660,-0.2696,-0.2706,0.9241,-0.1345,-0.2839,0.9494,-0.0671,-0.0144,0.4551,Dark,
25.6738,6.8379,8.4301,0.0000,0.0000,-0.0070,-0.2584,0.9660,-0.2697,-0.2705,0.9242,-0.1345,-0.2838,0.9494,-0.0672,-0.0144,0.4551,Dark,
25.6848,6.8391,8.4539,0.0000,0.0000,-0.0063,-0.2579,0.9662,-0.2694,-0.2700,0.9244,-0.1340,-0.2833,0.9496,-0.0672,-0.0144,0.4551,Dark,
25.6961,6.8343,8.4610,0.0000,0.0000,-0.0064,-0.2580,0.9661,-0.2697,-0.2701,0.9243,-0.1342,-0.2834,0.9496,-0.0672,-0.0144,0.4551,Dark,
25.7074,6.8301,8.4643,0.0000,0.0000,-0.0062,-0.2579,0.9662,-0.2696,-0.2700,0.9243,-0.1340,-0.2834,0.9496,-0.0672,-0.0144,0.4551,Dark,
25.7185,6.8354,8.4520,0.0000,0.0000,-0.0057,-0.2574,0.9663,-0.2695,-0.2695,0.9245,-0.1337,-0.2829,0.9498,-0.0671,-0.0144,0.4550,Dark,
25.7296,6.8356,8.4370,0.0000,0.0000,-0.0055,-0.2571,0.9664,-0.2694,-0.2693,0.9246,-0.1336,-0.2826,0.9499,-0.0672,-0.0144,0.4550,Dark,
25.7406,6.8365,8.4350,0.0000,0.0000,-0.0052,-0.2568,0.9665,-0.2693,-0.2690,0.9247,-0.1334,-0.2824,0.9500,-0.0672,-0.0143,0.4550,Dark,
25.7518,6.8327,8.4204,0.0000,0.0000,-0.0047,-0.2562,0.9666,-0.2692,-0.2686,0.9249,-0.1331,-0.2819,0.9502,-0.0672,-0.0143,0.4550,Dark,
25.7631,6.8289,8.4099,0.0000,0.0000,-0.0045,-0.2560,0.9667,-0.2691,-0.2684,0.9250,-0.1329,-0.2817,0.9503,-0.0672,-0.0143,0.4549,Dark,
25.7740,6.8261,8.4028,0.0000,0.0000,-0.0041,-0.2557,0.9667,-0.2689,-0.2681,0.9251,-0.1326,-0.2814,0.9504,-0.0672,-0.0142,0.4549,Dark,
25.7851,6.8089,8.3934,0.0000,0.0000,-0.0037,-0.2554,0.9668,-0.2688,-0.2679,0.9252,-0.1323,-0.2812,0.9505,-0.0672,-0.0142,0.4549,Dark,
25.7965,6.8161,8.3925,0.0000,0.0000,-0.0037,-0.2552,0.9669,-0.2688,-0.2678,0.9252,-0.1323,-0.2810,0.9505,-0.0673,-0.0142,0.4548,Dark,
25.8075,6.8226,8.4038,0.0000,0.0000,-0.0037,-0.2549,0.9670,-0.2690,-0.2675,0.9252,-0.1324,-0.2808,0.9506,-0.0673,-0.0141,0.4547,Dark,
25.8186,6.8406,8.4044,0.0000,0.0000,-0.0033,-0.2542,0.9672,-0.2691,-0.2669,0.9254,-0.1323,-0.2801,0.9508,-0.0673,-0.0141,0.4547,Dark,
25.8298,6.8379,8.3963,0.0000,0.0000,-0.0032,-0.2536,0.9673,-0.2691,-0.2663,0.9255,-0.1322,-0.2796,0.9510,-0.0673,-0.0140,0.4547,Dark,
25.8409,6.8339,8.3966,0.0000,0.0000,-0.0031,-0.2528,0.9675,-0.2691,-0.2657,0.9257,-0.1322,-0.2789,0.9512,-0.0673,-0.0140,0.4546,Dark,
25.8521,6.8322,8.4218,0.0000,0.0000,-0.0019,-0.2515,0.9679,-0.2683,-0.2645,0.9263,-0.1311,-0.2776,0.9517,-0.0674,-0.0139,0.4546,Dark,
25.8633,6.8465,8.4441,0.0000,0.0000,0.0027,-0.2491,0.9685,-0.2641,-0.2624,0.9281,-0.1266,-0.2754,0.9530,-0.0674,-0.0139,0.4546,Dark,
25.8743,6.8592,8.4631,0.0000,0.0000,0.0182,-0.2453,0.9693,-0.2476,-0.2597,0.9334,-0.1102,-0.2719,0.9560,-0.0674,-0.0138,0.4546,Dark,
25.8854,6.8631,8.4725,0.0000,0.0000,0.0480,-0.2390,0.9698,-0.2136,-0.2553,0.9430,-0.0776,-0.2662,0.9608,-0.0675,-0.0138,0.4545,Dark,
25.8967,6.8600,8.4663,0.0000,0.0000,0.0567,-0.2400,0.9691,-0.2019,-0.2568,0.9451,-0.0672,-0.2672,0.9613,-0.0675,-0.0138,0.4545,Dark,
25.9077,6.8562,8.4646,0.0000,0.0000,0.0599,-0.2408,0.9687,-0.1944,-0.2577,0.9465,-0.0619,-0.2676,0.9615,-0.0675,-0.0138,0.4545,Dark,
25.9189,6.8539,8.4621,0.0000,0.0000,0.0654,-0.2409,0.9683,-0.1827,-0.2580,0.9487,-0.0532,-0.2673,0.9621,-0.0675,-0.0137,0.4545,Dark,
25.9300,6.8573,8.4616,0.0000,0.0000,0.0652,-0.2417,0.9682,-0.1806,-0.2588,0.9489,-0.0523,-0.2679,0.9620,-0.0676,-0.0137,0.4545,Dark,
25.9411,6.8607,8.4848,0.0000,0.0000,0.0667,-0.2414,0.9681,-0.1760,-0.2585,0.9498,-0.0493,-0.2674,0.9623,-0.0676,-0.0137,0.4545,Dark,
25.9523,6.8607,8.4848,0.0000,0.0000,0.0655,-0.2412,0.9683,-0.1758,-0.2581,0.9500,-0.0498,-0.2670,0.9624,-0.0676,-0.0138,0.4545,Dark,
25.9634,6.8480,8.4844,0.0000,0.0000,0.0662,-0.2412,0.9682,-0.1738,-0.2582,0.9503,-0.0485,-0.2669,0.9625,-0.0676,-0.0138,0.4545,Dark,
25.9745,6.8258,8.4859,0.0000,0.0000,0.0645,-0.2413,0.9683,-0.1730,-0.2581,0.9505,-0.0490,-0.2667,0.9625,-0.0675,-0.0138,0.4545,Dark,
25.9857,6.8172,8.4820,0.0000,0.0000,0.0639,-0.2412,0.9684,-0.1726,-0.2579,0.9506,-0.0491,-0.2665,0.9626,-0.0675,-0.0139,0.4545,Dark,
25.9968,6.8258,8.4794,0.0000,0.0000,0.0636,-0.2409,0.9685,-0.1721,-0.2576,0.9508,-0.0491,-0.2661,0.9627,-0.0675,-0.0139,0.4545,Dark,
26.0080,6.8376,8.4891,0.0000,0.0000,0.0632,-0.2406,0.9686,-0.1712,-0.2572,0.9511,-0.0489,-0.2657,0.9628,-0.0675,-0.0139,0.4545,Dark,
26.0194,6.8398,8.4978,0.0000,0.0000,0.0627,-0.2405,0.9686,-0.1711,-0.2571,0.9511,-0.0491,-0.2655,0.9628,-0.0675,-0.0139,0.4545,Dark,
26.0303,6.8504,8.5050,0.0000,0.0000,0.0617,-0.2402,0.9688,-0.1716,-0.2567,0.9511,-0.0499,-0.2651,0.9629,-0.0675,-0.0139,0.4545,Dark,
26.0413,6.8461,8.4959,0.0000,0.0000,0.0604,-0.2393,0.9691,-0.1722,-0.2557,0.9513,-0.0509,-0.2641,0.9631,-0.0675,-0.0140,0.4545,Dark,
26.0528,6.8363,8.4832,0.0000,0.0000,0.0604,-0.2390,0.9691,-0.1718,-0.2553,0.9515,-0.0507,-0.2638,0.9633,-0.0675,-0.0140,0.4545,Dark,
26.0638,6.8414,8.4726,0.0000,0.0000,0.0598,-0.2386,0.9693,-0.1720,-0.2548,0.9516,-0.0511,-0.2633,0.9634,-0.0675,-0.0140,0.4546,Dark,
26.0749,6.8497,8.4681,0.0000,0.0000,0.0587,-0.2381,0.9695,-0.1725,-0.2542,0.9516,-0.0519,-0.2627,0.9635,-0.0675,-0.0139,0.4546,Dark,
26.0863,6.8544,8.4731,0.0000,0.0000,0.0583,-0.2378,0.9696,-0.1726,-0.2539,0.9517,-0.0522,-0.2624,0.9636,-0.0675,-0.0139,0.4546,Dark,
26.0973,6.8469,8.4778,0.0000,0.0000,0.0578,-0.2378,0.9696,-0.1728,-0.2538,0.9517,-0.0526,-0.2622,0.9636,-0.0674,-0.0139,0.4546,Dark,
26.1082,6.8392,8.4767,0.0000,0.0000,0.0568,-0.2379,0.9696,-0.1735,-0.2538,0.9516,-0.0534,-0.2623,0.9635,-0.0674,-0.0139,0.4547,Dark,
26.1196,6.8397,8.4734,0.0000,0.0000,0.0566,-0.2379,0.9697,-0.1736,-0.2538,0.9516,-0.0536,-0.2622,0.9635,-0.0674,-0.0139,0.4547,Dark,
26.1305,6.8399,8.4705,0.0000,0.0000,0.0557,-0.2378,0.9697,-0.1743,-0.2536,0.9515,-0.0544,-0.2621,0.9635,-0.0674,-0.0139,0.4547,Dark,
26.1415,6.8292,8.4683,0.0000,0.0000,0.0536,-0.2379,0.9698,-0.1763,-0.2536,0.9511,-0.0565,-0.2621,0.9634,-0.0674,-0.0139,0.4547,Dark,
26.1527,6.8185,8.4674,0.0000,0.0000,0.0531,-0.2379,0.9698,-0.1768,-0.2535,0.9510,-0.0570,-0.2621,0.9633,-0.0674,-0.0139,0.4548,Dark,
26.1640,6.8230,8.4668,0.0000,0.0000,0.0522,-0.2381,0.9698,-0.1777,-0.2536,0.9508,-0.0579,-0.2623,0.9633,-0.0674,-0.0139,0.4548,Dark,
26.1751,6.8314,8.4883,0.0000,0.0000,0.0506,-0.2379,0.9700,-0.1793,-0.2533,0.9506,-0.0595,-0.2620,0.9632,-0.0674,-0.0139,0.4548,Dark,
26.1862,6.8353,8.4771,0.0000,0.0000,0.0502,-0.2379,0.9700,-0.1798,-0.2533,0.9505,-0.0600,-0.2621,0.9632,-0.0674,-0.0139,0.4548,Dark,
26.1973,6.8318,8.4672,0.0000,0.0000,0.0496,-0.2381,0.9700,-0.1806,-0.2536,0.9503,-0.0607,-0.2623,0.9631,-0.0674,-0.0139,0.4548,Dark,
26.2084,6.8249,8.4701,0.0000,0.0000,0.0484,-0.2378,0.9701,-0.1820,-0.2532,0.9502,-0.0620,-0.2620,0.9631,-0.0674,-0.0139,0.4548,Dark,
26.2197,6.8235,8.4740,0.0000,0.0000,0.0477,-0.2376,0.9702,-0.1828,-0.2529,0.9501,-0.0628,-0.2617,0.9631,-0.0674,-0.0139,0.4548,Dark,
26.2308,6.8255,8.4787,0.0000,0.0000,0.0469,-0.2372,0.9703,-0.1838,-0.2526,0.9500,-0.0637,-0.2614,0.9631,-0.0674,-0.0139,0.4548,Dark,
26.2418,6.8306,8.4985,0.0000,0.0000,0.0460,-0.2373,0.9704,-0.1850,-0.2525,0.9497,-0.0648,-0.2614,0.9631,-0.0674,-0.0139,0.4548,Dark,
26.2531,6.8273,8.5035,0.0000,0.0000,0.0452,-0.2369,0.9705,-0.1858,-0.2522,0.9497,-0.0656,-0.2611,0.9631,-0.0674,-0.0139,0.4549,Dark,
26.2643,6.8129,8.4979,0.0000,0.0000,0.0441,-0.2364,0.9706,-0.1873,-0.2516,0.9495,-0.0669,-0.2606,0.9631,-0.0674,-0.0139,0.4548,Dark,
26.2755,6.8074,8.4914,0.0000,0.0000,0.0433,-0.2363,0.9707,-0.1882,-0.2514,0.9494,-0.0677,-0.2604,0.9631,-0.0674,-0.0139,0.4549,Dark,
26.2870,6.8233,8.4854,0.0000,0.0000,0.0428,-0.2362,0.9708,-0.1889,-0.2513,0.9493,-0.0684,-0.2603,0.9631,-0.0673,-0.0139,0.4549,Dark,
26.2979,6.8249,8.5030,0.0000,0.0000,0.0417,-0.2361,0.9708,-0.1902,-0.2511,0.9491,-0.0696,-0.2602,0.9630,-0.0673,-0.0139,0.4549,Dark,
26.3086,6.8141,8.5046,0.0000,0.0000,0.0393,-0.2383,0.9704,-0.1941,-0.2532,0.9478,-0.0728,-0.2625,0.9622,-0.0673,-0.0139,0.4549,Dark,
26.3199,6.8240,8.5054,0.0000,0.0000,0.0322,-0.2433,0.9694,-0.2015,-0.2578,0.9450,-0.0802,-0.2673,0.9603,-0.0673,-0.0140,0.4549,Dark,
26.3311,6.8542,8.5107,0.0000,0.0000,0.0244,-0.2539,0.9669,-0.2113,-0.2682,0.9399,-0.0891,-0.2780,0.9564,-0.0673,-0.0140,0.4549,Dark,
26.3421,6.8749,8.5245,0.0000,0.0000,0.0223,-0.2597,0.9654,-0.2148,-0.2739,0.9375,-0.0919,-0.2838,0.9545,-0.0673,-0.0140,0.4549,Dark,
26.3535,6.8892,8.5366,0.0000,0.0000,0.0209,-0.2655,0.9639,-0.2173,-0.2797,0.9352,-0.0939,-0.2898,0.9525,-0.0673,-0.0141,0.4550,Dark,
26.3643,6.8959,8.5549,0.0000,0.0000,0.0206,-0.2749,0.9613,-0.2217,-0.2893,0.9312,-0.0962,-0.2996,0.9492,-0.0673,-0.0141,0.4549,Dark,
26.3755,6.8926,8.5565,0.0000,0.0000,0.0217,-0.2787,0.9601,-0.2221,-0.2933,0.9299,-0.0958,-0.3036,0.9480,-0.0672,-0.0142,0.4550,Dark,
26.3873,6.8881,8.5563,0.0000,0.0000,0.0236,-0.2814,0.9593,-0.2217,-0.2961,0.9291,-0.0946,-0.3065,0.9471,-0.0672,-0.0143,0.4550,Dark,
26.3978,6.8980,8.5318,0.0000,0.0000,0.0259,-0.2845,0.9583,-0.2220,-0.2994,0.9279,-0.0935,-0.3099,0.9461,-0.0672,-0.0145,0.4549,Dark,
26.4089,6.9093,8.5360,0.0000,0.0000,0.0284,-0.2857,0.9579,-0.2208,-0.3008,0.9278,-0.0916,-0.3113,0.9459,-0.0671,-0.0146,0.4549,Dark,
26.4201,6.9216,8.5405,0.0000,0.0000,0.0298,-0.2882,0.9571,-0.2206,-0.3034,0.9270,-0.0908,-0.3140,0.9451,-0.0671,-0.0149,0.4549,Dark,
26.4316,6.9154,8.5341,0.0000,0.0000,0.0321,-0.2902,0.9564,-0.2205,-0.3056,0.9263,-0.0895,-0.3163,0.9444,-0.0670,-0.0151,0.4548,Dark,
26.4425,6.9006,8.5223,0.0000,0.0000,0.0338,-0.2918,0.9559,-0.2196,-0.3073,0.9259,-0.0881,-0.3180,0.9440,-0.0669,-0.0154,0.4548,Dark,
26.4536,6.8904,8.5114,0.0000,0.0000,0.0356,-0.2956,0.9547,-0.2185,-0.3111,0.9249,-0.0867,-0.3219,0.9428,-0.0668,-0.0158,0.4548,Dark,
26.4646,6.8682,8.4741,0.0000,0.0000,0.0384,-0.2985,0.9536,-0.2166,-0.3142,0.9243,-0.0843,-0.3250,0.9420,-0.0667,-0.0162,0.4548,Dark,
26.4758,6.8583,8.4659,0.0000,0.0000,0.0404,-0.3026,0.9523,-0.2150,-0.3184,0.9233,-0.0824,-0.3291,0.9407,-0.0666,-0.0168,0.4548,Dark,
26.4869,6.8631,8.4608,0.0000,0.0000,0.0428,-0.3072,0.9507,-0.2131,-0.3233,0.9220,-0.0803,-0.3339,0.9392,-0.0665,-0.0176,0.4548,Dark,
26.4986,6.8608,8.4368,0.0000,0.0000,0.0456,-0.3131,0.9486,-0.2109,-0.3294,0.9203,-0.0777,-0.3400,0.9372,-0.0663,-0.0184,0.4547,Dark,
26.5092,6.8560,8.4369,0.0000,0.0000,0.0479,-0.3202,0.9462,-0.2089,-0.3368,0.9181,-0.0755,-0.3472,0.9347,-0.0661,-0.0194,0.4547,Dark,
26.5202,6.8392,8.4196,0.0000,0.0000,0.0503,-0.3294,0.9428,-0.2068,-0.3463,0.9150,-0.0732,-0.3567,0.9314,-0.0658,-0.0205,0.4546,Dark,
26.5319,6.8476,8.4058,0.0000,0.0000,0.0538,-0.3387,0.9394,-0.2043,-0.3559,0.9119,-0.0701,-0.3662,0.9279,-0.0656,-0.0217,0.4545,Dark,
26.5425,6.8561,8.4263,0.0000,0.0000,0.0587,-0.3467,0.9361,-0.1990,-0.3644,0.9097,-0.0649,-0.3744,0.9250,-0.0653,-0.0229,0.4544,Dark,
26.5537,6.8421,8.3935,0.0000,0.0000,0.0786,-0.3452,0.9353,-0.1745,-0.3645,0.9147,-0.0424,-0.3733,0.9267,-0.0650,-0.0243,0.4543,Dark,
26.5649,6.8000,8.3520,0.0000,0.0000,0.0938,-0.3386,0.9363,-0.1534,-0.3589,0.9207,-0.0240,-0.3667,0.9300,-0.0647,-0.0257,0.4542,Dark,
26.5759,6.7640,8.2704,0.0000,0.0000,0.1075,-0.3284,0.9384,-0.1244,-0.3489,0.9289,-0.0027,-0.3553,0.9347,-0.0644,-0.0271,0.4542,Dark,
26.5870,6.6978,8.1081,0.0000,0.0000,0.1090,-0.3226,0.9402,-0.0895,-0.3411,0.9358,0.0147,-0.3459,0.9382,-0.0640,-0.0285,0.4542,Dark,
26.5984,6.6657,8.0394,0.0000,0.0000,0.0961,-0.3284,0.9396,-0.0799,-0.3448,0.9353,0.0123,-0.3489,0.9371,-0.0636,-0.0299,0.4542,Dark,
26.6093,6.6436,8.0523,0.0000,0.0000,0.0856,-0.3382,0.9372,-0.0725,-0.3528,0.9329,0.0102,-0.3564,0.9343,-0.0633,-0.0312,0.4542,Dark,
26.6204,6.6694,8.1352,0.0000,0.0000,0.0680,-0.3624,0.9295,-0.0670,-0.3749,0.9247,0.0034,-0.3777,0.9259,-0.0630,-0.0326,0.4543,Dark,
26.6319,6.7004,8.1902,0.0000,0.0000,0.0677,-0.3810,0.9221,-0.0605,-0.3933,0.9174,0.0063,-0.3957,0.9184,-0.0626,-0.0339,0.4543,Dark,
26.6431,6.7264,8.2509,0.0000,0.0000,0.0695,-0.3925,0.9171,-0.0553,-0.4047,0.9128,0.0098,-0.4069,0.9134,-0.0623,-0.0353,0.4543,Dark,
26.6540,6.8155,8.3981,0.0000,0.0000,0.0734,-0.4303,0.8997,-0.0518,-0.4432,0.8949,0.0134,-0.4450,0.8954,-0.0620,-0.0366,0.4544,Dark,
26.6653,6.8777,8.4804,0.0000,0.0000,0.0765,-0.4378,0.8958,-0.0499,-0.4508,0.8912,0.0160,-0.4526,0.8916,-0.0617,-0.0379,0.4545,Dark,
26.6762,6.9257,8.5564,0.0000,0.0000,0.0809,-0.4604,0.8840,-0.0479,-0.4741,0.8791,0.0193,-0.4757,0.8794,-0.0615,-0.0390,0.4546,Dark,
26.6874,7.0293,8.6411,0.0000,0.0000,0.0908,-0.4883,0.8680,-0.0463,-0.5035,0.8628,0.0253,-0.5047,0.8629,-0.0613,-0.0400,0.4548,Dark,
26.6987,7.0667,8.6540,0.0000,0.0000,0.0947,-0.4927,0.8650,-0.0471,-0.5086,0.8597,0.0270,-0.5098,0.8598,-0.0610,-0.0410,0.4551,Dark,
26.7096,7.0925,8.6719,0.0000,0.0000,0.0982,-0.5076,0.8560,-0.0485,-0.5243,0.8502,0.0282,-0.5254,0.8504,-0.0609,-0.0418,0.4554,Dark,
26.7208,7.0883,8.6950,0.0000,0.0000,0.1040,-0.5189,0.8485,-0.0531,-0.5370,0.8419,0.0290,-0.5382,0.8423,-0.0607,-0.0426,0.4557,Dark,
26.7321,7.0813,8.7203,0.0000,0.0000,0.1071,-0.5330,0.8393,-0.0555,-0.5519,0.8320,0.0295,-0.5530,0.8326,-0.0606,-0.0434,0.4560,Dark,
26.7432,7.0430,8.7419,0.0000,0.0000,0.1115,-0.5487,0.8286,-0.0631,-0.5690,0.8199,0.0282,-0.5702,0.8210,-0.0606,-0.0440,0.4564,Dark,
26.7542,7.0511,8.7454,0.0000,0.0000,0.1133,-0.5581,0.8220,-0.0670,-0.5790,0.8125,0.0273,-0.5803,0.8139,-0.0605,-0.0446,0.4568,Dark,
26.7653,7.0606,8.7558,0.0000,0.0000,0.1152,-0.5655,0.8167,-0.0713,-0.5870,0.8064,0.0263,-0.5884,0.8081,-0.0605,-0.0452,0.4572,Dark,
26.7765,7.0369,8.7751,0.0000,0.0000,0.1180,-0.5728,0.8112,-0.0802,-0.5955,0.7993,0.0236,-0.5972,0.8018,-0.0605,-0.0457,0.4576,Dark,
26.7878,7.0330,8.7856,0.0000,0.0000,0.1192,-0.5759,0.8088,-0.0845,-0.5991,0.7962,0.0222,-0.6010,0.7990,-0.0605,-0.0463,0.4579,Dark,
26.7988,7.0286,8.7782,0.0000,0.0000,0.1205,-0.5756,0.8088,-0.0886,-0.5994,0.7955,0.0210,-0.6014,0.7987,-0.0605,-0.0469,0.4583,Dark,
26.8099,7.0401,8.7784,0.0000,0.0000,0.1239,-0.5753,0.8085,-0.0947,-0.6002,0.7942,0.0199,-0.6025,0.7979,-0.0605,-0.0474,0.4586,Dark,
26.8210,7.0434,8.7848,0.0000,0.0000,0.1248,-0.5777,0.8067,-0.0979,-0.6029,0.7918,0.0189,-0.6053,0.7958,-0.0606,-0.0479,0.4589,Dark,
26.8327,7.0452,8.7859,0.0000,0.0000,0.1254,-0.5779,0.8064,-0.1016,-0.6034,0.7909,0.0175,-0.6061,0.7952,-0.0606,-0.0483,0.4593,Dark,
26.8434,7.0410,8.7771,0.0000,0.0000,0.1279,-0.5783,0.8057,-0.1067,-0.6046,0.7894,0.0165,-0.6075,0.7942,-0.0607,-0.0487,0.4596,Dark,
26.8545,7.0277,8.7670,0.0000,0.0000,0.1284,-0.5788,0.8053,-0.1096,-0.6053,0.7884,0.0153,-0.6084,0.7935,-0.0608,-0.0491,0.4600,Dark,
26.8656,7.0172,8.7497,0.0000,0.0000,0.1287,-0.5792,0.8050,-0.1124,-0.6059,0.7875,0.0142,-0.6092,0.7929,-0.0609,-0.0495,0.4604,Dark,
26.8768,7.0023,8.7182,0.0000,0.0000,0.1302,-0.5789,0.8050,-0.1162,-0.6061,0.7868,0.0132,-0.6096,0.7926,-0.0610,-0.0498,0.4608,Dark,
26.8878,6.9942,8.7048,0.0000,0.0000,0.1303,-0.5800,0.8041,-0.1183,-0.6075,0.7855,0.0123,-0.6110,0.7915,-0.0610,-0.0502,0.4612,Dark,
26.8991,6.9888,8.6833,0.0000,0.0000,0.1302,-0.5813,0.8032,-0.1202,-0.6089,0.7841,0.0114,-0.6125,0.7904,-0.0610,-0.0507,0.4615,Dark,
26.9104,6.9943,8.6807,0.0000,0.0000,0.1309,-0.5821,0.8025,-0.1226,-0.6099,0.7830,0.0106,-0.6137,0.7895,-0.0611,-0.0510,0.4618,Dark,
26.9212,6.9903,8.6941,0.0000,0.0000,0.1309,-0.5831,0.8018,-0.1240,-0.6109,0.7819,0.0100,-0.6149,0.7886,-0.0611,-0.0514,0.4621,Dark,
26.9324,6.9871,8.6937,0.0000,0.0000,0.1307,-0.5843,0.8009,-0.1252,-0.6121,0.7808,0.0093,-0.6161,0.7876,-0.0611,-0.0517,0.4625,Dark,
26.9437,6.9876,8.6735,0.0000,0.0000,0.1309,-0.5843,0.8009,-0.1270,-0.6122,0.7805,0.0086,-0.6163,0.7874,-0.0613,-0.0520,0.4629,Dark,
26.9546,6.9770,8.6548,0.0000,0.0000,0.1308,-0.5846,0.8007,-0.1280,-0.6124,0.7801,0.0080,-0.6167,0.7871,-0.0613,-0.0522,0.4632,Dark,
26.9660,6.9613,8.6117,0.0000,0.0000,0.1309,-0.5846,0.8007,-0.1294,-0.6124,0.7798,0.0074,-0.6169,0.7870,-0.0613,-0.0525,0.4636,Dark,
26.9770,6.9552,8.6132,0.0000,0.0000,0.1308,-0.5849,0.8005,-0.1302,-0.6126,0.7796,0.0070,-0.6172,0.7868,-0.0614,-0.0527,0.4640,Dark,
26.9880,6.9530,8.6170,0.0000,0.0000,0.1311,-0.5849,0.8005,-0.1306,-0.6125,0.7796,0.0070,-0.6172,0.7868,-0.0614,-0.0529,0.4643,Dark,
26.9992,6.9473,8.6212,0.0000,0.0000,0.1317,-0.5846,0.8006,-0.1310,-0.6123,0.7797,0.0071,-0.6170,0.7869,-0.0614,-0.0531,0.4646,Dark,
27.0104,6.9431,8.6281,0.0000,0.0000,0.1319,-0.5846,0.8005,-0.1314,-0.6122,0.7797,0.0070,-0.6171,0.7869,-0.0614,-0.0532,0.4649,Dark,
27.0215,6.9479,8.6326,0.0000,0.0000,0.1324,-0.5844,0.8006,-0.1315,-0.6120,0.7798,0.0072,-0.6169,0.7870,-0.0614,-0.0534,0.4652,Dark,
27.0325,6.9576,8.6290,0.0000,0.0000,0.1334,-0.5838,0.8009,-0.1315,-0.6114,0.7803,0.0078,-0.6164,0.7874,-0.0614,-0.0536,0.4654,Dark,
27.0438,6.9626,8.6204,0.0000,0.0000,0.1339,-0.5843,0.8004,-0.1314,-0.6120,0.7799,0.0081,-0.6170,0.7869,-0.0615,-0.0537,0.4656,Dark,
27.0549,6.9582,8.6129,0.0000,0.0000,0.1350,-0.5842,0.8003,-0.1308,-0.6120,0.7800,0.0090,-0.6170,0.7869,-0.0615,-0.0539,0.4658,Dark,
27.0660,6.9491,8.6171,0.0000,0.0000,0.1361,-0.5837,0.8005,-0.1306,-0.6115,0.7804,0.0097,-0.6166,0.7873,-0.0615,-0.0541,0.4659,Dark,
27.0777,6.9457,8.6191,0.0000,0.0000,0.1368,-0.5836,0.8005,-0.1303,-0.6115,0.7805,0.0102,-0.6165,0.7873,-0.0615,-0.0541,0.4661,Dark,
27.0883,6.9508,8.6211,0.0000,0.0000,0.1378,-0.5827,0.8009,-0.1297,-0.6108,0.7811,0.0110,-0.6158,0.7878,-0.0615,-0.0542,0.4662,Dark,
27.0997,6.9651,8.6388,0.0000,0.0000,0.1387,-0.5815,0.8016,-0.1297,-0.6097,0.7819,0.0115,-0.6147,0.7887,-0.0616,-0.0544,0.4664,Dark,
27.1107,6.9722,8.6330,0.0000,0.0000,0.1395,-0.5809,0.8020,-0.1293,-0.6092,0.7824,0.0121,-0.6142,0.7891,-0.0616,-0.0544,0.4665,Dark,
27.1219,6.9746,8.6279,0.0000,0.0000,0.1402,-0.5800,0.8025,-0.1288,-0.6085,0.7830,0.0127,-0.6134,0.7897,-0.0617,-0.0545,0.4666,Dark,
27.1330,6.9750,8.6240,0.0000,0.0000,0.1405,-0.5788,0.8032,-0.1292,-0.6074,0.7838,0.0127,-0.6124,0.7905,-0.0617,-0.0545,0.4667,Dark,
27.1443,6.9743,8.6139,0.0000,0.0000,0.1408,-0.5782,0.8036,-0.1292,-0.6068,0.7843,0.0129,-0.6118,0.7909,-0.0618,-0.0545,0.4668,Dark,
27.1552,6.9704,8.6065,0.0000,0.0000,0.1415,-0.5774,0.8041,-0.1287,-0.6062,0.7848,0.0135,-0.6111,0.7914,-0.0619,-0.0545,0.4668,Dark,
27.1663,6.9586,8.5901,0.0000,0.0000,0.1421,-0.5761,0.8049,-0.1286,-0.6051,0.7857,0.0138,-0.6100,0.7923,-0.0620,-0.0545,0.4669,Dark,
27.1776,6.9515,8.5919,0.0000,0.0000,0.1423,-0.5754,0.8054,-0.1285,-0.6044,0.7863,0.0140,-0.6093,0.7928,-0.0620,-0.0544,0.4669,Dark,
27.1887,6.9447,8.5946,0.0000,0.0000,0.1428,-0.5743,0.8061,-0.1283,-0.6034,0.7871,0.0143,-0.6082,0.7936,-0.0621,-0.0544,0.4670,Dark,
27.1998,6.9298,8.5991,0.0000,0.0000,0.1431,-0.5731,0.8069,-0.1283,-0.6022,0.7879,0.0145,-0.6071,0.7945,-0.0621,-0.0544,0.4670,Dark,
27.2111,6.9224,8.5976,0.0000,0.0000,0.1437,-0.5724,0.8073,-0.1279,-0.6015,0.7886,0.0150,-0.6064,0.7950,-0.0622,-0.0543,0.4671,Dark,
27.2219,6.9273,8.5955,0.0000,0.0000,0.1447,-0.5711,0.8081,-0.1270,-0.6002,0.7897,0.0160,-0.6051,0.7960,-0.0622,-0.0542,0.4672,Dark,
27.2333,6.9276,8.5811,0.0000,0.0000,0.1456,-0.5694,0.8091,-0.1264,-0.5986,0.7910,0.0167,-0.6035,0.7972,-0.0621,-0.0542,0.4674,Dark,
27.2443,6.9242,8.5720,0.0000,0.0000,0.1467,-0.5679,0.8099,-0.1254,-0.5972,0.7922,0.0178,-0.6021,0.7982,-0.0621,-0.0540,0.4677,Dark,
27.2556,6.9352,8.5650,0.0000,0.0000,0.1484,-0.5660,0.8110,-0.1239,-0.5955,0.7938,0.0194,-0.6002,0.7996,-0.0620,-0.0539,0.4680,Dark,
27.2667,6.9499,8.5723,0.0000,0.0000,0.1497,-0.5640,0.8121,-0.1228,-0.5935,0.7954,0.0206,-0.5983,0.8010,-0.0619,-0.0539,0.4684,Dark,
27.2777,6.9503,8.5763,0.0000,0.0000,0.1518,-0.5626,0.8127,-0.1207,-0.5924,0.7965,0.0227,-0.5971,0.8019,-0.0618,-0.0537,0.4689,Dark,
27.2889,6.9507,8.5698,0.0000,0.0000,0.1536,-0.5612,0.8133,-0.1190,-0.5911,0.7978,0.0245,-0.5957,0.8028,-0.0616,-0.0536,0.4694,Dark,
27.3003,6.9601,8.5638,0.0000,0.0000,0.1554,-0.5592,0.8143,-0.1175,-0.5892,0.7994,0.0261,-0.5938,0.8042,-0.0614,-0.0537,0.4700,Dark,
27.3113,6.9671,8.5606,0.0000,0.0000,0.1577,-0.5588,0.8142,-0.1153,-0.5889,0.8000,0.0284,-0.5934,0.8044,-0.0612,-0.0537,0.4707,Dark,
27.3223,6.9730,8.5604,0.0000,0.0000,0.1599,-0.5586,0.8139,-0.1133,-0.5887,0.8004,0.0305,-0.5933,0.8044,-0.0610,-0.0538,0.4713,Dark,
27.3334,6.9868,8.6066,0.0000,0.0000,0.1622,-0.5587,0.8133,-0.1115,-0.5889,0.8005,0.0326,-0.5935,0.8042,-0.0607,-0.0541,0.4720,Dark,
27.3445,7.0112,8.6234,0.0000,0.0000,0.1643,-0.5596,0.8123,-0.1095,-0.5901,0.7999,0.0346,-0.5945,0.8033,-0.0605,-0.0544,0.4727,Dark,
27.3559,7.0302,8.6354,0.0000,0.0000,0.1663,-0.5616,0.8106,-0.1078,-0.5922,0.7985,0.0365,-0.5966,0.8017,-0.0603,-0.0549,0.4734,Dark,
27.3668,7.0510,8.6567,0.0000,0.0000,0.1685,-0.5631,0.8090,-0.1061,-0.5941,0.7973,0.0384,-0.5984,0.8003,-0.0600,-0.0554,0.4741,Dark,
27.3779,7.0563,8.6647,0.0000,0.0000,0.1699,-0.5665,0.8063,-0.1039,-0.5977,0.7949,0.0402,-0.6018,0.7977,-0.0597,-0.0560,0.4749,Dark,
27.3891,7.0589,8.7111,0.0000,0.0000,0.1711,-0.5722,0.8021,-0.1021,-0.6037,0.7907,0.0417,-0.6074,0.7933,-0.0593,-0.0567,0.4755,Dark,
27.4005,7.0594,8.7165,0.0000,0.0000,0.1728,-0.5766,0.7985,-0.1001,-0.6085,0.7872,0.0435,-0.6120,0.7896,-0.0589,-0.0576,0.4762,Dark,
27.4114,7.0707,8.7188,0.0000,0.0000,0.1747,-0.5817,0.7944,-0.0982,-0.6141,0.7831,0.0455,-0.6173,0.7854,-0.0586,-0.0584,0.4769,Dark,
27.4225,7.0774,8.7315,0.0000,0.0000,0.1764,-0.5875,0.7898,-0.0973,-0.6200,0.7785,0.0469,-0.6232,0.7806,-0.0582,-0.0595,0.4775,Dark,
27.4335,7.0745,8.7333,0.0000,0.0000,0.1783,-0.5929,0.7853,-0.0961,-0.6258,0.7740,0.0484,-0.6288,0.7760,-0.0578,-0.0606,0.4780,Dark,
27.4445,7.0609,8.7355,0.0000,0.0000,0.1803,-0.5987,0.7804,-0.0947,-0.6319,0.7693,0.0501,-0.6348,0.7710,-0.0574,-0.0616,0.4787,Dark,
27.4558,7.0420,8.6977,0.0000,0.0000,0.1821,-0.6054,0.7748,-0.0937,-0.6387,0.7637,0.0516,-0.6416,0.7653,-0.0570,-0.0628,0.4792,Dark,
27.4671,7.0379,8.6790,0.0000,0.0000,0.1836,-0.6117,0.7695,-0.0925,-0.6451,0.7585,0.0530,-0.6479,0.7599,-0.0565,-0.0640,0.4796,Dark,
27.4780,7.0306,8.6647,0.0000,0.0000,0.1851,-0.6181,0.7640,-0.0912,-0.6515,0.7531,0.0544,-0.6543,0.7543,-0.0561,-0.0653,0.4802,Dark,
27.4892,7.0204,8.6725,0.0000,0.0000,0.1859,-0.6247,0.7584,-0.0908,-0.6580,0.7476,0.0549,-0.6608,0.7485,-0.0556,-0.0666,0.4807,Dark,
27.5004,7.0162,8.6678,0.0000,0.0000,0.1869,-0.6308,0.7531,-0.0902,-0.6639,0.7423,0.0557,-0.6669,0.7431,-0.0551,-0.0678,0.4813,Dark,
27.5125,7.0239,8.6635,0.0000,0.0000,0.1883,-0.6367,0.7478,-0.0894,-0.6697,0.7372,0.0568,-0.6727,0.7377,-0.0547,-0.0692,0.4819,Dark,
27.5235,7.0326,8.7049,0.0000,0.0000,0.1859,-0.6492,0.7375,-0.0920,-0.6813,0.7262,0.0541,-0.6847,0.7268,-0.0542,-0.0707,0.4825,Dark,
27.5338,7.0333,8.7094,0.0000,0.0000,0.1840,-0.6613,0.7272,-0.0938,-0.6926,0.7152,0.0522,-0.6964,0.7158,-0.0538,-0.0723,0.4830,Dark,
27.5449,7.0460,8.7131,0.0000,0.0000,0.1792,-0.6775,0.7134,-0.0978,-0.7074,0.7000,0.0476,-0.7116,0.7010,-0.0534,-0.0738,0.4835,Dark,
27.5562,7.0646,8.7717,0.0000,0.0000,0.1779,-0.6949,0.6967,-0.0971,-0.7242,0.6827,0.0471,-0.7283,0.6836,-0.0530,-0.0754,0.4838,Dark,
27.5676,7.0720,8.7804,0.0000,0.0000,0.1799,-0.7059,0.6851,-0.0946,-0.7352,0.6712,0.0493,-0.7391,0.6717,-0.0525,-0.0771,0.4841,Dark,
27.5783,7.0731,8.7869,0.0000,0.0000,0.1843,-0.7131,0.6764,-0.0904,-0.7429,0.6633,0.0537,-0.7465,0.6632,-0.0521,-0.0787,0.4843,Dark,
27.5898,7.0593,8.7689,0.0000,0.0000,0.1854,-0.7214,0.6673,-0.0896,-0.7511,0.6541,0.0546,-0.7547,0.6538,-0.0516,-0.0804,0.4846,Dark,
27.6006,7.0482,8.7476,0.0000,0.0000,0.1870,-0.7285,0.6590,-0.0887,-0.7582,0.6460,0.0558,-0.7618,0.6454,-0.0512,-0.0819,0.4849,Dark,
27.6119,7.0323,8.7314,0.0000,0.0000,0.1907,-0.7330,0.6529,-0.0857,-0.7632,0.6404,0.0592,-0.7666,0.6394,-0.0508,-0.0836,0.4851,Dark,
27.6231,7.0150,8.7087,0.0000,0.0000,0.1945,-0.7351,0.6495,-0.0838,-0.7659,0.6374,0.0621,-0.7691,0.6361,-0.0503,-0.0852,0.4852,Dark,
27.6341,7.0123,8.6887,0.0000,0.0000,0.1977,-0.7391,0.6440,-0.0820,-0.7705,0.6321,0.0647,-0.7735,0.6305,-0.0499,-0.0866,0.4851,Dark,
27.6454,7.0251,8.6733,0.0000,0.0000,0.2024,-0.7418,0.6393,-0.0787,-0.7742,0.6280,0.0688,-0.7768,0.6260,-0.0494,-0.0881,0.4849,Dark,
27.6564,7.0250,8.6501,0.0000,0.0000,0.2065,-0.7415,0.6384,-0.0764,-0.7747,0.6277,0.0721,-0.7770,0.6253,-0.0489,-0.0894,0.4848,Dark,
27.6681,7.0143,8.6200,0.0000,0.0000,0.2094,-0.7433,0.6354,-0.0741,-0.7772,0.6249,0.0748,-0.7792,0.6223,-0.0485,-0.0904,0.4846,Dark,
27.6786,6.9857,8.5966,0.0000,0.0000,0.2127,-0.7435,0.6340,-0.0707,-0.7781,0.6241,0.0781,-0.7798,0.6212,-0.0482,-0.0912,0.4846,Dark,
27.6900,6.9265,8.5168,0.0000,0.0000,0.2127,-0.7411,0.6368,-0.0693,-0.7758,0.6272,0.0788,-0.7773,0.6242,-0.0479,-0.0919,0.4847,Dark,
27.7011,6.9007,8.5000,0.0000,0.0000,0.2153,-0.7422,0.6346,-0.0651,-0.7775,0.6255,0.0822,-0.7786,0.6221,-0.0475,-0.0925,0.4849,Dark,
27.7125,6.8776,8.4902,0.0000,0.0000,0.2166,-0.7398,0.6370,-0.0620,-0.7753,0.6285,0.0843,-0.7761,0.6249,-0.0472,-0.0930,0.4851,Dark,
27.7232,6.8552,8.4641,0.0000,0.0000,0.2158,-0.7345,0.6433,-0.0606,-0.7698,0.6354,0.0845,-0.7706,0.6317,-0.0469,-0.0934,0.4854,Dark,
27.7341,6.8522,8.4623,0.0000,0.0000,0.2173,-0.7322,0.6455,-0.0590,-0.7676,0.6382,0.0861,-0.7684,0.6342,-0.0465,-0.0939,0.4857,Dark,
27.7453,6.8569,8.4604,0.0000,0.0000,0.2185,-0.7293,0.6483,-0.0570,-0.7648,0.6417,0.0876,-0.7655,0.6374,-0.0462,-0.0941,0.4860,Dark,
27.7565,6.8529,8.4546,0.0000,0.0000,0.2187,-0.7249,0.6532,-0.0561,-0.7602,0.6472,0.0881,-0.7610,0.6427,-0.0458,-0.0945,0.4863,Dark,
27.7681,6.8453,8.4522,0.0000,0.0000,0.2210,-0.7229,0.6547,-0.0537,-0.7585,0.6494,0.0904,-0.7592,0.6446,-0.0453,-0.0949,0.4865,Dark,
27.7789,6.8491,8.4499,0.0000,0.0000,0.2226,-0.7216,0.6555,-0.0519,-0.7574,0.6509,0.0921,-0.7580,0.6458,-0.0448,-0.0950,0.4867,Dark,
27.7901,6.8507,8.4581,0.0000,0.0000,0.2240,-0.7186,0.6583,-0.0504,-0.7543,0.6545,0.0935,-0.7550,0.6490,-0.0443,-0.0954,0.4869,Dark,
27.8012,6.8499,8.4655,0.0000,0.0000,0.2258,-0.7176,0.6589,-0.0489,-0.7533,0.6558,0.0952,-0.7540,0.6499,-0.0438,-0.0955,0.4870,Dark,
27.8123,6.8524,8.4716,0.0000,0.0000,0.2276,-0.7158,0.6601,-0.0472,-0.7516,0.6579,0.0969,-0.7523,0.6516,-0.0432,-0.0957,0.4873,Dark,
27.8234,6.8507,8.4804,0.0000,0.0000,0.2283,-0.7130,0.6630,-0.0474,-0.7486,0.6613,0.0971,-0.7495,0.6548,-0.0426,-0.0959,0.4876,Dark,
27.8345,6.8487,8.4899,0.0000,0.0000,0.2301,-0.7118,0.6636,-0.0464,-0.7475,0.6627,0.0985,-0.7485,0.6558,-0.0420,-0.0960,0.4879,Dark,
27.8459,6.8514,8.4973,0.0000,0.0000,0.2321,-0.7111,0.6637,-0.0450,-0.7468,0.6635,0.1002,-0.7479,0.6563,-0.0413,-0.0963,0.4882,Dark,
27.8569,6.8752,8.4833,0.0000,0.0000,0.2291,-0.7000,0.6764,-0.0509,-0.7348,0.6764,0.0957,-0.7368,0.6693,-0.0405,-0.0965,0.4884,Dark,
27.8680,6.8933,8.4430,0.0000,0.0000,0.2456,-0.6849,0.6860,-0.0302,-0.7227,0.6905,0.1146,-0.7229,0.6814,-0.0397,-0.0967,0.4886,Dark,
27.8790,6.8812,8.4092,0.0000,0.0000,0.2908,-0.6569,0.6956,0.0180,-0.7035,0.7105,0.1626,-0.6990,0.6964,-0.0389,-0.0971,0.4887,Dark,
27.8902,6.8409,8.4079,0.0000,0.0000,0.4011,-0.5977,0.6941,0.1594,-0.6611,0.7332,0.2903,-0.6456,0.7064,-0.0381,-0.0974,0.4888,Dark,
27.9015,6.8163,8.4539,0.0000,0.0000,0.4400,-0.5797,0.6858,0.2217,-0.6453,0.7311,0.3405,-0.6268,0.7008,-0.0373,-0.0978,0.4890,Dark,
27.9127,6.7764,8.5100,0.0000,0.0000,0.4518,-0.5721,0.6845,0.2456,-0.6364,0.7312,0.3579,-0.6177,0.7003,-0.0366,-0.0980,0.4893,Dark,
27.9237,6.7683,8.5177,0.0000,0.0000,0.4533,-0.5645,0.6898,0.2535,-0.6266,0.7370,0.3622,-0.6086,0.7060,-0.0360,-0.0985,0.4895,Dark,
27.9349,6.7496,8.5178,0.0000,0.0000,0.4603,-0.5673,0.6829,0.2631,-0.6297,0.7309,0.3705,-0.6113,0.6993,-0.0352,-0.0988,0.4897,Dark,
27.9458,6.7444,8.5154,0.0000,0.0000,0.4632,-0.5683,0.6801,0.2680,-0.6303,0.7286,0.3742,-0.6119,0.6968,-0.0345,-0.0992,0.4898,Dark,
27.9569,6.7408,8.5215,0.0000,0.0000,0.4496,-0.5798,0.6795,0.2524,-0.6399,0.7258,0.3594,-0.6226,0.6952,-0.0337,-0.0997,0.4898,Dark,
27.9682,6.7020,8.5089,0.0000,0.0000,0.4278,-0.5909,0.6840,0.3095,-0.6283,0.7137,0.3725,-0.6167,0.6935,-0.0330,-0.1002,0.4899,Dark,
27.9794,6.7172,8.4915,0.0000,0.0000,0.4123,-0.6005,0.6851,0.3244,-0.6282,0.7071,0.3707,-0.6195,0.6919,-0.0322,-0.1007,0.4899,Dark,
27.9903,6.7386,8.4779,0.0000,0.0000,0.3934,-0.6095,0.6883,0.3319,-0.6285,0.7034,0.3641,-0.6225,0.6928,-0.0313,-0.1011,0.4900,Dark,
28.0017,6.7446,8.4705,0.0000,0.0000,0.3850,-0.6144,0.6887,0.3303,-0.6310,0.7020,0.3589,-0.6257,0.6926,-0.0304,-0.1012,0.4902,Dark,
28.0128,6.7369,8.4671,0.0000,0.0000,0.3861,-0.6136,0.6887,0.3368,-0.6286,0.7011,0.3625,-0.6239,0.6924,-0.0294,-0.1014,0.4904,Dark,
28.0239,6.6944,8.4379,0.0000,0.0000,0.3817,-0.6140,0.6908,0.3391,-0.6267,0.7016,0.3613,-0.6227,0.6940,-0.0285,-0.1016,0.4907,Dark,
28.0354,6.6680,8.4298,0.0000,0.0000,0.3793,-0.6149,0.6914,0.3389,-0.6268,0.7016,0.3599,-0.6231,0.6945,-0.0277,-0.1017,0.4910,Dark,
28.0460,6.6473,8.4242,0.0000,0.0000,0.3805,-0.6148,0.6909,0.3421,-0.6260,0.7008,0.3620,-0.6225,0.6939,-0.0268,-0.1018,0.4913,Dark,
28.0573,6.6343,8.4156,0.0000,0.0000,0.3786,-0.6129,0.6936,0.3430,-0.6231,0.7029,0.3614,-0.6200,0.6964,-0.0260,-0.1019,0.4916,Dark,
28.0683,6.6381,8.4089,0.0000,0.0000,0.3780,-0.6123,0.6944,0.3435,-0.6221,0.7035,0.3614,-0.6191,0.6972,-0.0251,-0.1020,0.4918,Dark,
28.0797,6.6442,8.4030,0.0000,0.0000,0.3764,-0.6135,0.6943,0.3428,-0.6228,0.7033,0.3602,-0.6200,0.6971,-0.0244,-0.1020,0.4919,Dark,
28.0906,6.6877,8.4285,0.0000,0.0000,0.3756,-0.6107,0.6971,0.3435,-0.6196,0.7058,0.3601,-0.6169,0.6998,-0.0237,-0.1023,0.4919,Dark,
28.1018,6.7056,8.4307,0.0000,0.0000,0.3750,-0.6115,0.6967,0.3435,-0.6202,0.7053,0.3598,-0.6176,0.6994,-0.0230,-0.1024,0.4919,Dark,
28.1129,6.7192,8.4321,0.0000,0.0000,0.3743,-0.6128,0.6960,0.3433,-0.6212,0.7044,0.3593,-0.6187,0.6986,-0.0224,-0.1026,0.4918,Dark,
28.1241,6.7438,8.4220,0.0000,0.0000,0.3718,-0.6137,0.6965,0.3415,-0.6218,0.7048,0.3571,-0.6194,0.6991,-0.0220,-0.1029,0.4918,Dark,
28.1355,6.7532,8.4156,0.0000,0.0000,0.3682,-0.6162,0.6962,0.3383,-0.6241,0.7043,0.3537,-0.6218,0.6987,-0.0218,-0.1031,0.4917,Dark,
28.1463,6.7598,8.4226,0.0000,0.0000,0.3655,-0.6186,0.6955,0.3358,-0.6263,0.7035,0.3511,-0.6241,0.6980,-0.0215,-0.1034,0.4916,Dark,
28.1576,6.7879,8.4409,0.0000,0.0000,0.3619,-0.6207,0.6955,0.3327,-0.6281,0.7034,0.3478,-0.6260,0.6980,-0.0213,-0.1037,0.4914,Dark,
28.1686,6.7863,8.4501,0.0000,0.0000,0.3586,-0.6238,0.6945,0.3295,-0.6312,0.7022,0.3445,-0.6291,0.6968,-0.0212,-0.1040,0.4912,Dark,
28.1798,6.7985,8.4779,0.0000,0.0000,0.3491,-0.6263,0.6971,0.3202,-0.6333,0.7045,0.3351,-0.6314,0.6993,-0.0212,-0.1042,0.4911,Dark,
28.1909,6.8108,8.4388,0.0000,0.0000,0.3366,-0.6278,0.7018,0.3046,-0.6352,0.7097,0.3211,-0.6333,0.7042,-0.0212,-0.1046,0.4908,Dark,
28.2020,6.7869,8.4053,0.0000,0.0000,0.3104,-0.6294,0.7124,0.2748,-0.6367,0.7205,0.2931,-0.6350,0.7147,-0.0212,-0.1051,0.4906,Dark,
28.2131,6.7252,8.2746,0.0000,0.0000,0.2248,-0.6223,0.7498,0.1800,-0.6284,0.7568,0.2031,-0.6278,0.7514,-0.0212,-0.1057,0.4902,Dark,
28.2243,6.6900,8.2401,0.0000,0.0000,0.1855,-0.6196,0.7627,0.1357,-0.6250,0.7687,0.1613,-0.6251,0.7637,-0.0212,-0.1063,0.4898,Dark,
28.2356,6.6727,8.2190,0.0000,0.0000,0.1516,-0.6157,0.7733,0.0972,-0.6204,0.7783,0.1252,-0.6211,0.7737,-0.0212,-0.1068,0.4896,Dark,
28.2472,6.6265,8.2083,0.0000,0.0000,0.1073,-0.5989,0.7936,0.0433,-0.6025,0.7969,0.0762,-0.6044,0.7930,-0.0211,-0.1073,0.4896,Dark,
28.2580,6.5979,8.1754,0.0000,0.0000,0.0942,-0.5940,0.7990,0.0252,-0.5975,0.8015,0.0607,-0.5997,0.7979,-0.0210,-0.1078,0.4894,Dark,
28.2691,6.5688,8.1469,0.0000,0.0000,0.0877,-0.5885,0.8037,0.0139,-0.5921,0.8057,0.0518,-0.5946,0.8023,-0.0209,-0.1085,0.4892,Dark,
28.2801,6.5059,8.1037,0.0000,0.0000,0.0947,-0.5776,0.8108,0.0107,-0.5818,0.8133,0.0540,-0.5847,0.8095,-0.0210,-0.1092,0.4889,Dark,
28.2915,6.4776,8.0975,0.0000,0.0000,0.0987,-0.5773,0.8106,0.0095,-0.5819,0.8132,0.0554,-0.5849,0.8092,-0.0215,-0.1098,0.4886,Dark,
28.3025,6.4346,8.0964,0.0000,0.0000,0.1057,-0.5797,0.8080,0.0114,-0.5849,0.8110,0.0600,-0.5879,0.8067,-0.0219,-0.1104,0.4883,Dark,
28.3136,6.3798,8.0552,0.0000,0.0000,0.1324,-0.5833,0.8014,0.0281,-0.5907,0.8064,0.0821,-0.5933,0.8008,-0.0222,-0.1110,0.4881,Dark,
28.3247,6.3661,8.0429,0.0000,0.0000,0.1332,-0.5844,0.8005,0.0238,-0.5922,0.8054,0.0804,-0.5949,0.7998,-0.0224,-0.1116,0.4879,Dark,
28.3358,6.3181,8.0334,0.0000,0.0000,0.1400,-0.5886,0.7962,0.0257,-0.5973,0.8016,0.0849,-0.5999,0.7956,-0.0226,-0.1121,0.4876,Dark,
28.3473,6.2726,7.9908,0.0000,0.0000,0.1542,-0.5903,0.7923,0.0304,-0.6008,0.7988,0.0948,-0.6032,0.7920,-0.0229,-0.1126,0.4875,Dark,
28.3580,6.2677,8.0304,0.0000,0.0000,0.1584,-0.5899,0.7918,0.0306,-0.6013,0.7984,0.0971,-0.6035,0.7914,-0.0232,-0.1133,0.4873,Dark,
28.3693,6.2677,8.0641,0.0000,0.0000,0.1609,-0.5880,0.7927,0.0292,-0.6001,0.7994,0.0978,-0.6022,0.7923,-0.0235,-0.1141,0.4871,Dark,
28.3805,6.2633,8.1426,0.0000,0.0000,0.1676,-0.5765,0.7997,0.0295,-0.5897,0.8071,0.1016,-0.5917,0.7997,-0.0238,-0.1149,0.4872,Dark,
28.3914,6.2544,8.1630,0.0000,0.0000,0.1704,-0.5773,0.7986,0.0299,-0.5908,0.8062,0.1033,-0.5928,0.7987,-0.0240,-0.1158,0.4871,Dark,
28.4025,6.2433,8.1485,0.0000,0.0000,0.1594,-0.5822,0.7973,0.0142,-0.5952,0.8035,0.0900,-0.5978,0.7966,-0.0241,-0.1166,0.4872,Dark,
28.4137,6.1991,8.1263,0.0000,0.0000,0.1455,-0.5916,0.7930,-0.0024,-0.6037,0.7972,0.0747,-0.6069,0.7912,-0.0244,-0.1176,0.4873,Dark,
28.4248,6.1638,8.1036,0.0000,0.0000,0.1420,-0.5959,0.7904,-0.0078,-0.6079,0.7940,0.0703,-0.6113,0.7883,-0.0247,-0.1189,0.4873,Dark,
28.4360,6.1093,8.0430,0.0000,0.0000,0.1185,-0.6059,0.7867,-0.0374,-0.6160,0.7868,0.0437,-0.6208,0.7828,-0.0249,-0.1201,0.4874,Dark,
28.4471,6.0823,8.0094,0.0000,0.0000,0.1009,-0.6132,0.7835,-0.0570,-0.6218,0.7811,0.0250,-0.6275,0.7782,-0.0252,-0.1214,0.4878,Dark,
28.4586,6.0645,7.9525,0.0000,0.0000,0.0764,-0.6149,0.7849,-0.0854,-0.6211,0.7790,-0.0016,-0.6283,0.7780,-0.0253,-0.1227,0.4881,Dark,
28.4693,6.0420,7.8412,0.0000,0.0000,0.0359,-0.5996,0.7995,-0.1322,-0.6016,0.7878,-0.0457,-0.6115,0.7899,-0.0255,-0.1240,0.4887,Dark,
28.4809,6.0132,7.7918,0.0000,0.0000,0.0152,-0.5868,0.8096,-0.1550,-0.5866,0.7949,-0.0676,-0.5978,0.7988,-0.0258,-0.1254,0.4893,Dark,
28.4919,5.9905,7.6638,0.0000,0.0000,0.0172,-0.5854,0.8106,-0.1578,-0.5851,0.7955,-0.0679,-0.5967,0.7996,-0.0262,-0.1270,0.4901,Dark,
28.5030,6.0347,7.5128,0.0000,0.0000,0.0265,-0.5753,0.8175,-0.1568,-0.5754,0.8027,-0.0625,-0.5875,0.8068,-0.0265,-0.1288,0.4909,Dark,
28.5142,6.0194,7.4801,0.0000,0.0000,0.0281,-0.5780,0.8155,-0.1590,-0.5778,0.8006,-0.0627,-0.5903,0.8047,-0.0266,-0.1306,0.4918,Dark,
28.5253,6.0069,7.4646,0.0000,0.0000,-0.0017,-0.5844,0.8115,-0.1924,-0.5800,0.7916,-0.0948,-0.5949,0.7982,-0.0268,-0.1325,0.4925,Dark,
28.5362,5.9337,7.4067,0.0000,0.0000,0.0402,-0.5890,0.8071,-0.1605,-0.5885,0.7924,-0.0570,-0.6022,0.7963,-0.0268,-0.1344,0.4933,Dark,
28.5482,5.8359,7.3880,0.0000,0.0000,0.0406,-0.5984,0.8002,-0.1646,-0.5975,0.7848,-0.0588,-0.6117,0.7889,-0.0266,-0.1362,0.4945,Dark,
28.5594,5.7071,7.4361,0.0000,0.0000,0.0420,-0.6040,0.7959,-0.1691,-0.6023,0.7801,-0.0602,-0.6174,0.7843,-0.0265,-0.1381,0.4958,Dark,
28.5696,5.6702,7.4582,0.0000,0.0000,0.0345,-0.6035,0.7966,-0.1782,-0.6002,0.7798,-0.0687,-0.6162,0.7846,-0.0262,-0.1399,0.4973,Dark,
28.5809,5.6490,7.4740,0.0000,0.0000,0.0352,-0.6111,0.7908,-0.1789,-0.6072,0.7742,-0.0686,-0.6236,0.7787,-0.0260,-0.1417,0.4990,Dark,
28.5920,5.3950,7.4366,0.0000,0.0000,0.0244,-0.6199,0.7843,-0.1877,-0.6146,0.7662,-0.0786,-0.6316,0.7713,-0.0258,-0.1436,0.5007,Dark,
28.6033,5.2914,7.3918,0.0000,0.0000,0.0267,-0.6276,0.7780,-0.1840,-0.6224,0.7608,-0.0755,-0.6391,0.7654,-0.0253,-0.1455,0.5029,Dark,
28.6144,5.2122,7.2941,0.0000,0.0000,0.0215,-0.6378,0.7699,-0.1878,-0.6312,0.7525,-0.0802,-0.6484,0.7570,-0.0248,-0.1473,0.5054,Dark,
28.6255,4.8664,7.2223,0.0152,0.0000,-0.0021,-0.6281,0.7781,-0.2077,-0.6177,0.7585,-0.1024,-0.6366,0.7644,-0.0245,-0.1490,0.5083,Dark,
28.6367,4.8035,7.2366,0.0480,0.0000,0.0080,-0.6589,0.7522,-0.1979,-0.6490,0.7346,-0.0923,-0.6675,0.7389,-0.0240,-0.1507,0.5113,Dark,
28.6479,4.7715,7.0937,0.0742,0.0000,-0.0015,-0.6641,0.7476,-0.2009,-0.6531,0.7302,-0.0987,-0.6715,0.7344,-0.0235,-0.1526,0.5146,Dark,
28.6589,4.5100,6.9855,0.1293,0.0000,-0.0266,-0.6647,0.7466,-0.1902,-0.6548,0.7315,-0.1064,-0.6698,0.7349,-0.0229,-0.1548,0.5177,Dark,
28.6700,4.4780,6.9939,0.2336,0.0000,-0.0611,-0.6742,0.7360,-0.1731,-0.6668,0.7248,-0.1157,-0.6769,0.7270,-0.0223,-0.1570,0.5208,Dark,
28.6810,4.4712,7.0786,0.2817,0.0000,-0.0682,-0.6779,0.7320,-0.1790,-0.6702,0.7202,-0.1223,-0.6803,0.7227,-0.0217,-0.1593,0.5241,Dark,
28.6922,4.4702,7.1354,0.3392,0.0000,-0.0833,-0.6583,0.7481,-0.1909,-0.6497,0.7358,-0.1359,-0.6599,0.7389,-0.0210,-0.1614,0.5275,Dark,
28.7035,6.2298,7.0982,0.4649,0.0000,-0.0644,-0.6767,0.7334,-0.1716,-0.6695,0.7227,-0.1166,-0.6789,0.7249,-0.0202,-0.1634,0.5310,Dark,
28.7146,6.2298,6.8647,0.5287,0.0000,-0.0403,-0.7067,0.7063,-0.1477,-0.7014,0.6973,-0.0924,-0.7097,0.6984,-0.0191,-0.1653,0.5348,Dark,
28.7255,6.2298,8.4317,0.6229,0.0000,0.0050,-0.7426,0.6698,-0.1026,-0.7411,0.6635,-0.0468,-0.7473,0.6628,-0.0180,-0.1670,0.5386,Dark,
28.7367,6.2298,8.4317,0.6983,0.0000,0.0010,-0.7609,0.6489,-0.1062,-0.7594,0.6419,-0.0505,-0.7654,0.6415,-0.0169,-0.1687,0.5423,Dark,
28.7478,6.2298,8.4317,0.7587,0.0000,0.0056,-0.7866,0.6174,-0.1016,-0.7860,0.6098,-0.0457,-0.7915,0.6095,-0.0157,-0.1703,0.5460,Dark,
28.7590,6.2298,8.4317,0.8069,0.0000,0.0072,-0.8151,0.5792,-0.1005,-0.8152,0.5705,-0.0443,-0.8201,0.5705,-0.0145,-0.1714,0.5496,Dark,
28.7700,6.2298,8.4317,0.8764,0.2000,0.0034,-0.8334,0.5527,-0.1040,-0.8334,0.5427,-0.0478,-0.8382,0.5432,-0.0132,-0.1722,0.5535,Dark,
28.7812,6.2298,8.4317,1.0000,0.3600,-0.0029,-0.8516,0.5242,-0.1103,-0.8514,0.5128,-0.0541,-0.8561,0.5139,-0.0117,-0.1729,0.5576,Dark,
28.7925,0.0000,8.4317,1.0000,0.4880,NaN,NaN,NaN,-0.1290,-0.8995,0.4175,-0.0708,-0.9049,0.4197,-0.0103,-0.1732,0.5620,Dark,
28.8036,0.0000,8.4317,1.0000,0.6723,NaN,NaN,NaN,-0.1247,-0.9306,0.3442,-0.0655,-0.9356,0.3470,-0.0086,-0.1737,0.5667,Dark,
28.8146,0.0000,8.4317,1.0000,0.7379,NaN,NaN,NaN,-0.1162,-0.9610,0.2510,-0.0557,-0.9654,0.2546,-0.0069,-0.1740,0.5717,Dark,
28.8259,0.0000,8.4317,1.0000,0.7903,NaN,NaN,NaN,-0.1143,-0.9734,0.1983,-0.0535,-0.9778,0.2026,-0.0051,-0.1742,0.5769,Dark,
28.8368,0.0000,8.4317,1.0000,0.8658,NaN,NaN,NaN,-0.1115,-0.9824,0.1497,-0.0505,-0.9867,0.1545,-0.0035,-0.1743,0.5824,Dark,
28.8481,0.0000,8.4317,1.0000,0.8926,NaN,NaN,NaN,-0.1009,-0.9908,0.0901,-0.0395,-0.9946,0.0955,-0.0025,-0.1746,0.5879,Dark,
28.8594,0.0000,0.0000,1.0000,1.0000,NaN,NaN,NaN,NaN,NaN,NaN,0.0000,0.0000,0.0000,0.0000,0.0000,0.0000,Dark,
28.8703,0.0000,0.0000,1.0000,1.0000,NaN,NaN,NaN,NaN,NaN,NaN,0.0000,0.0000,0.0000,0.0000,0.0000,0.0000,Dark,
28.8815,0.0000,0.0000,1.0000,1.0000,NaN,NaN,NaN,NaN,NaN,NaN,0.0000,0.0000,0.0000,0.0000,0.0000,0.0000,Dark,
28.8931,0.0000,0.0000,1.0000,1.0000,NaN,NaN,NaN,NaN,NaN,NaN,0.0000,0.0000,0.0000,0.0000,0.0000,0.0000,Dark,
28.9098,0.0000,0.0000,1.0000,1.0000,NaN,NaN,NaN,NaN,NaN,NaN,0.0000,0.0000,0.0000,0.0000,0.0000,0.0000,Dark,
28.9216,0.0000,0.0000,1.0000,1.0000,NaN,NaN,NaN,NaN,NaN,NaN,0.0000,0.0000,0.0000,0.0000,0.0000,0.0000,Dark,
28.9372,0.0000,0.0000,1.0000,1.0000,NaN,NaN,NaN,NaN,NaN,NaN,0.0000,0.0000,0.0000,0.0000,0.0000,0.0000,Dark,
28.9483,0.0000,0.0000,1.0000,1.0000,NaN,NaN,NaN,NaN,NaN,NaN,0.0000,0.0000,0.0000,0.0000,0.0000,0.0000,Dark,
28.9601,0.0000,0.0000,1.0000,1.0000,NaN,NaN,NaN,NaN,NaN,NaN,0.0000,0.0000,0.0000,0.0000,0.0000,0.0000,Dark,
28.9713,0.0000,0.0000,1.0000,1.0000,NaN,NaN,NaN,NaN,NaN,NaN,0.0000,0.0000,0.0000,0.0000,0.0000,0.0000,Dark,
28.9819,0.0000,0.0000,1.0000,1.0000,NaN,NaN,NaN,NaN,NaN,NaN,0.0000,0.0000,0.0000,0.0000,0.0000,0.0000,Dark,
28.9931,0.0000,0.0000,1.0000,1.0000,NaN,NaN,NaN,NaN,NaN,NaN,0.0000,0.0000,0.0000,0.0000,0.0000,0.0000,Dark,
29.0041,0.0000,0.0000,1.0000,1.0000,NaN,NaN,NaN,NaN,NaN,NaN,0.0000,0.0000,0.0000,0.0000,0.0000,0.0000,Dark,
29.0155,0.0000,0.0000,1.0000,1.0000,NaN,NaN,NaN,NaN,NaN,NaN,0.0000,0.0000,0.0000,0.0000,0.0000,0.0000,Dark,
29.0264,0.0000,0.0000,1.0000,1.0000,NaN,NaN,NaN,NaN,NaN,NaN,0.0000,0.0000,0.0000,0.0000,0.0000,0.0000,Dark,
29.0382,0.0000,0.0000,1.0000,1.0000,NaN,NaN,NaN,NaN,NaN,NaN,0.0000,0.0000,0.0000,0.0000,0.0000,0.0000,Dark,
29.0492,0.0000,0.0000,1.0000,1.0000,NaN,NaN,NaN,NaN,NaN,NaN,0.0000,0.0000,0.0000,0.0000,0.0000,0.0000,Dark,
29.0599,0.0000,0.0000,1.0000,1.0000,NaN,NaN,NaN,NaN,NaN,NaN,0.0000,0.0000,0.0000,0.0000,0.0000,0.0000,Dark,
29.0714,0.0000,0.0000,1.0000,1.0000,NaN,NaN,NaN,NaN,NaN,NaN,0.0000,0.0000,0.0000,0.0000,0.0000,0.0000,Dark,
29.0854,0.0000,0.0000,1.0000,1.0000,NaN,NaN,NaN,NaN,NaN,NaN,0.0000,0.0000,0.0000,0.0000,0.0000,0.0000,Dark,
29.0950,0.0000,0.0000,1.0000,1.0000,NaN,NaN,NaN,NaN,NaN,NaN,0.0000,0.0000,0.0000,0.0000,0.0000,0.0000,Dark,
29.1048,0.0000,0.0000,1.0000,1.0000,NaN,NaN,NaN,NaN,NaN,NaN,0.0000,0.0000,0.0000,0.0000,0.0000,0.0000,Dark,
29.1164,0.0000,0.0000,1.0000,1.0000,NaN,NaN,NaN,NaN,NaN,NaN,0.0000,0.0000,0.0000,0.0000,0.0000,0.0000,Dark,
29.1276,0.0000,0.0000,1.0000,1.0000,NaN,NaN,NaN,NaN,NaN,NaN,0.0000,0.0000,0.0000,0.0000,0.0000,0.0000,Dark,
29.1397,0.0000,0.0000,1.0000,1.0000,NaN,NaN,NaN,NaN,NaN,NaN,0.0000,0.0000,0.0000,0.0000,0.0000,0.0000,Dark,
29.1501,0.0000,0.0000,1.0000,1.0000,NaN,NaN,NaN,NaN,NaN,NaN,0.0000,0.0000,0.0000,0.0000,0.0000,0.0000,Dark,
29.1641,0.0000,0.0000,1.0000,1.0000,NaN,NaN,NaN,NaN,NaN,NaN,0.0000,0.0000,0.0000,0.0000,0.0000,0.0000,Dark,
29.1727,0.0000,0.0000,1.0000,1.0000,NaN,NaN,NaN,NaN,NaN,NaN,0.0000,0.0000,0.0000,0.0000,0.0000,0.0000,Dark,
29.1843,0.0000,0.0000,1.0000,1.0000,NaN,NaN,NaN,NaN,NaN,NaN,0.0000,0.0000,0.0000,0.0000,0.0000,0.0000,Dark,
29.1946,0.0000,0.0000,1.0000,1.0000,NaN,NaN,NaN,NaN,NaN,NaN,0.0000,0.0000,0.0000,0.0000,0.0000,0.0000,Dark,
29.2053,0.0000,0.0000,1.0000,1.0000,NaN,NaN,NaN,NaN,NaN,NaN,0.0000,0.0000,0.0000,0.0000,0.0000,0.0000,Dark,
29.2175,0.0000,0.0000,1.0000,1.0000,NaN,NaN,NaN,NaN,NaN,NaN,0.0000,0.0000,0.0000,0.0000,0.0000,0.0000,Dark,
29.2279,0.0000,0.0000,1.0000,1.0000,NaN,NaN,NaN,NaN,NaN,NaN,0.0000,0.0000,0.0000,0.0000,0.0000,0.0000,Dark,
29.2386,0.0000,0.0000,1.0000,1.0000,NaN,NaN,NaN,NaN,NaN,NaN,0.0000,0.0000,0.0000,0.0000,0.0000,0.0000,Dark,
29.2493,0.0000,0.0000,1.0000,1.0000,NaN,NaN,NaN,NaN,NaN,NaN,0.0000,0.0000,0.0000,0.0000,0.0000,0.0000,Dark,
29.2609,0.0000,0.0000,1.0000,1.0000,NaN,NaN,NaN,NaN,NaN,NaN,0.0000,0.0000,0.0000,0.0000,0.0000,0.0000,Dark,
29.2782,0.0000,0.0000,1.0000,1.0000,NaN,NaN,NaN,NaN,NaN,NaN,0.0000,0.0000,0.0000,0.0000,0.0000,0.0000,Dark,
29.2866,0.0000,0.0000,1.0000,1.0000,NaN,NaN,NaN,NaN,NaN,NaN,0.0000,0.0000,0.0000,0.0000,0.0000,0.0000,Dark,
29.2960,0.0000,0.0000,1.0000,1.0000,NaN,NaN,NaN,NaN,NaN,NaN,0.0000,0.0000,0.0000,0.0000,0.0000,0.0000,Dark,
29.3094,0.0000,0.0000,1.0000,1.0000,NaN,NaN,NaN,NaN,NaN,NaN,0.0000,0.0000,0.0000,0.0000,0.0000,0.0000,Dark,
29.3205,0.0000,0.0000,1.0000,1.0000,NaN,NaN,NaN,NaN,NaN,NaN,0.0000,0.0000,0.0000,0.0000,0.0000,0.0000,Dark,
29.3403,0.0000,0.0000,1.0000,1.0000,NaN,NaN,NaN,NaN,NaN,NaN,0.0000,0.0000,0.0000,0.0000,0.0000,0.0000,Dark,
29.3514,0.0000,0.0000,1.0000,1.0000,NaN,NaN,NaN,NaN,NaN,NaN,0.0000,0.0000,0.0000,0.0000,0.0000,0.0000,Dark,
29.3614,0.0000,0.0000,1.0000,1.0000,NaN,NaN,NaN,NaN,NaN,NaN,0.0000,0.0000,0.0000,0.0000,0.0000,0.0000,Dark,
29.3730,0.0000,0.0000,1.0000,1.0000,NaN,NaN,NaN,NaN,NaN,NaN,0.0000,0.0000,0.0000,0.0000,0.0000,0.0000,Dark,
29.3854,0.0000,0.0000,1.0000,1.0000,NaN,NaN,NaN,NaN,NaN,NaN,0.0000,0.0000,0.0000,0.0000,0.0000,0.0000,Dark,
29.3960,0.0000,0.0000,1.0000,1.0000,NaN,NaN,NaN,NaN,NaN,NaN,0.0000,0.0000,0.0000,0.0000,0.0000,0.0000,Dark,
29.4071,0.0000,0.0000,1.0000,1.0000,NaN,NaN,NaN,NaN,NaN,NaN,0.0000,0.0000,0.0000,0.0000,0.0000,0.0000,Dark,
29.4180,0.0000,0.0000,1.0000,1.0000,NaN,NaN,NaN,NaN,NaN,NaN,0.0000,0.0000,0.0000,0.0000,0.0000,0.0000,Dark,
29.4284,0.0000,0.0000,1.0000,1.0000,NaN,NaN,NaN,NaN,NaN,NaN,0.0000,0.0000,0.0000,0.0000,0.0000,0.0000,Dark,
29.4405,0.0000,0.0000,1.0000,1.0000,NaN,NaN,NaN,NaN,NaN,NaN,0.0000,0.0000,0.0000,0.0000,0.0000,0.0000,Dark,
29.4502,0.0000,0.0000,1.0000,1.0000,NaN,NaN,NaN,NaN,NaN,NaN,0.0000,0.0000,0.0000,0.0000,0.0000,0.0000,Dark,
29.4615,0.0000,0.0000,1.0000,1.0000,NaN,NaN,NaN,NaN,NaN,NaN,0.0000,0.0000,0.0000,0.0000,0.0000,0.0000,Dark,
29.4721,0.0000,0.0000,1.0000,1.0000,NaN,NaN,NaN,NaN,NaN,NaN,0.0000,0.0000,0.0000,0.0000,0.0000,0.0000,Dark,
29.4840,0.0000,0.0000,1.0000,1.0000,NaN,NaN,NaN,NaN,NaN,NaN,0.0000,0.0000,0.0000,0.0000,0.0000,0.0000,Dark,
29.4956,0.0000,0.0000,1.0000,1.0000,NaN,NaN,NaN,NaN,NaN,NaN,0.0000,0.0000,0.0000,0.0000,0.0000,0.0000,Dark,
29.5059,0.0000,0.0000,1.0000,1.0000,NaN,NaN,NaN,NaN,NaN,NaN,0.0000,0.0000,0.0000,0.0000,0.0000,0.0000,Dark,
29.5174,0.0000,0.0000,1.0000,1.0000,NaN,NaN,NaN,NaN,NaN,NaN,0.0000,0.0000,0.0000,0.0000,0.0000,0.0000,Dark,
29.5282,0.0000,0.0000,1.0000,1.0000,NaN,NaN,NaN,NaN,NaN,NaN,0.0000,0.0000,0.0000,0.0000,0.0000,0.0000,Dark,
29.5402,0.0000,0.0000,1.0000,1.0000,NaN,NaN,NaN,NaN,NaN,NaN,0.0000,0.0000,0.0000,0.0000,0.0000,0.0000,Dark,
29.5499,0.0000,0.0000,1.0000,1.0000,NaN,NaN,NaN,NaN,NaN,NaN,0.0000,0.0000,0.0000,0.0000,0.0000,0.0000,Dark,
29.5611,0.0000,0.0000,1.0000,1.0000,NaN,NaN,NaN,NaN,NaN,NaN,0.0000,0.0000,0.0000,0.0000,0.0000,0.0000,Dark,
29.5733,0.0000,0.0000,1.0000,1.0000,NaN,NaN,NaN,NaN,NaN,NaN,0.0000,0.0000,0.0000,0.0000,0.0000,0.0000,Dark,
29.5843,0.0000,0.0000,1.0000,1.0000,NaN,NaN,NaN,NaN,NaN,NaN,0.0000,0.0000,0.0000,0.0000,0.0000,0.0000,Dark,
29.5954,0.0000,0.0000,1.0000,1.0000,NaN,NaN,NaN,NaN,NaN,NaN,0.0000,0.0000,0.0000,0.0000,0.0000,0.0000,Dark,
29.6065,0.0000,0.0000,1.0000,1.0000,NaN,NaN,NaN,NaN,NaN,NaN,0.0000,0.0000,0.0000,0.0000,0.0000,0.0000,Dark,
29.6179,0.0000,0.0000,1.0000,1.0000,NaN,NaN,NaN,NaN,NaN,NaN,0.0000,0.0000,0.0000,0.0000,0.0000,0.0000,Dark,
29.6289,0.0000,0.0000,1.0000,1.0000,NaN,NaN,NaN,NaN,NaN,NaN,0.0000,0.0000,0.0000,0.0000,0.0000,0.0000,Dark,
29.6395,0.0000,0.0000,1.0000,1.0000,NaN,NaN,NaN,NaN,NaN,NaN,0.0000,0.0000,0.0000,0.0000,0.0000,0.0000,Dark,
29.6516,0.0000,0.0000,1.0000,1.0000,NaN,NaN,NaN,NaN,NaN,NaN,0.0000,0.0000,0.0000,0.0000,0.0000,0.0000,Dark,
29.6626,0.0000,0.0000,1.0000,1.0000,NaN,NaN,NaN,NaN,NaN,NaN,0.0000,0.0000,0.0000,0.0000,0.0000,0.0000,Dark,
29.6752,0.0000,0.0000,1.0000,1.0000,NaN,NaN,NaN,NaN,NaN,NaN,0.0000,0.0000,0.0000,0.0000,0.0000,0.0000,Dark,
29.6855,0.0000,0.0000,1.0000,1.0000,NaN,NaN,NaN,NaN,NaN,NaN,0.0000,0.0000,0.0000,0.0000,0.0000,0.0000,Dark,
29.6950,0.0000,0.0000,1.0000,1.0000,NaN,NaN,NaN,NaN,NaN,NaN,0.0000,0.0000,0.0000,0.0000,0.0000,0.0000,Dark,
29.7061,0.0000,0.0000,1.0000,1.0000,NaN,NaN,NaN,NaN,NaN,NaN,0.0000,0.0000,0.0000,0.0000,0.0000,0.0000,Dark,
29.7175,0.0000,0.0000,1.0000,1.0000,NaN,NaN,NaN,NaN,NaN,NaN,0.0000,0.0000,0.0000,0.0000,0.0000,0.0000,Dark,
29.7287,0.0000,0.0000,1.0000,1.0000,NaN,NaN,NaN,NaN,NaN,NaN,0.0000,0.0000,0.0000,0.0000,0.0000,0.0000,Dark,
29.7400,0.0000,0.0000,1.0000,1.0000,NaN,NaN,NaN,NaN,NaN,NaN,0.0000,0.0000,0.0000,0.0000,0.0000,0.0000,Dark,
29.7510,0.0000,0.0000,1.0000,1.0000,NaN,NaN,NaN,NaN,NaN,NaN,0.0000,0.0000,0.0000,0.0000,0.0000,0.0000,Dark,
29.7620,0.0000,0.0000,1.0000,1.0000,NaN,NaN,NaN,NaN,NaN,NaN,0.0000,0.0000,0.0000,0.0000,0.0000,0.0000,Dark,
29.7732,0.0000,0.0000,1.0000,1.0000,NaN,NaN,NaN,NaN,NaN,NaN,0.0000,0.0000,0.0000,0.0000,0.0000,0.0000,Dark,
29.7842,0.0000,0.0000,1.0000,1.0000,NaN,NaN,NaN,NaN,NaN,NaN,0.0000,0.0000,0.0000,0.0000,0.0000,0.0000,Dark,
29.7955,0.0000,0.0000,1.0000,1.0000,NaN,NaN,NaN,NaN,NaN,NaN,0.0000,0.0000,0.0000,0.0000,0.0000,0.0000,Dark,
29.8065,0.0000,0.0000,1.0000,1.0000,NaN,NaN,NaN,NaN,NaN,NaN,0.0000,0.0000,0.0000,0.0000,0.0000,0.0000,Dark,
29.8175,0.0000,0.0000,1.0000,1.0000,NaN,NaN,NaN,NaN,NaN,NaN,0.0000,0.0000,0.0000,0.0000,0.0000,0.0000,Dark,
29.8285,0.0000,0.0000,1.0000,1.0000,NaN,NaN,NaN,NaN,NaN,NaN,0.0000,0.0000,0.0000,0.0000,0.0000,0.0000,Dark,
29.8395,0.0000,0.0000,1.0000,1.0000,NaN,NaN,NaN,NaN,NaN,NaN,0.0000,0.0000,0.0000,0.0000,0.0000,0.0000,Dark,
29.8505,0.0000,0.0000,1.0000,1.0000,NaN,NaN,NaN,NaN,NaN,NaN,0.0000,0.0000,0.0000,0.0000,0.0000,0.0000,Dark,
29.8617,0.0000,0.0000,1.0000,1.0000,NaN,NaN,NaN,NaN,NaN,NaN,0.0000,0.0000,0.0000,0.0000,0.0000,0.0000,Dark,
29.8730,0.0000,0.0000,1.0000,1.0000,NaN,NaN,NaN,NaN,NaN,NaN,0.0000,0.0000,0.0000,0.0000,0.0000,0.0000,Dark,
29.8840,0.0000,0.0000,1.0000,1.0000,NaN,NaN,NaN,NaN,NaN,NaN,0.0000,0.0000,0.0000,0.0000,0.0000,0.0000,Dark,
29.8952,0.0000,0.0000,1.0000,1.0000,NaN,NaN,NaN,NaN,NaN,NaN,0.0000,0.0000,0.0000,0.0000,0.0000,0.0000,Dark,
29.9062,0.0000,0.0000,1.0000,1.0000,NaN,NaN,NaN,NaN,NaN,NaN,0.0000,0.0000,0.0000,0.0000,0.0000,0.0000,Dark,
29.9172,0.0000,0.0000,1.0000,1.0000,NaN,NaN,NaN,NaN,NaN,NaN,0.0000,0.0000,0.0000,0.0000,0.0000,0.0000,Dark,
29.9287,0.0000,0.0000,1.0000,1.0000,NaN,NaN,NaN,NaN,NaN,NaN,0.0000,0.0000,0.0000,0.0000,0.0000,0.0000,Dark,
29.9402,0.0000,0.0000,1.0000,1.0000,NaN,NaN,NaN,NaN,NaN,NaN,0.0000,0.0000,0.0000,0.0000,0.0000,0.0000,Dark,
29.9510,0.0000,0.0000,1.0000,1.0000,NaN,NaN,NaN,NaN,NaN,NaN,0.0000,0.0000,0.0000,0.0000,0.0000,0.0000,Dark,
29.9618,0.0000,0.0000,1.0000,1.0000,NaN,NaN,NaN,NaN,NaN,NaN,0.0000,0.0000,0.0000,0.0000,0.0000,0.0000,Dark,
29.9731,0.0000,0.0000,1.0000,1.0000,NaN,NaN,NaN,NaN,NaN,NaN,0.0000,0.0000,0.0000,0.0000,0.0000,0.0000,Dark,
29.9842,0.0000,0.0000,0.0000,0.0000,NaN,NaN,NaN,NaN,NaN,NaN,0.0000,0.0000,0.0000,0.0000,0.0000,0.0000,Dark,
29.9954,0.0000,0.0000,0.0000,0.0000,NaN,NaN,NaN,NaN,NaN,NaN,0.0000,0.0000,0.0000,0.0000,0.0000,0.0000,Dark,
30.0066,0.0000,0.0000,0.0000,0.0000,NaN,NaN,NaN,NaN,NaN,NaN,0.0000,0.0000,0.0000,0.0000,0.0000,0.0000,Dark,
30.0176,0.0000,0.0000,0.0000,0.0000,NaN,NaN,NaN,NaN,NaN,NaN,0.0000,0.0000,0.0000,0.0000,0.0000,0.0000,Dark,
30.0287,0.0000,0.0000,0.0000,0.0000,NaN,NaN,NaN,NaN,NaN,NaN,0.0000,0.0000,0.0000,0.0000,0.0000,0.0000,Dark,
30.0399,0.0000,0.0000,0.0000,0.0000,NaN,NaN,NaN,NaN,NaN,NaN,0.0000,0.0000,0.0000,0.0000,0.0000,0.0000,Dark,
30.0515,0.0000,0.0000,0.0000,0.0000,NaN,NaN,NaN,NaN,NaN,NaN,0.0000,0.0000,0.0000,0.0000,0.0000,0.0000,Dark,
30.0624,0.0000,0.0000,0.0000,0.0000,NaN,NaN,NaN,NaN,NaN,NaN,0.0000,0.0000,0.0000,0.0000,0.0000,0.0000,Dark,
30.0738,0.0000,0.0000,0.0000,0.0000,NaN,NaN,NaN,NaN,NaN,NaN,0.0000,0.0000,0.0000,0.0000,0.0000,0.0000,Dark,
30.0844,0.0000,0.0000,0.0000,0.0000,NaN,NaN,NaN,NaN,NaN,NaN,0.0000,0.0000,0.0000,0.0000,0.0000,0.0000,Dark,
30.0957,0.0000,0.0000,0.0000,0.0000,NaN,NaN,NaN,NaN,NaN,NaN,0.0000,0.0000,0.0000,0.0000,0.0000,0.0000,Dark,
30.1067,0.0000,0.0000,0.0000,0.0000,NaN,NaN,NaN,NaN,NaN,NaN,0.0000,0.0000,0.0000,0.0000,0.0000,0.0000,Dark,
30.1179,0.0000,0.0000,0.0000,0.0000,NaN,NaN,NaN,NaN,NaN,NaN,0.0000,0.0000,0.0000,0.0000,0.0000,0.0000,Dark,
30.1292,0.0000,0.0000,0.0000,0.0000,NaN,NaN,NaN,NaN,NaN,NaN,0.0000,0.0000,0.0000,0.0000,0.0000,0.0000,Dark,
30.1406,0.0000,0.0000,0.0000,0.0000,NaN,NaN,NaN,NaN,NaN,NaN,0.0000,0.0000,0.0000,0.0000,0.0000,0.0000,Dark,
30.1513,0.0000,0.0000,0.0000,0.0000,NaN,NaN,NaN,NaN,NaN,NaN,0.0000,0.0000,0.0000,0.0000,0.0000,0.0000,Dark,
30.1625,0.0000,0.0000,0.0000,0.0000,NaN,NaN,NaN,NaN,NaN,NaN,0.0000,0.0000,0.0000,0.0000,0.0000,0.0000,Dark,
30.1735,0.0000,0.0000,0.0000,0.0000,NaN,NaN,NaN,NaN,NaN,NaN,0.0000,0.0000,0.0000,0.0000,0.0000,0.0000,Dark,
30.1848,0.0000,0.0000,0.0000,0.0000,NaN,NaN,NaN,NaN,NaN,NaN,0.0000,0.0000,0.0000,0.0000,0.0000,0.0000,Dark,
30.1962,0.0000,0.0000,0.0000,0.0000,NaN,NaN,NaN,NaN,NaN,NaN,0.0000,0.0000,0.0000,0.0000,0.0000,0.0000,Dark,
30.2070,0.0000,0.0000,0.0000,0.0000,NaN,NaN,NaN,NaN,NaN,NaN,0.0000,0.0000,0.0000,0.0000,0.0000,0.0000,Dark,
30.2181,0.0000,0.0000,0.0000,0.0000,NaN,NaN,NaN,NaN,NaN,NaN,0.0000,0.0000,0.0000,0.0000,0.0000,0.0000,Dark,
30.2293,0.0000,0.0000,0.0000,0.0000,NaN,NaN,NaN,NaN,NaN,NaN,0.0000,0.0000,0.0000,0.0000,0.0000,0.0000,Dark,
30.2403,0.0000,0.0000,0.0000,0.0000,NaN,NaN,NaN,NaN,NaN,NaN,0.0000,0.0000,0.0000,0.0000,0.0000,0.0000,Dark,
30.2516,0.0000,0.0000,0.0000,0.0000,NaN,NaN,NaN,NaN,NaN,NaN,0.0000,0.0000,0.0000,0.0000,0.0000,0.0000,Dark,
30.2630,0.0000,0.0000,0.0000,0.0000,NaN,NaN,NaN,NaN,NaN,NaN,0.0000,0.0000,0.0000,0.0000,0.0000,0.0000,Dark,
30.2739,0.0000,0.0000,0.0000,0.0000,NaN,NaN,NaN,NaN,NaN,NaN,0.0000,0.0000,0.0000,0.0000,0.0000,0.0000,Dark,
30.2849,0.0000,0.0000,0.0000,0.0000,NaN,NaN,NaN,NaN,NaN,NaN,0.0000,0.0000,0.0000,0.0000,0.0000,0.0000,Dark,
30.2964,0.0000,0.0000,0.0000,0.0000,NaN,NaN,NaN,NaN,NaN,NaN,0.0000,0.0000,0.0000,0.0000,0.0000,0.0000,Dark,
30.3072,0.0000,0.0000,0.0000,0.0000,NaN,NaN,NaN,NaN,NaN,NaN,0.0000,0.0000,0.0000,0.0000,0.0000,0.0000,Dark,
30.3184,0.0000,0.0000,0.0000,0.0000,NaN,NaN,NaN,NaN,NaN,NaN,0.0000,0.0000,0.0000,0.0000,0.0000,0.0000,Dark,
30.3295,0.0000,0.0000,0.0000,0.0000,NaN,NaN,NaN,NaN,NaN,NaN,0.0000,0.0000,0.0000,0.0000,0.0000,0.0000,Dark,
30.3406,0.0000,0.0000,0.0000,0.0000,NaN,NaN,NaN,NaN,NaN,NaN,0.0000,0.0000,0.0000,0.0000,0.0000,0.0000,Dark,
30.3518,0.0000,0.0000,0.0000,0.0000,NaN,NaN,NaN,NaN,NaN,NaN,0.0000,0.0000,0.0000,0.0000,0.0000,0.0000,Dark,
30.3634,0.0000,0.0000,0.0000,0.0000,NaN,NaN,NaN,NaN,NaN,NaN,0.0000,0.0000,0.0000,0.0000,0.0000,0.0000,Dark,
30.3739,0.0000,0.0000,0.0000,0.0000,NaN,NaN,NaN,NaN,NaN,NaN,0.0000,0.0000,0.0000,0.0000,0.0000,0.0000,Dark,
30.3850,0.0000,0.0000,0.0000,0.0000,NaN,NaN,NaN,NaN,NaN,NaN,0.0000,0.0000,0.0000,0.0000,0.0000,0.0000,Dark,
30.3963,0.0000,0.0000,0.0000,0.0000,NaN,NaN,NaN,NaN,NaN,NaN,0.0000,0.0000,0.0000,0.0000,0.0000,0.0000,Dark,
30.4074,0.0000,0.0000,0.0000,0.0000,NaN,NaN,NaN,NaN,NaN,NaN,0.0000,0.0000,0.0000,0.0000,0.0000,0.0000,Dark,
30.4184,0.0000,0.0000,0.0000,0.0000,NaN,NaN,NaN,NaN,NaN,NaN,0.0000,0.0000,0.0000,0.0000,0.0000,0.0000,Dark,
30.4300,0.0000,0.0000,0.0000,0.0000,NaN,NaN,NaN,NaN,NaN,NaN,0.0000,0.0000,0.0000,0.0000,0.0000,0.0000,Dark,
30.4407,0.0000,0.0000,0.0000,0.0000,NaN,NaN,NaN,NaN,NaN,NaN,0.0000,0.0000,0.0000,0.0000,0.0000,0.0000,Dark,
30.4519,0.0000,0.0000,0.0000,0.0000,NaN,NaN,NaN,NaN,NaN,NaN,0.0000,0.0000,0.0000,0.0000,0.0000,0.0000,Dark,
30.4638,0.0000,0.0000,0.0000,0.0000,NaN,NaN,NaN,NaN,NaN,NaN,0.0000,0.0000,0.0000,0.0000,0.0000,0.0000,Dark,
30.4742,0.0000,0.0000,0.0000,0.0000,NaN,NaN,NaN,NaN,NaN,NaN,0.0000,0.0000,0.0000,0.0000,0.0000,0.0000,Dark,
30.4854,0.0000,0.0000,0.0000,0.0000,NaN,NaN,NaN,NaN,NaN,NaN,0.0000,0.0000,0.0000,0.0000,0.0000,0.0000,Dark,
30.4969,0.0000,0.0000,0.0000,0.0000,NaN,NaN,NaN,NaN,NaN,NaN,0.0000,0.0000,0.0000,0.0000,0.0000,0.0000,Dark,
30.5076,0.0000,0.0000,0.0000,0.0000,NaN,NaN,NaN,NaN,NaN,NaN,0.0000,0.0000,0.0000,0.0000,0.0000,0.0000,Dark,
30.5189,0.0000,0.0000,0.0000,0.0000,NaN,NaN,NaN,NaN,NaN,NaN,0.0000,0.0000,0.0000,0.0000,0.0000,0.0000,Dark,
30.5302,0.0000,0.0000,0.0000,0.0000,NaN,NaN,NaN,NaN,NaN,NaN,0.0000,0.0000,0.0000,0.0000,0.0000,0.0000,Dark,
30.5410,0.0000,0.0000,0.0000,0.0000,NaN,NaN,NaN,NaN,NaN,NaN,0.0000,0.0000,0.0000,0.0000,0.0000,0.0000,Dark,
30.5522,0.0000,0.0000,0.0000,0.0000,NaN,NaN,NaN,NaN,NaN,NaN,0.0000,0.0000,0.0000,0.0000,0.0000,0.0000,Dark,
30.5639,0.0000,0.0000,0.0000,0.0000,NaN,NaN,NaN,NaN,NaN,NaN,0.0000,0.0000,0.0000,0.0000,0.0000,0.0000,Dark,
30.5744,0.0000,0.0000,0.0000,0.0000,NaN,NaN,NaN,NaN,NaN,NaN,0.0000,0.0000,0.0000,0.0000,0.0000,0.0000,Dark,
30.5859,0.0000,0.0000,0.0000,0.0000,NaN,NaN,NaN,NaN,NaN,NaN,0.0000,0.0000,0.0000,0.0000,0.0000,0.0000,Dark,
30.5968,0.0000,0.0000,0.0000,0.0000,NaN,NaN,NaN,NaN,NaN,NaN,0.0000,0.0000,0.0000,0.0000,0.0000,0.0000,Dark,
30.6080,0.0000,0.0000,0.0000,0.0000,NaN,NaN,NaN,NaN,NaN,NaN,0.0000,0.0000,0.0000,0.0000,0.0000,0.0000,Dark,
30.6192,0.0000,0.0000,0.0000,0.0000,NaN,NaN,NaN,NaN,NaN,NaN,0.0000,0.0000,0.0000,0.0000,0.0000,0.0000,Dark,
30.6300,0.0000,0.0000,0.0000,0.0000,NaN,NaN,NaN,NaN,NaN,NaN,0.0000,0.0000,0.0000,0.0000,0.0000,0.0000,Dark,
30.6412,0.0000,0.0000,0.0000,0.0000,NaN,NaN,NaN,NaN,NaN,NaN,0.0000,0.0000,0.0000,0.0000,0.0000,0.0000,Dark,
30.6524,0.0000,0.0000,0.0000,0.0000,NaN,NaN,NaN,NaN,NaN,NaN,0.0000,0.0000,0.0000,0.0000,0.0000,0.0000,Dark,
30.6637,0.0000,0.0000,0.0000,0.0000,NaN,NaN,NaN,NaN,NaN,NaN,0.0000,0.0000,0.0000,0.0000,0.0000,0.0000,Dark,
30.6746,0.0000,0.0000,0.0000,0.0000,NaN,NaN,NaN,NaN,NaN,NaN,0.0000,0.0000,0.0000,0.0000,0.0000,0.0000,Dark,
30.6860,0.0000,0.0000,0.0000,0.0000,NaN,NaN,NaN,NaN,NaN,NaN,0.0000,0.0000,0.0000,0.0000,0.0000,0.0000,Dark,
30.6968,0.0000,0.0000,0.0000,0.0000,NaN,NaN,NaN,NaN,NaN,NaN,0.0000,0.0000,0.0000,0.0000,0.0000,0.0000,Dark,
30.7083,0.0000,0.0000,0.0000,0.0000,NaN,NaN,NaN,NaN,NaN,NaN,0.0000,0.0000,0.0000,0.0000,0.0000,0.0000,Dark,
30.7194,0.0000,0.0000,0.0000,0.0000,NaN,NaN,NaN,NaN,NaN,NaN,0.0000,0.0000,0.0000,0.0000,0.0000,0.0000,Dark,
30.7303,0.0000,0.0000,0.0000,0.0000,NaN,NaN,NaN,NaN,NaN,NaN,0.0000,0.0000,0.0000,0.0000,0.0000,0.0000,Dark,
30.7414,0.0000,0.0000,0.0000,0.0000,NaN,NaN,NaN,NaN,NaN,NaN,0.0000,0.0000,0.0000,0.0000,0.0000,0.0000,Dark,
30.7526,0.0000,0.0000,0.0000,0.0000,NaN,NaN,NaN,NaN,NaN,NaN,0.0000,0.0000,0.0000,0.0000,0.0000,0.0000,Dark,
30.7639,0.0000,0.0000,0.0000,0.0000,NaN,NaN,NaN,NaN,NaN,NaN,0.0000,0.0000,0.0000,0.0000,0.0000,0.0000,Dark,
30.7749,0.0000,0.0000,0.0000,0.0000,NaN,NaN,NaN,NaN,NaN,NaN,0.0000,0.0000,0.0000,0.0000,0.0000,0.0000,Dark,
30.7859,0.0000,0.0000,0.0000,0.0000,NaN,NaN,NaN,NaN,NaN,NaN,0.0000,0.0000,0.0000,0.0000,0.0000,0.0000,Dark,
30.7971,0.0000,0.0000,0.0000,0.0000,NaN,NaN,NaN,NaN,NaN,NaN,0.0000,0.0000,0.0000,0.0000,0.0000,0.0000,Dark,
30.8082,0.0000,0.0000,0.0000,0.0000,NaN,NaN,NaN,NaN,NaN,NaN,0.0000,0.0000,0.0000,0.0000,0.0000,0.0000,Dark,
30.8196,0.0000,0.0000,0.0000,0.0000,NaN,NaN,NaN,NaN,NaN,NaN,0.0000,0.0000,0.0000,0.0000,0.0000,0.0000,Dark,
30.8305,0.0000,0.0000,0.0000,0.0000,NaN,NaN,NaN,NaN,NaN,NaN,0.0000,0.0000,0.0000,0.0000,0.0000,0.0000,Dark,
30.8416,0.0000,0.0000,0.0000,0.0000,NaN,NaN,NaN,NaN,NaN,NaN,0.0000,0.0000,0.0000,0.0000,0.0000,0.0000,Dark,
30.8527,0.0000,0.0000,0.0000,0.0000,NaN,NaN,NaN,NaN,NaN,NaN,0.0000,0.0000,0.0000,0.0000,0.0000,0.0000,Dark,
30.8639,0.0000,0.0000,0.0000,0.0000,NaN,NaN,NaN,NaN,NaN,NaN,0.0000,0.0000,0.0000,0.0000,0.0000,0.0000,Dark,
30.8753,0.0000,0.0000,0.0000,0.0000,NaN,NaN,NaN,NaN,NaN,NaN,0.0000,0.0000,0.0000,0.0000,0.0000,0.0000,Dark,
30.8862,0.0000,0.0000,0.0000,0.0000,NaN,NaN,NaN,NaN,NaN,NaN,0.0000,0.0000,0.0000,0.0000,0.0000,0.0000,Dark,
30.8973,0.0000,0.0000,0.0000,0.0000,NaN,NaN,NaN,NaN,NaN,NaN,0.0000,0.0000,0.0000,0.0000,0.0000,0.0000,Dark,
30.9084,0.0000,0.0000,0.0000,0.0000,NaN,NaN,NaN,NaN,NaN,NaN,0.0000,0.0000,0.0000,0.0000,0.0000,0.0000,Dark,
30.9197,0.0000,0.0000,0.0000,0.0000,NaN,NaN,NaN,NaN,NaN,NaN,0.0000,0.0000,0.0000,0.0000,0.0000,0.0000,Dark,
30.9311,0.0000,0.0000,0.0000,0.0000,NaN,NaN,NaN,NaN,NaN,NaN,0.0000,0.0000,0.0000,0.0000,0.0000,0.0000,Dark,
30.9419,0.0000,0.0000,0.0000,0.0000,NaN,NaN,NaN,NaN,NaN,NaN,0.0000,0.0000,0.0000,0.0000,0.0000,0.0000,Dark,
30.9530,0.0000,0.0000,0.0000,0.0000,NaN,NaN,NaN,NaN,NaN,NaN,0.0000,0.0000,0.0000,0.0000,0.0000,0.0000,Dark,
30.9642,0.0000,0.0000,0.0000,0.0000,NaN,NaN,NaN,NaN,NaN,NaN,0.0000,0.0000,0.0000,0.0000,0.0000,0.0000,Dark,
30.9755,0.0000,0.0000,0.0000,0.0000,NaN,NaN,NaN,NaN,NaN,NaN,0.0000,0.0000,0.0000,0.0000,0.0000,0.0000,Dark,
30.9866,0.0000,0.0000,0.0000,0.0000,NaN,NaN,NaN,NaN,NaN,NaN,0.0000,0.0000,0.0000,0.0000,0.0000,0.0000,Dark,
30.9976,0.0000,0.0000,0.0000,0.0000,NaN,NaN,NaN,NaN,NaN,NaN,0.0000,0.0000,0.0000,0.0000,0.0000,0.0000,Dark,
31.0087,0.0000,0.0000,0.0000,0.0000,NaN,NaN,NaN,NaN,NaN,NaN,0.0000,0.0000,0.0000,0.0000,0.0000,0.0000,Dark,
31.0199,0.0000,0.0000,0.0000,0.0000,NaN,NaN,NaN,NaN,NaN,NaN,0.0000,0.0000,0.0000,0.0000,0.0000,0.0000,Dark,
31.0310,0.0000,0.0000,0.0000,0.0000,NaN,NaN,NaN,NaN,NaN,NaN,0.0000,0.0000,0.0000,0.0000,0.0000,0.0000,Dark,
31.0421,0.0000,0.0000,0.0000,0.0000,NaN,NaN,NaN,NaN,NaN,NaN,0.0000,0.0000,0.0000,0.0000,0.0000,0.0000,Dark,
31.0532,0.0000,0.0000,0.0000,0.0000,NaN,NaN,NaN,NaN,NaN,NaN,0.0000,0.0000,0.0000,0.0000,0.0000,0.0000,Dark,
31.0643,0.0000,0.0000,0.0000,0.0000,NaN,NaN,NaN,NaN,NaN,NaN,0.0000,0.0000,0.0000,0.0000,0.0000,0.0000,Dark,
31.0757,0.0000,0.0000,0.0000,0.0000,NaN,NaN,NaN,NaN,NaN,NaN,0.0000,0.0000,0.0000,0.0000,0.0000,0.0000,Dark,
31.0866,0.0000,0.0000,0.0000,0.0000,NaN,NaN,NaN,NaN,NaN,NaN,0.0000,0.0000,0.0000,0.0000,0.0000,0.0000,Dark,
31.0978,0.0000,0.0000,0.0000,0.0000,NaN,NaN,NaN,NaN,NaN,NaN,0.0000,0.0000,0.0000,0.0000,0.0000,0.0000,Dark,
31.1089,0.0000,0.0000,0.0000,0.0000,NaN,NaN,NaN,NaN,NaN,NaN,0.0000,0.0000,0.0000,0.0000,0.0000,0.0000,Dark,
31.1201,0.0000,0.0000,0.0000,0.0000,NaN,NaN,NaN,NaN,NaN,NaN,0.0000,0.0000,0.0000,0.0000,0.0000,0.0000,Dark,
31.1313,0.0000,0.0000,0.0000,0.0000,NaN,NaN,NaN,NaN,NaN,NaN,0.0000,0.0000,0.0000,0.0000,0.0000,0.0000,Dark,
31.1425,0.0000,0.0000,0.0000,0.0000,NaN,NaN,NaN,NaN,NaN,NaN,0.0000,0.0000,0.0000,0.0000,0.0000,0.0000,Dark,
31.1534,0.0000,0.0000,0.0000,0.0000,NaN,NaN,NaN,NaN,NaN,NaN,0.0000,0.0000,0.0000,0.0000,0.0000,0.0000,Dark,
31.1647,0.0000,0.0000,0.0000,0.0000,NaN,NaN,NaN,NaN,NaN,NaN,0.0000,0.0000,0.0000,0.0000,0.0000,0.0000,Dark,
31.1758,0.0000,0.0000,0.0000,0.0000,NaN,NaN,NaN,NaN,NaN,NaN,0.0000,0.0000,0.0000,0.0000,0.0000,0.0000,Dark,
31.1869,0.0000,0.0000,0.0000,0.0000,NaN,NaN,NaN,NaN,NaN,NaN,0.0000,0.0000,0.0000,0.0000,0.0000,0.0000,Dark,
31.1981,0.0000,0.0000,0.0000,0.0000,NaN,NaN,NaN,NaN,NaN,NaN,0.0000,0.0000,0.0000,0.0000,0.0000,0.0000,Dark,
31.2092,0.0000,0.0000,0.0000,0.0000,NaN,NaN,NaN,NaN,NaN,NaN,0.0000,0.0000,0.0000,0.0000,0.0000,0.0000,Dark,
31.2204,0.0000,0.0000,0.0000,0.0000,NaN,NaN,NaN,NaN,NaN,NaN,0.0000,0.0000,0.0000,0.0000,0.0000,0.0000,Dark,
31.2316,0.0000,0.0000,0.0000,0.0000,NaN,NaN,NaN,NaN,NaN,NaN,0.0000,0.0000,0.0000,0.0000,0.0000,0.0000,Dark,
31.2429,0.0000,0.0000,0.0000,0.0000,NaN,NaN,NaN,NaN,NaN,NaN,0.0000,0.0000,0.0000,0.0000,0.0000,0.0000,Dark,
31.2538,0.0000,0.0000,0.0000,0.0000,NaN,NaN,NaN,NaN,NaN,NaN,0.0000,0.0000,0.0000,0.0000,0.0000,0.0000,Dark,
31.2651,0.0000,0.0000,0.0000,0.0000,NaN,NaN,NaN,NaN,NaN,NaN,0.0000,0.0000,0.0000,0.0000,0.0000,0.0000,Dark,
31.2761,0.0000,0.0000,0.0000,0.0000,NaN,NaN,NaN,NaN,NaN,NaN,0.0000,0.0000,0.0000,0.0000,0.0000,0.0000,Dark,
31.2871,0.0000,0.0000,0.0000,0.0000,NaN,NaN,NaN,NaN,NaN,NaN,0.0000,0.0000,0.0000,0.0000,0.0000,0.0000,Dark,
31.2983,0.0000,0.0000,0.0000,0.0000,NaN,NaN,NaN,NaN,NaN,NaN,0.0000,0.0000,0.0000,0.0000,0.0000,0.0000,Dark,
31.3095,0.0000,0.0000,0.0000,0.0000,NaN,NaN,NaN,NaN,NaN,NaN,0.0000,0.0000,0.0000,0.0000,0.0000,0.0000,Dark,
31.3208,0.0000,0.0000,0.0000,0.0000,NaN,NaN,NaN,NaN,NaN,NaN,0.0000,0.0000,0.0000,0.0000,0.0000,0.0000,Dark,
31.3319,0.0000,0.0000,0.0000,0.0000,NaN,NaN,NaN,NaN,NaN,NaN,0.0000,0.0000,0.0000,0.0000,0.0000,0.0000,Dark,
31.3432,0.0000,0.0000,0.0000,0.0000,NaN,NaN,NaN,NaN,NaN,NaN,0.0000,0.0000,0.0000,0.0000,0.0000,0.0000,Dark,
31.3541,0.0000,0.0000,0.0000,0.0000,NaN,NaN,NaN,NaN,NaN,NaN,0.0000,0.0000,0.0000,0.0000,0.0000,0.0000,Dark,
31.3654,0.0000,0.0000,0.0000,0.0000,NaN,NaN,NaN,NaN,NaN,NaN,0.0000,0.0000,0.0000,0.0000,0.0000,0.0000,Dark,
31.3764,0.0000,0.0000,0.0000,0.0000,NaN,NaN,NaN,NaN,NaN,NaN,0.0000,0.0000,0.0000,0.0000,0.0000,0.0000,Dark,
31.3877,0.0000,0.0000,0.0000,0.0000,NaN,NaN,NaN,NaN,NaN,NaN,0.0000,0.0000,0.0000,0.0000,0.0000,0.0000,Dark,
31.3990,0.0000,0.0000,0.0000,0.0000,NaN,NaN,NaN,NaN,NaN,NaN,0.0000,0.0000,0.0000,0.0000,0.0000,0.0000,Dark,
31.4099,0.0000,0.0000,0.0000,0.0000,NaN,NaN,NaN,NaN,NaN,NaN,0.0000,0.0000,0.0000,0.0000,0.0000,0.0000,Dark,
31.4209,0.0000,0.0000,0.0000,0.0000,NaN,NaN,NaN,NaN,NaN,NaN,0.0000,0.0000,0.0000,0.0000,0.0000,0.0000,Dark,
31.4320,0.0000,0.0000,0.0000,0.0000,NaN,NaN,NaN,NaN,NaN,NaN,0.0000,0.0000,0.0000,0.0000,0.0000,0.0000,Dark,
31.4431,0.0000,0.0000,0.0000,0.0000,NaN,NaN,NaN,NaN,NaN,NaN,0.0000,0.0000,0.0000,0.0000,0.0000,0.0000,Dark,
31.4542,0.0000,0.0000,0.0000,0.0000,NaN,NaN,NaN,NaN,NaN,NaN,0.0000,0.0000,0.0000,0.0000,0.0000,0.0000,Dark,
31.4654,0.0000,0.0000,0.0000,0.0000,NaN,NaN,NaN,NaN,NaN,NaN,0.0000,0.0000,0.0000,0.0000,0.0000,0.0000,Dark,
31.4764,0.0000,0.0000,0.0000,0.0000,NaN,NaN,NaN,NaN,NaN,NaN,0.0000,0.0000,0.0000,0.0000,0.0000,0.0000,Dark,
31.4878,0.0000,0.0000,0.0000,0.0000,NaN,NaN,NaN,NaN,NaN,NaN,0.0000,0.0000,0.0000,0.0000,0.0000,0.0000,Dark,
31.4989,0.0000,0.0000,0.0000,0.0000,NaN,NaN,NaN,NaN,NaN,NaN,0.0000,0.0000,0.0000,0.0000,0.0000,0.0000,Dark,
31.5099,0.0000,0.0000,0.0000,0.0000,NaN,NaN,NaN,NaN,NaN,NaN,0.0000,0.0000,0.0000,0.0000,0.0000,0.0000,Dark,
31.5209,0.0000,0.0000,0.0000,0.0000,NaN,NaN,NaN,NaN,NaN,NaN,0.0000,0.0000,0.0000,0.0000,0.0000,0.0000,Dark,
31.5322,0.0000,0.0000,0.0000,0.0000,NaN,NaN,NaN,NaN,NaN,NaN,0.0000,0.0000,0.0000,0.0000,0.0000,0.0000,Dark,
31.5434,0.0000,0.0000,0.0000,0.0000,NaN,NaN,NaN,NaN,NaN,NaN,0.0000,0.0000,0.0000,0.0000,0.0000,0.0000,Dark,
31.5544,0.0000,0.0000,0.0000,0.0000,NaN,NaN,NaN,NaN,NaN,NaN,0.0000,0.0000,0.0000,0.0000,0.0000,0.0000,Dark,
31.5656,0.0000,0.0000,0.0000,0.0000,NaN,NaN,NaN,NaN,NaN,NaN,0.0000,0.0000,0.0000,0.0000,0.0000,0.0000,Dark,
31.5767,0.0000,0.0000,0.0000,0.0000,NaN,NaN,NaN,NaN,NaN,NaN,0.0000,0.0000,0.0000,0.0000,0.0000,0.0000,Dark,
31.5879,0.0000,0.0000,0.0000,0.0000,NaN,NaN,NaN,NaN,NaN,NaN,0.0000,0.0000,0.0000,0.0000,0.0000,0.0000,Dark,
31.5992,0.0000,0.0000,0.0000,0.0000,NaN,NaN,NaN,NaN,NaN,NaN,0.0000,0.0000,0.0000,0.0000,0.0000,0.0000,Dark,
31.6103,0.0000,0.0000,0.0000,0.0000,NaN,NaN,NaN,NaN,NaN,NaN,0.0000,0.0000,0.0000,0.0000,0.0000,0.0000,Dark,
31.6214,0.0000,0.0000,0.0000,0.0000,NaN,NaN,NaN,NaN,NaN,NaN,0.0000,0.0000,0.0000,0.0000,0.0000,0.0000,Dark,
31.6326,0.0000,0.0000,0.0000,0.0000,NaN,NaN,NaN,NaN,NaN,NaN,0.0000,0.0000,0.0000,0.0000,0.0000,0.0000,Dark,
31.6436,0.0000,0.0000,0.0000,0.0000,NaN,NaN,NaN,NaN,NaN,NaN,0.0000,0.0000,0.0000,0.0000,0.0000,0.0000,Dark,
31.6547,0.0000,0.0000,0.0000,0.0000,NaN,NaN,NaN,NaN,NaN,NaN,0.0000,0.0000,0.0000,0.0000,0.0000,0.0000,Dark,
31.6659,0.0000,0.0000,0.0000,0.0000,NaN,NaN,NaN,NaN,NaN,NaN,0.0000,0.0000,0.0000,0.0000,0.0000,0.0000,Dark,
31.6772,0.0000,0.0000,0.0000,0.0000,NaN,NaN,NaN,NaN,NaN,NaN,0.0000,0.0000,0.0000,0.0000,0.0000,0.0000,Dark,
31.6882,0.0000,0.0000,0.0000,0.0000,NaN,NaN,NaN,NaN,NaN,NaN,0.0000,0.0000,0.0000,0.0000,0.0000,0.0000,Dark,
31.6995,0.0000,0.0000,0.0000,0.0000,NaN,NaN,NaN,NaN,NaN,NaN,0.0000,0.0000,0.0000,0.0000,0.0000,0.0000,Dark,
31.7106,0.0000,0.0000,0.0000,0.0000,NaN,NaN,NaN,NaN,NaN,NaN,0.0000,0.0000,0.0000,0.0000,0.0000,0.0000,Dark,
31.7217,0.0000,0.0000,0.0000,0.0000,NaN,NaN,NaN,NaN,NaN,NaN,0.0000,0.0000,0.0000,0.0000,0.0000,0.0000,Dark,
31.7327,0.0000,0.0000,0.0000,0.0000,NaN,NaN,NaN,NaN,NaN,NaN,0.0000,0.0000,0.0000,0.0000,0.0000,0.0000,Dark,
31.7439,0.0000,0.0000,0.0000,0.0000,NaN,NaN,NaN,NaN,NaN,NaN,0.0000,0.0000,0.0000,0.0000,0.0000,0.0000,Dark,
31.7550,0.0000,0.0000,0.0000,0.0000,NaN,NaN,NaN,NaN,NaN,NaN,0.0000,0.0000,0.0000,0.0000,0.0000,0.0000,Dark,
31.7661,0.0000,0.0000,0.0000,0.0000,NaN,NaN,NaN,NaN,NaN,NaN,0.0000,0.0000,0.0000,0.0000,0.0000,0.0000,Dark,
31.7778,0.0000,0.0000,0.0000,0.0000,NaN,NaN,NaN,NaN,NaN,NaN,0.0000,0.0000,0.0000,0.0000,0.0000,0.0000,Dark,
31.7886,0.0000,0.0000,0.0000,0.0000,NaN,NaN,NaN,NaN,NaN,NaN,0.0000,0.0000,0.0000,0.0000,0.0000,0.0000,Dark,
31.7996,0.0000,0.0000,0.0000,0.0000,NaN,NaN,NaN,NaN,NaN,NaN,0.0000,0.0000,0.0000,0.0000,0.0000,0.0000,Dark,
31.8110,0.0000,0.0000,0.0000,0.0000,NaN,NaN,NaN,NaN,NaN,NaN,0.0000,0.0000,0.0000,0.0000,0.0000,0.0000,Dark,
31.8220,0.0000,0.0000,0.0000,0.0000,NaN,NaN,NaN,NaN,NaN,NaN,0.0000,0.0000,0.0000,0.0000,0.0000,0.0000,Dark,
31.8329,0.0000,0.0000,0.0000,0.0000,NaN,NaN,NaN,NaN,NaN,NaN,0.0000,0.0000,0.0000,0.0000,0.0000,0.0000,Dark,
31.8441,0.0000,0.0000,0.0000,0.0000,NaN,NaN,NaN,NaN,NaN,NaN,0.0000,0.0000,0.0000,0.0000,0.0000,0.0000,Dark,
31.8554,0.0000,0.0000,0.0000,0.0000,NaN,NaN,NaN,NaN,NaN,NaN,0.0000,0.0000,0.0000,0.0000,0.0000,0.0000,Dark,
31.8664,0.0000,0.0000,0.0000,0.0000,NaN,NaN,NaN,NaN,NaN,NaN,0.0000,0.0000,0.0000,0.0000,0.0000,0.0000,Dark,
31.8775,0.0000,0.0000,0.0000,0.0000,NaN,NaN,NaN,NaN,NaN,NaN,0.0000,0.0000,0.0000,0.0000,0.0000,0.0000,Dark,
31.8887,0.0000,0.0000,0.0000,0.0000,NaN,NaN,NaN,NaN,NaN,NaN,0.0000,0.0000,0.0000,0.0000,0.0000,0.0000,Dark,
31.8998,0.0000,0.0000,0.0000,0.0000,NaN,NaN,NaN,NaN,NaN,NaN,0.0000,0.0000,0.0000,0.0000,0.0000,0.0000,Dark,
31.9109,0.0000,0.0000,0.0000,0.0000,NaN,NaN,NaN,NaN,NaN,NaN,0.0000,0.0000,0.0000,0.0000,0.0000,0.0000,Dark,
31.9225,0.0000,0.0000,0.0000,0.0000,NaN,NaN,NaN,NaN,NaN,NaN,0.0000,0.0000,0.0000,0.0000,0.0000,0.0000,Dark,
31.9332,0.0000,0.0000,0.0000,0.0000,NaN,NaN,NaN,NaN,NaN,NaN,0.0000,0.0000,0.0000,0.0000,0.0000,0.0000,Dark,
31.9444,0.0000,0.0000,0.0000,0.0000,NaN,NaN,NaN,NaN,NaN,NaN,0.0000,0.0000,0.0000,0.0000,0.0000,0.0000,Dark,
31.9557,0.0000,0.0000,0.0000,0.0000,NaN,NaN,NaN,NaN,NaN,NaN,0.0000,0.0000,0.0000,0.0000,0.0000,0.0000,Dark,
31.9666,0.0000,0.0000,0.0000,0.0000,NaN,NaN,NaN,NaN,NaN,NaN,0.0000,0.0000,0.0000,0.0000,0.0000,0.0000,Dark,
31.9777,0.0000,0.0000,0.0000,0.0000,NaN,NaN,NaN,NaN,NaN,NaN,0.0000,0.0000,0.0000,0.0000,0.0000,0.0000,Dark,
31.9897,0.0000,0.0000,0.0000,0.0000,NaN,NaN,NaN,NaN,NaN,NaN,0.0000,0.0000,0.0000,0.0000,0.0000,0.0000,Dark,
32.0000,0.0000,0.0000,0.0000,0.0000,NaN,NaN,NaN,NaN,NaN,NaN,0.0000,0.0000,0.0000,0.0000,0.0000,0.0000,Dark,
32.0117,0.0000,0.0000,0.0000,0.0000,NaN,NaN,NaN,NaN,NaN,NaN,0.0000,0.0000,0.0000,0.0000,0.0000,0.0000,Dark,
32.0227,0.0000,0.0000,0.0000,0.0000,NaN,NaN,NaN,NaN,NaN,NaN,0.0000,0.0000,0.0000,0.0000,0.0000,0.0000,Dark,
32.0335,0.0000,0.0000,0.0000,0.0000,NaN,NaN,NaN,NaN,NaN,NaN,0.0000,0.0000,0.0000,0.0000,0.0000,0.0000,Dark,
32.0448,0.0000,0.0000,0.0000,0.0000,NaN,NaN,NaN,NaN,NaN,NaN,0.0000,0.0000,0.0000,0.0000,0.0000,0.0000,Dark,
32.0565,0.0000,0.0000,0.0000,0.0000,NaN,NaN,NaN,NaN,NaN,NaN,0.0000,0.0000,0.0000,0.0000,0.0000,0.0000,Dark,
32.0674,0.0000,0.0000,0.0000,0.0000,NaN,NaN,NaN,NaN,NaN,NaN,0.0000,0.0000,0.0000,0.0000,0.0000,0.0000,Dark,
32.0783,0.0000,0.0000,0.0000,0.0000,NaN,NaN,NaN,NaN,NaN,NaN,0.0000,0.0000,0.0000,0.0000,0.0000,0.0000,Dark,
32.0897,0.0000,0.0000,0.0000,0.0000,NaN,NaN,NaN,NaN,NaN,NaN,0.0000,0.0000,0.0000,0.0000,0.0000,0.0000,Dark,
32.1004,0.0000,0.0000,0.0000,0.0000,NaN,NaN,NaN,NaN,NaN,NaN,0.0000,0.0000,0.0000,0.0000,0.0000,0.0000,Dark,
32.1115,0.0000,0.0000,0.0000,0.0000,NaN,NaN,NaN,NaN,NaN,NaN,0.0000,0.0000,0.0000,0.0000,0.0000,0.0000,Dark,
32.1234,0.0000,0.0000,0.0000,0.0000,NaN,NaN,NaN,NaN,NaN,NaN,0.0000,0.0000,0.0000,0.0000,0.0000,0.0000,Dark,
32.1338,0.0000,0.0000,0.0000,0.0000,NaN,NaN,NaN,NaN,NaN,NaN,0.0000,0.0000,0.0000,0.0000,0.0000,0.0000,Dark,
32.1447,0.0000,0.0000,0.0000,0.0000,NaN,NaN,NaN,NaN,NaN,NaN,0.0000,0.0000,0.0000,0.0000,0.0000,0.0000,Dark,
32.1568,0.0000,0.0000,0.0000,0.0000,NaN,NaN,NaN,NaN,NaN,NaN,0.0000,0.0000,0.0000,0.0000,0.0000,0.0000,Dark,
32.1677,0.0000,0.0000,0.0000,0.0000,NaN,NaN,NaN,NaN,NaN,NaN,0.0000,0.0000,0.0000,0.0000,0.0000,0.0000,Dark,
32.3753,0.0000,0.0000,0.0000,0.0000,NaN,NaN,NaN,NaN,NaN,NaN,0.0000,0.0000,0.0000,0.0000,0.0000,0.0000,Dark,
32.5865,0.0000,0.0000,0.0000,0.0000,NaN,NaN,NaN,NaN,NaN,NaN,0.0000,0.0000,0.0000,0.0000,0.0000,0.0000,Dark,
32.7971,0.0000,0.0000,0.0000,0.0000,NaN,NaN,NaN,NaN,NaN,NaN,0.0000,0.0000,0.0000,0.0000,0.0000,0.0000,Dark,
33.0076,0.0000,0.0000,0.0000,0.0000,NaN,NaN,NaN,NaN,NaN,NaN,0.0000,0.0000,0.0000,0.0000,0.0000,0.0000,Dark,
33.2179,0.0000,0.0000,0.0000,0.0000,NaN,NaN,NaN,NaN,NaN,NaN,0.0000,0.0000,0.0000,0.0000,0.0000,0.0000,Dark,
33.4278,0.0000,0.0000,0.0000,0.0000,NaN,NaN,NaN,NaN,NaN,NaN,0.0000,0.0000,0.0000,0.0000,0.0000,0.0000,Dark,
33.6382,0.0000,0.0000,0.0000,0.0000,NaN,NaN,NaN,NaN,NaN,NaN,0.0000,0.0000,0.0000,0.0000,0.0000,0.0000,Dark,
33.8484,0.0000,0.0000,0.0000,0.0000,NaN,NaN,NaN,NaN,NaN,NaN,0.0000,0.0000,0.0000,0.0000,0.0000,0.0000,Dark,
34.0539,0.0000,0.0000,0.0000,0.0000,NaN,NaN,NaN,NaN,NaN,NaN,0.0000,0.0000,0.0000,0.0000,0.0000,0.0000,Dark,
34.2760,0.0000,0.0000,0.0000,0.0000,NaN,NaN,NaN,NaN,NaN,NaN,0.0000,0.0000,0.0000,0.0000,0.0000,0.0000,Dark,
34.4862,0.0000,0.0000,0.0000,0.0000,NaN,NaN,NaN,NaN,NaN,NaN,0.0000,0.0000,0.0000,0.0000,0.0000,0.0000,Dark,
34.6969,0.0000,0.0000,0.0000,0.0000,NaN,NaN,NaN,NaN,NaN,NaN,0.0000,0.0000,0.0000,0.0000,0.0000,0.0000,Dark,
34.9013,0.0000,0.0000,0.0000,0.0000,NaN,NaN,NaN,NaN,NaN,NaN,0.0000,0.0000,0.0000,0.0000,0.0000,0.0000,Dark,
35.1080,0.0000,0.0000,0.0000,0.0000,NaN,NaN,NaN,NaN,NaN,NaN,0.0000,0.0000,0.0000,0.0000,0.0000,0.0000,Dark,
35.3252,0.0000,0.0000,0.0000,0.0000,NaN,NaN,NaN,NaN,NaN,NaN,0.0000,0.0000,0.0000,0.0000,0.0000,0.0000,Dark,
35.5475,0.0000,0.0000,0.0000,0.0000,NaN,NaN,NaN,NaN,NaN,NaN,0.0000,0.0000,0.0000,0.0000,0.0000,0.0000,Dark,
35.7520,0.0000,0.0000,0.0000,0.0000,NaN,NaN,NaN,NaN,NaN,NaN,0.0000,0.0000,0.0000,0.0000,0.0000,0.0000,Dark,
35.9623,0.0000,0.0000,0.0000,0.0000,NaN,NaN,NaN,NaN,NaN,NaN,0.0000,0.0000,0.0000,0.0000,0.0000,0.0000,Dark,
36.1730,0.0000,0.0000,0.0000,0.0000,NaN,NaN,NaN,NaN,NaN,NaN,0.0000,0.0000,0.0000,0.0000,0.0000,0.0000,Dark,
36.3837,0.0000,0.0000,0.0000,0.0000,NaN,NaN,NaN,NaN,NaN,NaN,0.0000,0.0000,0.0000,0.0000,0.0000,0.0000,Dark,
36.5935,0.0000,0.0000,0.0000,0.0000,NaN,NaN,NaN,NaN,NaN,NaN,0.0000,0.0000,0.0000,0.0000,0.0000,0.0000,Dark,
36.7998,0.0000,0.0000,0.0000,0.0000,NaN,NaN,NaN,NaN,NaN,NaN,0.0000,0.0000,0.0000,0.0000,0.0000,0.0000,Dark,
37.0067,0.0000,0.0000,0.0000,0.0000,NaN,NaN,NaN,NaN,NaN,NaN,0.0000,0.0000,0.0000,0.0000,0.0000,0.0000,Dark,
37.2229,0.0000,0.0000,0.0000,0.0000,NaN,NaN,NaN,NaN,NaN,NaN,0.0000,0.0000,0.0000,0.0000,0.0000,0.0000,Dark,
37.4289,0.0000,0.0000,0.0000,0.0000,NaN,NaN,NaN,NaN,NaN,NaN,0.0000,0.0000,0.0000,0.0000,0.0000,0.0000,Dark,
37.6351,0.0000,0.0000,0.0000,0.0000,NaN,NaN,NaN,NaN,NaN,NaN,0.0000,0.0000,0.0000,0.0000,0.0000,0.0000,Dark,
37.8409,0.0000,0.0000,0.0000,0.0000,NaN,NaN,NaN,NaN,NaN,NaN,0.0000,0.0000,0.0000,0.0000,0.0000,0.0000,Dark,
38.0559,0.0000,0.0000,0.0000,0.0000,NaN,NaN,NaN,NaN,NaN,NaN,0.0000,0.0000,0.0000,0.0000,0.0000,0.0000,Dark,
38.2613,0.0000,0.0000,0.0000,0.0000,NaN,NaN,NaN,NaN,NaN,NaN,0.0000,0.0000,0.0000,0.0000,0.0000,0.0000,Dark,
38.4716,0.0000,0.0000,0.0000,0.0000,NaN,NaN,NaN,NaN,NaN,NaN,0.0000,0.0000,0.0000,0.0000,0.0000,0.0000,Dark,
38.6884,0.0000,0.0000,0.0000,0.0000,NaN,NaN,NaN,NaN,NaN,NaN,0.0000,0.0000,0.0000,0.0000,0.0000,0.0000,Dark,
38.8982,0.0000,0.0000,0.0000,0.0000,NaN,NaN,NaN,NaN,NaN,NaN,0.0000,0.0000,0.0000,0.0000,0.0000,0.0000,Dark,
39.1033,0.0000,0.0000,0.0000,0.0000,NaN,NaN,NaN,NaN,NaN,NaN,0.0000,0.0000,0.0000,0.0000,0.0000,0.0000,Dark,
39.3141,0.0000,0.0000,0.0000,0.0000,NaN,NaN,NaN,NaN,NaN,NaN,0.0000,0.0000,0.0000,0.0000,0.0000,0.0000,Dark,
39.5247,0.0000,0.0000,0.0000,0.0000,NaN,NaN,NaN,NaN,NaN,NaN,0.0000,0.0000,0.0000,0.0000,0.0000,0.0000,Dark,
39.7302,0.0000,0.0000,0.0000,0.0000,NaN,NaN,NaN,NaN,NaN,NaN,0.0000,0.0000,0.0000,0.0000,0.0000,0.0000,Dark,
39.9493,0.0000,0.0000,0.0000,0.0000,NaN,NaN,NaN,NaN,NaN,NaN,0.0000,0.0000,0.0000,0.0000,0.0000,0.0000,Dark,
40.1586,0.0000,0.0000,0.0000,0.0000,NaN,NaN,NaN,NaN,NaN,NaN,0.0000,0.0000,0.0000,0.0000,0.0000,0.0000,Dark,
40.3687,0.0000,0.0000,0.0000,0.0000,NaN,NaN,NaN,NaN,NaN,NaN,0.0000,0.0000,0.0000,0.0000,0.0000,0.0000,Dark,
40.5791,0.0000,0.0000,0.0000,0.0000,NaN,NaN,NaN,NaN,NaN,NaN,0.0000,0.0000,0.0000,0.0000,0.0000,0.0000,Dark,
40.7915,0.0000,0.0000,0.0000,0.0000,NaN,NaN,NaN,NaN,NaN,NaN,0.0000,0.0000,0.0000,0.0000,0.0000,0.0000,Dark,
40.9959,0.0000,0.0000,0.0000,0.0000,NaN,NaN,NaN,NaN,NaN,NaN,0.0000,0.0000,0.0000,0.0000,0.0000,0.0000,Dark,
41.2175,0.0000,0.0000,0.0000,0.0000,NaN,NaN,NaN,NaN,NaN,NaN,0.0000,0.0000,0.0000,0.0000,0.0000,0.0000,Dark,
41.4235,0.0000,0.0000,0.0000,0.0000,NaN,NaN,NaN,NaN,NaN,NaN,0.0000,0.0000,0.0000,0.0000,0.0000,0.0000,Dark,
41.6290,0.0000,0.0000,0.0000,0.0000,NaN,NaN,NaN,NaN,NaN,NaN,0.0000,0.0000,0.0000,0.0000,0.0000,0.0000,Dark,
41.8345,0.0000,0.0000,0.0000,0.0000,NaN,NaN,NaN,NaN,NaN,NaN,0.0000,0.0000,0.0000,0.0000,0.0000,0.0000,Dark,
42.0448,0.0000,0.0000,0.0000,0.0000,NaN,NaN,NaN,NaN,NaN,NaN,0.0000,0.0000,0.0000,0.0000,0.0000,0.0000,Dark,
42.2552,0.0000,0.0000,0.0000,0.0000,NaN,NaN,NaN,NaN,NaN,NaN,0.0000,0.0000,0.0000,0.0000,0.0000,0.0000,Dark,
42.4655,0.0000,0.0000,0.0000,0.0000,NaN,NaN,NaN,NaN,NaN,NaN,0.0000,0.0000,0.0000,0.0000,0.0000,0.0000,Dark,
42.6879,0.0000,0.0000,0.0000,0.0000,NaN,NaN,NaN,NaN,NaN,NaN,0.0000,0.0000,0.0000,0.0000,0.0000,0.0000,Dark,
42.8862,0.0000,0.0000,0.0000,0.0000,NaN,NaN,NaN,NaN,NaN,NaN,0.0000,0.0000,0.0000,0.0000,0.0000,0.0000,Dark,
43.0963,0.0000,0.0000,0.0000,0.0000,NaN,NaN,NaN,NaN,NaN,NaN,0.0000,0.0000,0.0000,0.0000,0.0000,0.0000,Dark,
43.3070,0.0000,0.0000,0.0000,0.0000,NaN,NaN,NaN,NaN,NaN,NaN,0.0000,0.0000,0.0000,0.0000,0.0000,0.0000,Dark,
43.5179,0.0000,0.0000,0.0000,0.0000,NaN,NaN,NaN,NaN,NaN,NaN,0.0000,0.0000,0.0000,0.0000,0.0000,0.0000,Dark,
43.7233,0.0000,0.0000,0.0000,0.0000,NaN,NaN,NaN,NaN,NaN,NaN,0.0000,0.0000,0.0000,0.0000,0.0000,0.0000,Dark,
43.9347,0.0000,0.0000,0.0000,0.0000,NaN,NaN,NaN,NaN,NaN,NaN,0.0000,0.0000,0.0000,0.0000,0.0000,0.0000,Dark,
44.1610,0.0000,0.0000,0.0000,0.0000,NaN,NaN,NaN,NaN,NaN,NaN,0.0000,0.0000,0.0000,0.0000,0.0000,0.0000,Dark,
44.3603,0.0000,0.0000,0.0000,0.0000,NaN,NaN,NaN,NaN,NaN,NaN,0.0000,0.0000,0.0000,0.0000,0.0000,0.0000,Dark,
44.5712,0.0000,0.0000,0.0000,0.0000,NaN,NaN,NaN,NaN,NaN,NaN,0.0000,0.0000,0.0000,0.0000,0.0000,0.0000,Dark,
44.7818,0.0000,0.0000,0.0000,0.0000,NaN,NaN,NaN,NaN,NaN,NaN,0.0000,0.0000,0.0000,0.0000,0.0000,0.0000,Dark,
44.9920,0.0000,0.0000,0.0000,0.0000,NaN,NaN,NaN,NaN,NaN,NaN,0.0000,0.0000,0.0000,0.0000,0.0000,0.0000,Dark,
45.2079,0.0000,0.0000,0.0000,0.0000,NaN,NaN,NaN,NaN,NaN,NaN,0.0000,0.0000,0.0000,0.0000,0.0000,0.0000,Dark,
45.4072,0.0000,0.0000,0.0000,0.0000,NaN,NaN,NaN,NaN,NaN,NaN,0.0000,0.0000,0.0000,0.0000,0.0000,0.0000,Dark,
45.6172,0.0000,0.0000,0.0000,0.0000,NaN,NaN,NaN,NaN,NaN,NaN,0.0000,0.0000,0.0000,0.0000,0.0000,0.0000,Dark,
45.8275,0.0000,0.0000,0.0000,0.0000,NaN,NaN,NaN,NaN,NaN,NaN,0.0000,0.0000,0.0000,0.0000,0.0000,0.0000,Dark,
46.0386,0.0000,0.0000,0.0000,0.0000,NaN,NaN,NaN,NaN,NaN,NaN,0.0000,0.0000,0.0000,0.0000,0.0000,0.0000,Dark,
46.2507,0.0000,0.0000,0.0000,0.0000,NaN,NaN,NaN,NaN,NaN,NaN,0.0000,0.0000,0.0000,0.0000,0.0000,0.0000,Dark,
46.4609,0.0000,0.0000,0.0000,0.0000,NaN,NaN,NaN,NaN,NaN,NaN,0.0000,0.0000,0.0000,0.0000,0.0000,0.0000,Dark,
46.6716,0.0000,0.0000,0.0000,0.0000,NaN,NaN,NaN,NaN,NaN,NaN,0.0000,0.0000,0.0000,0.0000,0.0000,0.0000,Dark,
46.8817,0.0000,0.0000,0.0000,0.0000,NaN,NaN,NaN,NaN,NaN,NaN,0.0000,0.0000,0.0000,0.0000,0.0000,0.0000,Dark,
47.0937,0.0000,0.0000,0.0000,0.0000,NaN,NaN,NaN,NaN,NaN,NaN,0.0000,0.0000,0.0000,0.0000,0.0000,0.0000,Dark,
47.3049,0.0000,0.0000,0.0000,0.0000,NaN,NaN,NaN,NaN,NaN,NaN,0.0000,0.0000,0.0000,0.0000,0.0000,0.0000,Dark,
47.5159,0.0000,0.0000,0.0000,0.0000,NaN,NaN,NaN,NaN,NaN,NaN,0.0000,0.0000,0.0000,0.0000,0.0000,0.0000,Dark,
47.7216,0.0000,0.0000,0.0000,0.0000,NaN,NaN,NaN,NaN,NaN,NaN,0.0000,0.0000,0.0000,0.0000,0.0000,0.0000,Dark,
47.9381,0.0000,0.0000,0.0000,0.0000,NaN,NaN,NaN,NaN,NaN,NaN,0.0000,0.0000,0.0000,0.0000,0.0000,0.0000,Dark,
48.1481,0.0000,0.0000,0.0000,0.0000,NaN,NaN,NaN,NaN,NaN,NaN,0.0000,0.0000,0.0000,0.0000,0.0000,0.0000,Dark,
48.3597,0.0000,0.0000,0.0000,0.0000,NaN,NaN,NaN,NaN,NaN,NaN,0.0000,0.0000,0.0000,0.0000,0.0000,0.0000,Dark,
48.5650,0.0000,0.0000,0.0000,0.0000,NaN,NaN,NaN,NaN,NaN,NaN,0.0000,0.0000,0.0000,0.0000,0.0000,0.0000,Dark,
48.7861,0.0000,0.0000,0.0000,0.0000,NaN,NaN,NaN,NaN,NaN,NaN,0.0000,0.0000,0.0000,0.0000,0.0000,0.0000,Dark,
48.9933,0.0000,0.0000,0.0000,0.0000,NaN,NaN,NaN,NaN,NaN,NaN,0.0000,0.0000,0.0000,0.0000,0.0000,0.0000,Dark,
49.2036,0.0000,0.0000,0.0000,0.0000,NaN,NaN,NaN,NaN,NaN,NaN,0.0000,0.0000,0.0000,0.0000,0.0000,0.0000,Dark,
49.4142,0.0000,0.0000,0.0000,0.0000,NaN,NaN,NaN,NaN,NaN,NaN,0.0000,0.0000,0.0000,0.0000,0.0000,0.0000,Dark,
49.6294,0.0000,0.0000,0.0000,0.0000,NaN,NaN,NaN,NaN,NaN,NaN,0.0000,0.0000,0.0000,0.0000,0.0000,0.0000,Dark,
49.8415,0.0000,0.0000,0.0000,0.0000,NaN,NaN,NaN,NaN,NaN,NaN,0.0000,0.0000,0.0000,0.0000,0.0000,0.0000,Dark,
50.0499,0.0000,0.0000,0.0000,0.0000,NaN,NaN,NaN,NaN,NaN,NaN,0.0000,0.0000,0.0000,0.0000,0.0000,0.0000,Dark,
50.2603,0.0000,0.0000,0.0000,0.0000,NaN,NaN,NaN,NaN,NaN,NaN,0.0000,0.0000,0.0000,0.0000,0.0000,0.0000,Dark,
50.4716,0.0000,0.0000,0.0000,0.0000,NaN,NaN,NaN,NaN,NaN,NaN,0.0000,0.0000,0.0000,0.0000,0.0000,0.0000,Dark,
50.6772,0.0000,0.0000,0.0000,0.0000,NaN,NaN,NaN,NaN,NaN,NaN,0.0000,0.0000,0.0000,0.0000,0.0000,0.0000,Dark,
50.8827,0.0000,0.0000,0.0000,0.0000,NaN,NaN,NaN,NaN,NaN,NaN,0.0000,0.0000,0.0000,0.0000,0.0000,0.0000,Dark,
51.1041,0.0000,0.0000,0.0000,0.0000,NaN,NaN,NaN,NaN,NaN,NaN,0.0000,0.0000,0.0000,0.0000,0.0000,0.0000,Dark,
51.3104,0.0000,0.0000,0.0000,0.0000,NaN,NaN,NaN,NaN,NaN,NaN,0.0000,0.0000,0.0000,0.0000,0.0000,0.0000,Dark,
51.5210,0.0000,0.0000,0.0000,0.0000,NaN,NaN,NaN,NaN,NaN,NaN,0.0000,0.0000,0.0000,0.0000,0.0000,0.0000,Dark,
51.7309,0.0000,0.0000,0.0000,0.0000,NaN,NaN,NaN,NaN,NaN,NaN,0.0000,0.0000,0.0000,0.0000,0.0000,0.0000,Dark,
51.9417,0.0000,0.0000,0.0000,0.0000,NaN,NaN,NaN,NaN,NaN,NaN,0.0000,0.0000,0.0000,0.0000,0.0000,0.0000,Dark,
52.1476,0.0000,0.0000,0.0000,0.0000,NaN,NaN,NaN,NaN,NaN,NaN,0.0000,0.0000,0.0000,0.0000,0.0000,0.0000,Dark,
52.3524,0.0000,0.0000,0.0000,0.0000,NaN,NaN,NaN,NaN,NaN,NaN,0.0000,0.0000,0.0000,0.0000,0.0000,0.0000,Dark,
52.5586,0.0000,0.0000,0.0000,0.0000,NaN,NaN,NaN,NaN,NaN,NaN,0.0000,0.0000,0.0000,0.0000,0.0000,0.0000,Dark,
52.7695,0.0000,0.0000,0.0000,0.0000,NaN,NaN,NaN,NaN,NaN,NaN,0.0000,0.0000,0.0000,0.0000,0.0000,0.0000,Dark,
52.9804,0.0000,0.0000,0.0000,0.0000,NaN,NaN,NaN,NaN,NaN,NaN,0.0000,0.0000,0.0000,0.0000,0.0000,0.0000,Dark,
53.1876,0.0000,0.0000,0.0000,0.0000,NaN,NaN,NaN,NaN,NaN,NaN,0.0000,0.0000,0.0000,0.0000,0.0000,0.0000,Dark,
53.3875,0.0000,0.0000,0.0000,0.0000,NaN,NaN,NaN,NaN,NaN,NaN,0.0000,0.0000,0.0000,0.0000,0.0000,0.0000,Dark,
53.5984,0.0000,0.0000,0.0000,0.0000,NaN,NaN,NaN,NaN,NaN,NaN,0.0000,0.0000,0.0000,0.0000,0.0000,0.0000,Dark,
53.8085,0.0000,0.0000,0.0000,0.0000,NaN,NaN,NaN,NaN,NaN,NaN,0.0000,0.0000,0.0000,0.0000,0.0000,0.0000,Dark,
54.0201,0.0000,0.0000,0.0000,0.0000,NaN,NaN,NaN,NaN,NaN,NaN,0.0000,0.0000,0.0000,0.0000,0.0000,0.0000,Dark,
54.2293,0.0000,0.0000,0.0000,0.0000,NaN,NaN,NaN,NaN,NaN,NaN,0.0000,0.0000,0.0000,0.0000,0.0000,0.0000,Dark,
54.4408,0.0000,0.0000,0.0000,0.0000,NaN,NaN,NaN,NaN,NaN,NaN,0.0000,0.0000,0.0000,0.0000,0.0000,0.0000,Dark,
54.6565,0.0000,0.0000,0.0000,0.0000,NaN,NaN,NaN,NaN,NaN,NaN,0.0000,0.0000,0.0000,0.0000,0.0000,0.0000,Dark,
54.8658,0.0000,0.0000,0.0000,0.0000,NaN,NaN,NaN,NaN,NaN,NaN,0.0000,0.0000,0.0000,0.0000,0.0000,0.0000,Dark,
55.0766,0.0000,0.0000,0.0000,0.0000,NaN,NaN,NaN,NaN,NaN,NaN,0.0000,0.0000,0.0000,0.0000,0.0000,0.0000,Dark,
55.2866,0.0000,0.0000,0.0000,0.0000,NaN,NaN,NaN,NaN,NaN,NaN,0.0000,0.0000,0.0000,0.0000,0.0000,0.0000,Dark,
55.4970,0.0000,0.0000,0.0000,0.0000,NaN,NaN,NaN,NaN,NaN,NaN,0.0000,0.0000,0.0000,0.0000,0.0000,0.0000,Dark,
55.7039,0.0000,0.0000,0.0000,0.0000,NaN,NaN,NaN,NaN,NaN,NaN,0.0000,0.0000,0.0000,0.0000,0.0000,0.0000,Dark,
55.9086,0.0000,0.0000,0.0000,0.0000,NaN,NaN,NaN,NaN,NaN,NaN,0.0000,0.0000,0.0000,0.0000,0.0000,0.0000,Dark,
56.1113,0.0000,0.0000,0.0000,0.0000,NaN,NaN,NaN,NaN,NaN,NaN,0.0000,0.0000,0.0000,0.0000,0.0000,0.0000,Dark,
56.3216,0.0000,0.0000,0.0000,0.0000,NaN,NaN,NaN,NaN,NaN,NaN,0.0000,0.0000,0.0000,0.0000,0.0000,0.0000,Dark,
56.5265,0.0000,0.0000,0.0000,0.0000,NaN,NaN,NaN,NaN,NaN,NaN,0.0000,0.0000,0.0000,0.0000,0.0000,0.0000,Dark,
56.7451,0.0000,0.0000,0.0000,0.0000,NaN,NaN,NaN,NaN,NaN,NaN,0.0000,0.0000,0.0000,0.0000,0.0000,0.0000,Dark,
56.9507,0.0000,0.0000,0.0000,0.0000,NaN,NaN,NaN,NaN,NaN,NaN,0.0000,0.0000,0.0000,0.0000,0.0000,0.0000,Dark,
57.1517,0.0000,0.0000,0.0000,0.0000,NaN,NaN,NaN,NaN,NaN,NaN,0.0000,0.0000,0.0000,0.0000,0.0000,0.0000,Dark,
57.3628,0.0000,0.0000,0.0000,0.0000,NaN,NaN,NaN,NaN,NaN,NaN,0.0000,0.0000,0.0000,0.0000,0.0000,0.0000,Dark,
57.5831,0.0000,0.0000,0.0000,0.0000,NaN,NaN,NaN,NaN,NaN,NaN,0.0000,0.0000,0.0000,0.0000,0.0000,0.0000,Dark,
57.7900,0.0000,0.0000,0.0000,0.0000,NaN,NaN,NaN,NaN,NaN,NaN,0.0000,0.0000,0.0000,0.0000,0.0000,0.0000,Dark,
57.9941,0.0000,0.0000,0.0000,0.0000,NaN,NaN,NaN,NaN,NaN,NaN,0.0000,0.0000,0.0000,0.0000,0.0000,0.0000,Dark,
58.2008,0.0000,0.0000,0.0000,0.0000,NaN,NaN,NaN,NaN,NaN,NaN,0.0000,0.0000,0.0000,0.0000,0.0000,0.0000,Dark,
58.4024,0.0000,0.0000,0.0000,0.0000,NaN,NaN,NaN,NaN,NaN,NaN,0.0000,0.0000,0.0000,0.0000,0.0000,0.0000,Dark,
58.6135,0.0000,0.0000,0.0000,0.0000,NaN,NaN,NaN,NaN,NaN,NaN,0.0000,0.0000,0.0000,0.0000,0.0000,0.0000,Dark,
58.8276,0.0000,0.0000,0.0000,0.0000,NaN,NaN,NaN,NaN,NaN,NaN,0.0000,0.0000,0.0000,0.0000,0.0000,0.0000,Dark,
59.0339,0.0000,0.0000,0.0000,0.0000,NaN,NaN,NaN,NaN,NaN,NaN,0.0000,0.0000,0.0000,0.0000,0.0000,0.0000,Dark,
59.2443,0.0000,0.0000,0.0000,0.0000,NaN,NaN,NaN,NaN,NaN,NaN,0.0000,0.0000,0.0000,0.0000,0.0000,0.0000,Dark,
59.4547,0.0000,0.0000,0.0000,0.0000,NaN,NaN,NaN,NaN,NaN,NaN,0.0000,0.0000,0.0000,0.0000,0.0000,0.0000,Dark,
59.6709,0.0000,0.0000,0.0000,0.0000,NaN,NaN,NaN,NaN,NaN,NaN,0.0000,0.0000,0.0000,0.0000,0.0000,0.0000,Dark,
59.8762,0.0000,0.0000,0.0000,0.0000,NaN,NaN,NaN,NaN,NaN,NaN,0.0000,0.0000,0.0000,0.0000,0.0000,0.0000,Dark,
60.0826,0.0000,0.0000,0.0000,0.0000,NaN,NaN,NaN,NaN,NaN,NaN,0.0000,0.0000,0.0000,0.0000,0.0000,0.0000,Dark,
60.2881,0.0000,0.0000,0.0000,0.0000,NaN,NaN,NaN,NaN,NaN,NaN,0.0000,0.0000,0.0000,0.0000,0.0000,0.0000,Dark,
60.4984,0.0000,0.0000,0.0000,0.0000,NaN,NaN,NaN,NaN,NaN,NaN,0.0000,0.0000,0.0000,0.0000,0.0000,0.0000,Dark,
60.7126,0.0000,0.0000,0.0000,0.0000,NaN,NaN,NaN,NaN,NaN,NaN,0.0000,0.0000,0.0000,0.0000,0.0000,0.0000,Dark,
60.9200,0.0000,0.0000,0.0000,0.0000,NaN,NaN,NaN,NaN,NaN,NaN,0.0000,0.0000,0.0000,0.0000,0.0000,0.0000,Dark,
61.1298,0.0000,0.0000,0.0000,0.0000,NaN,NaN,NaN,NaN,NaN,NaN,0.0000,0.0000,0.0000,0.0000,0.0000,0.0000,Dark,
61.3359,0.0000,0.0000,0.0000,0.0000,NaN,NaN,NaN,NaN,NaN,NaN,0.0000,0.0000,0.0000,0.0000,0.0000,0.0000,Dark,
61.5465,0.0000,0.0000,0.0000,0.0000,NaN,NaN,NaN,NaN,NaN,NaN,0.0000,0.0000,0.0000,0.0000,0.0000,0.0000,Dark,
61.7567,0.0000,0.0000,0.0000,0.0000,NaN,NaN,NaN,NaN,NaN,NaN,0.0000,0.0000,0.0000,0.0000,0.0000,0.0000,Dark,
61.9684,0.0000,0.0000,0.0000,0.0000,NaN,NaN,NaN,NaN,NaN,NaN,0.0000,0.0000,0.0000,0.0000,0.0000,0.0000,Dark,
62.1837,0.0000,0.0000,0.0000,0.0000,NaN,NaN,NaN,NaN,NaN,NaN,0.0000,0.0000,0.0000,0.0000,0.0000,0.0000,Dark,
62.3889,0.0000,0.0000,0.0000,0.0000,NaN,NaN,NaN,NaN,NaN,NaN,0.0000,0.0000,0.0000,0.0000,0.0000,0.0000,Dark,
62.5999,0.0000,0.0000,0.0000,0.0000,NaN,NaN,NaN,NaN,NaN,NaN,0.0000,0.0000,0.0000,0.0000,0.0000,0.0000,Dark,
62.8103,0.0000,0.0000,0.0000,0.0000,NaN,NaN,NaN,NaN,NaN,NaN,0.0000,0.0000,0.0000,0.0000,0.0000,0.0000,Dark,
63.0223,0.0000,0.0000,0.0000,0.0000,NaN,NaN,NaN,NaN,NaN,NaN,0.0000,0.0000,0.0000,0.0000,0.0000,0.0000,Dark,
63.2371,0.0000,0.0000,0.0000,0.0000,NaN,NaN,NaN,NaN,NaN,NaN,0.0000,0.0000,0.0000,0.0000,0.0000,0.0000,Dark,
63.4471,0.0000,0.0000,0.0000,0.0000,NaN,NaN,NaN,NaN,NaN,NaN,0.0000,0.0000,0.0000,0.0000,0.0000,0.0000,Dark,
63.6574,0.0000,0.0000,0.0000,0.0000,NaN,NaN,NaN,NaN,NaN,NaN,0.0000,0.0000,0.0000,0.0000,0.0000,0.0000,Dark,
63.8712,0.0000,0.0000,0.0000,0.0000,NaN,NaN,NaN,NaN,NaN,NaN,0.0000,0.0000,0.0000,0.0000,0.0000,0.0000,Dark,
64.0784,0.0000,0.0000,0.0000,0.0000,NaN,NaN,NaN,NaN,NaN,NaN,0.0000,0.0000,0.0000,0.0000,0.0000,0.0000,Dark,
64.2850,0.0000,0.0000,0.0000,0.0000,NaN,NaN,NaN,NaN,NaN,NaN,0.0000,0.0000,0.0000,0.0000,0.0000,0.0000,Dark,
64.4904,0.0000,0.0000,0.0000,0.0000,NaN,NaN,NaN,NaN,NaN,NaN,0.0000,0.0000,0.0000,0.0000,0.0000,0.0000,Dark,
64.7075,0.0000,0.0000,0.0000,0.0000,NaN,NaN,NaN,NaN,NaN,NaN,0.0000,0.0000,0.0000,0.0000,0.0000,0.0000,Dark,
64.9237,0.0000,0.0000,0.0000,0.0000,NaN,NaN,NaN,NaN,NaN,NaN,0.0000,0.0000,0.0000,0.0000,0.0000,0.0000,Dark,
65.1346,0.0000,0.0000,0.0000,0.0000,NaN,NaN,NaN,NaN,NaN,NaN,0.0000,0.0000,0.0000,0.0000,0.0000,0.0000,Dark,
65.3446,0.0000,0.0000,0.0000,0.0000,NaN,NaN,NaN,NaN,NaN,NaN,0.0000,0.0000,0.0000,0.0000,0.0000,0.0000,Dark,
65.5547,0.0000,0.0000,0.0000,0.0000,NaN,NaN,NaN,NaN,NaN,NaN,0.0000,0.0000,0.0000,0.0000,0.0000,0.0000,Dark,
65.7649,0.0000,0.0000,0.0000,0.0000,NaN,NaN,NaN,NaN,NaN,NaN,0.0000,0.0000,0.0000,0.0000,0.0000,0.0000,Dark,
65.9712,0.0000,0.0000,0.0000,0.0000,NaN,NaN,NaN,NaN,NaN,NaN,0.0000,0.0000,0.0000,0.0000,0.0000,0.0000,Dark,
66.1769,0.0000,0.0000,0.0000,0.0000,NaN,NaN,NaN,NaN,NaN,NaN,0.0000,0.0000,0.0000,0.0000,0.0000,0.0000,Dark,
66.3946,0.0000,0.0000,0.0000,0.0000,NaN,NaN,NaN,NaN,NaN,NaN,0.0000,0.0000,0.0000,0.0000,0.0000,0.0000,Dark,
66.6050,0.0000,0.0000,0.0000,0.0000,NaN,NaN,NaN,NaN,NaN,NaN,0.0000,0.0000,0.0000,0.0000,0.0000,0.0000,Dark,
66.8213,0.0000,0.0000,0.0000,0.0000,NaN,NaN,NaN,NaN,NaN,NaN,0.0000,0.0000,0.0000,0.0000,0.0000,0.0000,Dark,
67.0315,0.0000,0.0000,0.0000,0.0000,NaN,NaN,NaN,NaN,NaN,NaN,0.0000,0.0000,0.0000,0.0000,0.0000,0.0000,Dark,
67.2427,0.0000,0.0000,0.0000,0.0000,NaN,NaN,NaN,NaN,NaN,NaN,0.0000,0.0000,0.0000,0.0000,0.0000,0.0000,Dark,
67.4527,0.0000,0.0000,0.0000,0.0000,NaN,NaN,NaN,NaN,NaN,NaN,0.0000,0.0000,0.0000,0.0000,0.0000,0.0000,Dark,
67.6623,0.0000,0.0000,0.0000,0.0000,NaN,NaN,NaN,NaN,NaN,NaN,0.0000,0.0000,0.0000,0.0000,0.0000,0.0000,Dark,
67.8733,0.0000,0.0000,0.0000,0.0000,NaN,NaN,NaN,NaN,NaN,NaN,0.0000,0.0000,0.0000,0.0000,0.0000,0.0000,Dark,
68.0837,0.0000,0.0000,0.0000,0.0000,NaN,NaN,NaN,NaN,NaN,NaN,0.0000,0.0000,0.0000,0.0000,0.0000,0.0000,Dark,
68.3037,0.0000,0.0000,0.0000,0.0000,NaN,NaN,NaN,NaN,NaN,NaN,0.0000,0.0000,0.0000,0.0000,0.0000,0.0000,Dark,
68.5001,0.0000,0.0000,0.0000,0.0000,NaN,NaN,NaN,NaN,NaN,NaN,0.0000,0.0000,0.0000,0.0000,0.0000,0.0000,Dark,
68.7071,0.0000,0.0000,0.0000,0.0000,NaN,NaN,NaN,NaN,NaN,NaN,0.0000,0.0000,0.0000,0.0000,0.0000,0.0000,Dark,
68.9265,0.0000,0.0000,0.0000,0.0000,NaN,NaN,NaN,NaN,NaN,NaN,0.0000,0.0000,0.0000,0.0000,0.0000,0.0000,Dark,
69.1372,0.0000,0.0000,0.0000,0.0000,NaN,NaN,NaN,NaN,NaN,NaN,0.0000,0.0000,0.0000,0.0000,0.0000,0.0000,Dark,
69.3436,0.0000,0.0000,0.0000,0.0000,NaN,NaN,NaN,NaN,NaN,NaN,0.0000,0.0000,0.0000,0.0000,0.0000,0.0000,Dark,
69.5674,0.0000,0.0000,0.0000,0.0000,NaN,NaN,NaN,NaN,NaN,NaN,0.0000,0.0000,0.0000,0.0000,0.0000,0.0000,Dark,
69.7650,0.0000,0.0000,0.0000,0.0000,NaN,NaN,NaN,NaN,NaN,NaN,0.0000,0.0000,0.0000,0.0000,0.0000,0.0000,Dark,
69.9704,0.0000,0.0000,0.0000,0.0000,NaN,NaN,NaN,NaN,NaN,NaN,0.0000,0.0000,0.0000,0.0000,0.0000,0.0000,Dark,
70.1881,0.0000,0.0000,0.0000,0.0000,NaN,NaN,NaN,NaN,NaN,NaN,0.0000,0.0000,0.0000,0.0000,0.0000,0.0000,Dark,
70.3943,0.0000,0.0000,0.0000,0.0000,NaN,NaN,NaN,NaN,NaN,NaN,0.0000,0.0000,0.0000,0.0000,0.0000,0.0000,Dark,
70.5969,0.0000,0.0000,0.0000,0.0000,NaN,NaN,NaN,NaN,NaN,NaN,0.0000,0.0000,0.0000,0.0000,0.0000,0.0000,Dark,
70.8067,0.0000,0.0000,0.0000,0.0000,NaN,NaN,NaN,NaN,NaN,NaN,0.0000,0.0000,0.0000,0.0000,0.0000,0.0000,Dark,
71.0176,0.0000,0.0000,0.0000,0.0000,NaN,NaN,NaN,NaN,NaN,NaN,0.0000,0.0000,0.0000,0.0000,0.0000,0.0000,Dark,
71.2276,0.0000,0.0000,0.0000,0.0000,NaN,NaN,NaN,NaN,NaN,NaN,0.0000,0.0000,0.0000,0.0000,0.0000,0.0000,Dark,
71.4376,0.0000,0.0000,0.0000,0.0000,NaN,NaN,NaN,NaN,NaN,NaN,0.0000,0.0000,0.0000,0.0000,0.0000,0.0000,Dark,
71.6534,0.0000,0.0000,0.0000,0.0000,NaN,NaN,NaN,NaN,NaN,NaN,0.0000,0.0000,0.0000,0.0000,0.0000,0.0000,Dark,
71.8646,0.0000,0.0000,0.0000,0.0000,NaN,NaN,NaN,NaN,NaN,NaN,0.0000,0.0000,0.0000,0.0000,0.0000,0.0000,Dark,
72.0739,0.0000,0.0000,0.0000,0.0000,NaN,NaN,NaN,NaN,NaN,NaN,0.0000,0.0000,0.0000,0.0000,0.0000,0.0000,Dark,
72.2803,0.0000,0.0000,0.0000,0.0000,NaN,NaN,NaN,NaN,NaN,NaN,0.0000,0.0000,0.0000,0.0000,0.0000,0.0000,Dark,
72.4918,0.0000,0.0000,0.0000,0.0000,NaN,NaN,NaN,NaN,NaN,NaN,0.0000,0.0000,0.0000,0.0000,0.0000,0.0000,Dark,
72.6972,0.0000,0.0000,0.0000,0.0000,NaN,NaN,NaN,NaN,NaN,NaN,0.0000,0.0000,0.0000,0.0000,0.0000,0.0000,Dark,
72.9155,0.0000,0.0000,0.0000,0.0000,NaN,NaN,NaN,NaN,NaN,NaN,0.0000,0.0000,0.0000,0.0000,0.0000,0.0000,Dark,
73.1265,0.0000,0.0000,0.0000,0.0000,NaN,NaN,NaN,NaN,NaN,NaN,0.0000,0.0000,0.0000,0.0000,0.0000,0.0000,Dark,
73.3357,0.0000,0.0000,0.0000,0.0000,NaN,NaN,NaN,NaN,NaN,NaN,0.0000,0.0000,0.0000,0.0000,0.0000,0.0000,Dark,
73.5474,0.0000,0.0000,0.0000,0.0000,NaN,NaN,NaN,NaN,NaN,NaN,0.0000,0.0000,0.0000,0.0000,0.0000,0.0000,Dark,
73.7567,0.0000,0.0000,0.0000,0.0000,NaN,NaN,NaN,NaN,NaN,NaN,0.0000,0.0000,0.0000,0.0000,0.0000,0.0000,Dark,
73.9674,0.0000,0.0000,0.0000,0.0000,NaN,NaN,NaN,NaN,NaN,NaN,0.0000,0.0000,0.0000,0.0000,0.0000,0.0000,Dark,
74.1778,0.0000,0.0000,0.0000,0.0000,NaN,NaN,NaN,NaN,NaN,NaN,0.0000,0.0000,0.0000,0.0000,0.0000,0.0000,Dark,
74.3849,0.0000,0.0000,0.0000,0.0000,NaN,NaN,NaN,NaN,NaN,NaN,0.0000,0.0000,0.0000,0.0000,0.0000,0.0000,Dark,
74.6005,0.0000,0.0000,0.0000,0.0000,NaN,NaN,NaN,NaN,NaN,NaN,0.0000,0.0000,0.0000,0.0000,0.0000,0.0000,Dark,
74.8107,0.0000,0.0000,0.0000,0.0000,NaN,NaN,NaN,NaN,NaN,NaN,0.0000,0.0000,0.0000,0.0000,0.0000,0.0000,Dark,
75.0230,0.0000,0.0000,0.0000,0.0000,NaN,NaN,NaN,NaN,NaN,NaN,0.0000,0.0000,0.0000,0.0000,0.0000,0.0000,Dark,
75.2325,0.0000,0.0000,0.0000,0.0000,NaN,NaN,NaN,NaN,NaN,NaN,0.0000,0.0000,0.0000,0.0000,0.0000,0.0000,Dark,
75.4378,0.0000,0.0000,0.0000,0.0000,NaN,NaN,NaN,NaN,NaN,NaN,0.0000,0.0000,0.0000,0.0000,0.0000,0.0000,Dark,
75.6601,0.0000,0.0000,0.0000,0.0000,NaN,NaN,NaN,NaN,NaN,NaN,0.0000,0.0000,0.0000,0.0000,0.0000,0.0000,Dark,
75.8663,0.0000,0.0000,0.0000,0.0000,NaN,NaN,NaN,NaN,NaN,NaN,0.0000,0.0000,0.0000,0.0000,0.0000,0.0000,Dark,
76.0767,0.0000,0.0000,0.0000,0.0000,NaN,NaN,NaN,NaN,NaN,NaN,0.0000,0.0000,0.0000,0.0000,0.0000,0.0000,Dark,
76.2876,0.0000,0.0000,0.0000,0.0000,NaN,NaN,NaN,NaN,NaN,NaN,0.0000,0.0000,0.0000,0.0000,0.0000,0.0000,Dark,
76.5039,0.0000,0.0000,0.0000,0.0000,NaN,NaN,NaN,NaN,NaN,NaN,0.0000,0.0000,0.0000,0.0000,0.0000,0.0000,Dark,
76.7088,0.0000,0.0000,0.0000,0.0000,NaN,NaN,NaN,NaN,NaN,NaN,0.0000,0.0000,0.0000,0.0000,0.0000,0.0000,Dark,
76.9195,0.0000,0.0000,0.0000,0.0000,NaN,NaN,NaN,NaN,NaN,NaN,0.0000,0.0000,0.0000,0.0000,0.0000,0.0000,Dark,
77.1298,0.0000,0.0000,0.0000,0.0000,NaN,NaN,NaN,NaN,NaN,NaN,0.0000,0.0000,0.0000,0.0000,0.0000,0.0000,Dark,
77.3422,0.0000,0.0000,0.0000,0.0000,NaN,NaN,NaN,NaN,NaN,NaN,0.0000,0.0000,0.0000,0.0000,0.0000,0.0000,Dark,
77.5527,0.0000,0.0000,0.0000,0.0000,NaN,NaN,NaN,NaN,NaN,NaN,0.0000,0.0000,0.0000,0.0000,0.0000,0.0000,Dark,
77.7580,0.0000,0.0000,0.0000,0.0000,NaN,NaN,NaN,NaN,NaN,NaN,0.0000,0.0000,0.0000,0.0000,0.0000,0.0000,Dark,
77.9641,0.0000,0.0000,0.0000,0.0000,NaN,NaN,NaN,NaN,NaN,NaN,0.0000,0.0000,0.0000,0.0000,0.0000,0.0000,Dark,
78.1703,0.0000,0.0000,0.0000,0.0000,NaN,NaN,NaN,NaN,NaN,NaN,0.0000,0.0000,0.0000,0.0000,0.0000,0.0000,Dark,
78.3810,0.0000,0.0000,0.0000,0.0000,NaN,NaN,NaN,NaN,NaN,NaN,0.0000,0.0000,0.0000,0.0000,0.0000,0.0000,Dark,
78.5916,0.0000,0.0000,0.0000,0.0000,NaN,NaN,NaN,NaN,NaN,NaN,0.0000,0.0000,0.0000,0.0000,0.0000,0.0000,Dark,
78.8089,0.0000,0.0000,0.0000,0.0000,NaN,NaN,NaN,NaN,NaN,NaN,0.0000,0.0000,0.0000,0.0000,0.0000,0.0000,Dark,
79.0190,0.0000,0.0000,0.0000,0.0000,NaN,NaN,NaN,NaN,NaN,NaN,0.0000,0.0000,0.0000,0.0000,0.0000,0.0000,Dark,
79.2292,0.0000,0.0000,0.0000,0.0000,NaN,NaN,NaN,NaN,NaN,NaN,0.0000,0.0000,0.0000,0.0000,0.0000,0.0000,Dark,
79.4393,0.0000,0.0000,0.0000,0.0000,NaN,NaN,NaN,NaN,NaN,NaN,0.0000,0.0000,0.0000,0.0000,0.0000,0.0000,Dark,
79.6507,0.0000,0.0000,0.0000,0.0000,NaN,NaN,NaN,NaN,NaN,NaN,0.0000,0.0000,0.0000,0.0000,0.0000,0.0000,Dark,
79.8598,0.0000,0.0000,0.0000,0.0000,NaN,NaN,NaN,NaN,NaN,NaN,0.0000,0.0000,0.0000,0.0000,0.0000,0.0000,Dark,
80.0697,0.0000,0.0000,0.0000,0.0000,NaN,NaN,NaN,NaN,NaN,NaN,0.0000,0.0000,0.0000,0.0000,0.0000,0.0000,Dark,
80.2802,0.0000,0.0000,0.0000,0.0000,NaN,NaN,NaN,NaN,NaN,NaN,0.0000,0.0000,0.0000,0.0000,0.0000,0.0000,Dark,
80.4902,0.0000,0.0000,0.0000,0.0000,NaN,NaN,NaN,NaN,NaN,NaN,0.0000,0.0000,0.0000,0.0000,0.0000,0.0000,Dark,
80.7003,0.0000,0.0000,0.0000,0.0000,NaN,NaN,NaN,NaN,NaN,NaN,0.0000,0.0000,0.0000,0.0000,0.0000,0.0000,Dark,
80.9076,0.0000,0.0000,0.0000,0.0000,NaN,NaN,NaN,NaN,NaN,NaN,0.0000,0.0000,0.0000,0.0000,0.0000,0.0000,Dark,
81.1117,0.0000,0.0000,0.0000,0.0000,NaN,NaN,NaN,NaN,NaN,NaN,0.0000,0.0000,0.0000,0.0000,0.0000,0.0000,Dark,
81.3288,0.0000,0.0000,0.0000,0.0000,NaN,NaN,NaN,NaN,NaN,NaN,0.0000,0.0000,0.0000,0.0000,0.0000,0.0000,Dark,
81.5354,0.0000,0.0000,0.0000,0.0000,NaN,NaN,NaN,NaN,NaN,NaN,0.0000,0.0000,0.0000,0.0000,0.0000,0.0000,Dark,
81.7400,0.0000,0.0000,0.0000,0.0000,NaN,NaN,NaN,NaN,NaN,NaN,0.0000,0.0000,0.0000,0.0000,0.0000,0.0000,Dark,
81.9505,0.0000,0.0000,0.0000,0.0000,NaN,NaN,NaN,NaN,NaN,NaN,0.0000,0.0000,0.0000,0.0000,0.0000,0.0000,Dark,
82.1603,0.0000,0.0000,0.0000,0.0000,NaN,NaN,NaN,NaN,NaN,NaN,0.0000,0.0000,0.0000,0.0000,0.0000,0.0000,Dark,
82.3706,0.0000,0.0000,0.0000,0.0000,NaN,NaN,NaN,NaN,NaN,NaN,0.0000,0.0000,0.0000,0.0000,0.0000,0.0000,Dark,
82.5822,0.0000,0.0000,0.0000,0.0000,NaN,NaN,NaN,NaN,NaN,NaN,0.0000,0.0000,0.0000,0.0000,0.0000,0.0000,Dark,
82.7885,0.0000,0.0000,0.0000,0.0000,NaN,NaN,NaN,NaN,NaN,NaN,0.0000,0.0000,0.0000,0.0000,0.0000,0.0000,Dark,
82.9996,0.0000,0.0000,0.0000,0.0000,NaN,NaN,NaN,NaN,NaN,NaN,0.0000,0.0000,0.0000,0.0000,0.0000,0.0000,Dark,
83.2116,0.0000,0.0000,0.0000,0.0000,NaN,NaN,NaN,NaN,NaN,NaN,0.0000,0.0000,0.0000,0.0000,0.0000,0.0000,Dark,
83.4268,0.0000,0.0000,0.0000,0.0000,NaN,NaN,NaN,NaN,NaN,NaN,0.0000,0.0000,0.0000,0.0000,0.0000,0.0000,Dark,
83.6368,0.0000,0.0000,0.0000,0.0000,NaN,NaN,NaN,NaN,NaN,NaN,0.0000,0.0000,0.0000,0.0000,0.0000,0.0000,Dark,
83.8467,0.0000,0.0000,0.0000,0.0000,NaN,NaN,NaN,NaN,NaN,NaN,0.0000,0.0000,0.0000,0.0000,0.0000,0.0000,Dark,
84.0528,0.0000,0.0000,0.0000,0.0000,NaN,NaN,NaN,NaN,NaN,NaN,0.0000,0.0000,0.0000,0.0000,0.0000,0.0000,Dark,
84.2641,0.0000,0.0000,0.0000,0.0000,NaN,NaN,NaN,NaN,NaN,NaN,0.0000,0.0000,0.0000,0.0000,0.0000,0.0000,Dark,
84.4794,0.0000,0.0000,0.0000,0.0000,NaN,NaN,NaN,NaN,NaN,NaN,0.0000,0.0000,0.0000,0.0000,0.0000,0.0000,Dark,
84.6898,0.0000,0.0000,0.0000,0.0000,NaN,NaN,NaN,NaN,NaN,NaN,0.0000,0.0000,0.0000,0.0000,0.0000,0.0000,Dark,
84.8953,0.0000,0.0000,0.0000,0.0000,NaN,NaN,NaN,NaN,NaN,NaN,0.0000,0.0000,0.0000,0.0000,0.0000,0.0000,Dark,
85.1072,0.0000,0.0000,0.0000,0.0000,NaN,NaN,NaN,NaN,NaN,NaN,0.0000,0.0000,0.0000,0.0000,0.0000,0.0000,Dark,
85.3236,0.0000,0.0000,0.0000,0.0000,NaN,NaN,NaN,NaN,NaN,NaN,0.0000,0.0000,0.0000,0.0000,0.0000,0.0000,Dark,
85.5263,0.0000,0.0000,0.0000,0.0000,NaN,NaN,NaN,NaN,NaN,NaN,0.0000,0.0000,0.0000,0.0000,0.0000,0.0000,Dark,
85.7376,0.0000,0.0000,0.0000,0.0000,NaN,NaN,NaN,NaN,NaN,NaN,0.0000,0.0000,0.0000,0.0000,0.0000,0.0000,Dark,
85.9437,0.0000,0.0000,0.0000,0.0000,NaN,NaN,NaN,NaN,NaN,NaN,0.0000,0.0000,0.0000,0.0000,0.0000,0.0000,Dark,
86.1450,0.0000,0.0000,0.0000,0.0000,NaN,NaN,NaN,NaN,NaN,NaN,0.0000,0.0000,0.0000,0.0000,0.0000,0.0000,Dark,
86.3562,0.0000,0.0000,0.0000,0.0000,NaN,NaN,NaN,NaN,NaN,NaN,0.0000,0.0000,0.0000,0.0000,0.0000,0.0000,Dark,
86.5717,0.0000,0.0000,0.0000,0.0000,NaN,NaN,NaN,NaN,NaN,NaN,0.0000,0.0000,0.0000,0.0000,0.0000,0.0000,Dark,
86.7775,0.0000,0.0000,0.0000,0.0000,NaN,NaN,NaN,NaN,NaN,NaN,0.0000,0.0000,0.0000,0.0000,0.0000,0.0000,Dark,
86.9886,0.0000,0.0000,0.0000,0.0000,NaN,NaN,NaN,NaN,NaN,NaN,0.0000,0.0000,0.0000,0.0000,0.0000,0.0000,Dark,
87.1999,0.0000,0.0000,0.0000,0.0000,NaN,NaN,NaN,NaN,NaN,NaN,0.0000,0.0000,0.0000,0.0000,0.0000,0.0000,Dark,
87.4100,0.0000,0.0000,0.0000,0.0000,NaN,NaN,NaN,NaN,NaN,NaN,0.0000,0.0000,0.0000,0.0000,0.0000,0.0000,Dark,
87.6211,0.0000,0.0000,0.0000,0.0000,NaN,NaN,NaN,NaN,NaN,NaN,0.0000,0.0000,0.0000,0.0000,0.0000,0.0000,Dark,
87.8354,0.0000,0.0000,0.0000,0.0000,NaN,NaN,NaN,NaN,NaN,NaN,0.0000,0.0000,0.0000,0.0000,0.0000,0.0000,Dark,
88.0421,0.0000,0.0000,0.0000,0.0000,NaN,NaN,NaN,NaN,NaN,NaN,0.0000,0.0000,0.0000,0.0000,0.0000,0.0000,Dark,
88.2531,0.0000,0.0000,0.0000,0.0000,NaN,NaN,NaN,NaN,NaN,NaN,0.0000,0.0000,0.0000,0.0000,0.0000,0.0000,Dark,
88.4627,0.0000,0.0000,0.0000,0.0000,NaN,NaN,NaN,NaN,NaN,NaN,0.0000,0.0000,0.0000,0.0000,0.0000,0.0000,Dark,
88.6727,0.0000,0.0000,0.0000,0.0000,NaN,NaN,NaN,NaN,NaN,NaN,0.0000,0.0000,0.0000,0.0000,0.0000,0.0000,Dark,
88.8785,0.0000,0.0000,0.0000,0.0000,NaN,NaN,NaN,NaN,NaN,NaN,0.0000,0.0000,0.0000,0.0000,0.0000,0.0000,Dark,
89.0849,0.0000,0.0000,0.0000,0.0000,NaN,NaN,NaN,NaN,NaN,NaN,0.0000,0.0000,0.0000,0.0000,0.0000,0.0000,Dark,
89.2945,0.0000,0.0000,0.0000,0.0000,NaN,NaN,NaN,NaN,NaN,NaN,0.0000,0.0000,0.0000,0.0000,0.0000,0.0000,Dark,
89.5119,0.0000,0.0000,0.0000,0.0000,NaN,NaN,NaN,NaN,NaN,NaN,0.0000,0.0000,0.0000,0.0000,0.0000,0.0000,Dark,
89.7158,0.0000,0.0000,0.0000,0.0000,NaN,NaN,NaN,NaN,NaN,NaN,0.0000,0.0000,0.0000,0.0000,0.0000,0.0000,Dark,
89.9265,0.0000,0.0000,0.0000,0.0000,NaN,NaN,NaN,NaN,NaN,NaN,0.0000,0.0000,0.0000,0.0000,0.0000,0.0000,Dark,
90.1375,0.0000,0.0000,0.0000,0.0000,NaN,NaN,NaN,NaN,NaN,NaN,0.0000,0.0000,0.0000,0.0000,0.0000,0.0000,Dark,
90.3472,0.0000,0.0000,0.0000,0.0000,NaN,NaN,NaN,NaN,NaN,NaN,0.0000,0.0000,0.0000,0.0000,0.0000,0.0000,Dark,
90.5578,0.0000,0.0000,0.0000,0.0000,NaN,NaN,NaN,NaN,NaN,NaN,0.0000,0.0000,0.0000,0.0000,0.0000,0.0000,Dark,
90.7678,0.0000,0.0000,0.0000,0.0000,NaN,NaN,NaN,NaN,NaN,NaN,0.0000,0.0000,0.0000,0.0000,0.0000,0.0000,Dark,
90.9784,0.0000,0.0000,0.0000,0.0000,NaN,NaN,NaN,NaN,NaN,NaN,0.0000,0.0000,0.0000,0.0000,0.0000,0.0000,Dark,
91.1887,0.0000,0.0000,0.0000,0.0000,NaN,NaN,NaN,NaN,NaN,NaN,0.0000,0.0000,0.0000,0.0000,0.0000,0.0000,Dark,
91.4078,0.0000,0.0000,0.0000,0.0000,NaN,NaN,NaN,NaN,NaN,NaN,0.0000,0.0000,0.0000,0.0000,0.0000,0.0000,Dark,
91.6105,0.0000,0.0000,0.0000,0.0000,NaN,NaN,NaN,NaN,NaN,NaN,0.0000,0.0000,0.0000,0.0000,0.0000,0.0000,Dark,
91.8199,0.0000,0.0000,0.0000,0.0000,NaN,NaN,NaN,NaN,NaN,NaN,0.0000,0.0000,0.0000,0.0000,0.0000,0.0000,Dark,
92.0301,0.0000,0.0000,0.0000,0.0000,NaN,NaN,NaN,NaN,NaN,NaN,0.0000,0.0000,0.0000,0.0000,0.0000,0.0000,Dark,
92.2372,0.0000,0.0000,0.0000,0.0000,NaN,NaN,NaN,NaN,NaN,NaN,0.0000,0.0000,0.0000,0.0000,0.0000,0.0000,Dark,
92.4439,0.0000,0.0000,0.0000,0.0000,NaN,NaN,NaN,NaN,NaN,NaN,0.0000,0.0000,0.0000,0.0000,0.0000,0.0000,Dark,
92.6642,0.0000,0.0000,0.0000,0.0000,NaN,NaN,NaN,NaN,NaN,NaN,0.0000,0.0000,0.0000,0.0000,0.0000,0.0000,Dark,
92.8702,0.0000,0.0000,0.0000,0.0000,NaN,NaN,NaN,NaN,NaN,NaN,0.0000,0.0000,0.0000,0.0000,0.0000,0.0000,Dark,
93.0807,0.0000,0.0000,0.0000,0.0000,NaN,NaN,NaN,NaN,NaN,NaN,0.0000,0.0000,0.0000,0.0000,0.0000,0.0000,Dark,
93.2863,0.0000,0.0000,0.0000,0.0000,NaN,NaN,NaN,NaN,NaN,NaN,0.0000,0.0000,0.0000,0.0000,0.0000,0.0000,Dark,
93.4888,0.0000,0.0000,0.0000,0.0000,NaN,NaN,NaN,NaN,NaN,NaN,0.0000,0.0000,0.0000,0.0000,0.0000,0.0000,Dark,
93.6982,0.0000,0.0000,0.0000,0.0000,NaN,NaN,NaN,NaN,NaN,NaN,0.0000,0.0000,0.0000,0.0000,0.0000,0.0000,Dark,
93.9087,0.0000,0.0000,0.0000,0.0000,NaN,NaN,NaN,NaN,NaN,NaN,0.0000,0.0000,0.0000,0.0000,0.0000,0.0000,Dark,
94.1185,0.0000,0.0000,0.0000,0.0000,NaN,NaN,NaN,NaN,NaN,NaN,0.0000,0.0000,0.0000,0.0000,0.0000,0.0000,Dark,
94.3242,0.0000,0.0000,0.0000,0.0000,NaN,NaN,NaN,NaN,NaN,NaN,0.0000,0.0000,0.0000,0.0000,0.0000,0.0000,Dark,
94.5467,0.0000,0.0000,0.0000,0.0000,NaN,NaN,NaN,NaN,NaN,NaN,0.0000,0.0000,0.0000,0.0000,0.0000,0.0000,Dark,
94.7520,0.0000,0.0000,0.0000,0.0000,NaN,NaN,NaN,NaN,NaN,NaN,0.0000,0.0000,0.0000,0.0000,0.0000,0.0000,Dark,
94.9635,0.0000,0.0000,0.0000,0.0000,NaN,NaN,NaN,NaN,NaN,NaN,0.0000,0.0000,0.0000,0.0000,0.0000,0.0000,Dark,
95.1786,0.0000,0.0000,0.0000,0.0000,NaN,NaN,NaN,NaN,NaN,NaN,0.0000,0.0000,0.0000,0.0000,0.0000,0.0000,Dark,
95.3893,0.0000,0.0000,0.0000,0.0000,NaN,NaN,NaN,NaN,NaN,NaN,0.0000,0.0000,0.0000,0.0000,0.0000,0.0000,Dark,
95.5999,0.0000,0.0000,0.0000,0.0000,NaN,NaN,NaN,NaN,NaN,NaN,0.0000,0.0000,0.0000,0.0000,0.0000,0.0000,Dark,
95.8099,0.0000,0.0000,0.0000,0.0000,NaN,NaN,NaN,NaN,NaN,NaN,0.0000,0.0000,0.0000,0.0000,0.0000,0.0000,Dark,
96.0211,0.0000,0.0000,0.0000,0.0000,NaN,NaN,NaN,NaN,NaN,NaN,0.0000,0.0000,0.0000,0.0000,0.0000,0.0000,Dark,
96.2314,0.0000,0.0000,0.0000,0.0000,NaN,NaN,NaN,NaN,NaN,NaN,0.0000,0.0000,0.0000,0.0000,0.0000,0.0000,Dark,
96.4380,0.0000,0.0000,0.0000,0.0000,NaN,NaN,NaN,NaN,NaN,NaN,0.0000,0.0000,0.0000,0.0000,0.0000,0.0000,Dark,
96.6489,0.0000,0.0000,0.0000,0.0000,NaN,NaN,NaN,NaN,NaN,NaN,0.0000,0.0000,0.0000,0.0000,0.0000,0.0000,Dark,
96.8591,0.0000,0.0000,0.0000,0.0000,NaN,NaN,NaN,NaN,NaN,NaN,0.0000,0.0000,0.0000,0.0000,0.0000,0.0000,Dark,
97.0650,0.0000,0.0000,0.0000,0.0000,NaN,NaN,NaN,NaN,NaN,NaN,0.0000,0.0000,0.0000,0.0000,0.0000,0.0000,Dark,
97.2820,0.0000,0.0000,0.0000,0.0000,NaN,NaN,NaN,NaN,NaN,NaN,0.0000,0.0000,0.0000,0.0000,0.0000,0.0000,Dark,
97.4938,0.0000,0.0000,0.0000,0.0000,NaN,NaN,NaN,NaN,NaN,NaN,0.0000,0.0000,0.0000,0.0000,0.0000,0.0000,Dark,
97.7091,0.0000,0.0000,0.0000,0.0000,NaN,NaN,NaN,NaN,NaN,NaN,0.0000,0.0000,0.0000,0.0000,0.0000,0.0000,Dark,
97.9141,0.0000,0.0000,0.0000,0.0000,NaN,NaN,NaN,NaN,NaN,NaN,0.0000,0.0000,0.0000,0.0000,0.0000,0.0000,Dark,
98.1250,0.0000,0.0000,0.0000,0.0000,NaN,NaN,NaN,NaN,NaN,NaN,0.0000,0.0000,0.0000,0.0000,0.0000,0.0000,Dark,
98.3438,0.0000,0.0000,0.0000,0.0000,NaN,NaN,NaN,NaN,NaN,NaN,0.0000,0.0000,0.0000,0.0000,0.0000,0.0000,Dark,
98.5515,0.0000,0.0000,0.0000,0.0000,NaN,NaN,NaN,NaN,NaN,NaN,0.0000,0.0000,0.0000,0.0000,0.0000,0.0000,Dark,
98.7617,0.0000,0.0000,0.0000,0.0000,NaN,NaN,NaN,NaN,NaN,NaN,0.0000,0.0000,0.0000,0.0000,0.0000,0.0000,Dark,
98.9725,0.0000,0.0000,0.0000,0.0000,NaN,NaN,NaN,NaN,NaN,NaN,0.0000,0.0000,0.0000,0.0000,0.0000,0.0000,Dark,
99.1838,0.0000,0.0000,0.0000,0.0000,NaN,NaN,NaN,NaN,NaN,NaN,0.0000,0.0000,0.0000,0.0000,0.0000,0.0000,Dark,
99.3926,0.0000,0.0000,0.0000,0.0000,NaN,NaN,NaN,NaN,NaN,NaN,0.0000,0.0000,0.0000,0.0000,0.0000,0.0000,Dark,
99.5998,0.0000,0.0000,0.0000,0.0000,NaN,NaN,NaN,NaN,NaN,NaN,0.0000,0.0000,0.0000,0.0000,0.0000,0.0000,Dark,
99.8077,0.0000,0.0000,0.0000,0.0000,NaN,NaN,NaN,NaN,NaN,NaN,0.0000,0.0000,0.0000,0.0000,0.0000,0.0000,Dark,
100.0106,0.0000,0.0000,0.0000,0.0000,NaN,NaN,NaN,NaN,NaN,NaN,0.0000,0.0000,0.0000,0.0000,0.0000,0.0000,Dark,
100.2193,0.0000,0.0000,0.0000,0.0000,NaN,NaN,NaN,NaN,NaN,NaN,0.0000,0.0000,0.0000,0.0000,0.0000,0.0000,Dark,
100.4275,0.0000,0.0000,0.0000,0.0000,NaN,NaN,NaN,NaN,NaN,NaN,0.0000,0.0000,0.0000,0.0000,0.0000,0.0000,Dark,
100.6419,0.0000,0.0000,0.0000,0.0000,NaN,NaN,NaN,NaN,NaN,NaN,0.0000,0.0000,0.0000,0.0000,0.0000,0.0000,Dark,
100.8526,0.0000,0.0000,0.0000,0.0000,NaN,NaN,NaN,NaN,NaN,NaN,0.0000,0.0000,0.0000,0.0000,0.0000,0.0000,Dark,
101.0582,0.0000,0.0000,0.0000,0.0000,NaN,NaN,NaN,NaN,NaN,NaN,0.0000,0.0000,0.0000,0.0000,0.0000,0.0000,Dark,
101.2694,0.0000,0.0000,0.0000,0.0000,NaN,NaN,NaN,NaN,NaN,NaN,0.0000,0.0000,0.0000,0.0000,0.0000,0.0000,Dark,
101.4798,0.0000,0.0000,0.0000,0.0000,NaN,NaN,NaN,NaN,NaN,NaN,0.0000,0.0000,0.0000,0.0000,0.0000,0.0000,Dark,
101.6942,0.0000,0.0000,0.0000,0.0000,NaN,NaN,NaN,NaN,NaN,NaN,0.0000,0.0000,0.0000,0.0000,0.0000,0.0000,Dark,
101.8959,0.0000,0.0000,0.0000,0.0000,NaN,NaN,NaN,NaN,NaN,NaN,0.0000,0.0000,0.0000,0.0000,0.0000,0.0000,Dark,
102.1220,0.0000,0.0000,0.0000,0.0000,NaN,NaN,NaN,NaN,NaN,NaN,0.0000,0.0000,0.0000,0.0000,0.0000,0.0000,Dark,
102.3279,0.0000,0.0000,0.0000,0.0000,NaN,NaN,NaN,NaN,NaN,NaN,0.0000,0.0000,0.0000,0.0000,0.0000,0.0000,Dark,
102.5436,0.0000,0.0000,0.0000,0.0000,NaN,NaN,NaN,NaN,NaN,NaN,0.0000,0.0000,0.0000,0.0000,0.0000,0.0000,Dark,
102.7399,0.0000,0.0000,0.0000,0.0000,NaN,NaN,NaN,NaN,NaN,NaN,0.0000,0.0000,0.0000,0.0000,0.0000,0.0000,Dark,
102.9454,0.0000,0.0000,0.0000,0.0000,NaN,NaN,NaN,NaN,NaN,NaN,0.0000,0.0000,0.0000,0.0000,0.0000,0.0000,Dark,
103.1560,0.0000,0.0000,0.0000,0.0000,NaN,NaN,NaN,NaN,NaN,NaN,0.0000,0.0000,0.0000,0.0000,0.0000,0.0000,Dark,
103.3618,0.0000,0.0000,0.0000,0.0000,NaN,NaN,NaN,NaN,NaN,NaN,0.0000,0.0000,0.0000,0.0000,0.0000,0.0000,Dark,
103.5678,0.0000,0.0000,0.0000,0.0000,NaN,NaN,NaN,NaN,NaN,NaN,0.0000,0.0000,0.0000,0.0000,0.0000,0.0000,Dark,
103.7685,0.0000,0.0000,0.0000,0.0000,NaN,NaN,NaN,NaN,NaN,NaN,0.0000,0.0000,0.0000,0.0000,0.0000,0.0000,Dark,
103.9798,0.0000,0.0000,0.0000,0.0000,NaN,NaN,NaN,NaN,NaN,NaN,0.0000,0.0000,0.0000,0.0000,0.0000,0.0000,Dark,
104.1948,0.0000,0.0000,0.0000,0.0000,NaN,NaN,NaN,NaN,NaN,NaN,0.0000,0.0000,0.0000,0.0000,0.0000,0.0000,Dark,
104.4050,0.0000,0.0000,0.0000,0.0000,NaN,NaN,NaN,NaN,NaN,NaN,0.0000,0.0000,0.0000,0.0000,0.0000,0.0000,Dark,
104.6154,0.0000,0.0000,0.0000,0.0000,NaN,NaN,NaN,NaN,NaN,NaN,0.0000,0.0000,0.0000,0.0000,0.0000,0.0000,Dark,
104.8257,0.0000,0.0000,0.0000,0.0000,NaN,NaN,NaN,NaN,NaN,NaN,0.0000,0.0000,0.0000,0.0000,0.0000,0.0000,Dark,
105.0373,0.0000,0.0000,0.0000,0.0000,NaN,NaN,NaN,NaN,NaN,NaN,0.0000,0.0000,0.0000,0.0000,0.0000,0.0000,Dark,
105.2475,0.0000,0.0000,0.0000,0.0000,NaN,NaN,NaN,NaN,NaN,NaN,0.0000,0.0000,0.0000,0.0000,0.0000,0.0000,Dark,
105.4571,0.0000,0.0000,0.0000,0.0000,NaN,NaN,NaN,NaN,NaN,NaN,0.0000,0.0000,0.0000,0.0000,0.0000,0.0000,Dark,
105.6679,0.0000,0.0000,0.0000,0.0000,NaN,NaN,NaN,NaN,NaN,NaN,0.0000,0.0000,0.0000,0.0000,0.0000,0.0000,Dark,
105.8777,0.0000,0.0000,0.0000,0.0000,NaN,NaN,NaN,NaN,NaN,NaN,0.0000,0.0000,0.0000,0.0000,0.0000,0.0000,Dark,
106.0881,0.0000,0.0000,0.0000,0.0000,NaN,NaN,NaN,NaN,NaN,NaN,0.0000,0.0000,0.0000,0.0000,0.0000,0.0000,Dark,
106.2989,0.0000,0.0000,0.0000,0.0000,NaN,NaN,NaN,NaN,NaN,NaN,0.0000,0.0000,0.0000,0.0000,0.0000,0.0000,Dark,
106.5088,0.0000,0.0000,0.0000,0.0000,NaN,NaN,NaN,NaN,NaN,NaN,0.0000,0.0000,0.0000,0.0000,0.0000,0.0000,Dark,
106.7199,0.0000,0.0000,0.0000,0.0000,NaN,NaN,NaN,NaN,NaN,NaN,0.0000,0.0000,0.0000,0.0000,0.0000,0.0000,Dark,
106.9311,0.0000,0.0000,0.0000,0.0000,NaN,NaN,NaN,NaN,NaN,NaN,0.0000,0.0000,0.0000,0.0000,0.0000,0.0000,Dark,
107.1416,0.0000,0.0000,0.0000,0.0000,NaN,NaN,NaN,NaN,NaN,NaN,0.0000,0.0000,0.0000,0.0000,0.0000,0.0000,Dark,
107.3475,0.0000,0.0000,0.0000,0.0000,NaN,NaN,NaN,NaN,NaN,NaN,0.0000,0.0000,0.0000,0.0000,0.0000,0.0000,Dark,
107.5570,0.0000,0.0000,0.0000,0.0000,NaN,NaN,NaN,NaN,NaN,NaN,0.0000,0.0000,0.0000,0.0000,0.0000,0.0000,Dark,
107.7676,0.0000,0.0000,0.0000,0.0000,NaN,NaN,NaN,NaN,NaN,NaN,0.0000,0.0000,0.0000,0.0000,0.0000,0.0000,Dark,
107.9778,0.0000,0.0000,0.0000,0.0000,NaN,NaN,NaN,NaN,NaN,NaN,0.0000,0.0000,0.0000,0.0000,0.0000,0.0000,Dark,
108.1878,0.0000,0.0000,0.0000,0.0000,NaN,NaN,NaN,NaN,NaN,NaN,0.0000,0.0000,0.0000,0.0000,0.0000,0.0000,Dark,
108.3983,0.0000,0.0000,0.0000,0.0000,NaN,NaN,NaN,NaN,NaN,NaN,0.0000,0.0000,0.0000,0.0000,0.0000,0.0000,Dark,
108.6091,0.0000,0.0000,0.0000,0.0000,NaN,NaN,NaN,NaN,NaN,NaN,0.0000,0.0000,0.0000,0.0000,0.0000,0.0000,Dark,
108.8202,0.0000,0.0000,0.0000,0.0000,NaN,NaN,NaN,NaN,NaN,NaN,0.0000,0.0000,0.0000,0.0000,0.0000,0.0000,Dark,
109.0333,0.0000,0.0000,0.0000,0.0000,NaN,NaN,NaN,NaN,NaN,NaN,0.0000,0.0000,0.0000,0.0000,0.0000,0.0000,Dark,
109.2422,0.0000,0.0000,0.0000,0.0000,NaN,NaN,NaN,NaN,NaN,NaN,0.0000,0.0000,0.0000,0.0000,0.0000,0.0000,Dark,
109.4531,0.0000,0.0000,0.0000,0.0000,NaN,NaN,NaN,NaN,NaN,NaN,0.0000,0.0000,0.0000,0.0000,0.0000,0.0000,Dark,
109.6590,0.0000,0.0000,0.0000,0.0000,NaN,NaN,NaN,NaN,NaN,NaN,0.0000,0.0000,0.0000,0.0000,0.0000,0.0000,Dark,
109.8795,0.0000,0.0000,0.0000,0.0000,NaN,NaN,NaN,NaN,NaN,NaN,0.0000,0.0000,0.0000,0.0000,0.0000,0.0000,Dark,
110.0896,0.0000,0.0000,0.0000,0.0000,NaN,NaN,NaN,NaN,NaN,NaN,0.0000,0.0000,0.0000,0.0000,0.0000,0.0000,Dark,
110.3008,0.0000,0.0000,0.0000,0.0000,NaN,NaN,NaN,NaN,NaN,NaN,0.0000,0.0000,0.0000,0.0000,0.0000,0.0000,Dark,
110.5106,0.0000,0.0000,0.0000,0.0000,NaN,NaN,NaN,NaN,NaN,NaN,0.0000,0.0000,0.0000,0.0000,0.0000,0.0000,Dark,
110.7220,0.0000,0.0000,0.0000,0.0000,NaN,NaN,NaN,NaN,NaN,NaN,0.0000,0.0000,0.0000,0.0000,0.0000,0.0000,Dark,
110.9319,0.0000,0.0000,0.0000,0.0000,NaN,NaN,NaN,NaN,NaN,NaN,0.0000,0.0000,0.0000,0.0000,0.0000,0.0000,Dark,
111.1476,0.0000,0.0000,0.0000,0.0000,NaN,NaN,NaN,NaN,NaN,NaN,0.0000,0.0000,0.0000,0.0000,0.0000,0.0000,Dark,
111.3520,0.0000,0.0000,0.0000,0.0000,NaN,NaN,NaN,NaN,NaN,NaN,0.0000,0.0000,0.0000,0.0000,0.0000,0.0000,Dark,
111.5676,0.0000,0.0000,0.0000,0.0000,NaN,NaN,NaN,NaN,NaN,NaN,0.0000,0.0000,0.0000,0.0000,0.0000,0.0000,Dark,
111.7683,0.0000,0.0000,0.0000,0.0000,NaN,NaN,NaN,NaN,NaN,NaN,0.0000,0.0000,0.0000,0.0000,0.0000,0.0000,Dark,
111.9789,0.0000,0.0000,0.0000,0.0000,NaN,NaN,NaN,NaN,NaN,NaN,0.0000,0.0000,0.0000,0.0000,0.0000,0.0000,Dark,
112.1901,0.0000,0.0000,0.0000,0.0000,NaN,NaN,NaN,NaN,NaN,NaN,0.0000,0.0000,0.0000,0.0000,0.0000,0.0000,Dark,
112.3959,0.0000,0.0000,0.0000,0.0000,NaN,NaN,NaN,NaN,NaN,NaN,0.0000,0.0000,0.0000,0.0000,0.0000,0.0000,Dark,
112.5971,0.0000,0.0000,0.0000,0.0000,NaN,NaN,NaN,NaN,NaN,NaN,0.0000,0.0000,0.0000,0.0000,0.0000,0.0000,Dark,
112.8077,0.0000,0.0000,0.0000,0.0000,NaN,NaN,NaN,NaN,NaN,NaN,0.0000,0.0000,0.0000,0.0000,0.0000,0.0000,Dark,
113.0195,0.0000,0.0000,0.0000,0.0000,NaN,NaN,NaN,NaN,NaN,NaN,0.0000,0.0000,0.0000,0.0000,0.0000,0.0000,Dark,
113.2334,0.0000,0.0000,0.0000,0.0000,NaN,NaN,NaN,NaN,NaN,NaN,0.0000,0.0000,0.0000,0.0000,0.0000,0.0000,Dark,
113.4440,0.0000,0.0000,0.0000,0.0000,NaN,NaN,NaN,NaN,NaN,NaN,0.0000,0.0000,0.0000,0.0000,0.0000,0.0000,Dark,
113.6621,0.0000,0.0000,0.0000,0.0000,NaN,NaN,NaN,NaN,NaN,NaN,0.0000,0.0000,0.0000,0.0000,0.0000,0.0000,Dark,
113.8652,0.0000,0.0000,0.0000,0.0000,NaN,NaN,NaN,NaN,NaN,NaN,0.0000,0.0000,0.0000,0.0000,0.0000,0.0000,Dark,
114.0718,0.0000,0.0000,0.0000,0.0000,NaN,NaN,NaN,NaN,NaN,NaN,0.0000,0.0000,0.0000,0.0000,0.0000,0.0000,Dark,
114.2772,0.0000,0.0000,0.0000,0.0000,NaN,NaN,NaN,NaN,NaN,NaN,0.0000,0.0000,0.0000,0.0000,0.0000,0.0000,Dark,
114.4800,0.0000,0.0000,0.0000,0.0000,NaN,NaN,NaN,NaN,NaN,NaN,0.0000,0.0000,0.0000,0.0000,0.0000,0.0000,Dark,
114.6901,0.0000,0.0000,0.0000,0.0000,NaN,NaN,NaN,NaN,NaN,NaN,0.0000,0.0000,0.0000,0.0000,0.0000,0.0000,Dark,
114.8952,0.0000,0.0000,0.0000,0.0000,NaN,NaN,NaN,NaN,NaN,NaN,0.0000,0.0000,0.0000,0.0000,0.0000,0.0000,Dark,
115.1196,0.0000,0.0000,0.0000,0.0000,NaN,NaN,NaN,NaN,NaN,NaN,0.0000,0.0000,0.0000,0.0000,0.0000,0.0000,Dark,
115.3275,0.0000,0.0000,0.0000,0.0000,NaN,NaN,NaN,NaN,NaN,NaN,0.0000,0.0000,0.0000,0.0000,0.0000,0.0000,Dark,
115.5387,0.0000,0.0000,0.0000,0.0000,NaN,NaN,NaN,NaN,NaN,NaN,0.0000,0.0000,0.0000,0.0000,0.0000,0.0000,Dark,
115.7446,0.0000,0.0000,0.0000,0.0000,NaN,NaN,NaN,NaN,NaN,NaN,0.0000,0.0000,0.0000,0.0000,0.0000,0.0000,Dark,
115.9535,0.0000,0.0000,0.0000,0.0000,NaN,NaN,NaN,NaN,NaN,NaN,0.0000,0.0000,0.0000,0.0000,0.0000,0.0000,Dark,
116.1649,0.0000,0.0000,0.0000,0.0000,NaN,NaN,NaN,NaN,NaN,NaN,0.0000,0.0000,0.0000,0.0000,0.0000,0.0000,Dark,
116.3740,0.0000,0.0000,0.0000,0.0000,NaN,NaN,NaN,NaN,NaN,NaN,0.0000,0.0000,0.0000,0.0000,0.0000,0.0000,Dark,
116.5803,0.0000,0.0000,0.0000,0.0000,NaN,NaN,NaN,NaN,NaN,NaN,0.0000,0.0000,0.0000,0.0000,0.0000,0.0000,Dark,
116.8018,0.0000,0.0000,0.0000,0.0000,NaN,NaN,NaN,NaN,NaN,NaN,0.0000,0.0000,0.0000,0.0000,0.0000,0.0000,Dark,
117.0123,0.0000,0.0000,0.0000,0.0000,NaN,NaN,NaN,NaN,NaN,NaN,0.0000,0.0000,0.0000,0.0000,0.0000,0.0000,Dark,
117.2214,0.0000,0.0000,0.0000,0.0000,NaN,NaN,NaN,NaN,NaN,NaN,0.0000,0.0000,0.0000,0.0000,0.0000,0.0000,Dark,
117.4322,0.0000,0.0000,0.0000,0.0000,NaN,NaN,NaN,NaN,NaN,NaN,0.0000,0.0000,0.0000,0.0000,0.0000,0.0000,Dark,
117.6431,0.0000,0.0000,0.0000,0.0000,NaN,NaN,NaN,NaN,NaN,NaN,0.0000,0.0000,0.0000,0.0000,0.0000,0.0000,Dark,
117.8500,0.0000,0.0000,0.0000,0.0000,NaN,NaN,NaN,NaN,NaN,NaN,0.0000,0.0000,0.0000,0.0000,0.0000,0.0000,Dark,
118.0598,0.0000,0.0000,0.0000,0.0000,NaN,NaN,NaN,NaN,NaN,NaN,0.0000,0.0000,0.0000,0.0000,0.0000,0.0000,Dark,
118.2676,0.0000,0.0000,0.0000,0.0000,NaN,NaN,NaN,NaN,NaN,NaN,0.0000,0.0000,0.0000,0.0000,0.0000,0.0000,Dark,
118.4855,0.0000,0.0000,0.0000,0.0000,NaN,NaN,NaN,NaN,NaN,NaN,0.0000,0.0000,0.0000,0.0000,0.0000,0.0000,Dark,
118.6969,0.0000,0.0000,0.0000,0.0000,NaN,NaN,NaN,NaN,NaN,NaN,0.0000,0.0000,0.0000,0.0000,0.0000,0.0000,Dark,
118.9077,0.0000,0.0000,0.0000,0.0000,NaN,NaN,NaN,NaN,NaN,NaN,0.0000,0.0000,0.0000,0.0000,0.0000,0.0000,Dark,
119.1188,0.0000,0.0000,0.0000,0.0000,NaN,NaN,NaN,NaN,NaN,NaN,0.0000,0.0000,0.0000,0.0000,0.0000,0.0000,Dark,
119.3233,0.0000,0.0000,0.0000,0.0000,NaN,NaN,NaN,NaN,NaN,NaN,0.0000,0.0000,0.0000,0.0000,0.0000,0.0000,Dark,
119.5355,0.0000,0.0000,0.0000,0.0000,NaN,NaN,NaN,NaN,NaN,NaN,0.0000,0.0000,0.0000,0.0000,0.0000,0.0000,Dark,
119.7456,0.0000,0.0000,0.0000,0.0000,NaN,NaN,NaN,NaN,NaN,NaN,0.0000,0.0000,0.0000,0.0000,0.0000,0.0000,Dark,
119.9608,0.0000,0.0000,0.0000,0.0000,NaN,NaN,NaN,NaN,NaN,NaN,0.0000,0.0000,0.0000,0.0000,0.0000,0.0000,Dark,
120.1714,0.0000,0.0000,0.0000,0.0000,NaN,NaN,NaN,NaN,NaN,NaN,0.0000,0.0000,0.0000,0.0000,0.0000,0.0000,Dark,
120.3811,0.0000,0.0000,0.0000,0.0000,NaN,NaN,NaN,NaN,NaN,NaN,0.0000,0.0000,0.0000,0.0000,0.0000,0.0000,Dark,
120.5913,0.0000,0.0000,0.0000,0.0000,NaN,NaN,NaN,NaN,NaN,NaN,0.0000,0.0000,0.0000,0.0000,0.0000,0.0000,Dark,
120.8077,0.0000,0.0000,0.0000,0.0000,NaN,NaN,NaN,NaN,NaN,NaN,0.0000,0.0000,0.0000,0.0000,0.0000,0.0000,Dark,
121.0121,0.0000,0.0000,0.0000,0.0000,NaN,NaN,NaN,NaN,NaN,NaN,0.0000,0.0000,0.0000,0.0000,0.0000,0.0000,Dark,
121.2194,0.0000,0.0000,0.0000,0.0000,NaN,NaN,NaN,NaN,NaN,NaN,0.0000,0.0000,0.0000,0.0000,0.0000,0.0000,Dark,
121.4248,0.0000,0.0000,0.0000,0.0000,NaN,NaN,NaN,NaN,NaN,NaN,0.0000,0.0000,0.0000,0.0000,0.0000,0.0000,Dark,
121.6420,0.0000,0.0000,0.0000,0.0000,NaN,NaN,NaN,NaN,NaN,NaN,0.0000,0.0000,0.0000,0.0000,0.0000,0.0000,Dark,
121.8491,0.0000,0.0000,0.0000,0.0000,NaN,NaN,NaN,NaN,NaN,NaN,0.0000,0.0000,0.0000,0.0000,0.0000,0.0000,Dark,
122.0511,0.0000,0.0000,0.0000,0.0000,NaN,NaN,NaN,NaN,NaN,NaN,0.0000,0.0000,0.0000,0.0000,0.0000,0.0000,Dark,
122.2599,0.0000,0.0000,0.0000,0.0000,NaN,NaN,NaN,NaN,NaN,NaN,0.0000,0.0000,0.0000,0.0000,0.0000,0.0000,Dark,
122.4575,0.0000,0.0000,0.0000,0.0000,NaN,NaN,NaN,NaN,NaN,NaN,0.0000,0.0000,0.0000,0.0000,0.0000,0.0000,Dark,
122.6674,0.0000,0.0000,0.0000,0.0000,NaN,NaN,NaN,NaN,NaN,NaN,0.0000,0.0000,0.0000,0.0000,0.0000,0.0000,Dark,
122.8839,0.0000,0.0000,0.0000,0.0000,NaN,NaN,NaN,NaN,NaN,NaN,0.0000,0.0000,0.0000,0.0000,0.0000,0.0000,Dark,
123.0882,0.0000,0.0000,0.0000,0.0000,NaN,NaN,NaN,NaN,NaN,NaN,0.0000,0.0000,0.0000,0.0000,0.0000,0.0000,Dark,
123.2991,0.0000,0.0000,0.0000,0.0000,NaN,NaN,NaN,NaN,NaN,NaN,0.0000,0.0000,0.0000,0.0000,0.0000,0.0000,Dark,
123.5143,0.0000,0.0000,0.0000,0.0000,NaN,NaN,NaN,NaN,NaN,NaN,0.0000,0.0000,0.0000,0.0000,0.0000,0.0000,Dark,
123.7255,0.0000,0.0000,0.0000,0.0000,NaN,NaN,NaN,NaN,NaN,NaN,0.0000,0.0000,0.0000,0.0000,0.0000,0.0000,Dark,
123.9308,0.0000,0.0000,0.0000,0.0000,NaN,NaN,NaN,NaN,NaN,NaN,0.0000,0.0000,0.0000,0.0000,0.0000,0.0000,Dark,
124.1363,0.0000,0.0000,0.0000,0.0000,NaN,NaN,NaN,NaN,NaN,NaN,0.0000,0.0000,0.0000,0.0000,0.0000,0.0000,Dark,
124.3383,0.0000,0.0000,0.0000,0.0000,NaN,NaN,NaN,NaN,NaN,NaN,0.0000,0.0000,0.0000,0.0000,0.0000,0.0000,Dark,
124.5440,0.0000,0.0000,0.0000,0.0000,NaN,NaN,NaN,NaN,NaN,NaN,0.0000,0.0000,0.0000,0.0000,0.0000,0.0000,Dark,
124.7608,0.0000,0.0000,0.0000,0.0000,NaN,NaN,NaN,NaN,NaN,NaN,0.0000,0.0000,0.0000,0.0000,0.0000,0.0000,Dark,
124.9707,0.0000,0.0000,0.0000,0.0000,NaN,NaN,NaN,NaN,NaN,NaN,0.0000,0.0000,0.0000,0.0000,0.0000,0.0000,Dark,
125.1818,0.0000,0.0000,0.0000,0.0000,NaN,NaN,NaN,NaN,NaN,NaN,0.0000,0.0000,0.0000,0.0000,0.0000,0.0000,Dark,
125.3910,0.0000,0.0000,0.0000,0.0000,NaN,NaN,NaN,NaN,NaN,NaN,0.0000,0.0000,0.0000,0.0000,0.0000,0.0000,Dark,
125.6020,0.0000,0.0000,0.0000,0.0000,NaN,NaN,NaN,NaN,NaN,NaN,0.0000,0.0000,0.0000,0.0000,0.0000,0.0000,Dark,
125.8118,0.0000,0.0000,0.0000,0.0000,NaN,NaN,NaN,NaN,NaN,NaN,0.0000,0.0000,0.0000,0.0000,0.0000,0.0000,Dark,
126.0218,0.0000,0.0000,0.0000,0.0000,NaN,NaN,NaN,NaN,NaN,NaN,0.0000,0.0000,0.0000,0.0000,0.0000,0.0000,Dark,
126.2318,0.0000,0.0000,0.0000,0.0000,NaN,NaN,NaN,NaN,NaN,NaN,0.0000,0.0000,0.0000,0.0000,0.0000,0.0000,Dark,
126.4430,0.0000,0.0000,0.0000,0.0000,NaN,NaN,NaN,NaN,NaN,NaN,0.0000,0.0000,0.0000,0.0000,0.0000,0.0000,Dark,
126.6485,0.0000,0.0000,0.0000,0.0000,NaN,NaN,NaN,NaN,NaN,NaN,0.0000,0.0000,0.0000,0.0000,0.0000,0.0000,Dark,
126.8497,0.0000,0.0000,0.0000,0.0000,NaN,NaN,NaN,NaN,NaN,NaN,0.0000,0.0000,0.0000,0.0000,0.0000,0.0000,Dark,
127.0598,0.0000,0.0000,0.0000,0.0000,NaN,NaN,NaN,NaN,NaN,NaN,0.0000,0.0000,0.0000,0.0000,0.0000,0.0000,Dark,
127.2566,0.0000,0.0000,0.0000,0.0000,NaN,NaN,NaN,NaN,NaN,NaN,0.0000,0.0000,0.0000,0.0000,0.0000,0.0000,Dark,
127.4670,0.0000,0.0000,0.0000,0.0000,NaN,NaN,NaN,NaN,NaN,NaN,0.0000,0.0000,0.0000,0.0000,0.0000,0.0000,Dark,
127.6773,0.0000,0.0000,0.0000,0.0000,NaN,NaN,NaN,NaN,NaN,NaN,0.0000,0.0000,0.0000,0.0000,0.0000,0.0000,Dark,
127.8879,0.0000,0.0000,0.0000,0.0000,NaN,NaN,NaN,NaN,NaN,NaN,0.0000,0.0000,0.0000,0.0000,0.0000,0.0000,Dark,
128.1043,0.0000,0.0000,0.0000,0.0000,NaN,NaN,NaN,NaN,NaN,NaN,0.0000,0.0000,0.0000,0.0000,0.0000,0.0000,Dark,
128.3147,0.0000,0.0000,0.0000,0.0000,NaN,NaN,NaN,NaN,NaN,NaN,0.0000,0.0000,0.0000,0.0000,0.0000,0.0000,Dark,
128.5277,0.0000,0.0000,0.0000,0.0000,NaN,NaN,NaN,NaN,NaN,NaN,0.0000,0.0000,0.0000,0.0000,0.0000,0.0000,Dark,
128.7323,0.0000,0.0000,0.0000,0.0000,NaN,NaN,NaN,NaN,NaN,NaN,0.0000,0.0000,0.0000,0.0000,0.0000,0.0000,Dark,
128.9360,0.0000,0.0000,0.0000,0.0000,NaN,NaN,NaN,NaN,NaN,NaN,0.0000,0.0000,0.0000,0.0000,0.0000,0.0000,Dark,
129.1424,0.0000,0.0000,0.0000,0.0000,NaN,NaN,NaN,NaN,NaN,NaN,0.0000,0.0000,0.0000,0.0000,0.0000,0.0000,Dark,
129.3515,0.0000,0.0000,0.0000,0.0000,NaN,NaN,NaN,NaN,NaN,NaN,0.0000,0.0000,0.0000,0.0000,0.0000,0.0000,Dark,
129.5619,0.0000,0.0000,0.0000,0.0000,NaN,NaN,NaN,NaN,NaN,NaN,0.0000,0.0000,0.0000,0.0000,0.0000,0.0000,Dark,
129.7733,0.0000,0.0000,0.0000,0.0000,NaN,NaN,NaN,NaN,NaN,NaN,0.0000,0.0000,0.0000,0.0000,0.0000,0.0000,Dark,
129.9836,0.0000,0.0000,0.0000,0.0000,NaN,NaN,NaN,NaN,NaN,NaN,0.0000,0.0000,0.0000,0.0000,0.0000,0.0000,Dark,
130.1944,0.0000,0.0000,0.0000,0.0000,NaN,NaN,NaN,NaN,NaN,NaN,0.0000,0.0000,0.0000,0.0000,0.0000,0.0000,Dark,
130.4003,0.0000,0.0000,0.0000,0.0000,NaN,NaN,NaN,NaN,NaN,NaN,0.0000,0.0000,0.0000,0.0000,0.0000,0.0000,Dark,
130.6104,0.0000,0.0000,0.0000,0.0000,NaN,NaN,NaN,NaN,NaN,NaN,0.0000,0.0000,0.0000,0.0000,0.0000,0.0000,Dark,
130.8258,0.0000,0.0000,0.0000,0.0000,NaN,NaN,NaN,NaN,NaN,NaN,0.0000,0.0000,0.0000,0.0000,0.0000,0.0000,Dark,
131.0331,0.0000,0.0000,0.0000,0.0000,NaN,NaN,NaN,NaN,NaN,NaN,0.0000,0.0000,0.0000,0.0000,0.0000,0.0000,Dark,
131.2375,0.0000,0.0000,0.0000,0.0000,NaN,NaN,NaN,NaN,NaN,NaN,0.0000,0.0000,0.0000,0.0000,0.0000,0.0000,Dark,
131.4406,0.0000,0.0000,0.0000,0.0000,NaN,NaN,NaN,NaN,NaN,NaN,0.0000,0.0000,0.0000,0.0000,0.0000,0.0000,Dark,
131.6516,0.0000,0.0000,0.0000,0.0000,NaN,NaN,NaN,NaN,NaN,NaN,0.0000,0.0000,0.0000,0.0000,0.0000,0.0000,Dark,
131.8576,0.0000,0.0000,0.0000,0.0000,NaN,NaN,NaN,NaN,NaN,NaN,0.0000,0.0000,0.0000,0.0000,0.0000,0.0000,Dark,
132.0712,0.0000,0.0000,0.0000,0.0000,NaN,NaN,NaN,NaN,NaN,NaN,0.0000,0.0000,0.0000,0.0000,0.0000,0.0000,Dark,
132.2738,0.0000,0.0000,0.0000,0.0000,NaN,NaN,NaN,NaN,NaN,NaN,0.0000,0.0000,0.0000,0.0000,0.0000,0.0000,Dark,
132.4847,0.0000,0.0000,0.0000,0.0000,NaN,NaN,NaN,NaN,NaN,NaN,0.0000,0.0000,0.0000,0.0000,0.0000,0.0000,Dark,
132.6912,0.0000,0.0000,0.0000,0.0000,NaN,NaN,NaN,NaN,NaN,NaN,0.0000,0.0000,0.0000,0.0000,0.0000,0.0000,Dark,
132.9019,0.0000,0.0000,0.0000,0.0000,NaN,NaN,NaN,NaN,NaN,NaN,0.0000,0.0000,0.0000,0.0000,0.0000,0.0000,Dark,
133.1179,0.0000,0.0000,0.0000,0.0000,NaN,NaN,NaN,NaN,NaN,NaN,0.0000,0.0000,0.0000,0.0000,0.0000,0.0000,Dark,
133.3234,0.0000,0.0000,0.0000,0.0000,NaN,NaN,NaN,NaN,NaN,NaN,0.0000,0.0000,0.0000,0.0000,0.0000,0.0000,Dark,
133.5350,0.0000,0.0000,0.0000,0.0000,NaN,NaN,NaN,NaN,NaN,NaN,0.0000,0.0000,0.0000,0.0000,0.0000,0.0000,Dark,
133.7511,0.0000,0.0000,0.0000,0.0000,NaN,NaN,NaN,NaN,NaN,NaN,0.0000,0.0000,0.0000,0.0000,0.0000,0.0000,Dark,
133.9617,0.0000,0.0000,0.0000,0.0000,NaN,NaN,NaN,NaN,NaN,NaN,0.0000,0.0000,0.0000,0.0000,0.0000,0.0000,Dark,
134.1711,0.0000,0.0000,0.0000,0.0000,NaN,NaN,NaN,NaN,NaN,NaN,0.0000,0.0000,0.0000,0.0000,0.0000,0.0000,Dark,
134.3817,0.0000,0.0000,0.0000,0.0000,NaN,NaN,NaN,NaN,NaN,NaN,0.0000,0.0000,0.0000,0.0000,0.0000,0.0000,Dark,
134.5890,0.0000,0.0000,0.0000,0.0000,NaN,NaN,NaN,NaN,NaN,NaN,0.0000,0.0000,0.0000,0.0000,0.0000,0.0000,Dark,
134.7978,0.0000,0.0000,0.0000,0.0000,NaN,NaN,NaN,NaN,NaN,NaN,0.0000,0.0000,0.0000,0.0000,0.0000,0.0000,Dark,
135.0087,0.0000,0.0000,0.0000,0.0000,NaN,NaN,NaN,NaN,NaN,NaN,0.0000,0.0000,0.0000,0.0000,0.0000,0.0000,Dark,
135.2135,0.0000,0.0000,0.0000,0.0000,NaN,NaN,NaN,NaN,NaN,NaN,0.0000,0.0000,0.0000,0.0000,0.0000,0.0000,Dark,
135.4347,0.0000,0.0000,0.0000,0.0000,NaN,NaN,NaN,NaN,NaN,NaN,0.0000,0.0000,0.0000,0.0000,0.0000,0.0000,Dark,
135.6448,0.0000,0.0000,0.0000,0.0000,NaN,NaN,NaN,NaN,NaN,NaN,0.0000,0.0000,0.0000,0.0000,0.0000,0.0000,Dark,
135.8510,0.0000,0.0000,0.0000,0.0000,NaN,NaN,NaN,NaN,NaN,NaN,0.0000,0.0000,0.0000,0.0000,0.0000,0.0000,Dark,
136.0611,0.0000,0.0000,0.0000,0.0000,NaN,NaN,NaN,NaN,NaN,NaN,0.0000,0.0000,0.0000,0.0000,0.0000,0.0000,Dark,
136.2719,0.0000,0.0000,0.0000,0.0000,NaN,NaN,NaN,NaN,NaN,NaN,0.0000,0.0000,0.0000,0.0000,0.0000,0.0000,Dark,
136.4822,0.0000,0.0000,0.0000,0.0000,NaN,NaN,NaN,NaN,NaN,NaN,0.0000,0.0000,0.0000,0.0000,0.0000,0.0000,Dark,
136.6925,0.0000,0.0000,0.0000,0.0000,NaN,NaN,NaN,NaN,NaN,NaN,0.0000,0.0000,0.0000,0.0000,0.0000,0.0000,Dark,
136.9099,0.0000,0.0000,0.0000,0.0000,NaN,NaN,NaN,NaN,NaN,NaN,0.0000,0.0000,0.0000,0.0000,0.0000,0.0000,Dark,
137.1166,0.0000,0.0000,0.0000,0.0000,NaN,NaN,NaN,NaN,NaN,NaN,0.0000,0.0000,0.0000,0.0000,0.0000,0.0000,Dark,
137.3276,0.0000,0.0000,0.0000,0.0000,NaN,NaN,NaN,NaN,NaN,NaN,0.0000,0.0000,0.0000,0.0000,0.0000,0.0000,Dark,
137.5382,0.0000,0.0000,0.0000,0.0000,NaN,NaN,NaN,NaN,NaN,NaN,0.0000,0.0000,0.0000,0.0000,0.0000,0.0000,Dark,
137.7487,0.0000,0.0000,0.0000,0.0000,NaN,NaN,NaN,NaN,NaN,NaN,0.0000,0.0000,0.0000,0.0000,0.0000,0.0000,Dark,
137.9600,0.0000,0.0000,0.0000,0.0000,NaN,NaN,NaN,NaN,NaN,NaN,0.0000,0.0000,0.0000,0.0000,0.0000,0.0000,Dark,
138.1695,0.0000,0.0000,0.0000,0.0000,NaN,NaN,NaN,NaN,NaN,NaN,0.0000,0.0000,0.0000,0.0000,0.0000,0.0000,Dark,
138.3840,0.0000,0.0000,0.0000,0.0000,NaN,NaN,NaN,NaN,NaN,NaN,0.0000,0.0000,0.0000,0.0000,0.0000,0.0000,Dark,
138.5849,0.0000,0.0000,0.0000,0.0000,NaN,NaN,NaN,NaN,NaN,NaN,0.0000,0.0000,0.0000,0.0000,0.0000,0.0000,Dark,
138.7915,0.0000,0.0000,0.0000,0.0000,NaN,NaN,NaN,NaN,NaN,NaN,0.0000,0.0000,0.0000,0.0000,0.0000,0.0000,Dark,
139.0020,0.0000,0.0000,0.0000,0.0000,NaN,NaN,NaN,NaN,NaN,NaN,0.0000,0.0000,0.0000,0.0000,0.0000,0.0000,Dark,
139.2126,0.0000,0.0000,0.0000,0.0000,NaN,NaN,NaN,NaN,NaN,NaN,0.0000,0.0000,0.0000,0.0000,0.0000,0.0000,Dark,
139.4224,0.0000,0.0000,0.0000,0.0000,NaN,NaN,NaN,NaN,NaN,NaN,0.0000,0.0000,0.0000,0.0000,0.0000,0.0000,Dark,
139.6322,0.0000,0.0000,0.0000,0.0000,NaN,NaN,NaN,NaN,NaN,NaN,0.0000,0.0000,0.0000,0.0000,0.0000,0.0000,Dark,
139.8515,0.0000,0.0000,0.0000,0.0000,NaN,NaN,NaN,NaN,NaN,NaN,0.0000,0.0000,0.0000,0.0000,0.0000,0.0000,Dark,
140.0490,0.0000,0.0000,0.0000,0.0000,NaN,NaN,NaN,NaN,NaN,NaN,0.0000,0.0000,0.0000,0.0000,0.0000,0.0000,Dark,
140.2599,0.0000,0.0000,0.0000,0.0000,NaN,NaN,NaN,NaN,NaN,NaN,0.0000,0.0000,0.0000,0.0000,0.0000,0.0000,Dark,
140.4652,0.0000,0.0000,0.0000,0.0000,NaN,NaN,NaN,NaN,NaN,NaN,0.0000,0.0000,0.0000,0.0000,0.0000,0.0000,Dark,
140.6720,0.0000,0.0000,0.0000,0.0000,NaN,NaN,NaN,NaN,NaN,NaN,0.0000,0.0000,0.0000,0.0000,0.0000,0.0000,Dark,
140.8824,0.0000,0.0000,0.0000,0.0000,NaN,NaN,NaN,NaN,NaN,NaN,0.0000,0.0000,0.0000,0.0000,0.0000,0.0000,Dark,
141.0879,0.0000,0.0000,0.0000,0.0000,NaN,NaN,NaN,NaN,NaN,NaN,0.0000,0.0000,0.0000,0.0000,0.0000,0.0000,Dark,
141.3037,0.0000,0.0000,0.0000,0.0000,NaN,NaN,NaN,NaN,NaN,NaN,0.0000,0.0000,0.0000,0.0000,0.0000,0.0000,Dark,
141.5095,0.0000,0.0000,0.0000,0.0000,NaN,NaN,NaN,NaN,NaN,NaN,0.0000,0.0000,0.0000,0.0000,0.0000,0.0000,Dark,
141.7241,0.0000,0.0000,0.0000,0.0000,NaN,NaN,NaN,NaN,NaN,NaN,0.0000,0.0000,0.0000,0.0000,0.0000,0.0000,Dark,
141.9266,0.0000,0.0000,0.0000,0.0000,NaN,NaN,NaN,NaN,NaN,NaN,0.0000,0.0000,0.0000,0.0000,0.0000,0.0000,Dark,
142.1336,0.0000,0.0000,0.0000,0.0000,NaN,NaN,NaN,NaN,NaN,NaN,0.0000,0.0000,0.0000,0.0000,0.0000,0.0000,Dark,
142.3448,0.0000,0.0000,0.0000,0.0000,NaN,NaN,NaN,NaN,NaN,NaN,0.0000,0.0000,0.0000,0.0000,0.0000,0.0000,Dark,
142.5546,0.0000,0.0000,0.0000,0.0000,NaN,NaN,NaN,NaN,NaN,NaN,0.0000,0.0000,0.0000,0.0000,0.0000,0.0000,Dark,
142.7616,0.0000,0.0000,0.0000,0.0000,NaN,NaN,NaN,NaN,NaN,NaN,0.0000,0.0000,0.0000,0.0000,0.0000,0.0000,Dark,
142.9719,0.0000,0.0000,0.0000,0.0000,NaN,NaN,NaN,NaN,NaN,NaN,0.0000,0.0000,0.0000,0.0000,0.0000,0.0000,Dark,
143.1817,0.0000,0.0000,0.0000,0.0000,NaN,NaN,NaN,NaN,NaN,NaN,0.0000,0.0000,0.0000,0.0000,0.0000,0.0000,Dark,
143.3919,0.0000,0.0000,0.0000,0.0000,NaN,NaN,NaN,NaN,NaN,NaN,0.0000,0.0000,0.0000,0.0000,0.0000,0.0000,Dark,
143.6025,0.0000,0.0000,0.0000,0.0000,NaN,NaN,NaN,NaN,NaN,NaN,0.0000,0.0000,0.0000,0.0000,0.0000,0.0000,Dark,
143.8090,0.0000,0.0000,0.0000,0.0000,NaN,NaN,NaN,NaN,NaN,NaN,0.0000,0.0000,0.0000,0.0000,0.0000,0.0000,Dark,
144.0141,0.0000,0.0000,0.0000,0.0000,NaN,NaN,NaN,NaN,NaN,NaN,0.0000,0.0000,0.0000,0.0000,0.0000,0.0000,Dark,
144.2250,0.0000,0.0000,0.0000,0.0000,NaN,NaN,NaN,NaN,NaN,NaN,0.0000,0.0000,0.0000,0.0000,0.0000,0.0000,Dark,
144.4354,0.0000,0.0000,0.0000,0.0000,NaN,NaN,NaN,NaN,NaN,NaN,0.0000,0.0000,0.0000,0.0000,0.0000,0.0000,Dark,
144.6454,0.0000,0.0000,0.0000,0.0000,NaN,NaN,NaN,NaN,NaN,NaN,0.0000,0.0000,0.0000,0.0000,0.0000,0.0000,Dark,
144.8556,0.0000,0.0000,0.0000,0.0000,NaN,NaN,NaN,NaN,NaN,NaN,0.0000,0.0000,0.0000,0.0000,0.0000,0.0000,Dark,
145.0619,0.0000,0.0000,0.0000,0.0000,NaN,NaN,NaN,NaN,NaN,NaN,0.0000,0.0000,0.0000,0.0000,0.0000,0.0000,Dark,
145.2679,0.0000,0.0000,0.0000,0.0000,NaN,NaN,NaN,NaN,NaN,NaN,0.0000,0.0000,0.0000,0.0000,0.0000,0.0000,Dark,
145.4891,0.0000,0.0000,0.0000,0.0000,NaN,NaN,NaN,NaN,NaN,NaN,0.0000,0.0000,0.0000,0.0000,0.0000,0.0000,Dark,
145.6997,0.0000,0.0000,0.0000,0.0000,NaN,NaN,NaN,NaN,NaN,NaN,0.0000,0.0000,0.0000,0.0000,0.0000,0.0000,Dark,
145.9095,0.0000,0.0000,0.0000,0.0000,NaN,NaN,NaN,NaN,NaN,NaN,0.0000,0.0000,0.0000,0.0000,0.0000,0.0000,Dark,
146.1154,0.0000,0.0000,0.0000,0.0000,NaN,NaN,NaN,NaN,NaN,NaN,0.0000,0.0000,0.0000,0.0000,0.0000,0.0000,Dark,
146.3259,0.0000,0.0000,0.0000,0.0000,NaN,NaN,NaN,NaN,NaN,NaN,0.0000,0.0000,0.0000,0.0000,0.0000,0.0000,Dark,
146.5381,0.0000,0.0000,0.0000,0.0000,NaN,NaN,NaN,NaN,NaN,NaN,0.0000,0.0000,0.0000,0.0000,0.0000,0.0000,Dark,
146.7499,0.0000,0.0000,0.0000,0.0000,NaN,NaN,NaN,NaN,NaN,NaN,0.0000,0.0000,0.0000,0.0000,0.0000,0.0000,Dark,
146.9554,0.0000,0.0000,0.0000,0.0000,NaN,NaN,NaN,NaN,NaN,NaN,0.0000,0.0000,0.0000,0.0000,0.0000,0.0000,Dark,
147.1605,0.0000,0.0000,0.0000,0.0000,NaN,NaN,NaN,NaN,NaN,NaN,0.0000,0.0000,0.0000,0.0000,0.0000,0.0000,Dark,
147.3689,0.0000,0.0000,0.0000,0.0000,NaN,NaN,NaN,NaN,NaN,NaN,0.0000,0.0000,0.0000,0.0000,0.0000,0.0000,Dark,
147.5737,0.0000,0.0000,0.0000,0.0000,NaN,NaN,NaN,NaN,NaN,NaN,0.0000,0.0000,0.0000,0.0000,0.0000,0.0000,Dark,
147.7940,0.0000,0.0000,0.0000,0.0000,NaN,NaN,NaN,NaN,NaN,NaN,0.0000,0.0000,0.0000,0.0000,0.0000,0.0000,Dark,
148.0018,0.0000,0.0000,0.0000,0.0000,NaN,NaN,NaN,NaN,NaN,NaN,0.0000,0.0000,0.0000,0.0000,0.0000,0.0000,Dark,
148.2062,0.0000,0.0000,0.0000,0.0000,NaN,NaN,NaN,NaN,NaN,NaN,0.0000,0.0000,0.0000,0.0000,0.0000,0.0000,Dark,
148.4277,0.0000,0.0000,0.0000,0.0000,NaN,NaN,NaN,NaN,NaN,NaN,0.0000,0.0000,0.0000,0.0000,0.0000,0.0000,Dark,
148.6391,0.0000,0.0000,0.0000,0.0000,NaN,NaN,NaN,NaN,NaN,NaN,0.0000,0.0000,0.0000,0.0000,0.0000,0.0000,Dark,
148.8498,0.0000,0.0000,0.0000,0.0000,NaN,NaN,NaN,NaN,NaN,NaN,0.0000,0.0000,0.0000,0.0000,0.0000,0.0000,Dark,
149.0601,0.0000,0.0000,0.0000,0.0000,NaN,NaN,NaN,NaN,NaN,NaN,0.0000,0.0000,0.0000,0.0000,0.0000,0.0000,Dark,
149.2706,0.0000,0.0000,0.0000,0.0000,NaN,NaN,NaN,NaN,NaN,NaN,0.0000,0.0000,0.0000,0.0000,0.0000,0.0000,Dark,
149.4755,0.0000,0.0000,0.0000,0.0000,NaN,NaN,NaN,NaN,NaN,NaN,0.0000,0.0000,0.0000,0.0000,0.0000,0.0000,Dark,
149.6814,0.0000,0.0000,0.0000,0.0000,NaN,NaN,NaN,NaN,NaN,NaN,0.0000,0.0000,0.0000,0.0000,0.0000,0.0000,Dark,
149.9021,0.0000,0.0000,0.0000,0.0000,NaN,NaN,NaN,NaN,NaN,NaN,0.0000,0.0000,0.0000,0.0000,0.0000,0.0000,Dark,
150.1125,0.0000,0.0000,0.0000,0.0000,NaN,NaN,NaN,NaN,NaN,NaN,0.0000,0.0000,0.0000,0.0000,0.0000,0.0000,Dark,
150.3189,0.0000,0.0000,0.0000,0.0000,NaN,NaN,NaN,NaN,NaN,NaN,0.0000,0.0000,0.0000,0.0000,0.0000,0.0000,Dark,
150.5296,0.0000,0.0000,0.0000,0.0000,NaN,NaN,NaN,NaN,NaN,NaN,0.0000,0.0000,0.0000,0.0000,0.0000,0.0000,Dark,
150.7446,0.0000,0.0000,0.0000,0.0000,NaN,NaN,NaN,NaN,NaN,NaN,0.0000,0.0000,0.0000,0.0000,0.0000,0.0000,Dark,
150.9553,0.0000,0.0000,0.0000,0.0000,NaN,NaN,NaN,NaN,NaN,NaN,0.0000,0.0000,0.0000,0.0000,0.0000,0.0000,Dark,
151.1665,0.0000,0.0000,0.0000,0.0000,NaN,NaN,NaN,NaN,NaN,NaN,0.0000,0.0000,0.0000,0.0000,0.0000,0.0000,Dark,
151.3759,0.0000,0.0000,0.0000,0.0000,NaN,NaN,NaN,NaN,NaN,NaN,0.0000,0.0000,0.0000,0.0000,0.0000,0.0000,Dark,
151.5869,0.0000,0.0000,0.0000,0.0000,NaN,NaN,NaN,NaN,NaN,NaN,0.0000,0.0000,0.0000,0.0000,0.0000,0.0000,Dark,
151.7923,0.0000,0.0000,0.0000,0.0000,NaN,NaN,NaN,NaN,NaN,NaN,0.0000,0.0000,0.0000,0.0000,0.0000,0.0000,Dark,
152.0031,0.0000,0.0000,0.0000,0.0000,NaN,NaN,NaN,NaN,NaN,NaN,0.0000,0.0000,0.0000,0.0000,0.0000,0.0000,Dark,
152.2141,0.0000,0.0000,0.0000,0.0000,NaN,NaN,NaN,NaN,NaN,NaN,0.0000,0.0000,0.0000,0.0000,0.0000,0.0000,Dark,
152.4197,0.0000,0.0000,0.0000,0.0000,NaN,NaN,NaN,NaN,NaN,NaN,0.0000,0.0000,0.0000,0.0000,0.0000,0.0000,Dark,
152.6382,0.0000,0.0000,0.0000,0.0000,NaN,NaN,NaN,NaN,NaN,NaN,0.0000,0.0000,0.0000,0.0000,0.0000,0.0000,Dark,
152.8485,0.0000,0.0000,0.0000,0.0000,NaN,NaN,NaN,NaN,NaN,NaN,0.0000,0.0000,0.0000,0.0000,0.0000,0.0000,Dark,
153.0586,0.0000,0.0000,0.0000,0.0000,NaN,NaN,NaN,NaN,NaN,NaN,0.0000,0.0000,0.0000,0.0000,0.0000,0.0000,Dark,
153.2699,0.0000,0.0000,0.0000,0.0000,NaN,NaN,NaN,NaN,NaN,NaN,0.0000,0.0000,0.0000,0.0000,0.0000,0.0000,Dark,
153.4794,0.0000,0.0000,0.0000,0.0000,NaN,NaN,NaN,NaN,NaN,NaN,0.0000,0.0000,0.0000,0.0000,0.0000,0.0000,Dark,
153.6898,0.0000,0.0000,0.0000,0.0000,NaN,NaN,NaN,NaN,NaN,NaN,0.0000,0.0000,0.0000,0.0000,0.0000,0.0000,Dark,
153.8994,0.0000,0.0000,0.0000,0.0000,NaN,NaN,NaN,NaN,NaN,NaN,0.0000,0.0000,0.0000,0.0000,0.0000,0.0000,Dark,
154.1099,0.0000,0.0000,0.0000,0.0000,NaN,NaN,NaN,NaN,NaN,NaN,0.0000,0.0000,0.0000,0.0000,0.0000,0.0000,Dark,
154.3203,0.0000,0.0000,0.0000,0.0000,NaN,NaN,NaN,NaN,NaN,NaN,0.0000,0.0000,0.0000,0.0000,0.0000,0.0000,Dark,
154.5309,0.0000,0.0000,0.0000,0.0000,NaN,NaN,NaN,NaN,NaN,NaN,0.0000,0.0000,0.0000,0.0000,0.0000,0.0000,Dark,
154.7406,0.0000,0.0000,0.0000,0.0000,NaN,NaN,NaN,NaN,NaN,NaN,0.0000,0.0000,0.0000,0.0000,0.0000,0.0000,Dark,
154.9513,0.0000,0.0000,0.0000,0.0000,NaN,NaN,NaN,NaN,NaN,NaN,0.0000,0.0000,0.0000,0.0000,0.0000,0.0000,Dark,
155.1618,0.0000,0.0000,0.0000,0.0000,NaN,NaN,NaN,NaN,NaN,NaN,0.0000,0.0000,0.0000,0.0000,0.0000,0.0000,Dark,
155.3669,0.0000,0.0000,0.0000,0.0000,NaN,NaN,NaN,NaN,NaN,NaN,0.0000,0.0000,0.0000,0.0000,0.0000,0.0000,Dark,
155.5883,0.0000,0.0000,0.0000,0.0000,NaN,NaN,NaN,NaN,NaN,NaN,0.0000,0.0000,0.0000,0.0000,0.0000,0.0000,Dark,
155.7994,0.0000,0.0000,0.0000,0.0000,NaN,NaN,NaN,NaN,NaN,NaN,0.0000,0.0000,0.0000,0.0000,0.0000,0.0000,Dark,
156.0081,0.0000,0.0000,0.0000,0.0000,NaN,NaN,NaN,NaN,NaN,NaN,0.0000,0.0000,0.0000,0.0000,0.0000,0.0000,Dark,
156.2198,0.0000,0.0000,0.0000,0.0000,NaN,NaN,NaN,NaN,NaN,NaN,0.0000,0.0000,0.0000,0.0000,0.0000,0.0000,Dark,
156.4295,0.0000,0.0000,0.0000,0.0000,NaN,NaN,NaN,NaN,NaN,NaN,0.0000,0.0000,0.0000,0.0000,0.0000,0.0000,Dark,
156.6516,0.0000,0.0000,0.0000,0.0000,NaN,NaN,NaN,NaN,NaN,NaN,0.0000,0.0000,0.0000,0.0000,0.0000,0.0000,Dark,
156.8500,0.0000,0.0000,0.0000,0.0000,NaN,NaN,NaN,NaN,NaN,NaN,0.0000,0.0000,0.0000,0.0000,0.0000,0.0000,Dark,
157.0610,0.0000,0.0000,0.0000,0.0000,NaN,NaN,NaN,NaN,NaN,NaN,0.0000,0.0000,0.0000,0.0000,0.0000,0.0000,Dark,
157.2709,0.0000,0.0000,0.0000,0.0000,NaN,NaN,NaN,NaN,NaN,NaN,0.0000,0.0000,0.0000,0.0000,0.0000,0.0000,Dark,
157.4809,0.0000,0.0000,0.0000,0.0000,NaN,NaN,NaN,NaN,NaN,NaN,0.0000,0.0000,0.0000,0.0000,0.0000,0.0000,Dark,
157.6908,0.0000,0.0000,0.0000,0.0000,NaN,NaN,NaN,NaN,NaN,NaN,0.0000,0.0000,0.0000,0.0000,0.0000,0.0000,Dark,
157.9009,0.0000,0.0000,0.0000,0.0000,NaN,NaN,NaN,NaN,NaN,NaN,0.0000,0.0000,0.0000,0.0000,0.0000,0.0000,Dark,
158.1065,0.0000,0.0000,0.0000,0.0000,NaN,NaN,NaN,NaN,NaN,NaN,0.0000,0.0000,0.0000,0.0000,0.0000,0.0000,Dark,
158.3127,0.0000,0.0000,0.0000,0.0000,NaN,NaN,NaN,NaN,NaN,NaN,0.0000,0.0000,0.0000,0.0000,0.0000,0.0000,Dark,
158.5316,0.0000,0.0000,0.0000,0.0000,NaN,NaN,NaN,NaN,NaN,NaN,0.0000,0.0000,0.0000,0.0000,0.0000,0.0000,Dark,
158.7374,0.0000,0.0000,0.0000,0.0000,NaN,NaN,NaN,NaN,NaN,NaN,0.0000,0.0000,0.0000,0.0000,0.0000,0.0000,Dark,
158.9424,0.0000,0.0000,0.0000,0.0000,NaN,NaN,NaN,NaN,NaN,NaN,0.0000,0.0000,0.0000,0.0000,0.0000,0.0000,Dark,
159.1599,0.0000,0.0000,0.0000,0.0000,NaN,NaN,NaN,NaN,NaN,NaN,0.0000,0.0000,0.0000,0.0000,0.0000,0.0000,Dark,
159.3632,0.0000,0.0000,0.0000,0.0000,NaN,NaN,NaN,NaN,NaN,NaN,0.0000,0.0000,0.0000,0.0000,0.0000,0.0000,Dark,
159.5733,0.0000,0.0000,0.0000,0.0000,NaN,NaN,NaN,NaN,NaN,NaN,0.0000,0.0000,0.0000,0.0000,0.0000,0.0000,Dark,
159.7786,0.0000,0.0000,0.0000,0.0000,NaN,NaN,NaN,NaN,NaN,NaN,0.0000,0.0000,0.0000,0.0000,0.0000,0.0000,Dark,
159.9848,0.0000,0.0000,0.0000,0.0000,NaN,NaN,NaN,NaN,NaN,NaN,0.0000,0.0000,0.0000,0.0000,0.0000,0.0000,Dark,
160.2156,0.0000,0.0000,0.0000,0.0000,NaN,NaN,NaN,NaN,NaN,NaN,0.0000,0.0000,0.0000,0.0000,0.0000,0.0000,Dark,
160.4155,0.0000,0.0000,0.0000,0.0000,NaN,NaN,NaN,NaN,NaN,NaN,0.0000,0.0000,0.0000,0.0000,0.0000,0.0000,Dark,
160.6262,0.0000,0.0000,0.0000,0.0000,NaN,NaN,NaN,NaN,NaN,NaN,0.0000,0.0000,0.0000,0.0000,0.0000,0.0000,Dark,
160.8371,0.0000,0.0000,0.0000,0.0000,NaN,NaN,NaN,NaN,NaN,NaN,0.0000,0.0000,0.0000,0.0000,0.0000,0.0000,Dark,
161.0462,0.0000,0.0000,0.0000,0.0000,NaN,NaN,NaN,NaN,NaN,NaN,0.0000,0.0000,0.0000,0.0000,0.0000,0.0000,Dark,
161.2564,0.0000,0.0000,0.0000,0.0000,NaN,NaN,NaN,NaN,NaN,NaN,0.0000,0.0000,0.0000,0.0000,0.0000,0.0000,Dark,
161.4635,0.0000,0.0000,0.0000,0.0000,NaN,NaN,NaN,NaN,NaN,NaN,0.0000,0.0000,0.0000,0.0000,0.0000,0.0000,Dark,
161.6680,0.0000,0.0000,0.0000,0.0000,NaN,NaN,NaN,NaN,NaN,NaN,0.0000,0.0000,0.0000,0.0000,0.0000,0.0000,Dark,
161.8744,0.0000,0.0000,0.0000,0.0000,NaN,NaN,NaN,NaN,NaN,NaN,0.0000,0.0000,0.0000,0.0000,0.0000,0.0000,Dark,
162.0844,0.0000,0.0000,0.0000,0.0000,NaN,NaN,NaN,NaN,NaN,NaN,0.0000,0.0000,0.0000,0.0000,0.0000,0.0000,Dark,
162.2952,0.0000,0.0000,0.0000,0.0000,NaN,NaN,NaN,NaN,NaN,NaN,0.0000,0.0000,0.0000,0.0000,0.0000,0.0000,Dark,
162.5047,0.0000,0.0000,0.0000,0.0000,NaN,NaN,NaN,NaN,NaN,NaN,0.0000,0.0000,0.0000,0.0000,0.0000,0.0000,Dark,
162.7120,0.0000,0.0000,0.0000,0.0000,NaN,NaN,NaN,NaN,NaN,NaN,0.0000,0.0000,0.0000,0.0000,0.0000,0.0000,Dark,
162.9215,0.0000,0.0000,0.0000,0.0000,NaN,NaN,NaN,NaN,NaN,NaN,0.0000,0.0000,0.0000,0.0000,0.0000,0.0000,Dark,
163.1315,0.0000,0.0000,0.0000,0.0000,NaN,NaN,NaN,NaN,NaN,NaN,0.0000,0.0000,0.0000,0.0000,0.0000,0.0000,Dark,
163.3433,0.0000,0.0000,0.0000,0.0000,NaN,NaN,NaN,NaN,NaN,NaN,0.0000,0.0000,0.0000,0.0000,0.0000,0.0000,Dark,
163.5537,0.0000,0.0000,0.0000,0.0000,NaN,NaN,NaN,NaN,NaN,NaN,0.0000,0.0000,0.0000,0.0000,0.0000,0.0000,Dark,
163.7644,0.0000,0.0000,0.0000,0.0000,NaN,NaN,NaN,NaN,NaN,NaN,0.0000,0.0000,0.0000,0.0000,0.0000,0.0000,Dark,
163.9745,0.0000,0.0000,0.0000,0.0000,NaN,NaN,NaN,NaN,NaN,NaN,0.0000,0.0000,0.0000,0.0000,0.0000,0.0000,Dark,
164.1853,0.0000,0.0000,0.0000,0.0000,NaN,NaN,NaN,NaN,NaN,NaN,0.0000,0.0000,0.0000,0.0000,0.0000,0.0000,Dark,
164.3957,0.0000,0.0000,0.0000,0.0000,NaN,NaN,NaN,NaN,NaN,NaN,0.0000,0.0000,0.0000,0.0000,0.0000,0.0000,Dark,
164.6052,0.0000,0.0000,0.0000,0.0000,NaN,NaN,NaN,NaN,NaN,NaN,0.0000,0.0000,0.0000,0.0000,0.0000,0.0000,Dark,
164.8106,0.0000,0.0000,0.0000,0.0000,NaN,NaN,NaN,NaN,NaN,NaN,0.0000,0.0000,0.0000,0.0000,0.0000,0.0000,Dark,
165.0288,0.0000,0.0000,0.0000,0.0000,NaN,NaN,NaN,NaN,NaN,NaN,0.0000,0.0000,0.0000,0.0000,0.0000,0.0000,Dark,
165.2418,0.0000,0.0000,0.0000,0.0000,NaN,NaN,NaN,NaN,NaN,NaN,0.0000,0.0000,0.0000,0.0000,0.0000,0.0000,Dark,
165.4552,0.0000,0.0000,0.0000,0.0000,NaN,NaN,NaN,NaN,NaN,NaN,0.0000,0.0000,0.0000,0.0000,0.0000,0.0000,Dark,
165.6659,0.0000,0.0000,0.0000,0.0000,NaN,NaN,NaN,NaN,NaN,NaN,0.0000,0.0000,0.0000,0.0000,0.0000,0.0000,Dark,
165.8760,0.0000,0.0000,0.0000,0.0000,NaN,NaN,NaN,NaN,NaN,NaN,0.0000,0.0000,0.0000,0.0000,0.0000,0.0000,Dark,
166.0856,0.0000,0.0000,0.0000,0.0000,NaN,NaN,NaN,NaN,NaN,NaN,0.0000,0.0000,0.0000,0.0000,0.0000,0.0000,Dark,
166.2962,0.0000,0.0000,0.0000,0.0000,NaN,NaN,NaN,NaN,NaN,NaN,0.0000,0.0000,0.0000,0.0000,0.0000,0.0000,Dark,
166.5056,0.0000,0.0000,0.0000,0.0000,NaN,NaN,NaN,NaN,NaN,NaN,0.0000,0.0000,0.0000,0.0000,0.0000,0.0000,Dark,
166.7163,0.0000,0.0000,0.0000,0.0000,NaN,NaN,NaN,NaN,NaN,NaN,0.0000,0.0000,0.0000,0.0000,0.0000,0.0000,Dark,
166.9218,0.0000,0.0000,0.0000,0.0000,NaN,NaN,NaN,NaN,NaN,NaN,0.0000,0.0000,0.0000,0.0000,0.0000,0.0000,Dark,
167.1396,0.0000,0.0000,0.0000,0.0000,NaN,NaN,NaN,NaN,NaN,NaN,0.0000,0.0000,0.0000,0.0000,0.0000,0.0000,Dark,
167.3421,0.0000,0.0000,0.0000,0.0000,NaN,NaN,NaN,NaN,NaN,NaN,0.0000,0.0000,0.0000,0.0000,0.0000,0.0000,Dark,
167.5541,0.0000,0.0000,0.0000,0.0000,NaN,NaN,NaN,NaN,NaN,NaN,0.0000,0.0000,0.0000,0.0000,0.0000,0.0000,Dark,
167.7587,0.0000,0.0000,0.0000,0.0000,NaN,NaN,NaN,NaN,NaN,NaN,0.0000,0.0000,0.0000,0.0000,0.0000,0.0000,Dark,
167.9607,0.0000,0.0000,0.0000,0.0000,NaN,NaN,NaN,NaN,NaN,NaN,0.0000,0.0000,0.0000,0.0000,0.0000,0.0000,Dark,
168.1713,0.0000,0.0000,0.0000,0.0000,NaN,NaN,NaN,NaN,NaN,NaN,0.0000,0.0000,0.0000,0.0000,0.0000,0.0000,Dark,
168.3761,0.0000,0.0000,0.0000,0.0000,NaN,NaN,NaN,NaN,NaN,NaN,0.0000,0.0000,0.0000,0.0000,0.0000,0.0000,Dark,
168.5979,0.0000,0.0000,0.0000,0.0000,NaN,NaN,NaN,NaN,NaN,NaN,0.0000,0.0000,0.0000,0.0000,0.0000,0.0000,Dark,
168.8038,0.0000,0.0000,0.0000,0.0000,NaN,NaN,NaN,NaN,NaN,NaN,0.0000,0.0000,0.0000,0.0000,0.0000,0.0000,Dark,
169.0200,0.0000,0.0000,0.0000,0.0000,NaN,NaN,NaN,NaN,NaN,NaN,0.0000,0.0000,0.0000,0.0000,0.0000,0.0000,Dark,
169.2260,0.0000,0.0000,0.0000,0.0000,NaN,NaN,NaN,NaN,NaN,NaN,0.0000,0.0000,0.0000,0.0000,0.0000,0.0000,Dark,
169.4319,0.0000,0.0000,0.0000,0.0000,NaN,NaN,NaN,NaN,NaN,NaN,0.0000,0.0000,0.0000,0.0000,0.0000,0.0000,Dark,
169.6332,0.0000,0.0000,0.0000,0.0000,NaN,NaN,NaN,NaN,NaN,NaN,0.0000,0.0000,0.0000,0.0000,0.0000,0.0000,Dark,
169.8382,0.0000,0.0000,0.0000,0.0000,NaN,NaN,NaN,NaN,NaN,NaN,0.0000,0.0000,0.0000,0.0000,0.0000,0.0000,Dark,
170.0537,0.0000,0.0000,0.0000,0.0000,NaN,NaN,NaN,NaN,NaN,NaN,0.0000,0.0000,0.0000,0.0000,0.0000,0.0000,Dark,
170.2550,0.0000,0.0000,0.0000,0.0000,NaN,NaN,NaN,NaN,NaN,NaN,0.0000,0.0000,0.0000,0.0000,0.0000,0.0000,Dark,
170.4657,0.0000,0.0000,0.0000,0.0000,NaN,NaN,NaN,NaN,NaN,NaN,0.0000,0.0000,0.0000,0.0000,0.0000,0.0000,Dark,
170.6741,0.0000,0.0000,0.0000,0.0000,NaN,NaN,NaN,NaN,NaN,NaN,0.0000,0.0000,0.0000,0.0000,0.0000,0.0000,Dark,
170.8842,0.0000,0.0000,0.0000,0.0000,NaN,NaN,NaN,NaN,NaN,NaN,0.0000,0.0000,0.0000,0.0000,0.0000,0.0000,Dark,
171.0945,0.0000,0.0000,0.0000,0.0000,NaN,NaN,NaN,NaN,NaN,NaN,0.0000,0.0000,0.0000,0.0000,0.0000,0.0000,Dark,
171.3044,0.0000,0.0000,0.0000,0.0000,NaN,NaN,NaN,NaN,NaN,NaN,0.0000,0.0000,0.0000,0.0000,0.0000,0.0000,Dark,
171.5151,0.0000,0.0000,0.0000,0.0000,NaN,NaN,NaN,NaN,NaN,NaN,0.0000,0.0000,0.0000,0.0000,0.0000,0.0000,Dark,
171.7304,0.0000,0.0000,0.0000,0.0000,NaN,NaN,NaN,NaN,NaN,NaN,0.0000,0.0000,0.0000,0.0000,0.0000,0.0000,Dark,
171.9420,0.0000,0.0000,0.0000,0.0000,NaN,NaN,NaN,NaN,NaN,NaN,0.0000,0.0000,0.0000,0.0000,0.0000,0.0000,Dark,
172.1527,0.0000,0.0000,0.0000,0.0000,NaN,NaN,NaN,NaN,NaN,NaN,0.0000,0.0000,0.0000,0.0000,0.0000,0.0000,Dark,
172.3626,0.0000,0.0000,0.0000,0.0000,NaN,NaN,NaN,NaN,NaN,NaN,0.0000,0.0000,0.0000,0.0000,0.0000,0.0000,Dark,
172.5680,0.0000,0.0000,0.0000,0.0000,NaN,NaN,NaN,NaN,NaN,NaN,0.0000,0.0000,0.0000,0.0000,0.0000,0.0000,Dark,
172.7737,0.0000,0.0000,0.0000,0.0000,NaN,NaN,NaN,NaN,NaN,NaN,0.0000,0.0000,0.0000,0.0000,0.0000,0.0000,Dark,
172.9956,0.0000,0.0000,0.0000,0.0000,NaN,NaN,NaN,NaN,NaN,NaN,0.0000,0.0000,0.0000,0.0000,0.0000,0.0000,Dark,
173.2060,0.0000,0.0000,0.0000,0.0000,NaN,NaN,NaN,NaN,NaN,NaN,0.0000,0.0000,0.0000,0.0000,0.0000,0.0000,Dark,
173.4158,0.0000,0.0000,0.0000,0.0000,NaN,NaN,NaN,NaN,NaN,NaN,0.0000,0.0000,0.0000,0.0000,0.0000,0.0000,Dark,
173.6214,0.0000,0.0000,0.0000,0.0000,NaN,NaN,NaN,NaN,NaN,NaN,0.0000,0.0000,0.0000,0.0000,0.0000,0.0000,Dark,
173.8325,0.0000,0.0000,0.0000,0.0000,NaN,NaN,NaN,NaN,NaN,NaN,0.0000,0.0000,0.0000,0.0000,0.0000,0.0000,Dark,
174.0471,0.0000,0.0000,0.0000,0.0000,NaN,NaN,NaN,NaN,NaN,NaN,0.0000,0.0000,0.0000,0.0000,0.0000,0.0000,Dark,
174.2538,0.0000,0.0000,0.0000,0.0000,NaN,NaN,NaN,NaN,NaN,NaN,0.0000,0.0000,0.0000,0.0000,0.0000,0.0000,Dark,
174.4582,0.0000,0.0000,0.0000,0.0000,NaN,NaN,NaN,NaN,NaN,NaN,0.0000,0.0000,0.0000,0.0000,0.0000,0.0000,Dark,
174.6805,0.0000,0.0000,0.0000,0.0000,NaN,NaN,NaN,NaN,NaN,NaN,0.0000,0.0000,0.0000,0.0000,0.0000,0.0000,Dark,
174.8865,0.0000,0.0000,0.0000,0.0000,NaN,NaN,NaN,NaN,NaN,NaN,0.0000,0.0000,0.0000,0.0000,0.0000,0.0000,Dark,
175.0921,0.0000,0.0000,0.0000,0.0000,NaN,NaN,NaN,NaN,NaN,NaN,0.0000,0.0000,0.0000,0.0000,0.0000,0.0000,Dark,
175.3098,0.0000,0.0000,0.0000,0.0000,NaN,NaN,NaN,NaN,NaN,NaN,0.0000,0.0000,0.0000,0.0000,0.0000,0.0000,Dark,
175.5212,0.0000,0.0000,0.0000,0.0000,NaN,NaN,NaN,NaN,NaN,NaN,0.0000,0.0000,0.0000,0.0000,0.0000,0.0000,Dark,
175.7310,0.0000,0.0000,0.0000,0.0000,NaN,NaN,NaN,NaN,NaN,NaN,0.0000,0.0000,0.0000,0.0000,0.0000,0.0000,Dark,
175.9421,0.0000,0.0000,0.0000,0.0000,NaN,NaN,NaN,NaN,NaN,NaN,0.0000,0.0000,0.0000,0.0000,0.0000,0.0000,Dark,
176.1520,0.0000,0.0000,0.0000,0.0000,NaN,NaN,NaN,NaN,NaN,NaN,0.0000,0.0000,0.0000,0.0000,0.0000,0.0000,Dark,
176.3636,0.0000,0.0000,0.0000,0.0000,NaN,NaN,NaN,NaN,NaN,NaN,0.0000,0.0000,0.0000,0.0000,0.0000,0.0000,Dark,
176.5731,0.0000,0.0000,0.0000,0.0000,NaN,NaN,NaN,NaN,NaN,NaN,0.0000,0.0000,0.0000,0.0000,0.0000,0.0000,Dark,
176.7834,0.0000,0.0000,0.0000,0.0000,NaN,NaN,NaN,NaN,NaN,NaN,0.0000,0.0000,0.0000,0.0000,0.0000,0.0000,Dark,
176.9881,0.0000,0.0000,0.0000,0.0000,NaN,NaN,NaN,NaN,NaN,NaN,0.0000,0.0000,0.0000,0.0000,0.0000,0.0000,Dark,
177.1903,0.0000,0.0000,0.0000,0.0000,NaN,NaN,NaN,NaN,NaN,NaN,0.0000,0.0000,0.0000,0.0000,0.0000,0.0000,Dark,
177.3967,0.0000,0.0000,0.0000,0.0000,NaN,NaN,NaN,NaN,NaN,NaN,0.0000,0.0000,0.0000,0.0000,0.0000,0.0000,Dark,
177.6022,0.0000,0.0000,0.0000,0.0000,NaN,NaN,NaN,NaN,NaN,NaN,0.0000,0.0000,0.0000,0.0000,0.0000,0.0000,Dark,
177.8124,0.0000,0.0000,0.0000,0.0000,NaN,NaN,NaN,NaN,NaN,NaN,0.0000,0.0000,0.0000,0.0000,0.0000,0.0000,Dark,
178.0226,0.0000,0.0000,0.0000,0.0000,NaN,NaN,NaN,NaN,NaN,NaN,0.0000,0.0000,0.0000,0.0000,0.0000,0.0000,Dark,
178.2329,0.0000,0.0000,0.0000,0.0000,NaN,NaN,NaN,NaN,NaN,NaN,0.0000,0.0000,0.0000,0.0000,0.0000,0.0000,Dark,
178.4440,0.0000,0.0000,0.0000,0.0000,NaN,NaN,NaN,NaN,NaN,NaN,0.0000,0.0000,0.0000,0.0000,0.0000,0.0000,Dark,
178.6561,0.0000,0.0000,0.0000,0.0000,NaN,NaN,NaN,NaN,NaN,NaN,0.0000,0.0000,0.0000,0.0000,0.0000,0.0000,Dark,
178.8648,0.0000,0.0000,0.0000,0.0000,NaN,NaN,NaN,NaN,NaN,NaN,0.0000,0.0000,0.0000,0.0000,0.0000,0.0000,Dark,
179.0760,0.0000,0.0000,0.0000,0.0000,NaN,NaN,NaN,NaN,NaN,NaN,0.0000,0.0000,0.0000,0.0000,0.0000,0.0000,Dark,
179.2855,0.0000,0.0000,0.0000,0.0000,NaN,NaN,NaN,NaN,NaN,NaN,0.0000,0.0000,0.0000,0.0000,0.0000,0.0000,Dark,
179.4982,0.0000,0.0000,0.0000,0.0000,NaN,NaN,NaN,NaN,NaN,NaN,0.0000,0.0000,0.0000,0.0000,0.0000,0.0000,Dark,
179.7078,0.0000,0.0000,0.0000,0.0000,NaN,NaN,NaN,NaN,NaN,NaN,0.0000,0.0000,0.0000,0.0000,0.0000,0.0000,Dark,
179.9172,0.0000,0.0000,0.0000,0.0000,NaN,NaN,NaN,NaN,NaN,NaN,0.0000,0.0000,0.0000,0.0000,0.0000,0.0000,Dark,
180.1274,0.0000,0.0000,0.0000,0.0000,NaN,NaN,NaN,NaN,NaN,NaN,0.0000,0.0000,0.0000,0.0000,0.0000,0.0000,Dark,
180.3374,0.0000,0.0000,0.0000,0.0000,NaN,NaN,NaN,NaN,NaN,NaN,0.0000,0.0000,0.0000,0.0000,0.0000,0.0000,Dark,
180.5480,0.0000,0.0000,0.0000,0.0000,NaN,NaN,NaN,NaN,NaN,NaN,0.0000,0.0000,0.0000,0.0000,0.0000,0.0000,Dark,
180.7592,0.0000,0.0000,0.0000,0.0000,NaN,NaN,NaN,NaN,NaN,NaN,0.0000,0.0000,0.0000,0.0000,0.0000,0.0000,Dark,
