Using pre-set license
Built from '2021.3/evg/staging/82bb020e-b03b1330/draft-0' branch; Version is '2021.3.16f1 (4016570cf34f) revision 4200023'; Using compiler version '192829333'; Build Type 'Release'
OS: 'Windows 11  (10.0.26100) 64bit Core' Language: 'en' Physical Memory: 32401 MB
BatchMode: 1, IsHumanControllingUs: 0, StartBugReporterOnCrash: 0, Is64bit: 1, IsPro: 1

COMMAND LINE ARGUMENTS:
D:\Programs\Unity Editor\2021.3.16f1\Editor\Unity.exe
-adb2
-batchMode
-noUpm
-name
AssetImportWorker0
-projectPath
D:/Student Projects/VRS-Studio/VRS_Studio
-logFile
Logs/AssetImportWorker0.log
-srvPort
58729
Successfully changed project path to: D:/Student Projects/VRS-Studio/VRS_Studio
D:/Student Projects/VRS-Studio/VRS_Studio
[UnityMemory] Configuration Parameters - Can be set up in boot.config
    "memorysetup-bucket-allocator-granularity=16"
    "memorysetup-bucket-allocator-bucket-count=8"
    "memorysetup-bucket-allocator-block-size=33554432"
    "memorysetup-bucket-allocator-block-count=8"
    "memorysetup-main-allocator-block-size=16777216"
    "memorysetup-thread-allocator-block-size=16777216"
    "memorysetup-gfx-main-allocator-block-size=16777216"
    "memorysetup-gfx-thread-allocator-block-size=16777216"
    "memorysetup-cache-allocator-block-size=4194304"
    "memorysetup-typetree-allocator-block-size=2097152"
    "memorysetup-profiler-bucket-allocator-granularity=16"
    "memorysetup-profiler-bucket-allocator-bucket-count=8"
    "memorysetup-profiler-bucket-allocator-block-size=33554432"
    "memorysetup-profiler-bucket-allocator-block-count=8"
    "memorysetup-profiler-allocator-block-size=16777216"
    "memorysetup-profiler-editor-allocator-block-size=1048576"
    "memorysetup-temp-allocator-size-main=16777216"
    "memorysetup-job-temp-allocator-block-size=2097152"
    "memorysetup-job-temp-allocator-block-size-background=1048576"
    "memorysetup-job-temp-allocator-reduction-small-platforms=262144"
    "memorysetup-temp-allocator-size-background-worker=32768"
    "memorysetup-temp-allocator-size-job-worker=262144"
    "memorysetup-temp-allocator-size-preload-manager=33554432"
    "memorysetup-temp-allocator-size-nav-mesh-worker=65536"
    "memorysetup-temp-allocator-size-audio-worker=65536"
    "memorysetup-temp-allocator-size-cloud-worker=32768"
    "memorysetup-temp-allocator-size-gi-baking-worker=262144"
    "memorysetup-temp-allocator-size-gfx=262144"
Player connection [21192] Host "[IP] 192.168.1.152 [Port] 0 [Flags] 2 [Guid] 3602575204 [EditorId] 3602575204 [Version] 1048832 [Id] WindowsEditor(7,HUBPC) [Debug] 1 [PackageName] WindowsEditor [ProjectName] Editor" joined multi-casting on [225.0.0.222:54997]...

Player connection [21192] Host "[IP] 192.168.1.152 [Port] 0 [Flags] 2 [Guid] 3602575204 [EditorId] 3602575204 [Version] 1048832 [Id] WindowsEditor(7,HUBPC) [Debug] 1 [PackageName] WindowsEditor [ProjectName] Editor" joined alternative multi-casting on [225.0.0.222:34997]...

Refreshing native plugins compatible for Editor in 23.64 ms, found 12 plugins.
Preloading 1 native plugins for Editor in 1.99 ms.
Initialize engine version: 2021.3.16f1 (4016570cf34f)
[Subsystems] Discovering subsystems at path D:/Programs/Unity Editor/2021.3.16f1/Editor/Data/Resources/UnitySubsystems
[Subsystems] Discovering subsystems at path D:/Student Projects/VRS-Studio/VRS_Studio/Assets
GfxDevice: creating device client; threaded=0; jobified=0
Direct3D:
    Version:  Direct3D 11.0 [level 11.1]
    Renderer: NVIDIA GeForce RTX 4070 Ti SUPER (ID=0x2705)
    Vendor:   NVIDIA
    VRAM:     16063 MB
    Driver:   32.0.15.8132
Initialize mono
Mono path[0] = 'D:/Programs/Unity Editor/2021.3.16f1/Editor/Data/Managed'
Mono path[1] = 'D:/Programs/Unity Editor/2021.3.16f1/Editor/Data/MonoBleedingEdge/lib/mono/unityjit-win32'
Mono config path = 'D:/Programs/Unity Editor/2021.3.16f1/Editor/Data/MonoBleedingEdge/etc'
Using monoOptions --debugger-agent=transport=dt_socket,embedding=1,server=y,suspend=n,address=127.0.0.1:56556
Begin MonoManager ReloadAssembly
Registering precompiled unity dll's ...
Register platform support module: D:/Programs/Unity Editor/2021.3.16f1/Editor/Data/PlaybackEngines/AndroidPlayer/UnityEditor.Android.Extensions.dll
Register platform support module: D:/Programs/Unity Editor/2021.3.16f1/Editor/Data/PlaybackEngines/WindowsStandaloneSupport/UnityEditor.WindowsStandalone.Extensions.dll
Registered in 0.001212 seconds.
Native extension for WindowsStandalone target not found
Native extension for Android target not found
Refreshing native plugins compatible for Editor in 19.69 ms, found 12 plugins.
Preloading 1 native plugins for Editor in 0.08 ms.
Mono: successfully reloaded assembly
- Completed reload, in  0.328 seconds
Domain Reload Profiling:
	ReloadAssembly (328ms)
		BeginReloadAssembly (40ms)
			ExecutionOrderSort (0ms)
			DisableScriptedObjects (0ms)
			BackupInstance (0ms)
			ReleaseScriptingObjects (0ms)
			CreateAndSetChildDomain (0ms)
		EndReloadAssembly (228ms)
			LoadAssemblies (40ms)
			RebuildTransferFunctionScriptingTraits (0ms)
			SetupTypeCache (60ms)
			ReleaseScriptCaches (0ms)
			RebuildScriptCaches (14ms)
			SetupLoadedEditorAssemblies (127ms)
				LogAssemblyErrors (0ms)
				InitializePlatformSupportModulesInManaged (31ms)
				SetLoadedEditorAssemblies (0ms)
				RefreshPlugins (20ms)
				BeforeProcessingInitializeOnLoad (1ms)
				ProcessInitializeOnLoadAttributes (51ms)
				ProcessInitializeOnLoadMethodAttributes (25ms)
				AfterProcessingInitializeOnLoad (0ms)
				EditorAssembliesLoaded (0ms)
			ExecutionOrderSort2 (0ms)
			AwakeInstancesAfterBackupRestoration (0ms)
Platform modules already initialized, skipping
Registering precompiled user dll's ...
Registered in 0.001458 seconds.
Begin MonoManager ReloadAssembly
Native extension for WindowsStandalone target not found
Native extension for Android target not found
Refreshing native plugins compatible for Editor in 0.47 ms, found 12 plugins.
Preloading 1 native plugins for Editor in 0.05 ms.
Package Manager log level set to [2]
PackageInfo()
UnityEngine.StackTraceUtility:ExtractStackTrace ()
UnityEngine.DebugLogHandler:LogFormat (UnityEngine.LogType,UnityEngine.Object,string,object[])
UnityEngine.Logger:Log (UnityEngine.LogType,object)
UnityEngine.Debug:Log (object)
Wave.Essence.Editor.PackageInfo:.cctor () (at Library/PackageCache/com.htc.upm.wave.essence@59208443d6/Editor/EssenceSettingsProvider.cs:1256)
System.Runtime.CompilerServices.RuntimeHelpers:RunClassConstructor (System.RuntimeTypeHandle)
UnityEditor.EditorAssemblies:ProcessInitializeOnLoadAttributes (System.Type[])

(Filename: Library/PackageCache/com.htc.upm.wave.essence@59208443d6/Editor/EssenceSettingsProvider.cs Line: 1256)

Mono: successfully reloaded assembly
- Completed reload, in  0.509 seconds
Domain Reload Profiling:
	ReloadAssembly (510ms)
		BeginReloadAssembly (163ms)
			ExecutionOrderSort (0ms)
			DisableScriptedObjects (3ms)
			BackupInstance (0ms)
			ReleaseScriptingObjects (0ms)
			CreateAndSetChildDomain (116ms)
		EndReloadAssembly (286ms)
			LoadAssemblies (36ms)
			RebuildTransferFunctionScriptingTraits (0ms)
			SetupTypeCache (84ms)
			ReleaseScriptCaches (0ms)
			RebuildScriptCaches (28ms)
			SetupLoadedEditorAssemblies (117ms)
				LogAssemblyErrors (0ms)
				InitializePlatformSupportModulesInManaged (7ms)
				SetLoadedEditorAssemblies (0ms)
				RefreshPlugins (1ms)
				BeforeProcessingInitializeOnLoad (27ms)
				ProcessInitializeOnLoadAttributes (71ms)
				ProcessInitializeOnLoadMethodAttributes (10ms)
				AfterProcessingInitializeOnLoad (1ms)
				EditorAssembliesLoaded (0ms)
			ExecutionOrderSort2 (0ms)
			AwakeInstancesAfterBackupRestoration (3ms)
Platform modules already initialized, skipping
========================================================================
Worker process is ready to serve import requests
Launched and connected shader compiler UnityShaderCompiler.exe after 0.03 seconds
Refreshing native plugins compatible for Editor in 0.40 ms, found 12 plugins.
Preloading 1 native plugins for Editor in 0.04 ms.
Unloading 1851 Unused Serialized files (Serialized files now loaded: 0)
Unloading 46 unused Assets / (58.2 KB). Loaded Objects now: 2299.
Memory consumption went from 87.1 MB to 87.0 MB.
Total: 1.668900 ms (FindLiveObjects: 0.081500 ms CreateObjectMapping: 0.024300 ms MarkObjects: 1.505700 ms  DeleteObjects: 0.056700 ms)

AssetImportParameters requested are different than current active one (requested -> active):
  custom:video-decoder-ogg-theora: a1e56fd34408186e4bbccfd4996cb3dc -> 
  custom:container-muxer-webm: aa71ff27fc2769a1b78a27578f13a17b -> 
  custom:container-demuxer-webm: 4f35f7cbe854078d1ac9338744f61a02 -> 
  custom:video-encoder-webm-vp8: eb34c28f22e8b96e1ab97ce403110664 -> 
  custom:video-codec-MediaFoundation-h265: 746d11721c4dcdbdad8f713fa42b33f4 -> 
  custom:audio-encoder-webm-vorbis: bf7c407c2cedff20999df2af8eb42d56 -> 
  custom:framework-win-MediaFoundation: 216162199b28c13a410421893ffa2e32 -> 
  custom:container-demuxer-ogg: 62fdf1f143b41e24485cea50d1cbac27 -> 
  custom:video-decoder-webm-vp8: 9c59270c3fd7afecdb556c50c9e8de78 -> 
  custom:audio-decoder-ogg-vorbis: bf7c407c2cedff20999df2af8eb42d56 -> 
========================================================================
Received Import Request.
  Time since last request: 25777.209125 seconds.
  path: Assets/ThirdParty
  artifactKey: Guid(1079e80e3b34e3940bbd6c9d430ff549) Importer(815301076,1909f56bfc062723c751e8b465ee728b)
Start importing Assets/ThirdParty using Guid(1079e80e3b34e3940bbd6c9d430ff549) Importer(815301076,1909f56bfc062723c751e8b465ee728b)  -> (artifact id: 'ddac9ff52537e1e38956e99d61e53d51') in 0.031207 seconds 
========================================================================
Received Import Request.
  Time since last request: 1.320292 seconds.
  path: Assets/ThirdParty/SpeechSDK
  artifactKey: Guid(e270f6a00df674c4d8b7e1670e43cac4) Importer(815301076,1909f56bfc062723c751e8b465ee728b)
Start importing Assets/ThirdParty/SpeechSDK using Guid(e270f6a00df674c4d8b7e1670e43cac4) Importer(815301076,1909f56bfc062723c751e8b465ee728b)  -> (artifact id: '92be087ac83eafe369fd8833aca2d7c4') in 0.009511 seconds 
========================================================================
Received Import Request.
  Time since last request: 0.704304 seconds.
  path: Assets/ThirdParty/FancyScrollView
  artifactKey: Guid(3c5a875110161a34b9b79d06dc6108d4) Importer(815301076,1909f56bfc062723c751e8b465ee728b)
Start importing Assets/ThirdParty/FancyScrollView using Guid(3c5a875110161a34b9b79d06dc6108d4) Importer(815301076,1909f56bfc062723c751e8b465ee728b)  -> (artifact id: 'f92daebc3a2b16e8dc14d7a33bf42191') in 0.010273 seconds 
========================================================================
Received Prepare
Registering precompiled user dll's ...
Registered in 0.000701 seconds.
ArgumentException: An item with the same key has already been added. Key: 00000000000000000000000000000000
  at System.Collections.Generic.Dictionary`2[TKey,TValue].TryInsert (TKey key, TValue value, System.Collections.Generic.InsertionBehavior behavior) [0x0015a] in <75633565436c42f0a6426b33f0132ade>:0 
  at System.Collections.Generic.Dictionary`2[TKey,TValue].Add (TKey key, TValue value) [0x00000] in <75633565436c42f0a6426b33f0132ade>:0 
  at System.Linq.Enumerable.ToDictionary[TSource,TKey] (TSource[] source, System.Func`2[T,TResult] keySelector, System.Collections.Generic.IEqualityComparer`1[T] comparer) [0x0001c] in <1c318258bf0843289b0e2cbe692fee39>:0 
  at System.Linq.Enumerable.ToDictionary[TSource,TKey] (System.Collections.Generic.IEnumerable`1[T] source, System.Func`2[T,TResult] keySelector, System.Collections.Generic.IEqualityComparer`1[T] comparer) [0x00043] in <1c318258bf0843289b0e2cbe692fee39>:0 
  at System.Linq.Enumerable.ToDictionary[TSource,TKey] (System.Collections.Generic.IEnumerable`1[T] source, System.Func`2[T,TResult] keySelector) [0x00000] in <1c318258bf0843289b0e2cbe692fee39>:0 
  at UnityEditor.Scripting.ScriptCompilation.LoadingAssemblyDefinition.SetAllCustomScriptAssemblyReferenceJsonsContents (System.String[] paths, System.String[] contents) [0x00172] in <11d97693183d4a6bb35c29ae7882c66b>:0 
UnityEngine.DebugLogHandler:Internal_LogException(Exception, Object)
UnityEngine.DebugLogHandler:LogException(Exception, Object)
UnityEngine.Logger:LogException(Exception, Object)
UnityEngine.Debug:LogException(Exception)
UnityEditor.Scripting.ScriptCompilation.EditorCompilationInterface:LogException(Exception)
UnityEditor.Scripting.ScriptCompilation.EditorCompilationInterface:EmitExceptionsAsErrors(Exception[])
UnityEditor.Scripting.ScriptCompilation.EditorCompilationInterface:SetAllCustomScriptAssemblyReferenceJsons(String[], String[])

ArgumentException: An item with the same key has already been added. Key: 00000000000000000000000000000000
  at System.Collections.Generic.Dictionary`2[TKey,TValue].TryInsert (TKey key, TValue value, System.Collections.Generic.InsertionBehavior behavior) [0x0015a] in <75633565436c42f0a6426b33f0132ade>:0 
  at System.Collections.Generic.Dictionary`2[TKey,TValue].Add (TKey key, TValue value) [0x00000] in <75633565436c42f0a6426b33f0132ade>:0 
  at System.Linq.Enumerable.ToDictionary[TSource,TKey] (TSource[] source, System.Func`2[T,TResult] keySelector, System.Collections.Generic.IEqualityComparer`1[T] comparer) [0x0001c] in <1c318258bf0843289b0e2cbe692fee39>:0 
  at System.Linq.Enumerable.ToDictionary[TSource,TKey] (System.Collections.Generic.IEnumerable`1[T] source, System.Func`2[T,TResult] keySelector, System.Collections.Generic.IEqualityComparer`1[T] comparer) [0x00043] in <1c318258bf0843289b0e2cbe692fee39>:0 
  at System.Linq.Enumerable.ToDictionary[TSource,TKey] (System.Collections.Generic.IEnumerable`1[T] source, System.Func`2[T,TResult] keySelector) [0x00000] in <1c318258bf0843289b0e2cbe692fee39>:0 
  at UnityEditor.Scripting.ScriptCompilation.LoadingAssemblyDefinition.SetAllCustomScriptAssemblyReferenceJsonsContents (System.String[] paths, System.String[] contents) [0x00172] in <11d97693183d4a6bb35c29ae7882c66b>:0 
UnityEngine.DebugLogHandler:Internal_LogException(Exception, Object)
UnityEngine.DebugLogHandler:LogException(Exception, Object)
UnityEngine.Logger:LogException(Exception, Object)
UnityEngine.Debug:LogException(Exception)
UnityEditor.Scripting.ScriptCompilation.EditorCompilationInterface:LogException(Exception)
UnityEditor.Scripting.ScriptCompilation.EditorCompilationInterface:EmitExceptionsAsErrors(Exception[])
UnityEditor.Scripting.ScriptCompilation.EditorCompilationInterface:SetAllCustomScriptAssemblyReferenceJsons(String[], String[])

Begin MonoManager ReloadAssembly
Native extension for WindowsStandalone target not found
Native extension for Android target not found
Refreshing native plugins compatible for Editor in 0.32 ms, found 7 plugins.
Preloading 1 native plugins for Editor in 0.05 ms.
ArgumentException: An item with the same key has already been added. Key: 00000000000000000000000000000000
  at System.Collections.Generic.Dictionary`2[TKey,TValue].TryInsert (TKey key, TValue value, System.Collections.Generic.InsertionBehavior behavior) [0x0015a] in <75633565436c42f0a6426b33f0132ade>:0 
  at System.Collections.Generic.Dictionary`2[TKey,TValue].Add (TKey key, TValue value) [0x00000] in <75633565436c42f0a6426b33f0132ade>:0 
  at System.Linq.Enumerable.ToDictionary[TSource,TKey] (TSource[] source, System.Func`2[T,TResult] keySelector, System.Collections.Generic.IEqualityComparer`1[T] comparer) [0x0001c] in <1c318258bf0843289b0e2cbe692fee39>:0 
  at System.Linq.Enumerable.ToDictionary[TSource,TKey] (System.Collections.Generic.IEnumerable`1[T] source, System.Func`2[T,TResult] keySelector, System.Collections.Generic.IEqualityComparer`1[T] comparer) [0x00043] in <1c318258bf0843289b0e2cbe692fee39>:0 
  at System.Linq.Enumerable.ToDictionary[TSource,TKey] (System.Collections.Generic.IEnumerable`1[T] source, System.Func`2[T,TResult] keySelector) [0x00000] in <1c318258bf0843289b0e2cbe692fee39>:0 
  at UnityEditor.Scripting.ScriptCompilation.LoadingAssemblyDefinition.SetAllCustomScriptAssemblyReferenceJsonsContents (System.String[] paths, System.String[] contents) [0x00172] in <11d97693183d4a6bb35c29ae7882c66b>:0 
UnityEngine.DebugLogHandler:Internal_LogException(Exception, Object)
UnityEngine.DebugLogHandler:LogException(Exception, Object)
UnityEngine.Logger:LogException(Exception, Object)
UnityEngine.Debug:LogException(Exception)
UnityEditor.Scripting.ScriptCompilation.EditorCompilationInterface:LogException(Exception)
UnityEditor.Scripting.ScriptCompilation.EditorCompilationInterface:EmitExceptionsAsErrors(Exception[])
UnityEditor.Scripting.ScriptCompilation.EditorCompilationInterface:SetAllCustomScriptAssemblyReferenceJsons(String[], String[])

PackageInfo()
UnityEngine.StackTraceUtility:ExtractStackTrace ()
UnityEngine.DebugLogHandler:LogFormat (UnityEngine.LogType,UnityEngine.Object,string,object[])
UnityEngine.Logger:Log (UnityEngine.LogType,object)
UnityEngine.Debug:Log (object)
Wave.Essence.Editor.PackageInfo:.cctor () (at Library/PackageCache/com.htc.upm.wave.essence@59208443d6/Editor/EssenceSettingsProvider.cs:1256)
System.Runtime.CompilerServices.RuntimeHelpers:RunClassConstructor (System.RuntimeTypeHandle)
UnityEditor.EditorAssemblies:ProcessInitializeOnLoadAttributes (System.Type[])

(Filename: Library/PackageCache/com.htc.upm.wave.essence@59208443d6/Editor/EssenceSettingsProvider.cs Line: 1256)

Mono: successfully reloaded assembly
- Completed reload, in  0.408 seconds
Domain Reload Profiling:
	ReloadAssembly (408ms)
		BeginReloadAssembly (66ms)
			ExecutionOrderSort (0ms)
			DisableScriptedObjects (2ms)
			BackupInstance (0ms)
			ReleaseScriptingObjects (0ms)
			CreateAndSetChildDomain (14ms)
		EndReloadAssembly (291ms)
			LoadAssemblies (38ms)
			RebuildTransferFunctionScriptingTraits (0ms)
			SetupTypeCache (85ms)
			ReleaseScriptCaches (0ms)
			RebuildScriptCaches (17ms)
			SetupLoadedEditorAssemblies (131ms)
				LogAssemblyErrors (0ms)
				InitializePlatformSupportModulesInManaged (11ms)
				SetLoadedEditorAssemblies (0ms)
				RefreshPlugins (0ms)
				BeforeProcessingInitializeOnLoad (40ms)
				ProcessInitializeOnLoadAttributes (67ms)
				ProcessInitializeOnLoadMethodAttributes (10ms)
				AfterProcessingInitializeOnLoad (2ms)
				EditorAssembliesLoaded (0ms)
			ExecutionOrderSort2 (0ms)
			AwakeInstancesAfterBackupRestoration (3ms)
Platform modules already initialized, skipping
Refreshing native plugins compatible for Editor in 0.69 ms, found 7 plugins.
Preloading 1 native plugins for Editor in 0.04 ms.
Unloading 1744 Unused Serialized files (Serialized files now loaded: 0)
Unloading 35 unused Assets / (24.7 KB). Loaded Objects now: 2280.
Memory consumption went from 81.8 MB to 81.8 MB.
Total: 1.793600 ms (FindLiveObjects: 0.076200 ms CreateObjectMapping: 0.021800 ms MarkObjects: 1.677700 ms  DeleteObjects: 0.017400 ms)

AssetImportParameters requested are different than current active one (requested -> active):
  custom:video-decoder-ogg-theora: a1e56fd34408186e4bbccfd4996cb3dc -> 
  custom:container-muxer-webm: aa71ff27fc2769a1b78a27578f13a17b -> 
  custom:container-demuxer-webm: 4f35f7cbe854078d1ac9338744f61a02 -> 
  custom:video-encoder-webm-vp8: eb34c28f22e8b96e1ab97ce403110664 -> 
  custom:video-codec-MediaFoundation-h265: 746d11721c4dcdbdad8f713fa42b33f4 -> 
  custom:audio-encoder-webm-vorbis: bf7c407c2cedff20999df2af8eb42d56 -> 
  custom:framework-win-MediaFoundation: 216162199b28c13a410421893ffa2e32 -> 
  custom:container-demuxer-ogg: 62fdf1f143b41e24485cea50d1cbac27 -> 
  custom:video-decoder-webm-vp8: 9c59270c3fd7afecdb556c50c9e8de78 -> 
  custom:audio-decoder-ogg-vorbis: bf7c407c2cedff20999df2af8eb42d56 -> 
========================================================================
Received Import Request.
  Time since last request: 99.970690 seconds.
  path: Assets/Scenes/PupilRecording.unity
  artifactKey: Guid(3ec1728e3ebd6d14581c1324f44e3e6f) Importer(815301076,1909f56bfc062723c751e8b465ee728b)
Start importing Assets/Scenes/PupilRecording.unity using Guid(3ec1728e3ebd6d14581c1324f44e3e6f) Importer(815301076,1909f56bfc062723c751e8b465ee728b)  -> (artifact id: '7ba6fe2a7024d481557e772e267208ff') in 0.012518 seconds 
========================================================================
Received Prepare
Refreshing native plugins compatible for Editor in 1.32 ms, found 7 plugins.
Preloading 1 native plugins for Editor in 0.04 ms.
Unloading 12 Unused Serialized files (Serialized files now loaded: 0)
Unloading 12 unused Assets / (22.1 KB). Loaded Objects now: 2280.
Memory consumption went from 46.4 MB to 46.4 MB.
Total: 2.051900 ms (FindLiveObjects: 0.085800 ms CreateObjectMapping: 0.022300 ms MarkObjects: 1.931800 ms  DeleteObjects: 0.011300 ms)

AssetImportParameters requested are different than current active one (requested -> active):
  custom:video-decoder-ogg-theora: a1e56fd34408186e4bbccfd4996cb3dc -> 
  custom:container-muxer-webm: aa71ff27fc2769a1b78a27578f13a17b -> 
  custom:container-demuxer-webm: 4f35f7cbe854078d1ac9338744f61a02 -> 
  custom:video-encoder-webm-vp8: eb34c28f22e8b96e1ab97ce403110664 -> 
  custom:video-codec-MediaFoundation-h265: 746d11721c4dcdbdad8f713fa42b33f4 -> 
  custom:audio-encoder-webm-vorbis: bf7c407c2cedff20999df2af8eb42d56 -> 
  custom:framework-win-MediaFoundation: 216162199b28c13a410421893ffa2e32 -> 
  custom:container-demuxer-ogg: 62fdf1f143b41e24485cea50d1cbac27 -> 
  custom:video-decoder-webm-vp8: 9c59270c3fd7afecdb556c50c9e8de78 -> 
  custom:audio-decoder-ogg-vorbis: bf7c407c2cedff20999df2af8eb42d56 -> 
========================================================================
Received Prepare
Refreshing native plugins compatible for Editor in 1.13 ms, found 7 plugins.
Preloading 1 native plugins for Editor in 0.04 ms.
Unloading 12 Unused Serialized files (Serialized files now loaded: 0)
Unloading 12 unused Assets / (22.0 KB). Loaded Objects now: 2280.
Memory consumption went from 46.4 MB to 46.4 MB.
Total: 1.452700 ms (FindLiveObjects: 0.111500 ms CreateObjectMapping: 0.021100 ms MarkObjects: 1.307600 ms  DeleteObjects: 0.010800 ms)

AssetImportParameters requested are different than current active one (requested -> active):
  custom:video-decoder-ogg-theora: a1e56fd34408186e4bbccfd4996cb3dc -> 
  custom:container-muxer-webm: aa71ff27fc2769a1b78a27578f13a17b -> 
  custom:container-demuxer-webm: 4f35f7cbe854078d1ac9338744f61a02 -> 
  custom:video-encoder-webm-vp8: eb34c28f22e8b96e1ab97ce403110664 -> 
  custom:video-codec-MediaFoundation-h265: 746d11721c4dcdbdad8f713fa42b33f4 -> 
  custom:audio-encoder-webm-vorbis: bf7c407c2cedff20999df2af8eb42d56 -> 
  custom:framework-win-MediaFoundation: 216162199b28c13a410421893ffa2e32 -> 
  custom:container-demuxer-ogg: 62fdf1f143b41e24485cea50d1cbac27 -> 
  custom:video-decoder-webm-vp8: 9c59270c3fd7afecdb556c50c9e8de78 -> 
  custom:audio-decoder-ogg-vorbis: bf7c407c2cedff20999df2af8eb42d56 -> 
========================================================================
Received Prepare
Registering precompiled user dll's ...
Registered in 0.000878 seconds.
ArgumentException: An item with the same key has already been added. Key: 00000000000000000000000000000000
  at System.Collections.Generic.Dictionary`2[TKey,TValue].TryInsert (TKey key, TValue value, System.Collections.Generic.InsertionBehavior behavior) [0x0015a] in <75633565436c42f0a6426b33f0132ade>:0 
  at System.Collections.Generic.Dictionary`2[TKey,TValue].Add (TKey key, TValue value) [0x00000] in <75633565436c42f0a6426b33f0132ade>:0 
  at System.Linq.Enumerable.ToDictionary[TSource,TKey] (TSource[] source, System.Func`2[T,TResult] keySelector, System.Collections.Generic.IEqualityComparer`1[T] comparer) [0x0001c] in <1c318258bf0843289b0e2cbe692fee39>:0 
  at System.Linq.Enumerable.ToDictionary[TSource,TKey] (System.Collections.Generic.IEnumerable`1[T] source, System.Func`2[T,TResult] keySelector, System.Collections.Generic.IEqualityComparer`1[T] comparer) [0x00043] in <1c318258bf0843289b0e2cbe692fee39>:0 
  at System.Linq.Enumerable.ToDictionary[TSource,TKey] (System.Collections.Generic.IEnumerable`1[T] source, System.Func`2[T,TResult] keySelector) [0x00000] in <1c318258bf0843289b0e2cbe692fee39>:0 
  at UnityEditor.Scripting.ScriptCompilation.LoadingAssemblyDefinition.SetAllCustomScriptAssemblyReferenceJsonsContents (System.String[] paths, System.String[] contents) [0x00172] in <11d97693183d4a6bb35c29ae7882c66b>:0 
UnityEngine.DebugLogHandler:Internal_LogException(Exception, Object)
UnityEngine.DebugLogHandler:LogException(Exception, Object)
UnityEngine.Logger:LogException(Exception, Object)
UnityEngine.Debug:LogException(Exception)
UnityEditor.Scripting.ScriptCompilation.EditorCompilationInterface:LogException(Exception)
UnityEditor.Scripting.ScriptCompilation.EditorCompilationInterface:EmitExceptionsAsErrors(Exception[])
UnityEditor.Scripting.ScriptCompilation.EditorCompilationInterface:SetAllCustomScriptAssemblyReferenceJsons(String[], String[])

ArgumentException: An item with the same key has already been added. Key: 00000000000000000000000000000000
  at System.Collections.Generic.Dictionary`2[TKey,TValue].TryInsert (TKey key, TValue value, System.Collections.Generic.InsertionBehavior behavior) [0x0015a] in <75633565436c42f0a6426b33f0132ade>:0 
  at System.Collections.Generic.Dictionary`2[TKey,TValue].Add (TKey key, TValue value) [0x00000] in <75633565436c42f0a6426b33f0132ade>:0 
  at System.Linq.Enumerable.ToDictionary[TSource,TKey] (TSource[] source, System.Func`2[T,TResult] keySelector, System.Collections.Generic.IEqualityComparer`1[T] comparer) [0x0001c] in <1c318258bf0843289b0e2cbe692fee39>:0 
  at System.Linq.Enumerable.ToDictionary[TSource,TKey] (System.Collections.Generic.IEnumerable`1[T] source, System.Func`2[T,TResult] keySelector, System.Collections.Generic.IEqualityComparer`1[T] comparer) [0x00043] in <1c318258bf0843289b0e2cbe692fee39>:0 
  at System.Linq.Enumerable.ToDictionary[TSource,TKey] (System.Collections.Generic.IEnumerable`1[T] source, System.Func`2[T,TResult] keySelector) [0x00000] in <1c318258bf0843289b0e2cbe692fee39>:0 
  at UnityEditor.Scripting.ScriptCompilation.LoadingAssemblyDefinition.SetAllCustomScriptAssemblyReferenceJsonsContents (System.String[] paths, System.String[] contents) [0x00172] in <11d97693183d4a6bb35c29ae7882c66b>:0 
UnityEngine.DebugLogHandler:Internal_LogException(Exception, Object)
UnityEngine.DebugLogHandler:LogException(Exception, Object)
UnityEngine.Logger:LogException(Exception, Object)
UnityEngine.Debug:LogException(Exception)
UnityEditor.Scripting.ScriptCompilation.EditorCompilationInterface:LogException(Exception)
UnityEditor.Scripting.ScriptCompilation.EditorCompilationInterface:EmitExceptionsAsErrors(Exception[])
UnityEditor.Scripting.ScriptCompilation.EditorCompilationInterface:SetAllCustomScriptAssemblyReferenceJsons(String[], String[])

Begin MonoManager ReloadAssembly
Native extension for WindowsStandalone target not found
Native extension for Android target not found
Refreshing native plugins compatible for Editor in 0.30 ms, found 7 plugins.
Preloading 1 native plugins for Editor in 0.04 ms.
ArgumentException: An item with the same key has already been added. Key: 00000000000000000000000000000000
  at System.Collections.Generic.Dictionary`2[TKey,TValue].TryInsert (TKey key, TValue value, System.Collections.Generic.InsertionBehavior behavior) [0x0015a] in <75633565436c42f0a6426b33f0132ade>:0 
  at System.Collections.Generic.Dictionary`2[TKey,TValue].Add (TKey key, TValue value) [0x00000] in <75633565436c42f0a6426b33f0132ade>:0 
  at System.Linq.Enumerable.ToDictionary[TSource,TKey] (TSource[] source, System.Func`2[T,TResult] keySelector, System.Collections.Generic.IEqualityComparer`1[T] comparer) [0x0001c] in <1c318258bf0843289b0e2cbe692fee39>:0 
  at System.Linq.Enumerable.ToDictionary[TSource,TKey] (System.Collections.Generic.IEnumerable`1[T] source, System.Func`2[T,TResult] keySelector, System.Collections.Generic.IEqualityComparer`1[T] comparer) [0x00043] in <1c318258bf0843289b0e2cbe692fee39>:0 
  at System.Linq.Enumerable.ToDictionary[TSource,TKey] (System.Collections.Generic.IEnumerable`1[T] source, System.Func`2[T,TResult] keySelector) [0x00000] in <1c318258bf0843289b0e2cbe692fee39>:0 
  at UnityEditor.Scripting.ScriptCompilation.LoadingAssemblyDefinition.SetAllCustomScriptAssemblyReferenceJsonsContents (System.String[] paths, System.String[] contents) [0x00172] in <11d97693183d4a6bb35c29ae7882c66b>:0 
UnityEngine.DebugLogHandler:Internal_LogException(Exception, Object)
UnityEngine.DebugLogHandler:LogException(Exception, Object)
UnityEngine.Logger:LogException(Exception, Object)
UnityEngine.Debug:LogException(Exception)
UnityEditor.Scripting.ScriptCompilation.EditorCompilationInterface:LogException(Exception)
UnityEditor.Scripting.ScriptCompilation.EditorCompilationInterface:EmitExceptionsAsErrors(Exception[])
UnityEditor.Scripting.ScriptCompilation.EditorCompilationInterface:SetAllCustomScriptAssemblyReferenceJsons(String[], String[])

PackageInfo()
UnityEngine.StackTraceUtility:ExtractStackTrace ()
UnityEngine.DebugLogHandler:LogFormat (UnityEngine.LogType,UnityEngine.Object,string,object[])
UnityEngine.Logger:Log (UnityEngine.LogType,object)
UnityEngine.Debug:Log (object)
Wave.Essence.Editor.PackageInfo:.cctor () (at Library/PackageCache/com.htc.upm.wave.essence@59208443d6/Editor/EssenceSettingsProvider.cs:1256)
System.Runtime.CompilerServices.RuntimeHelpers:RunClassConstructor (System.RuntimeTypeHandle)
UnityEditor.EditorAssemblies:ProcessInitializeOnLoadAttributes (System.Type[])

(Filename: Library/PackageCache/com.htc.upm.wave.essence@59208443d6/Editor/EssenceSettingsProvider.cs Line: 1256)

Mono: successfully reloaded assembly
- Completed reload, in  0.398 seconds
Domain Reload Profiling:
	ReloadAssembly (398ms)
		BeginReloadAssembly (65ms)
			ExecutionOrderSort (0ms)
			DisableScriptedObjects (2ms)
			BackupInstance (0ms)
			ReleaseScriptingObjects (0ms)
			CreateAndSetChildDomain (14ms)
		EndReloadAssembly (283ms)
			LoadAssemblies (37ms)
			RebuildTransferFunctionScriptingTraits (0ms)
			SetupTypeCache (81ms)
			ReleaseScriptCaches (0ms)
			RebuildScriptCaches (18ms)
			SetupLoadedEditorAssemblies (128ms)
				LogAssemblyErrors (0ms)
				InitializePlatformSupportModulesInManaged (10ms)
				SetLoadedEditorAssemblies (0ms)
				RefreshPlugins (0ms)
				BeforeProcessingInitializeOnLoad (38ms)
				ProcessInitializeOnLoadAttributes (67ms)
				ProcessInitializeOnLoadMethodAttributes (10ms)
				AfterProcessingInitializeOnLoad (1ms)
				EditorAssembliesLoaded (0ms)
			ExecutionOrderSort2 (0ms)
			AwakeInstancesAfterBackupRestoration (3ms)
Platform modules already initialized, skipping
Refreshing native plugins compatible for Editor in 0.71 ms, found 7 plugins.
Preloading 1 native plugins for Editor in 0.04 ms.
Unloading 1744 Unused Serialized files (Serialized files now loaded: 0)
Unloading 12 unused Assets / (24.8 KB). Loaded Objects now: 2284.
Memory consumption went from 81.2 MB to 81.2 MB.
Total: 1.419700 ms (FindLiveObjects: 0.072400 ms CreateObjectMapping: 0.022200 ms MarkObjects: 1.311700 ms  DeleteObjects: 0.013100 ms)

AssetImportParameters requested are different than current active one (requested -> active):
  custom:video-decoder-ogg-theora: a1e56fd34408186e4bbccfd4996cb3dc -> 
  custom:container-muxer-webm: aa71ff27fc2769a1b78a27578f13a17b -> 
  custom:container-demuxer-webm: 4f35f7cbe854078d1ac9338744f61a02 -> 
  custom:video-encoder-webm-vp8: eb34c28f22e8b96e1ab97ce403110664 -> 
  custom:video-codec-MediaFoundation-h265: 746d11721c4dcdbdad8f713fa42b33f4 -> 
  custom:audio-encoder-webm-vorbis: bf7c407c2cedff20999df2af8eb42d56 -> 
  custom:framework-win-MediaFoundation: 216162199b28c13a410421893ffa2e32 -> 
  custom:container-demuxer-ogg: 62fdf1f143b41e24485cea50d1cbac27 -> 
  custom:video-decoder-webm-vp8: 9c59270c3fd7afecdb556c50c9e8de78 -> 
  custom:audio-decoder-ogg-vorbis: bf7c407c2cedff20999df2af8eb42d56 -> 
========================================================================
Received Prepare
Refreshing native plugins compatible for Editor in 1.24 ms, found 7 plugins.
Preloading 1 native plugins for Editor in 0.05 ms.
Unloading 13 Unused Serialized files (Serialized files now loaded: 0)
Unloading 13 unused Assets / (22.1 KB). Loaded Objects now: 2284.
Memory consumption went from 46.5 MB to 46.5 MB.
Total: 1.598800 ms (FindLiveObjects: 0.076100 ms CreateObjectMapping: 0.021800 ms MarkObjects: 1.488300 ms  DeleteObjects: 0.012000 ms)

AssetImportParameters requested are different than current active one (requested -> active):
  custom:video-decoder-ogg-theora: a1e56fd34408186e4bbccfd4996cb3dc -> 
  custom:container-muxer-webm: aa71ff27fc2769a1b78a27578f13a17b -> 
  custom:container-demuxer-webm: 4f35f7cbe854078d1ac9338744f61a02 -> 
  custom:video-encoder-webm-vp8: eb34c28f22e8b96e1ab97ce403110664 -> 
  custom:video-codec-MediaFoundation-h265: 746d11721c4dcdbdad8f713fa42b33f4 -> 
  custom:audio-encoder-webm-vorbis: bf7c407c2cedff20999df2af8eb42d56 -> 
  custom:framework-win-MediaFoundation: 216162199b28c13a410421893ffa2e32 -> 
  custom:container-demuxer-ogg: 62fdf1f143b41e24485cea50d1cbac27 -> 
  custom:video-decoder-webm-vp8: 9c59270c3fd7afecdb556c50c9e8de78 -> 
  custom:audio-decoder-ogg-vorbis: bf7c407c2cedff20999df2af8eb42d56 -> 
========================================================================
Received Prepare
Registering precompiled user dll's ...
Registered in 0.000938 seconds.
ArgumentException: An item with the same key has already been added. Key: 00000000000000000000000000000000
  at System.Collections.Generic.Dictionary`2[TKey,TValue].TryInsert (TKey key, TValue value, System.Collections.Generic.InsertionBehavior behavior) [0x0015a] in <75633565436c42f0a6426b33f0132ade>:0 
  at System.Collections.Generic.Dictionary`2[TKey,TValue].Add (TKey key, TValue value) [0x00000] in <75633565436c42f0a6426b33f0132ade>:0 
  at System.Linq.Enumerable.ToDictionary[TSource,TKey] (TSource[] source, System.Func`2[T,TResult] keySelector, System.Collections.Generic.IEqualityComparer`1[T] comparer) [0x0001c] in <1c318258bf0843289b0e2cbe692fee39>:0 
  at System.Linq.Enumerable.ToDictionary[TSource,TKey] (System.Collections.Generic.IEnumerable`1[T] source, System.Func`2[T,TResult] keySelector, System.Collections.Generic.IEqualityComparer`1[T] comparer) [0x00043] in <1c318258bf0843289b0e2cbe692fee39>:0 
  at System.Linq.Enumerable.ToDictionary[TSource,TKey] (System.Collections.Generic.IEnumerable`1[T] source, System.Func`2[T,TResult] keySelector) [0x00000] in <1c318258bf0843289b0e2cbe692fee39>:0 
  at UnityEditor.Scripting.ScriptCompilation.LoadingAssemblyDefinition.SetAllCustomScriptAssemblyReferenceJsonsContents (System.String[] paths, System.String[] contents) [0x00172] in <11d97693183d4a6bb35c29ae7882c66b>:0 
UnityEngine.DebugLogHandler:Internal_LogException(Exception, Object)
UnityEngine.DebugLogHandler:LogException(Exception, Object)
UnityEngine.Logger:LogException(Exception, Object)
UnityEngine.Debug:LogException(Exception)
UnityEditor.Scripting.ScriptCompilation.EditorCompilationInterface:LogException(Exception)
UnityEditor.Scripting.ScriptCompilation.EditorCompilationInterface:EmitExceptionsAsErrors(Exception[])
UnityEditor.Scripting.ScriptCompilation.EditorCompilationInterface:SetAllCustomScriptAssemblyReferenceJsons(String[], String[])

ArgumentException: An item with the same key has already been added. Key: 00000000000000000000000000000000
  at System.Collections.Generic.Dictionary`2[TKey,TValue].TryInsert (TKey key, TValue value, System.Collections.Generic.InsertionBehavior behavior) [0x0015a] in <75633565436c42f0a6426b33f0132ade>:0 
  at System.Collections.Generic.Dictionary`2[TKey,TValue].Add (TKey key, TValue value) [0x00000] in <75633565436c42f0a6426b33f0132ade>:0 
  at System.Linq.Enumerable.ToDictionary[TSource,TKey] (TSource[] source, System.Func`2[T,TResult] keySelector, System.Collections.Generic.IEqualityComparer`1[T] comparer) [0x0001c] in <1c318258bf0843289b0e2cbe692fee39>:0 
  at System.Linq.Enumerable.ToDictionary[TSource,TKey] (System.Collections.Generic.IEnumerable`1[T] source, System.Func`2[T,TResult] keySelector, System.Collections.Generic.IEqualityComparer`1[T] comparer) [0x00043] in <1c318258bf0843289b0e2cbe692fee39>:0 
  at System.Linq.Enumerable.ToDictionary[TSource,TKey] (System.Collections.Generic.IEnumerable`1[T] source, System.Func`2[T,TResult] keySelector) [0x00000] in <1c318258bf0843289b0e2cbe692fee39>:0 
  at UnityEditor.Scripting.ScriptCompilation.LoadingAssemblyDefinition.SetAllCustomScriptAssemblyReferenceJsonsContents (System.String[] paths, System.String[] contents) [0x00172] in <11d97693183d4a6bb35c29ae7882c66b>:0 
UnityEngine.DebugLogHandler:Internal_LogException(Exception, Object)
UnityEngine.DebugLogHandler:LogException(Exception, Object)
UnityEngine.Logger:LogException(Exception, Object)
UnityEngine.Debug:LogException(Exception)
UnityEditor.Scripting.ScriptCompilation.EditorCompilationInterface:LogException(Exception)
UnityEditor.Scripting.ScriptCompilation.EditorCompilationInterface:EmitExceptionsAsErrors(Exception[])
UnityEditor.Scripting.ScriptCompilation.EditorCompilationInterface:SetAllCustomScriptAssemblyReferenceJsons(String[], String[])

Begin MonoManager ReloadAssembly
Native extension for WindowsStandalone target not found
Native extension for Android target not found
Refreshing native plugins compatible for Editor in 0.36 ms, found 7 plugins.
Preloading 1 native plugins for Editor in 0.06 ms.
ArgumentException: An item with the same key has already been added. Key: 00000000000000000000000000000000
  at System.Collections.Generic.Dictionary`2[TKey,TValue].TryInsert (TKey key, TValue value, System.Collections.Generic.InsertionBehavior behavior) [0x0015a] in <75633565436c42f0a6426b33f0132ade>:0 
  at System.Collections.Generic.Dictionary`2[TKey,TValue].Add (TKey key, TValue value) [0x00000] in <75633565436c42f0a6426b33f0132ade>:0 
  at System.Linq.Enumerable.ToDictionary[TSource,TKey] (TSource[] source, System.Func`2[T,TResult] keySelector, System.Collections.Generic.IEqualityComparer`1[T] comparer) [0x0001c] in <1c318258bf0843289b0e2cbe692fee39>:0 
  at System.Linq.Enumerable.ToDictionary[TSource,TKey] (System.Collections.Generic.IEnumerable`1[T] source, System.Func`2[T,TResult] keySelector, System.Collections.Generic.IEqualityComparer`1[T] comparer) [0x00043] in <1c318258bf0843289b0e2cbe692fee39>:0 
  at System.Linq.Enumerable.ToDictionary[TSource,TKey] (System.Collections.Generic.IEnumerable`1[T] source, System.Func`2[T,TResult] keySelector) [0x00000] in <1c318258bf0843289b0e2cbe692fee39>:0 
  at UnityEditor.Scripting.ScriptCompilation.LoadingAssemblyDefinition.SetAllCustomScriptAssemblyReferenceJsonsContents (System.String[] paths, System.String[] contents) [0x00172] in <11d97693183d4a6bb35c29ae7882c66b>:0 
UnityEngine.DebugLogHandler:Internal_LogException(Exception, Object)
UnityEngine.DebugLogHandler:LogException(Exception, Object)
UnityEngine.Logger:LogException(Exception, Object)
UnityEngine.Debug:LogException(Exception)
UnityEditor.Scripting.ScriptCompilation.EditorCompilationInterface:LogException(Exception)
UnityEditor.Scripting.ScriptCompilation.EditorCompilationInterface:EmitExceptionsAsErrors(Exception[])
UnityEditor.Scripting.ScriptCompilation.EditorCompilationInterface:SetAllCustomScriptAssemblyReferenceJsons(String[], String[])

PackageInfo()
UnityEngine.StackTraceUtility:ExtractStackTrace ()
UnityEngine.DebugLogHandler:LogFormat (UnityEngine.LogType,UnityEngine.Object,string,object[])
UnityEngine.Logger:Log (UnityEngine.LogType,object)
UnityEngine.Debug:Log (object)
Wave.Essence.Editor.PackageInfo:.cctor () (at Library/PackageCache/com.htc.upm.wave.essence@59208443d6/Editor/EssenceSettingsProvider.cs:1256)
System.Runtime.CompilerServices.RuntimeHelpers:RunClassConstructor (System.RuntimeTypeHandle)
UnityEditor.EditorAssemblies:ProcessInitializeOnLoadAttributes (System.Type[])

(Filename: Library/PackageCache/com.htc.upm.wave.essence@59208443d6/Editor/EssenceSettingsProvider.cs Line: 1256)

Mono: successfully reloaded assembly
- Completed reload, in  0.432 seconds
Domain Reload Profiling:
	ReloadAssembly (432ms)
		BeginReloadAssembly (71ms)
			ExecutionOrderSort (0ms)
			DisableScriptedObjects (3ms)
			BackupInstance (0ms)
			ReleaseScriptingObjects (0ms)
			CreateAndSetChildDomain (15ms)
		EndReloadAssembly (306ms)
			LoadAssemblies (42ms)
			RebuildTransferFunctionScriptingTraits (0ms)
			SetupTypeCache (87ms)
			ReleaseScriptCaches (0ms)
			RebuildScriptCaches (18ms)
			SetupLoadedEditorAssemblies (139ms)
				LogAssemblyErrors (0ms)
				InitializePlatformSupportModulesInManaged (12ms)
				SetLoadedEditorAssemblies (0ms)
				RefreshPlugins (0ms)
				BeforeProcessingInitializeOnLoad (41ms)
				ProcessInitializeOnLoadAttributes (73ms)
				ProcessInitializeOnLoadMethodAttributes (11ms)
				AfterProcessingInitializeOnLoad (1ms)
				EditorAssembliesLoaded (0ms)
			ExecutionOrderSort2 (0ms)
			AwakeInstancesAfterBackupRestoration (3ms)
Platform modules already initialized, skipping
Refreshing native plugins compatible for Editor in 0.73 ms, found 7 plugins.
Preloading 1 native plugins for Editor in 0.04 ms.
Unloading 1744 Unused Serialized files (Serialized files now loaded: 0)
Unloading 12 unused Assets / (24.9 KB). Loaded Objects now: 2288.
Memory consumption went from 81.2 MB to 81.2 MB.
Total: 1.534000 ms (FindLiveObjects: 0.077800 ms CreateObjectMapping: 0.023100 ms MarkObjects: 1.419000 ms  DeleteObjects: 0.013300 ms)

AssetImportParameters requested are different than current active one (requested -> active):
  custom:video-decoder-ogg-theora: a1e56fd34408186e4bbccfd4996cb3dc -> 
  custom:container-muxer-webm: aa71ff27fc2769a1b78a27578f13a17b -> 
  custom:container-demuxer-webm: 4f35f7cbe854078d1ac9338744f61a02 -> 
  custom:video-encoder-webm-vp8: eb34c28f22e8b96e1ab97ce403110664 -> 
  custom:video-codec-MediaFoundation-h265: 746d11721c4dcdbdad8f713fa42b33f4 -> 
  custom:audio-encoder-webm-vorbis: bf7c407c2cedff20999df2af8eb42d56 -> 
  custom:framework-win-MediaFoundation: 216162199b28c13a410421893ffa2e32 -> 
  custom:container-demuxer-ogg: 62fdf1f143b41e24485cea50d1cbac27 -> 
  custom:video-decoder-webm-vp8: 9c59270c3fd7afecdb556c50c9e8de78 -> 
  custom:audio-decoder-ogg-vorbis: bf7c407c2cedff20999df2af8eb42d56 -> 
========================================================================
Received Prepare
Refreshing native plugins compatible for Editor in 1.33 ms, found 7 plugins.
Preloading 1 native plugins for Editor in 0.04 ms.
Unloading 13 Unused Serialized files (Serialized files now loaded: 0)
Unloading 13 unused Assets / (22.1 KB). Loaded Objects now: 2288.
Memory consumption went from 46.5 MB to 46.5 MB.
Total: 1.504500 ms (FindLiveObjects: 0.090700 ms CreateObjectMapping: 0.022600 ms MarkObjects: 1.379600 ms  DeleteObjects: 0.011200 ms)

AssetImportParameters requested are different than current active one (requested -> active):
  custom:video-decoder-ogg-theora: a1e56fd34408186e4bbccfd4996cb3dc -> 
  custom:container-muxer-webm: aa71ff27fc2769a1b78a27578f13a17b -> 
  custom:container-demuxer-webm: 4f35f7cbe854078d1ac9338744f61a02 -> 
  custom:video-encoder-webm-vp8: eb34c28f22e8b96e1ab97ce403110664 -> 
  custom:video-codec-MediaFoundation-h265: 746d11721c4dcdbdad8f713fa42b33f4 -> 
  custom:audio-encoder-webm-vorbis: bf7c407c2cedff20999df2af8eb42d56 -> 
  custom:framework-win-MediaFoundation: 216162199b28c13a410421893ffa2e32 -> 
  custom:container-demuxer-ogg: 62fdf1f143b41e24485cea50d1cbac27 -> 
  custom:video-decoder-webm-vp8: 9c59270c3fd7afecdb556c50c9e8de78 -> 
  custom:audio-decoder-ogg-vorbis: bf7c407c2cedff20999df2af8eb42d56 -> 
========================================================================
Received Prepare
Registering precompiled user dll's ...
Registered in 0.000633 seconds.
ArgumentException: An item with the same key has already been added. Key: 00000000000000000000000000000000
  at System.Collections.Generic.Dictionary`2[TKey,TValue].TryInsert (TKey key, TValue value, System.Collections.Generic.InsertionBehavior behavior) [0x0015a] in <75633565436c42f0a6426b33f0132ade>:0 
  at System.Collections.Generic.Dictionary`2[TKey,TValue].Add (TKey key, TValue value) [0x00000] in <75633565436c42f0a6426b33f0132ade>:0 
  at System.Linq.Enumerable.ToDictionary[TSource,TKey] (TSource[] source, System.Func`2[T,TResult] keySelector, System.Collections.Generic.IEqualityComparer`1[T] comparer) [0x0001c] in <1c318258bf0843289b0e2cbe692fee39>:0 
  at System.Linq.Enumerable.ToDictionary[TSource,TKey] (System.Collections.Generic.IEnumerable`1[T] source, System.Func`2[T,TResult] keySelector, System.Collections.Generic.IEqualityComparer`1[T] comparer) [0x00043] in <1c318258bf0843289b0e2cbe692fee39>:0 
  at System.Linq.Enumerable.ToDictionary[TSource,TKey] (System.Collections.Generic.IEnumerable`1[T] source, System.Func`2[T,TResult] keySelector) [0x00000] in <1c318258bf0843289b0e2cbe692fee39>:0 
  at UnityEditor.Scripting.ScriptCompilation.LoadingAssemblyDefinition.SetAllCustomScriptAssemblyReferenceJsonsContents (System.String[] paths, System.String[] contents) [0x00172] in <11d97693183d4a6bb35c29ae7882c66b>:0 
UnityEngine.DebugLogHandler:Internal_LogException(Exception, Object)
UnityEngine.DebugLogHandler:LogException(Exception, Object)
UnityEngine.Logger:LogException(Exception, Object)
UnityEngine.Debug:LogException(Exception)
UnityEditor.Scripting.ScriptCompilation.EditorCompilationInterface:LogException(Exception)
UnityEditor.Scripting.ScriptCompilation.EditorCompilationInterface:EmitExceptionsAsErrors(Exception[])
UnityEditor.Scripting.ScriptCompilation.EditorCompilationInterface:SetAllCustomScriptAssemblyReferenceJsons(String[], String[])

ArgumentException: An item with the same key has already been added. Key: 00000000000000000000000000000000
  at System.Collections.Generic.Dictionary`2[TKey,TValue].TryInsert (TKey key, TValue value, System.Collections.Generic.InsertionBehavior behavior) [0x0015a] in <75633565436c42f0a6426b33f0132ade>:0 
  at System.Collections.Generic.Dictionary`2[TKey,TValue].Add (TKey key, TValue value) [0x00000] in <75633565436c42f0a6426b33f0132ade>:0 
  at System.Linq.Enumerable.ToDictionary[TSource,TKey] (TSource[] source, System.Func`2[T,TResult] keySelector, System.Collections.Generic.IEqualityComparer`1[T] comparer) [0x0001c] in <1c318258bf0843289b0e2cbe692fee39>:0 
  at System.Linq.Enumerable.ToDictionary[TSource,TKey] (System.Collections.Generic.IEnumerable`1[T] source, System.Func`2[T,TResult] keySelector, System.Collections.Generic.IEqualityComparer`1[T] comparer) [0x00043] in <1c318258bf0843289b0e2cbe692fee39>:0 
  at System.Linq.Enumerable.ToDictionary[TSource,TKey] (System.Collections.Generic.IEnumerable`1[T] source, System.Func`2[T,TResult] keySelector) [0x00000] in <1c318258bf0843289b0e2cbe692fee39>:0 
  at UnityEditor.Scripting.ScriptCompilation.LoadingAssemblyDefinition.SetAllCustomScriptAssemblyReferenceJsonsContents (System.String[] paths, System.String[] contents) [0x00172] in <11d97693183d4a6bb35c29ae7882c66b>:0 
UnityEngine.DebugLogHandler:Internal_LogException(Exception, Object)
UnityEngine.DebugLogHandler:LogException(Exception, Object)
UnityEngine.Logger:LogException(Exception, Object)
UnityEngine.Debug:LogException(Exception)
UnityEditor.Scripting.ScriptCompilation.EditorCompilationInterface:LogException(Exception)
UnityEditor.Scripting.ScriptCompilation.EditorCompilationInterface:EmitExceptionsAsErrors(Exception[])
UnityEditor.Scripting.ScriptCompilation.EditorCompilationInterface:SetAllCustomScriptAssemblyReferenceJsons(String[], String[])

Begin MonoManager ReloadAssembly
Native extension for WindowsStandalone target not found
Native extension for Android target not found
Refreshing native plugins compatible for Editor in 0.33 ms, found 7 plugins.
Preloading 1 native plugins for Editor in 0.05 ms.
ArgumentException: An item with the same key has already been added. Key: 00000000000000000000000000000000
  at System.Collections.Generic.Dictionary`2[TKey,TValue].TryInsert (TKey key, TValue value, System.Collections.Generic.InsertionBehavior behavior) [0x0015a] in <75633565436c42f0a6426b33f0132ade>:0 
  at System.Collections.Generic.Dictionary`2[TKey,TValue].Add (TKey key, TValue value) [0x00000] in <75633565436c42f0a6426b33f0132ade>:0 
  at System.Linq.Enumerable.ToDictionary[TSource,TKey] (TSource[] source, System.Func`2[T,TResult] keySelector, System.Collections.Generic.IEqualityComparer`1[T] comparer) [0x0001c] in <1c318258bf0843289b0e2cbe692fee39>:0 
  at System.Linq.Enumerable.ToDictionary[TSource,TKey] (System.Collections.Generic.IEnumerable`1[T] source, System.Func`2[T,TResult] keySelector, System.Collections.Generic.IEqualityComparer`1[T] comparer) [0x00043] in <1c318258bf0843289b0e2cbe692fee39>:0 
  at System.Linq.Enumerable.ToDictionary[TSource,TKey] (System.Collections.Generic.IEnumerable`1[T] source, System.Func`2[T,TResult] keySelector) [0x00000] in <1c318258bf0843289b0e2cbe692fee39>:0 
  at UnityEditor.Scripting.ScriptCompilation.LoadingAssemblyDefinition.SetAllCustomScriptAssemblyReferenceJsonsContents (System.String[] paths, System.String[] contents) [0x00172] in <11d97693183d4a6bb35c29ae7882c66b>:0 
UnityEngine.DebugLogHandler:Internal_LogException(Exception, Object)
UnityEngine.DebugLogHandler:LogException(Exception, Object)
UnityEngine.Logger:LogException(Exception, Object)
UnityEngine.Debug:LogException(Exception)
UnityEditor.Scripting.ScriptCompilation.EditorCompilationInterface:LogException(Exception)
UnityEditor.Scripting.ScriptCompilation.EditorCompilationInterface:EmitExceptionsAsErrors(Exception[])
UnityEditor.Scripting.ScriptCompilation.EditorCompilationInterface:SetAllCustomScriptAssemblyReferenceJsons(String[], String[])

PackageInfo()
UnityEngine.StackTraceUtility:ExtractStackTrace ()
UnityEngine.DebugLogHandler:LogFormat (UnityEngine.LogType,UnityEngine.Object,string,object[])
UnityEngine.Logger:Log (UnityEngine.LogType,object)
UnityEngine.Debug:Log (object)
Wave.Essence.Editor.PackageInfo:.cctor () (at Library/PackageCache/com.htc.upm.wave.essence@59208443d6/Editor/EssenceSettingsProvider.cs:1256)
System.Runtime.CompilerServices.RuntimeHelpers:RunClassConstructor (System.RuntimeTypeHandle)
UnityEditor.EditorAssemblies:ProcessInitializeOnLoadAttributes (System.Type[])

(Filename: Library/PackageCache/com.htc.upm.wave.essence@59208443d6/Editor/EssenceSettingsProvider.cs Line: 1256)

Mono: successfully reloaded assembly
- Completed reload, in  0.410 seconds
Domain Reload Profiling:
	ReloadAssembly (410ms)
		BeginReloadAssembly (68ms)
			ExecutionOrderSort (0ms)
			DisableScriptedObjects (3ms)
			BackupInstance (0ms)
			ReleaseScriptingObjects (0ms)
			CreateAndSetChildDomain (15ms)
		EndReloadAssembly (292ms)
			LoadAssemblies (38ms)
			RebuildTransferFunctionScriptingTraits (0ms)
			SetupTypeCache (82ms)
			ReleaseScriptCaches (0ms)
			RebuildScriptCaches (17ms)
			SetupLoadedEditorAssemblies (133ms)
				LogAssemblyErrors (0ms)
				InitializePlatformSupportModulesInManaged (12ms)
				SetLoadedEditorAssemblies (0ms)
				RefreshPlugins (0ms)
				BeforeProcessingInitializeOnLoad (39ms)
				ProcessInitializeOnLoadAttributes (69ms)
				ProcessInitializeOnLoadMethodAttributes (11ms)
				AfterProcessingInitializeOnLoad (1ms)
				EditorAssembliesLoaded (0ms)
			ExecutionOrderSort2 (0ms)
			AwakeInstancesAfterBackupRestoration (3ms)
Platform modules already initialized, skipping
Refreshing native plugins compatible for Editor in 0.70 ms, found 7 plugins.
Preloading 1 native plugins for Editor in 0.04 ms.
Unloading 1744 Unused Serialized files (Serialized files now loaded: 0)
Unloading 12 unused Assets / (24.8 KB). Loaded Objects now: 2292.
Memory consumption went from 81.2 MB to 81.2 MB.
Total: 1.691400 ms (FindLiveObjects: 0.083100 ms CreateObjectMapping: 0.021000 ms MarkObjects: 1.575100 ms  DeleteObjects: 0.010500 ms)

AssetImportParameters requested are different than current active one (requested -> active):
  custom:video-decoder-ogg-theora: a1e56fd34408186e4bbccfd4996cb3dc -> 
  custom:container-muxer-webm: aa71ff27fc2769a1b78a27578f13a17b -> 
  custom:container-demuxer-webm: 4f35f7cbe854078d1ac9338744f61a02 -> 
  custom:video-encoder-webm-vp8: eb34c28f22e8b96e1ab97ce403110664 -> 
  custom:video-codec-MediaFoundation-h265: 746d11721c4dcdbdad8f713fa42b33f4 -> 
  custom:audio-encoder-webm-vorbis: bf7c407c2cedff20999df2af8eb42d56 -> 
  custom:framework-win-MediaFoundation: 216162199b28c13a410421893ffa2e32 -> 
  custom:container-demuxer-ogg: 62fdf1f143b41e24485cea50d1cbac27 -> 
  custom:video-decoder-webm-vp8: 9c59270c3fd7afecdb556c50c9e8de78 -> 
  custom:audio-decoder-ogg-vorbis: bf7c407c2cedff20999df2af8eb42d56 -> 
========================================================================
Received Prepare
Refreshing native plugins compatible for Editor in 1.28 ms, found 7 plugins.
Preloading 1 native plugins for Editor in 0.04 ms.
Unloading 13 Unused Serialized files (Serialized files now loaded: 0)
Unloading 13 unused Assets / (22.0 KB). Loaded Objects now: 2292.
Memory consumption went from 46.5 MB to 46.5 MB.
Total: 1.577600 ms (FindLiveObjects: 0.087200 ms CreateObjectMapping: 0.024300 ms MarkObjects: 1.454600 ms  DeleteObjects: 0.011200 ms)

AssetImportParameters requested are different than current active one (requested -> active):
  custom:video-decoder-ogg-theora: a1e56fd34408186e4bbccfd4996cb3dc -> 
  custom:container-muxer-webm: aa71ff27fc2769a1b78a27578f13a17b -> 
  custom:container-demuxer-webm: 4f35f7cbe854078d1ac9338744f61a02 -> 
  custom:video-encoder-webm-vp8: eb34c28f22e8b96e1ab97ce403110664 -> 
  custom:video-codec-MediaFoundation-h265: 746d11721c4dcdbdad8f713fa42b33f4 -> 
  custom:audio-encoder-webm-vorbis: bf7c407c2cedff20999df2af8eb42d56 -> 
  custom:framework-win-MediaFoundation: 216162199b28c13a410421893ffa2e32 -> 
  custom:container-demuxer-ogg: 62fdf1f143b41e24485cea50d1cbac27 -> 
  custom:video-decoder-webm-vp8: 9c59270c3fd7afecdb556c50c9e8de78 -> 
  custom:audio-decoder-ogg-vorbis: bf7c407c2cedff20999df2af8eb42d56 -> 
========================================================================
Received Prepare
Registering precompiled user dll's ...
Registered in 0.002754 seconds.
ArgumentException: An item with the same key has already been added. Key: 00000000000000000000000000000000
  at System.Collections.Generic.Dictionary`2[TKey,TValue].TryInsert (TKey key, TValue value, System.Collections.Generic.InsertionBehavior behavior) [0x0015a] in <75633565436c42f0a6426b33f0132ade>:0 
  at System.Collections.Generic.Dictionary`2[TKey,TValue].Add (TKey key, TValue value) [0x00000] in <75633565436c42f0a6426b33f0132ade>:0 
  at System.Linq.Enumerable.ToDictionary[TSource,TKey] (TSource[] source, System.Func`2[T,TResult] keySelector, System.Collections.Generic.IEqualityComparer`1[T] comparer) [0x0001c] in <1c318258bf0843289b0e2cbe692fee39>:0 
  at System.Linq.Enumerable.ToDictionary[TSource,TKey] (System.Collections.Generic.IEnumerable`1[T] source, System.Func`2[T,TResult] keySelector, System.Collections.Generic.IEqualityComparer`1[T] comparer) [0x00043] in <1c318258bf0843289b0e2cbe692fee39>:0 
  at System.Linq.Enumerable.ToDictionary[TSource,TKey] (System.Collections.Generic.IEnumerable`1[T] source, System.Func`2[T,TResult] keySelector) [0x00000] in <1c318258bf0843289b0e2cbe692fee39>:0 
  at UnityEditor.Scripting.ScriptCompilation.LoadingAssemblyDefinition.SetAllCustomScriptAssemblyReferenceJsonsContents (System.String[] paths, System.String[] contents) [0x00172] in <11d97693183d4a6bb35c29ae7882c66b>:0 
UnityEngine.DebugLogHandler:Internal_LogException(Exception, Object)
UnityEngine.DebugLogHandler:LogException(Exception, Object)
UnityEngine.Logger:LogException(Exception, Object)
UnityEngine.Debug:LogException(Exception)
UnityEditor.Scripting.ScriptCompilation.EditorCompilationInterface:LogException(Exception)
UnityEditor.Scripting.ScriptCompilation.EditorCompilationInterface:EmitExceptionsAsErrors(Exception[])
UnityEditor.Scripting.ScriptCompilation.EditorCompilationInterface:SetAllCustomScriptAssemblyReferenceJsons(String[], String[])

ArgumentException: An item with the same key has already been added. Key: 00000000000000000000000000000000
  at System.Collections.Generic.Dictionary`2[TKey,TValue].TryInsert (TKey key, TValue value, System.Collections.Generic.InsertionBehavior behavior) [0x0015a] in <75633565436c42f0a6426b33f0132ade>:0 
  at System.Collections.Generic.Dictionary`2[TKey,TValue].Add (TKey key, TValue value) [0x00000] in <75633565436c42f0a6426b33f0132ade>:0 
  at System.Linq.Enumerable.ToDictionary[TSource,TKey] (TSource[] source, System.Func`2[T,TResult] keySelector, System.Collections.Generic.IEqualityComparer`1[T] comparer) [0x0001c] in <1c318258bf0843289b0e2cbe692fee39>:0 
  at System.Linq.Enumerable.ToDictionary[TSource,TKey] (System.Collections.Generic.IEnumerable`1[T] source, System.Func`2[T,TResult] keySelector, System.Collections.Generic.IEqualityComparer`1[T] comparer) [0x00043] in <1c318258bf0843289b0e2cbe692fee39>:0 
  at System.Linq.Enumerable.ToDictionary[TSource,TKey] (System.Collections.Generic.IEnumerable`1[T] source, System.Func`2[T,TResult] keySelector) [0x00000] in <1c318258bf0843289b0e2cbe692fee39>:0 
  at UnityEditor.Scripting.ScriptCompilation.LoadingAssemblyDefinition.SetAllCustomScriptAssemblyReferenceJsonsContents (System.String[] paths, System.String[] contents) [0x00172] in <11d97693183d4a6bb35c29ae7882c66b>:0 
UnityEngine.DebugLogHandler:Internal_LogException(Exception, Object)
UnityEngine.DebugLogHandler:LogException(Exception, Object)
UnityEngine.Logger:LogException(Exception, Object)
UnityEngine.Debug:LogException(Exception)
UnityEditor.Scripting.ScriptCompilation.EditorCompilationInterface:LogException(Exception)
UnityEditor.Scripting.ScriptCompilation.EditorCompilationInterface:EmitExceptionsAsErrors(Exception[])
UnityEditor.Scripting.ScriptCompilation.EditorCompilationInterface:SetAllCustomScriptAssemblyReferenceJsons(String[], String[])

Begin MonoManager ReloadAssembly
Native extension for WindowsStandalone target not found
Native extension for Android target not found
Refreshing native plugins compatible for Editor in 0.35 ms, found 7 plugins.
Preloading 1 native plugins for Editor in 0.05 ms.
ArgumentException: An item with the same key has already been added. Key: 00000000000000000000000000000000
  at System.Collections.Generic.Dictionary`2[TKey,TValue].TryInsert (TKey key, TValue value, System.Collections.Generic.InsertionBehavior behavior) [0x0015a] in <75633565436c42f0a6426b33f0132ade>:0 
  at System.Collections.Generic.Dictionary`2[TKey,TValue].Add (TKey key, TValue value) [0x00000] in <75633565436c42f0a6426b33f0132ade>:0 
  at System.Linq.Enumerable.ToDictionary[TSource,TKey] (TSource[] source, System.Func`2[T,TResult] keySelector, System.Collections.Generic.IEqualityComparer`1[T] comparer) [0x0001c] in <1c318258bf0843289b0e2cbe692fee39>:0 
  at System.Linq.Enumerable.ToDictionary[TSource,TKey] (System.Collections.Generic.IEnumerable`1[T] source, System.Func`2[T,TResult] keySelector, System.Collections.Generic.IEqualityComparer`1[T] comparer) [0x00043] in <1c318258bf0843289b0e2cbe692fee39>:0 
  at System.Linq.Enumerable.ToDictionary[TSource,TKey] (System.Collections.Generic.IEnumerable`1[T] source, System.Func`2[T,TResult] keySelector) [0x00000] in <1c318258bf0843289b0e2cbe692fee39>:0 
  at UnityEditor.Scripting.ScriptCompilation.LoadingAssemblyDefinition.SetAllCustomScriptAssemblyReferenceJsonsContents (System.String[] paths, System.String[] contents) [0x00172] in <11d97693183d4a6bb35c29ae7882c66b>:0 
UnityEngine.DebugLogHandler:Internal_LogException(Exception, Object)
UnityEngine.DebugLogHandler:LogException(Exception, Object)
UnityEngine.Logger:LogException(Exception, Object)
UnityEngine.Debug:LogException(Exception)
UnityEditor.Scripting.ScriptCompilation.EditorCompilationInterface:LogException(Exception)
UnityEditor.Scripting.ScriptCompilation.EditorCompilationInterface:EmitExceptionsAsErrors(Exception[])
UnityEditor.Scripting.ScriptCompilation.EditorCompilationInterface:SetAllCustomScriptAssemblyReferenceJsons(String[], String[])

PackageInfo()
UnityEngine.StackTraceUtility:ExtractStackTrace ()
UnityEngine.DebugLogHandler:LogFormat (UnityEngine.LogType,UnityEngine.Object,string,object[])
UnityEngine.Logger:Log (UnityEngine.LogType,object)
UnityEngine.Debug:Log (object)
Wave.Essence.Editor.PackageInfo:.cctor () (at Library/PackageCache/com.htc.upm.wave.essence@59208443d6/Editor/EssenceSettingsProvider.cs:1256)
System.Runtime.CompilerServices.RuntimeHelpers:RunClassConstructor (System.RuntimeTypeHandle)
UnityEditor.EditorAssemblies:ProcessInitializeOnLoadAttributes (System.Type[])

(Filename: Library/PackageCache/com.htc.upm.wave.essence@59208443d6/Editor/EssenceSettingsProvider.cs Line: 1256)

Mono: successfully reloaded assembly
- Completed reload, in  0.408 seconds
Domain Reload Profiling:
	ReloadAssembly (409ms)
		BeginReloadAssembly (71ms)
			ExecutionOrderSort (0ms)
			DisableScriptedObjects (3ms)
			BackupInstance (0ms)
			ReleaseScriptingObjects (0ms)
			CreateAndSetChildDomain (16ms)
		EndReloadAssembly (285ms)
			LoadAssemblies (40ms)
			RebuildTransferFunctionScriptingTraits (0ms)
			SetupTypeCache (80ms)
			ReleaseScriptCaches (0ms)
			RebuildScriptCaches (18ms)
			SetupLoadedEditorAssemblies (128ms)
				LogAssemblyErrors (0ms)
				InitializePlatformSupportModulesInManaged (11ms)
				SetLoadedEditorAssemblies (0ms)
				RefreshPlugins (0ms)
				BeforeProcessingInitializeOnLoad (39ms)
				ProcessInitializeOnLoadAttributes (66ms)
				ProcessInitializeOnLoadMethodAttributes (9ms)
				AfterProcessingInitializeOnLoad (2ms)
				EditorAssembliesLoaded (0ms)
			ExecutionOrderSort2 (0ms)
			AwakeInstancesAfterBackupRestoration (3ms)
Platform modules already initialized, skipping
Refreshing native plugins compatible for Editor in 0.64 ms, found 7 plugins.
Preloading 1 native plugins for Editor in 0.04 ms.
Unloading 1744 Unused Serialized files (Serialized files now loaded: 0)
Unloading 12 unused Assets / (24.8 KB). Loaded Objects now: 2296.
Memory consumption went from 81.2 MB to 81.2 MB.
Total: 1.456900 ms (FindLiveObjects: 0.072900 ms CreateObjectMapping: 0.022300 ms MarkObjects: 1.349800 ms  DeleteObjects: 0.011200 ms)

AssetImportParameters requested are different than current active one (requested -> active):
  custom:video-decoder-ogg-theora: a1e56fd34408186e4bbccfd4996cb3dc -> 
  custom:container-muxer-webm: aa71ff27fc2769a1b78a27578f13a17b -> 
  custom:container-demuxer-webm: 4f35f7cbe854078d1ac9338744f61a02 -> 
  custom:video-encoder-webm-vp8: eb34c28f22e8b96e1ab97ce403110664 -> 
  custom:video-codec-MediaFoundation-h265: 746d11721c4dcdbdad8f713fa42b33f4 -> 
  custom:audio-encoder-webm-vorbis: bf7c407c2cedff20999df2af8eb42d56 -> 
  custom:framework-win-MediaFoundation: 216162199b28c13a410421893ffa2e32 -> 
  custom:container-demuxer-ogg: 62fdf1f143b41e24485cea50d1cbac27 -> 
  custom:video-decoder-webm-vp8: 9c59270c3fd7afecdb556c50c9e8de78 -> 
  custom:audio-decoder-ogg-vorbis: bf7c407c2cedff20999df2af8eb42d56 -> 
========================================================================
Received Import Request.
  Time since last request: 1556.800751 seconds.
  path: Assets/Scripts/PupilRecording/PupilometerExperiment.cs
  artifactKey: Guid(cce4b2575f464bb46aa351f21ee7af86) Importer(815301076,1909f56bfc062723c751e8b465ee728b)
Start importing Assets/Scripts/PupilRecording/PupilometerExperiment.cs using Guid(cce4b2575f464bb46aa351f21ee7af86) Importer(815301076,1909f56bfc062723c751e8b465ee728b)  -> (artifact id: '747cc2705cfc6c325205cb355bbaed2c') in 0.032905 seconds 
========================================================================
Received Prepare
Refreshing native plugins compatible for Editor in 1.43 ms, found 7 plugins.
Preloading 1 native plugins for Editor in 0.04 ms.
Unloading 13 Unused Serialized files (Serialized files now loaded: 0)
Unloading 13 unused Assets / (22.0 KB). Loaded Objects now: 2296.
Memory consumption went from 46.6 MB to 46.5 MB.
Total: 1.787300 ms (FindLiveObjects: 0.108000 ms CreateObjectMapping: 0.034800 ms MarkObjects: 1.632800 ms  DeleteObjects: 0.011100 ms)

AssetImportParameters requested are different than current active one (requested -> active):
  custom:video-decoder-ogg-theora: a1e56fd34408186e4bbccfd4996cb3dc -> 
  custom:container-muxer-webm: aa71ff27fc2769a1b78a27578f13a17b -> 
  custom:container-demuxer-webm: 4f35f7cbe854078d1ac9338744f61a02 -> 
  custom:video-encoder-webm-vp8: eb34c28f22e8b96e1ab97ce403110664 -> 
  custom:video-codec-MediaFoundation-h265: 746d11721c4dcdbdad8f713fa42b33f4 -> 
  custom:audio-encoder-webm-vorbis: bf7c407c2cedff20999df2af8eb42d56 -> 
  custom:framework-win-MediaFoundation: 216162199b28c13a410421893ffa2e32 -> 
  custom:container-demuxer-ogg: 62fdf1f143b41e24485cea50d1cbac27 -> 
  custom:video-decoder-webm-vp8: 9c59270c3fd7afecdb556c50c9e8de78 -> 
  custom:audio-decoder-ogg-vorbis: bf7c407c2cedff20999df2af8eb42d56 -> 
========================================================================
Received Prepare
Registering precompiled user dll's ...
Registered in 0.000679 seconds.
ArgumentException: An item with the same key has already been added. Key: 00000000000000000000000000000000
  at System.Collections.Generic.Dictionary`2[TKey,TValue].TryInsert (TKey key, TValue value, System.Collections.Generic.InsertionBehavior behavior) [0x0015a] in <75633565436c42f0a6426b33f0132ade>:0 
  at System.Collections.Generic.Dictionary`2[TKey,TValue].Add (TKey key, TValue value) [0x00000] in <75633565436c42f0a6426b33f0132ade>:0 
  at System.Linq.Enumerable.ToDictionary[TSource,TKey] (TSource[] source, System.Func`2[T,TResult] keySelector, System.Collections.Generic.IEqualityComparer`1[T] comparer) [0x0001c] in <1c318258bf0843289b0e2cbe692fee39>:0 
  at System.Linq.Enumerable.ToDictionary[TSource,TKey] (System.Collections.Generic.IEnumerable`1[T] source, System.Func`2[T,TResult] keySelector, System.Collections.Generic.IEqualityComparer`1[T] comparer) [0x00043] in <1c318258bf0843289b0e2cbe692fee39>:0 
  at System.Linq.Enumerable.ToDictionary[TSource,TKey] (System.Collections.Generic.IEnumerable`1[T] source, System.Func`2[T,TResult] keySelector) [0x00000] in <1c318258bf0843289b0e2cbe692fee39>:0 
  at UnityEditor.Scripting.ScriptCompilation.LoadingAssemblyDefinition.SetAllCustomScriptAssemblyReferenceJsonsContents (System.String[] paths, System.String[] contents) [0x00172] in <11d97693183d4a6bb35c29ae7882c66b>:0 
UnityEngine.DebugLogHandler:Internal_LogException(Exception, Object)
UnityEngine.DebugLogHandler:LogException(Exception, Object)
UnityEngine.Logger:LogException(Exception, Object)
UnityEngine.Debug:LogException(Exception)
UnityEditor.Scripting.ScriptCompilation.EditorCompilationInterface:LogException(Exception)
UnityEditor.Scripting.ScriptCompilation.EditorCompilationInterface:EmitExceptionsAsErrors(Exception[])
UnityEditor.Scripting.ScriptCompilation.EditorCompilationInterface:SetAllCustomScriptAssemblyReferenceJsons(String[], String[])

ArgumentException: An item with the same key has already been added. Key: 00000000000000000000000000000000
  at System.Collections.Generic.Dictionary`2[TKey,TValue].TryInsert (TKey key, TValue value, System.Collections.Generic.InsertionBehavior behavior) [0x0015a] in <75633565436c42f0a6426b33f0132ade>:0 
  at System.Collections.Generic.Dictionary`2[TKey,TValue].Add (TKey key, TValue value) [0x00000] in <75633565436c42f0a6426b33f0132ade>:0 
  at System.Linq.Enumerable.ToDictionary[TSource,TKey] (TSource[] source, System.Func`2[T,TResult] keySelector, System.Collections.Generic.IEqualityComparer`1[T] comparer) [0x0001c] in <1c318258bf0843289b0e2cbe692fee39>:0 
  at System.Linq.Enumerable.ToDictionary[TSource,TKey] (System.Collections.Generic.IEnumerable`1[T] source, System.Func`2[T,TResult] keySelector, System.Collections.Generic.IEqualityComparer`1[T] comparer) [0x00043] in <1c318258bf0843289b0e2cbe692fee39>:0 
  at System.Linq.Enumerable.ToDictionary[TSource,TKey] (System.Collections.Generic.IEnumerable`1[T] source, System.Func`2[T,TResult] keySelector) [0x00000] in <1c318258bf0843289b0e2cbe692fee39>:0 
  at UnityEditor.Scripting.ScriptCompilation.LoadingAssemblyDefinition.SetAllCustomScriptAssemblyReferenceJsonsContents (System.String[] paths, System.String[] contents) [0x00172] in <11d97693183d4a6bb35c29ae7882c66b>:0 
UnityEngine.DebugLogHandler:Internal_LogException(Exception, Object)
UnityEngine.DebugLogHandler:LogException(Exception, Object)
UnityEngine.Logger:LogException(Exception, Object)
UnityEngine.Debug:LogException(Exception)
UnityEditor.Scripting.ScriptCompilation.EditorCompilationInterface:LogException(Exception)
UnityEditor.Scripting.ScriptCompilation.EditorCompilationInterface:EmitExceptionsAsErrors(Exception[])
UnityEditor.Scripting.ScriptCompilation.EditorCompilationInterface:SetAllCustomScriptAssemblyReferenceJsons(String[], String[])

Begin MonoManager ReloadAssembly
Native extension for WindowsStandalone target not found
Native extension for Android target not found
Refreshing native plugins compatible for Editor in 0.34 ms, found 7 plugins.
Preloading 1 native plugins for Editor in 0.05 ms.
ArgumentException: An item with the same key has already been added. Key: 00000000000000000000000000000000
  at System.Collections.Generic.Dictionary`2[TKey,TValue].TryInsert (TKey key, TValue value, System.Collections.Generic.InsertionBehavior behavior) [0x0015a] in <75633565436c42f0a6426b33f0132ade>:0 
  at System.Collections.Generic.Dictionary`2[TKey,TValue].Add (TKey key, TValue value) [0x00000] in <75633565436c42f0a6426b33f0132ade>:0 
  at System.Linq.Enumerable.ToDictionary[TSource,TKey] (TSource[] source, System.Func`2[T,TResult] keySelector, System.Collections.Generic.IEqualityComparer`1[T] comparer) [0x0001c] in <1c318258bf0843289b0e2cbe692fee39>:0 
  at System.Linq.Enumerable.ToDictionary[TSource,TKey] (System.Collections.Generic.IEnumerable`1[T] source, System.Func`2[T,TResult] keySelector, System.Collections.Generic.IEqualityComparer`1[T] comparer) [0x00043] in <1c318258bf0843289b0e2cbe692fee39>:0 
  at System.Linq.Enumerable.ToDictionary[TSource,TKey] (System.Collections.Generic.IEnumerable`1[T] source, System.Func`2[T,TResult] keySelector) [0x00000] in <1c318258bf0843289b0e2cbe692fee39>:0 
  at UnityEditor.Scripting.ScriptCompilation.LoadingAssemblyDefinition.SetAllCustomScriptAssemblyReferenceJsonsContents (System.String[] paths, System.String[] contents) [0x00172] in <11d97693183d4a6bb35c29ae7882c66b>:0 
UnityEngine.DebugLogHandler:Internal_LogException(Exception, Object)
UnityEngine.DebugLogHandler:LogException(Exception, Object)
UnityEngine.Logger:LogException(Exception, Object)
UnityEngine.Debug:LogException(Exception)
UnityEditor.Scripting.ScriptCompilation.EditorCompilationInterface:LogException(Exception)
UnityEditor.Scripting.ScriptCompilation.EditorCompilationInterface:EmitExceptionsAsErrors(Exception[])
UnityEditor.Scripting.ScriptCompilation.EditorCompilationInterface:SetAllCustomScriptAssemblyReferenceJsons(String[], String[])

PackageInfo()
UnityEngine.StackTraceUtility:ExtractStackTrace ()
UnityEngine.DebugLogHandler:LogFormat (UnityEngine.LogType,UnityEngine.Object,string,object[])
UnityEngine.Logger:Log (UnityEngine.LogType,object)
UnityEngine.Debug:Log (object)
Wave.Essence.Editor.PackageInfo:.cctor () (at Library/PackageCache/com.htc.upm.wave.essence@59208443d6/Editor/EssenceSettingsProvider.cs:1256)
System.Runtime.CompilerServices.RuntimeHelpers:RunClassConstructor (System.RuntimeTypeHandle)
UnityEditor.EditorAssemblies:ProcessInitializeOnLoadAttributes (System.Type[])

(Filename: Library/PackageCache/com.htc.upm.wave.essence@59208443d6/Editor/EssenceSettingsProvider.cs Line: 1256)

Mono: successfully reloaded assembly
- Completed reload, in  0.405 seconds
Domain Reload Profiling:
	ReloadAssembly (405ms)
		BeginReloadAssembly (68ms)
			ExecutionOrderSort (0ms)
			DisableScriptedObjects (3ms)
			BackupInstance (0ms)
			ReleaseScriptingObjects (0ms)
			CreateAndSetChildDomain (15ms)
		EndReloadAssembly (287ms)
			LoadAssemblies (39ms)
			RebuildTransferFunctionScriptingTraits (0ms)
			SetupTypeCache (82ms)
			ReleaseScriptCaches (0ms)
			RebuildScriptCaches (17ms)
			SetupLoadedEditorAssemblies (130ms)
				LogAssemblyErrors (0ms)
				InitializePlatformSupportModulesInManaged (11ms)
				SetLoadedEditorAssemblies (0ms)
				RefreshPlugins (0ms)
				BeforeProcessingInitializeOnLoad (40ms)
				ProcessInitializeOnLoadAttributes (66ms)
				ProcessInitializeOnLoadMethodAttributes (10ms)
				AfterProcessingInitializeOnLoad (1ms)
				EditorAssembliesLoaded (0ms)
			ExecutionOrderSort2 (0ms)
			AwakeInstancesAfterBackupRestoration (4ms)
Platform modules already initialized, skipping
Refreshing native plugins compatible for Editor in 0.65 ms, found 7 plugins.
Preloading 1 native plugins for Editor in 0.04 ms.
Unloading 1744 Unused Serialized files (Serialized files now loaded: 0)
Unloading 12 unused Assets / (24.8 KB). Loaded Objects now: 2300.
Memory consumption went from 81.3 MB to 81.2 MB.
Total: 1.739200 ms (FindLiveObjects: 0.204500 ms CreateObjectMapping: 0.039200 ms MarkObjects: 1.482900 ms  DeleteObjects: 0.012100 ms)

AssetImportParameters requested are different than current active one (requested -> active):
  custom:video-decoder-ogg-theora: a1e56fd34408186e4bbccfd4996cb3dc -> 
  custom:container-muxer-webm: aa71ff27fc2769a1b78a27578f13a17b -> 
  custom:container-demuxer-webm: 4f35f7cbe854078d1ac9338744f61a02 -> 
  custom:video-encoder-webm-vp8: eb34c28f22e8b96e1ab97ce403110664 -> 
  custom:video-codec-MediaFoundation-h265: 746d11721c4dcdbdad8f713fa42b33f4 -> 
  custom:audio-encoder-webm-vorbis: bf7c407c2cedff20999df2af8eb42d56 -> 
  custom:framework-win-MediaFoundation: 216162199b28c13a410421893ffa2e32 -> 
  custom:container-demuxer-ogg: 62fdf1f143b41e24485cea50d1cbac27 -> 
  custom:video-decoder-webm-vp8: 9c59270c3fd7afecdb556c50c9e8de78 -> 
  custom:audio-decoder-ogg-vorbis: bf7c407c2cedff20999df2af8eb42d56 -> 
========================================================================
Received Prepare
Refreshing native plugins compatible for Editor in 1.31 ms, found 7 plugins.
Preloading 1 native plugins for Editor in 0.04 ms.
Unloading 13 Unused Serialized files (Serialized files now loaded: 0)
Unloading 13 unused Assets / (22.0 KB). Loaded Objects now: 2300.
Memory consumption went from 46.6 MB to 46.5 MB.
Total: 1.579300 ms (FindLiveObjects: 0.090100 ms CreateObjectMapping: 0.024100 ms MarkObjects: 1.453800 ms  DeleteObjects: 0.010800 ms)

AssetImportParameters requested are different than current active one (requested -> active):
  custom:video-decoder-ogg-theora: a1e56fd34408186e4bbccfd4996cb3dc -> 
  custom:container-muxer-webm: aa71ff27fc2769a1b78a27578f13a17b -> 
  custom:container-demuxer-webm: 4f35f7cbe854078d1ac9338744f61a02 -> 
  custom:video-encoder-webm-vp8: eb34c28f22e8b96e1ab97ce403110664 -> 
  custom:video-codec-MediaFoundation-h265: 746d11721c4dcdbdad8f713fa42b33f4 -> 
  custom:audio-encoder-webm-vorbis: bf7c407c2cedff20999df2af8eb42d56 -> 
  custom:framework-win-MediaFoundation: 216162199b28c13a410421893ffa2e32 -> 
  custom:container-demuxer-ogg: 62fdf1f143b41e24485cea50d1cbac27 -> 
  custom:video-decoder-webm-vp8: 9c59270c3fd7afecdb556c50c9e8de78 -> 
  custom:audio-decoder-ogg-vorbis: bf7c407c2cedff20999df2af8eb42d56 -> 
========================================================================
Received Prepare
Registering precompiled user dll's ...
Registered in 0.000650 seconds.
ArgumentException: An item with the same key has already been added. Key: 00000000000000000000000000000000
  at System.Collections.Generic.Dictionary`2[TKey,TValue].TryInsert (TKey key, TValue value, System.Collections.Generic.InsertionBehavior behavior) [0x0015a] in <75633565436c42f0a6426b33f0132ade>:0 
  at System.Collections.Generic.Dictionary`2[TKey,TValue].Add (TKey key, TValue value) [0x00000] in <75633565436c42f0a6426b33f0132ade>:0 
  at System.Linq.Enumerable.ToDictionary[TSource,TKey] (TSource[] source, System.Func`2[T,TResult] keySelector, System.Collections.Generic.IEqualityComparer`1[T] comparer) [0x0001c] in <1c318258bf0843289b0e2cbe692fee39>:0 
  at System.Linq.Enumerable.ToDictionary[TSource,TKey] (System.Collections.Generic.IEnumerable`1[T] source, System.Func`2[T,TResult] keySelector, System.Collections.Generic.IEqualityComparer`1[T] comparer) [0x00043] in <1c318258bf0843289b0e2cbe692fee39>:0 
  at System.Linq.Enumerable.ToDictionary[TSource,TKey] (System.Collections.Generic.IEnumerable`1[T] source, System.Func`2[T,TResult] keySelector) [0x00000] in <1c318258bf0843289b0e2cbe692fee39>:0 
  at UnityEditor.Scripting.ScriptCompilation.LoadingAssemblyDefinition.SetAllCustomScriptAssemblyReferenceJsonsContents (System.String[] paths, System.String[] contents) [0x00172] in <11d97693183d4a6bb35c29ae7882c66b>:0 
UnityEngine.DebugLogHandler:Internal_LogException(Exception, Object)
UnityEngine.DebugLogHandler:LogException(Exception, Object)
UnityEngine.Logger:LogException(Exception, Object)
UnityEngine.Debug:LogException(Exception)
UnityEditor.Scripting.ScriptCompilation.EditorCompilationInterface:LogException(Exception)
UnityEditor.Scripting.ScriptCompilation.EditorCompilationInterface:EmitExceptionsAsErrors(Exception[])
UnityEditor.Scripting.ScriptCompilation.EditorCompilationInterface:SetAllCustomScriptAssemblyReferenceJsons(String[], String[])

ArgumentException: An item with the same key has already been added. Key: 00000000000000000000000000000000
  at System.Collections.Generic.Dictionary`2[TKey,TValue].TryInsert (TKey key, TValue value, System.Collections.Generic.InsertionBehavior behavior) [0x0015a] in <75633565436c42f0a6426b33f0132ade>:0 
  at System.Collections.Generic.Dictionary`2[TKey,TValue].Add (TKey key, TValue value) [0x00000] in <75633565436c42f0a6426b33f0132ade>:0 
  at System.Linq.Enumerable.ToDictionary[TSource,TKey] (TSource[] source, System.Func`2[T,TResult] keySelector, System.Collections.Generic.IEqualityComparer`1[T] comparer) [0x0001c] in <1c318258bf0843289b0e2cbe692fee39>:0 
  at System.Linq.Enumerable.ToDictionary[TSource,TKey] (System.Collections.Generic.IEnumerable`1[T] source, System.Func`2[T,TResult] keySelector, System.Collections.Generic.IEqualityComparer`1[T] comparer) [0x00043] in <1c318258bf0843289b0e2cbe692fee39>:0 
  at System.Linq.Enumerable.ToDictionary[TSource,TKey] (System.Collections.Generic.IEnumerable`1[T] source, System.Func`2[T,TResult] keySelector) [0x00000] in <1c318258bf0843289b0e2cbe692fee39>:0 
  at UnityEditor.Scripting.ScriptCompilation.LoadingAssemblyDefinition.SetAllCustomScriptAssemblyReferenceJsonsContents (System.String[] paths, System.String[] contents) [0x00172] in <11d97693183d4a6bb35c29ae7882c66b>:0 
UnityEngine.DebugLogHandler:Internal_LogException(Exception, Object)
UnityEngine.DebugLogHandler:LogException(Exception, Object)
UnityEngine.Logger:LogException(Exception, Object)
UnityEngine.Debug:LogException(Exception)
UnityEditor.Scripting.ScriptCompilation.EditorCompilationInterface:LogException(Exception)
UnityEditor.Scripting.ScriptCompilation.EditorCompilationInterface:EmitExceptionsAsErrors(Exception[])
UnityEditor.Scripting.ScriptCompilation.EditorCompilationInterface:SetAllCustomScriptAssemblyReferenceJsons(String[], String[])

Begin MonoManager ReloadAssembly
Native extension for WindowsStandalone target not found
Native extension for Android target not found
Refreshing native plugins compatible for Editor in 0.36 ms, found 7 plugins.
Preloading 1 native plugins for Editor in 0.06 ms.
ArgumentException: An item with the same key has already been added. Key: 00000000000000000000000000000000
  at System.Collections.Generic.Dictionary`2[TKey,TValue].TryInsert (TKey key, TValue value, System.Collections.Generic.InsertionBehavior behavior) [0x0015a] in <75633565436c42f0a6426b33f0132ade>:0 
  at System.Collections.Generic.Dictionary`2[TKey,TValue].Add (TKey key, TValue value) [0x00000] in <75633565436c42f0a6426b33f0132ade>:0 
  at System.Linq.Enumerable.ToDictionary[TSource,TKey] (TSource[] source, System.Func`2[T,TResult] keySelector, System.Collections.Generic.IEqualityComparer`1[T] comparer) [0x0001c] in <1c318258bf0843289b0e2cbe692fee39>:0 
  at System.Linq.Enumerable.ToDictionary[TSource,TKey] (System.Collections.Generic.IEnumerable`1[T] source, System.Func`2[T,TResult] keySelector, System.Collections.Generic.IEqualityComparer`1[T] comparer) [0x00043] in <1c318258bf0843289b0e2cbe692fee39>:0 
  at System.Linq.Enumerable.ToDictionary[TSource,TKey] (System.Collections.Generic.IEnumerable`1[T] source, System.Func`2[T,TResult] keySelector) [0x00000] in <1c318258bf0843289b0e2cbe692fee39>:0 
  at UnityEditor.Scripting.ScriptCompilation.LoadingAssemblyDefinition.SetAllCustomScriptAssemblyReferenceJsonsContents (System.String[] paths, System.String[] contents) [0x00172] in <11d97693183d4a6bb35c29ae7882c66b>:0 
UnityEngine.DebugLogHandler:Internal_LogException(Exception, Object)
UnityEngine.DebugLogHandler:LogException(Exception, Object)
UnityEngine.Logger:LogException(Exception, Object)
UnityEngine.Debug:LogException(Exception)
UnityEditor.Scripting.ScriptCompilation.EditorCompilationInterface:LogException(Exception)
UnityEditor.Scripting.ScriptCompilation.EditorCompilationInterface:EmitExceptionsAsErrors(Exception[])
UnityEditor.Scripting.ScriptCompilation.EditorCompilationInterface:SetAllCustomScriptAssemblyReferenceJsons(String[], String[])

PackageInfo()
UnityEngine.StackTraceUtility:ExtractStackTrace ()
UnityEngine.DebugLogHandler:LogFormat (UnityEngine.LogType,UnityEngine.Object,string,object[])
UnityEngine.Logger:Log (UnityEngine.LogType,object)
UnityEngine.Debug:Log (object)
Wave.Essence.Editor.PackageInfo:.cctor () (at Library/PackageCache/com.htc.upm.wave.essence@59208443d6/Editor/EssenceSettingsProvider.cs:1256)
System.Runtime.CompilerServices.RuntimeHelpers:RunClassConstructor (System.RuntimeTypeHandle)
UnityEditor.EditorAssemblies:ProcessInitializeOnLoadAttributes (System.Type[])

(Filename: Library/PackageCache/com.htc.upm.wave.essence@59208443d6/Editor/EssenceSettingsProvider.cs Line: 1256)

Mono: successfully reloaded assembly
- Completed reload, in  0.410 seconds
Domain Reload Profiling:
	ReloadAssembly (411ms)
		BeginReloadAssembly (70ms)
			ExecutionOrderSort (0ms)
			DisableScriptedObjects (3ms)
			BackupInstance (0ms)
			ReleaseScriptingObjects (0ms)
			CreateAndSetChildDomain (15ms)
		EndReloadAssembly (289ms)
			LoadAssemblies (41ms)
			RebuildTransferFunctionScriptingTraits (0ms)
			SetupTypeCache (81ms)
			ReleaseScriptCaches (0ms)
			RebuildScriptCaches (18ms)
			SetupLoadedEditorAssemblies (132ms)
				LogAssemblyErrors (0ms)
				InitializePlatformSupportModulesInManaged (11ms)
				SetLoadedEditorAssemblies (0ms)
				RefreshPlugins (0ms)
				BeforeProcessingInitializeOnLoad (40ms)
				ProcessInitializeOnLoadAttributes (68ms)
				ProcessInitializeOnLoadMethodAttributes (10ms)
				AfterProcessingInitializeOnLoad (2ms)
				EditorAssembliesLoaded (0ms)
			ExecutionOrderSort2 (0ms)
			AwakeInstancesAfterBackupRestoration (3ms)
Platform modules already initialized, skipping
Refreshing native plugins compatible for Editor in 0.66 ms, found 7 plugins.
Preloading 1 native plugins for Editor in 0.04 ms.
Unloading 1745 Unused Serialized files (Serialized files now loaded: 0)
Unloading 12 unused Assets / (25.9 KB). Loaded Objects now: 2305.
Memory consumption went from 81.3 MB to 81.3 MB.
Total: 1.986800 ms (FindLiveObjects: 0.091000 ms CreateObjectMapping: 0.034600 ms MarkObjects: 1.848900 ms  DeleteObjects: 0.011800 ms)

AssetImportParameters requested are different than current active one (requested -> active):
  custom:video-decoder-ogg-theora: a1e56fd34408186e4bbccfd4996cb3dc -> 
  custom:container-muxer-webm: aa71ff27fc2769a1b78a27578f13a17b -> 
  custom:container-demuxer-webm: 4f35f7cbe854078d1ac9338744f61a02 -> 
  custom:video-encoder-webm-vp8: eb34c28f22e8b96e1ab97ce403110664 -> 
  custom:video-codec-MediaFoundation-h265: 746d11721c4dcdbdad8f713fa42b33f4 -> 
  custom:audio-encoder-webm-vorbis: bf7c407c2cedff20999df2af8eb42d56 -> 
  custom:framework-win-MediaFoundation: 216162199b28c13a410421893ffa2e32 -> 
  custom:container-demuxer-ogg: 62fdf1f143b41e24485cea50d1cbac27 -> 
  custom:video-decoder-webm-vp8: 9c59270c3fd7afecdb556c50c9e8de78 -> 
  custom:audio-decoder-ogg-vorbis: bf7c407c2cedff20999df2af8eb42d56 -> 
========================================================================
Received Prepare
Refreshing native plugins compatible for Editor in 1.24 ms, found 7 plugins.
Preloading 1 native plugins for Editor in 0.04 ms.
Unloading 13 Unused Serialized files (Serialized files now loaded: 0)
Unloading 13 unused Assets / (22.0 KB). Loaded Objects now: 2305.
Memory consumption went from 46.6 MB to 46.6 MB.
Total: 1.729800 ms (FindLiveObjects: 0.106500 ms CreateObjectMapping: 0.023100 ms MarkObjects: 1.588300 ms  DeleteObjects: 0.010600 ms)

AssetImportParameters requested are different than current active one (requested -> active):
  custom:video-decoder-ogg-theora: a1e56fd34408186e4bbccfd4996cb3dc -> 
  custom:container-muxer-webm: aa71ff27fc2769a1b78a27578f13a17b -> 
  custom:container-demuxer-webm: 4f35f7cbe854078d1ac9338744f61a02 -> 
  custom:video-encoder-webm-vp8: eb34c28f22e8b96e1ab97ce403110664 -> 
  custom:video-codec-MediaFoundation-h265: 746d11721c4dcdbdad8f713fa42b33f4 -> 
  custom:audio-encoder-webm-vorbis: bf7c407c2cedff20999df2af8eb42d56 -> 
  custom:framework-win-MediaFoundation: 216162199b28c13a410421893ffa2e32 -> 
  custom:container-demuxer-ogg: 62fdf1f143b41e24485cea50d1cbac27 -> 
  custom:video-decoder-webm-vp8: 9c59270c3fd7afecdb556c50c9e8de78 -> 
  custom:audio-decoder-ogg-vorbis: bf7c407c2cedff20999df2af8eb42d56 -> 
========================================================================
Received Prepare
Registering precompiled user dll's ...
Registered in 0.000726 seconds.
ArgumentException: An item with the same key has already been added. Key: 00000000000000000000000000000000
  at System.Collections.Generic.Dictionary`2[TKey,TValue].TryInsert (TKey key, TValue value, System.Collections.Generic.InsertionBehavior behavior) [0x0015a] in <75633565436c42f0a6426b33f0132ade>:0 
  at System.Collections.Generic.Dictionary`2[TKey,TValue].Add (TKey key, TValue value) [0x00000] in <75633565436c42f0a6426b33f0132ade>:0 
  at System.Linq.Enumerable.ToDictionary[TSource,TKey] (TSource[] source, System.Func`2[T,TResult] keySelector, System.Collections.Generic.IEqualityComparer`1[T] comparer) [0x0001c] in <1c318258bf0843289b0e2cbe692fee39>:0 
  at System.Linq.Enumerable.ToDictionary[TSource,TKey] (System.Collections.Generic.IEnumerable`1[T] source, System.Func`2[T,TResult] keySelector, System.Collections.Generic.IEqualityComparer`1[T] comparer) [0x00043] in <1c318258bf0843289b0e2cbe692fee39>:0 
  at System.Linq.Enumerable.ToDictionary[TSource,TKey] (System.Collections.Generic.IEnumerable`1[T] source, System.Func`2[T,TResult] keySelector) [0x00000] in <1c318258bf0843289b0e2cbe692fee39>:0 
  at UnityEditor.Scripting.ScriptCompilation.LoadingAssemblyDefinition.SetAllCustomScriptAssemblyReferenceJsonsContents (System.String[] paths, System.String[] contents) [0x00172] in <11d97693183d4a6bb35c29ae7882c66b>:0 
UnityEngine.DebugLogHandler:Internal_LogException(Exception, Object)
UnityEngine.DebugLogHandler:LogException(Exception, Object)
UnityEngine.Logger:LogException(Exception, Object)
UnityEngine.Debug:LogException(Exception)
UnityEditor.Scripting.ScriptCompilation.EditorCompilationInterface:LogException(Exception)
UnityEditor.Scripting.ScriptCompilation.EditorCompilationInterface:EmitExceptionsAsErrors(Exception[])
UnityEditor.Scripting.ScriptCompilation.EditorCompilationInterface:SetAllCustomScriptAssemblyReferenceJsons(String[], String[])

ArgumentException: An item with the same key has already been added. Key: 00000000000000000000000000000000
  at System.Collections.Generic.Dictionary`2[TKey,TValue].TryInsert (TKey key, TValue value, System.Collections.Generic.InsertionBehavior behavior) [0x0015a] in <75633565436c42f0a6426b33f0132ade>:0 
  at System.Collections.Generic.Dictionary`2[TKey,TValue].Add (TKey key, TValue value) [0x00000] in <75633565436c42f0a6426b33f0132ade>:0 
  at System.Linq.Enumerable.ToDictionary[TSource,TKey] (TSource[] source, System.Func`2[T,TResult] keySelector, System.Collections.Generic.IEqualityComparer`1[T] comparer) [0x0001c] in <1c318258bf0843289b0e2cbe692fee39>:0 
  at System.Linq.Enumerable.ToDictionary[TSource,TKey] (System.Collections.Generic.IEnumerable`1[T] source, System.Func`2[T,TResult] keySelector, System.Collections.Generic.IEqualityComparer`1[T] comparer) [0x00043] in <1c318258bf0843289b0e2cbe692fee39>:0 
  at System.Linq.Enumerable.ToDictionary[TSource,TKey] (System.Collections.Generic.IEnumerable`1[T] source, System.Func`2[T,TResult] keySelector) [0x00000] in <1c318258bf0843289b0e2cbe692fee39>:0 
  at UnityEditor.Scripting.ScriptCompilation.LoadingAssemblyDefinition.SetAllCustomScriptAssemblyReferenceJsonsContents (System.String[] paths, System.String[] contents) [0x00172] in <11d97693183d4a6bb35c29ae7882c66b>:0 
UnityEngine.DebugLogHandler:Internal_LogException(Exception, Object)
UnityEngine.DebugLogHandler:LogException(Exception, Object)
UnityEngine.Logger:LogException(Exception, Object)
UnityEngine.Debug:LogException(Exception)
UnityEditor.Scripting.ScriptCompilation.EditorCompilationInterface:LogException(Exception)
UnityEditor.Scripting.ScriptCompilation.EditorCompilationInterface:EmitExceptionsAsErrors(Exception[])
UnityEditor.Scripting.ScriptCompilation.EditorCompilationInterface:SetAllCustomScriptAssemblyReferenceJsons(String[], String[])

Begin MonoManager ReloadAssembly
Native extension for WindowsStandalone target not found
Native extension for Android target not found
Refreshing native plugins compatible for Editor in 0.35 ms, found 7 plugins.
Preloading 1 native plugins for Editor in 0.05 ms.
ArgumentException: An item with the same key has already been added. Key: 00000000000000000000000000000000
  at System.Collections.Generic.Dictionary`2[TKey,TValue].TryInsert (TKey key, TValue value, System.Collections.Generic.InsertionBehavior behavior) [0x0015a] in <75633565436c42f0a6426b33f0132ade>:0 
  at System.Collections.Generic.Dictionary`2[TKey,TValue].Add (TKey key, TValue value) [0x00000] in <75633565436c42f0a6426b33f0132ade>:0 
  at System.Linq.Enumerable.ToDictionary[TSource,TKey] (TSource[] source, System.Func`2[T,TResult] keySelector, System.Collections.Generic.IEqualityComparer`1[T] comparer) [0x0001c] in <1c318258bf0843289b0e2cbe692fee39>:0 
  at System.Linq.Enumerable.ToDictionary[TSource,TKey] (System.Collections.Generic.IEnumerable`1[T] source, System.Func`2[T,TResult] keySelector, System.Collections.Generic.IEqualityComparer`1[T] comparer) [0x00043] in <1c318258bf0843289b0e2cbe692fee39>:0 
  at System.Linq.Enumerable.ToDictionary[TSource,TKey] (System.Collections.Generic.IEnumerable`1[T] source, System.Func`2[T,TResult] keySelector) [0x00000] in <1c318258bf0843289b0e2cbe692fee39>:0 
  at UnityEditor.Scripting.ScriptCompilation.LoadingAssemblyDefinition.SetAllCustomScriptAssemblyReferenceJsonsContents (System.String[] paths, System.String[] contents) [0x00172] in <11d97693183d4a6bb35c29ae7882c66b>:0 
UnityEngine.DebugLogHandler:Internal_LogException(Exception, Object)
UnityEngine.DebugLogHandler:LogException(Exception, Object)
UnityEngine.Logger:LogException(Exception, Object)
UnityEngine.Debug:LogException(Exception)
UnityEditor.Scripting.ScriptCompilation.EditorCompilationInterface:LogException(Exception)
UnityEditor.Scripting.ScriptCompilation.EditorCompilationInterface:EmitExceptionsAsErrors(Exception[])
UnityEditor.Scripting.ScriptCompilation.EditorCompilationInterface:SetAllCustomScriptAssemblyReferenceJsons(String[], String[])

PackageInfo()
UnityEngine.StackTraceUtility:ExtractStackTrace ()
UnityEngine.DebugLogHandler:LogFormat (UnityEngine.LogType,UnityEngine.Object,string,object[])
UnityEngine.Logger:Log (UnityEngine.LogType,object)
UnityEngine.Debug:Log (object)
Wave.Essence.Editor.PackageInfo:.cctor () (at Library/PackageCache/com.htc.upm.wave.essence@59208443d6/Editor/EssenceSettingsProvider.cs:1256)
System.Runtime.CompilerServices.RuntimeHelpers:RunClassConstructor (System.RuntimeTypeHandle)
UnityEditor.EditorAssemblies:ProcessInitializeOnLoadAttributes (System.Type[])

(Filename: Library/PackageCache/com.htc.upm.wave.essence@59208443d6/Editor/EssenceSettingsProvider.cs Line: 1256)

Mono: successfully reloaded assembly
- Completed reload, in  0.404 seconds
Domain Reload Profiling:
	ReloadAssembly (404ms)
		BeginReloadAssembly (68ms)
			ExecutionOrderSort (0ms)
			DisableScriptedObjects (3ms)
			BackupInstance (0ms)
			ReleaseScriptingObjects (0ms)
			CreateAndSetChildDomain (15ms)
		EndReloadAssembly (285ms)
			LoadAssemblies (37ms)
			RebuildTransferFunctionScriptingTraits (0ms)
			SetupTypeCache (82ms)
			ReleaseScriptCaches (0ms)
			RebuildScriptCaches (18ms)
			SetupLoadedEditorAssemblies (129ms)
				LogAssemblyErrors (0ms)
				InitializePlatformSupportModulesInManaged (11ms)
				SetLoadedEditorAssemblies (0ms)
				RefreshPlugins (0ms)
				BeforeProcessingInitializeOnLoad (40ms)
				ProcessInitializeOnLoadAttributes (66ms)
				ProcessInitializeOnLoadMethodAttributes (10ms)
				AfterProcessingInitializeOnLoad (1ms)
				EditorAssembliesLoaded (0ms)
			ExecutionOrderSort2 (0ms)
			AwakeInstancesAfterBackupRestoration (4ms)
Platform modules already initialized, skipping
Refreshing native plugins compatible for Editor in 0.65 ms, found 7 plugins.
Preloading 1 native plugins for Editor in 0.04 ms.
Unloading 1745 Unused Serialized files (Serialized files now loaded: 0)
Unloading 12 unused Assets / (25.8 KB). Loaded Objects now: 2309.
Memory consumption went from 81.3 MB to 81.3 MB.
Total: 1.504300 ms (FindLiveObjects: 0.084100 ms CreateObjectMapping: 0.023300 ms MarkObjects: 1.382800 ms  DeleteObjects: 0.013500 ms)

AssetImportParameters requested are different than current active one (requested -> active):
  custom:video-decoder-ogg-theora: a1e56fd34408186e4bbccfd4996cb3dc -> 
  custom:container-muxer-webm: aa71ff27fc2769a1b78a27578f13a17b -> 
  custom:container-demuxer-webm: 4f35f7cbe854078d1ac9338744f61a02 -> 
  custom:video-encoder-webm-vp8: eb34c28f22e8b96e1ab97ce403110664 -> 
  custom:video-codec-MediaFoundation-h265: 746d11721c4dcdbdad8f713fa42b33f4 -> 
  custom:audio-encoder-webm-vorbis: bf7c407c2cedff20999df2af8eb42d56 -> 
  custom:framework-win-MediaFoundation: 216162199b28c13a410421893ffa2e32 -> 
  custom:container-demuxer-ogg: 62fdf1f143b41e24485cea50d1cbac27 -> 
  custom:video-decoder-webm-vp8: 9c59270c3fd7afecdb556c50c9e8de78 -> 
  custom:audio-decoder-ogg-vorbis: bf7c407c2cedff20999df2af8eb42d56 -> 
========================================================================
Received Prepare
Registering precompiled user dll's ...
Registered in 0.000665 seconds.
ArgumentException: An item with the same key has already been added. Key: 00000000000000000000000000000000
  at System.Collections.Generic.Dictionary`2[TKey,TValue].TryInsert (TKey key, TValue value, System.Collections.Generic.InsertionBehavior behavior) [0x0015a] in <75633565436c42f0a6426b33f0132ade>:0 
  at System.Collections.Generic.Dictionary`2[TKey,TValue].Add (TKey key, TValue value) [0x00000] in <75633565436c42f0a6426b33f0132ade>:0 
  at System.Linq.Enumerable.ToDictionary[TSource,TKey] (TSource[] source, System.Func`2[T,TResult] keySelector, System.Collections.Generic.IEqualityComparer`1[T] comparer) [0x0001c] in <1c318258bf0843289b0e2cbe692fee39>:0 
  at System.Linq.Enumerable.ToDictionary[TSource,TKey] (System.Collections.Generic.IEnumerable`1[T] source, System.Func`2[T,TResult] keySelector, System.Collections.Generic.IEqualityComparer`1[T] comparer) [0x00043] in <1c318258bf0843289b0e2cbe692fee39>:0 
  at System.Linq.Enumerable.ToDictionary[TSource,TKey] (System.Collections.Generic.IEnumerable`1[T] source, System.Func`2[T,TResult] keySelector) [0x00000] in <1c318258bf0843289b0e2cbe692fee39>:0 
  at UnityEditor.Scripting.ScriptCompilation.LoadingAssemblyDefinition.SetAllCustomScriptAssemblyReferenceJsonsContents (System.String[] paths, System.String[] contents) [0x00172] in <11d97693183d4a6bb35c29ae7882c66b>:0 
UnityEngine.DebugLogHandler:Internal_LogException(Exception, Object)
UnityEngine.DebugLogHandler:LogException(Exception, Object)
UnityEngine.Logger:LogException(Exception, Object)
UnityEngine.Debug:LogException(Exception)
UnityEditor.Scripting.ScriptCompilation.EditorCompilationInterface:LogException(Exception)
UnityEditor.Scripting.ScriptCompilation.EditorCompilationInterface:EmitExceptionsAsErrors(Exception[])
UnityEditor.Scripting.ScriptCompilation.EditorCompilationInterface:SetAllCustomScriptAssemblyReferenceJsons(String[], String[])

ArgumentException: An item with the same key has already been added. Key: 00000000000000000000000000000000
  at System.Collections.Generic.Dictionary`2[TKey,TValue].TryInsert (TKey key, TValue value, System.Collections.Generic.InsertionBehavior behavior) [0x0015a] in <75633565436c42f0a6426b33f0132ade>:0 
  at System.Collections.Generic.Dictionary`2[TKey,TValue].Add (TKey key, TValue value) [0x00000] in <75633565436c42f0a6426b33f0132ade>:0 
  at System.Linq.Enumerable.ToDictionary[TSource,TKey] (TSource[] source, System.Func`2[T,TResult] keySelector, System.Collections.Generic.IEqualityComparer`1[T] comparer) [0x0001c] in <1c318258bf0843289b0e2cbe692fee39>:0 
  at System.Linq.Enumerable.ToDictionary[TSource,TKey] (System.Collections.Generic.IEnumerable`1[T] source, System.Func`2[T,TResult] keySelector, System.Collections.Generic.IEqualityComparer`1[T] comparer) [0x00043] in <1c318258bf0843289b0e2cbe692fee39>:0 
  at System.Linq.Enumerable.ToDictionary[TSource,TKey] (System.Collections.Generic.IEnumerable`1[T] source, System.Func`2[T,TResult] keySelector) [0x00000] in <1c318258bf0843289b0e2cbe692fee39>:0 
  at UnityEditor.Scripting.ScriptCompilation.LoadingAssemblyDefinition.SetAllCustomScriptAssemblyReferenceJsonsContents (System.String[] paths, System.String[] contents) [0x00172] in <11d97693183d4a6bb35c29ae7882c66b>:0 
UnityEngine.DebugLogHandler:Internal_LogException(Exception, Object)
UnityEngine.DebugLogHandler:LogException(Exception, Object)
UnityEngine.Logger:LogException(Exception, Object)
UnityEngine.Debug:LogException(Exception)
UnityEditor.Scripting.ScriptCompilation.EditorCompilationInterface:LogException(Exception)
UnityEditor.Scripting.ScriptCompilation.EditorCompilationInterface:EmitExceptionsAsErrors(Exception[])
UnityEditor.Scripting.ScriptCompilation.EditorCompilationInterface:SetAllCustomScriptAssemblyReferenceJsons(String[], String[])

Begin MonoManager ReloadAssembly
Native extension for WindowsStandalone target not found
Native extension for Android target not found
Refreshing native plugins compatible for Editor in 0.34 ms, found 7 plugins.
Preloading 1 native plugins for Editor in 0.05 ms.
ArgumentException: An item with the same key has already been added. Key: 00000000000000000000000000000000
  at System.Collections.Generic.Dictionary`2[TKey,TValue].TryInsert (TKey key, TValue value, System.Collections.Generic.InsertionBehavior behavior) [0x0015a] in <75633565436c42f0a6426b33f0132ade>:0 
  at System.Collections.Generic.Dictionary`2[TKey,TValue].Add (TKey key, TValue value) [0x00000] in <75633565436c42f0a6426b33f0132ade>:0 
  at System.Linq.Enumerable.ToDictionary[TSource,TKey] (TSource[] source, System.Func`2[T,TResult] keySelector, System.Collections.Generic.IEqualityComparer`1[T] comparer) [0x0001c] in <1c318258bf0843289b0e2cbe692fee39>:0 
  at System.Linq.Enumerable.ToDictionary[TSource,TKey] (System.Collections.Generic.IEnumerable`1[T] source, System.Func`2[T,TResult] keySelector, System.Collections.Generic.IEqualityComparer`1[T] comparer) [0x00043] in <1c318258bf0843289b0e2cbe692fee39>:0 
  at System.Linq.Enumerable.ToDictionary[TSource,TKey] (System.Collections.Generic.IEnumerable`1[T] source, System.Func`2[T,TResult] keySelector) [0x00000] in <1c318258bf0843289b0e2cbe692fee39>:0 
  at UnityEditor.Scripting.ScriptCompilation.LoadingAssemblyDefinition.SetAllCustomScriptAssemblyReferenceJsonsContents (System.String[] paths, System.String[] contents) [0x00172] in <11d97693183d4a6bb35c29ae7882c66b>:0 
UnityEngine.DebugLogHandler:Internal_LogException(Exception, Object)
UnityEngine.DebugLogHandler:LogException(Exception, Object)
UnityEngine.Logger:LogException(Exception, Object)
UnityEngine.Debug:LogException(Exception)
UnityEditor.Scripting.ScriptCompilation.EditorCompilationInterface:LogException(Exception)
UnityEditor.Scripting.ScriptCompilation.EditorCompilationInterface:EmitExceptionsAsErrors(Exception[])
UnityEditor.Scripting.ScriptCompilation.EditorCompilationInterface:SetAllCustomScriptAssemblyReferenceJsons(String[], String[])

PackageInfo()
UnityEngine.StackTraceUtility:ExtractStackTrace ()
UnityEngine.DebugLogHandler:LogFormat (UnityEngine.LogType,UnityEngine.Object,string,object[])
UnityEngine.Logger:Log (UnityEngine.LogType,object)
UnityEngine.Debug:Log (object)
Wave.Essence.Editor.PackageInfo:.cctor () (at Library/PackageCache/com.htc.upm.wave.essence@59208443d6/Editor/EssenceSettingsProvider.cs:1256)
System.Runtime.CompilerServices.RuntimeHelpers:RunClassConstructor (System.RuntimeTypeHandle)
UnityEditor.EditorAssemblies:ProcessInitializeOnLoadAttributes (System.Type[])

(Filename: Library/PackageCache/com.htc.upm.wave.essence@59208443d6/Editor/EssenceSettingsProvider.cs Line: 1256)

Mono: successfully reloaded assembly
- Completed reload, in  0.400 seconds
Domain Reload Profiling:
	ReloadAssembly (400ms)
		BeginReloadAssembly (66ms)
			ExecutionOrderSort (0ms)
			DisableScriptedObjects (2ms)
			BackupInstance (0ms)
			ReleaseScriptingObjects (0ms)
			CreateAndSetChildDomain (13ms)
		EndReloadAssembly (283ms)
			LoadAssemblies (37ms)
			RebuildTransferFunctionScriptingTraits (0ms)
			SetupTypeCache (81ms)
			ReleaseScriptCaches (0ms)
			RebuildScriptCaches (17ms)
			SetupLoadedEditorAssemblies (129ms)
				LogAssemblyErrors (0ms)
				InitializePlatformSupportModulesInManaged (11ms)
				SetLoadedEditorAssemblies (0ms)
				RefreshPlugins (0ms)
				BeforeProcessingInitializeOnLoad (40ms)
				ProcessInitializeOnLoadAttributes (66ms)
				ProcessInitializeOnLoadMethodAttributes (11ms)
				AfterProcessingInitializeOnLoad (1ms)
				EditorAssembliesLoaded (0ms)
			ExecutionOrderSort2 (0ms)
			AwakeInstancesAfterBackupRestoration (3ms)
Platform modules already initialized, skipping
Refreshing native plugins compatible for Editor in 0.71 ms, found 7 plugins.
Preloading 1 native plugins for Editor in 0.04 ms.
Unloading 1745 Unused Serialized files (Serialized files now loaded: 0)
Unloading 12 unused Assets / (24.8 KB). Loaded Objects now: 2313.
Memory consumption went from 81.3 MB to 81.3 MB.
Total: 1.665900 ms (FindLiveObjects: 0.093100 ms CreateObjectMapping: 0.023000 ms MarkObjects: 1.536200 ms  DeleteObjects: 0.012700 ms)

AssetImportParameters requested are different than current active one (requested -> active):
  custom:video-decoder-ogg-theora: a1e56fd34408186e4bbccfd4996cb3dc -> 
  custom:container-muxer-webm: aa71ff27fc2769a1b78a27578f13a17b -> 
  custom:container-demuxer-webm: 4f35f7cbe854078d1ac9338744f61a02 -> 
  custom:video-encoder-webm-vp8: eb34c28f22e8b96e1ab97ce403110664 -> 
  custom:video-codec-MediaFoundation-h265: 746d11721c4dcdbdad8f713fa42b33f4 -> 
  custom:audio-encoder-webm-vorbis: bf7c407c2cedff20999df2af8eb42d56 -> 
  custom:framework-win-MediaFoundation: 216162199b28c13a410421893ffa2e32 -> 
  custom:container-demuxer-ogg: 62fdf1f143b41e24485cea50d1cbac27 -> 
  custom:video-decoder-webm-vp8: 9c59270c3fd7afecdb556c50c9e8de78 -> 
  custom:audio-decoder-ogg-vorbis: bf7c407c2cedff20999df2af8eb42d56 -> 
========================================================================
Received Prepare
Refreshing native plugins compatible for Editor in 1.32 ms, found 7 plugins.
Preloading 1 native plugins for Editor in 0.04 ms.
Unloading 13 Unused Serialized files (Serialized files now loaded: 0)
Unloading 13 unused Assets / (23.1 KB). Loaded Objects now: 2313.
Memory consumption went from 46.6 MB to 46.6 MB.
Total: 1.484900 ms (FindLiveObjects: 0.075900 ms CreateObjectMapping: 0.022000 ms MarkObjects: 1.376500 ms  DeleteObjects: 0.010200 ms)

AssetImportParameters requested are different than current active one (requested -> active):
  custom:video-decoder-ogg-theora: a1e56fd34408186e4bbccfd4996cb3dc -> 
  custom:container-muxer-webm: aa71ff27fc2769a1b78a27578f13a17b -> 
  custom:container-demuxer-webm: 4f35f7cbe854078d1ac9338744f61a02 -> 
  custom:video-encoder-webm-vp8: eb34c28f22e8b96e1ab97ce403110664 -> 
  custom:video-codec-MediaFoundation-h265: 746d11721c4dcdbdad8f713fa42b33f4 -> 
  custom:audio-encoder-webm-vorbis: bf7c407c2cedff20999df2af8eb42d56 -> 
  custom:framework-win-MediaFoundation: 216162199b28c13a410421893ffa2e32 -> 
  custom:container-demuxer-ogg: 62fdf1f143b41e24485cea50d1cbac27 -> 
  custom:video-decoder-webm-vp8: 9c59270c3fd7afecdb556c50c9e8de78 -> 
  custom:audio-decoder-ogg-vorbis: bf7c407c2cedff20999df2af8eb42d56 -> 
========================================================================
Received Prepare
Registering precompiled user dll's ...
Registered in 0.000679 seconds.
ArgumentException: An item with the same key has already been added. Key: 00000000000000000000000000000000
  at System.Collections.Generic.Dictionary`2[TKey,TValue].TryInsert (TKey key, TValue value, System.Collections.Generic.InsertionBehavior behavior) [0x0015a] in <75633565436c42f0a6426b33f0132ade>:0 
  at System.Collections.Generic.Dictionary`2[TKey,TValue].Add (TKey key, TValue value) [0x00000] in <75633565436c42f0a6426b33f0132ade>:0 
  at System.Linq.Enumerable.ToDictionary[TSource,TKey] (TSource[] source, System.Func`2[T,TResult] keySelector, System.Collections.Generic.IEqualityComparer`1[T] comparer) [0x0001c] in <1c318258bf0843289b0e2cbe692fee39>:0 
  at System.Linq.Enumerable.ToDictionary[TSource,TKey] (System.Collections.Generic.IEnumerable`1[T] source, System.Func`2[T,TResult] keySelector, System.Collections.Generic.IEqualityComparer`1[T] comparer) [0x00043] in <1c318258bf0843289b0e2cbe692fee39>:0 
  at System.Linq.Enumerable.ToDictionary[TSource,TKey] (System.Collections.Generic.IEnumerable`1[T] source, System.Func`2[T,TResult] keySelector) [0x00000] in <1c318258bf0843289b0e2cbe692fee39>:0 
  at UnityEditor.Scripting.ScriptCompilation.LoadingAssemblyDefinition.SetAllCustomScriptAssemblyReferenceJsonsContents (System.String[] paths, System.String[] contents) [0x00172] in <11d97693183d4a6bb35c29ae7882c66b>:0 
UnityEngine.DebugLogHandler:Internal_LogException(Exception, Object)
UnityEngine.DebugLogHandler:LogException(Exception, Object)
UnityEngine.Logger:LogException(Exception, Object)
UnityEngine.Debug:LogException(Exception)
UnityEditor.Scripting.ScriptCompilation.EditorCompilationInterface:LogException(Exception)
UnityEditor.Scripting.ScriptCompilation.EditorCompilationInterface:EmitExceptionsAsErrors(Exception[])
UnityEditor.Scripting.ScriptCompilation.EditorCompilationInterface:SetAllCustomScriptAssemblyReferenceJsons(String[], String[])

ArgumentException: An item with the same key has already been added. Key: 00000000000000000000000000000000
  at System.Collections.Generic.Dictionary`2[TKey,TValue].TryInsert (TKey key, TValue value, System.Collections.Generic.InsertionBehavior behavior) [0x0015a] in <75633565436c42f0a6426b33f0132ade>:0 
  at System.Collections.Generic.Dictionary`2[TKey,TValue].Add (TKey key, TValue value) [0x00000] in <75633565436c42f0a6426b33f0132ade>:0 
  at System.Linq.Enumerable.ToDictionary[TSource,TKey] (TSource[] source, System.Func`2[T,TResult] keySelector, System.Collections.Generic.IEqualityComparer`1[T] comparer) [0x0001c] in <1c318258bf0843289b0e2cbe692fee39>:0 
  at System.Linq.Enumerable.ToDictionary[TSource,TKey] (System.Collections.Generic.IEnumerable`1[T] source, System.Func`2[T,TResult] keySelector, System.Collections.Generic.IEqualityComparer`1[T] comparer) [0x00043] in <1c318258bf0843289b0e2cbe692fee39>:0 
  at System.Linq.Enumerable.ToDictionary[TSource,TKey] (System.Collections.Generic.IEnumerable`1[T] source, System.Func`2[T,TResult] keySelector) [0x00000] in <1c318258bf0843289b0e2cbe692fee39>:0 
  at UnityEditor.Scripting.ScriptCompilation.LoadingAssemblyDefinition.SetAllCustomScriptAssemblyReferenceJsonsContents (System.String[] paths, System.String[] contents) [0x00172] in <11d97693183d4a6bb35c29ae7882c66b>:0 
UnityEngine.DebugLogHandler:Internal_LogException(Exception, Object)
UnityEngine.DebugLogHandler:LogException(Exception, Object)
UnityEngine.Logger:LogException(Exception, Object)
UnityEngine.Debug:LogException(Exception)
UnityEditor.Scripting.ScriptCompilation.EditorCompilationInterface:LogException(Exception)
UnityEditor.Scripting.ScriptCompilation.EditorCompilationInterface:EmitExceptionsAsErrors(Exception[])
UnityEditor.Scripting.ScriptCompilation.EditorCompilationInterface:SetAllCustomScriptAssemblyReferenceJsons(String[], String[])

Begin MonoManager ReloadAssembly
Native extension for WindowsStandalone target not found
Native extension for Android target not found
Refreshing native plugins compatible for Editor in 0.34 ms, found 7 plugins.
Preloading 1 native plugins for Editor in 0.05 ms.
ArgumentException: An item with the same key has already been added. Key: 00000000000000000000000000000000
  at System.Collections.Generic.Dictionary`2[TKey,TValue].TryInsert (TKey key, TValue value, System.Collections.Generic.InsertionBehavior behavior) [0x0015a] in <75633565436c42f0a6426b33f0132ade>:0 
  at System.Collections.Generic.Dictionary`2[TKey,TValue].Add (TKey key, TValue value) [0x00000] in <75633565436c42f0a6426b33f0132ade>:0 
  at System.Linq.Enumerable.ToDictionary[TSource,TKey] (TSource[] source, System.Func`2[T,TResult] keySelector, System.Collections.Generic.IEqualityComparer`1[T] comparer) [0x0001c] in <1c318258bf0843289b0e2cbe692fee39>:0 
  at System.Linq.Enumerable.ToDictionary[TSource,TKey] (System.Collections.Generic.IEnumerable`1[T] source, System.Func`2[T,TResult] keySelector, System.Collections.Generic.IEqualityComparer`1[T] comparer) [0x00043] in <1c318258bf0843289b0e2cbe692fee39>:0 
  at System.Linq.Enumerable.ToDictionary[TSource,TKey] (System.Collections.Generic.IEnumerable`1[T] source, System.Func`2[T,TResult] keySelector) [0x00000] in <1c318258bf0843289b0e2cbe692fee39>:0 
  at UnityEditor.Scripting.ScriptCompilation.LoadingAssemblyDefinition.SetAllCustomScriptAssemblyReferenceJsonsContents (System.String[] paths, System.String[] contents) [0x00172] in <11d97693183d4a6bb35c29ae7882c66b>:0 
UnityEngine.DebugLogHandler:Internal_LogException(Exception, Object)
UnityEngine.DebugLogHandler:LogException(Exception, Object)
UnityEngine.Logger:LogException(Exception, Object)
UnityEngine.Debug:LogException(Exception)
UnityEditor.Scripting.ScriptCompilation.EditorCompilationInterface:LogException(Exception)
UnityEditor.Scripting.ScriptCompilation.EditorCompilationInterface:EmitExceptionsAsErrors(Exception[])
UnityEditor.Scripting.ScriptCompilation.EditorCompilationInterface:SetAllCustomScriptAssemblyReferenceJsons(String[], String[])

PackageInfo()
UnityEngine.StackTraceUtility:ExtractStackTrace ()
UnityEngine.DebugLogHandler:LogFormat (UnityEngine.LogType,UnityEngine.Object,string,object[])
UnityEngine.Logger:Log (UnityEngine.LogType,object)
UnityEngine.Debug:Log (object)
Wave.Essence.Editor.PackageInfo:.cctor () (at Library/PackageCache/com.htc.upm.wave.essence@59208443d6/Editor/EssenceSettingsProvider.cs:1256)
System.Runtime.CompilerServices.RuntimeHelpers:RunClassConstructor (System.RuntimeTypeHandle)
UnityEditor.EditorAssemblies:ProcessInitializeOnLoadAttributes (System.Type[])

(Filename: Library/PackageCache/com.htc.upm.wave.essence@59208443d6/Editor/EssenceSettingsProvider.cs Line: 1256)

Mono: successfully reloaded assembly
- Completed reload, in  0.406 seconds
Domain Reload Profiling:
	ReloadAssembly (406ms)
		BeginReloadAssembly (67ms)
			ExecutionOrderSort (0ms)
			DisableScriptedObjects (3ms)
			BackupInstance (0ms)
			ReleaseScriptingObjects (0ms)
			CreateAndSetChildDomain (13ms)
		EndReloadAssembly (288ms)
			LoadAssemblies (40ms)
			RebuildTransferFunctionScriptingTraits (0ms)
			SetupTypeCache (82ms)
			ReleaseScriptCaches (0ms)
			RebuildScriptCaches (18ms)
			SetupLoadedEditorAssemblies (130ms)
				LogAssemblyErrors (0ms)
				InitializePlatformSupportModulesInManaged (11ms)
				SetLoadedEditorAssemblies (0ms)
				RefreshPlugins (0ms)
				BeforeProcessingInitializeOnLoad (39ms)
				ProcessInitializeOnLoadAttributes (67ms)
				ProcessInitializeOnLoadMethodAttributes (11ms)
				AfterProcessingInitializeOnLoad (1ms)
				EditorAssembliesLoaded (0ms)
			ExecutionOrderSort2 (0ms)
			AwakeInstancesAfterBackupRestoration (3ms)
Platform modules already initialized, skipping
Refreshing native plugins compatible for Editor in 0.69 ms, found 7 plugins.
Preloading 1 native plugins for Editor in 0.04 ms.
Unloading 1745 Unused Serialized files (Serialized files now loaded: 0)
Unloading 12 unused Assets / (24.9 KB). Loaded Objects now: 2317.
Memory consumption went from 81.4 MB to 81.3 MB.
Total: 1.464600 ms (FindLiveObjects: 0.086000 ms CreateObjectMapping: 0.024500 ms MarkObjects: 1.342500 ms  DeleteObjects: 0.011000 ms)

AssetImportParameters requested are different than current active one (requested -> active):
  custom:video-decoder-ogg-theora: a1e56fd34408186e4bbccfd4996cb3dc -> 
  custom:container-muxer-webm: aa71ff27fc2769a1b78a27578f13a17b -> 
  custom:container-demuxer-webm: 4f35f7cbe854078d1ac9338744f61a02 -> 
  custom:video-encoder-webm-vp8: eb34c28f22e8b96e1ab97ce403110664 -> 
  custom:video-codec-MediaFoundation-h265: 746d11721c4dcdbdad8f713fa42b33f4 -> 
  custom:audio-encoder-webm-vorbis: bf7c407c2cedff20999df2af8eb42d56 -> 
  custom:framework-win-MediaFoundation: 216162199b28c13a410421893ffa2e32 -> 
  custom:container-demuxer-ogg: 62fdf1f143b41e24485cea50d1cbac27 -> 
  custom:video-decoder-webm-vp8: 9c59270c3fd7afecdb556c50c9e8de78 -> 
  custom:audio-decoder-ogg-vorbis: bf7c407c2cedff20999df2af8eb42d56 -> 
========================================================================
Received Prepare
Refreshing native plugins compatible for Editor in 1.22 ms, found 7 plugins.
Preloading 1 native plugins for Editor in 0.04 ms.
Unloading 13 Unused Serialized files (Serialized files now loaded: 0)
Unloading 13 unused Assets / (23.1 KB). Loaded Objects now: 2317.
Memory consumption went from 46.6 MB to 46.6 MB.
Total: 1.621000 ms (FindLiveObjects: 0.093700 ms CreateObjectMapping: 0.022000 ms MarkObjects: 1.492400 ms  DeleteObjects: 0.011300 ms)

AssetImportParameters requested are different than current active one (requested -> active):
  custom:video-decoder-ogg-theora: a1e56fd34408186e4bbccfd4996cb3dc -> 
  custom:container-muxer-webm: aa71ff27fc2769a1b78a27578f13a17b -> 
  custom:container-demuxer-webm: 4f35f7cbe854078d1ac9338744f61a02 -> 
  custom:video-encoder-webm-vp8: eb34c28f22e8b96e1ab97ce403110664 -> 
  custom:video-codec-MediaFoundation-h265: 746d11721c4dcdbdad8f713fa42b33f4 -> 
  custom:audio-encoder-webm-vorbis: bf7c407c2cedff20999df2af8eb42d56 -> 
  custom:framework-win-MediaFoundation: 216162199b28c13a410421893ffa2e32 -> 
  custom:container-demuxer-ogg: 62fdf1f143b41e24485cea50d1cbac27 -> 
  custom:video-decoder-webm-vp8: 9c59270c3fd7afecdb556c50c9e8de78 -> 
  custom:audio-decoder-ogg-vorbis: bf7c407c2cedff20999df2af8eb42d56 -> 
========================================================================
Received Prepare
Registering precompiled user dll's ...
Registered in 0.000727 seconds.
ArgumentException: An item with the same key has already been added. Key: 00000000000000000000000000000000
  at System.Collections.Generic.Dictionary`2[TKey,TValue].TryInsert (TKey key, TValue value, System.Collections.Generic.InsertionBehavior behavior) [0x0015a] in <75633565436c42f0a6426b33f0132ade>:0 
  at System.Collections.Generic.Dictionary`2[TKey,TValue].Add (TKey key, TValue value) [0x00000] in <75633565436c42f0a6426b33f0132ade>:0 
  at System.Linq.Enumerable.ToDictionary[TSource,TKey] (TSource[] source, System.Func`2[T,TResult] keySelector, System.Collections.Generic.IEqualityComparer`1[T] comparer) [0x0001c] in <1c318258bf0843289b0e2cbe692fee39>:0 
  at System.Linq.Enumerable.ToDictionary[TSource,TKey] (System.Collections.Generic.IEnumerable`1[T] source, System.Func`2[T,TResult] keySelector, System.Collections.Generic.IEqualityComparer`1[T] comparer) [0x00043] in <1c318258bf0843289b0e2cbe692fee39>:0 
  at System.Linq.Enumerable.ToDictionary[TSource,TKey] (System.Collections.Generic.IEnumerable`1[T] source, System.Func`2[T,TResult] keySelector) [0x00000] in <1c318258bf0843289b0e2cbe692fee39>:0 
  at UnityEditor.Scripting.ScriptCompilation.LoadingAssemblyDefinition.SetAllCustomScriptAssemblyReferenceJsonsContents (System.String[] paths, System.String[] contents) [0x00172] in <11d97693183d4a6bb35c29ae7882c66b>:0 
UnityEngine.DebugLogHandler:Internal_LogException(Exception, Object)
UnityEngine.DebugLogHandler:LogException(Exception, Object)
UnityEngine.Logger:LogException(Exception, Object)
UnityEngine.Debug:LogException(Exception)
UnityEditor.Scripting.ScriptCompilation.EditorCompilationInterface:LogException(Exception)
UnityEditor.Scripting.ScriptCompilation.EditorCompilationInterface:EmitExceptionsAsErrors(Exception[])
UnityEditor.Scripting.ScriptCompilation.EditorCompilationInterface:SetAllCustomScriptAssemblyReferenceJsons(String[], String[])

ArgumentException: An item with the same key has already been added. Key: 00000000000000000000000000000000
  at System.Collections.Generic.Dictionary`2[TKey,TValue].TryInsert (TKey key, TValue value, System.Collections.Generic.InsertionBehavior behavior) [0x0015a] in <75633565436c42f0a6426b33f0132ade>:0 
  at System.Collections.Generic.Dictionary`2[TKey,TValue].Add (TKey key, TValue value) [0x00000] in <75633565436c42f0a6426b33f0132ade>:0 
  at System.Linq.Enumerable.ToDictionary[TSource,TKey] (TSource[] source, System.Func`2[T,TResult] keySelector, System.Collections.Generic.IEqualityComparer`1[T] comparer) [0x0001c] in <1c318258bf0843289b0e2cbe692fee39>:0 
  at System.Linq.Enumerable.ToDictionary[TSource,TKey] (System.Collections.Generic.IEnumerable`1[T] source, System.Func`2[T,TResult] keySelector, System.Collections.Generic.IEqualityComparer`1[T] comparer) [0x00043] in <1c318258bf0843289b0e2cbe692fee39>:0 
  at System.Linq.Enumerable.ToDictionary[TSource,TKey] (System.Collections.Generic.IEnumerable`1[T] source, System.Func`2[T,TResult] keySelector) [0x00000] in <1c318258bf0843289b0e2cbe692fee39>:0 
  at UnityEditor.Scripting.ScriptCompilation.LoadingAssemblyDefinition.SetAllCustomScriptAssemblyReferenceJsonsContents (System.String[] paths, System.String[] contents) [0x00172] in <11d97693183d4a6bb35c29ae7882c66b>:0 
UnityEngine.DebugLogHandler:Internal_LogException(Exception, Object)
UnityEngine.DebugLogHandler:LogException(Exception, Object)
UnityEngine.Logger:LogException(Exception, Object)
UnityEngine.Debug:LogException(Exception)
UnityEditor.Scripting.ScriptCompilation.EditorCompilationInterface:LogException(Exception)
UnityEditor.Scripting.ScriptCompilation.EditorCompilationInterface:EmitExceptionsAsErrors(Exception[])
UnityEditor.Scripting.ScriptCompilation.EditorCompilationInterface:SetAllCustomScriptAssemblyReferenceJsons(String[], String[])

Begin MonoManager ReloadAssembly
Native extension for WindowsStandalone target not found
Native extension for Android target not found
Refreshing native plugins compatible for Editor in 0.34 ms, found 7 plugins.
Preloading 1 native plugins for Editor in 0.05 ms.
ArgumentException: An item with the same key has already been added. Key: 00000000000000000000000000000000
  at System.Collections.Generic.Dictionary`2[TKey,TValue].TryInsert (TKey key, TValue value, System.Collections.Generic.InsertionBehavior behavior) [0x0015a] in <75633565436c42f0a6426b33f0132ade>:0 
  at System.Collections.Generic.Dictionary`2[TKey,TValue].Add (TKey key, TValue value) [0x00000] in <75633565436c42f0a6426b33f0132ade>:0 
  at System.Linq.Enumerable.ToDictionary[TSource,TKey] (TSource[] source, System.Func`2[T,TResult] keySelector, System.Collections.Generic.IEqualityComparer`1[T] comparer) [0x0001c] in <1c318258bf0843289b0e2cbe692fee39>:0 
  at System.Linq.Enumerable.ToDictionary[TSource,TKey] (System.Collections.Generic.IEnumerable`1[T] source, System.Func`2[T,TResult] keySelector, System.Collections.Generic.IEqualityComparer`1[T] comparer) [0x00043] in <1c318258bf0843289b0e2cbe692fee39>:0 
  at System.Linq.Enumerable.ToDictionary[TSource,TKey] (System.Collections.Generic.IEnumerable`1[T] source, System.Func`2[T,TResult] keySelector) [0x00000] in <1c318258bf0843289b0e2cbe692fee39>:0 
  at UnityEditor.Scripting.ScriptCompilation.LoadingAssemblyDefinition.SetAllCustomScriptAssemblyReferenceJsonsContents (System.String[] paths, System.String[] contents) [0x00172] in <11d97693183d4a6bb35c29ae7882c66b>:0 
UnityEngine.DebugLogHandler:Internal_LogException(Exception, Object)
UnityEngine.DebugLogHandler:LogException(Exception, Object)
UnityEngine.Logger:LogException(Exception, Object)
UnityEngine.Debug:LogException(Exception)
UnityEditor.Scripting.ScriptCompilation.EditorCompilationInterface:LogException(Exception)
UnityEditor.Scripting.ScriptCompilation.EditorCompilationInterface:EmitExceptionsAsErrors(Exception[])
UnityEditor.Scripting.ScriptCompilation.EditorCompilationInterface:SetAllCustomScriptAssemblyReferenceJsons(String[], String[])

PackageInfo()
UnityEngine.StackTraceUtility:ExtractStackTrace ()
UnityEngine.DebugLogHandler:LogFormat (UnityEngine.LogType,UnityEngine.Object,string,object[])
UnityEngine.Logger:Log (UnityEngine.LogType,object)
UnityEngine.Debug:Log (object)
Wave.Essence.Editor.PackageInfo:.cctor () (at Library/PackageCache/com.htc.upm.wave.essence@59208443d6/Editor/EssenceSettingsProvider.cs:1256)
System.Runtime.CompilerServices.RuntimeHelpers:RunClassConstructor (System.RuntimeTypeHandle)
UnityEditor.EditorAssemblies:ProcessInitializeOnLoadAttributes (System.Type[])

(Filename: Library/PackageCache/com.htc.upm.wave.essence@59208443d6/Editor/EssenceSettingsProvider.cs Line: 1256)

Mono: successfully reloaded assembly
- Completed reload, in  0.411 seconds
Domain Reload Profiling:
	ReloadAssembly (412ms)
		BeginReloadAssembly (67ms)
			ExecutionOrderSort (0ms)
			DisableScriptedObjects (3ms)
			BackupInstance (0ms)
			ReleaseScriptingObjects (0ms)
			CreateAndSetChildDomain (14ms)
		EndReloadAssembly (293ms)
			LoadAssemblies (38ms)
			RebuildTransferFunctionScriptingTraits (0ms)
			SetupTypeCache (84ms)
			ReleaseScriptCaches (0ms)
			RebuildScriptCaches (18ms)
			SetupLoadedEditorAssemblies (133ms)
				LogAssemblyErrors (0ms)
				InitializePlatformSupportModulesInManaged (11ms)
				SetLoadedEditorAssemblies (0ms)
				RefreshPlugins (0ms)
				BeforeProcessingInitializeOnLoad (39ms)
				ProcessInitializeOnLoadAttributes (69ms)
				ProcessInitializeOnLoadMethodAttributes (11ms)
				AfterProcessingInitializeOnLoad (1ms)
				EditorAssembliesLoaded (0ms)
			ExecutionOrderSort2 (0ms)
			AwakeInstancesAfterBackupRestoration (3ms)
Platform modules already initialized, skipping
Refreshing native plugins compatible for Editor in 0.67 ms, found 7 plugins.
Preloading 1 native plugins for Editor in 0.04 ms.
Unloading 1745 Unused Serialized files (Serialized files now loaded: 0)
Unloading 12 unused Assets / (24.8 KB). Loaded Objects now: 2321.
Memory consumption went from 81.4 MB to 81.3 MB.
Total: 1.553900 ms (FindLiveObjects: 0.077900 ms CreateObjectMapping: 0.023100 ms MarkObjects: 1.441700 ms  DeleteObjects: 0.010600 ms)

AssetImportParameters requested are different than current active one (requested -> active):
  custom:video-decoder-ogg-theora: a1e56fd34408186e4bbccfd4996cb3dc -> 
  custom:container-muxer-webm: aa71ff27fc2769a1b78a27578f13a17b -> 
  custom:container-demuxer-webm: 4f35f7cbe854078d1ac9338744f61a02 -> 
  custom:video-encoder-webm-vp8: eb34c28f22e8b96e1ab97ce403110664 -> 
  custom:video-codec-MediaFoundation-h265: 746d11721c4dcdbdad8f713fa42b33f4 -> 
  custom:audio-encoder-webm-vorbis: bf7c407c2cedff20999df2af8eb42d56 -> 
  custom:framework-win-MediaFoundation: 216162199b28c13a410421893ffa2e32 -> 
  custom:container-demuxer-ogg: 62fdf1f143b41e24485cea50d1cbac27 -> 
  custom:video-decoder-webm-vp8: 9c59270c3fd7afecdb556c50c9e8de78 -> 
  custom:audio-decoder-ogg-vorbis: bf7c407c2cedff20999df2af8eb42d56 -> 
========================================================================
Received Prepare
Refreshing native plugins compatible for Editor in 1.33 ms, found 7 plugins.
Preloading 1 native plugins for Editor in 0.04 ms.
Unloading 13 Unused Serialized files (Serialized files now loaded: 0)
Unloading 13 unused Assets / (23.1 KB). Loaded Objects now: 2321.
Memory consumption went from 46.6 MB to 46.6 MB.
Total: 2.531300 ms (FindLiveObjects: 0.093400 ms CreateObjectMapping: 0.026100 ms MarkObjects: 2.398000 ms  DeleteObjects: 0.013100 ms)

AssetImportParameters requested are different than current active one (requested -> active):
  custom:video-decoder-ogg-theora: a1e56fd34408186e4bbccfd4996cb3dc -> 
  custom:container-muxer-webm: aa71ff27fc2769a1b78a27578f13a17b -> 
  custom:container-demuxer-webm: 4f35f7cbe854078d1ac9338744f61a02 -> 
  custom:video-encoder-webm-vp8: eb34c28f22e8b96e1ab97ce403110664 -> 
  custom:video-codec-MediaFoundation-h265: 746d11721c4dcdbdad8f713fa42b33f4 -> 
  custom:audio-encoder-webm-vorbis: bf7c407c2cedff20999df2af8eb42d56 -> 
  custom:framework-win-MediaFoundation: 216162199b28c13a410421893ffa2e32 -> 
  custom:container-demuxer-ogg: 62fdf1f143b41e24485cea50d1cbac27 -> 
  custom:video-decoder-webm-vp8: 9c59270c3fd7afecdb556c50c9e8de78 -> 
  custom:audio-decoder-ogg-vorbis: bf7c407c2cedff20999df2af8eb42d56 -> 
========================================================================
Received Prepare
Registering precompiled user dll's ...
Registered in 0.001790 seconds.
ArgumentException: An item with the same key has already been added. Key: 00000000000000000000000000000000
  at System.Collections.Generic.Dictionary`2[TKey,TValue].TryInsert (TKey key, TValue value, System.Collections.Generic.InsertionBehavior behavior) [0x0015a] in <75633565436c42f0a6426b33f0132ade>:0 
  at System.Collections.Generic.Dictionary`2[TKey,TValue].Add (TKey key, TValue value) [0x00000] in <75633565436c42f0a6426b33f0132ade>:0 
  at System.Linq.Enumerable.ToDictionary[TSource,TKey] (TSource[] source, System.Func`2[T,TResult] keySelector, System.Collections.Generic.IEqualityComparer`1[T] comparer) [0x0001c] in <1c318258bf0843289b0e2cbe692fee39>:0 
  at System.Linq.Enumerable.ToDictionary[TSource,TKey] (System.Collections.Generic.IEnumerable`1[T] source, System.Func`2[T,TResult] keySelector, System.Collections.Generic.IEqualityComparer`1[T] comparer) [0x00043] in <1c318258bf0843289b0e2cbe692fee39>:0 
  at System.Linq.Enumerable.ToDictionary[TSource,TKey] (System.Collections.Generic.IEnumerable`1[T] source, System.Func`2[T,TResult] keySelector) [0x00000] in <1c318258bf0843289b0e2cbe692fee39>:0 
  at UnityEditor.Scripting.ScriptCompilation.LoadingAssemblyDefinition.SetAllCustomScriptAssemblyReferenceJsonsContents (System.String[] paths, System.String[] contents) [0x00172] in <11d97693183d4a6bb35c29ae7882c66b>:0 
UnityEngine.DebugLogHandler:Internal_LogException(Exception, Object)
UnityEngine.DebugLogHandler:LogException(Exception, Object)
UnityEngine.Logger:LogException(Exception, Object)
UnityEngine.Debug:LogException(Exception)
UnityEditor.Scripting.ScriptCompilation.EditorCompilationInterface:LogException(Exception)
UnityEditor.Scripting.ScriptCompilation.EditorCompilationInterface:EmitExceptionsAsErrors(Exception[])
UnityEditor.Scripting.ScriptCompilation.EditorCompilationInterface:SetAllCustomScriptAssemblyReferenceJsons(String[], String[])

ArgumentException: An item with the same key has already been added. Key: 00000000000000000000000000000000
  at System.Collections.Generic.Dictionary`2[TKey,TValue].TryInsert (TKey key, TValue value, System.Collections.Generic.InsertionBehavior behavior) [0x0015a] in <75633565436c42f0a6426b33f0132ade>:0 
  at System.Collections.Generic.Dictionary`2[TKey,TValue].Add (TKey key, TValue value) [0x00000] in <75633565436c42f0a6426b33f0132ade>:0 
  at System.Linq.Enumerable.ToDictionary[TSource,TKey] (TSource[] source, System.Func`2[T,TResult] keySelector, System.Collections.Generic.IEqualityComparer`1[T] comparer) [0x0001c] in <1c318258bf0843289b0e2cbe692fee39>:0 
  at System.Linq.Enumerable.ToDictionary[TSource,TKey] (System.Collections.Generic.IEnumerable`1[T] source, System.Func`2[T,TResult] keySelector, System.Collections.Generic.IEqualityComparer`1[T] comparer) [0x00043] in <1c318258bf0843289b0e2cbe692fee39>:0 
  at System.Linq.Enumerable.ToDictionary[TSource,TKey] (System.Collections.Generic.IEnumerable`1[T] source, System.Func`2[T,TResult] keySelector) [0x00000] in <1c318258bf0843289b0e2cbe692fee39>:0 
  at UnityEditor.Scripting.ScriptCompilation.LoadingAssemblyDefinition.SetAllCustomScriptAssemblyReferenceJsonsContents (System.String[] paths, System.String[] contents) [0x00172] in <11d97693183d4a6bb35c29ae7882c66b>:0 
UnityEngine.DebugLogHandler:Internal_LogException(Exception, Object)
UnityEngine.DebugLogHandler:LogException(Exception, Object)
UnityEngine.Logger:LogException(Exception, Object)
UnityEngine.Debug:LogException(Exception)
UnityEditor.Scripting.ScriptCompilation.EditorCompilationInterface:LogException(Exception)
UnityEditor.Scripting.ScriptCompilation.EditorCompilationInterface:EmitExceptionsAsErrors(Exception[])
UnityEditor.Scripting.ScriptCompilation.EditorCompilationInterface:SetAllCustomScriptAssemblyReferenceJsons(String[], String[])

Begin MonoManager ReloadAssembly
Native extension for WindowsStandalone target not found
Native extension for Android target not found
Refreshing native plugins compatible for Editor in 0.34 ms, found 7 plugins.
Preloading 1 native plugins for Editor in 0.05 ms.
ArgumentException: An item with the same key has already been added. Key: 00000000000000000000000000000000
  at System.Collections.Generic.Dictionary`2[TKey,TValue].TryInsert (TKey key, TValue value, System.Collections.Generic.InsertionBehavior behavior) [0x0015a] in <75633565436c42f0a6426b33f0132ade>:0 
  at System.Collections.Generic.Dictionary`2[TKey,TValue].Add (TKey key, TValue value) [0x00000] in <75633565436c42f0a6426b33f0132ade>:0 
  at System.Linq.Enumerable.ToDictionary[TSource,TKey] (TSource[] source, System.Func`2[T,TResult] keySelector, System.Collections.Generic.IEqualityComparer`1[T] comparer) [0x0001c] in <1c318258bf0843289b0e2cbe692fee39>:0 
  at System.Linq.Enumerable.ToDictionary[TSource,TKey] (System.Collections.Generic.IEnumerable`1[T] source, System.Func`2[T,TResult] keySelector, System.Collections.Generic.IEqualityComparer`1[T] comparer) [0x00043] in <1c318258bf0843289b0e2cbe692fee39>:0 
  at System.Linq.Enumerable.ToDictionary[TSource,TKey] (System.Collections.Generic.IEnumerable`1[T] source, System.Func`2[T,TResult] keySelector) [0x00000] in <1c318258bf0843289b0e2cbe692fee39>:0 
  at UnityEditor.Scripting.ScriptCompilation.LoadingAssemblyDefinition.SetAllCustomScriptAssemblyReferenceJsonsContents (System.String[] paths, System.String[] contents) [0x00172] in <11d97693183d4a6bb35c29ae7882c66b>:0 
UnityEngine.DebugLogHandler:Internal_LogException(Exception, Object)
UnityEngine.DebugLogHandler:LogException(Exception, Object)
UnityEngine.Logger:LogException(Exception, Object)
UnityEngine.Debug:LogException(Exception)
UnityEditor.Scripting.ScriptCompilation.EditorCompilationInterface:LogException(Exception)
UnityEditor.Scripting.ScriptCompilation.EditorCompilationInterface:EmitExceptionsAsErrors(Exception[])
UnityEditor.Scripting.ScriptCompilation.EditorCompilationInterface:SetAllCustomScriptAssemblyReferenceJsons(String[], String[])

PackageInfo()
UnityEngine.StackTraceUtility:ExtractStackTrace ()
UnityEngine.DebugLogHandler:LogFormat (UnityEngine.LogType,UnityEngine.Object,string,object[])
UnityEngine.Logger:Log (UnityEngine.LogType,object)
UnityEngine.Debug:Log (object)
Wave.Essence.Editor.PackageInfo:.cctor () (at Library/PackageCache/com.htc.upm.wave.essence@59208443d6/Editor/EssenceSettingsProvider.cs:1256)
System.Runtime.CompilerServices.RuntimeHelpers:RunClassConstructor (System.RuntimeTypeHandle)
UnityEditor.EditorAssemblies:ProcessInitializeOnLoadAttributes (System.Type[])

(Filename: Library/PackageCache/com.htc.upm.wave.essence@59208443d6/Editor/EssenceSettingsProvider.cs Line: 1256)

Mono: successfully reloaded assembly
- Completed reload, in  0.400 seconds
Domain Reload Profiling:
	ReloadAssembly (400ms)
		BeginReloadAssembly (66ms)
			ExecutionOrderSort (0ms)
			DisableScriptedObjects (3ms)
			BackupInstance (0ms)
			ReleaseScriptingObjects (0ms)
			CreateAndSetChildDomain (13ms)
		EndReloadAssembly (284ms)
			LoadAssemblies (37ms)
			RebuildTransferFunctionScriptingTraits (0ms)
			SetupTypeCache (81ms)
			ReleaseScriptCaches (0ms)
			RebuildScriptCaches (18ms)
			SetupLoadedEditorAssemblies (128ms)
				LogAssemblyErrors (0ms)
				InitializePlatformSupportModulesInManaged (11ms)
				SetLoadedEditorAssemblies (0ms)
				RefreshPlugins (0ms)
				BeforeProcessingInitializeOnLoad (40ms)
				ProcessInitializeOnLoadAttributes (66ms)
				ProcessInitializeOnLoadMethodAttributes (10ms)
				AfterProcessingInitializeOnLoad (1ms)
				EditorAssembliesLoaded (0ms)
			ExecutionOrderSort2 (0ms)
			AwakeInstancesAfterBackupRestoration (3ms)
Platform modules already initialized, skipping
Refreshing native plugins compatible for Editor in 0.67 ms, found 7 plugins.
Preloading 1 native plugins for Editor in 0.04 ms.
Unloading 1745 Unused Serialized files (Serialized files now loaded: 0)
Unloading 12 unused Assets / (24.8 KB). Loaded Objects now: 2325.
Memory consumption went from 81.4 MB to 81.4 MB.
Total: 1.673500 ms (FindLiveObjects: 0.087200 ms CreateObjectMapping: 0.024200 ms MarkObjects: 1.551000 ms  DeleteObjects: 0.010700 ms)

AssetImportParameters requested are different than current active one (requested -> active):
  custom:video-decoder-ogg-theora: a1e56fd34408186e4bbccfd4996cb3dc -> 
  custom:container-muxer-webm: aa71ff27fc2769a1b78a27578f13a17b -> 
  custom:container-demuxer-webm: 4f35f7cbe854078d1ac9338744f61a02 -> 
  custom:video-encoder-webm-vp8: eb34c28f22e8b96e1ab97ce403110664 -> 
  custom:video-codec-MediaFoundation-h265: 746d11721c4dcdbdad8f713fa42b33f4 -> 
  custom:audio-encoder-webm-vorbis: bf7c407c2cedff20999df2af8eb42d56 -> 
  custom:framework-win-MediaFoundation: 216162199b28c13a410421893ffa2e32 -> 
  custom:container-demuxer-ogg: 62fdf1f143b41e24485cea50d1cbac27 -> 
  custom:video-decoder-webm-vp8: 9c59270c3fd7afecdb556c50c9e8de78 -> 
  custom:audio-decoder-ogg-vorbis: bf7c407c2cedff20999df2af8eb42d56 -> 
========================================================================
Received Prepare
Refreshing native plugins compatible for Editor in 1.37 ms, found 7 plugins.
Preloading 1 native plugins for Editor in 0.04 ms.
Unloading 13 Unused Serialized files (Serialized files now loaded: 0)
Unloading 13 unused Assets / (22.1 KB). Loaded Objects now: 2325.
Memory consumption went from 46.7 MB to 46.6 MB.
Total: 1.716900 ms (FindLiveObjects: 0.089900 ms CreateObjectMapping: 0.024100 ms MarkObjects: 1.590900 ms  DeleteObjects: 0.011600 ms)

AssetImportParameters requested are different than current active one (requested -> active):
  custom:video-decoder-ogg-theora: a1e56fd34408186e4bbccfd4996cb3dc -> 
  custom:container-muxer-webm: aa71ff27fc2769a1b78a27578f13a17b -> 
  custom:container-demuxer-webm: 4f35f7cbe854078d1ac9338744f61a02 -> 
  custom:video-encoder-webm-vp8: eb34c28f22e8b96e1ab97ce403110664 -> 
  custom:video-codec-MediaFoundation-h265: 746d11721c4dcdbdad8f713fa42b33f4 -> 
  custom:audio-encoder-webm-vorbis: bf7c407c2cedff20999df2af8eb42d56 -> 
  custom:framework-win-MediaFoundation: 216162199b28c13a410421893ffa2e32 -> 
  custom:container-demuxer-ogg: 62fdf1f143b41e24485cea50d1cbac27 -> 
  custom:video-decoder-webm-vp8: 9c59270c3fd7afecdb556c50c9e8de78 -> 
  custom:audio-decoder-ogg-vorbis: bf7c407c2cedff20999df2af8eb42d56 -> 
========================================================================
Received Prepare
Registering precompiled user dll's ...
Registered in 0.000652 seconds.
ArgumentException: An item with the same key has already been added. Key: 00000000000000000000000000000000
  at System.Collections.Generic.Dictionary`2[TKey,TValue].TryInsert (TKey key, TValue value, System.Collections.Generic.InsertionBehavior behavior) [0x0015a] in <75633565436c42f0a6426b33f0132ade>:0 
  at System.Collections.Generic.Dictionary`2[TKey,TValue].Add (TKey key, TValue value) [0x00000] in <75633565436c42f0a6426b33f0132ade>:0 
  at System.Linq.Enumerable.ToDictionary[TSource,TKey] (TSource[] source, System.Func`2[T,TResult] keySelector, System.Collections.Generic.IEqualityComparer`1[T] comparer) [0x0001c] in <1c318258bf0843289b0e2cbe692fee39>:0 
  at System.Linq.Enumerable.ToDictionary[TSource,TKey] (System.Collections.Generic.IEnumerable`1[T] source, System.Func`2[T,TResult] keySelector, System.Collections.Generic.IEqualityComparer`1[T] comparer) [0x00043] in <1c318258bf0843289b0e2cbe692fee39>:0 
  at System.Linq.Enumerable.ToDictionary[TSource,TKey] (System.Collections.Generic.IEnumerable`1[T] source, System.Func`2[T,TResult] keySelector) [0x00000] in <1c318258bf0843289b0e2cbe692fee39>:0 
  at UnityEditor.Scripting.ScriptCompilation.LoadingAssemblyDefinition.SetAllCustomScriptAssemblyReferenceJsonsContents (System.String[] paths, System.String[] contents) [0x00172] in <11d97693183d4a6bb35c29ae7882c66b>:0 
UnityEngine.DebugLogHandler:Internal_LogException(Exception, Object)
UnityEngine.DebugLogHandler:LogException(Exception, Object)
UnityEngine.Logger:LogException(Exception, Object)
UnityEngine.Debug:LogException(Exception)
UnityEditor.Scripting.ScriptCompilation.EditorCompilationInterface:LogException(Exception)
UnityEditor.Scripting.ScriptCompilation.EditorCompilationInterface:EmitExceptionsAsErrors(Exception[])
UnityEditor.Scripting.ScriptCompilation.EditorCompilationInterface:SetAllCustomScriptAssemblyReferenceJsons(String[], String[])

ArgumentException: An item with the same key has already been added. Key: 00000000000000000000000000000000
  at System.Collections.Generic.Dictionary`2[TKey,TValue].TryInsert (TKey key, TValue value, System.Collections.Generic.InsertionBehavior behavior) [0x0015a] in <75633565436c42f0a6426b33f0132ade>:0 
  at System.Collections.Generic.Dictionary`2[TKey,TValue].Add (TKey key, TValue value) [0x00000] in <75633565436c42f0a6426b33f0132ade>:0 
  at System.Linq.Enumerable.ToDictionary[TSource,TKey] (TSource[] source, System.Func`2[T,TResult] keySelector, System.Collections.Generic.IEqualityComparer`1[T] comparer) [0x0001c] in <1c318258bf0843289b0e2cbe692fee39>:0 
  at System.Linq.Enumerable.ToDictionary[TSource,TKey] (System.Collections.Generic.IEnumerable`1[T] source, System.Func`2[T,TResult] keySelector, System.Collections.Generic.IEqualityComparer`1[T] comparer) [0x00043] in <1c318258bf0843289b0e2cbe692fee39>:0 
  at System.Linq.Enumerable.ToDictionary[TSource,TKey] (System.Collections.Generic.IEnumerable`1[T] source, System.Func`2[T,TResult] keySelector) [0x00000] in <1c318258bf0843289b0e2cbe692fee39>:0 
  at UnityEditor.Scripting.ScriptCompilation.LoadingAssemblyDefinition.SetAllCustomScriptAssemblyReferenceJsonsContents (System.String[] paths, System.String[] contents) [0x00172] in <11d97693183d4a6bb35c29ae7882c66b>:0 
UnityEngine.DebugLogHandler:Internal_LogException(Exception, Object)
UnityEngine.DebugLogHandler:LogException(Exception, Object)
UnityEngine.Logger:LogException(Exception, Object)
UnityEngine.Debug:LogException(Exception)
UnityEditor.Scripting.ScriptCompilation.EditorCompilationInterface:LogException(Exception)
UnityEditor.Scripting.ScriptCompilation.EditorCompilationInterface:EmitExceptionsAsErrors(Exception[])
UnityEditor.Scripting.ScriptCompilation.EditorCompilationInterface:SetAllCustomScriptAssemblyReferenceJsons(String[], String[])

Begin MonoManager ReloadAssembly
Native extension for WindowsStandalone target not found
Native extension for Android target not found
Refreshing native plugins compatible for Editor in 0.33 ms, found 7 plugins.
Preloading 1 native plugins for Editor in 0.05 ms.
ArgumentException: An item with the same key has already been added. Key: 00000000000000000000000000000000
  at System.Collections.Generic.Dictionary`2[TKey,TValue].TryInsert (TKey key, TValue value, System.Collections.Generic.InsertionBehavior behavior) [0x0015a] in <75633565436c42f0a6426b33f0132ade>:0 
  at System.Collections.Generic.Dictionary`2[TKey,TValue].Add (TKey key, TValue value) [0x00000] in <75633565436c42f0a6426b33f0132ade>:0 
  at System.Linq.Enumerable.ToDictionary[TSource,TKey] (TSource[] source, System.Func`2[T,TResult] keySelector, System.Collections.Generic.IEqualityComparer`1[T] comparer) [0x0001c] in <1c318258bf0843289b0e2cbe692fee39>:0 
  at System.Linq.Enumerable.ToDictionary[TSource,TKey] (System.Collections.Generic.IEnumerable`1[T] source, System.Func`2[T,TResult] keySelector, System.Collections.Generic.IEqualityComparer`1[T] comparer) [0x00043] in <1c318258bf0843289b0e2cbe692fee39>:0 
  at System.Linq.Enumerable.ToDictionary[TSource,TKey] (System.Collections.Generic.IEnumerable`1[T] source, System.Func`2[T,TResult] keySelector) [0x00000] in <1c318258bf0843289b0e2cbe692fee39>:0 
  at UnityEditor.Scripting.ScriptCompilation.LoadingAssemblyDefinition.SetAllCustomScriptAssemblyReferenceJsonsContents (System.String[] paths, System.String[] contents) [0x00172] in <11d97693183d4a6bb35c29ae7882c66b>:0 
UnityEngine.DebugLogHandler:Internal_LogException(Exception, Object)
UnityEngine.DebugLogHandler:LogException(Exception, Object)
UnityEngine.Logger:LogException(Exception, Object)
UnityEngine.Debug:LogException(Exception)
UnityEditor.Scripting.ScriptCompilation.EditorCompilationInterface:LogException(Exception)
UnityEditor.Scripting.ScriptCompilation.EditorCompilationInterface:EmitExceptionsAsErrors(Exception[])
UnityEditor.Scripting.ScriptCompilation.EditorCompilationInterface:SetAllCustomScriptAssemblyReferenceJsons(String[], String[])

PackageInfo()
UnityEngine.StackTraceUtility:ExtractStackTrace ()
UnityEngine.DebugLogHandler:LogFormat (UnityEngine.LogType,UnityEngine.Object,string,object[])
UnityEngine.Logger:Log (UnityEngine.LogType,object)
UnityEngine.Debug:Log (object)
Wave.Essence.Editor.PackageInfo:.cctor () (at Library/PackageCache/com.htc.upm.wave.essence@59208443d6/Editor/EssenceSettingsProvider.cs:1256)
System.Runtime.CompilerServices.RuntimeHelpers:RunClassConstructor (System.RuntimeTypeHandle)
UnityEditor.EditorAssemblies:ProcessInitializeOnLoadAttributes (System.Type[])

(Filename: Library/PackageCache/com.htc.upm.wave.essence@59208443d6/Editor/EssenceSettingsProvider.cs Line: 1256)

Mono: successfully reloaded assembly
- Completed reload, in  0.404 seconds
Domain Reload Profiling:
	ReloadAssembly (405ms)
		BeginReloadAssembly (65ms)
			ExecutionOrderSort (0ms)
			DisableScriptedObjects (3ms)
			BackupInstance (0ms)
			ReleaseScriptingObjects (0ms)
			CreateAndSetChildDomain (14ms)
		EndReloadAssembly (289ms)
			LoadAssemblies (36ms)
			RebuildTransferFunctionScriptingTraits (0ms)
			SetupTypeCache (83ms)
			ReleaseScriptCaches (1ms)
			RebuildScriptCaches (18ms)
			SetupLoadedEditorAssemblies (132ms)
				LogAssemblyErrors (0ms)
				InitializePlatformSupportModulesInManaged (11ms)
				SetLoadedEditorAssemblies (0ms)
				RefreshPlugins (0ms)
				BeforeProcessingInitializeOnLoad (40ms)
				ProcessInitializeOnLoadAttributes (67ms)
				ProcessInitializeOnLoadMethodAttributes (10ms)
				AfterProcessingInitializeOnLoad (2ms)
				EditorAssembliesLoaded (0ms)
			ExecutionOrderSort2 (0ms)
			AwakeInstancesAfterBackupRestoration (3ms)
Platform modules already initialized, skipping
Refreshing native plugins compatible for Editor in 0.67 ms, found 7 plugins.
Preloading 1 native plugins for Editor in 0.04 ms.
Unloading 1745 Unused Serialized files (Serialized files now loaded: 0)
Unloading 12 unused Assets / (26.5 KB). Loaded Objects now: 2329.
Memory consumption went from 81.4 MB to 81.4 MB.
Total: 1.630000 ms (FindLiveObjects: 0.087400 ms CreateObjectMapping: 0.049000 ms MarkObjects: 1.481100 ms  DeleteObjects: 0.011800 ms)

AssetImportParameters requested are different than current active one (requested -> active):
  custom:video-decoder-ogg-theora: a1e56fd34408186e4bbccfd4996cb3dc -> 
  custom:container-muxer-webm: aa71ff27fc2769a1b78a27578f13a17b -> 
  custom:container-demuxer-webm: 4f35f7cbe854078d1ac9338744f61a02 -> 
  custom:video-encoder-webm-vp8: eb34c28f22e8b96e1ab97ce403110664 -> 
  custom:video-codec-MediaFoundation-h265: 746d11721c4dcdbdad8f713fa42b33f4 -> 
  custom:audio-encoder-webm-vorbis: bf7c407c2cedff20999df2af8eb42d56 -> 
  custom:framework-win-MediaFoundation: 216162199b28c13a410421893ffa2e32 -> 
  custom:container-demuxer-ogg: 62fdf1f143b41e24485cea50d1cbac27 -> 
  custom:video-decoder-webm-vp8: 9c59270c3fd7afecdb556c50c9e8de78 -> 
  custom:audio-decoder-ogg-vorbis: bf7c407c2cedff20999df2af8eb42d56 -> 
========================================================================
Received Prepare
Refreshing native plugins compatible for Editor in 1.28 ms, found 7 plugins.
Preloading 1 native plugins for Editor in 0.04 ms.
Unloading 13 Unused Serialized files (Serialized files now loaded: 0)
Unloading 13 unused Assets / (22.0 KB). Loaded Objects now: 2329.
Memory consumption went from 46.7 MB to 46.7 MB.
Total: 1.483000 ms (FindLiveObjects: 0.080400 ms CreateObjectMapping: 0.022700 ms MarkObjects: 1.368200 ms  DeleteObjects: 0.011200 ms)

AssetImportParameters requested are different than current active one (requested -> active):
  custom:video-decoder-ogg-theora: a1e56fd34408186e4bbccfd4996cb3dc -> 
  custom:container-muxer-webm: aa71ff27fc2769a1b78a27578f13a17b -> 
  custom:container-demuxer-webm: 4f35f7cbe854078d1ac9338744f61a02 -> 
  custom:video-encoder-webm-vp8: eb34c28f22e8b96e1ab97ce403110664 -> 
  custom:video-codec-MediaFoundation-h265: 746d11721c4dcdbdad8f713fa42b33f4 -> 
  custom:audio-encoder-webm-vorbis: bf7c407c2cedff20999df2af8eb42d56 -> 
  custom:framework-win-MediaFoundation: 216162199b28c13a410421893ffa2e32 -> 
  custom:container-demuxer-ogg: 62fdf1f143b41e24485cea50d1cbac27 -> 
  custom:video-decoder-webm-vp8: 9c59270c3fd7afecdb556c50c9e8de78 -> 
  custom:audio-decoder-ogg-vorbis: bf7c407c2cedff20999df2af8eb42d56 -> 
========================================================================
Received Prepare
Registering precompiled user dll's ...
Registered in 0.000699 seconds.
ArgumentException: An item with the same key has already been added. Key: 00000000000000000000000000000000
  at System.Collections.Generic.Dictionary`2[TKey,TValue].TryInsert (TKey key, TValue value, System.Collections.Generic.InsertionBehavior behavior) [0x0015a] in <75633565436c42f0a6426b33f0132ade>:0 
  at System.Collections.Generic.Dictionary`2[TKey,TValue].Add (TKey key, TValue value) [0x00000] in <75633565436c42f0a6426b33f0132ade>:0 
  at System.Linq.Enumerable.ToDictionary[TSource,TKey] (TSource[] source, System.Func`2[T,TResult] keySelector, System.Collections.Generic.IEqualityComparer`1[T] comparer) [0x0001c] in <1c318258bf0843289b0e2cbe692fee39>:0 
  at System.Linq.Enumerable.ToDictionary[TSource,TKey] (System.Collections.Generic.IEnumerable`1[T] source, System.Func`2[T,TResult] keySelector, System.Collections.Generic.IEqualityComparer`1[T] comparer) [0x00043] in <1c318258bf0843289b0e2cbe692fee39>:0 
  at System.Linq.Enumerable.ToDictionary[TSource,TKey] (System.Collections.Generic.IEnumerable`1[T] source, System.Func`2[T,TResult] keySelector) [0x00000] in <1c318258bf0843289b0e2cbe692fee39>:0 
  at UnityEditor.Scripting.ScriptCompilation.LoadingAssemblyDefinition.SetAllCustomScriptAssemblyReferenceJsonsContents (System.String[] paths, System.String[] contents) [0x00172] in <11d97693183d4a6bb35c29ae7882c66b>:0 
UnityEngine.DebugLogHandler:Internal_LogException(Exception, Object)
UnityEngine.DebugLogHandler:LogException(Exception, Object)
UnityEngine.Logger:LogException(Exception, Object)
UnityEngine.Debug:LogException(Exception)
UnityEditor.Scripting.ScriptCompilation.EditorCompilationInterface:LogException(Exception)
UnityEditor.Scripting.ScriptCompilation.EditorCompilationInterface:EmitExceptionsAsErrors(Exception[])
UnityEditor.Scripting.ScriptCompilation.EditorCompilationInterface:SetAllCustomScriptAssemblyReferenceJsons(String[], String[])

ArgumentException: An item with the same key has already been added. Key: 00000000000000000000000000000000
  at System.Collections.Generic.Dictionary`2[TKey,TValue].TryInsert (TKey key, TValue value, System.Collections.Generic.InsertionBehavior behavior) [0x0015a] in <75633565436c42f0a6426b33f0132ade>:0 
  at System.Collections.Generic.Dictionary`2[TKey,TValue].Add (TKey key, TValue value) [0x00000] in <75633565436c42f0a6426b33f0132ade>:0 
  at System.Linq.Enumerable.ToDictionary[TSource,TKey] (TSource[] source, System.Func`2[T,TResult] keySelector, System.Collections.Generic.IEqualityComparer`1[T] comparer) [0x0001c] in <1c318258bf0843289b0e2cbe692fee39>:0 
  at System.Linq.Enumerable.ToDictionary[TSource,TKey] (System.Collections.Generic.IEnumerable`1[T] source, System.Func`2[T,TResult] keySelector, System.Collections.Generic.IEqualityComparer`1[T] comparer) [0x00043] in <1c318258bf0843289b0e2cbe692fee39>:0 
  at System.Linq.Enumerable.ToDictionary[TSource,TKey] (System.Collections.Generic.IEnumerable`1[T] source, System.Func`2[T,TResult] keySelector) [0x00000] in <1c318258bf0843289b0e2cbe692fee39>:0 
  at UnityEditor.Scripting.ScriptCompilation.LoadingAssemblyDefinition.SetAllCustomScriptAssemblyReferenceJsonsContents (System.String[] paths, System.String[] contents) [0x00172] in <11d97693183d4a6bb35c29ae7882c66b>:0 
UnityEngine.DebugLogHandler:Internal_LogException(Exception, Object)
UnityEngine.DebugLogHandler:LogException(Exception, Object)
UnityEngine.Logger:LogException(Exception, Object)
UnityEngine.Debug:LogException(Exception)
UnityEditor.Scripting.ScriptCompilation.EditorCompilationInterface:LogException(Exception)
UnityEditor.Scripting.ScriptCompilation.EditorCompilationInterface:EmitExceptionsAsErrors(Exception[])
UnityEditor.Scripting.ScriptCompilation.EditorCompilationInterface:SetAllCustomScriptAssemblyReferenceJsons(String[], String[])

Begin MonoManager ReloadAssembly
Native extension for WindowsStandalone target not found
Native extension for Android target not found
Refreshing native plugins compatible for Editor in 0.33 ms, found 7 plugins.
Preloading 1 native plugins for Editor in 0.05 ms.
ArgumentException: An item with the same key has already been added. Key: 00000000000000000000000000000000
  at System.Collections.Generic.Dictionary`2[TKey,TValue].TryInsert (TKey key, TValue value, System.Collections.Generic.InsertionBehavior behavior) [0x0015a] in <75633565436c42f0a6426b33f0132ade>:0 
  at System.Collections.Generic.Dictionary`2[TKey,TValue].Add (TKey key, TValue value) [0x00000] in <75633565436c42f0a6426b33f0132ade>:0 
  at System.Linq.Enumerable.ToDictionary[TSource,TKey] (TSource[] source, System.Func`2[T,TResult] keySelector, System.Collections.Generic.IEqualityComparer`1[T] comparer) [0x0001c] in <1c318258bf0843289b0e2cbe692fee39>:0 
  at System.Linq.Enumerable.ToDictionary[TSource,TKey] (System.Collections.Generic.IEnumerable`1[T] source, System.Func`2[T,TResult] keySelector, System.Collections.Generic.IEqualityComparer`1[T] comparer) [0x00043] in <1c318258bf0843289b0e2cbe692fee39>:0 
  at System.Linq.Enumerable.ToDictionary[TSource,TKey] (System.Collections.Generic.IEnumerable`1[T] source, System.Func`2[T,TResult] keySelector) [0x00000] in <1c318258bf0843289b0e2cbe692fee39>:0 
  at UnityEditor.Scripting.ScriptCompilation.LoadingAssemblyDefinition.SetAllCustomScriptAssemblyReferenceJsonsContents (System.String[] paths, System.String[] contents) [0x00172] in <11d97693183d4a6bb35c29ae7882c66b>:0 
UnityEngine.DebugLogHandler:Internal_LogException(Exception, Object)
UnityEngine.DebugLogHandler:LogException(Exception, Object)
UnityEngine.Logger:LogException(Exception, Object)
UnityEngine.Debug:LogException(Exception)
UnityEditor.Scripting.ScriptCompilation.EditorCompilationInterface:LogException(Exception)
UnityEditor.Scripting.ScriptCompilation.EditorCompilationInterface:EmitExceptionsAsErrors(Exception[])
UnityEditor.Scripting.ScriptCompilation.EditorCompilationInterface:SetAllCustomScriptAssemblyReferenceJsons(String[], String[])

PackageInfo()
UnityEngine.StackTraceUtility:ExtractStackTrace ()
UnityEngine.DebugLogHandler:LogFormat (UnityEngine.LogType,UnityEngine.Object,string,object[])
UnityEngine.Logger:Log (UnityEngine.LogType,object)
UnityEngine.Debug:Log (object)
Wave.Essence.Editor.PackageInfo:.cctor () (at Library/PackageCache/com.htc.upm.wave.essence@59208443d6/Editor/EssenceSettingsProvider.cs:1256)
System.Runtime.CompilerServices.RuntimeHelpers:RunClassConstructor (System.RuntimeTypeHandle)
UnityEditor.EditorAssemblies:ProcessInitializeOnLoadAttributes (System.Type[])

(Filename: Library/PackageCache/com.htc.upm.wave.essence@59208443d6/Editor/EssenceSettingsProvider.cs Line: 1256)

Mono: successfully reloaded assembly
- Completed reload, in  0.405 seconds
Domain Reload Profiling:
	ReloadAssembly (405ms)
		BeginReloadAssembly (68ms)
			ExecutionOrderSort (0ms)
			DisableScriptedObjects (3ms)
			BackupInstance (0ms)
			ReleaseScriptingObjects (0ms)
			CreateAndSetChildDomain (14ms)
		EndReloadAssembly (286ms)
			LoadAssemblies (37ms)
			RebuildTransferFunctionScriptingTraits (0ms)
			SetupTypeCache (82ms)
			ReleaseScriptCaches (0ms)
			RebuildScriptCaches (18ms)
			SetupLoadedEditorAssemblies (131ms)
				LogAssemblyErrors (0ms)
				InitializePlatformSupportModulesInManaged (11ms)
				SetLoadedEditorAssemblies (0ms)
				RefreshPlugins (0ms)
				BeforeProcessingInitializeOnLoad (39ms)
				ProcessInitializeOnLoadAttributes (67ms)
				ProcessInitializeOnLoadMethodAttributes (11ms)
				AfterProcessingInitializeOnLoad (1ms)
				EditorAssembliesLoaded (0ms)
			ExecutionOrderSort2 (0ms)
			AwakeInstancesAfterBackupRestoration (3ms)
Platform modules already initialized, skipping
Refreshing native plugins compatible for Editor in 0.72 ms, found 7 plugins.
Preloading 1 native plugins for Editor in 0.04 ms.
Unloading 1745 Unused Serialized files (Serialized files now loaded: 0)
Unloading 12 unused Assets / (25.9 KB). Loaded Objects now: 2333.
Memory consumption went from 81.4 MB to 81.4 MB.
Total: 1.558900 ms (FindLiveObjects: 0.096700 ms CreateObjectMapping: 0.025300 ms MarkObjects: 1.421800 ms  DeleteObjects: 0.014500 ms)

AssetImportParameters requested are different than current active one (requested -> active):
  custom:video-decoder-ogg-theora: a1e56fd34408186e4bbccfd4996cb3dc -> 
  custom:container-muxer-webm: aa71ff27fc2769a1b78a27578f13a17b -> 
  custom:container-demuxer-webm: 4f35f7cbe854078d1ac9338744f61a02 -> 
  custom:video-encoder-webm-vp8: eb34c28f22e8b96e1ab97ce403110664 -> 
  custom:video-codec-MediaFoundation-h265: 746d11721c4dcdbdad8f713fa42b33f4 -> 
  custom:audio-encoder-webm-vorbis: bf7c407c2cedff20999df2af8eb42d56 -> 
  custom:framework-win-MediaFoundation: 216162199b28c13a410421893ffa2e32 -> 
  custom:container-demuxer-ogg: 62fdf1f143b41e24485cea50d1cbac27 -> 
  custom:video-decoder-webm-vp8: 9c59270c3fd7afecdb556c50c9e8de78 -> 
  custom:audio-decoder-ogg-vorbis: bf7c407c2cedff20999df2af8eb42d56 -> 
========================================================================
Received Prepare
Refreshing native plugins compatible for Editor in 1.30 ms, found 7 plugins.
Preloading 1 native plugins for Editor in 0.04 ms.
Unloading 13 Unused Serialized files (Serialized files now loaded: 0)
Unloading 13 unused Assets / (22.1 KB). Loaded Objects now: 2333.
Memory consumption went from 46.7 MB to 46.7 MB.
Total: 1.460900 ms (FindLiveObjects: 0.081500 ms CreateObjectMapping: 0.022300 ms MarkObjects: 1.345800 ms  DeleteObjects: 0.011000 ms)

AssetImportParameters requested are different than current active one (requested -> active):
  custom:video-decoder-ogg-theora: a1e56fd34408186e4bbccfd4996cb3dc -> 
  custom:container-muxer-webm: aa71ff27fc2769a1b78a27578f13a17b -> 
  custom:container-demuxer-webm: 4f35f7cbe854078d1ac9338744f61a02 -> 
  custom:video-encoder-webm-vp8: eb34c28f22e8b96e1ab97ce403110664 -> 
  custom:video-codec-MediaFoundation-h265: 746d11721c4dcdbdad8f713fa42b33f4 -> 
  custom:audio-encoder-webm-vorbis: bf7c407c2cedff20999df2af8eb42d56 -> 
  custom:framework-win-MediaFoundation: 216162199b28c13a410421893ffa2e32 -> 
  custom:container-demuxer-ogg: 62fdf1f143b41e24485cea50d1cbac27 -> 
  custom:video-decoder-webm-vp8: 9c59270c3fd7afecdb556c50c9e8de78 -> 
  custom:audio-decoder-ogg-vorbis: bf7c407c2cedff20999df2af8eb42d56 -> 
========================================================================
Received Prepare
Registering precompiled user dll's ...
Registered in 0.000701 seconds.
ArgumentException: An item with the same key has already been added. Key: 00000000000000000000000000000000
  at System.Collections.Generic.Dictionary`2[TKey,TValue].TryInsert (TKey key, TValue value, System.Collections.Generic.InsertionBehavior behavior) [0x0015a] in <75633565436c42f0a6426b33f0132ade>:0 
  at System.Collections.Generic.Dictionary`2[TKey,TValue].Add (TKey key, TValue value) [0x00000] in <75633565436c42f0a6426b33f0132ade>:0 
  at System.Linq.Enumerable.ToDictionary[TSource,TKey] (TSource[] source, System.Func`2[T,TResult] keySelector, System.Collections.Generic.IEqualityComparer`1[T] comparer) [0x0001c] in <1c318258bf0843289b0e2cbe692fee39>:0 
  at System.Linq.Enumerable.ToDictionary[TSource,TKey] (System.Collections.Generic.IEnumerable`1[T] source, System.Func`2[T,TResult] keySelector, System.Collections.Generic.IEqualityComparer`1[T] comparer) [0x00043] in <1c318258bf0843289b0e2cbe692fee39>:0 
  at System.Linq.Enumerable.ToDictionary[TSource,TKey] (System.Collections.Generic.IEnumerable`1[T] source, System.Func`2[T,TResult] keySelector) [0x00000] in <1c318258bf0843289b0e2cbe692fee39>:0 
  at UnityEditor.Scripting.ScriptCompilation.LoadingAssemblyDefinition.SetAllCustomScriptAssemblyReferenceJsonsContents (System.String[] paths, System.String[] contents) [0x00172] in <11d97693183d4a6bb35c29ae7882c66b>:0 
UnityEngine.DebugLogHandler:Internal_LogException(Exception, Object)
UnityEngine.DebugLogHandler:LogException(Exception, Object)
UnityEngine.Logger:LogException(Exception, Object)
UnityEngine.Debug:LogException(Exception)
UnityEditor.Scripting.ScriptCompilation.EditorCompilationInterface:LogException(Exception)
UnityEditor.Scripting.ScriptCompilation.EditorCompilationInterface:EmitExceptionsAsErrors(Exception[])
UnityEditor.Scripting.ScriptCompilation.EditorCompilationInterface:SetAllCustomScriptAssemblyReferenceJsons(String[], String[])

ArgumentException: An item with the same key has already been added. Key: 00000000000000000000000000000000
  at System.Collections.Generic.Dictionary`2[TKey,TValue].TryInsert (TKey key, TValue value, System.Collections.Generic.InsertionBehavior behavior) [0x0015a] in <75633565436c42f0a6426b33f0132ade>:0 
  at System.Collections.Generic.Dictionary`2[TKey,TValue].Add (TKey key, TValue value) [0x00000] in <75633565436c42f0a6426b33f0132ade>:0 
  at System.Linq.Enumerable.ToDictionary[TSource,TKey] (TSource[] source, System.Func`2[T,TResult] keySelector, System.Collections.Generic.IEqualityComparer`1[T] comparer) [0x0001c] in <1c318258bf0843289b0e2cbe692fee39>:0 
  at System.Linq.Enumerable.ToDictionary[TSource,TKey] (System.Collections.Generic.IEnumerable`1[T] source, System.Func`2[T,TResult] keySelector, System.Collections.Generic.IEqualityComparer`1[T] comparer) [0x00043] in <1c318258bf0843289b0e2cbe692fee39>:0 
  at System.Linq.Enumerable.ToDictionary[TSource,TKey] (System.Collections.Generic.IEnumerable`1[T] source, System.Func`2[T,TResult] keySelector) [0x00000] in <1c318258bf0843289b0e2cbe692fee39>:0 
  at UnityEditor.Scripting.ScriptCompilation.LoadingAssemblyDefinition.SetAllCustomScriptAssemblyReferenceJsonsContents (System.String[] paths, System.String[] contents) [0x00172] in <11d97693183d4a6bb35c29ae7882c66b>:0 
UnityEngine.DebugLogHandler:Internal_LogException(Exception, Object)
UnityEngine.DebugLogHandler:LogException(Exception, Object)
UnityEngine.Logger:LogException(Exception, Object)
UnityEngine.Debug:LogException(Exception)
UnityEditor.Scripting.ScriptCompilation.EditorCompilationInterface:LogException(Exception)
UnityEditor.Scripting.ScriptCompilation.EditorCompilationInterface:EmitExceptionsAsErrors(Exception[])
UnityEditor.Scripting.ScriptCompilation.EditorCompilationInterface:SetAllCustomScriptAssemblyReferenceJsons(String[], String[])

Begin MonoManager ReloadAssembly
Native extension for WindowsStandalone target not found
Native extension for Android target not found
Refreshing native plugins compatible for Editor in 0.35 ms, found 7 plugins.
Preloading 1 native plugins for Editor in 0.06 ms.
ArgumentException: An item with the same key has already been added. Key: 00000000000000000000000000000000
  at System.Collections.Generic.Dictionary`2[TKey,TValue].TryInsert (TKey key, TValue value, System.Collections.Generic.InsertionBehavior behavior) [0x0015a] in <75633565436c42f0a6426b33f0132ade>:0 
  at System.Collections.Generic.Dictionary`2[TKey,TValue].Add (TKey key, TValue value) [0x00000] in <75633565436c42f0a6426b33f0132ade>:0 
  at System.Linq.Enumerable.ToDictionary[TSource,TKey] (TSource[] source, System.Func`2[T,TResult] keySelector, System.Collections.Generic.IEqualityComparer`1[T] comparer) [0x0001c] in <1c318258bf0843289b0e2cbe692fee39>:0 
  at System.Linq.Enumerable.ToDictionary[TSource,TKey] (System.Collections.Generic.IEnumerable`1[T] source, System.Func`2[T,TResult] keySelector, System.Collections.Generic.IEqualityComparer`1[T] comparer) [0x00043] in <1c318258bf0843289b0e2cbe692fee39>:0 
  at System.Linq.Enumerable.ToDictionary[TSource,TKey] (System.Collections.Generic.IEnumerable`1[T] source, System.Func`2[T,TResult] keySelector) [0x00000] in <1c318258bf0843289b0e2cbe692fee39>:0 
  at UnityEditor.Scripting.ScriptCompilation.LoadingAssemblyDefinition.SetAllCustomScriptAssemblyReferenceJsonsContents (System.String[] paths, System.String[] contents) [0x00172] in <11d97693183d4a6bb35c29ae7882c66b>:0 
UnityEngine.DebugLogHandler:Internal_LogException(Exception, Object)
UnityEngine.DebugLogHandler:LogException(Exception, Object)
UnityEngine.Logger:LogException(Exception, Object)
UnityEngine.Debug:LogException(Exception)
UnityEditor.Scripting.ScriptCompilation.EditorCompilationInterface:LogException(Exception)
UnityEditor.Scripting.ScriptCompilation.EditorCompilationInterface:EmitExceptionsAsErrors(Exception[])
UnityEditor.Scripting.ScriptCompilation.EditorCompilationInterface:SetAllCustomScriptAssemblyReferenceJsons(String[], String[])

PackageInfo()
UnityEngine.StackTraceUtility:ExtractStackTrace ()
UnityEngine.DebugLogHandler:LogFormat (UnityEngine.LogType,UnityEngine.Object,string,object[])
UnityEngine.Logger:Log (UnityEngine.LogType,object)
UnityEngine.Debug:Log (object)
Wave.Essence.Editor.PackageInfo:.cctor () (at Library/PackageCache/com.htc.upm.wave.essence@59208443d6/Editor/EssenceSettingsProvider.cs:1256)
System.Runtime.CompilerServices.RuntimeHelpers:RunClassConstructor (System.RuntimeTypeHandle)
UnityEditor.EditorAssemblies:ProcessInitializeOnLoadAttributes (System.Type[])

(Filename: Library/PackageCache/com.htc.upm.wave.essence@59208443d6/Editor/EssenceSettingsProvider.cs Line: 1256)

Mono: successfully reloaded assembly
- Completed reload, in  0.407 seconds
Domain Reload Profiling:
	ReloadAssembly (407ms)
		BeginReloadAssembly (69ms)
			ExecutionOrderSort (0ms)
			DisableScriptedObjects (3ms)
			BackupInstance (0ms)
			ReleaseScriptingObjects (0ms)
			CreateAndSetChildDomain (15ms)
		EndReloadAssembly (288ms)
			LoadAssemblies (37ms)
			RebuildTransferFunctionScriptingTraits (0ms)
			SetupTypeCache (81ms)
			ReleaseScriptCaches (0ms)
			RebuildScriptCaches (19ms)
			SetupLoadedEditorAssemblies (133ms)
				LogAssemblyErrors (0ms)
				InitializePlatformSupportModulesInManaged (11ms)
				SetLoadedEditorAssemblies (0ms)
				RefreshPlugins (0ms)
				BeforeProcessingInitializeOnLoad (40ms)
				ProcessInitializeOnLoadAttributes (69ms)
				ProcessInitializeOnLoadMethodAttributes (11ms)
				AfterProcessingInitializeOnLoad (1ms)
				EditorAssembliesLoaded (0ms)
			ExecutionOrderSort2 (0ms)
			AwakeInstancesAfterBackupRestoration (3ms)
Platform modules already initialized, skipping
Refreshing native plugins compatible for Editor in 0.74 ms, found 7 plugins.
Preloading 1 native plugins for Editor in 0.04 ms.
Unloading 1745 Unused Serialized files (Serialized files now loaded: 0)
Unloading 12 unused Assets / (25.8 KB). Loaded Objects now: 2337.
Memory consumption went from 81.4 MB to 81.4 MB.
Total: 1.830000 ms (FindLiveObjects: 0.073900 ms CreateObjectMapping: 0.022000 ms MarkObjects: 1.721600 ms  DeleteObjects: 0.012100 ms)

AssetImportParameters requested are different than current active one (requested -> active):
  custom:video-decoder-ogg-theora: a1e56fd34408186e4bbccfd4996cb3dc -> 
  custom:container-muxer-webm: aa71ff27fc2769a1b78a27578f13a17b -> 
  custom:container-demuxer-webm: 4f35f7cbe854078d1ac9338744f61a02 -> 
  custom:video-encoder-webm-vp8: eb34c28f22e8b96e1ab97ce403110664 -> 
  custom:video-codec-MediaFoundation-h265: 746d11721c4dcdbdad8f713fa42b33f4 -> 
  custom:audio-encoder-webm-vorbis: bf7c407c2cedff20999df2af8eb42d56 -> 
  custom:framework-win-MediaFoundation: 216162199b28c13a410421893ffa2e32 -> 
  custom:container-demuxer-ogg: 62fdf1f143b41e24485cea50d1cbac27 -> 
  custom:video-decoder-webm-vp8: 9c59270c3fd7afecdb556c50c9e8de78 -> 
  custom:audio-decoder-ogg-vorbis: bf7c407c2cedff20999df2af8eb42d56 -> 
========================================================================
Received Prepare
Refreshing native plugins compatible for Editor in 1.35 ms, found 7 plugins.
Preloading 1 native plugins for Editor in 0.04 ms.
Unloading 13 Unused Serialized files (Serialized files now loaded: 0)
Unloading 13 unused Assets / (22.0 KB). Loaded Objects now: 2337.
Memory consumption went from 46.7 MB to 46.7 MB.
Total: 1.623700 ms (FindLiveObjects: 0.089100 ms CreateObjectMapping: 0.024000 ms MarkObjects: 1.494100 ms  DeleteObjects: 0.016000 ms)

AssetImportParameters requested are different than current active one (requested -> active):
  custom:video-decoder-ogg-theora: a1e56fd34408186e4bbccfd4996cb3dc -> 
  custom:container-muxer-webm: aa71ff27fc2769a1b78a27578f13a17b -> 
  custom:container-demuxer-webm: 4f35f7cbe854078d1ac9338744f61a02 -> 
  custom:video-encoder-webm-vp8: eb34c28f22e8b96e1ab97ce403110664 -> 
  custom:video-codec-MediaFoundation-h265: 746d11721c4dcdbdad8f713fa42b33f4 -> 
  custom:audio-encoder-webm-vorbis: bf7c407c2cedff20999df2af8eb42d56 -> 
  custom:framework-win-MediaFoundation: 216162199b28c13a410421893ffa2e32 -> 
  custom:container-demuxer-ogg: 62fdf1f143b41e24485cea50d1cbac27 -> 
  custom:video-decoder-webm-vp8: 9c59270c3fd7afecdb556c50c9e8de78 -> 
  custom:audio-decoder-ogg-vorbis: bf7c407c2cedff20999df2af8eb42d56 -> 
========================================================================
Received Prepare
Registering precompiled user dll's ...
Registered in 0.000888 seconds.
ArgumentException: An item with the same key has already been added. Key: 00000000000000000000000000000000
  at System.Collections.Generic.Dictionary`2[TKey,TValue].TryInsert (TKey key, TValue value, System.Collections.Generic.InsertionBehavior behavior) [0x0015a] in <75633565436c42f0a6426b33f0132ade>:0 
  at System.Collections.Generic.Dictionary`2[TKey,TValue].Add (TKey key, TValue value) [0x00000] in <75633565436c42f0a6426b33f0132ade>:0 
  at System.Linq.Enumerable.ToDictionary[TSource,TKey] (TSource[] source, System.Func`2[T,TResult] keySelector, System.Collections.Generic.IEqualityComparer`1[T] comparer) [0x0001c] in <1c318258bf0843289b0e2cbe692fee39>:0 
  at System.Linq.Enumerable.ToDictionary[TSource,TKey] (System.Collections.Generic.IEnumerable`1[T] source, System.Func`2[T,TResult] keySelector, System.Collections.Generic.IEqualityComparer`1[T] comparer) [0x00043] in <1c318258bf0843289b0e2cbe692fee39>:0 
  at System.Linq.Enumerable.ToDictionary[TSource,TKey] (System.Collections.Generic.IEnumerable`1[T] source, System.Func`2[T,TResult] keySelector) [0x00000] in <1c318258bf0843289b0e2cbe692fee39>:0 
  at UnityEditor.Scripting.ScriptCompilation.LoadingAssemblyDefinition.SetAllCustomScriptAssemblyReferenceJsonsContents (System.String[] paths, System.String[] contents) [0x00172] in <11d97693183d4a6bb35c29ae7882c66b>:0 
UnityEngine.DebugLogHandler:Internal_LogException(Exception, Object)
UnityEngine.DebugLogHandler:LogException(Exception, Object)
UnityEngine.Logger:LogException(Exception, Object)
UnityEngine.Debug:LogException(Exception)
UnityEditor.Scripting.ScriptCompilation.EditorCompilationInterface:LogException(Exception)
UnityEditor.Scripting.ScriptCompilation.EditorCompilationInterface:EmitExceptionsAsErrors(Exception[])
UnityEditor.Scripting.ScriptCompilation.EditorCompilationInterface:SetAllCustomScriptAssemblyReferenceJsons(String[], String[])

ArgumentException: An item with the same key has already been added. Key: 00000000000000000000000000000000
  at System.Collections.Generic.Dictionary`2[TKey,TValue].TryInsert (TKey key, TValue value, System.Collections.Generic.InsertionBehavior behavior) [0x0015a] in <75633565436c42f0a6426b33f0132ade>:0 
  at System.Collections.Generic.Dictionary`2[TKey,TValue].Add (TKey key, TValue value) [0x00000] in <75633565436c42f0a6426b33f0132ade>:0 
  at System.Linq.Enumerable.ToDictionary[TSource,TKey] (TSource[] source, System.Func`2[T,TResult] keySelector, System.Collections.Generic.IEqualityComparer`1[T] comparer) [0x0001c] in <1c318258bf0843289b0e2cbe692fee39>:0 
  at System.Linq.Enumerable.ToDictionary[TSource,TKey] (System.Collections.Generic.IEnumerable`1[T] source, System.Func`2[T,TResult] keySelector, System.Collections.Generic.IEqualityComparer`1[T] comparer) [0x00043] in <1c318258bf0843289b0e2cbe692fee39>:0 
  at System.Linq.Enumerable.ToDictionary[TSource,TKey] (System.Collections.Generic.IEnumerable`1[T] source, System.Func`2[T,TResult] keySelector) [0x00000] in <1c318258bf0843289b0e2cbe692fee39>:0 
  at UnityEditor.Scripting.ScriptCompilation.LoadingAssemblyDefinition.SetAllCustomScriptAssemblyReferenceJsonsContents (System.String[] paths, System.String[] contents) [0x00172] in <11d97693183d4a6bb35c29ae7882c66b>:0 
UnityEngine.DebugLogHandler:Internal_LogException(Exception, Object)
UnityEngine.DebugLogHandler:LogException(Exception, Object)
UnityEngine.Logger:LogException(Exception, Object)
UnityEngine.Debug:LogException(Exception)
UnityEditor.Scripting.ScriptCompilation.EditorCompilationInterface:LogException(Exception)
UnityEditor.Scripting.ScriptCompilation.EditorCompilationInterface:EmitExceptionsAsErrors(Exception[])
UnityEditor.Scripting.ScriptCompilation.EditorCompilationInterface:SetAllCustomScriptAssemblyReferenceJsons(String[], String[])

Begin MonoManager ReloadAssembly
Native extension for WindowsStandalone target not found
Native extension for Android target not found
Refreshing native plugins compatible for Editor in 0.34 ms, found 7 plugins.
Preloading 1 native plugins for Editor in 0.05 ms.
ArgumentException: An item with the same key has already been added. Key: 00000000000000000000000000000000
  at System.Collections.Generic.Dictionary`2[TKey,TValue].TryInsert (TKey key, TValue value, System.Collections.Generic.InsertionBehavior behavior) [0x0015a] in <75633565436c42f0a6426b33f0132ade>:0 
  at System.Collections.Generic.Dictionary`2[TKey,TValue].Add (TKey key, TValue value) [0x00000] in <75633565436c42f0a6426b33f0132ade>:0 
  at System.Linq.Enumerable.ToDictionary[TSource,TKey] (TSource[] source, System.Func`2[T,TResult] keySelector, System.Collections.Generic.IEqualityComparer`1[T] comparer) [0x0001c] in <1c318258bf0843289b0e2cbe692fee39>:0 
  at System.Linq.Enumerable.ToDictionary[TSource,TKey] (System.Collections.Generic.IEnumerable`1[T] source, System.Func`2[T,TResult] keySelector, System.Collections.Generic.IEqualityComparer`1[T] comparer) [0x00043] in <1c318258bf0843289b0e2cbe692fee39>:0 
  at System.Linq.Enumerable.ToDictionary[TSource,TKey] (System.Collections.Generic.IEnumerable`1[T] source, System.Func`2[T,TResult] keySelector) [0x00000] in <1c318258bf0843289b0e2cbe692fee39>:0 
  at UnityEditor.Scripting.ScriptCompilation.LoadingAssemblyDefinition.SetAllCustomScriptAssemblyReferenceJsonsContents (System.String[] paths, System.String[] contents) [0x00172] in <11d97693183d4a6bb35c29ae7882c66b>:0 
UnityEngine.DebugLogHandler:Internal_LogException(Exception, Object)
UnityEngine.DebugLogHandler:LogException(Exception, Object)
UnityEngine.Logger:LogException(Exception, Object)
UnityEngine.Debug:LogException(Exception)
UnityEditor.Scripting.ScriptCompilation.EditorCompilationInterface:LogException(Exception)
UnityEditor.Scripting.ScriptCompilation.EditorCompilationInterface:EmitExceptionsAsErrors(Exception[])
UnityEditor.Scripting.ScriptCompilation.EditorCompilationInterface:SetAllCustomScriptAssemblyReferenceJsons(String[], String[])

PackageInfo()
UnityEngine.StackTraceUtility:ExtractStackTrace ()
UnityEngine.DebugLogHandler:LogFormat (UnityEngine.LogType,UnityEngine.Object,string,object[])
UnityEngine.Logger:Log (UnityEngine.LogType,object)
UnityEngine.Debug:Log (object)
Wave.Essence.Editor.PackageInfo:.cctor () (at Library/PackageCache/com.htc.upm.wave.essence@59208443d6/Editor/EssenceSettingsProvider.cs:1256)
System.Runtime.CompilerServices.RuntimeHelpers:RunClassConstructor (System.RuntimeTypeHandle)
UnityEditor.EditorAssemblies:ProcessInitializeOnLoadAttributes (System.Type[])

(Filename: Library/PackageCache/com.htc.upm.wave.essence@59208443d6/Editor/EssenceSettingsProvider.cs Line: 1256)

Mono: successfully reloaded assembly
- Completed reload, in  0.407 seconds
Domain Reload Profiling:
	ReloadAssembly (407ms)
		BeginReloadAssembly (69ms)
			ExecutionOrderSort (0ms)
			DisableScriptedObjects (4ms)
			BackupInstance (0ms)
			ReleaseScriptingObjects (0ms)
			CreateAndSetChildDomain (14ms)
		EndReloadAssembly (287ms)
			LoadAssemblies (39ms)
			RebuildTransferFunctionScriptingTraits (0ms)
			SetupTypeCache (82ms)
			ReleaseScriptCaches (0ms)
			RebuildScriptCaches (17ms)
			SetupLoadedEditorAssemblies (132ms)
				LogAssemblyErrors (0ms)
				InitializePlatformSupportModulesInManaged (11ms)
				SetLoadedEditorAssemblies (0ms)
				RefreshPlugins (0ms)
				BeforeProcessingInitializeOnLoad (40ms)
				ProcessInitializeOnLoadAttributes (67ms)
				ProcessInitializeOnLoadMethodAttributes (11ms)
				AfterProcessingInitializeOnLoad (1ms)
				EditorAssembliesLoaded (0ms)
			ExecutionOrderSort2 (0ms)
			AwakeInstancesAfterBackupRestoration (3ms)
Platform modules already initialized, skipping
Refreshing native plugins compatible for Editor in 0.68 ms, found 7 plugins.
Preloading 1 native plugins for Editor in 0.04 ms.
Unloading 1745 Unused Serialized files (Serialized files now loaded: 0)
Unloading 12 unused Assets / (25.9 KB). Loaded Objects now: 2341.
Memory consumption went from 81.5 MB to 81.4 MB.
Total: 1.794000 ms (FindLiveObjects: 0.085500 ms CreateObjectMapping: 0.023500 ms MarkObjects: 1.673600 ms  DeleteObjects: 0.010700 ms)

AssetImportParameters requested are different than current active one (requested -> active):
  custom:video-decoder-ogg-theora: a1e56fd34408186e4bbccfd4996cb3dc -> 
  custom:container-muxer-webm: aa71ff27fc2769a1b78a27578f13a17b -> 
  custom:container-demuxer-webm: 4f35f7cbe854078d1ac9338744f61a02 -> 
  custom:video-encoder-webm-vp8: eb34c28f22e8b96e1ab97ce403110664 -> 
  custom:video-codec-MediaFoundation-h265: 746d11721c4dcdbdad8f713fa42b33f4 -> 
  custom:audio-encoder-webm-vorbis: bf7c407c2cedff20999df2af8eb42d56 -> 
  custom:framework-win-MediaFoundation: 216162199b28c13a410421893ffa2e32 -> 
  custom:container-demuxer-ogg: 62fdf1f143b41e24485cea50d1cbac27 -> 
  custom:video-decoder-webm-vp8: 9c59270c3fd7afecdb556c50c9e8de78 -> 
  custom:audio-decoder-ogg-vorbis: bf7c407c2cedff20999df2af8eb42d56 -> 
========================================================================
Received Prepare
Refreshing native plugins compatible for Editor in 1.26 ms, found 7 plugins.
Preloading 1 native plugins for Editor in 0.04 ms.
Unloading 13 Unused Serialized files (Serialized files now loaded: 0)
Unloading 13 unused Assets / (22.1 KB). Loaded Objects now: 2341.
Memory consumption went from 46.7 MB to 46.7 MB.
Total: 1.586700 ms (FindLiveObjects: 0.079100 ms CreateObjectMapping: 0.021700 ms MarkObjects: 1.472700 ms  DeleteObjects: 0.012700 ms)

AssetImportParameters requested are different than current active one (requested -> active):
  custom:video-decoder-ogg-theora: a1e56fd34408186e4bbccfd4996cb3dc -> 
  custom:container-muxer-webm: aa71ff27fc2769a1b78a27578f13a17b -> 
  custom:container-demuxer-webm: 4f35f7cbe854078d1ac9338744f61a02 -> 
  custom:video-encoder-webm-vp8: eb34c28f22e8b96e1ab97ce403110664 -> 
  custom:video-codec-MediaFoundation-h265: 746d11721c4dcdbdad8f713fa42b33f4 -> 
  custom:audio-encoder-webm-vorbis: bf7c407c2cedff20999df2af8eb42d56 -> 
  custom:framework-win-MediaFoundation: 216162199b28c13a410421893ffa2e32 -> 
  custom:container-demuxer-ogg: 62fdf1f143b41e24485cea50d1cbac27 -> 
  custom:video-decoder-webm-vp8: 9c59270c3fd7afecdb556c50c9e8de78 -> 
  custom:audio-decoder-ogg-vorbis: bf7c407c2cedff20999df2af8eb42d56 -> 
========================================================================
Received Prepare
Registering precompiled user dll's ...
Registered in 0.000678 seconds.
ArgumentException: An item with the same key has already been added. Key: 00000000000000000000000000000000
  at System.Collections.Generic.Dictionary`2[TKey,TValue].TryInsert (TKey key, TValue value, System.Collections.Generic.InsertionBehavior behavior) [0x0015a] in <75633565436c42f0a6426b33f0132ade>:0 
  at System.Collections.Generic.Dictionary`2[TKey,TValue].Add (TKey key, TValue value) [0x00000] in <75633565436c42f0a6426b33f0132ade>:0 
  at System.Linq.Enumerable.ToDictionary[TSource,TKey] (TSource[] source, System.Func`2[T,TResult] keySelector, System.Collections.Generic.IEqualityComparer`1[T] comparer) [0x0001c] in <1c318258bf0843289b0e2cbe692fee39>:0 
  at System.Linq.Enumerable.ToDictionary[TSource,TKey] (System.Collections.Generic.IEnumerable`1[T] source, System.Func`2[T,TResult] keySelector, System.Collections.Generic.IEqualityComparer`1[T] comparer) [0x00043] in <1c318258bf0843289b0e2cbe692fee39>:0 
  at System.Linq.Enumerable.ToDictionary[TSource,TKey] (System.Collections.Generic.IEnumerable`1[T] source, System.Func`2[T,TResult] keySelector) [0x00000] in <1c318258bf0843289b0e2cbe692fee39>:0 
  at UnityEditor.Scripting.ScriptCompilation.LoadingAssemblyDefinition.SetAllCustomScriptAssemblyReferenceJsonsContents (System.String[] paths, System.String[] contents) [0x00172] in <11d97693183d4a6bb35c29ae7882c66b>:0 
UnityEngine.DebugLogHandler:Internal_LogException(Exception, Object)
UnityEngine.DebugLogHandler:LogException(Exception, Object)
UnityEngine.Logger:LogException(Exception, Object)
UnityEngine.Debug:LogException(Exception)
UnityEditor.Scripting.ScriptCompilation.EditorCompilationInterface:LogException(Exception)
UnityEditor.Scripting.ScriptCompilation.EditorCompilationInterface:EmitExceptionsAsErrors(Exception[])
UnityEditor.Scripting.ScriptCompilation.EditorCompilationInterface:SetAllCustomScriptAssemblyReferenceJsons(String[], String[])

ArgumentException: An item with the same key has already been added. Key: 00000000000000000000000000000000
  at System.Collections.Generic.Dictionary`2[TKey,TValue].TryInsert (TKey key, TValue value, System.Collections.Generic.InsertionBehavior behavior) [0x0015a] in <75633565436c42f0a6426b33f0132ade>:0 
  at System.Collections.Generic.Dictionary`2[TKey,TValue].Add (TKey key, TValue value) [0x00000] in <75633565436c42f0a6426b33f0132ade>:0 
  at System.Linq.Enumerable.ToDictionary[TSource,TKey] (TSource[] source, System.Func`2[T,TResult] keySelector, System.Collections.Generic.IEqualityComparer`1[T] comparer) [0x0001c] in <1c318258bf0843289b0e2cbe692fee39>:0 
  at System.Linq.Enumerable.ToDictionary[TSource,TKey] (System.Collections.Generic.IEnumerable`1[T] source, System.Func`2[T,TResult] keySelector, System.Collections.Generic.IEqualityComparer`1[T] comparer) [0x00043] in <1c318258bf0843289b0e2cbe692fee39>:0 
  at System.Linq.Enumerable.ToDictionary[TSource,TKey] (System.Collections.Generic.IEnumerable`1[T] source, System.Func`2[T,TResult] keySelector) [0x00000] in <1c318258bf0843289b0e2cbe692fee39>:0 
  at UnityEditor.Scripting.ScriptCompilation.LoadingAssemblyDefinition.SetAllCustomScriptAssemblyReferenceJsonsContents (System.String[] paths, System.String[] contents) [0x00172] in <11d97693183d4a6bb35c29ae7882c66b>:0 
UnityEngine.DebugLogHandler:Internal_LogException(Exception, Object)
UnityEngine.DebugLogHandler:LogException(Exception, Object)
UnityEngine.Logger:LogException(Exception, Object)
UnityEngine.Debug:LogException(Exception)
UnityEditor.Scripting.ScriptCompilation.EditorCompilationInterface:LogException(Exception)
UnityEditor.Scripting.ScriptCompilation.EditorCompilationInterface:EmitExceptionsAsErrors(Exception[])
UnityEditor.Scripting.ScriptCompilation.EditorCompilationInterface:SetAllCustomScriptAssemblyReferenceJsons(String[], String[])

Begin MonoManager ReloadAssembly
Native extension for WindowsStandalone target not found
Native extension for Android target not found
Refreshing native plugins compatible for Editor in 0.36 ms, found 7 plugins.
Preloading 1 native plugins for Editor in 0.05 ms.
ArgumentException: An item with the same key has already been added. Key: 00000000000000000000000000000000
  at System.Collections.Generic.Dictionary`2[TKey,TValue].TryInsert (TKey key, TValue value, System.Collections.Generic.InsertionBehavior behavior) [0x0015a] in <75633565436c42f0a6426b33f0132ade>:0 
  at System.Collections.Generic.Dictionary`2[TKey,TValue].Add (TKey key, TValue value) [0x00000] in <75633565436c42f0a6426b33f0132ade>:0 
  at System.Linq.Enumerable.ToDictionary[TSource,TKey] (TSource[] source, System.Func`2[T,TResult] keySelector, System.Collections.Generic.IEqualityComparer`1[T] comparer) [0x0001c] in <1c318258bf0843289b0e2cbe692fee39>:0 
  at System.Linq.Enumerable.ToDictionary[TSource,TKey] (System.Collections.Generic.IEnumerable`1[T] source, System.Func`2[T,TResult] keySelector, System.Collections.Generic.IEqualityComparer`1[T] comparer) [0x00043] in <1c318258bf0843289b0e2cbe692fee39>:0 
  at System.Linq.Enumerable.ToDictionary[TSource,TKey] (System.Collections.Generic.IEnumerable`1[T] source, System.Func`2[T,TResult] keySelector) [0x00000] in <1c318258bf0843289b0e2cbe692fee39>:0 
  at UnityEditor.Scripting.ScriptCompilation.LoadingAssemblyDefinition.SetAllCustomScriptAssemblyReferenceJsonsContents (System.String[] paths, System.String[] contents) [0x00172] in <11d97693183d4a6bb35c29ae7882c66b>:0 
UnityEngine.DebugLogHandler:Internal_LogException(Exception, Object)
UnityEngine.DebugLogHandler:LogException(Exception, Object)
UnityEngine.Logger:LogException(Exception, Object)
UnityEngine.Debug:LogException(Exception)
UnityEditor.Scripting.ScriptCompilation.EditorCompilationInterface:LogException(Exception)
UnityEditor.Scripting.ScriptCompilation.EditorCompilationInterface:EmitExceptionsAsErrors(Exception[])
UnityEditor.Scripting.ScriptCompilation.EditorCompilationInterface:SetAllCustomScriptAssemblyReferenceJsons(String[], String[])

PackageInfo()
UnityEngine.StackTraceUtility:ExtractStackTrace ()
UnityEngine.DebugLogHandler:LogFormat (UnityEngine.LogType,UnityEngine.Object,string,object[])
UnityEngine.Logger:Log (UnityEngine.LogType,object)
UnityEngine.Debug:Log (object)
Wave.Essence.Editor.PackageInfo:.cctor () (at Library/PackageCache/com.htc.upm.wave.essence@59208443d6/Editor/EssenceSettingsProvider.cs:1256)
System.Runtime.CompilerServices.RuntimeHelpers:RunClassConstructor (System.RuntimeTypeHandle)
UnityEditor.EditorAssemblies:ProcessInitializeOnLoadAttributes (System.Type[])

(Filename: Library/PackageCache/com.htc.upm.wave.essence@59208443d6/Editor/EssenceSettingsProvider.cs Line: 1256)

Mono: successfully reloaded assembly
- Completed reload, in  0.808 seconds
Domain Reload Profiling:
	ReloadAssembly (808ms)
		BeginReloadAssembly (168ms)
			ExecutionOrderSort (0ms)
			DisableScriptedObjects (3ms)
			BackupInstance (0ms)
			ReleaseScriptingObjects (0ms)
			CreateAndSetChildDomain (40ms)
		EndReloadAssembly (453ms)
			LoadAssemblies (129ms)
			RebuildTransferFunctionScriptingTraits (0ms)
			SetupTypeCache (215ms)
			ReleaseScriptCaches (0ms)
			RebuildScriptCaches (19ms)
			SetupLoadedEditorAssemblies (139ms)
				LogAssemblyErrors (0ms)
				InitializePlatformSupportModulesInManaged (12ms)
				SetLoadedEditorAssemblies (0ms)
				RefreshPlugins (0ms)
				BeforeProcessingInitializeOnLoad (41ms)
				ProcessInitializeOnLoadAttributes (70ms)
				ProcessInitializeOnLoadMethodAttributes (13ms)
				AfterProcessingInitializeOnLoad (1ms)
				EditorAssembliesLoaded (0ms)
			ExecutionOrderSort2 (0ms)
			AwakeInstancesAfterBackupRestoration (3ms)
Platform modules already initialized, skipping
Refreshing native plugins compatible for Editor in 0.74 ms, found 7 plugins.
Preloading 1 native plugins for Editor in 0.04 ms.
Unloading 1745 Unused Serialized files (Serialized files now loaded: 0)
Unloading 12 unused Assets / (25.9 KB). Loaded Objects now: 2345.
Memory consumption went from 81.5 MB to 81.5 MB.
Total: 1.518000 ms (FindLiveObjects: 0.083200 ms CreateObjectMapping: 0.023000 ms MarkObjects: 1.398500 ms  DeleteObjects: 0.012700 ms)

AssetImportParameters requested are different than current active one (requested -> active):
  custom:video-decoder-ogg-theora: a1e56fd34408186e4bbccfd4996cb3dc -> 
  custom:container-muxer-webm: aa71ff27fc2769a1b78a27578f13a17b -> 
  custom:container-demuxer-webm: 4f35f7cbe854078d1ac9338744f61a02 -> 
  custom:video-encoder-webm-vp8: eb34c28f22e8b96e1ab97ce403110664 -> 
  custom:video-codec-MediaFoundation-h265: 746d11721c4dcdbdad8f713fa42b33f4 -> 
  custom:audio-encoder-webm-vorbis: bf7c407c2cedff20999df2af8eb42d56 -> 
  custom:framework-win-MediaFoundation: 216162199b28c13a410421893ffa2e32 -> 
  custom:container-demuxer-ogg: 62fdf1f143b41e24485cea50d1cbac27 -> 
  custom:video-decoder-webm-vp8: 9c59270c3fd7afecdb556c50c9e8de78 -> 
  custom:audio-decoder-ogg-vorbis: bf7c407c2cedff20999df2af8eb42d56 -> 
========================================================================
Received Prepare
Refreshing native plugins compatible for Editor in 1.27 ms, found 7 plugins.
Preloading 1 native plugins for Editor in 0.04 ms.
Unloading 13 Unused Serialized files (Serialized files now loaded: 0)
Unloading 13 unused Assets / (22.0 KB). Loaded Objects now: 2345.
Memory consumption went from 46.8 MB to 46.7 MB.
Total: 1.537300 ms (FindLiveObjects: 0.079200 ms CreateObjectMapping: 0.023300 ms MarkObjects: 1.422800 ms  DeleteObjects: 0.011600 ms)

AssetImportParameters requested are different than current active one (requested -> active):
  custom:video-decoder-ogg-theora: a1e56fd34408186e4bbccfd4996cb3dc -> 
  custom:container-muxer-webm: aa71ff27fc2769a1b78a27578f13a17b -> 
  custom:container-demuxer-webm: 4f35f7cbe854078d1ac9338744f61a02 -> 
  custom:video-encoder-webm-vp8: eb34c28f22e8b96e1ab97ce403110664 -> 
  custom:video-codec-MediaFoundation-h265: 746d11721c4dcdbdad8f713fa42b33f4 -> 
  custom:audio-encoder-webm-vorbis: bf7c407c2cedff20999df2af8eb42d56 -> 
  custom:framework-win-MediaFoundation: 216162199b28c13a410421893ffa2e32 -> 
  custom:container-demuxer-ogg: 62fdf1f143b41e24485cea50d1cbac27 -> 
  custom:video-decoder-webm-vp8: 9c59270c3fd7afecdb556c50c9e8de78 -> 
  custom:audio-decoder-ogg-vorbis: bf7c407c2cedff20999df2af8eb42d56 -> 
========================================================================
Received Prepare
Registering precompiled user dll's ...
Registered in 0.000914 seconds.
ArgumentException: An item with the same key has already been added. Key: 00000000000000000000000000000000
  at System.Collections.Generic.Dictionary`2[TKey,TValue].TryInsert (TKey key, TValue value, System.Collections.Generic.InsertionBehavior behavior) [0x0015a] in <75633565436c42f0a6426b33f0132ade>:0 
  at System.Collections.Generic.Dictionary`2[TKey,TValue].Add (TKey key, TValue value) [0x00000] in <75633565436c42f0a6426b33f0132ade>:0 
  at System.Linq.Enumerable.ToDictionary[TSource,TKey] (TSource[] source, System.Func`2[T,TResult] keySelector, System.Collections.Generic.IEqualityComparer`1[T] comparer) [0x0001c] in <1c318258bf0843289b0e2cbe692fee39>:0 
  at System.Linq.Enumerable.ToDictionary[TSource,TKey] (System.Collections.Generic.IEnumerable`1[T] source, System.Func`2[T,TResult] keySelector, System.Collections.Generic.IEqualityComparer`1[T] comparer) [0x00043] in <1c318258bf0843289b0e2cbe692fee39>:0 
  at System.Linq.Enumerable.ToDictionary[TSource,TKey] (System.Collections.Generic.IEnumerable`1[T] source, System.Func`2[T,TResult] keySelector) [0x00000] in <1c318258bf0843289b0e2cbe692fee39>:0 
  at UnityEditor.Scripting.ScriptCompilation.LoadingAssemblyDefinition.SetAllCustomScriptAssemblyReferenceJsonsContents (System.String[] paths, System.String[] contents) [0x00172] in <11d97693183d4a6bb35c29ae7882c66b>:0 
UnityEngine.DebugLogHandler:Internal_LogException(Exception, Object)
UnityEngine.DebugLogHandler:LogException(Exception, Object)
UnityEngine.Logger:LogException(Exception, Object)
UnityEngine.Debug:LogException(Exception)
UnityEditor.Scripting.ScriptCompilation.EditorCompilationInterface:LogException(Exception)
UnityEditor.Scripting.ScriptCompilation.EditorCompilationInterface:EmitExceptionsAsErrors(Exception[])
UnityEditor.Scripting.ScriptCompilation.EditorCompilationInterface:SetAllCustomScriptAssemblyReferenceJsons(String[], String[])

ArgumentException: An item with the same key has already been added. Key: 00000000000000000000000000000000
  at System.Collections.Generic.Dictionary`2[TKey,TValue].TryInsert (TKey key, TValue value, System.Collections.Generic.InsertionBehavior behavior) [0x0015a] in <75633565436c42f0a6426b33f0132ade>:0 
  at System.Collections.Generic.Dictionary`2[TKey,TValue].Add (TKey key, TValue value) [0x00000] in <75633565436c42f0a6426b33f0132ade>:0 
  at System.Linq.Enumerable.ToDictionary[TSource,TKey] (TSource[] source, System.Func`2[T,TResult] keySelector, System.Collections.Generic.IEqualityComparer`1[T] comparer) [0x0001c] in <1c318258bf0843289b0e2cbe692fee39>:0 
  at System.Linq.Enumerable.ToDictionary[TSource,TKey] (System.Collections.Generic.IEnumerable`1[T] source, System.Func`2[T,TResult] keySelector, System.Collections.Generic.IEqualityComparer`1[T] comparer) [0x00043] in <1c318258bf0843289b0e2cbe692fee39>:0 
  at System.Linq.Enumerable.ToDictionary[TSource,TKey] (System.Collections.Generic.IEnumerable`1[T] source, System.Func`2[T,TResult] keySelector) [0x00000] in <1c318258bf0843289b0e2cbe692fee39>:0 
  at UnityEditor.Scripting.ScriptCompilation.LoadingAssemblyDefinition.SetAllCustomScriptAssemblyReferenceJsonsContents (System.String[] paths, System.String[] contents) [0x00172] in <11d97693183d4a6bb35c29ae7882c66b>:0 
UnityEngine.DebugLogHandler:Internal_LogException(Exception, Object)
UnityEngine.DebugLogHandler:LogException(Exception, Object)
UnityEngine.Logger:LogException(Exception, Object)
UnityEngine.Debug:LogException(Exception)
UnityEditor.Scripting.ScriptCompilation.EditorCompilationInterface:LogException(Exception)
UnityEditor.Scripting.ScriptCompilation.EditorCompilationInterface:EmitExceptionsAsErrors(Exception[])
UnityEditor.Scripting.ScriptCompilation.EditorCompilationInterface:SetAllCustomScriptAssemblyReferenceJsons(String[], String[])

Begin MonoManager ReloadAssembly
Native extension for WindowsStandalone target not found
Native extension for Android target not found
Refreshing native plugins compatible for Editor in 0.32 ms, found 7 plugins.
Preloading 1 native plugins for Editor in 0.05 ms.
ArgumentException: An item with the same key has already been added. Key: 00000000000000000000000000000000
  at System.Collections.Generic.Dictionary`2[TKey,TValue].TryInsert (TKey key, TValue value, System.Collections.Generic.InsertionBehavior behavior) [0x0015a] in <75633565436c42f0a6426b33f0132ade>:0 
  at System.Collections.Generic.Dictionary`2[TKey,TValue].Add (TKey key, TValue value) [0x00000] in <75633565436c42f0a6426b33f0132ade>:0 
  at System.Linq.Enumerable.ToDictionary[TSource,TKey] (TSource[] source, System.Func`2[T,TResult] keySelector, System.Collections.Generic.IEqualityComparer`1[T] comparer) [0x0001c] in <1c318258bf0843289b0e2cbe692fee39>:0 
  at System.Linq.Enumerable.ToDictionary[TSource,TKey] (System.Collections.Generic.IEnumerable`1[T] source, System.Func`2[T,TResult] keySelector, System.Collections.Generic.IEqualityComparer`1[T] comparer) [0x00043] in <1c318258bf0843289b0e2cbe692fee39>:0 
  at System.Linq.Enumerable.ToDictionary[TSource,TKey] (System.Collections.Generic.IEnumerable`1[T] source, System.Func`2[T,TResult] keySelector) [0x00000] in <1c318258bf0843289b0e2cbe692fee39>:0 
  at UnityEditor.Scripting.ScriptCompilation.LoadingAssemblyDefinition.SetAllCustomScriptAssemblyReferenceJsonsContents (System.String[] paths, System.String[] contents) [0x00172] in <11d97693183d4a6bb35c29ae7882c66b>:0 
UnityEngine.DebugLogHandler:Internal_LogException(Exception, Object)
UnityEngine.DebugLogHandler:LogException(Exception, Object)
UnityEngine.Logger:LogException(Exception, Object)
UnityEngine.Debug:LogException(Exception)
UnityEditor.Scripting.ScriptCompilation.EditorCompilationInterface:LogException(Exception)
UnityEditor.Scripting.ScriptCompilation.EditorCompilationInterface:EmitExceptionsAsErrors(Exception[])
UnityEditor.Scripting.ScriptCompilation.EditorCompilationInterface:SetAllCustomScriptAssemblyReferenceJsons(String[], String[])

PackageInfo()
UnityEngine.StackTraceUtility:ExtractStackTrace ()
UnityEngine.DebugLogHandler:LogFormat (UnityEngine.LogType,UnityEngine.Object,string,object[])
UnityEngine.Logger:Log (UnityEngine.LogType,object)
UnityEngine.Debug:Log (object)
Wave.Essence.Editor.PackageInfo:.cctor () (at Library/PackageCache/com.htc.upm.wave.essence@59208443d6/Editor/EssenceSettingsProvider.cs:1256)
System.Runtime.CompilerServices.RuntimeHelpers:RunClassConstructor (System.RuntimeTypeHandle)
UnityEditor.EditorAssemblies:ProcessInitializeOnLoadAttributes (System.Type[])

(Filename: Library/PackageCache/com.htc.upm.wave.essence@59208443d6/Editor/EssenceSettingsProvider.cs Line: 1256)

Mono: successfully reloaded assembly
- Completed reload, in  0.429 seconds
Domain Reload Profiling:
	ReloadAssembly (430ms)
		BeginReloadAssembly (71ms)
			ExecutionOrderSort (0ms)
			DisableScriptedObjects (3ms)
			BackupInstance (0ms)
			ReleaseScriptingObjects (0ms)
			CreateAndSetChildDomain (17ms)
		EndReloadAssembly (307ms)
			LoadAssemblies (39ms)
			RebuildTransferFunctionScriptingTraits (0ms)
			SetupTypeCache (86ms)
			ReleaseScriptCaches (0ms)
			RebuildScriptCaches (17ms)
			SetupLoadedEditorAssemblies (142ms)
				LogAssemblyErrors (0ms)
				InitializePlatformSupportModulesInManaged (11ms)
				SetLoadedEditorAssemblies (0ms)
				RefreshPlugins (0ms)
				BeforeProcessingInitializeOnLoad (43ms)
				ProcessInitializeOnLoadAttributes (73ms)
				ProcessInitializeOnLoadMethodAttributes (13ms)
				AfterProcessingInitializeOnLoad (1ms)
				EditorAssembliesLoaded (0ms)
			ExecutionOrderSort2 (0ms)
			AwakeInstancesAfterBackupRestoration (4ms)
Platform modules already initialized, skipping
Refreshing native plugins compatible for Editor in 0.93 ms, found 7 plugins.
Preloading 1 native plugins for Editor in 0.04 ms.
Unloading 1743 Unused Serialized files (Serialized files now loaded: 0)
Unloading 15 unused Assets / (26.0 KB). Loaded Objects now: 2347.
Memory consumption went from 81.5 MB to 81.4 MB.
Total: 1.539900 ms (FindLiveObjects: 0.079300 ms CreateObjectMapping: 0.022200 ms MarkObjects: 1.425100 ms  DeleteObjects: 0.012800 ms)

AssetImportParameters requested are different than current active one (requested -> active):
  custom:video-decoder-ogg-theora: a1e56fd34408186e4bbccfd4996cb3dc -> 
  custom:container-muxer-webm: aa71ff27fc2769a1b78a27578f13a17b -> 
  custom:container-demuxer-webm: 4f35f7cbe854078d1ac9338744f61a02 -> 
  custom:video-encoder-webm-vp8: eb34c28f22e8b96e1ab97ce403110664 -> 
  custom:video-codec-MediaFoundation-h265: 746d11721c4dcdbdad8f713fa42b33f4 -> 
  custom:audio-encoder-webm-vorbis: bf7c407c2cedff20999df2af8eb42d56 -> 
  custom:framework-win-MediaFoundation: 216162199b28c13a410421893ffa2e32 -> 
  custom:container-demuxer-ogg: 62fdf1f143b41e24485cea50d1cbac27 -> 
  custom:video-decoder-webm-vp8: 9c59270c3fd7afecdb556c50c9e8de78 -> 
  custom:audio-decoder-ogg-vorbis: bf7c407c2cedff20999df2af8eb42d56 -> 
========================================================================
Received Prepare
Refreshing native plugins compatible for Editor in 4.34 ms, found 7 plugins.
Preloading 1 native plugins for Editor in 0.09 ms.
Unloading 13 Unused Serialized files (Serialized files now loaded: 0)
Unloading 13 unused Assets / (22.1 KB). Loaded Objects now: 2347.
Memory consumption went from 46.7 MB to 46.7 MB.
Total: 3.558400 ms (FindLiveObjects: 0.227100 ms CreateObjectMapping: 0.045000 ms MarkObjects: 3.250400 ms  DeleteObjects: 0.035100 ms)

AssetImportParameters requested are different than current active one (requested -> active):
  custom:video-decoder-ogg-theora: a1e56fd34408186e4bbccfd4996cb3dc -> 
  custom:container-muxer-webm: aa71ff27fc2769a1b78a27578f13a17b -> 
  custom:container-demuxer-webm: 4f35f7cbe854078d1ac9338744f61a02 -> 
  custom:video-encoder-webm-vp8: eb34c28f22e8b96e1ab97ce403110664 -> 
  custom:video-codec-MediaFoundation-h265: 746d11721c4dcdbdad8f713fa42b33f4 -> 
  custom:audio-encoder-webm-vorbis: bf7c407c2cedff20999df2af8eb42d56 -> 
  custom:framework-win-MediaFoundation: 216162199b28c13a410421893ffa2e32 -> 
  custom:container-demuxer-ogg: 62fdf1f143b41e24485cea50d1cbac27 -> 
  custom:video-decoder-webm-vp8: 9c59270c3fd7afecdb556c50c9e8de78 -> 
  custom:audio-decoder-ogg-vorbis: bf7c407c2cedff20999df2af8eb42d56 -> 
========================================================================
Received Prepare
Registering precompiled user dll's ...
Registered in 0.000689 seconds.
ArgumentException: An item with the same key has already been added. Key: 00000000000000000000000000000000
  at System.Collections.Generic.Dictionary`2[TKey,TValue].TryInsert (TKey key, TValue value, System.Collections.Generic.InsertionBehavior behavior) [0x0015a] in <75633565436c42f0a6426b33f0132ade>:0 
  at System.Collections.Generic.Dictionary`2[TKey,TValue].Add (TKey key, TValue value) [0x00000] in <75633565436c42f0a6426b33f0132ade>:0 
  at System.Linq.Enumerable.ToDictionary[TSource,TKey] (TSource[] source, System.Func`2[T,TResult] keySelector, System.Collections.Generic.IEqualityComparer`1[T] comparer) [0x0001c] in <1c318258bf0843289b0e2cbe692fee39>:0 
  at System.Linq.Enumerable.ToDictionary[TSource,TKey] (System.Collections.Generic.IEnumerable`1[T] source, System.Func`2[T,TResult] keySelector, System.Collections.Generic.IEqualityComparer`1[T] comparer) [0x00043] in <1c318258bf0843289b0e2cbe692fee39>:0 
  at System.Linq.Enumerable.ToDictionary[TSource,TKey] (System.Collections.Generic.IEnumerable`1[T] source, System.Func`2[T,TResult] keySelector) [0x00000] in <1c318258bf0843289b0e2cbe692fee39>:0 
  at UnityEditor.Scripting.ScriptCompilation.LoadingAssemblyDefinition.SetAllCustomScriptAssemblyReferenceJsonsContents (System.String[] paths, System.String[] contents) [0x00172] in <11d97693183d4a6bb35c29ae7882c66b>:0 
UnityEngine.DebugLogHandler:Internal_LogException(Exception, Object)
UnityEngine.DebugLogHandler:LogException(Exception, Object)
UnityEngine.Logger:LogException(Exception, Object)
UnityEngine.Debug:LogException(Exception)
UnityEditor.Scripting.ScriptCompilation.EditorCompilationInterface:LogException(Exception)
UnityEditor.Scripting.ScriptCompilation.EditorCompilationInterface:EmitExceptionsAsErrors(Exception[])
UnityEditor.Scripting.ScriptCompilation.EditorCompilationInterface:SetAllCustomScriptAssemblyReferenceJsons(String[], String[])

ArgumentException: An item with the same key has already been added. Key: 00000000000000000000000000000000
  at System.Collections.Generic.Dictionary`2[TKey,TValue].TryInsert (TKey key, TValue value, System.Collections.Generic.InsertionBehavior behavior) [0x0015a] in <75633565436c42f0a6426b33f0132ade>:0 
  at System.Collections.Generic.Dictionary`2[TKey,TValue].Add (TKey key, TValue value) [0x00000] in <75633565436c42f0a6426b33f0132ade>:0 
  at System.Linq.Enumerable.ToDictionary[TSource,TKey] (TSource[] source, System.Func`2[T,TResult] keySelector, System.Collections.Generic.IEqualityComparer`1[T] comparer) [0x0001c] in <1c318258bf0843289b0e2cbe692fee39>:0 
  at System.Linq.Enumerable.ToDictionary[TSource,TKey] (System.Collections.Generic.IEnumerable`1[T] source, System.Func`2[T,TResult] keySelector, System.Collections.Generic.IEqualityComparer`1[T] comparer) [0x00043] in <1c318258bf0843289b0e2cbe692fee39>:0 
  at System.Linq.Enumerable.ToDictionary[TSource,TKey] (System.Collections.Generic.IEnumerable`1[T] source, System.Func`2[T,TResult] keySelector) [0x00000] in <1c318258bf0843289b0e2cbe692fee39>:0 
  at UnityEditor.Scripting.ScriptCompilation.LoadingAssemblyDefinition.SetAllCustomScriptAssemblyReferenceJsonsContents (System.String[] paths, System.String[] contents) [0x00172] in <11d97693183d4a6bb35c29ae7882c66b>:0 
UnityEngine.DebugLogHandler:Internal_LogException(Exception, Object)
UnityEngine.DebugLogHandler:LogException(Exception, Object)
UnityEngine.Logger:LogException(Exception, Object)
UnityEngine.Debug:LogException(Exception)
UnityEditor.Scripting.ScriptCompilation.EditorCompilationInterface:LogException(Exception)
UnityEditor.Scripting.ScriptCompilation.EditorCompilationInterface:EmitExceptionsAsErrors(Exception[])
UnityEditor.Scripting.ScriptCompilation.EditorCompilationInterface:SetAllCustomScriptAssemblyReferenceJsons(String[], String[])

Begin MonoManager ReloadAssembly
Native extension for WindowsStandalone target not found
Native extension for Android target not found
Refreshing native plugins compatible for Editor in 0.37 ms, found 7 plugins.
Preloading 1 native plugins for Editor in 0.06 ms.
ArgumentException: An item with the same key has already been added. Key: 00000000000000000000000000000000
  at System.Collections.Generic.Dictionary`2[TKey,TValue].TryInsert (TKey key, TValue value, System.Collections.Generic.InsertionBehavior behavior) [0x0015a] in <75633565436c42f0a6426b33f0132ade>:0 
  at System.Collections.Generic.Dictionary`2[TKey,TValue].Add (TKey key, TValue value) [0x00000] in <75633565436c42f0a6426b33f0132ade>:0 
  at System.Linq.Enumerable.ToDictionary[TSource,TKey] (TSource[] source, System.Func`2[T,TResult] keySelector, System.Collections.Generic.IEqualityComparer`1[T] comparer) [0x0001c] in <1c318258bf0843289b0e2cbe692fee39>:0 
  at System.Linq.Enumerable.ToDictionary[TSource,TKey] (System.Collections.Generic.IEnumerable`1[T] source, System.Func`2[T,TResult] keySelector, System.Collections.Generic.IEqualityComparer`1[T] comparer) [0x00043] in <1c318258bf0843289b0e2cbe692fee39>:0 
  at System.Linq.Enumerable.ToDictionary[TSource,TKey] (System.Collections.Generic.IEnumerable`1[T] source, System.Func`2[T,TResult] keySelector) [0x00000] in <1c318258bf0843289b0e2cbe692fee39>:0 
  at UnityEditor.Scripting.ScriptCompilation.LoadingAssemblyDefinition.SetAllCustomScriptAssemblyReferenceJsonsContents (System.String[] paths, System.String[] contents) [0x00172] in <11d97693183d4a6bb35c29ae7882c66b>:0 
UnityEngine.DebugLogHandler:Internal_LogException(Exception, Object)
UnityEngine.DebugLogHandler:LogException(Exception, Object)
UnityEngine.Logger:LogException(Exception, Object)
UnityEngine.Debug:LogException(Exception)
UnityEditor.Scripting.ScriptCompilation.EditorCompilationInterface:LogException(Exception)
UnityEditor.Scripting.ScriptCompilation.EditorCompilationInterface:EmitExceptionsAsErrors(Exception[])
UnityEditor.Scripting.ScriptCompilation.EditorCompilationInterface:SetAllCustomScriptAssemblyReferenceJsons(String[], String[])

PackageInfo()
UnityEngine.StackTraceUtility:ExtractStackTrace ()
UnityEngine.DebugLogHandler:LogFormat (UnityEngine.LogType,UnityEngine.Object,string,object[])
UnityEngine.Logger:Log (UnityEngine.LogType,object)
UnityEngine.Debug:Log (object)
Wave.Essence.Editor.PackageInfo:.cctor () (at Library/PackageCache/com.htc.upm.wave.essence@59208443d6/Editor/EssenceSettingsProvider.cs:1256)
System.Runtime.CompilerServices.RuntimeHelpers:RunClassConstructor (System.RuntimeTypeHandle)
UnityEditor.EditorAssemblies:ProcessInitializeOnLoadAttributes (System.Type[])

(Filename: Library/PackageCache/com.htc.upm.wave.essence@59208443d6/Editor/EssenceSettingsProvider.cs Line: 1256)

Mono: successfully reloaded assembly
- Completed reload, in  0.456 seconds
Domain Reload Profiling:
	ReloadAssembly (457ms)
		BeginReloadAssembly (82ms)
			ExecutionOrderSort (0ms)
			DisableScriptedObjects (4ms)
			BackupInstance (0ms)
			ReleaseScriptingObjects (0ms)
			CreateAndSetChildDomain (19ms)
		EndReloadAssembly (307ms)
			LoadAssemblies (46ms)
			RebuildTransferFunctionScriptingTraits (0ms)
			SetupTypeCache (85ms)
			ReleaseScriptCaches (0ms)
			RebuildScriptCaches (18ms)
			SetupLoadedEditorAssemblies (138ms)
				LogAssemblyErrors (0ms)
				InitializePlatformSupportModulesInManaged (11ms)
				SetLoadedEditorAssemblies (0ms)
				RefreshPlugins (0ms)
				BeforeProcessingInitializeOnLoad (42ms)
				ProcessInitializeOnLoadAttributes (72ms)
				ProcessInitializeOnLoadMethodAttributes (11ms)
				AfterProcessingInitializeOnLoad (1ms)
				EditorAssembliesLoaded (0ms)
			ExecutionOrderSort2 (0ms)
			AwakeInstancesAfterBackupRestoration (3ms)
Platform modules already initialized, skipping
Refreshing native plugins compatible for Editor in 0.75 ms, found 7 plugins.
Preloading 1 native plugins for Editor in 0.04 ms.
Unloading 1743 Unused Serialized files (Serialized files now loaded: 0)
Unloading 12 unused Assets / (25.8 KB). Loaded Objects now: 2351.
Memory consumption went from 81.5 MB to 81.4 MB.
Total: 1.967100 ms (FindLiveObjects: 0.094300 ms CreateObjectMapping: 0.023900 ms MarkObjects: 1.832400 ms  DeleteObjects: 0.016000 ms)

AssetImportParameters requested are different than current active one (requested -> active):
  custom:video-decoder-ogg-theora: a1e56fd34408186e4bbccfd4996cb3dc -> 
  custom:container-muxer-webm: aa71ff27fc2769a1b78a27578f13a17b -> 
  custom:container-demuxer-webm: 4f35f7cbe854078d1ac9338744f61a02 -> 
  custom:video-encoder-webm-vp8: eb34c28f22e8b96e1ab97ce403110664 -> 
  custom:video-codec-MediaFoundation-h265: 746d11721c4dcdbdad8f713fa42b33f4 -> 
  custom:audio-encoder-webm-vorbis: bf7c407c2cedff20999df2af8eb42d56 -> 
  custom:framework-win-MediaFoundation: 216162199b28c13a410421893ffa2e32 -> 
  custom:container-demuxer-ogg: 62fdf1f143b41e24485cea50d1cbac27 -> 
  custom:video-decoder-webm-vp8: 9c59270c3fd7afecdb556c50c9e8de78 -> 
  custom:audio-decoder-ogg-vorbis: bf7c407c2cedff20999df2af8eb42d56 -> 
========================================================================
Received Prepare
Refreshing native plugins compatible for Editor in 1.65 ms, found 7 plugins.
Preloading 1 native plugins for Editor in 0.04 ms.
Unloading 13 Unused Serialized files (Serialized files now loaded: 0)
Unloading 13 unused Assets / (22.1 KB). Loaded Objects now: 2351.
Memory consumption went from 46.8 MB to 46.7 MB.
Total: 1.758600 ms (FindLiveObjects: 0.085300 ms CreateObjectMapping: 0.023300 ms MarkObjects: 1.637300 ms  DeleteObjects: 0.012100 ms)

AssetImportParameters requested are different than current active one (requested -> active):
  custom:video-decoder-ogg-theora: a1e56fd34408186e4bbccfd4996cb3dc -> 
  custom:container-muxer-webm: aa71ff27fc2769a1b78a27578f13a17b -> 
  custom:container-demuxer-webm: 4f35f7cbe854078d1ac9338744f61a02 -> 
  custom:video-encoder-webm-vp8: eb34c28f22e8b96e1ab97ce403110664 -> 
  custom:video-codec-MediaFoundation-h265: 746d11721c4dcdbdad8f713fa42b33f4 -> 
  custom:audio-encoder-webm-vorbis: bf7c407c2cedff20999df2af8eb42d56 -> 
  custom:framework-win-MediaFoundation: 216162199b28c13a410421893ffa2e32 -> 
  custom:container-demuxer-ogg: 62fdf1f143b41e24485cea50d1cbac27 -> 
  custom:video-decoder-webm-vp8: 9c59270c3fd7afecdb556c50c9e8de78 -> 
  custom:audio-decoder-ogg-vorbis: bf7c407c2cedff20999df2af8eb42d56 -> 
========================================================================
Received Prepare
Registering precompiled user dll's ...
Registered in 0.000820 seconds.
ArgumentException: An item with the same key has already been added. Key: 00000000000000000000000000000000
  at System.Collections.Generic.Dictionary`2[TKey,TValue].TryInsert (TKey key, TValue value, System.Collections.Generic.InsertionBehavior behavior) [0x0015a] in <75633565436c42f0a6426b33f0132ade>:0 
  at System.Collections.Generic.Dictionary`2[TKey,TValue].Add (TKey key, TValue value) [0x00000] in <75633565436c42f0a6426b33f0132ade>:0 
  at System.Linq.Enumerable.ToDictionary[TSource,TKey] (TSource[] source, System.Func`2[T,TResult] keySelector, System.Collections.Generic.IEqualityComparer`1[T] comparer) [0x0001c] in <1c318258bf0843289b0e2cbe692fee39>:0 
  at System.Linq.Enumerable.ToDictionary[TSource,TKey] (System.Collections.Generic.IEnumerable`1[T] source, System.Func`2[T,TResult] keySelector, System.Collections.Generic.IEqualityComparer`1[T] comparer) [0x00043] in <1c318258bf0843289b0e2cbe692fee39>:0 
  at System.Linq.Enumerable.ToDictionary[TSource,TKey] (System.Collections.Generic.IEnumerable`1[T] source, System.Func`2[T,TResult] keySelector) [0x00000] in <1c318258bf0843289b0e2cbe692fee39>:0 
  at UnityEditor.Scripting.ScriptCompilation.LoadingAssemblyDefinition.SetAllCustomScriptAssemblyReferenceJsonsContents (System.String[] paths, System.String[] contents) [0x00172] in <11d97693183d4a6bb35c29ae7882c66b>:0 
UnityEngine.DebugLogHandler:Internal_LogException(Exception, Object)
UnityEngine.DebugLogHandler:LogException(Exception, Object)
UnityEngine.Logger:LogException(Exception, Object)
UnityEngine.Debug:LogException(Exception)
UnityEditor.Scripting.ScriptCompilation.EditorCompilationInterface:LogException(Exception)
UnityEditor.Scripting.ScriptCompilation.EditorCompilationInterface:EmitExceptionsAsErrors(Exception[])
UnityEditor.Scripting.ScriptCompilation.EditorCompilationInterface:SetAllCustomScriptAssemblyReferenceJsons(String[], String[])

ArgumentException: An item with the same key has already been added. Key: 00000000000000000000000000000000
  at System.Collections.Generic.Dictionary`2[TKey,TValue].TryInsert (TKey key, TValue value, System.Collections.Generic.InsertionBehavior behavior) [0x0015a] in <75633565436c42f0a6426b33f0132ade>:0 
  at System.Collections.Generic.Dictionary`2[TKey,TValue].Add (TKey key, TValue value) [0x00000] in <75633565436c42f0a6426b33f0132ade>:0 
  at System.Linq.Enumerable.ToDictionary[TSource,TKey] (TSource[] source, System.Func`2[T,TResult] keySelector, System.Collections.Generic.IEqualityComparer`1[T] comparer) [0x0001c] in <1c318258bf0843289b0e2cbe692fee39>:0 
  at System.Linq.Enumerable.ToDictionary[TSource,TKey] (System.Collections.Generic.IEnumerable`1[T] source, System.Func`2[T,TResult] keySelector, System.Collections.Generic.IEqualityComparer`1[T] comparer) [0x00043] in <1c318258bf0843289b0e2cbe692fee39>:0 
  at System.Linq.Enumerable.ToDictionary[TSource,TKey] (System.Collections.Generic.IEnumerable`1[T] source, System.Func`2[T,TResult] keySelector) [0x00000] in <1c318258bf0843289b0e2cbe692fee39>:0 
  at UnityEditor.Scripting.ScriptCompilation.LoadingAssemblyDefinition.SetAllCustomScriptAssemblyReferenceJsonsContents (System.String[] paths, System.String[] contents) [0x00172] in <11d97693183d4a6bb35c29ae7882c66b>:0 
UnityEngine.DebugLogHandler:Internal_LogException(Exception, Object)
UnityEngine.DebugLogHandler:LogException(Exception, Object)
UnityEngine.Logger:LogException(Exception, Object)
UnityEngine.Debug:LogException(Exception)
UnityEditor.Scripting.ScriptCompilation.EditorCompilationInterface:LogException(Exception)
UnityEditor.Scripting.ScriptCompilation.EditorCompilationInterface:EmitExceptionsAsErrors(Exception[])
UnityEditor.Scripting.ScriptCompilation.EditorCompilationInterface:SetAllCustomScriptAssemblyReferenceJsons(String[], String[])

Begin MonoManager ReloadAssembly
Native extension for WindowsStandalone target not found
Native extension for Android target not found
Refreshing native plugins compatible for Editor in 0.34 ms, found 7 plugins.
Preloading 1 native plugins for Editor in 0.05 ms.
ArgumentException: An item with the same key has already been added. Key: 00000000000000000000000000000000
  at System.Collections.Generic.Dictionary`2[TKey,TValue].TryInsert (TKey key, TValue value, System.Collections.Generic.InsertionBehavior behavior) [0x0015a] in <75633565436c42f0a6426b33f0132ade>:0 
  at System.Collections.Generic.Dictionary`2[TKey,TValue].Add (TKey key, TValue value) [0x00000] in <75633565436c42f0a6426b33f0132ade>:0 
  at System.Linq.Enumerable.ToDictionary[TSource,TKey] (TSource[] source, System.Func`2[T,TResult] keySelector, System.Collections.Generic.IEqualityComparer`1[T] comparer) [0x0001c] in <1c318258bf0843289b0e2cbe692fee39>:0 
  at System.Linq.Enumerable.ToDictionary[TSource,TKey] (System.Collections.Generic.IEnumerable`1[T] source, System.Func`2[T,TResult] keySelector, System.Collections.Generic.IEqualityComparer`1[T] comparer) [0x00043] in <1c318258bf0843289b0e2cbe692fee39>:0 
  at System.Linq.Enumerable.ToDictionary[TSource,TKey] (System.Collections.Generic.IEnumerable`1[T] source, System.Func`2[T,TResult] keySelector) [0x00000] in <1c318258bf0843289b0e2cbe692fee39>:0 
  at UnityEditor.Scripting.ScriptCompilation.LoadingAssemblyDefinition.SetAllCustomScriptAssemblyReferenceJsonsContents (System.String[] paths, System.String[] contents) [0x00172] in <11d97693183d4a6bb35c29ae7882c66b>:0 
UnityEngine.DebugLogHandler:Internal_LogException(Exception, Object)
UnityEngine.DebugLogHandler:LogException(Exception, Object)
UnityEngine.Logger:LogException(Exception, Object)
UnityEngine.Debug:LogException(Exception)
UnityEditor.Scripting.ScriptCompilation.EditorCompilationInterface:LogException(Exception)
UnityEditor.Scripting.ScriptCompilation.EditorCompilationInterface:EmitExceptionsAsErrors(Exception[])
UnityEditor.Scripting.ScriptCompilation.EditorCompilationInterface:SetAllCustomScriptAssemblyReferenceJsons(String[], String[])

PackageInfo()
UnityEngine.StackTraceUtility:ExtractStackTrace ()
UnityEngine.DebugLogHandler:LogFormat (UnityEngine.LogType,UnityEngine.Object,string,object[])
UnityEngine.Logger:Log (UnityEngine.LogType,object)
UnityEngine.Debug:Log (object)
Wave.Essence.Editor.PackageInfo:.cctor () (at Library/PackageCache/com.htc.upm.wave.essence@59208443d6/Editor/EssenceSettingsProvider.cs:1256)
System.Runtime.CompilerServices.RuntimeHelpers:RunClassConstructor (System.RuntimeTypeHandle)
UnityEditor.EditorAssemblies:ProcessInitializeOnLoadAttributes (System.Type[])

(Filename: Library/PackageCache/com.htc.upm.wave.essence@59208443d6/Editor/EssenceSettingsProvider.cs Line: 1256)

Mono: successfully reloaded assembly
- Completed reload, in  0.424 seconds
Domain Reload Profiling:
	ReloadAssembly (424ms)
		BeginReloadAssembly (68ms)
			ExecutionOrderSort (0ms)
			DisableScriptedObjects (3ms)
			BackupInstance (0ms)
			ReleaseScriptingObjects (0ms)
			CreateAndSetChildDomain (14ms)
		EndReloadAssembly (302ms)
			LoadAssemblies (39ms)
			RebuildTransferFunctionScriptingTraits (0ms)
			SetupTypeCache (83ms)
			ReleaseScriptCaches (0ms)
			RebuildScriptCaches (18ms)
			SetupLoadedEditorAssemblies (142ms)
				LogAssemblyErrors (0ms)
				InitializePlatformSupportModulesInManaged (11ms)
				SetLoadedEditorAssemblies (0ms)
				RefreshPlugins (0ms)
				BeforeProcessingInitializeOnLoad (45ms)
				ProcessInitializeOnLoadAttributes (71ms)
				ProcessInitializeOnLoadMethodAttributes (12ms)
				AfterProcessingInitializeOnLoad (1ms)
				EditorAssembliesLoaded (0ms)
			ExecutionOrderSort2 (0ms)
			AwakeInstancesAfterBackupRestoration (3ms)
Platform modules already initialized, skipping
Refreshing native plugins compatible for Editor in 0.71 ms, found 7 plugins.
Preloading 1 native plugins for Editor in 0.04 ms.
Unloading 1743 Unused Serialized files (Serialized files now loaded: 0)
Unloading 12 unused Assets / (25.8 KB). Loaded Objects now: 2355.
Memory consumption went from 81.5 MB to 81.4 MB.
Total: 1.581100 ms (FindLiveObjects: 0.086900 ms CreateObjectMapping: 0.023500 ms MarkObjects: 1.454700 ms  DeleteObjects: 0.014500 ms)

AssetImportParameters requested are different than current active one (requested -> active):
  custom:video-decoder-ogg-theora: a1e56fd34408186e4bbccfd4996cb3dc -> 
  custom:container-muxer-webm: aa71ff27fc2769a1b78a27578f13a17b -> 
  custom:container-demuxer-webm: 4f35f7cbe854078d1ac9338744f61a02 -> 
  custom:video-encoder-webm-vp8: eb34c28f22e8b96e1ab97ce403110664 -> 
  custom:video-codec-MediaFoundation-h265: 746d11721c4dcdbdad8f713fa42b33f4 -> 
  custom:audio-encoder-webm-vorbis: bf7c407c2cedff20999df2af8eb42d56 -> 
  custom:framework-win-MediaFoundation: 216162199b28c13a410421893ffa2e32 -> 
  custom:container-demuxer-ogg: 62fdf1f143b41e24485cea50d1cbac27 -> 
  custom:video-decoder-webm-vp8: 9c59270c3fd7afecdb556c50c9e8de78 -> 
  custom:audio-decoder-ogg-vorbis: bf7c407c2cedff20999df2af8eb42d56 -> 
========================================================================
Received Prepare
Refreshing native plugins compatible for Editor in 1.63 ms, found 7 plugins.
Preloading 1 native plugins for Editor in 0.05 ms.
Unloading 13 Unused Serialized files (Serialized files now loaded: 0)
Unloading 13 unused Assets / (22.0 KB). Loaded Objects now: 2355.
Memory consumption went from 46.8 MB to 46.8 MB.
Total: 1.841800 ms (FindLiveObjects: 0.101200 ms CreateObjectMapping: 0.035400 ms MarkObjects: 1.692800 ms  DeleteObjects: 0.011700 ms)

AssetImportParameters requested are different than current active one (requested -> active):
  custom:video-decoder-ogg-theora: a1e56fd34408186e4bbccfd4996cb3dc -> 
  custom:container-muxer-webm: aa71ff27fc2769a1b78a27578f13a17b -> 
  custom:container-demuxer-webm: 4f35f7cbe854078d1ac9338744f61a02 -> 
  custom:video-encoder-webm-vp8: eb34c28f22e8b96e1ab97ce403110664 -> 
  custom:video-codec-MediaFoundation-h265: 746d11721c4dcdbdad8f713fa42b33f4 -> 
  custom:audio-encoder-webm-vorbis: bf7c407c2cedff20999df2af8eb42d56 -> 
  custom:framework-win-MediaFoundation: 216162199b28c13a410421893ffa2e32 -> 
  custom:container-demuxer-ogg: 62fdf1f143b41e24485cea50d1cbac27 -> 
  custom:video-decoder-webm-vp8: 9c59270c3fd7afecdb556c50c9e8de78 -> 
  custom:audio-decoder-ogg-vorbis: bf7c407c2cedff20999df2af8eb42d56 -> 
