timestamp_sec,left_pupil_mm,right_pupil_mm,left_blink,right_blink,left_gaze_x,left_gaze_y,left_gaze_z,right_gaze_x,right_gaze_y,right_gaze_z,combined_gaze_x,combined_gaze_y,combined_gaze_z,origin_x,origin_y,origin_z,light_condition,stimulus_event
0.0000,5.4554,6.2368,0.0008,0.0006,0.0742,-0.3372,0.9385,0.0430,-0.3373,0.9404,0.0589,-0.3392,0.9389,0.0247,0.0028,0.6003,Dark,Experiment session started
0.0000,5.4554,6.2368,0.0002,0.0002,0.0609,-0.3433,0.9373,0.0297,-0.3433,0.9387,0.0456,-0.3453,0.9374,0.0240,-0.0019,0.6045,Dark,Experiment session started
0.0200,5.4554,6.2368,0.0002,0.0002,0.0543,-0.3433,0.9377,0.0231,-0.3434,0.9389,0.0390,-0.3453,0.9377,0.0238,-0.0027,0.6056,Dark,Experiment session started
0.0321,5.4554,6.2368,0.0002,0.0002,0.0537,-0.3446,0.9372,0.0225,-0.3447,0.9385,0.0384,-0.3466,0.9372,0.0237,-0.0030,0.6057,Dark,Experiment session started
0.0430,5.4554,6.2368,0.0002,0.0002,0.0560,-0.3436,0.9374,0.0248,-0.3438,0.9387,0.0407,-0.3457,0.9374,0.0234,-0.0032,0.6059,Dark,Experiment session started
0.0534,5.4554,6.2368,0.0001,0.0002,0.0464,-0.3424,0.9384,0.0151,-0.3425,0.9394,0.0311,-0.3445,0.9383,0.0232,-0.0034,0.6060,Dark,Experiment session started
0.0651,5.4554,6.2368,0.0001,0.0001,0.0451,-0.3421,0.9386,0.0138,-0.3422,0.9395,0.0298,-0.3441,0.9384,0.0231,-0.0035,0.6062,Dark,Experiment session started
0.0771,5.4554,6.2368,0.0001,0.0001,0.0336,-0.3398,0.9399,0.0022,-0.3399,0.9405,0.0182,-0.3419,0.9396,0.0227,-0.0035,0.6064,Dark,Experiment session started
0.0876,5.4554,6.2368,0.0001,0.0001,0.0389,-0.3199,0.9466,0.0075,-0.3200,0.9474,0.0235,-0.3220,0.9464,0.0224,-0.0036,0.6066,Dark,Experiment session started
0.0982,5.4554,6.2368,0.0001,0.0001,0.0375,-0.3181,0.9473,0.0061,-0.3181,0.9480,0.0221,-0.3201,0.9471,0.0222,-0.0036,0.6068,Dark,Experiment session started
0.1095,5.4554,6.2368,0.0001,0.0001,0.0428,-0.2996,0.9531,0.0114,-0.2996,0.9540,0.0274,-0.3016,0.9530,0.0219,-0.0035,0.6070,Dark,Experiment session started
0.1205,5.4554,6.2368,0.0001,0.0001,0.0460,-0.2821,0.9583,0.0146,-0.2821,0.9593,0.0307,-0.2841,0.9583,0.0216,-0.0034,0.6072,Dark,
0.1322,5.4554,6.2368,0.0000,0.0001,0.0445,-0.2784,0.9594,0.0130,-0.2784,0.9604,0.0291,-0.2805,0.9594,0.0213,-0.0033,0.6073,Dark,
0.1439,5.4554,6.2368,0.0000,0.0001,0.0458,-0.2623,0.9639,0.0143,-0.2623,0.9649,0.0304,-0.2644,0.9639,0.0210,-0.0030,0.6075,Dark,
0.1539,5.4554,6.2368,0.0000,0.0001,0.0459,-0.2474,0.9678,0.0144,-0.2474,0.9688,0.0305,-0.2495,0.9679,0.0206,-0.0027,0.6076,Dark,
0.1653,5.4554,6.2368,0.0000,0.0000,0.0422,-0.2440,0.9689,0.0107,-0.2440,0.9697,0.0268,-0.2461,0.9689,0.0201,-0.0023,0.6077,Dark,
0.1774,5.4554,6.2368,0.0000,0.0000,0.0404,-0.2308,0.9722,0.0089,-0.2309,0.9729,0.0250,-0.2329,0.9722,0.0194,-0.0020,0.6077,Dark,
0.1878,5.4554,6.2368,0.0000,0.0000,0.0392,-0.2198,0.9748,0.0077,-0.2199,0.9755,0.0238,-0.2220,0.9748,0.0188,-0.0017,0.6077,Dark,
0.1994,5.4554,6.2368,0.0000,0.0000,0.0372,-0.2105,0.9769,0.0058,-0.2106,0.9776,0.0219,-0.2126,0.9769,0.0182,-0.0015,0.6076,Dark,
0.2107,5.4554,6.2368,0.0000,0.0000,0.0325,-0.2089,0.9774,0.0010,-0.2091,0.9779,0.0171,-0.2111,0.9773,0.0175,-0.0013,0.6076,Dark,
0.2283,5.4554,6.2368,0.0000,0.0000,0.0308,-0.2011,0.9791,-0.0007,-0.2013,0.9795,0.0154,-0.2033,0.9790,0.0167,-0.0012,0.6075,Dark,
0.2326,5.4554,6.2368,0.0000,0.0000,0.0252,-0.2003,0.9794,-0.0062,-0.2006,0.9796,0.0099,-0.2026,0.9792,0.0159,-0.0011,0.6075,Dark,
0.2448,5.4554,6.2368,0.0000,0.0000,0.0225,-0.1945,0.9806,-0.0090,-0.1949,0.9808,0.0071,-0.1968,0.9804,0.0150,-0.0011,0.6074,Dark,
0.2547,5.4554,6.2368,0.0000,0.0000,0.0101,-0.1902,0.9817,-0.0214,-0.1906,0.9814,-0.0053,-0.1925,0.9813,0.0141,-0.0011,0.6074,Dark,
0.2659,5.4554,6.2368,0.0000,0.0000,0.0032,-0.1922,0.9813,-0.0283,-0.1926,0.9809,-0.0121,-0.1945,0.9808,0.0130,-0.0012,0.6074,Dark,
0.2770,5.4554,6.2368,0.0000,0.0000,-0.0094,-0.1910,0.9815,-0.0410,-0.1913,0.9807,-0.0248,-0.1933,0.9808,0.0120,-0.0013,0.6073,Dark,
0.2887,5.4554,6.2368,0.0000,0.0000,-0.0226,-0.1914,0.9812,-0.0542,-0.1917,0.9800,-0.0380,-0.1937,0.9803,0.0109,-0.0016,0.6072,Dark,
0.2992,5.4554,6.2368,0.0000,0.0000,-0.0314,-0.1955,0.9802,-0.0630,-0.1958,0.9786,-0.0468,-0.1978,0.9791,0.0097,-0.0020,0.6071,Dark,
0.3112,5.4554,6.2368,0.0000,0.0000,-0.0439,-0.1974,0.9793,-0.0754,-0.1977,0.9774,-0.0592,-0.1997,0.9781,0.0086,-0.0024,0.6070,Dark,
0.3216,5.4554,6.2368,0.0000,0.0000,-0.0560,-0.2000,0.9782,-0.0876,-0.2002,0.9758,-0.0714,-0.2022,0.9767,0.0075,-0.0028,0.6067,Dark,
0.3328,5.4554,6.2368,0.0000,0.0000,-0.0657,-0.2047,0.9766,-0.0973,-0.2049,0.9739,-0.0811,-0.2069,0.9750,0.0064,-0.0033,0.6065,Dark,
0.3439,5.4554,6.2368,0.0000,0.0000,-0.0770,-0.2076,0.9752,-0.1085,-0.2076,0.9722,-0.0923,-0.2097,0.9734,0.0053,-0.0037,0.6063,Dark,
0.3547,5.4554,6.2368,0.0000,0.0000,-0.0881,-0.2103,0.9737,-0.1196,-0.2103,0.9703,-0.1034,-0.2124,0.9717,0.0043,-0.0041,0.6061,Dark,
0.3659,5.4554,6.2368,0.0000,0.0000,-0.0978,-0.2142,0.9719,-0.1293,-0.2141,0.9682,-0.1132,-0.2163,0.9698,0.0033,-0.0045,0.6058,Dark,
0.3777,5.4554,6.2368,0.0000,0.0000,-0.1083,-0.2161,0.9703,-0.1398,-0.2159,0.9664,-0.1237,-0.2181,0.9680,0.0024,-0.0048,0.6055,Dark,
0.3876,5.4554,6.2368,0.0000,0.0000,-0.1188,-0.2175,0.9688,-0.1502,-0.2172,0.9645,-0.1341,-0.2195,0.9664,0.0016,-0.0051,0.6054,Dark,
0.3990,5.4554,6.2368,0.0000,0.0000,-0.1286,-0.2194,0.9671,-0.1600,-0.2190,0.9625,-0.1439,-0.2213,0.9645,0.0007,-0.0053,0.6051,Dark,
0.4107,5.3886,6.6659,0.0000,0.0000,-0.1366,-0.2148,0.9671,-0.1738,-0.2141,0.9612,-0.1547,-0.2170,0.9638,-0.0002,-0.0055,0.6050,Dark,
0.4237,5.3726,6.6659,0.0000,0.0000,-0.1426,-0.2076,0.9677,-0.1831,-0.2068,0.9611,-0.1624,-0.2100,0.9641,-0.0010,-0.0057,0.6048,Dark,
0.4327,5.4016,6.6760,0.0000,0.0000,-0.1515,-0.2090,0.9661,-0.1955,-0.2079,0.9584,-0.1730,-0.2114,0.9620,-0.0017,-0.0058,0.6047,Dark,
0.4434,5.3749,6.6565,0.0000,0.0000,-0.1555,-0.2059,0.9662,-0.2067,-0.2045,0.9568,-0.1805,-0.2087,0.9612,-0.0024,-0.0058,0.6047,Dark,
0.4544,5.3893,6.6531,0.0000,0.0000,-0.1598,-0.2036,0.9659,-0.2150,-0.2020,0.9555,-0.1867,-0.2066,0.9604,-0.0032,-0.0058,0.6046,Dark,
0.4663,5.4018,6.6506,0.0000,0.0000,-0.1695,-0.2024,0.9645,-0.2288,-0.2005,0.9526,-0.1984,-0.2056,0.9583,-0.0040,-0.0059,0.6045,Dark,
0.4773,5.4203,6.6949,0.0000,0.0000,-0.1737,-0.1993,0.9644,-0.2420,-0.1969,0.9501,-0.2070,-0.2029,0.9571,-0.0048,-0.0058,0.6044,Dark,
0.4892,5.4404,6.7119,0.0000,0.0000,-0.1900,-0.1995,0.9613,-0.2627,-0.1966,0.9446,-0.2255,-0.2032,0.9528,-0.0056,-0.0058,0.6044,Dark,
0.4996,5.4554,6.7247,0.0000,0.0000,-0.1934,-0.1964,0.9613,-0.2704,-0.1931,0.9432,-0.2310,-0.2002,0.9521,-0.0065,-0.0058,0.6043,Dark,
0.5202,5.4776,6.7102,0.0000,0.0000,-0.2327,-0.1929,0.9532,-0.3242,-0.1882,0.9271,-0.2775,-0.1971,0.9403,-0.0101,-0.0055,0.6043,Dark,
0.5329,5.4776,6.7102,0.0000,0.0000,-0.2379,-0.1921,0.9521,-0.3293,-0.1875,0.9254,-0.2826,-0.1964,0.9389,-0.0107,-0.0054,0.6043,Dark,
0.5542,5.5102,6.7130,0.0000,0.0000,-0.2646,-0.1984,0.9437,-0.3710,-0.1924,0.9085,-0.3168,-0.2032,0.9265,-0.0117,-0.0053,0.6044,Dark,
0.5662,5.5163,6.7157,0.0000,0.0000,-0.2754,-0.1956,0.9412,-0.3865,-0.1889,0.9027,-0.3300,-0.2004,0.9225,-0.0136,-0.0052,0.6046,Dark,
0.5774,5.5223,6.7184,0.0000,0.0000,-0.2758,-0.1939,0.9415,-0.3966,-0.1864,0.8989,-0.3352,-0.1991,0.9209,-0.0146,-0.0052,0.6047,Dark,
0.5887,5.5223,6.7184,0.0000,0.0000,-0.2781,-0.1930,0.9410,-0.4036,-0.1851,0.8960,-0.3398,-0.1984,0.9193,-0.0155,-0.0052,0.6049,Dark,
0.5993,5.5223,6.7184,0.0000,0.0000,-0.2803,-0.1930,0.9403,-0.4102,-0.1848,0.8931,-0.3442,-0.1986,0.9177,-0.0164,-0.0053,0.6050,Dark,
0.6104,5.5223,6.7184,0.0000,0.0000,-0.2808,-0.1930,0.9402,-0.4194,-0.1843,0.8889,-0.3490,-0.1991,0.9157,-0.0173,-0.0055,0.6050,Dark,
0.6224,5.5223,6.7184,0.0000,0.0000,-0.2841,-0.1932,0.9391,-0.4265,-0.1845,0.8855,-0.3541,-0.1996,0.9136,-0.0183,-0.0058,0.6050,Dark,
0.6358,5.5223,6.7184,0.0000,0.0000,-0.2858,-0.1926,0.9387,-0.4355,-0.1838,0.8812,-0.3595,-0.1995,0.9116,-0.0192,-0.0058,0.6050,Dark,
0.6443,5.5223,6.7184,0.0000,0.0000,-0.2892,-0.1912,0.9380,-0.4421,-0.1825,0.8782,-0.3645,-0.1985,0.9098,-0.0201,-0.0059,0.6050,Dark,
0.6556,5.5223,6.7184,0.0000,0.0000,-0.2917,-0.1896,0.9375,-0.4477,-0.1809,0.8757,-0.3685,-0.1972,0.9085,-0.0211,-0.0059,0.6052,Dark,
0.6722,5.5223,6.7184,0.0000,0.0000,-0.2918,-0.1882,0.9378,-0.4536,-0.1791,0.8730,-0.3715,-0.1960,0.9075,-0.0221,-0.0060,0.6053,Dark,
0.6774,5.5223,6.7184,0.0000,0.0000,-0.2927,-0.1873,0.9377,-0.4570,-0.1781,0.8714,-0.3737,-0.1953,0.9068,-0.0229,-0.0063,0.6052,Dark,
0.6893,5.5223,6.7184,0.0000,0.0000,-0.2938,-0.1865,0.9375,-0.4604,-0.1773,0.8698,-0.3759,-0.1947,0.9060,-0.0239,-0.0065,0.6053,Dark,
0.6996,5.5223,6.7184,0.0000,0.0000,-0.2967,-0.1859,0.9367,-0.4631,-0.1770,0.8685,-0.3787,-0.1942,0.9049,-0.0249,-0.0067,0.6053,Dark,
0.7105,5.5223,6.7184,0.0000,0.0000,-0.3000,-0.1855,0.9357,-0.4662,-0.1769,0.8668,-0.3819,-0.1940,0.9036,-0.0257,-0.0070,0.6051,Dark,
0.7216,5.5223,6.7184,0.0000,0.0000,-0.3037,-0.1851,0.9346,-0.4695,-0.1769,0.8650,-0.3854,-0.1938,0.9022,-0.0266,-0.0071,0.6050,Dark,
0.7329,5.5223,6.7184,0.0000,0.0000,-0.3073,-0.1844,0.9336,-0.4729,-0.1766,0.8632,-0.3888,-0.1933,0.9008,-0.0276,-0.0072,0.6051,Dark,
0.7440,5.5223,6.7184,0.0000,0.0000,-0.3101,-0.1834,0.9328,-0.4755,-0.1759,0.8620,-0.3916,-0.1924,0.8998,-0.0283,-0.0073,0.6050,Dark,
0.7550,5.5223,6.7184,0.0000,0.0000,-0.3124,-0.1824,0.9323,-0.4776,-0.1749,0.8610,-0.3937,-0.1914,0.8991,-0.0292,-0.0074,0.6050,Dark,
0.7661,5.5223,6.7184,0.0000,0.0000,-0.3139,-0.1817,0.9319,-0.4790,-0.1741,0.8604,-0.3952,-0.1907,0.8986,-0.0301,-0.0076,0.6049,Dark,
0.7773,5.5223,6.7184,0.0000,0.0000,-0.3146,-0.1816,0.9317,-0.4796,-0.1738,0.8601,-0.3959,-0.1905,0.8983,-0.0308,-0.0078,0.6047,Dark,
0.7885,5.5223,6.7184,0.0000,0.0000,-0.3158,-0.1820,0.9312,-0.4807,-0.1742,0.8594,-0.3970,-0.1909,0.8977,-0.0316,-0.0080,0.6044,Dark,
0.7996,5.5223,6.7184,0.0000,0.0000,-0.3172,-0.1831,0.9305,-0.4820,-0.1754,0.8584,-0.3984,-0.1921,0.8969,-0.0324,-0.0083,0.6040,Dark,
0.8107,5.5223,6.7184,0.0000,0.0000,-0.3189,-0.1841,0.9297,-0.4836,-0.1766,0.8573,-0.4001,-0.1931,0.8959,-0.0331,-0.0085,0.6036,Dark,
0.8218,5.5223,6.7184,0.0000,0.0000,-0.3212,-0.1847,0.9288,-0.4857,-0.1775,0.8559,-0.4022,-0.1938,0.8948,-0.0340,-0.0087,0.6031,Dark,
0.8330,5.5223,6.7184,0.0000,0.0000,-0.3235,-0.1850,0.9280,-0.4878,-0.1781,0.8546,-0.4044,-0.1943,0.8937,-0.0349,-0.0088,0.6027,Dark,
0.8443,5.5223,6.7184,0.0000,0.0000,-0.3263,-0.1854,0.9269,-0.4903,-0.1788,0.8530,-0.4070,-0.1949,0.8924,-0.0356,-0.0089,0.6022,Dark,
0.8553,5.5223,6.7184,0.0000,0.0000,-0.3290,-0.1862,0.9258,-0.4928,-0.1798,0.8514,-0.4096,-0.1957,0.8910,-0.0365,-0.0090,0.6016,Dark,
0.8664,5.5223,6.7184,0.0000,0.0000,-0.3316,-0.1874,0.9246,-0.4952,-0.1812,0.8497,-0.4121,-0.1970,0.8896,-0.0373,-0.0091,0.6009,Dark,
0.8780,5.5223,6.7184,0.0000,0.0000,-0.3342,-0.1889,0.9234,-0.4976,-0.1829,0.8479,-0.4146,-0.1987,0.8881,-0.0379,-0.0092,0.6001,Dark,
0.8890,5.5223,6.7184,0.0000,0.0000,-0.3371,-0.1905,0.9220,-0.5002,-0.1848,0.8460,-0.4173,-0.2004,0.8864,-0.0386,-0.0093,0.5992,Dark,
0.9000,5.5223,6.7184,0.0000,0.0000,-0.3403,-0.1919,0.9205,-0.5032,-0.1864,0.8438,-0.4204,-0.2020,0.8846,-0.0393,-0.0094,0.5983,Dark,
0.9117,5.5223,6.7184,0.0000,0.0000,-0.3440,-0.1927,0.9190,-0.5065,-0.1874,0.8416,-0.4239,-0.2028,0.8827,-0.0398,-0.0094,0.5975,Dark,
0.9226,5.5223,6.7184,0.0000,0.0000,-0.3479,-0.1928,0.9175,-0.5101,-0.1877,0.8394,-0.4277,-0.2030,0.8808,-0.0405,-0.0094,0.5965,Dark,
0.9345,5.5223,6.7184,0.0000,0.0000,-0.3519,-0.1928,0.9160,-0.5137,-0.1877,0.8372,-0.4315,-0.2030,0.8790,-0.0412,-0.0093,0.5956,Dark,
0.9449,5.5223,6.7184,0.0000,0.0000,-0.3556,-0.1929,0.9145,-0.5171,-0.1880,0.8350,-0.4350,-0.2032,0.8772,-0.0418,-0.0094,0.5947,Dark,
0.9556,5.5223,6.7184,0.0000,0.0000,-0.3591,-0.1936,0.9130,-0.5203,-0.1888,0.8328,-0.4384,-0.2040,0.8753,-0.0424,-0.0095,0.5936,Dark,
0.9667,5.5223,6.7184,0.0000,0.0000,-0.3625,-0.1950,0.9114,-0.5234,-0.1903,0.8306,-0.4416,-0.2054,0.8734,-0.0430,-0.0096,0.5926,Dark,
0.9778,5.5223,6.7184,0.0000,0.0000,-0.3655,-0.1963,0.9099,-0.5261,-0.1916,0.8285,-0.4445,-0.2068,0.8716,-0.0433,-0.0098,0.5916,Dark,
0.9890,5.5223,6.7184,0.0000,0.0000,-0.3682,-0.1974,0.9086,-0.5285,-0.1926,0.8268,-0.4470,-0.2078,0.8701,-0.0438,-0.0099,0.5906,Dark,
1.0003,5.5223,6.7184,0.0000,0.0000,-0.3705,-0.1980,0.9075,-0.5306,-0.1933,0.8253,-0.4492,-0.2084,0.8688,-0.0442,-0.0099,0.5898,Dark,
1.0166,5.5223,6.7184,0.0000,0.0000,-0.3725,-0.1985,0.9066,-0.5325,-0.1938,0.8240,-0.4511,-0.2089,0.8677,-0.0445,-0.0099,0.5889,Dark,
1.0228,5.5223,6.7184,0.0000,0.0000,-0.3741,-0.1991,0.9057,-0.5339,-0.1944,0.8229,-0.4527,-0.2095,0.8667,-0.0449,-0.0099,0.5881,Dark,
1.0339,5.5223,6.7184,0.0000,0.0000,-0.3752,-0.2000,0.9051,-0.5349,-0.1952,0.8220,-0.4537,-0.2104,0.8660,-0.0452,-0.0099,0.5873,Dark,
1.0450,5.5223,6.7184,0.0000,0.0000,-0.3760,-0.2009,0.9046,-0.5357,-0.1960,0.8214,-0.4545,-0.2112,0.8653,-0.0453,-0.0099,0.5866,Dark,
1.0564,5.5223,6.7184,0.0000,0.0000,-0.3765,-0.2020,0.9041,-0.5361,-0.1971,0.8208,-0.4549,-0.2123,0.8648,-0.0455,-0.0099,0.5859,Dark,
1.0694,5.5223,6.7184,0.0000,0.0000,-0.3767,-0.2034,0.9037,-0.5362,-0.1985,0.8204,-0.4551,-0.2137,0.8644,-0.0456,-0.0099,0.5853,Dark,
1.0792,5.5223,6.7184,0.0000,0.0000,-0.3768,-0.2051,0.9033,-0.5363,-0.2001,0.8199,-0.4552,-0.2154,0.8639,-0.0457,-0.0100,0.5847,Dark,
1.0897,5.5223,6.7184,0.0000,0.0000,-0.3764,-0.2070,0.9030,-0.5360,-0.2020,0.8197,-0.4548,-0.2173,0.8637,-0.0457,-0.0101,0.5841,Dark,
1.1010,5.5223,6.7184,0.0000,0.0000,-0.3760,-0.2091,0.9027,-0.5356,-0.2040,0.8195,-0.4544,-0.2193,0.8634,-0.0458,-0.0102,0.5836,Dark,
1.1123,5.5223,6.7184,0.0000,0.0000,-0.3752,-0.2113,0.9026,-0.5348,-0.2061,0.8194,-0.4536,-0.2215,0.8632,-0.0457,-0.0103,0.5831,Dark,
1.1231,5.5223,6.7184,0.0000,0.0000,-0.3744,-0.2137,0.9023,-0.5341,-0.2084,0.8193,-0.4529,-0.2238,0.8630,-0.0457,-0.0105,0.5827,Dark,
1.1339,5.5223,6.7184,0.0000,0.0000,-0.3737,-0.2160,0.9020,-0.5335,-0.2107,0.8191,-0.4522,-0.2261,0.8628,-0.0456,-0.0107,0.5822,Dark,
1.1453,5.5223,6.7184,0.0000,0.0000,-0.3730,-0.2184,0.9018,-0.5328,-0.2131,0.8189,-0.4515,-0.2286,0.8625,-0.0456,-0.0109,0.5817,Dark,
1.1569,5.5223,6.7184,0.0000,0.0000,-0.3721,-0.2212,0.9015,-0.5320,-0.2159,0.8188,-0.4506,-0.2313,0.8622,-0.0456,-0.0112,0.5812,Dark,
1.1681,5.5223,6.7184,0.0000,0.0000,-0.3711,-0.2243,0.9011,-0.5310,-0.2190,0.8186,-0.4496,-0.2345,0.8619,-0.0456,-0.0115,0.5806,Dark,
1.1787,5.5223,6.7184,0.0000,0.0000,-0.3699,-0.2274,0.9008,-0.5300,-0.2220,0.8184,-0.4485,-0.2375,0.8616,-0.0455,-0.0119,0.5801,Dark,
1.1899,5.5223,6.7184,0.0000,0.0000,-0.3687,-0.2308,0.9004,-0.5288,-0.2254,0.8183,-0.4473,-0.2409,0.8613,-0.0455,-0.0123,0.5795,Dark,
1.2093,5.5223,6.7184,0.0000,0.0000,-0.3674,-0.2339,0.9002,-0.5276,-0.2284,0.8182,-0.4460,-0.2440,0.8611,-0.0456,-0.0126,0.5789,Dark,
1.2122,5.5223,6.7184,0.0000,0.0000,-0.3664,-0.2366,0.8999,-0.5267,-0.2310,0.8181,-0.4450,-0.2466,0.8609,-0.0456,-0.0130,0.5783,Dark,
1.2235,5.5223,6.7184,0.0000,0.0000,-0.3657,-0.2384,0.8997,-0.5261,-0.2329,0.8179,-0.4443,-0.2485,0.8607,-0.0457,-0.0132,0.5776,Dark,
1.2344,5.5223,6.7184,0.0000,0.0000,-0.3654,-0.2396,0.8995,-0.5258,-0.2343,0.8177,-0.4440,-0.2498,0.8605,-0.0458,-0.0134,0.5769,Dark,
1.2454,5.5223,6.7184,0.0000,0.0000,-0.3651,-0.2406,0.8994,-0.5254,-0.2353,0.8176,-0.4437,-0.2508,0.8604,-0.0459,-0.0136,0.5762,Dark,
1.2569,5.5223,6.7184,0.0000,0.0000,-0.3647,-0.2411,0.8994,-0.5251,-0.2359,0.8177,-0.4433,-0.2514,0.8604,-0.0461,-0.0138,0.5755,Dark,
1.2681,5.5223,6.7184,0.0000,0.0000,-0.3644,-0.2412,0.8994,-0.5248,-0.2362,0.8178,-0.4430,-0.2515,0.8605,-0.0463,-0.0139,0.5748,Dark,
1.2792,5.5223,6.7184,0.0000,0.0000,-0.3643,-0.2411,0.8995,-0.5247,-0.2363,0.8178,-0.4429,-0.2515,0.8606,-0.0465,-0.0140,0.5742,Dark,
1.2905,5.5223,6.7184,0.0000,0.0000,-0.3646,-0.2404,0.8996,-0.5249,-0.2359,0.8178,-0.4431,-0.2510,0.8606,-0.0468,-0.0140,0.5736,Dark,
1.3015,5.5223,6.7184,0.0000,0.0000,-0.3652,-0.2396,0.8996,-0.5255,-0.2355,0.8176,-0.4437,-0.2503,0.8605,-0.0470,-0.0139,0.5730,Dark,
1.3126,5.5223,6.7184,0.0000,0.0000,-0.3660,-0.2385,0.8995,-0.5262,-0.2347,0.8173,-0.4445,-0.2494,0.8604,-0.0473,-0.0138,0.5724,Dark,
1.3234,5.5223,6.7184,0.0000,0.0000,-0.3669,-0.2379,0.8993,-0.5270,-0.2344,0.8169,-0.4453,-0.2489,0.8601,-0.0475,-0.0137,0.5719,Dark,
1.3350,5.5223,6.7184,0.0000,0.0000,-0.3679,-0.2372,0.8991,-0.5279,-0.2340,0.8165,-0.4462,-0.2484,0.8598,-0.0478,-0.0136,0.5714,Dark,
1.3460,5.5223,6.7184,0.0000,0.0000,-0.3689,-0.2370,0.8988,-0.5288,-0.2339,0.8159,-0.4472,-0.2482,0.8593,-0.0480,-0.0135,0.5709,Dark,
1.3571,5.5223,6.7184,0.0000,0.0000,-0.3698,-0.2366,0.8985,-0.5295,-0.2337,0.8155,-0.4480,-0.2479,0.8590,-0.0482,-0.0134,0.5705,Dark,
1.3684,5.5223,6.7184,0.0000,0.0000,-0.3704,-0.2361,0.8983,-0.5301,-0.2333,0.8152,-0.4486,-0.2475,0.8588,-0.0483,-0.0132,0.5701,Dark,
1.3792,5.5223,6.7184,0.0000,0.0000,-0.3707,-0.2356,0.8984,-0.5303,-0.2329,0.8152,-0.4488,-0.2470,0.8588,-0.0484,-0.0130,0.5698,Dark,
1.3905,5.5223,6.7184,0.0000,0.0000,-0.3706,-0.2350,0.8986,-0.5302,-0.2323,0.8154,-0.4487,-0.2464,0.8590,-0.0485,-0.0128,0.5696,Dark,
1.4014,5.5223,6.7184,0.0000,0.0000,-0.3701,-0.2345,0.8989,-0.5298,-0.2320,0.8158,-0.4482,-0.2461,0.8594,-0.0485,-0.0127,0.5694,Dark,
1.4125,5.5223,6.7184,0.0000,0.0000,-0.3693,-0.2342,0.8993,-0.5291,-0.2317,0.8163,-0.4474,-0.2457,0.8599,-0.0484,-0.0125,0.5692,Dark,
1.4242,5.5223,6.7184,0.0000,0.0000,-0.3679,-0.2339,0.9000,-0.5278,-0.2315,0.8172,-0.4461,-0.2455,0.8607,-0.0483,-0.0124,0.5691,Dark,
1.4352,5.5223,6.7184,0.0000,0.0000,-0.3667,-0.2335,0.9006,-0.5267,-0.2312,0.8180,-0.4450,-0.2452,0.8613,-0.0482,-0.0122,0.5690,Dark,
1.4462,5.5223,6.7184,0.0000,0.0000,-0.3651,-0.2332,0.9013,-0.5252,-0.2310,0.8190,-0.4434,-0.2449,0.8622,-0.0480,-0.0121,0.5689,Dark,
1.4573,5.5223,6.7184,0.0000,0.0000,-0.3632,-0.2331,0.9021,-0.5236,-0.2310,0.8201,-0.4417,-0.2448,0.8631,-0.0479,-0.0120,0.5689,Dark,
1.4687,5.5223,6.7184,0.0000,0.0000,-0.3612,-0.2332,0.9028,-0.5217,-0.2312,0.8212,-0.4397,-0.2450,0.8641,-0.0477,-0.0119,0.5688,Dark,
1.4796,5.5223,6.7184,0.0000,0.0000,-0.3593,-0.2333,0.9036,-0.5199,-0.2313,0.8223,-0.4378,-0.2451,0.8650,-0.0475,-0.0118,0.5688,Dark,
1.4907,5.5223,6.7184,0.0000,0.0000,-0.3568,-0.2333,0.9046,-0.5177,-0.2313,0.8237,-0.4355,-0.2451,0.8662,-0.0472,-0.0118,0.5688,Dark,
1.5020,5.5223,6.7184,0.0000,0.0000,-0.3546,-0.2332,0.9055,-0.5157,-0.2312,0.8250,-0.4333,-0.2450,0.8673,-0.0470,-0.0117,0.5688,Dark,
1.5131,5.5223,6.7184,0.0000,0.0000,-0.3526,-0.2331,0.9063,-0.5139,-0.2310,0.8262,-0.4315,-0.2448,0.8683,-0.0467,-0.0116,0.5687,Dark,
1.5242,5.5223,6.7184,0.0000,0.0000,-0.3508,-0.2329,0.9070,-0.5122,-0.2309,0.8272,-0.4297,-0.2447,0.8692,-0.0465,-0.0116,0.5687,Dark,
1.5348,5.5223,6.7184,0.0000,0.0000,-0.3490,-0.2329,0.9077,-0.5105,-0.2309,0.8283,-0.4280,-0.2447,0.8700,-0.0463,-0.0115,0.5687,Dark,
1.5463,5.5223,6.7184,0.0000,0.0000,-0.3471,-0.2330,0.9084,-0.5088,-0.2311,0.8293,-0.4262,-0.2448,0.8709,-0.0461,-0.0115,0.5686,Dark,
1.5574,5.5639,6.7184,0.0000,0.0000,-0.3572,-0.2440,0.9016,-0.5228,-0.2412,0.8176,-0.4384,-0.2558,0.8616,-0.0459,-0.0115,0.5686,Dark,
1.5686,5.5916,6.7623,0.0000,0.0000,-0.3531,-0.2586,0.8991,-0.5215,-0.2559,0.8140,-0.4356,-0.2707,0.8585,-0.0457,-0.0116,0.5685,Dark,
1.5794,5.6134,6.8222,0.0000,0.0000,-0.3337,-0.2677,0.9039,-0.5037,-0.2659,0.8219,-0.4167,-0.2802,0.8648,-0.0454,-0.0117,0.5684,Dark,
1.5906,5.6174,6.9257,0.0000,0.0000,-0.2645,-0.2886,0.9202,-0.4387,-0.2907,0.8503,-0.3486,-0.3031,0.8869,-0.0451,-0.0119,0.5684,Dark,
1.6017,5.6324,6.9663,0.0000,0.0000,-0.2017,-0.2990,0.9327,-0.3795,-0.3049,0.8735,-0.2867,-0.3154,0.9046,-0.0447,-0.0121,0.5684,Dark,
1.6128,5.6441,7.0160,0.0000,0.0000,-0.1494,-0.3151,0.9372,-0.3232,-0.3244,0.8890,-0.2319,-0.3327,0.9141,-0.0443,-0.0124,0.5684,Dark,
1.6241,5.6561,7.1045,0.0000,0.0000,-0.0780,-0.3323,0.9399,-0.1906,-0.3427,0.9199,-0.1312,-0.3455,0.9292,-0.0437,-0.0128,0.5685,Dark,
1.6351,5.6813,7.1487,0.0000,0.0000,-0.0523,-0.3176,0.9468,-0.1368,-0.3260,0.9354,-0.0924,-0.3277,0.9402,-0.0431,-0.0132,0.5686,Dark,
1.6463,5.7004,7.1536,0.0000,0.0000,-0.0505,-0.3286,0.9431,-0.1203,-0.3358,0.9342,-0.0837,-0.3371,0.9378,-0.0424,-0.0136,0.5687,Dark,
1.6574,5.7098,7.1417,0.0000,0.0000,-0.0457,-0.3384,0.9399,-0.0992,-0.3442,0.9337,-0.0712,-0.3450,0.9359,-0.0416,-0.0141,0.5689,Dark,
1.6690,5.7117,7.1298,0.0000,0.0000,0.0032,-0.3484,0.9373,-0.0438,-0.3544,0.9341,-0.0192,-0.3547,0.9348,-0.0408,-0.0147,0.5691,Dark,
1.6797,5.6996,7.1172,0.0000,0.0000,0.0181,-0.3527,0.9356,-0.0252,-0.3584,0.9332,-0.0026,-0.3585,0.9335,-0.0399,-0.0154,0.5693,Dark,
1.6907,5.7038,7.0870,0.0000,0.0000,-0.0262,-0.3570,0.9337,-0.0664,-0.3615,0.9300,-0.0454,-0.3620,0.9311,-0.0390,-0.0161,0.5695,Dark,
1.7021,5.7072,7.0685,0.0000,0.0000,-0.0187,-0.3626,0.9318,-0.0571,-0.3669,0.9285,-0.0370,-0.3673,0.9293,-0.0381,-0.0169,0.5695,Dark,
1.7135,5.7102,7.0544,0.0000,0.0000,0.0315,-0.3693,0.9288,-0.0041,-0.3740,0.9274,0.0145,-0.3741,0.9273,-0.0372,-0.0178,0.5696,Dark,
1.7243,5.7129,7.0581,0.0000,0.0000,-0.0048,-0.3745,0.9272,-0.0394,-0.3786,0.9247,-0.0214,-0.3789,0.9252,-0.0363,-0.0185,0.5696,Dark,
1.7356,5.7109,7.0650,0.0000,0.0000,0.0278,-0.3794,0.9248,-0.0053,-0.3838,0.9234,0.0119,-0.3838,0.9233,-0.0354,-0.0193,0.5696,Dark,
1.7465,5.6977,7.0731,0.0000,0.0000,0.0309,-0.3826,0.9234,-0.0016,-0.3868,0.9221,0.0153,-0.3869,0.9220,-0.0345,-0.0199,0.5697,Dark,
1.7578,5.6825,7.0580,0.0000,0.0000,0.0269,-0.3848,0.9226,-0.0048,-0.3888,0.9213,0.0117,-0.3889,0.9212,-0.0336,-0.0205,0.5698,Dark,
1.7689,5.6778,7.0872,0.0000,0.0000,0.0301,-0.3875,0.9214,-0.0013,-0.3914,0.9202,0.0150,-0.3915,0.9200,-0.0326,-0.0212,0.5700,Dark,
1.7801,5.7389,7.1115,0.0000,0.0000,0.0353,-0.3897,0.9203,0.0042,-0.3936,0.9193,0.0204,-0.3937,0.9190,-0.0317,-0.0218,0.5700,Dark,
1.7910,5.8237,7.2010,0.0000,0.0000,0.0532,-0.4074,0.9117,0.0231,-0.4116,0.9111,0.0388,-0.4115,0.9106,-0.0307,-0.0224,0.5701,Dark,
1.8021,5.8472,7.2911,0.0000,0.0000,0.0760,-0.4307,0.8993,0.0466,-0.4353,0.8991,0.0619,-0.4349,0.8983,-0.0297,-0.0230,0.5702,Dark,
1.8134,5.8831,7.3605,0.0000,0.0000,0.1061,-0.4514,0.8860,0.0776,-0.4564,0.8864,0.0924,-0.4557,0.8853,-0.0288,-0.0236,0.5702,Dark,
1.8245,5.9583,7.5778,0.0000,0.0000,0.1597,-0.5002,0.8510,0.1331,-0.5062,0.8521,0.1470,-0.5049,0.8506,-0.0280,-0.0239,0.5702,Dark,
1.8356,6.0014,7.6070,0.0000,0.0000,0.1834,-0.5188,0.8350,0.1577,-0.5252,0.8362,0.1710,-0.5236,0.8346,-0.0272,-0.0242,0.5703,Dark,
1.8468,6.0173,7.6316,0.0000,0.0000,0.2032,-0.5334,0.8211,0.1783,-0.5401,0.8225,0.1912,-0.5383,0.8208,-0.0266,-0.0244,0.5703,Dark,
1.8578,6.0303,7.6348,0.0000,0.0000,0.2143,-0.5319,0.8192,0.1896,-0.5386,0.8210,0.2024,-0.5368,0.8191,-0.0260,-0.0247,0.5703,Dark,
1.8690,6.0378,7.6387,0.0000,0.0000,0.2233,-0.5397,0.8117,0.1989,-0.5465,0.8135,0.2115,-0.5445,0.8116,-0.0254,-0.0249,0.5703,Dark,
1.8804,6.0193,7.6420,0.0000,0.0000,0.2246,-0.5384,0.8122,0.2002,-0.5452,0.8141,0.2129,-0.5433,0.8121,-0.0249,-0.0250,0.5703,Dark,
1.8915,6.0264,7.6371,0.0000,0.0000,0.2303,-0.5364,0.8119,0.2060,-0.5432,0.8140,0.2186,-0.5412,0.8120,-0.0245,-0.0249,0.5703,Dark,
1.9024,6.0314,7.6278,0.0000,0.0000,0.2289,-0.5339,0.8140,0.2044,-0.5406,0.8161,0.2171,-0.5387,0.8140,-0.0241,-0.0248,0.5704,Dark,
1.9136,6.0586,7.6001,0.0000,0.0000,0.2239,-0.5284,0.8189,0.1992,-0.5351,0.8210,0.2120,-0.5332,0.8190,-0.0238,-0.0246,0.5705,Dark,
1.9248,6.0729,7.5853,0.0000,0.0000,0.2310,-0.5288,0.8167,0.2065,-0.5355,0.8189,0.2192,-0.5336,0.8168,-0.0236,-0.0245,0.5706,Dark,
1.9358,6.0829,7.6007,0.0000,0.0000,0.2282,-0.5259,0.8193,0.2035,-0.5326,0.8215,0.2163,-0.5308,0.8195,-0.0234,-0.0244,0.5709,Dark,
1.9473,6.0737,7.6310,0.0000,0.0000,0.2262,-0.5226,0.8220,0.2015,-0.5292,0.8242,0.2143,-0.5274,0.8221,-0.0232,-0.0243,0.5712,Dark,
1.9596,6.0866,7.6448,0.0000,0.0000,0.2283,-0.5184,0.8241,0.2035,-0.5251,0.8264,0.2164,-0.5233,0.8243,-0.0229,-0.0242,0.5715,Dark,
1.9695,6.0976,7.6658,0.0000,0.0000,0.2292,-0.5180,0.8241,0.2044,-0.5246,0.8264,0.2172,-0.5228,0.8243,-0.0227,-0.0242,0.5719,Dark,
1.9808,6.1009,7.6876,0.0000,0.0000,0.2274,-0.5184,0.8244,0.2025,-0.5250,0.8267,0.2154,-0.5232,0.8245,-0.0224,-0.0243,0.5722,Dark,
1.9914,6.1123,7.6926,0.0000,0.0000,0.2309,-0.5172,0.8241,0.2060,-0.5238,0.8265,0.2189,-0.5220,0.8244,-0.0222,-0.0244,0.5725,Dark,
2.0025,6.1201,7.7101,0.0000,0.0000,0.2311,-0.5195,0.8226,0.2061,-0.5262,0.8250,0.2190,-0.5244,0.8229,-0.0219,-0.0245,0.5727,Dark,
2.0137,6.1390,7.7154,0.0000,0.0000,0.2297,-0.5224,0.8212,0.2047,-0.5291,0.8235,0.2176,-0.5272,0.8214,-0.0218,-0.0243,0.5730,Dark,
2.0253,6.1592,7.7079,0.0000,0.0000,0.2314,-0.5220,0.8210,0.2063,-0.5287,0.8233,0.2193,-0.5269,0.8212,-0.0216,-0.0238,0.5732,Dark,
2.0361,6.1757,7.7177,0.0000,0.0000,0.2317,-0.5246,0.8192,0.2067,-0.5314,0.8215,0.2196,-0.5295,0.8194,-0.0215,-0.0233,0.5734,Dark,
2.0471,6.1861,7.7247,0.0000,0.0000,0.2303,-0.5270,0.8181,0.2052,-0.5338,0.8203,0.2182,-0.5319,0.8182,-0.0214,-0.0227,0.5735,Dark,
2.0584,6.1834,7.7252,0.0000,0.0000,0.2298,-0.5277,0.8177,0.2047,-0.5346,0.8199,0.2178,-0.5326,0.8179,-0.0213,-0.0221,0.5735,Dark,
2.0695,6.1798,7.7395,0.0000,0.0000,0.2284,-0.5298,0.8168,0.2033,-0.5367,0.8189,0.2163,-0.5347,0.8169,-0.0213,-0.0213,0.5735,Dark,
2.0805,6.1795,7.7497,0.0000,0.0000,0.2245,-0.5310,0.8171,0.1993,-0.5379,0.8191,0.2124,-0.5359,0.8171,-0.0214,-0.0203,0.5736,Dark,
2.0918,6.1840,7.7495,0.0000,0.0000,0.2226,-0.5299,0.8183,0.1974,-0.5368,0.8203,0.2105,-0.5348,0.8183,-0.0214,-0.0191,0.5738,Dark,
2.1028,6.1879,7.7375,0.0000,0.0000,0.2183,-0.5322,0.8180,0.1930,-0.5392,0.8198,0.2062,-0.5372,0.8179,-0.0214,-0.0180,0.5740,Dark,
2.1140,6.2087,7.7254,0.0000,0.0000,0.2132,-0.5341,0.8181,0.1879,-0.5410,0.8198,0.2011,-0.5391,0.8179,-0.0214,-0.0168,0.5742,Dark,
2.1252,6.1972,7.7260,0.0000,0.0000,0.2096,-0.5342,0.8189,0.1842,-0.5411,0.8205,0.1974,-0.5391,0.8188,-0.0213,-0.0156,0.5744,Dark,
2.1364,6.1867,7.7359,0.0000,0.0000,0.2050,-0.5368,0.8185,0.1795,-0.5436,0.8199,0.1928,-0.5417,0.8182,-0.0212,-0.0144,0.5747,Dark,
2.1475,6.1959,7.7564,0.0000,0.0000,0.1988,-0.5388,0.8187,0.1733,-0.5456,0.8200,0.1865,-0.5437,0.8183,-0.0211,-0.0131,0.5751,Dark,
2.1586,6.2125,7.7646,0.0000,0.0000,0.1942,-0.5390,0.8196,0.1687,-0.5458,0.8208,0.1819,-0.5439,0.8192,-0.0208,-0.0118,0.5755,Dark,
2.1696,6.2403,7.7893,0.0000,0.0000,0.1854,-0.5398,0.8211,0.1598,-0.5464,0.8221,0.1731,-0.5446,0.8206,-0.0206,-0.0106,0.5761,Dark,
2.1808,6.2485,7.7941,0.0000,0.0000,0.1614,-0.5467,0.8217,0.1326,-0.5537,0.8221,0.1476,-0.5518,0.8208,-0.0203,-0.0095,0.5767,Dark,
2.1922,6.2515,7.7972,0.0000,0.0000,0.1152,-0.5541,0.8244,0.0825,-0.5612,0.8236,0.0995,-0.5595,0.8228,-0.0199,-0.0086,0.5775,Dark,
2.2030,6.2509,7.6996,0.0000,0.0000,0.0050,-0.5891,0.8081,-0.0367,-0.5952,0.8027,-0.0150,-0.5944,0.8040,-0.0194,-0.0079,0.5783,Dark,
2.2142,6.2495,7.6627,0.0000,0.0000,0.0568,-0.5739,0.8170,0.0125,-0.5817,0.8133,0.0356,-0.5802,0.8137,-0.0189,-0.0074,0.5792,Dark,
2.2255,6.2486,7.6566,0.0000,0.0000,0.0086,-0.5886,0.8084,-0.0409,-0.5957,0.8022,-0.0151,-0.5949,0.8037,-0.0182,-0.0075,0.5800,Dark,
2.2366,6.2972,7.6657,0.0000,0.0000,-0.0362,-0.6002,0.7990,-0.0957,-0.6067,0.7891,-0.0647,-0.6068,0.7922,-0.0174,-0.0078,0.5809,Dark,
2.2475,6.3120,7.6798,0.0000,0.0000,-0.0534,-0.6046,0.7948,-0.1178,-0.6108,0.7830,-0.0842,-0.6113,0.7869,-0.0166,-0.0081,0.5819,Dark,
2.2588,6.3231,7.6957,0.0000,0.0000,-0.0545,-0.6067,0.7930,-0.1242,-0.6132,0.7801,-0.0879,-0.6139,0.7845,-0.0158,-0.0086,0.5831,Dark,
2.2698,6.3708,7.7026,0.0000,0.0000,-0.0657,-0.6099,0.7897,-0.1470,-0.6167,0.7734,-0.1046,-0.6179,0.7792,-0.0151,-0.0092,0.5842,Dark,
2.2810,6.3735,7.6988,0.0000,0.0000,-0.0529,-0.6091,0.7914,-0.1403,-0.6168,0.7745,-0.0947,-0.6179,0.7805,-0.0144,-0.0101,0.5853,Dark,
2.2924,6.3750,7.7070,0.0000,0.0000,-0.0504,-0.6109,0.7901,-0.1441,-0.6191,0.7720,-0.0952,-0.6205,0.7784,-0.0137,-0.0111,0.5864,Dark,
2.3034,6.4021,7.7303,0.0000,0.0000,-0.0389,-0.6102,0.7913,-0.1461,-0.6198,0.7710,-0.0901,-0.6213,0.7784,-0.0131,-0.0124,0.5872,Dark,
2.3144,6.4141,7.7445,0.0000,0.0000,-0.0343,-0.6093,0.7922,-0.1485,-0.6197,0.7707,-0.0888,-0.6213,0.7785,-0.0125,-0.0137,0.5881,Dark,
2.3256,6.4244,7.7563,0.0000,0.0000,-0.0307,-0.6085,0.7929,-0.1520,-0.6196,0.7700,-0.0885,-0.6214,0.7785,-0.0120,-0.0148,0.5890,Dark,
2.3369,6.4180,7.7491,0.0000,0.0000,-0.0200,-0.6058,0.7954,-0.1558,-0.6185,0.7702,-0.0847,-0.6204,0.7797,-0.0115,-0.0161,0.5899,Dark,
2.3481,6.4194,7.7355,0.0000,0.0000,-0.0148,-0.6047,0.7963,-0.1580,-0.6181,0.7700,-0.0829,-0.6203,0.7800,-0.0110,-0.0173,0.5908,Dark,
2.3590,6.4206,7.7447,0.0000,0.0000,-0.0135,-0.6059,0.7954,-0.1641,-0.6197,0.7675,-0.0851,-0.6222,0.7782,-0.0105,-0.0185,0.5915,Dark,
2.3702,6.4158,7.7450,0.0000,0.0000,-0.0063,-0.6062,0.7953,-0.1714,-0.6210,0.7649,-0.0847,-0.6241,0.7768,-0.0101,-0.0197,0.5920,Dark,
2.3812,6.4017,7.7388,0.0000,0.0000,-0.0048,-0.6081,0.7938,-0.1770,-0.6231,0.7619,-0.0865,-0.6266,0.7745,-0.0098,-0.0208,0.5923,Dark,
2.3928,6.3874,7.7174,0.0000,0.0000,-0.0003,-0.6106,0.7919,-0.1860,-0.6261,0.7572,-0.0884,-0.6305,0.7711,-0.0095,-0.0219,0.5924,Dark,
2.4037,6.3869,7.7105,0.0000,0.0000,-0.0002,-0.6148,0.7887,-0.1923,-0.6302,0.7522,-0.0913,-0.6352,0.7670,-0.0092,-0.0229,0.5924,Dark,
2.4147,6.3875,7.7071,0.0000,0.0000,0.0007,-0.6183,0.7859,-0.1976,-0.6337,0.7480,-0.0933,-0.6391,0.7634,-0.0091,-0.0239,0.5922,Dark,
2.4260,6.3891,7.7048,0.0000,0.0000,0.0004,-0.6223,0.7828,-0.2037,-0.6375,0.7430,-0.0964,-0.6435,0.7593,-0.0089,-0.0247,0.5919,Dark,
2.4372,6.3693,7.7053,0.0000,0.0000,0.0024,-0.6241,0.7813,-0.2125,-0.6396,0.7388,-0.0994,-0.6464,0.7565,-0.0088,-0.0255,0.5916,Dark,
2.4483,6.3593,7.7065,0.0000,0.0000,0.0022,-0.6257,0.7800,-0.2174,-0.6410,0.7361,-0.1018,-0.6483,0.7546,-0.0088,-0.0262,0.5911,Dark,
2.4595,6.3516,7.7008,0.0000,0.0000,0.0006,-0.6279,0.7783,-0.2231,-0.6426,0.7330,-0.1053,-0.6506,0.7521,-0.0089,-0.0267,0.5906,Dark,
2.4706,6.3619,7.6846,0.0000,0.0000,0.0015,-0.6282,0.7781,-0.2292,-0.6425,0.7312,-0.1077,-0.6513,0.7511,-0.0090,-0.0273,0.5900,Dark,
2.4816,6.3520,7.6752,0.0000,0.0000,0.0008,-0.6299,0.7767,-0.2327,-0.6437,0.7290,-0.1098,-0.6530,0.7493,-0.0092,-0.0279,0.5895,Dark,
2.4929,6.3242,7.6537,0.0000,0.0000,0.0008,-0.6305,0.7762,-0.2362,-0.6439,0.7278,-0.1114,-0.6537,0.7485,-0.0095,-0.0285,0.5890,Dark,
2.5041,6.3080,7.6247,0.0000,0.0000,-0.0008,-0.6335,0.7738,-0.2375,-0.6462,0.7252,-0.1128,-0.6564,0.7460,-0.0098,-0.0290,0.5886,Dark,
2.5150,6.3048,7.6018,0.0000,0.0000,-0.0012,-0.6374,0.7705,-0.2376,-0.6496,0.7222,-0.1131,-0.6600,0.7427,-0.0103,-0.0298,0.5879,Dark,
2.5261,6.2995,7.5810,0.0000,0.0000,-0.0034,-0.6408,0.7677,-0.2408,-0.6518,0.7192,-0.1158,-0.6629,0.7397,-0.0108,-0.0310,0.5868,Dark,
2.5374,6.2961,7.5731,0.0000,0.0000,-0.0149,-0.6488,0.7608,-0.2544,-0.6571,0.7096,-0.1285,-0.6698,0.7314,-0.0114,-0.0326,0.5854,Dark,
2.5486,6.3133,7.5688,0.0000,0.0000,-0.0164,-0.6504,0.7594,-0.2569,-0.6578,0.7080,-0.1306,-0.6711,0.7298,-0.0119,-0.0341,0.5839,Dark,
2.5597,6.3371,7.5884,0.0000,0.0000,-0.0067,-0.6529,0.7574,-0.2474,-0.6618,0.7076,-0.1207,-0.6743,0.7285,-0.0124,-0.0357,0.5820,Dark,
2.5706,6.3454,7.5934,0.0000,0.0000,-0.0053,-0.6721,0.7405,-0.2472,-0.6813,0.6890,-0.1198,-0.6936,0.7104,-0.0131,-0.0372,0.5801,Dark,
2.5817,6.3530,7.5973,0.0000,0.0000,-0.0036,-0.6809,0.7324,-0.2469,-0.6903,0.6801,-0.1187,-0.7026,0.7017,-0.0136,-0.0385,0.5783,Dark,
2.5930,6.3925,7.6105,0.0000,0.0000,0.0034,-0.6935,0.7204,-0.2435,-0.7040,0.6672,-0.1132,-0.7159,0.6890,-0.0142,-0.0398,0.5763,Dark,
2.6043,6.4218,7.6179,0.0000,0.0000,0.0106,-0.7063,0.7079,-0.2373,-0.7180,0.6544,-0.1064,-0.7292,0.6760,-0.0148,-0.0412,0.5743,Dark,
2.6151,6.4288,7.6240,0.0000,0.0000,0.0134,-0.7128,0.7012,-0.2363,-0.7249,0.6470,-0.1043,-0.7360,0.6689,-0.0153,-0.0426,0.5724,Dark,
2.6263,6.4273,7.6319,0.0000,0.0000,0.0261,-0.7205,0.6930,-0.2245,-0.7349,0.6400,-0.0918,-0.7448,0.6610,-0.0158,-0.0441,0.5705,Dark,
2.6374,6.4200,7.6457,0.0000,0.0000,0.0315,-0.7272,0.6857,-0.2195,-0.7424,0.6330,-0.0865,-0.7518,0.6537,-0.0163,-0.0457,0.5686,Dark,
2.6487,6.3773,7.6584,0.0000,0.0000,0.0392,-0.7279,0.6845,-0.2135,-0.7445,0.6326,-0.0794,-0.7534,0.6528,-0.0168,-0.0473,0.5669,Dark,
2.6598,6.3493,7.6591,0.0000,0.0000,0.0442,-0.7297,0.6824,-0.2090,-0.7472,0.6309,-0.0745,-0.7556,0.6508,-0.0172,-0.0490,0.5653,Dark,
2.6709,6.3274,7.6383,0.0000,0.0000,0.0457,-0.7333,0.6784,-0.2075,-0.7513,0.6265,-0.0729,-0.7594,0.6465,-0.0175,-0.0505,0.5637,Dark,
2.6820,6.3018,7.6094,0.0000,0.0000,0.0484,-0.7291,0.6827,-0.2045,-0.7481,0.6313,-0.0699,-0.7558,0.6511,-0.0176,-0.0518,0.5624,Dark,
2.6933,6.2761,7.6023,0.0000,0.0000,0.0509,-0.7266,0.6852,-0.2011,-0.7464,0.6344,-0.0669,-0.7536,0.6539,-0.0176,-0.0529,0.5613,Dark,
2.7050,6.2565,7.5990,0.0000,0.0000,0.0555,-0.7311,0.6800,-0.1948,-0.7520,0.6297,-0.0614,-0.7584,0.6489,-0.0176,-0.0540,0.5603,Dark,
2.7155,6.2404,7.5702,0.0000,0.0000,0.0518,-0.7203,0.6917,-0.1982,-0.7407,0.6420,-0.0651,-0.7475,0.6611,-0.0174,-0.0552,0.5595,Dark,
2.7266,6.2299,7.5608,0.0000,0.0000,0.0538,-0.7177,0.6943,-0.1950,-0.7386,0.6453,-0.0625,-0.7450,0.6641,-0.0171,-0.0564,0.5588,Dark,
2.7380,6.2231,7.5531,0.0000,0.0000,0.0586,-0.7192,0.6923,-0.1884,-0.7414,0.6441,-0.0567,-0.7469,0.6625,-0.0168,-0.0577,0.5581,Dark,
2.7489,6.2292,7.5553,0.0000,0.0000,0.0567,-0.7154,0.6964,-0.1879,-0.7377,0.6485,-0.0575,-0.7430,0.6668,-0.0165,-0.0592,0.5574,Dark,
2.7603,6.2367,7.5839,0.0000,0.0000,0.0567,-0.7158,0.6960,-0.1870,-0.7386,0.6477,-0.0570,-0.7436,0.6662,-0.0161,-0.0609,0.5568,Dark,
2.7712,6.2658,7.6074,0.0000,0.0000,0.0551,-0.7183,0.6936,-0.1872,-0.7412,0.6446,-0.0579,-0.7460,0.6634,-0.0157,-0.0628,0.5561,Dark,
2.7822,6.3582,7.7133,0.0000,0.0000,0.0376,-0.7333,0.6788,-0.2060,-0.7535,0.6243,-0.0763,-0.7598,0.6457,-0.0155,-0.0650,0.5554,Dark,
2.7933,6.4117,7.7762,0.0000,0.0000,0.0306,-0.7456,0.6657,-0.2154,-0.7649,0.6071,-0.0845,-0.7717,0.6303,-0.0153,-0.0674,0.5546,Dark,
2.8047,6.5229,7.8905,0.0000,0.0000,0.0061,-0.7899,0.6132,-0.2432,-0.8034,0.5436,-0.1110,-0.8131,0.5714,-0.0151,-0.0699,0.5538,Dark,
2.8157,6.5598,7.9402,0.0000,0.0000,-0.0021,-0.8137,0.5813,-0.2518,-0.8248,0.5062,-0.1195,-0.8355,0.5364,-0.0148,-0.0724,0.5530,Dark,
2.8268,6.5838,7.9707,0.0000,0.0000,-0.0058,-0.8323,0.5543,-0.2579,-0.8420,0.4738,-0.1243,-0.8534,0.5062,-0.0147,-0.0751,0.5521,Dark,
2.8380,6.6028,7.9923,0.0000,0.0000,-0.0083,-0.8484,0.5292,-0.2655,-0.8566,0.4425,-0.1291,-0.8690,0.4776,-0.0147,-0.0776,0.5515,Dark,
2.8491,6.5952,7.9896,0.0000,0.0000,-0.0095,-0.8560,0.5169,-0.2686,-0.8641,0.4256,-0.1310,-0.8767,0.4628,-0.0149,-0.0798,0.5512,Dark,
2.8603,6.5883,7.9386,0.0000,0.0000,-0.0104,-0.8597,0.5107,-0.2718,-0.8683,0.4149,-0.1328,-0.8809,0.4543,-0.0154,-0.0820,0.5513,Dark,
2.8715,6.4997,7.8444,0.0000,0.0000,-0.0157,-0.8528,0.5221,-0.2816,-0.8621,0.4213,-0.1399,-0.8751,0.4633,-0.0159,-0.0840,0.5517,Dark,
2.8824,6.4459,7.8043,0.0000,0.0000,-0.0208,-0.8595,0.5107,-0.2866,-0.8681,0.4053,-0.1448,-0.8814,0.4495,-0.0166,-0.0859,0.5525,Dark,
2.8936,6.4045,7.7791,0.0000,0.0000,-0.0253,-0.8548,0.5183,-0.2923,-0.8640,0.4099,-0.1497,-0.8774,0.4558,-0.0174,-0.0877,0.5534,Dark,
2.9049,6.3578,7.7419,0.0000,0.0000,-0.0285,-0.8438,0.5359,-0.2977,-0.8544,0.4259,-0.1536,-0.8676,0.4729,-0.0181,-0.0895,0.5542,Dark,
2.9161,6.3497,7.7254,0.0000,0.0000,-0.0312,-0.8419,0.5388,-0.3005,-0.8528,0.4272,-0.1562,-0.8660,0.4750,-0.0188,-0.0909,0.5553,Dark,
2.9270,6.3455,7.7576,0.0000,0.0000,-0.0376,-0.8430,0.5366,-0.3064,-0.8530,0.4225,-0.1623,-0.8667,0.4716,-0.0196,-0.0922,0.5566,Dark,
2.9381,6.3509,7.7990,0.0000,0.0000,-0.0424,-0.8475,0.5292,-0.3099,-0.8564,0.4129,-0.1664,-0.8706,0.4630,-0.0204,-0.0931,0.5584,Dark,
2.9493,6.3949,7.8100,0.0000,0.0000,-0.0437,-0.8529,0.5203,-0.3101,-0.8613,0.4024,-0.1671,-0.8756,0.4532,-0.0212,-0.0940,0.5604,Dark,
2.9605,6.4314,7.8420,0.0000,0.0000,-0.0479,-0.8593,0.5091,-0.3134,-0.8662,0.3892,-0.1709,-0.8811,0.4409,-0.0221,-0.0949,0.5624,Dark,
2.9717,6.5031,7.8858,0.0000,0.0000,-0.0433,-0.8791,0.4747,-0.3069,-0.8841,0.3524,-0.1653,-0.8993,0.4048,-0.0231,-0.0958,0.5646,Dark,
2.9827,6.5450,7.9034,0.0000,0.0000,-0.0425,-0.8936,0.4468,-0.3047,-0.8961,0.3226,-0.1638,-0.9122,0.3755,-0.0241,-0.0968,0.5668,Dark,
2.9938,6.5745,7.9407,0.0000,0.0000,-0.0399,-0.9015,0.4309,-0.3023,-0.9030,0.3053,-0.1613,-0.9194,0.3586,-0.0252,-0.0980,0.5690,Dark,
3.0050,6.6185,7.9883,0.0000,0.0000,-0.0369,-0.9117,0.4093,-0.2997,-0.9115,0.2817,-0.1584,-0.9285,0.3357,-0.0262,-0.0993,0.5711,Dark,
3.0162,6.6469,8.0024,0.0000,0.0000,-0.0343,-0.9174,0.3965,-0.2977,-0.9163,0.2679,-0.1560,-0.9337,0.3222,-0.0274,-0.1005,0.5732,Dark,
3.0272,6.6677,8.0097,0.0000,0.0000,-0.0296,-0.9225,0.3847,-0.2932,-0.9211,0.2562,-0.1513,-0.9385,0.3103,-0.0286,-0.1019,0.5754,Dark,
3.0384,6.6469,8.0215,0.0000,0.0000,-0.0282,-0.9267,0.3748,-0.2929,-0.9240,0.2460,-0.1504,-0.9420,0.3000,-0.0300,-0.1033,0.5776,Dark,
3.0495,6.6424,8.0284,0.0000,0.0000,-0.0279,-0.9292,0.3685,-0.2939,-0.9252,0.2402,-0.1508,-0.9439,0.2938,-0.0315,-0.1048,0.5798,Dark,
3.0607,6.6381,8.0131,0.0000,0.0000,-0.0251,-0.9342,0.3560,-0.2913,-0.9290,0.2284,-0.1481,-0.9481,0.2814,-0.0332,-0.1067,0.5820,Dark,
3.0719,6.6114,7.9764,0.0000,0.0000,-0.0248,-0.9369,0.3487,-0.2911,-0.9306,0.2219,-0.1479,-0.9502,0.2743,-0.0349,-0.1087,0.5841,Dark,
3.0829,6.6149,7.9570,0.0000,0.0000,-0.0249,-0.9392,0.3424,-0.2915,-0.9318,0.2163,-0.1481,-0.9519,0.2682,-0.0369,-0.1111,0.5860,Dark,
3.0940,6.6438,7.9240,0.0000,0.0000,-0.0242,-0.9412,0.3369,-0.2907,-0.9332,0.2113,-0.1474,-0.9535,0.2628,-0.0391,-0.1137,0.5877,Dark,
3.1052,6.6662,7.9540,0.0000,0.0000,-0.0237,-0.9446,0.3273,-0.2902,-0.9355,0.2017,-0.1469,-0.9562,0.2530,-0.0413,-0.1165,0.5891,Dark,
3.1164,6.7652,7.9805,0.0000,0.0000,-0.0181,-0.9473,0.3197,-0.2865,-0.9383,0.1937,-0.1419,-0.9590,0.2451,-0.0437,-0.1196,0.5902,Dark,
3.1276,6.9176,8.0997,0.0000,0.0000,-0.0062,-0.9537,0.3007,-0.2774,-0.9450,0.1732,-0.1311,-0.9655,0.2250,-0.0462,-0.1230,0.5911,Dark,
3.1387,6.9707,8.2014,0.0000,0.0000,0.0087,-0.9610,0.2765,-0.2618,-0.9535,0.1493,-0.1155,-0.9728,0.2008,-0.0487,-0.1264,0.5919,Dark,
3.1500,7.0048,8.2799,0.0000,0.0000,-0.0004,-0.9619,0.2734,-0.2741,-0.9507,0.1449,-0.1263,-0.9723,0.1967,-0.0514,-0.1303,0.5925,Dark,
3.1609,7.0951,8.4184,0.0000,0.0000,0.0454,-0.9755,0.2155,-0.2234,-0.9706,0.0892,-0.0775,-0.9872,0.1396,-0.0542,-0.1343,0.5931,Dark,
3.1723,7.1393,8.4519,0.0000,0.0000,0.0536,-0.9788,0.1978,-0.2158,-0.9738,0.0721,-0.0694,-0.9901,0.1220,-0.0570,-0.1381,0.5936,Dark,
3.1835,7.1417,8.4648,0.0000,0.0000,0.0592,-0.9805,0.1876,-0.2125,-0.9752,0.0619,-0.0648,-0.9916,0.1116,-0.0601,-0.1422,0.5942,Dark,
3.1947,7.1349,8.4461,0.0000,0.0000,0.0685,-0.9822,0.1747,-0.2050,-0.9776,0.0485,-0.0561,-0.9936,0.0982,-0.0634,-0.1464,0.5947,Dark,
3.2059,7.1043,8.4228,0.0000,0.0000,0.0748,-0.9834,0.1651,-0.1988,-0.9793,0.0386,-0.0498,-0.9948,0.0884,-0.0667,-0.1505,0.5952,Dark,
3.2169,7.0761,8.3924,0.0000,0.0000,0.0791,-0.9840,0.1597,-0.1942,-0.9804,0.0326,-0.0451,-0.9956,0.0826,-0.0702,-0.1549,0.5955,Dark,
3.2280,7.0425,8.3379,0.0000,0.0000,0.0835,-0.9825,0.1666,-0.1915,-0.9807,0.0388,-0.0413,-0.9952,0.0891,-0.0737,-0.1594,0.5956,Dark,
3.2392,7.0345,8.3154,0.0000,0.0000,0.0856,-0.9821,0.1678,-0.1902,-0.9809,0.0396,-0.0394,-0.9952,0.0901,-0.0773,-0.1640,0.5956,Dark,
3.2502,7.0303,8.2823,0.0000,0.0000,0.0872,-0.9823,0.1656,-0.1891,-0.9813,0.0366,-0.0378,-0.9955,0.0874,-0.0808,-0.1685,0.5953,Dark,
3.2612,7.0336,8.2339,0.0000,0.0000,0.0869,-0.9814,0.1714,-0.1911,-0.9807,0.0418,-0.0388,-0.9949,0.0928,-0.0844,-0.1730,0.5948,Dark,
3.2727,7.0226,8.2175,0.0000,0.0000,0.0912,-0.9820,0.1656,-0.1867,-0.9818,0.0354,-0.0342,-0.9956,0.0867,-0.0879,-0.1775,0.5942,Dark,
3.2837,6.9989,8.1757,0.0000,0.0000,0.0919,-0.9824,0.1624,-0.1868,-0.9819,0.0315,-0.0337,-0.9960,0.0830,-0.0914,-0.1819,0.5933,Dark,
3.2947,6.9874,8.1717,0.0000,0.0000,0.0945,-0.9838,0.1521,-0.1839,-0.9827,0.0204,-0.0309,-0.9969,0.0722,-0.0949,-0.1864,0.5924,Dark,
3.3060,6.9799,8.1697,0.0000,0.0000,0.0992,-0.9849,0.1418,-0.1787,-0.9839,0.0095,-0.0258,-0.9978,0.0615,-0.0984,-0.1907,0.5914,Dark,
3.3171,7.0445,8.2377,0.0000,0.0000,0.1040,-0.9859,0.1313,-0.1743,-0.9847,-0.0021,-0.0210,-0.9985,0.0502,-0.1016,-0.1950,0.5905,Dark,
3.3283,7.1027,8.2918,0.0000,0.0000,0.1100,-0.9871,0.1162,-0.1674,-0.9857,-0.0180,-0.0144,-0.9993,0.0347,-0.1048,-0.1990,0.5896,Dark,
3.3394,7.1367,8.3342,0.0000,0.0000,0.1195,-0.9869,0.1080,-0.1575,-0.9871,-0.0272,-0.0044,-0.9997,0.0259,-0.1081,-0.2029,0.5890,Dark,
3.3506,7.1643,8.3576,0.0000,0.0000,0.1358,-0.9866,0.0908,-0.1378,-0.9894,-0.0452,0.0138,-0.9999,0.0084,-0.1114,-0.2064,0.5885,Dark,
3.3616,7.1600,8.3723,0.0000,0.0000,0.1404,-0.9872,0.0763,-0.1317,-0.9894,-0.0612,0.0193,-0.9998,-0.0069,-0.1149,-0.2095,0.5883,Dark,
3.3731,7.1303,8.3823,0.0000,0.0000,0.1429,-0.9874,0.0687,-0.1284,-0.9892,-0.0701,0.0223,-0.9996,-0.0152,-0.1184,-0.2125,0.5881,Dark,
3.3846,7.0677,8.3606,0.0000,0.0000,0.1448,-0.9870,0.0703,-0.1252,-0.9897,-0.0687,0.0250,-0.9996,-0.0136,-0.1219,-0.2150,0.5883,Dark,
3.3949,7.0366,8.3008,0.0000,0.0000,0.1440,-0.9874,0.0664,-0.1249,-0.9895,-0.0726,0.0247,-0.9995,-0.0175,-0.1255,-0.2174,0.5886,Dark,
3.4060,6.9894,8.2501,0.0000,0.0000,0.1451,-0.9871,0.0677,-0.1229,-0.9899,-0.0710,0.0264,-0.9995,-0.0160,-0.1289,-0.2197,0.5890,Dark,
3.4175,6.9175,8.1683,0.0000,0.0000,0.1433,-0.9868,0.0752,-0.1221,-0.9906,-0.0616,0.0259,-0.9996,-0.0073,-0.1324,-0.2218,0.5895,Dark,
3.4287,6.8918,8.1327,0.0000,0.0000,0.1423,-0.9871,0.0738,-0.1215,-0.9906,-0.0626,0.0256,-0.9996,-0.0085,-0.1359,-0.2236,0.5902,Dark,
3.4396,6.8743,8.0851,0.0000,0.0000,0.1386,-0.9871,0.0796,-0.1217,-0.9911,-0.0549,0.0235,-0.9997,-0.0016,-0.1392,-0.2254,0.5908,Dark,
3.4507,6.8709,8.0641,0.0000,0.0000,0.1386,-0.9870,0.0810,-0.1195,-0.9914,-0.0527,0.0245,-0.9997,0.0003,-0.1426,-0.2271,0.5914,Dark,
3.4619,6.8691,8.0564,0.0000,0.0000,0.1377,-0.9874,0.0780,-0.1183,-0.9914,-0.0556,0.0246,-0.9997,-0.0025,-0.1459,-0.2287,0.5919,Dark,
3.4733,6.8921,8.0778,0.0000,0.0000,0.1368,-0.9875,0.0780,-0.1162,-0.9917,-0.0545,0.0251,-0.9997,-0.0018,-0.1490,-0.2301,0.5924,Dark,
3.4842,6.9055,8.1003,0.0000,0.0000,0.1377,-0.9875,0.0763,-0.1140,-0.9919,-0.0564,0.0267,-0.9996,-0.0036,-0.1521,-0.2315,0.5927,Dark,
3.4957,6.9162,8.1230,0.0000,0.0000,0.1393,-0.9877,0.0710,-0.1107,-0.9919,-0.0618,0.0291,-0.9995,-0.0089,-0.1552,-0.2328,0.5931,Dark,
3.5066,6.9255,8.1455,0.0000,0.0000,0.1405,-0.9875,0.0719,-0.1071,-0.9924,-0.0602,0.0315,-0.9995,-0.0075,-0.1582,-0.2339,0.5938,Dark,
3.5174,6.9187,8.1473,0.0000,0.0000,0.1419,-0.9872,0.0728,-0.1042,-0.9928,-0.0594,0.0336,-0.9994,-0.0065,-0.1612,-0.2351,0.5944,Dark,
3.5287,6.9125,8.1541,0.0000,0.0000,0.1421,-0.9873,0.0716,-0.1020,-0.9929,-0.0607,0.0348,-0.9994,-0.0077,-0.1642,-0.2363,0.5951,Dark,
3.5401,6.8946,8.1536,0.0000,0.0000,0.1409,-0.9872,0.0744,-0.0999,-0.9934,-0.0569,0.0351,-0.9994,-0.0041,-0.1673,-0.2373,0.5960,Dark,
3.5509,6.8750,8.1485,0.0000,0.0000,0.1401,-0.9872,0.0762,-0.0985,-0.9936,-0.0550,0.0354,-0.9994,-0.0022,-0.1702,-0.2385,0.5967,Dark,
3.5623,6.8597,8.1551,0.0000,0.0000,0.1391,-0.9874,0.0752,-0.0973,-0.9937,-0.0560,0.0354,-0.9994,-0.0031,-0.1731,-0.2397,0.5972,Dark,
3.5732,6.8585,8.1791,0.0000,0.0000,0.1372,-0.9875,0.0771,-0.0968,-0.9939,-0.0536,0.0346,-0.9994,-0.0008,-0.1758,-0.2408,0.5977,Dark,
3.5846,6.8649,8.1954,0.0000,0.0000,0.1375,-0.9874,0.0779,-0.0955,-0.9940,-0.0535,0.0354,-0.9994,-0.0002,-0.1783,-0.2419,0.5980,Dark,
3.5957,6.8711,8.2199,0.0000,0.0000,0.1381,-0.9874,0.0771,-0.0941,-0.9940,-0.0552,0.0365,-0.9993,-0.0014,-0.1808,-0.2431,0.5982,Dark,
3.6068,6.8914,8.2523,0.0000,0.0000,0.1397,-0.9871,0.0784,-0.0917,-0.9943,-0.0549,0.0386,-0.9993,-0.0006,-0.1830,-0.2441,0.5984,Dark,
3.6179,6.9014,8.2616,0.0000,0.0000,0.1421,-0.9868,0.0774,-0.0887,-0.9944,-0.0573,0.0414,-0.9991,-0.0022,-0.1850,-0.2452,0.5984,Dark,
3.6292,6.9310,8.2663,0.0000,0.0000,0.1447,-0.9863,0.0787,-0.0861,-0.9946,-0.0575,0.0442,-0.9990,-0.0016,-0.1869,-0.2463,0.5983,Dark,
3.6403,6.9610,8.2691,0.0000,0.0000,0.1487,-0.9855,0.0815,-0.0816,-0.9951,-0.0560,0.0486,-0.9988,0.0006,-0.1887,-0.2472,0.5984,Dark,
3.6513,6.9640,8.2714,0.0000,0.0000,0.1502,-0.9852,0.0824,-0.0796,-0.9952,-0.0560,0.0504,-0.9987,0.0011,-0.1904,-0.2481,0.5984,Dark,
3.6624,6.9666,8.2731,0.0000,0.0000,0.1525,-0.9846,0.0851,-0.0767,-0.9956,-0.0541,0.0531,-0.9986,0.0035,-0.1920,-0.2490,0.5985,Dark,
3.6735,6.9494,8.2582,0.0000,0.0000,0.1546,-0.9839,0.0901,-0.0736,-0.9961,-0.0495,0.0558,-0.9984,0.0084,-0.1936,-0.2495,0.5988,Dark,
3.6847,6.9359,8.2401,0.0000,0.0000,0.1563,-0.9832,0.0938,-0.0707,-0.9964,-0.0461,0.0581,-0.9982,0.0121,-0.1950,-0.2500,0.5990,Dark,
3.6959,6.8912,8.2061,0.0000,0.0000,0.1578,-0.9824,0.1000,-0.0668,-0.9970,-0.0394,0.0607,-0.9980,0.0187,-0.1962,-0.2505,0.5993,Dark,
3.7068,6.8969,8.1921,0.0000,0.0000,0.1594,-0.9817,0.1043,-0.0635,-0.9974,-0.0351,0.0632,-0.9977,0.0232,-0.1975,-0.2509,0.5997,Dark,
3.7179,6.9043,8.1763,0.0000,0.0000,0.1611,-0.9810,0.1082,-0.0605,-0.9977,-0.0312,0.0655,-0.9975,0.0272,-0.1984,-0.2511,0.6000,Dark,
3.7294,6.9007,8.1822,0.0000,0.0000,0.1621,-0.9803,0.1131,-0.0575,-0.9980,-0.0257,0.0675,-0.9972,0.0325,-0.1993,-0.2514,0.6002,Dark,
3.7402,6.9058,8.1979,0.0000,0.0000,0.1639,-0.9794,0.1176,-0.0550,-0.9983,-0.0210,0.0696,-0.9969,0.0372,-0.2001,-0.2514,0.6006,Dark,
3.7513,6.9083,8.2229,0.0000,0.0000,0.1660,-0.9786,0.1217,-0.0523,-0.9985,-0.0165,0.0720,-0.9965,0.0416,-0.2007,-0.2515,0.6009,Dark,
3.7625,6.9158,8.2431,0.0000,0.0000,0.1689,-0.9776,0.1258,-0.0489,-0.9987,-0.0120,0.0751,-0.9961,0.0459,-0.2010,-0.2515,0.6013,Dark,
3.7738,6.9271,8.2688,0.0000,0.0000,0.1724,-0.9763,0.1311,-0.0447,-0.9990,-0.0058,0.0790,-0.9955,0.0517,-0.2014,-0.2515,0.6019,Dark,
3.7848,6.9295,8.2760,0.0000,0.0000,0.1778,-0.9747,0.1355,-0.0395,-0.9992,-0.0008,0.0843,-0.9948,0.0564,-0.2012,-0.2514,0.6025,Dark,
3.7961,6.9375,8.2786,0.0000,0.0000,0.1841,-0.9727,0.1414,-0.0339,-0.9994,0.0059,0.0903,-0.9939,0.0627,-0.2008,-0.2514,0.6031,Dark,
3.8075,6.9529,8.2766,0.0000,0.0000,0.1915,-0.9704,0.1471,-0.0271,-0.9995,0.0128,0.0974,-0.9929,0.0690,-0.2005,-0.2513,0.6040,Dark,
3.8182,6.9658,8.2830,0.0000,0.0000,0.1991,-0.9680,0.1525,-0.0211,-0.9996,0.0188,0.1044,-0.9917,0.0746,-0.1998,-0.2512,0.6048,Dark,
3.8293,6.9628,8.2897,0.0000,0.0000,0.2080,-0.9651,0.1592,-0.0153,-0.9995,0.0259,0.1119,-0.9904,0.0813,-0.1989,-0.2511,0.6057,Dark,
3.8408,6.9598,8.2909,0.0000,0.0000,0.2179,-0.9620,0.1645,-0.0073,-0.9994,0.0326,0.1209,-0.9888,0.0872,-0.1979,-0.2509,0.6068,Dark,
3.8520,6.9564,8.2938,0.0000,0.0000,0.2291,-0.9587,0.1687,0.0015,-0.9993,0.0384,0.1310,-0.9871,0.0921,-0.1964,-0.2507,0.6079,Dark,
3.8627,6.9549,8.3739,0.0000,0.0000,0.2399,-0.9555,0.1718,0.0112,-0.9990,0.0441,0.1412,-0.9853,0.0963,-0.1947,-0.2505,0.6091,Dark,
3.8737,6.9981,8.4395,0.0000,0.0000,0.2647,-0.9443,0.1957,0.0368,-0.9966,0.0736,0.1667,-0.9783,0.1232,-0.1928,-0.2501,0.6104,Dark,
3.8849,7.0340,8.4977,0.0000,0.0000,0.2953,-0.9347,0.1976,0.0742,-0.9938,0.0824,0.2003,-0.9712,0.1286,-0.1906,-0.2497,0.6116,Dark,
3.8962,7.0599,8.6388,0.0000,0.0000,0.3340,-0.9181,0.2132,0.2201,-0.9628,0.1566,0.2842,-0.9421,0.1779,-0.1882,-0.2494,0.6127,Dark,
3.9075,7.0633,8.7107,0.0000,0.0000,0.3614,-0.9011,0.2398,0.2836,-0.9371,0.2036,0.3270,-0.9199,0.2165,-0.1855,-0.2489,0.6138,Dark,
3.9183,7.0623,8.8293,0.0000,0.0000,0.4124,-0.8797,0.2368,0.3549,-0.9109,0.2105,0.3869,-0.8957,0.2194,-0.1827,-0.2483,0.6150,Dark,
3.9295,7.0556,9.0344,0.0000,0.0000,0.4642,-0.8480,0.2556,0.4253,-0.8730,0.2388,0.4468,-0.8607,0.2441,-0.1796,-0.2476,0.6159,Dark,
3.9409,7.0732,9.1151,0.0000,0.0000,0.4871,-0.8293,0.2738,0.4531,-0.8526,0.2603,0.4719,-0.8412,0.2642,-0.1764,-0.2468,0.6168,Dark,
3.9517,7.0880,9.1378,0.0000,0.0000,0.5104,-0.8230,0.2492,0.4798,-0.8448,0.2370,0.4966,-0.8340,0.2405,-0.1732,-0.2459,0.6177,Dark,
3.9630,7.1324,9.1221,0.0000,0.0000,0.5340,-0.8111,0.2387,0.5079,-0.8306,0.2285,0.5222,-0.8209,0.2313,-0.1700,-0.2448,0.6185,Dark,
3.9745,7.1455,9.0990,0.0000,0.0000,0.5347,-0.8084,0.2463,0.5092,-0.8273,0.2372,0.5231,-0.8179,0.2395,-0.1669,-0.2437,0.6196,Dark,
3.9851,7.1576,8.9794,0.0000,0.0000,0.5392,-0.8108,0.2276,0.5153,-0.8285,0.2194,0.5283,-0.8197,0.2214,-0.1636,-0.2424,0.6204,Dark,
3.9966,7.1594,8.9060,0.0000,0.0000,0.5230,-0.8292,0.1973,0.4981,-0.8463,0.1888,0.5115,-0.8378,0.1910,-0.1599,-0.2410,0.6210,Dark,
4.0078,7.1566,8.8494,0.0000,0.0000,0.5288,-0.8231,0.2068,0.5043,-0.8402,0.1993,0.5175,-0.8318,0.2010,-0.1564,-0.2395,0.6218,Dark,
4.0186,7.1418,8.8264,0.0000,0.0000,0.5296,-0.8241,0.2007,0.5056,-0.8407,0.1937,0.5185,-0.8325,0.1952,-0.1525,-0.2379,0.6222,Dark,
4.0301,7.1313,8.7953,0.0000,0.0000,0.5366,-0.8227,0.1877,0.5127,-0.8392,0.1811,0.5255,-0.8310,0.1824,-0.1485,-0.2362,0.6225,Dark,
4.0412,7.1231,8.7721,0.0000,0.0000,0.5678,-0.8020,0.1855,0.5453,-0.8187,0.1798,0.5573,-0.8104,0.1807,-0.1446,-0.2345,0.6230,Dark,
4.0520,7.1658,8.7040,0.0000,0.0000,0.5443,-0.8194,0.1797,0.5208,-0.8357,0.1742,0.5333,-0.8276,0.1750,-0.1404,-0.2326,0.6232,Dark,
4.0633,7.1905,8.7635,0.0000,0.0000,0.5532,-0.8158,0.1687,0.5297,-0.8322,0.1637,0.5422,-0.8241,0.1643,-0.1362,-0.2306,0.6233,Dark,
4.0745,7.2110,8.8180,0.0000,0.0000,0.5675,-0.8067,0.1649,0.5443,-0.8234,0.1605,0.5566,-0.8151,0.1608,-0.1322,-0.2286,0.6235,Dark,
4.0854,7.1927,8.9315,0.0000,0.0000,0.6071,-0.7712,0.1916,0.5857,-0.7883,0.1883,0.5970,-0.7799,0.1880,-0.1280,-0.2266,0.6235,Dark,
4.0967,7.1732,8.9805,0.0000,0.0000,0.5959,-0.7847,0.1710,0.5737,-0.8017,0.1679,0.5854,-0.7933,0.1675,-0.1240,-0.2246,0.6234,Dark,
4.1077,7.1559,9.0759,0.0000,0.0000,0.6170,-0.7686,0.1691,0.5955,-0.7859,0.1666,0.6068,-0.7773,0.1660,-0.1205,-0.2228,0.6236,Dark,
4.1188,7.0891,9.1738,0.0000,0.0000,0.6522,-0.7380,0.1730,0.6323,-0.7555,0.1713,0.6427,-0.7469,0.1703,-0.1169,-0.2208,0.6234,Dark,
4.1301,7.0678,9.1940,0.0000,0.0000,0.6707,-0.7211,0.1736,0.6515,-0.7388,0.1725,0.6616,-0.7301,0.1712,-0.1136,-0.2190,0.6232,Dark,
4.1416,7.0536,9.1611,0.0000,0.0000,0.6847,-0.7094,0.1673,0.6659,-0.7271,0.1667,0.6757,-0.7184,0.1652,-0.1106,-0.2173,0.6232,Dark,
4.1524,7.0488,9.0454,0.0000,0.0000,0.6932,-0.7021,0.1629,0.6748,-0.7199,0.1627,0.6844,-0.7112,0.1610,-0.1074,-0.2156,0.6228,Dark,
4.1634,7.0511,8.9815,0.0000,0.0000,0.6925,-0.7035,0.1595,0.6739,-0.7214,0.1596,0.6836,-0.7126,0.1577,-0.1044,-0.2139,0.6222,Dark,
4.1746,7.0529,8.9306,0.0000,0.0000,0.6954,-0.7032,0.1483,0.6767,-0.7211,0.1487,0.6863,-0.7123,0.1466,-0.1017,-0.2124,0.6216,Dark,
4.1855,7.0623,8.8470,0.0000,0.0000,0.6832,-0.7175,0.1355,0.6638,-0.7355,0.1360,0.6738,-0.7266,0.1339,-0.0987,-0.2108,0.6207,Dark,
4.1969,7.0681,8.8123,0.0000,0.0000,0.6875,-0.7144,0.1305,0.6681,-0.7324,0.1313,0.6781,-0.7236,0.1291,-0.0958,-0.2092,0.6197,Dark,
4.2082,7.0728,8.7696,0.0000,0.0000,0.6868,-0.7169,0.1200,0.6672,-0.7350,0.1210,0.6772,-0.7261,0.1186,-0.0932,-0.2078,0.6188,Dark,
4.2189,7.0810,8.7047,0.0000,0.0000,0.6823,-0.7224,0.1124,0.6623,-0.7405,0.1136,0.6726,-0.7316,0.1111,-0.0907,-0.2064,0.6178,Dark,
4.2309,7.0671,8.6829,0.0000,0.0000,0.6821,-0.7232,0.1084,0.6620,-0.7414,0.1099,0.6723,-0.7324,0.1073,-0.0883,-0.2050,0.6167,Dark,
4.2414,7.0552,8.6678,0.0000,0.0000,0.6778,-0.7279,0.1035,0.6554,-0.7479,0.1055,0.6669,-0.7381,0.1024,-0.0863,-0.2039,0.6161,Dark,
4.2526,7.0555,8.6258,0.0000,0.0000,0.6610,-0.7433,0.1031,0.6330,-0.7669,0.1057,0.6473,-0.7554,0.1019,-0.0844,-0.2026,0.6152,Dark,
4.2637,7.0439,8.5998,0.0000,0.0000,0.6517,-0.7508,0.1075,0.6203,-0.7765,0.1107,0.6364,-0.7640,0.1064,-0.0825,-0.2015,0.6142,Dark,
4.2748,7.0354,8.5755,0.0000,0.0000,0.6409,-0.7604,0.1049,0.6058,-0.7882,0.1087,0.6238,-0.7747,0.1038,-0.0811,-0.2004,0.6136,Dark,
4.2860,7.0299,8.5314,0.0000,0.0000,0.6152,-0.7812,0.1060,0.5714,-0.8131,0.1108,0.5939,-0.7977,0.1048,-0.0796,-0.1993,0.6126,Dark,
4.2971,7.0297,8.5134,0.0000,0.0000,0.6103,-0.7848,0.1075,0.5623,-0.8192,0.1130,0.5870,-0.8026,0.1063,-0.0783,-0.1983,0.6116,Dark,
4.3084,7.0373,8.5092,0.0000,0.0000,0.6054,-0.7881,0.1108,0.5485,-0.8279,0.1177,0.5778,-0.8088,0.1096,-0.0773,-0.1975,0.6107,Dark,
4.3195,7.0421,8.5217,0.0000,0.0000,0.6077,-0.7863,0.1114,0.5461,-0.8292,0.1193,0.5779,-0.8086,0.1104,-0.0763,-0.1965,0.6096,Dark,
4.3304,7.0269,8.5332,0.0000,0.0000,0.6123,-0.7823,0.1143,0.5460,-0.8287,0.1234,0.5802,-0.8065,0.1135,-0.0755,-0.1955,0.6086,Dark,
4.3416,6.9978,8.5435,0.0000,0.0000,0.6124,-0.7818,0.1172,0.5348,-0.8352,0.1283,0.5750,-0.8098,0.1165,-0.0749,-0.1946,0.6078,Dark,
4.3527,6.9851,8.5389,0.0000,0.0000,0.6168,-0.7781,0.1186,0.5335,-0.8356,0.1310,0.5767,-0.8083,0.1181,-0.0745,-0.1936,0.6071,Dark,
4.3638,6.9601,8.5339,0.0000,0.0000,0.6192,-0.7756,0.1225,0.5298,-0.8371,0.1363,0.5763,-0.8080,0.1223,-0.0741,-0.1925,0.6064,Dark,
4.3750,6.9388,8.5381,0.0000,0.0000,0.6240,-0.7710,0.1271,0.5217,-0.8410,0.1434,0.5751,-0.8081,0.1272,-0.0739,-0.1916,0.6060,Dark,
4.3860,6.9377,8.5296,0.0000,0.0000,0.6266,-0.7682,0.1314,0.5176,-0.8426,0.1491,0.5746,-0.8078,0.1316,-0.0738,-0.1905,0.6056,Dark,
4.3973,6.9365,8.5228,0.0000,0.0000,0.6277,-0.7663,0.1371,0.5116,-0.8449,0.1562,0.5725,-0.8083,0.1376,-0.0737,-0.1896,0.6051,Dark,
4.4085,6.9373,8.5235,0.0000,0.0000,0.6321,-0.7617,0.1423,0.5017,-0.8494,0.1639,0.5704,-0.8088,0.1430,-0.0740,-0.1887,0.6048,Dark,
4.4195,6.9368,8.5369,0.0000,0.0000,0.6334,-0.7599,0.1461,0.4959,-0.8518,0.1691,0.5685,-0.8095,0.1469,-0.0741,-0.1878,0.6044,Dark,
4.4307,6.9500,8.5490,0.0000,0.0000,0.6348,-0.7577,0.1511,0.4901,-0.8538,0.1755,0.5667,-0.8098,0.1521,-0.0742,-0.1869,0.6039,Dark,
4.4419,6.9651,8.5987,0.0000,0.0000,0.6392,-0.7532,0.1549,0.4811,-0.8576,0.1818,0.5651,-0.8101,0.1563,-0.0745,-0.1862,0.6035,Dark,
4.4530,6.9677,8.5949,0.0000,0.0000,0.6405,-0.7517,0.1573,0.4757,-0.8599,0.1853,0.5634,-0.8108,0.1588,-0.0747,-0.1854,0.6029,Dark,
4.4643,6.9803,8.5892,0.0000,0.0000,0.6422,-0.7496,0.1605,0.4708,-0.8616,0.1897,0.5623,-0.8109,0.1621,-0.0748,-0.1846,0.6023,Dark,
4.4752,6.9979,8.6185,0.0000,0.0000,0.6452,-0.7466,0.1622,0.4607,-0.8662,0.1935,0.5595,-0.8125,0.1640,-0.0752,-0.1841,0.6018,Dark,
4.4864,7.0049,8.6460,0.0000,0.0000,0.6462,-0.7454,0.1638,0.4555,-0.8684,0.1960,0.5577,-0.8133,0.1656,-0.0753,-0.1834,0.6012,Dark,
4.4974,7.0255,8.6697,0.0000,0.0000,0.6479,-0.7433,0.1664,0.4511,-0.8698,0.1996,0.5568,-0.8134,0.1684,-0.0755,-0.1827,0.6007,Dark,
4.5087,7.0546,8.7239,0.0000,0.0000,0.6509,-0.7403,0.1683,0.4425,-0.8734,0.2033,0.5548,-0.8144,0.1704,-0.0760,-0.1821,0.6002,Dark,
4.5199,7.0646,8.7377,0.0000,0.0000,0.6509,-0.7395,0.1715,0.4369,-0.8753,0.2072,0.5524,-0.8153,0.1737,-0.0763,-0.1815,0.5997,Dark,
4.5308,7.0799,8.7324,0.0000,0.0000,0.6514,-0.7384,0.1747,0.4322,-0.8767,0.2110,0.5507,-0.8158,0.1768,-0.0768,-0.1808,0.5993,Dark,
4.5420,7.0902,8.6919,0.0000,0.0000,0.6524,-0.7366,0.1783,0.4244,-0.8794,0.2156,0.5480,-0.8168,0.1805,-0.0776,-0.1801,0.5990,Dark,
4.5532,7.0889,8.6925,0.0000,0.0000,0.6507,-0.7370,0.1827,0.4184,-0.8811,0.2203,0.5444,-0.8182,0.1849,-0.0782,-0.1793,0.5987,Dark,
4.5643,7.0814,8.6949,0.0000,0.0000,0.6497,-0.7364,0.1886,0.4136,-0.8818,0.2264,0.5418,-0.8186,0.1907,-0.0789,-0.1785,0.5984,Dark,
4.5755,7.0634,8.6913,0.0000,0.0000,0.6484,-0.7359,0.1951,0.4064,-0.8835,0.2331,0.5380,-0.8196,0.1971,-0.0801,-0.1776,0.5983,Dark,
4.5866,7.0551,8.6736,0.0000,0.0000,0.6443,-0.7378,0.2013,0.3996,-0.8851,0.2386,0.5328,-0.8216,0.2029,-0.0810,-0.1766,0.5981,Dark,
4.5978,7.0714,8.6563,0.0000,0.0000,0.6415,-0.7381,0.2090,0.3931,-0.8860,0.2461,0.5284,-0.8225,0.2104,-0.0821,-0.1755,0.5981,Dark,
4.6090,7.0649,8.6572,0.0000,0.0000,0.6365,-0.7395,0.2194,0.3859,-0.8864,0.2556,0.5225,-0.8236,0.2205,-0.0835,-0.1744,0.5981,Dark,
4.6202,7.0592,8.6357,0.0000,0.0000,0.6287,-0.7429,0.2297,0.3762,-0.8879,0.2647,0.5139,-0.8264,0.2303,-0.0851,-0.1730,0.5984,Dark,
4.6312,7.0387,8.5580,0.0000,0.0000,0.6201,-0.7457,0.2436,0.3647,-0.8890,0.2770,0.5041,-0.8286,0.2436,-0.0869,-0.1714,0.5988,Dark,
4.6422,6.9588,8.5070,0.0000,0.0000,0.6096,-0.7495,0.2579,0.3516,-0.8903,0.2893,0.4924,-0.8315,0.2571,-0.0891,-0.1699,0.5993,Dark,
4.6535,6.8942,8.3679,0.0000,0.0000,0.5599,-0.7762,0.2899,0.2843,-0.9053,0.3156,0.4336,-0.8543,0.2866,-0.0915,-0.1680,0.5999,Dark,
4.6648,6.7138,8.1757,0.0000,0.0000,0.5458,-0.7772,0.3132,0.2641,-0.9041,0.3361,0.4169,-0.8549,0.3087,-0.0942,-0.1660,0.6007,Dark,
4.6758,6.6116,8.0596,0.0000,0.0000,0.5024,-0.7896,0.3522,0.2058,-0.9065,0.3687,0.3659,-0.8643,0.3450,-0.0972,-0.1641,0.6014,Dark,
4.6871,6.5189,7.9779,0.0000,0.0000,0.4780,-0.7940,0.3757,0.1731,-0.9059,0.3866,0.3375,-0.8672,0.3661,-0.1006,-0.1618,0.6023,Dark,
4.6980,6.3572,7.8089,0.0000,0.0000,0.3633,-0.8101,0.4602,0.0289,-0.8920,0.4512,0.2057,-0.8731,0.4421,-0.1046,-0.1593,0.6033,Dark,
4.7092,6.2856,7.7039,0.0000,0.0000,0.2859,-0.8112,0.5101,-0.0611,-0.8730,0.4839,0.1201,-0.8666,0.4844,-0.1091,-0.1568,0.6041,Dark,
4.7204,6.2367,7.6254,0.0000,0.0000,0.1996,-0.8083,0.5539,-0.1466,-0.8480,0.5093,0.0317,-0.8536,0.5200,-0.1136,-0.1540,0.6051,Dark,
4.7315,6.1580,7.4810,0.0000,0.0000,0.0791,-0.7945,0.6021,-0.2542,-0.8063,0.5341,-0.0859,-0.8257,0.5575,-0.1186,-0.1508,0.6060,Dark,
4.7426,6.1383,7.4073,0.0000,0.0000,-0.0050,-0.7756,0.6312,-0.3325,-0.7703,0.5442,-0.1692,-0.7987,0.5775,-0.1236,-0.1478,0.6066,Dark,
4.7537,6.1305,7.3538,0.0000,0.0000,-0.0890,-0.7540,0.6509,-0.4010,-0.7342,0.5478,-0.2470,-0.7690,0.5895,-0.1291,-0.1443,0.6072,Dark,
4.7651,6.0953,7.2735,0.0000,0.0000,-0.2057,-0.7176,0.6654,-0.4923,-0.6805,0.5427,-0.3532,-0.7226,0.5942,-0.1348,-0.1405,0.6075,Dark,
4.7761,6.0717,7.2433,0.0000,0.0000,-0.2823,-0.6876,0.6690,-0.5536,-0.6408,0.5318,-0.4232,-0.6872,0.5905,-0.1406,-0.1369,0.6073,Dark,
4.7872,6.0591,7.2228,0.0000,0.0000,-0.3888,-0.6766,0.6254,-0.5241,-0.6494,0.5509,-0.4560,-0.6730,0.5824,-0.1465,-0.1330,0.6069,Dark,
4.7984,6.0739,7.1891,0.0000,0.0000,-0.4702,-0.6504,0.5965,-0.5406,-0.6338,0.5532,-0.5044,-0.6472,0.5716,-0.1523,-0.1290,0.6063,Dark,
4.8093,6.0963,7.2009,0.0000,0.0000,-0.5125,-0.6292,0.5843,-0.5699,-0.6143,0.5458,-0.5402,-0.6260,0.5624,-0.1581,-0.1252,0.6051,Dark,
4.8206,6.0986,7.2123,0.0000,0.0000,-0.5446,-0.6121,0.5733,-0.5937,-0.5985,0.5379,-0.5682,-0.6090,0.5534,-0.1638,-0.1209,0.6038,Dark,
4.8316,6.1111,7.2584,0.0000,0.0000,-0.5710,-0.5960,0.5645,-0.6180,-0.5823,0.5282,-0.5936,-0.5928,0.5443,-0.1694,-0.1167,0.6024,Dark,
4.8429,6.1196,7.3065,0.0000,0.0000,-0.5900,-0.5834,0.5582,-0.6402,-0.5682,0.5170,-0.6141,-0.5799,0.5354,-0.1748,-0.1126,0.6005,Dark,
4.8540,6.1403,7.3434,0.0000,0.0000,-0.5991,-0.5778,0.5542,-0.6536,-0.5613,0.5077,-0.6252,-0.5741,0.5287,-0.1799,-0.1089,0.5979,Dark,
4.8652,6.2308,7.4485,0.0000,0.0000,-0.5735,-0.5921,0.5662,-0.6401,-0.5740,0.5107,-0.6054,-0.5885,0.5359,-0.1850,-0.1051,0.5953,Dark,
4.8762,6.2883,7.4907,0.0000,0.0000,-0.5699,-0.5949,0.5668,-0.6421,-0.5762,0.5056,-0.6044,-0.5915,0.5336,-0.1899,-0.1016,0.5922,Dark,
4.8874,6.3802,7.5710,0.0000,0.0000,-0.5152,-0.6224,0.5892,-0.6032,-0.6049,0.5198,-0.5571,-0.6207,0.5517,-0.1945,-0.0986,0.5884,Dark,
4.8984,6.4399,7.6090,0.0000,0.0000,-0.5077,-0.6254,0.5925,-0.6024,-0.6081,0.5170,-0.5527,-0.6244,0.5519,-0.1990,-0.0954,0.5848,Dark,
4.9095,6.4829,7.6320,0.0000,0.0000,-0.4968,-0.6296,0.5974,-0.5973,-0.6132,0.5169,-0.5444,-0.6295,0.5544,-0.2033,-0.0924,0.5812,Dark,
4.9207,6.5456,7.6979,0.0000,0.0000,-0.4480,-0.6442,0.6199,-0.5626,-0.6320,0.5331,-0.5019,-0.6472,0.5738,-0.2074,-0.0897,0.5774,Dark,
4.9321,6.5675,7.7356,0.0000,0.0000,-0.4422,-0.6450,0.6232,-0.5620,-0.6343,0.5309,-0.4983,-0.6493,0.5745,-0.2112,-0.0871,0.5733,Dark,
4.9429,6.5815,7.7729,0.0000,0.0000,-0.4444,-0.6427,0.6241,-0.5669,-0.6331,0.5271,-0.5016,-0.6480,0.5732,-0.2149,-0.0847,0.5692,Dark,
4.9540,6.6603,7.8325,0.0000,0.0000,-0.4145,-0.6428,0.6442,-0.5463,-0.6379,0.5428,-0.4756,-0.6513,0.5914,-0.2183,-0.0828,0.5642,Dark,
4.9654,6.6948,7.8529,0.0000,0.0000,-0.4217,-0.6349,0.6473,-0.5567,-0.6308,0.5406,-0.4841,-0.6443,0.5921,-0.2215,-0.0807,0.5598,Dark,
4.9768,6.7209,7.8222,0.0000,0.0000,-0.4228,-0.6331,0.6484,-0.5578,-0.6307,0.5395,-0.4849,-0.6434,0.5923,-0.2246,-0.0787,0.5555,Dark,
4.9878,6.7621,7.7707,0.0000,0.0000,-0.4132,-0.6318,0.6558,-0.5539,-0.6324,0.5416,-0.4775,-0.6443,0.5974,-0.2274,-0.0770,0.5508,Dark,
4.9994,6.7256,7.7932,0.0000,0.0000,-0.4868,-0.6118,0.6235,-0.6268,-0.6038,0.4924,-0.5514,-0.6211,0.5569,-0.2301,-0.0753,0.5463,Dark,
5.0114,6.6939,7.7352,0.0000,0.0000,-0.5356,-0.6009,0.5934,-0.6738,-0.5872,0.4485,-0.5997,-0.6081,0.5202,-0.2327,-0.0737,0.5417,Dark,
5.0218,6.5922,7.6553,0.0000,0.0000,-0.5473,-0.5988,0.5847,-0.6855,-0.5853,0.4331,-0.6113,-0.6066,0.5084,-0.2352,-0.0721,0.5372,Dark,
5.0322,6.5607,7.6270,0.0000,0.0000,-0.6061,-0.5870,0.5367,-0.7333,-0.5662,0.3764,-0.6654,-0.5912,0.4558,-0.2375,-0.0705,0.5327,Dark,
5.0431,6.5410,7.5872,0.0000,0.0000,-0.6783,-0.5648,0.4699,-0.7949,-0.5321,0.2916,-0.7334,-0.5639,0.3796,-0.2394,-0.0689,0.5279,Dark,
5.0543,6.4797,7.5110,0.0000,0.0000,-0.7802,-0.5255,0.3395,-0.8692,-0.4736,0.1421,-0.8233,-0.5154,0.2379,-0.2413,-0.0673,0.5232,Dark,
5.0657,6.4765,7.4738,0.0000,0.0000,-0.8239,-0.4998,0.2672,-0.8952,-0.4408,0.0654,-0.8587,-0.4860,0.1625,-0.2431,-0.0658,0.5186,Dark,
5.0767,6.4750,7.4650,0.0000,0.0000,-0.8547,-0.4759,0.2076,-0.9120,-0.4102,-0.0011,-0.8830,-0.4590,0.0985,-0.2443,-0.0644,0.5138,Dark,
5.0878,6.4172,7.4814,0.0000,0.0000,-0.8805,-0.4508,0.1467,-0.9233,-0.3773,-0.0714,-0.9020,-0.4305,0.0317,-0.2457,-0.0630,0.5095,Dark,
5.0990,6.4288,7.5005,0.0000,0.0000,-0.8903,-0.4385,0.1230,-0.9265,-0.3626,-0.1006,-0.9087,-0.4174,0.0048,-0.2468,-0.0617,0.5052,Dark,
5.1100,6.4388,7.5123,0.0000,0.0000,-0.8948,-0.4323,0.1118,-0.9273,-0.3547,-0.1194,-0.9116,-0.4109,-0.0104,-0.2473,-0.0602,0.5007,Dark,
5.1211,6.4700,7.5390,0.0000,0.0000,-0.8901,-0.4335,0.1405,-0.9286,-0.3555,-0.1067,-0.9105,-0.4134,0.0106,-0.2483,-0.0588,0.4966,Dark,
5.1325,6.4970,7.5540,0.0000,0.0000,-0.8935,-0.4267,0.1401,-0.9304,-0.3483,-0.1144,-0.9134,-0.4070,0.0066,-0.2493,-0.0573,0.4925,Dark,
5.1434,6.5160,7.5564,0.0000,0.0000,-0.8885,-0.4280,0.1657,-0.9311,-0.3517,-0.0965,-0.9116,-0.4101,0.0291,-0.2495,-0.0558,0.4886,Dark,
5.1545,6.5163,7.5578,0.0000,0.0000,-0.8748,-0.4316,0.2200,-0.9314,-0.3600,-0.0532,-0.9052,-0.4174,0.0795,-0.2501,-0.0545,0.4847,Dark,
5.1658,6.5201,7.5561,0.0000,0.0000,-0.8638,-0.4343,0.2556,-0.9297,-0.3675,-0.0233,-0.8988,-0.4233,0.1136,-0.2507,-0.0534,0.4808,Dark,
5.1769,6.5223,7.5626,0.0000,0.0000,-0.8595,-0.4333,0.2714,-0.9288,-0.3706,-0.0084,-0.8960,-0.4246,0.1299,-0.2505,-0.0523,0.4768,Dark,
5.1881,6.5644,7.5964,0.0000,0.0000,-0.8485,-0.4292,0.3096,-0.9274,-0.3729,0.0297,-0.8896,-0.4240,0.1696,-0.2509,-0.0513,0.4731,Dark,
5.1992,6.5583,7.6189,0.0000,0.0000,-0.8455,-0.4280,0.3193,-0.9265,-0.3744,0.0385,-0.8875,-0.4244,0.1795,-0.2512,-0.0504,0.4695,Dark,
5.2102,6.5624,7.6489,0.0000,0.0000,-0.8351,-0.4315,0.3412,-0.9214,-0.3831,0.0652,-0.8792,-0.4303,0.2048,-0.2508,-0.0496,0.4661,Dark,
5.2216,6.5705,7.6638,0.0000,0.0000,-0.8320,-0.4322,0.3477,-0.9188,-0.3871,0.0768,-0.8760,-0.4322,0.2143,-0.2508,-0.0489,0.4630,Dark,
5.2326,6.5757,7.6738,0.0000,0.0000,-0.8285,-0.4269,0.3624,-0.9175,-0.3858,0.0971,-0.8732,-0.4285,0.2323,-0.2507,-0.0483,0.4601,Dark,
5.2436,6.6138,7.6861,0.0000,0.0000,-0.8290,-0.4269,0.3612,-0.9161,-0.3882,0.1002,-0.8725,-0.4293,0.2334,-0.2502,-0.0476,0.4573,Dark,
5.2547,6.6293,7.6898,0.0000,0.0000,-0.8199,-0.4242,0.3845,-0.9117,-0.3906,0.1277,-0.8652,-0.4289,0.2596,-0.2500,-0.0470,0.4547,Dark,
5.2659,6.6388,7.6892,0.0000,0.0000,-0.8214,-0.4207,0.3850,-0.9113,-0.3896,0.1329,-0.8657,-0.4262,0.2625,-0.2497,-0.0464,0.4522,Dark,
5.2770,6.6524,7.6912,0.0000,0.0000,-0.8272,-0.4160,0.3778,-0.9130,-0.3864,0.1310,-0.8694,-0.4216,0.2579,-0.2492,-0.0459,0.4499,Dark,
5.2883,6.6585,7.6941,0.0000,0.0000,-0.8312,-0.4125,0.3728,-0.9145,-0.3840,0.1272,-0.8721,-0.4185,0.2535,-0.2487,-0.0455,0.4477,Dark,
5.2994,6.6626,7.7162,0.0000,0.0000,-0.8403,-0.4087,0.3561,-0.9192,-0.3791,0.1067,-0.8794,-0.4143,0.2347,-0.2482,-0.0450,0.4456,Dark,
5.3104,6.6095,7.7272,0.0000,0.0000,-0.8549,-0.4073,0.3213,-0.9250,-0.3743,0.0657,-0.8901,-0.4114,0.1962,-0.2472,-0.0443,0.4438,Dark,
5.3216,6.5905,7.7194,0.0000,0.0000,-0.8700,-0.4052,0.2808,-0.9295,-0.3681,0.0211,-0.9004,-0.4073,0.1528,-0.2464,-0.0438,0.4421,Dark,
5.3328,6.5760,7.6992,0.0000,0.0000,-0.8883,-0.4020,0.2222,-0.9328,-0.3576,-0.0451,-0.9119,-0.4008,0.0889,-0.2454,-0.0434,0.4408,Dark,
5.3439,6.5444,7.6691,0.0000,0.0000,-0.9002,-0.3977,0.1777,-0.9327,-0.3482,-0.0941,-0.9182,-0.3941,0.0409,-0.2440,-0.0428,0.4396,Dark,
5.3550,6.5505,7.6618,0.0000,0.0000,-0.9055,-0.3940,0.1576,-0.9324,-0.3429,-0.1143,-0.9208,-0.3895,0.0203,-0.2429,-0.0422,0.4387,Dark,
5.3662,6.5560,7.6715,0.0000,0.0000,-0.9089,-0.3903,0.1469,-0.9325,-0.3381,-0.1271,-0.9227,-0.3854,0.0083,-0.2416,-0.0417,0.4381,Dark,
5.3773,6.5508,7.6773,0.0000,0.0000,-0.9126,-0.3857,0.1356,-0.9327,-0.3324,-0.1401,-0.9248,-0.3803,-0.0042,-0.2401,-0.0411,0.4379,Dark,
5.3885,6.5447,7.6733,0.0000,0.0000,-0.9145,-0.3821,0.1334,-0.9334,-0.3289,-0.1433,-0.9263,-0.3768,-0.0069,-0.2386,-0.0406,0.4379,Dark,
5.3996,6.5301,7.6837,0.0000,0.0000,-0.9157,-0.3779,0.1365,-0.9348,-0.3248,-0.1437,-0.9278,-0.3730,-0.0055,-0.2370,-0.0401,0.4382,Dark,
5.4108,6.5241,7.6979,0.0000,0.0000,-0.9170,-0.3736,0.1396,-0.9364,-0.3208,-0.1422,-0.9294,-0.3690,-0.0031,-0.2351,-0.0396,0.4389,Dark,
5.4218,6.5251,7.7104,0.0000,0.0000,-0.9182,-0.3693,0.1435,-0.9381,-0.3167,-0.1404,-0.9310,-0.3650,-0.0001,-0.2333,-0.0394,0.4396,Dark,
5.4330,6.5266,7.7096,0.0000,0.0000,-0.9187,-0.3652,0.1503,-0.9401,-0.3130,-0.1349,-0.9325,-0.3611,0.0062,-0.2313,-0.0392,0.4407,Dark,
5.4443,6.5667,7.7109,0.0000,0.0000,-0.9192,-0.3611,0.1570,-0.9420,-0.3089,-0.1308,-0.9339,-0.3574,0.0117,-0.2288,-0.0392,0.4421,Dark,
5.4552,6.5870,7.7136,0.0000,0.0000,-0.9198,-0.3581,0.1605,-0.9433,-0.3060,-0.1288,-0.9350,-0.3544,0.0145,-0.2265,-0.0393,0.4437,Dark,
5.4665,6.6087,7.7119,0.0000,0.0000,-0.9196,-0.3561,0.1661,-0.9443,-0.3041,-0.1255,-0.9355,-0.3528,0.0191,-0.2241,-0.0394,0.4454,Dark,
5.4777,6.6115,7.7155,0.0000,0.0000,-0.9198,-0.3544,0.1686,-0.9450,-0.3027,-0.1240,-0.9360,-0.3513,0.0212,-0.2214,-0.0395,0.4476,Dark,
5.4888,6.6060,7.7178,0.0000,0.0000,-0.9196,-0.3536,0.1711,-0.9454,-0.3021,-0.1227,-0.9362,-0.3507,0.0231,-0.2186,-0.0396,0.4501,Dark,
5.4998,6.5981,7.7546,0.0000,0.0000,-0.9188,-0.3542,0.1743,-0.9454,-0.3025,-0.1215,-0.9359,-0.3514,0.0254,-0.2158,-0.0398,0.4528,Dark,
5.5111,6.5964,7.7627,0.0000,0.0000,-0.9184,-0.3539,0.1769,-0.9458,-0.3020,-0.1196,-0.9359,-0.3511,0.0276,-0.2126,-0.0398,0.4560,Dark,
5.5221,6.5878,7.7681,0.0000,0.0000,-0.9180,-0.3535,0.1796,-0.9463,-0.3013,-0.1176,-0.9361,-0.3506,0.0300,-0.2095,-0.0398,0.4595,Dark,
5.5332,6.5765,7.7608,0.0000,0.0000,-0.9177,-0.3532,0.1819,-0.9466,-0.3006,-0.1166,-0.9361,-0.3502,0.0316,-0.2062,-0.0398,0.4632,Dark,
5.5446,6.5729,7.7528,0.0000,0.0000,-0.9176,-0.3515,0.1856,-0.9475,-0.2989,-0.1135,-0.9367,-0.3485,0.0350,-0.2030,-0.0397,0.4670,Dark,
5.5555,6.5695,7.7471,0.0000,0.0000,-0.9180,-0.3491,0.1880,-0.9486,-0.2961,-0.1115,-0.9375,-0.3460,0.0372,-0.1997,-0.0396,0.4716,Dark,
5.5666,6.5720,7.7496,0.0000,0.0000,-0.9182,-0.3477,0.1897,-0.9493,-0.2941,-0.1109,-0.9381,-0.3444,0.0383,-0.1964,-0.0395,0.4762,Dark,
5.5779,6.5758,7.7574,0.0000,0.0000,-0.9180,-0.3462,0.1936,-0.9504,-0.2919,-0.1074,-0.9386,-0.3426,0.0419,-0.1929,-0.0394,0.4811,Dark,
5.5889,6.5911,7.7639,0.0000,0.0000,-0.9175,-0.3456,0.1969,-0.9511,-0.2907,-0.1045,-0.9387,-0.3417,0.0450,-0.1894,-0.0395,0.4863,Dark,
5.6002,6.6151,7.7829,0.0000,0.0000,-0.9167,-0.3464,0.1993,-0.9512,-0.2911,-0.1029,-0.9384,-0.3424,0.0470,-0.1859,-0.0397,0.4917,Dark,
5.6113,6.6234,7.7960,0.0000,0.0000,-0.9162,-0.3458,0.2023,-0.9516,-0.2905,-0.1008,-0.9384,-0.3419,0.0495,-0.1823,-0.0398,0.4970,Dark,
5.6223,6.6306,7.8060,0.0000,0.0000,-0.9161,-0.3449,0.2042,-0.9519,-0.2898,-0.0992,-0.9386,-0.3411,0.0513,-0.1788,-0.0398,0.5027,Dark,
5.6335,6.6383,7.8318,0.0000,0.0000,-0.9161,-0.3440,0.2062,-0.9523,-0.2883,-0.0998,-0.9390,-0.3401,0.0519,-0.1753,-0.0398,0.5085,Dark,
5.6449,6.6406,7.8239,0.0000,0.0000,-0.9158,-0.3432,0.2085,-0.9528,-0.2871,-0.0991,-0.9392,-0.3392,0.0534,-0.1717,-0.0398,0.5145,Dark,
5.6557,6.6266,7.8191,0.0000,0.0000,-0.9153,-0.3441,0.2092,-0.9525,-0.2873,-0.1006,-0.9389,-0.3400,0.0529,-0.1681,-0.0400,0.5205,Dark,
5.6669,6.6210,7.8216,0.0000,0.0000,-0.9147,-0.3452,0.2104,-0.9523,-0.2879,-0.1010,-0.9385,-0.3410,0.0533,-0.1644,-0.0402,0.5267,Dark,
5.6781,6.6138,7.8236,0.0000,0.0000,-0.9143,-0.3464,0.2100,-0.9519,-0.2891,-0.1019,-0.9381,-0.3423,0.0526,-0.1606,-0.0402,0.5330,Dark,
5.6891,6.5995,7.8316,0.0000,0.0000,-0.9138,-0.3482,0.2093,-0.9512,-0.2906,-0.1033,-0.9376,-0.3440,0.0515,-0.1570,-0.0398,0.5395,Dark,
5.7003,6.5960,7.8268,0.0000,0.0000,-0.9128,-0.3495,0.2111,-0.9509,-0.2920,-0.1023,-0.9370,-0.3454,0.0528,-0.1533,-0.0390,0.5462,Dark,
5.7115,6.6113,7.8212,0.0000,0.0000,-0.9117,-0.3520,0.2120,-0.9502,-0.2945,-0.1016,-0.9360,-0.3480,0.0537,-0.1497,-0.0379,0.5531,Dark,
5.7226,6.6530,7.8470,0.0000,0.0000,-0.9087,-0.3580,0.2146,-0.9485,-0.3001,-0.1016,-0.9336,-0.3540,0.0549,-0.1461,-0.0366,0.5601,Dark,
5.7337,6.6681,7.8585,0.0000,0.0000,-0.9029,-0.3697,0.2191,-0.9450,-0.3127,-0.0955,-0.9286,-0.3661,0.0604,-0.1425,-0.0350,0.5674,Dark,
5.7449,6.6719,7.8692,0.0000,0.0000,-0.8919,-0.3888,0.2311,-0.9393,-0.3324,-0.0849,-0.9198,-0.3857,0.0721,-0.1388,-0.0335,0.5748,Dark,
5.7562,6.6963,7.9152,0.0000,0.0000,-0.8617,-0.4274,0.2735,-0.9255,-0.3768,-0.0372,-0.8963,-0.4272,0.1187,-0.1352,-0.0319,0.5822,Dark,
5.7671,6.7154,7.9186,0.0000,0.0000,-0.8459,-0.4423,0.2982,-0.9187,-0.3950,-0.0066,-0.8842,-0.4434,0.1470,-0.1316,-0.0302,0.5894,Dark,
5.7783,6.7133,7.9201,0.0000,0.0000,-0.8361,-0.4503,0.3133,-0.9146,-0.4042,0.0120,-0.8768,-0.4519,0.1642,-0.1279,-0.0284,0.5964,Dark,
5.7894,6.7068,7.9019,0.0000,0.0000,-0.8232,-0.4633,0.3281,-0.9068,-0.4199,0.0364,-0.8657,-0.4655,0.1841,-0.1244,-0.0267,0.6030,Dark,
5.8005,6.7015,7.8987,0.0000,0.0000,-0.8222,-0.4648,0.3287,-0.9065,-0.4202,0.0401,-0.8649,-0.4662,0.1860,-0.1210,-0.0251,0.6095,Dark,
5.8117,6.6972,7.8977,0.0000,0.0000,-0.8209,-0.4675,0.3281,-0.9059,-0.4214,0.0417,-0.8639,-0.4680,0.1863,-0.1176,-0.0239,0.6153,Dark,
5.8228,6.7301,7.9576,0.0000,0.0000,-0.8197,-0.4706,0.3265,-0.9051,-0.4230,0.0425,-0.8628,-0.4702,0.1857,-0.1143,-0.0227,0.6210,Dark,
5.8339,6.7587,7.9755,0.0000,0.0000,-0.8193,-0.4729,0.3242,-0.9051,-0.4232,0.0408,-0.8627,-0.4714,0.1834,-0.1112,-0.0214,0.6266,Dark,
5.8451,6.7747,7.9952,0.0000,0.0000,-0.8235,-0.4734,0.3127,-0.9073,-0.4194,0.0286,-0.8661,-0.4698,0.1710,-0.1083,-0.0203,0.6316,Dark,
5.8562,6.7764,7.9980,0.0000,0.0000,-0.8214,-0.4786,0.3102,-0.9064,-0.4217,0.0267,-0.8645,-0.4735,0.1685,-0.1055,-0.0194,0.6363,Dark,
5.8673,6.7747,7.9891,0.0000,0.0000,-0.8212,-0.4817,0.3058,-0.9067,-0.4214,0.0207,-0.8647,-0.4751,0.1630,-0.1028,-0.0185,0.6409,Dark,
5.8785,6.7596,7.9924,0.0000,0.0000,-0.8219,-0.4845,0.2997,-0.9068,-0.4215,0.0105,-0.8653,-0.4769,0.1545,-0.1001,-0.0180,0.6450,Dark,
5.8896,6.7713,8.0013,0.0000,0.0000,-0.8208,-0.4875,0.2977,-0.9055,-0.4242,0.0065,-0.8641,-0.4800,0.1515,-0.0975,-0.0177,0.6488,Dark,
5.9008,6.7814,8.0062,0.0000,0.0000,-0.8204,-0.4895,0.2956,-0.9051,-0.4253,0.0011,-0.8638,-0.4818,0.1476,-0.0952,-0.0176,0.6526,Dark,
5.9119,6.8337,8.0168,0.0000,0.0000,-0.8216,-0.4893,0.2926,-0.9066,-0.4219,-0.0075,-0.8654,-0.4806,0.1416,-0.0931,-0.0180,0.6558,Dark,
5.9232,6.8409,8.0207,0.0000,0.0000,-0.8224,-0.4890,0.2908,-0.9078,-0.4192,-0.0116,-0.8667,-0.4793,0.1385,-0.0914,-0.0185,0.6589,Dark,
5.9342,6.8442,8.0172,0.0000,0.0000,-0.8228,-0.4879,0.2914,-0.9091,-0.4164,-0.0137,-0.8677,-0.4777,0.1376,-0.0898,-0.0197,0.6617,Dark,
5.9453,6.8417,8.0041,0.0000,0.0000,-0.8232,-0.4867,0.2924,-0.9106,-0.4129,-0.0176,-0.8690,-0.4758,0.1360,-0.0882,-0.0210,0.6646,Dark,
5.9566,6.8526,7.9953,0.0000,0.0000,-0.8229,-0.4863,0.2938,-0.9117,-0.4105,-0.0178,-0.8695,-0.4746,0.1365,-0.0869,-0.0228,0.6671,Dark,
5.9677,6.8630,7.9858,0.0000,0.0000,-0.8217,-0.4862,0.2974,-0.9127,-0.4083,-0.0155,-0.8696,-0.4737,0.1392,-0.0858,-0.0247,0.6696,Dark,
5.9788,6.8839,7.9833,0.0000,0.0000,-0.8200,-0.4850,0.3039,-0.9145,-0.4045,-0.0113,-0.8699,-0.4715,0.1445,-0.0851,-0.0272,0.6713,Dark,
5.9899,6.8909,7.9881,0.0000,0.0000,-0.8190,-0.4844,0.3075,-0.9155,-0.4023,-0.0083,-0.8701,-0.4703,0.1477,-0.0847,-0.0296,0.6728,Dark,
6.0010,6.8949,7.9953,0.0000,0.0000,-0.8185,-0.4827,0.3116,-0.9166,-0.3997,-0.0051,-0.8705,-0.4683,0.1513,-0.0847,-0.0321,0.6736,Dark,
6.0123,6.9094,8.0649,0.0000,0.0000,-0.8170,-0.4800,0.3197,-0.9176,-0.3975,0.0031,-0.8703,-0.4659,0.1596,-0.0851,-0.0348,0.6740,Dark,
6.0234,6.9389,8.1170,0.0000,0.0000,-0.8157,-0.4806,0.3221,-0.9173,-0.3982,0.0065,-0.8695,-0.4665,0.1625,-0.0858,-0.0375,0.6743,Dark,
6.0345,6.9631,8.1125,0.0000,0.0000,-0.8046,-0.4843,0.3435,-0.9127,-0.4071,0.0351,-0.8610,-0.4724,0.1883,-0.0868,-0.0402,0.6741,Dark,
6.0456,6.9722,8.1093,0.0000,0.0000,-0.7654,-0.5002,0.4050,-0.8916,-0.4380,0.1148,-0.8288,-0.4949,0.2611,-0.0879,-0.0430,0.6733,Dark,
6.0569,6.9884,8.1086,0.0000,0.0000,-0.7476,-0.5018,0.4352,-0.8816,-0.4464,0.1533,-0.8140,-0.4996,0.2964,-0.0895,-0.0457,0.6721,Dark,
6.0679,6.9998,8.0753,0.0000,0.0000,-0.7436,-0.5072,0.4356,-0.8749,-0.4554,0.1646,-0.8082,-0.5056,0.3021,-0.0912,-0.0484,0.6707,Dark,
6.0790,7.0042,8.0310,0.0000,0.0000,-0.7401,-0.5109,0.4373,-0.8677,-0.4631,0.1807,-0.8022,-0.5098,0.3107,-0.0932,-0.0511,0.6687,Dark,
6.0902,6.9949,8.0138,0.0000,0.0000,-0.7368,-0.5130,0.4404,-0.8644,-0.4658,0.1891,-0.7987,-0.5118,0.3164,-0.0955,-0.0539,0.6667,Dark,
6.1013,6.9773,7.9815,0.0000,0.0000,-0.7327,-0.5168,0.4429,-0.8598,-0.4704,0.1986,-0.7941,-0.5153,0.3221,-0.0981,-0.0566,0.6648,Dark,
6.1125,6.9715,7.9755,0.0000,0.0000,-0.7137,-0.5221,0.4668,-0.8468,-0.4797,0.2298,-0.7776,-0.5223,0.3500,-0.1007,-0.0591,0.6628,Dark,
6.1236,6.9682,7.9835,0.0000,0.0000,-0.7093,-0.5241,0.4713,-0.8441,-0.4818,0.2354,-0.7740,-0.5244,0.3550,-0.1036,-0.0616,0.6606,Dark,
6.1347,6.9543,7.9903,0.0000,0.0000,-0.7180,-0.5207,0.4618,-0.8509,-0.4756,0.2232,-0.7821,-0.5197,0.3438,-0.1066,-0.0641,0.6582,Dark,
6.1458,6.9477,7.9893,0.0000,0.0000,-0.7026,-0.5247,0.4806,-0.8400,-0.4837,0.2461,-0.7685,-0.5256,0.3650,-0.1098,-0.0663,0.6555,Dark,
6.1570,6.9424,7.9655,0.0000,0.0000,-0.7001,-0.5240,0.4850,-0.8389,-0.4833,0.2504,-0.7667,-0.5251,0.3693,-0.1133,-0.0684,0.6526,Dark,
6.1682,6.9150,7.9279,0.0000,0.0000,-0.6987,-0.5234,0.4877,-0.8391,-0.4817,0.2527,-0.7662,-0.5241,0.3717,-0.1168,-0.0704,0.6498,Dark,
6.1792,6.9091,7.9160,0.0000,0.0000,-0.6933,-0.5259,0.4927,-0.8362,-0.4831,0.2596,-0.7621,-0.5260,0.3775,-0.1202,-0.0722,0.6469,Dark,
6.1904,6.9054,7.8949,0.0000,0.0000,-0.6875,-0.5284,0.4982,-0.8330,-0.4848,0.2667,-0.7576,-0.5281,0.3837,-0.1238,-0.0742,0.6438,Dark,
6.2016,6.8872,7.8820,0.0000,0.0000,-0.6844,-0.5286,0.5022,-0.8314,-0.4851,0.2710,-0.7553,-0.5284,0.3877,-0.1275,-0.0760,0.6407,Dark,
6.2127,6.8716,7.8845,0.0000,0.0000,-0.6776,-0.5298,0.5100,-0.8266,-0.4880,0.2803,-0.7494,-0.5304,0.3963,-0.1307,-0.0776,0.6377,Dark,
6.2238,6.8587,7.8793,0.0000,0.0000,-0.6710,-0.5327,0.5157,-0.8221,-0.4919,0.2865,-0.7438,-0.5338,0.4023,-0.1341,-0.0796,0.6346,Dark,
6.2349,6.8624,7.8764,0.0000,0.0000,-0.6628,-0.5370,0.5218,-0.8172,-0.4963,0.2932,-0.7371,-0.5383,0.4085,-0.1372,-0.0818,0.6315,Dark,
6.2460,6.8589,7.8760,0.0000,0.0000,-0.6525,-0.5429,0.5287,-0.8104,-0.5020,0.3022,-0.7284,-0.5440,0.4164,-0.1396,-0.0838,0.6284,Dark,
6.2572,6.8566,7.8813,0.0000,0.0000,-0.6400,-0.5513,0.5353,-0.8022,-0.5100,0.3104,-0.7180,-0.5523,0.4236,-0.1417,-0.0861,0.6249,Dark,
6.2685,6.8469,7.9115,0.0000,0.0000,-0.6295,-0.5567,0.5420,-0.7962,-0.5155,0.3167,-0.7097,-0.5581,0.4300,-0.1435,-0.0880,0.6212,Dark,
6.2794,6.8297,7.9317,0.0000,0.0000,-0.6202,-0.5591,0.5502,-0.7905,-0.5189,0.3253,-0.7021,-0.5611,0.4385,-0.1452,-0.0889,0.6177,Dark,
6.2906,6.8164,7.9177,0.0000,0.0000,-0.6120,-0.5597,0.5588,-0.7864,-0.5202,0.3330,-0.6959,-0.5623,0.4467,-0.1470,-0.0895,0.6143,Dark,
6.3018,6.7947,7.8550,0.0000,0.0000,-0.6182,-0.5521,0.5595,-0.7955,-0.5094,0.3281,-0.7041,-0.5538,0.4445,-0.1486,-0.0896,0.6111,Dark,
6.3129,6.7668,7.8135,0.0000,0.0000,-0.6209,-0.5461,0.5623,-0.8004,-0.5010,0.3292,-0.7084,-0.5468,0.4463,-0.1497,-0.0896,0.6081,Dark,
6.3242,6.7192,7.7453,0.0000,0.0000,-0.6299,-0.5358,0.5623,-0.8121,-0.4857,0.3236,-0.7196,-0.5346,0.4431,-0.1508,-0.0900,0.6050,Dark,
6.3353,6.6991,7.7369,0.0000,0.0000,-0.6216,-0.5346,0.5725,-0.8093,-0.4830,0.3341,-0.7143,-0.5331,0.4534,-0.1514,-0.0904,0.6021,Dark,
6.3462,6.7354,7.7342,0.0000,0.0000,-0.6112,-0.5339,0.5843,-0.8049,-0.4811,0.3473,-0.7071,-0.5320,0.4658,-0.1516,-0.0908,0.5991,Dark,
6.3575,6.7813,7.8282,0.0000,0.0000,-0.5801,-0.5336,0.6155,-0.7843,-0.4853,0.3865,-0.6806,-0.5340,0.5016,-0.1516,-0.0914,0.5961,Dark,
6.3686,6.7901,7.8407,0.0000,0.0000,-0.5491,-0.5387,0.6390,-0.7584,-0.4964,0.4224,-0.6513,-0.5416,0.5315,-0.1512,-0.0921,0.5929,Dark,
6.3797,6.7924,7.8475,0.0000,0.0000,-0.5066,-0.5386,0.6732,-0.7257,-0.5040,0.4683,-0.6126,-0.5452,0.5722,-0.1506,-0.0923,0.5895,Dark,
6.3908,6.7837,7.8637,0.0000,0.0000,-0.4524,-0.5360,0.7127,-0.6749,-0.5127,0.5307,-0.5585,-0.5470,0.6236,-0.1502,-0.0924,0.5860,Dark,
6.4021,6.7809,7.8596,0.0000,0.0000,-0.4305,-0.5380,0.7248,-0.6539,-0.5178,0.5516,-0.5367,-0.5500,0.6399,-0.1498,-0.0923,0.5826,Dark,
6.4131,6.7721,7.8581,0.0000,0.0000,-0.4060,-0.5354,0.7407,-0.6325,-0.5182,0.5757,-0.5133,-0.5487,0.6599,-0.1491,-0.0921,0.5791,Dark,
6.4243,6.7543,7.8407,0.0000,0.0000,-0.3850,-0.5300,0.7556,-0.6122,-0.5155,0.5996,-0.4924,-0.5442,0.6792,-0.1484,-0.0919,0.5758,Dark,
6.4356,6.7456,7.8216,0.0000,0.0000,-0.3740,-0.5320,0.7597,-0.6029,-0.5180,0.6067,-0.4823,-0.5464,0.6847,-0.1477,-0.0919,0.5726,Dark,
6.4465,6.7261,7.8066,0.0000,0.0000,-0.3571,-0.5301,0.7691,-0.5876,-0.5180,0.6216,-0.4661,-0.5452,0.6967,-0.1468,-0.0917,0.5695,Dark,
6.4577,6.7000,7.7719,0.0000,0.0000,-0.3567,-0.5302,0.7692,-0.5874,-0.5171,0.6226,-0.4662,-0.5447,0.6971,-0.1458,-0.0918,0.5664,Dark,
6.4690,6.6920,7.7800,0.0000,0.0000,-0.3474,-0.5308,0.7730,-0.5806,-0.5178,0.6283,-0.4582,-0.5455,0.7017,-0.1447,-0.0919,0.5632,Dark,
6.4801,6.6818,7.7886,0.0000,0.0000,-0.3381,-0.5332,0.7755,-0.5723,-0.5201,0.6340,-0.4496,-0.5477,0.7056,-0.1434,-0.0920,0.5601,Dark,
6.4911,6.6851,7.8288,0.0000,0.0000,-0.3411,-0.5348,0.7730,-0.5764,-0.5192,0.6310,-0.4537,-0.5482,0.7026,-0.1420,-0.0920,0.5569,Dark,
6.5023,6.6941,7.8441,0.0000,0.0000,-0.3331,-0.5379,0.7744,-0.5719,-0.5214,0.6333,-0.4476,-0.5510,0.7043,-0.1405,-0.0921,0.5538,Dark,
6.5133,6.7330,7.8542,0.0000,0.0000,-0.3198,-0.5394,0.7789,-0.5611,-0.5232,0.6414,-0.4356,-0.5527,0.7104,-0.1389,-0.0922,0.5507,Dark,
6.5244,6.7928,7.9190,0.0000,0.0000,-0.2914,-0.5456,0.7857,-0.5340,-0.5327,0.6565,-0.4075,-0.5602,0.7212,-0.1371,-0.0924,0.5477,Dark,
6.5358,6.8124,7.9105,0.0000,0.0000,-0.2453,-0.5570,0.7935,-0.4861,-0.5509,0.6784,-0.3596,-0.5741,0.7356,-0.1353,-0.0927,0.5446,Dark,
6.5467,6.8281,7.9015,0.0000,0.0000,-0.2045,-0.5552,0.8062,-0.4478,-0.5543,0.7016,-0.3194,-0.5747,0.7535,-0.1335,-0.0928,0.5417,Dark,
6.5579,6.8098,7.9087,0.0000,0.0000,-0.1305,-0.5504,0.8246,-0.3661,-0.5602,0.7430,-0.2403,-0.5737,0.7830,-0.1316,-0.0929,0.5387,Dark,
6.5694,6.7863,7.9473,0.0000,0.0000,-0.0779,-0.5453,0.8346,-0.3026,-0.5614,0.7702,-0.1818,-0.5703,0.8011,-0.1298,-0.0929,0.5357,Dark,
6.5802,6.7557,7.9819,0.0000,0.0000,-0.0289,-0.5291,0.8480,-0.2507,-0.5498,0.7967,-0.1308,-0.5560,0.8208,-0.1279,-0.0925,0.5326,Dark,
6.5913,6.7247,8.1144,0.0000,0.0000,-0.0105,-0.5114,0.8593,-0.1018,-0.5232,0.8461,-0.0531,-0.5234,0.8504,-0.1259,-0.0925,0.5295,Dark,
6.6025,6.7232,8.1372,0.0000,0.0000,0.0016,-0.5162,0.8564,-0.0718,-0.5262,0.8473,-0.0328,-0.5260,0.8498,-0.1237,-0.0925,0.5264,Dark,
6.6136,6.7146,8.1494,0.0000,0.0000,0.0231,-0.5130,0.8581,-0.0390,-0.5220,0.8521,-0.0062,-0.5215,0.8532,-0.1215,-0.0922,0.5231,Dark,
6.6248,6.7155,8.1013,0.0000,0.0000,0.0317,-0.5170,0.8554,-0.0180,-0.5244,0.8513,0.0082,-0.5238,0.8518,-0.1194,-0.0920,0.5200,Dark,
6.6360,6.7211,8.0830,0.0000,0.0000,0.0279,-0.5264,0.8498,-0.0186,-0.5330,0.8459,0.0059,-0.5326,0.8463,-0.1173,-0.0917,0.5168,Dark,
6.6470,6.7201,8.0714,0.0000,0.0000,0.0458,-0.5196,0.8532,0.0025,-0.5260,0.8505,0.0252,-0.5255,0.8504,-0.1151,-0.0911,0.5135,Dark,
6.6581,6.7169,8.0232,0.0000,0.0000,0.0340,-0.5258,0.8500,-0.0057,-0.5312,0.8472,0.0151,-0.5309,0.8473,-0.1129,-0.0907,0.5103,Dark,
6.6693,6.7134,7.9984,0.0000,0.0000,0.0244,-0.5365,0.8436,-0.0145,-0.5415,0.8406,0.0059,-0.5413,0.8408,-0.1107,-0.0903,0.5071,Dark,
6.6805,6.7016,7.9784,0.0000,0.0000,0.0354,-0.5344,0.8445,-0.0022,-0.5392,0.8422,0.0175,-0.5390,0.8421,-0.1084,-0.0898,0.5037,Dark,
6.6915,6.6879,7.9474,0.0000,0.0000,0.0249,-0.5343,0.8449,-0.0112,-0.5384,0.8426,0.0077,-0.5385,0.8426,-0.1060,-0.0893,0.5004,Dark,
6.7027,6.6849,7.9409,0.0000,0.0000,0.0340,-0.5401,0.8409,-0.0014,-0.5442,0.8389,0.0170,-0.5443,0.8387,-0.1036,-0.0889,0.4972,Dark,
6.7138,6.6849,7.9369,0.0000,0.0000,0.0488,-0.5389,0.8409,0.0142,-0.5430,0.8396,0.0323,-0.5431,0.8391,-0.1011,-0.0880,0.4942,Dark,
6.7249,6.7100,7.9386,0.0000,0.0000,0.0500,-0.5327,0.8448,0.0163,-0.5365,0.8437,0.0339,-0.5366,0.8432,-0.0989,-0.0871,0.4912,Dark,
6.7363,6.7300,7.9398,0.0000,0.0000,0.0544,-0.5321,0.8449,0.0210,-0.5359,0.8440,0.0384,-0.5360,0.8434,-0.0966,-0.0862,0.4882,Dark,
6.7472,6.7376,7.9107,0.0000,0.0000,0.0593,-0.5229,0.8504,0.0230,-0.5268,0.8497,0.0419,-0.5270,0.8488,-0.0944,-0.0850,0.4854,Dark,
6.7583,6.7447,7.8849,0.0000,0.0000,0.0594,-0.5212,0.8514,0.0163,-0.5256,0.8506,0.0387,-0.5260,0.8496,-0.0923,-0.0840,0.4825,Dark,
6.7695,6.7365,7.8766,0.0000,0.0000,0.0624,-0.5178,0.8532,0.0159,-0.5224,0.8526,0.0401,-0.5229,0.8515,-0.0901,-0.0830,0.4796,Dark,
6.7807,6.7593,7.8714,0.0000,0.0000,0.0596,-0.5143,0.8555,0.0051,-0.5192,0.8546,0.0334,-0.5201,0.8535,-0.0879,-0.0820,0.4766,Dark,
6.7918,6.7876,7.9090,0.0000,0.0000,0.0707,-0.5101,0.8572,0.0124,-0.5154,0.8569,0.0427,-0.5163,0.8553,-0.0856,-0.0809,0.4736,Dark,
6.8029,6.7718,7.9389,0.0000,0.0000,0.0905,-0.5022,0.8600,0.0282,-0.5083,0.8607,0.0606,-0.5091,0.8586,-0.0834,-0.0795,0.4708,Dark,
6.8141,6.7170,7.9940,0.0000,0.0000,0.2094,-0.4605,0.8626,0.1550,-0.4688,0.8696,0.1834,-0.4681,0.8644,-0.0813,-0.0781,0.4682,Dark,
6.8252,6.7233,8.0165,0.0000,0.0000,0.2405,-0.4391,0.8656,0.1920,-0.4472,0.8736,0.2173,-0.4463,0.8681,-0.0793,-0.0765,0.4656,Dark,
6.8365,6.7271,8.0309,0.0000,0.0000,0.2089,-0.4472,0.8697,0.1621,-0.4543,0.8760,0.1865,-0.4537,0.8714,-0.0772,-0.0749,0.4630,Dark,
6.8475,6.7167,8.0413,0.0000,0.0000,0.2716,-0.4151,0.8683,0.2301,-0.4224,0.8767,0.2518,-0.4215,0.8712,-0.0751,-0.0734,0.4605,Dark,
6.8586,6.7106,8.0840,0.0000,0.0000,0.2823,-0.4042,0.8700,0.2449,-0.4110,0.8781,0.2644,-0.4101,0.8729,-0.0731,-0.0719,0.4579,Dark,
6.8698,6.7150,8.0971,0.0000,0.0000,0.3002,-0.3921,0.8696,0.2647,-0.3987,0.8781,0.2832,-0.3978,0.8727,-0.0712,-0.0705,0.4553,Dark,
6.8810,6.7144,8.0906,0.0000,0.0000,0.3131,-0.3830,0.8691,0.2791,-0.3895,0.8777,0.2968,-0.3886,0.8723,-0.0693,-0.0691,0.4527,Dark,
6.8922,6.7507,8.0780,0.0000,0.0000,0.3195,-0.3795,0.8683,0.2873,-0.3858,0.8767,0.3041,-0.3848,0.8715,-0.0674,-0.0678,0.4500,Dark,
6.9032,6.7639,8.0722,0.0000,0.0000,0.3235,-0.3773,0.8677,0.2919,-0.3835,0.8762,0.3084,-0.3825,0.8710,-0.0655,-0.0664,0.4475,Dark,
6.9145,6.7695,8.0588,0.0000,0.0000,0.3146,-0.3874,0.8666,0.2837,-0.3934,0.8745,0.2998,-0.3925,0.8695,-0.0636,-0.0651,0.4453,Dark,
6.9255,6.7646,8.0757,0.0000,0.0000,0.3161,-0.3874,0.8660,0.2855,-0.3933,0.8740,0.3014,-0.3924,0.8690,-0.0618,-0.0638,0.4428,Dark,
6.9368,6.7796,8.0898,0.0000,0.0000,0.3200,-0.3858,0.8653,0.2898,-0.3916,0.8733,0.3055,-0.3907,0.8684,-0.0600,-0.0626,0.4403,Dark,
6.9479,6.7867,8.1059,0.0000,0.0000,0.3112,-0.3954,0.8642,0.2813,-0.4011,0.8718,0.2968,-0.4002,0.8670,-0.0583,-0.0614,0.4380,Dark,
6.9589,6.7815,8.1303,0.0000,0.0000,0.3114,-0.3972,0.8633,0.2816,-0.4029,0.8709,0.2970,-0.4020,0.8661,-0.0567,-0.0602,0.4356,Dark,
6.9700,6.7884,8.1486,0.0000,0.0000,0.3116,-0.3983,0.8627,0.2820,-0.4038,0.8703,0.2974,-0.4030,0.8655,-0.0550,-0.0591,0.4334,Dark,
6.9813,6.7972,8.1781,0.0000,0.0000,0.3098,-0.4025,0.8614,0.2745,-0.4090,0.8703,0.2928,-0.4081,0.8647,-0.0535,-0.0579,0.4311,Dark,
6.9923,6.8021,8.1632,0.0000,0.0000,0.3114,-0.4019,0.8611,0.2730,-0.4089,0.8708,0.2929,-0.4080,0.8647,-0.0521,-0.0567,0.4288,Dark,
7.0034,6.8129,8.1485,0.0000,0.0000,0.3127,-0.4006,0.8613,0.2710,-0.4080,0.8718,0.2926,-0.4070,0.8653,-0.0508,-0.0555,0.4267,Dark,
7.0146,6.8339,8.1150,0.0000,0.0000,0.3131,-0.3999,0.8614,0.2643,-0.4084,0.8737,0.2897,-0.4074,0.8661,-0.0495,-0.0543,0.4247,Dark,
7.0257,6.8444,8.1097,0.0000,0.0000,0.3134,-0.3984,0.8620,0.2606,-0.4073,0.8753,0.2880,-0.4063,0.8671,-0.0482,-0.0529,0.4226,Dark,
7.0369,6.8613,8.1081,0.0000,0.0000,0.3141,-0.3954,0.8631,0.2572,-0.4048,0.8775,0.2868,-0.4039,0.8687,-0.0470,-0.0515,0.4206,Dark,
7.0481,6.8828,8.1304,0.0000,0.0000,0.3149,-0.3921,0.8643,0.2492,-0.4025,0.8808,0.2834,-0.4017,0.8708,-0.0460,-0.0501,0.4187,Dark,
7.0591,6.8883,8.1407,0.0000,0.0000,0.3145,-0.3896,0.8656,0.2441,-0.4005,0.8832,0.2807,-0.3998,0.8725,-0.0449,-0.0486,0.4167,Dark,
7.0703,6.9167,8.1481,0.0000,0.0000,0.3152,-0.3851,0.8674,0.2401,-0.3964,0.8861,0.2792,-0.3959,0.8748,-0.0439,-0.0471,0.4147,Dark,
7.0814,6.9462,8.1458,0.0000,0.0000,0.3157,-0.3798,0.8695,0.2307,-0.3921,0.8905,0.2751,-0.3917,0.8780,-0.0431,-0.0454,0.4128,Dark,
7.0925,6.9506,8.1364,0.0000,0.0000,0.3158,-0.3714,0.8731,0.2259,-0.3839,0.8953,0.2728,-0.3838,0.8822,-0.0423,-0.0434,0.4110,Dark,
7.1038,6.9528,8.1286,0.0000,0.0000,0.3148,-0.3612,0.8777,0.2198,-0.3739,0.9010,0.2694,-0.3741,0.8874,-0.0416,-0.0411,0.4093,Dark,
7.1149,6.9230,8.1180,0.0000,0.0000,0.3119,-0.3487,0.8838,0.2067,-0.3620,0.9090,0.2618,-0.3626,0.8944,-0.0412,-0.0383,0.4077,Dark,
7.1259,6.8997,8.0448,0.0000,0.0000,0.3006,-0.3366,0.8924,0.1895,-0.3495,0.9176,0.2476,-0.3507,0.9031,-0.0409,-0.0351,0.4062,Dark,
7.1372,6.8235,7.9845,0.0000,0.0000,0.2787,-0.3158,0.9070,0.1614,-0.3275,0.9310,0.2227,-0.3298,0.9174,-0.0408,-0.0313,0.4048,Dark,
7.1484,6.6100,7.7197,0.0000,0.0000,0.2204,-0.2486,0.9432,0.0904,-0.2566,0.9623,0.1581,-0.2617,0.9521,-0.0409,-0.0274,0.4032,Dark,
7.1594,6.4900,7.5760,0.0000,0.0000,0.1831,-0.1815,0.9662,0.0464,-0.1865,0.9814,0.1174,-0.1936,0.9740,-0.0411,-0.0227,0.4018,Dark,
7.1706,6.3395,7.4697,0.0000,0.0000,0.1410,-0.1093,0.9840,0.0016,-0.1114,0.9938,0.0738,-0.1200,0.9900,-0.0413,-0.0178,0.4002,Dark,
7.1816,6.2263,7.3614,0.0000,0.0000,0.1033,-0.0309,0.9942,-0.0404,-0.0309,0.9987,0.0337,-0.0406,0.9986,-0.0418,-0.0127,0.3983,Dark,
7.1930,5.8068,7.2411,0.0000,0.0000,0.0710,0.0177,0.9973,-0.0713,0.0189,0.9973,0.0018,0.0088,1.0000,-0.0424,-0.0073,0.3963,Dark,
7.2041,5.7655,7.0658,0.0000,0.0000,0.0319,0.1111,0.9933,-0.1127,0.1136,0.9871,-0.0388,0.1031,0.9939,-0.0430,-0.0017,0.3941,Dark,
7.2153,5.7523,6.7472,0.0000,0.0000,-0.0026,0.1828,0.9832,-0.1513,0.1858,0.9709,-0.0757,0.1751,0.9816,-0.0439,0.0039,0.3912,Dark,
7.2263,5.7698,6.6860,0.0000,0.0000,-0.0246,0.2331,0.9721,-0.1749,0.2367,0.9557,-0.0988,0.2259,0.9691,-0.0445,0.0096,0.3885,Dark,
7.2374,5.7816,6.6528,0.0000,0.0000,-0.0498,0.2789,0.9590,-0.1948,0.2825,0.9393,-0.1216,0.2722,0.9545,-0.0451,0.0153,0.3855,Dark,
7.2485,5.7592,6.6783,0.0000,0.0000,-0.0760,0.3272,0.9419,-0.2154,0.3304,0.9189,-0.1453,0.3209,0.9359,-0.0459,0.0206,0.3819,Dark,
7.2597,5.7414,6.6954,0.0000,0.0000,-0.0861,0.3535,0.9315,-0.2241,0.3570,0.9068,-0.1548,0.3476,0.9248,-0.0464,0.0258,0.3787,Dark,
7.2708,5.7567,6.6781,0.0000,0.0000,-0.1071,0.3905,0.9144,-0.2416,0.3936,0.8869,-0.1743,0.3848,0.9064,-0.0468,0.0308,0.3751,Dark,
7.2819,5.7871,6.6551,0.0000,0.0000,-0.1212,0.4214,0.8987,-0.2545,0.4245,0.8689,-0.1880,0.4159,0.8898,-0.0474,0.0356,0.3709,Dark,
7.2931,5.8126,6.6842,0.0000,0.0000,-0.1344,0.4525,0.8816,-0.2668,0.4555,0.8493,-0.2009,0.4471,0.8716,-0.0478,0.0405,0.3671,Dark,
7.3043,5.8772,6.7346,0.0000,0.0000,-0.1619,0.4918,0.8555,-0.2920,0.4935,0.8193,-0.2276,0.4862,0.8437,-0.0480,0.0453,0.3631,Dark,
7.3155,5.8890,6.7767,0.0000,0.0000,-0.1702,0.4968,0.8510,-0.3002,0.4990,0.8130,-0.2360,0.4913,0.8384,-0.0484,0.0495,0.3585,Dark,
7.3264,5.8956,6.8114,0.0000,0.0000,-0.1831,0.5361,0.8241,-0.3112,0.5377,0.7836,-0.2481,0.5307,0.8104,-0.0484,0.0537,0.3544,Dark,
7.3377,5.9176,6.8868,0.0000,0.0000,-0.1963,0.5487,0.8127,-0.3229,0.5501,0.7702,-0.2607,0.5433,0.7980,-0.0483,0.0575,0.3502,Dark,
7.3488,5.9232,6.9588,0.0000,0.0000,-0.2063,0.5631,0.8002,-0.3315,0.5644,0.7560,-0.2702,0.5578,0.7848,-0.0483,0.0609,0.3456,Dark,
7.3601,5.9435,7.0151,0.0000,0.0000,-0.2169,0.5805,0.7848,-0.3409,0.5814,0.7388,-0.2803,0.5752,0.7685,-0.0480,0.0644,0.3413,Dark,
7.3710,5.9933,7.1530,0.0000,0.0000,-0.2252,0.5931,0.7730,-0.3476,0.5940,0.7255,-0.2879,0.5879,0.7560,-0.0477,0.0678,0.3369,Dark,
7.3822,6.0184,7.2374,0.0000,0.0000,-0.2319,0.6087,0.7587,-0.3532,0.6096,0.7097,-0.2942,0.6037,0.7410,-0.0476,0.0710,0.3322,Dark,
7.3936,6.0288,7.3002,0.0000,0.0000,-0.2374,0.6240,0.7445,-0.3588,0.6248,0.6935,-0.2998,0.6190,0.7259,-0.0472,0.0741,0.3277,Dark,
7.4045,6.0919,7.4100,0.0000,0.0000,-0.2447,0.6376,0.7305,-0.3658,0.6382,0.6774,-0.3072,0.6326,0.7110,-0.0468,0.0772,0.3233,Dark,
7.4155,6.1378,7.4497,0.0000,0.0000,-0.2490,0.6518,0.7164,-0.3689,0.6524,0.6620,-0.3110,0.6470,0.6962,-0.0463,0.0799,0.3185,Dark,
7.4268,6.1844,7.4768,0.0000,0.0000,-0.2480,0.6660,0.7035,-0.3695,0.6670,0.6470,-0.3109,0.6614,0.6825,-0.0455,0.0827,0.3140,Dark,
7.4377,6.2599,7.5322,0.0000,0.0000,-0.2422,0.6774,0.6946,-0.3676,0.6790,0.6354,-0.3072,0.6731,0.6727,-0.0446,0.0852,0.3096,Dark,
7.4489,6.2854,7.5077,0.0000,0.0000,-0.2368,0.6891,0.6849,-0.3644,0.6914,0.6239,-0.3031,0.6852,0.6623,-0.0438,0.0875,0.3052,Dark,
7.4603,6.2669,7.4851,0.0000,0.0000,-0.2298,0.6999,0.6763,-0.3600,0.7029,0.6135,-0.2974,0.6964,0.6531,-0.0427,0.0897,0.3009,Dark,
7.4711,6.2483,7.4389,0.0000,0.0000,-0.2164,0.7089,0.6713,-0.3514,0.7134,0.6062,-0.2866,0.7062,0.6474,-0.0416,0.0918,0.2967,Dark,
7.4822,6.2476,7.4568,0.0000,0.0000,-0.2100,0.7197,0.6618,-0.3470,0.7249,0.5950,-0.2813,0.7174,0.6373,-0.0406,0.0938,0.2924,Dark,
7.4934,6.2733,7.5092,0.0000,0.0000,-0.1978,0.7261,0.6585,-0.3391,0.7331,0.5896,-0.2713,0.7247,0.6334,-0.0394,0.0954,0.2886,Dark,
7.5046,6.3022,7.5351,0.0000,0.0000,-0.1915,0.7323,0.6535,-0.3351,0.7403,0.5828,-0.2663,0.7315,0.6277,-0.0381,0.0970,0.2848,Dark,
7.5162,6.3239,7.5865,0.0000,0.0000,-0.1860,0.7379,0.6488,-0.3317,0.7467,0.5765,-0.2620,0.7375,0.6225,-0.0370,0.0986,0.2809,Dark,
7.5269,6.3878,7.6459,0.0000,0.0000,-0.1790,0.7397,0.6486,-0.3299,0.7497,0.5736,-0.2577,0.7399,0.6214,-0.0357,0.1001,0.2773,Dark,
7.5380,6.4292,7.6604,0.0000,0.0000,-0.1746,0.7449,0.6439,-0.3282,0.7555,0.5670,-0.2548,0.7454,0.6160,-0.0344,0.1017,0.2737,Dark,
7.5491,6.4608,7.6881,0.0000,0.0000,-0.1708,0.7492,0.6400,-0.3269,0.7603,0.5614,-0.2523,0.7499,0.6115,-0.0333,0.1030,0.2701,Dark,
7.5604,6.5427,7.7232,0.0000,0.0000,-0.1689,0.7487,0.6411,-0.3307,0.7602,0.5592,-0.2535,0.7495,0.6115,-0.0320,0.1043,0.2668,Dark,
7.5715,6.5767,7.7353,0.0000,0.0000,-0.1715,0.7509,0.6378,-0.3360,0.7620,0.5536,-0.2576,0.7515,0.6073,-0.0307,0.1055,0.2636,Dark,
7.5825,6.6012,7.7447,0.0000,0.0000,-0.1726,0.7526,0.6355,-0.3395,0.7635,0.5494,-0.2600,0.7531,0.6043,-0.0296,0.1066,0.2603,Dark,
7.5937,6.6827,7.7800,0.0000,0.0000,-0.1775,0.7505,0.6366,-0.3496,0.7608,0.5468,-0.2678,0.7507,0.6040,-0.0283,0.1077,0.2572,Dark,
7.6049,6.7091,7.8045,0.0000,0.0000,-0.1781,0.7525,0.6340,-0.3526,0.7624,0.5425,-0.2698,0.7525,0.6008,-0.0270,0.1086,0.2543,Dark,
7.6160,6.7509,7.8695,0.0000,0.0000,-0.1769,0.7531,0.6337,-0.3560,0.7629,0.5397,-0.2710,0.7530,0.5996,-0.0259,0.1096,0.2511,Dark,
7.6271,6.7662,7.8876,0.0000,0.0000,-0.1711,0.7567,0.6310,-0.3524,0.7669,0.5364,-0.2663,0.7568,0.5969,-0.0247,0.1105,0.2483,Dark,
7.6382,6.7880,7.8985,0.0000,0.0000,-0.1647,0.7602,0.6285,-0.3481,0.7709,0.5334,-0.2610,0.7607,0.5944,-0.0235,0.1114,0.2455,Dark,
7.6494,6.8224,7.9548,0.0000,0.0000,-0.1561,0.7620,0.6284,-0.3431,0.7737,0.5327,-0.2542,0.7630,0.5943,-0.0225,0.1122,0.2427,Dark,
7.6606,6.8347,7.9969,0.0000,0.0000,-0.1479,0.7664,0.6251,-0.3366,0.7787,0.5295,-0.2468,0.7678,0.5913,-0.0213,0.1130,0.2401,Dark,
7.6718,6.8505,8.0308,0.0000,0.0000,-0.1435,0.7690,0.6230,-0.3339,0.7814,0.5271,-0.2433,0.7705,0.5892,-0.0202,0.1137,0.2375,Dark,
7.6828,6.8690,8.0893,0.0000,0.0000,-0.1353,0.7714,0.6217,-0.3286,0.7847,0.5257,-0.2364,0.7734,0.5881,-0.0193,0.1144,0.2348,Dark,
7.6940,6.8740,8.1195,0.0000,0.0000,-0.1306,0.7747,0.6187,-0.3253,0.7880,0.5228,-0.2324,0.7768,0.5854,-0.0183,0.1152,0.2324,Dark,
7.7051,6.8610,8.1414,0.0000,0.0000,-0.1272,0.7776,0.6158,-0.3231,0.7907,0.5199,-0.2296,0.7797,0.5825,-0.0173,0.1160,0.2299,Dark,
7.7163,6.8242,8.0689,0.0000,0.0000,-0.1262,0.7806,0.6122,-0.3229,0.7931,0.5164,-0.2291,0.7824,0.5791,-0.0163,0.1165,0.2272,Dark,
7.7274,6.8042,7.9960,0.0000,0.0000,-0.1288,0.7851,0.6059,-0.3271,0.7962,0.5090,-0.2325,0.7863,0.5724,-0.0155,0.1171,0.2249,Dark,
7.7387,6.7892,7.9363,0.0000,0.0000,-0.1202,0.7870,0.6051,-0.3206,0.7990,0.5087,-0.2249,0.7888,0.5721,-0.0146,0.1177,0.2225,Dark,
7.7496,6.7001,7.8327,0.0000,0.0000,-0.1385,0.8125,0.5663,-0.3350,0.8180,0.4676,-0.2417,0.8117,0.5317,-0.0137,0.1181,0.2199,Dark,
7.7608,6.6567,7.7960,0.0000,0.0000,-0.1317,0.8062,0.5768,-0.3284,0.8134,0.4801,-0.2348,0.8061,0.5433,-0.0130,0.1185,0.2177,Dark,
7.7722,6.6250,7.7676,0.0000,0.0000,-0.1356,0.8214,0.5540,-0.3313,0.8258,0.4565,-0.2384,0.8202,0.5200,-0.0122,0.1189,0.2155,Dark,
7.7830,6.6304,7.7695,0.0000,0.0000,-0.1351,0.8260,0.5472,-0.3304,0.8295,0.4503,-0.2377,0.8245,0.5135,-0.0116,0.1191,0.2131,Dark,
7.7942,6.6250,7.7738,0.0000,0.0000,-0.1344,0.8339,0.5353,-0.3289,0.8362,0.4388,-0.2366,0.8321,0.5017,-0.0109,0.1195,0.2110,Dark,
7.8055,6.6382,7.8011,0.0000,0.0000,-0.1333,0.8430,0.5212,-0.3267,0.8440,0.4254,-0.2350,0.8407,0.4878,-0.0103,0.1199,0.2089,Dark,
7.8165,6.6489,7.8214,0.0000,0.0000,-0.1307,0.8470,0.5153,-0.3239,0.8476,0.4204,-0.2322,0.8446,0.4824,-0.0094,0.1200,0.2068,Dark,
7.8276,6.6595,7.8371,0.0000,0.0000,-0.1292,0.8508,0.5094,-0.3223,0.8507,0.4152,-0.2306,0.8482,0.4768,-0.0088,0.1203,0.2049,Dark,
7.8389,6.6873,7.8851,0.0000,0.0000,-0.1273,0.8544,0.5038,-0.3201,0.8538,0.4106,-0.2285,0.8516,0.4717,-0.0082,0.1207,0.2030,Dark,
7.8498,6.7001,7.9096,0.0000,0.0000,-0.1253,0.8564,0.5008,-0.3182,0.8555,0.4085,-0.2264,0.8536,0.4692,-0.0074,0.1209,0.2010,Dark,
7.8610,6.7104,7.9277,0.0000,0.0000,-0.1237,0.8586,0.4975,-0.3167,0.8573,0.4060,-0.2248,0.8556,0.4663,-0.0068,0.1213,0.1992,Dark,
7.8724,6.7405,7.9421,0.0000,0.0000,-0.1217,0.8600,0.4955,-0.3148,0.8585,0.4049,-0.2228,0.8569,0.4648,-0.0061,0.1215,0.1975,Dark,
7.8832,6.7581,7.9361,0.0000,0.0000,-0.1198,0.8614,0.4935,-0.3133,0.8596,0.4037,-0.2210,0.8583,0.4632,-0.0055,0.1217,0.1958,Dark,
7.8944,6.7662,7.9302,0.0000,0.0000,-0.1177,0.8629,0.4915,-0.3116,0.8608,0.4024,-0.2191,0.8596,0.4616,-0.0049,0.1219,0.1943,Dark,
7.9057,6.7791,7.9391,0.0000,0.0000,-0.1154,0.8636,0.4908,-0.3103,0.8614,0.4022,-0.2172,0.8603,0.4612,-0.0042,0.1221,0.1927,Dark,
7.9167,6.7835,7.9428,0.0000,0.0000,-0.1120,0.8653,0.4886,-0.3072,0.8630,0.4010,-0.2139,0.8620,0.4595,-0.0035,0.1224,0.1911,Dark,
7.9278,6.7421,7.9461,0.0000,0.0000,-0.1058,0.8677,0.4858,-0.3025,0.8656,0.3990,-0.2083,0.8646,0.4572,-0.0029,0.1226,0.1897,Dark,
7.9391,6.6573,7.8682,0.0000,0.0000,-0.0660,0.8744,0.4806,-0.2643,0.8784,0.3982,-0.1686,0.8746,0.4545,-0.0022,0.1227,0.1882,Dark,
7.9501,6.6171,7.8365,0.0000,0.0000,-0.0309,0.8796,0.4747,-0.2267,0.8891,0.3977,-0.1316,0.8827,0.4512,-0.0016,0.1229,0.1870,Dark,
7.9612,6.6185,7.8126,0.0000,0.0000,-0.0102,0.8832,0.4689,-0.2056,0.8955,0.3947,-0.1102,0.8878,0.4468,-0.0010,0.1231,0.1859,Dark,
7.9728,6.6176,7.7931,0.0000,0.0000,0.0141,0.8876,0.4604,-0.1756,0.9034,0.3912,-0.0825,0.8940,0.4403,-0.0004,0.1232,0.1847,Dark,
7.9835,6.6117,7.7835,0.0000,0.0000,0.0223,0.8898,0.4558,-0.1648,0.9063,0.3891,-0.0728,0.8966,0.4367,0.0003,0.1234,0.1835,Dark,
7.9947,6.6179,7.7754,0.0000,0.0000,0.0201,0.8906,0.4544,-0.1657,0.9062,0.3890,-0.0743,0.8969,0.4359,0.0009,0.1236,0.1825,Dark,
8.0059,6.6159,7.7787,0.0000,0.0000,-0.0087,0.8880,0.4597,-0.1924,0.8987,0.3941,-0.1025,0.8918,0.4407,0.0017,0.1238,0.1812,Dark,
8.0169,6.6136,7.7836,0.0000,0.0000,0.0071,0.8911,0.4537,-0.1752,0.9037,0.3907,-0.0857,0.8959,0.4360,0.0023,0.1241,0.1803,Dark,
8.0282,6.6278,7.7933,0.0000,0.0000,-0.0050,0.8898,0.4564,-0.1861,0.9000,0.3942,-0.0972,0.8933,0.4389,0.0029,0.1243,0.1794,Dark,
8.0393,6.6326,7.7963,0.0000,0.0000,-0.0099,0.8900,0.4558,-0.1908,0.8988,0.3947,-0.1021,0.8928,0.4388,0.0037,0.1246,0.1784,Dark,
8.0503,6.6366,7.8032,0.0000,0.0000,-0.0107,0.8905,0.4548,-0.1911,0.8985,0.3953,-0.1026,0.8929,0.4385,0.0045,0.1248,0.1775,Dark,
8.0614,6.6166,7.8053,0.0000,0.0000,-0.0140,0.8902,0.4554,-0.1934,0.8970,0.3976,-0.1053,0.8919,0.4398,0.0053,0.1251,0.1767,Dark,
8.0727,6.6172,7.8022,0.0000,0.0000,-0.0132,0.8907,0.4544,-0.1925,0.8969,0.3982,-0.1044,0.8921,0.4396,0.0063,0.1252,0.1757,Dark,
8.0838,6.6184,7.8220,0.0000,0.0000,-0.0100,0.8911,0.4537,-0.1890,0.8971,0.3993,-0.1009,0.8924,0.4398,0.0071,0.1254,0.1750,Dark,
8.0948,6.6390,7.8439,0.0000,0.0000,-0.0079,0.8908,0.4542,-0.1861,0.8965,0.4020,-0.0983,0.8920,0.4412,0.0080,0.1256,0.1744,Dark,
8.1063,6.6443,7.8482,0.0000,0.0000,-0.0017,0.8907,0.4545,-0.1802,0.8966,0.4046,-0.0921,0.8920,0.4426,0.0092,0.1256,0.1738,Dark,
8.1171,6.6472,7.8745,0.0000,0.0000,0.0052,0.8902,0.4556,-0.1733,0.8962,0.4083,-0.0851,0.8915,0.4451,0.0104,0.1257,0.1734,Dark,
8.1283,6.6619,7.9135,0.0000,0.0000,0.0197,0.8866,0.4621,-0.1568,0.8942,0.4193,-0.0692,0.8886,0.4535,0.0118,0.1257,0.1732,Dark,
8.1396,6.6665,7.9290,0.0000,0.0000,0.0418,0.8834,0.4667,-0.1353,0.8934,0.4283,-0.0471,0.8865,0.4604,0.0134,0.1255,0.1730,Dark,
8.1506,6.6704,7.9408,0.0000,0.0000,0.0419,0.8835,0.4665,-0.1360,0.8923,0.4305,-0.0473,0.8859,0.4614,0.0151,0.1254,0.1729,Dark,
8.1617,6.6897,7.9449,0.0000,0.0000,0.1128,0.8709,0.4783,-0.0560,0.8898,0.4529,0.0292,0.8780,0.4777,0.0169,0.1254,0.1730,Dark,
8.1729,6.6952,7.9522,0.0000,0.0000,0.1071,0.8727,0.4763,-0.0629,0.8893,0.4530,0.0229,0.8787,0.4768,0.0187,0.1253,0.1729,Dark,
8.1841,6.7226,7.9646,0.0000,0.0000,0.1761,0.8576,0.4832,0.0089,0.8832,0.4688,0.0942,0.8678,0.4880,0.0207,0.1253,0.1731,Dark,
8.1951,6.7353,7.9703,0.0000,0.0000,0.2002,0.8531,0.4819,0.0338,0.8807,0.4724,0.1190,0.8641,0.4890,0.0226,0.1253,0.1734,Dark,
8.2063,6.7441,7.9947,0.0000,0.0000,0.2134,0.8497,0.4822,0.0987,0.8716,0.4801,0.1574,0.8580,0.4889,0.0246,0.1252,0.1735,Dark,
8.2174,6.7136,8.0053,0.0000,0.0000,0.2490,0.8401,0.4818,0.1752,0.8573,0.4840,0.2130,0.8466,0.4877,0.0266,0.1251,0.1739,Dark,
8.2286,6.6914,7.9980,0.0000,0.0000,0.2803,0.8319,0.4789,0.2168,0.8483,0.4831,0.2494,0.8381,0.4851,0.0286,0.1250,0.1743,Dark,
8.2398,6.6737,8.0068,0.0000,0.0000,0.3124,0.8231,0.4742,0.2564,0.8389,0.4801,0.2852,0.8292,0.4807,0.0307,0.1247,0.1747,Dark,
8.2508,6.6959,8.0499,0.0000,0.0000,0.3566,0.8097,0.4660,0.3104,0.8246,0.4730,0.3343,0.8155,0.4725,0.0327,0.1245,0.1752,Dark,
8.2620,6.6787,8.0820,0.0000,0.0000,0.3858,0.8011,0.4575,0.3433,0.8158,0.4655,0.3653,0.8069,0.4642,0.0346,0.1243,0.1757,Dark,
8.2732,6.6640,8.0933,0.0000,0.0000,0.4131,0.7928,0.4482,0.3735,0.8072,0.4571,0.3941,0.7985,0.4551,0.0366,0.1240,0.1759,Dark,
8.2846,6.6595,8.1101,0.0000,0.0000,0.4432,0.7828,0.4369,0.4077,0.7967,0.4463,0.4262,0.7883,0.4439,0.0387,0.1237,0.1764,Dark,
8.2954,6.6403,8.1165,0.0000,0.0000,0.4622,0.7766,0.4280,0.4282,0.7903,0.4382,0.4460,0.7820,0.4353,0.0410,0.1234,0.1768,Dark,
8.3066,6.6423,8.1356,0.0000,0.0000,0.4846,0.7678,0.4192,0.4529,0.7811,0.4299,0.4695,0.7730,0.4266,0.0433,0.1229,0.1768,Dark,
8.3176,6.6548,8.1409,0.0000,0.0000,0.5030,0.7607,0.4103,0.4724,0.7739,0.4218,0.4885,0.7659,0.4180,0.0458,0.1224,0.1769,Dark,
8.3288,6.6561,8.1437,0.0000,0.0000,0.5259,0.7514,0.3984,0.4965,0.7647,0.4108,0.5120,0.7567,0.4065,0.0484,0.1219,0.1770,Dark,
8.3402,6.6578,8.1403,0.0000,0.0000,0.5455,0.7430,0.3878,0.5171,0.7562,0.4009,0.5322,0.7482,0.3962,0.0511,0.1212,0.1767,Dark,
8.3513,6.6902,8.1357,0.0000,0.0000,0.5588,0.7360,0.3822,0.5313,0.7490,0.3959,0.5459,0.7411,0.3908,0.0539,0.1204,0.1764,Dark,
8.3624,6.6705,8.1354,0.0000,0.0000,0.5810,0.7257,0.3685,0.5544,0.7388,0.3832,0.5686,0.7309,0.3775,0.0567,0.1196,0.1759,Dark,
8.3735,6.6540,8.1052,0.0000,0.0000,0.6054,0.7136,0.3526,0.5799,0.7268,0.3681,0.5936,0.7188,0.3620,0.0596,0.1186,0.1753,Dark,
8.3846,6.6054,8.0531,0.0000,0.0000,0.6321,0.6984,0.3356,0.6080,0.7117,0.3519,0.6210,0.7037,0.3452,0.0623,0.1177,0.1746,Dark,
8.3958,6.5924,8.0318,0.0000,0.0000,0.6556,0.6855,0.3166,0.6325,0.6990,0.3337,0.6450,0.6909,0.3266,0.0650,0.1169,0.1739,Dark,
8.4069,6.5855,8.0160,0.0000,0.0000,0.6760,0.6739,0.2981,0.6539,0.6875,0.3159,0.6659,0.6793,0.3084,0.0676,0.1158,0.1730,Dark,
8.4180,6.5748,7.9804,0.0000,0.0000,0.6989,0.6588,0.2784,0.6780,0.6725,0.2969,0.6894,0.6642,0.2890,0.0702,0.1147,0.1721,Dark,
8.4291,6.5831,7.9594,0.0000,0.0000,0.7193,0.6446,0.2591,0.6994,0.6584,0.2782,0.7103,0.6500,0.2700,0.0726,0.1137,0.1713,Dark,
8.4403,6.6013,7.9590,0.0000,0.0000,0.7388,0.6293,0.2412,0.7199,0.6432,0.2610,0.7303,0.6348,0.2524,0.0750,0.1125,0.1704,Dark,
8.4515,6.6111,7.9867,0.0000,0.0000,0.7565,0.6148,0.2229,0.7386,0.6287,0.2432,0.7486,0.6203,0.2343,0.0773,0.1114,0.1695,Dark,
8.4626,6.6376,8.0116,0.0000,0.0000,0.7731,0.6002,0.2052,0.7561,0.6142,0.2261,0.7656,0.6057,0.2168,0.0795,0.1102,0.1687,Dark,
8.4737,6.6724,8.0276,0.0000,0.0000,0.7892,0.5844,0.1889,0.7731,0.5983,0.2104,0.7822,0.5898,0.2008,0.0816,0.1090,0.1679,Dark,
8.4849,6.6825,8.0303,0.0000,0.0000,0.8031,0.5704,0.1722,0.7879,0.5844,0.1942,0.7965,0.5758,0.1843,0.0837,0.1078,0.1670,Dark,
8.4960,6.6734,8.0304,0.0000,0.0000,0.8159,0.5565,0.1570,0.8015,0.5704,0.1794,0.8097,0.5619,0.1692,0.0855,0.1067,0.1664,Dark,
8.5072,6.6726,8.0555,0.0000,0.0000,0.8318,0.5375,0.1385,0.8185,0.5514,0.1613,0.8262,0.5428,0.1509,0.0874,0.1053,0.1658,Dark,
8.5183,6.6808,8.0656,0.0000,0.0000,0.8438,0.5218,0.1251,0.8314,0.5356,0.1484,0.8386,0.5271,0.1377,0.0891,0.1041,0.1654,Dark,
8.5294,6.6940,8.0728,0.0000,0.0000,0.8556,0.5052,0.1127,0.8440,0.5188,0.1363,0.8508,0.5103,0.1254,0.0907,0.1029,0.1650,Dark,
8.5407,6.6964,8.1259,0.0000,0.0000,0.8627,0.4942,0.1076,0.8515,0.5075,0.1317,0.8581,0.4992,0.1205,0.0923,0.1016,0.1647,Dark,
8.5518,6.6863,8.1405,0.0000,0.0000,0.8680,0.4858,0.1025,0.8573,0.4989,0.1270,0.8636,0.4907,0.1156,0.0939,0.1001,0.1644,Dark,
8.5628,6.6598,8.1514,0.0000,0.0000,0.8741,0.4762,0.0960,0.8638,0.4892,0.1209,0.8699,0.4810,0.1093,0.0954,0.0988,0.1642,Dark,
8.5739,6.6242,8.0954,0.0000,0.0000,0.8792,0.4666,0.0965,0.8692,0.4793,0.1218,0.8752,0.4712,0.1099,0.0968,0.0976,0.1641,Dark,
8.5850,6.6157,8.0667,0.0000,0.0000,0.8843,0.4576,0.0932,0.8746,0.4701,0.1188,0.8804,0.4621,0.1067,0.0983,0.0961,0.1640,Dark,
8.5963,6.6084,8.0449,0.0000,0.0000,0.8889,0.4489,0.0911,0.8796,0.4612,0.1170,0.8852,0.4532,0.1047,0.0997,0.0947,0.1639,Dark,
8.6074,6.5761,7.9653,0.0000,0.0000,0.8923,0.4414,0.0949,0.8830,0.4534,0.1212,0.8886,0.4456,0.1087,0.1010,0.0933,0.1638,Dark,
8.6186,6.5530,7.9498,0.0000,0.0000,0.8969,0.4326,0.0920,0.8880,0.4444,0.1186,0.8934,0.4367,0.1059,0.1025,0.0918,0.1638,Dark,
8.6298,6.5649,7.9329,0.0000,0.0000,0.9016,0.4228,0.0914,0.8929,0.4344,0.1182,0.8982,0.4268,0.1054,0.1037,0.0905,0.1638,Dark,
8.6410,6.5578,7.9436,0.0000,0.0000,0.9104,0.4057,0.0813,0.9024,0.4171,0.1084,0.9073,0.4096,0.0954,0.1049,0.0891,0.1639,Dark,
8.6522,6.5536,7.9562,0.0000,0.0000,0.9125,0.4001,0.0851,0.9045,0.4113,0.1124,0.9094,0.4038,0.0993,0.1061,0.0876,0.1639,Dark,
8.6631,6.5478,7.9684,0.0000,0.0000,0.9218,0.3801,0.0756,0.9146,0.3911,0.1030,0.9191,0.3837,0.0898,0.1072,0.0862,0.1642,Dark,
8.6744,6.5421,7.9599,0.0000,0.0000,0.9291,0.3636,0.0678,0.9224,0.3744,0.0953,0.9266,0.3671,0.0820,0.1086,0.0849,0.1645,Dark,
8.6855,6.5314,7.9516,0.0000,0.0000,0.9352,0.3485,0.0631,0.9289,0.3590,0.0907,0.9329,0.3518,0.0774,0.1097,0.0833,0.1649,Dark,
8.6968,6.5441,7.9295,0.0000,0.0000,0.9474,0.3185,0.0316,0.9425,0.3289,0.0590,0.9457,0.3218,0.0457,0.1107,0.0817,0.1653,Dark,
8.7077,6.5583,7.9566,0.0000,0.0000,0.9549,0.2968,0.0080,0.9511,0.3070,0.0351,0.9537,0.3000,0.0219,0.1121,0.0802,0.1657,Dark,
8.7190,6.5399,7.9806,0.0000,0.0000,0.9604,0.2787,-0.0069,0.9572,0.2886,0.0201,0.9595,0.2817,0.0070,0.1133,0.0786,0.1660,Dark,
8.7302,6.4782,8.0366,0.0000,0.0000,0.9672,0.2494,-0.0478,0.9656,0.2591,-0.0215,0.9670,0.2523,-0.0343,0.1144,0.0770,0.1665,Dark,
8.7412,6.4396,8.0636,0.0000,0.0000,0.9708,0.2308,-0.0659,0.9699,0.2402,-0.0398,0.9709,0.2336,-0.0525,0.1160,0.0754,0.1668,Dark,
8.7524,6.4248,8.0819,0.0000,0.0000,0.9737,0.2122,-0.0831,0.9735,0.2213,-0.0573,0.9741,0.2148,-0.0700,0.1173,0.0736,0.1672,Dark,
8.7636,6.4045,8.1353,0.0000,0.0000,0.9759,0.1889,-0.1089,0.9767,0.1976,-0.0835,0.9768,0.1913,-0.0960,0.1186,0.0717,0.1677,Dark,
8.7745,6.3962,8.1452,0.0000,0.0000,0.9778,0.1709,-0.1212,0.9791,0.1793,-0.0961,0.9789,0.1732,-0.1084,0.1203,0.0698,0.1680,Dark,
8.7857,6.3750,8.1514,0.0000,0.0000,0.9791,0.1563,-0.1299,0.9808,0.1644,-0.1048,0.9804,0.1584,-0.1172,0.1216,0.0678,0.1683,Dark,
8.7971,6.3358,8.2678,0.0000,0.0000,0.9791,0.1375,-0.1499,0.9814,0.1453,-0.1251,0.9807,0.1394,-0.1374,0.1229,0.0658,0.1688,Dark,
8.8081,6.3212,8.2721,0.0000,0.0000,0.9796,0.1249,-0.1572,0.9823,0.1324,-0.1325,0.9813,0.1267,-0.1447,0.1245,0.0637,0.1692,Dark,
8.8191,6.3064,8.2730,0.0000,0.0000,0.9797,0.1116,-0.1663,0.9827,0.1188,-0.1417,0.9816,0.1133,-0.1539,0.1258,0.0617,0.1696,Dark,
8.8303,6.2696,8.2164,0.0000,0.0000,0.9798,0.0997,-0.1731,0.9831,0.1066,-0.1486,0.9818,0.1012,-0.1607,0.1271,0.0597,0.1701,Dark,
8.8412,6.2483,8.1781,0.0000,0.0000,0.9802,0.0884,-0.1774,0.9837,0.0950,-0.1528,0.9822,0.0898,-0.1650,0.1287,0.0576,0.1705,Dark,
8.8526,6.2662,8.1514,0.0000,0.0000,0.9800,0.0760,-0.1837,0.9838,0.0823,-0.1591,0.9822,0.0772,-0.1714,0.1301,0.0556,0.1711,Dark,
8.8637,6.3305,8.0527,0.0000,0.0000,0.9818,0.0744,-0.1748,0.9854,0.0806,-0.1497,0.9839,0.0755,-0.1622,0.1314,0.0536,0.1717,Dark,
8.8746,6.3705,8.0162,0.0000,0.0000,0.9820,0.0733,-0.1739,0.9857,0.0793,-0.1487,0.9841,0.0743,-0.1613,0.1329,0.0513,0.1723,Dark,
8.8858,6.3854,7.9892,0.0000,0.0000,0.9821,0.0727,-0.1737,0.9858,0.0784,-0.1482,0.9842,0.0736,-0.1610,0.1342,0.0492,0.1730,Dark,
8.8971,6.4313,7.9930,0.0000,0.0000,0.9846,0.0604,-0.1642,0.9882,0.0658,-0.1384,0.9866,0.0611,-0.1513,0.1355,0.0471,0.1737,Dark,
8.9082,6.4612,8.0215,0.0000,0.0000,0.9864,0.0464,-0.1575,0.9900,0.0516,-0.1314,0.9884,0.0470,-0.1445,0.1368,0.0451,0.1744,Dark,
8.9191,6.5040,8.0449,0.0000,0.0000,0.9879,0.0334,-0.1513,0.9914,0.0383,-0.1249,0.9898,0.0339,-0.1382,0.1381,0.0431,0.1751,Dark,
8.9304,6.6171,8.0989,0.0000,0.0000,0.9920,-0.0114,-0.1254,0.9951,-0.0071,-0.0983,0.9937,-0.0113,-0.1119,0.1394,0.0412,0.1759,Dark,
8.9415,6.6762,8.0902,0.0000,0.0000,0.9917,-0.0348,-0.1239,0.9948,-0.0310,-0.0967,0.9933,-0.0349,-0.1104,0.1407,0.0392,0.1768,Dark,
8.9526,6.7190,8.0801,0.0000,0.0000,0.9918,-0.0627,-0.1117,0.9947,-0.0594,-0.0841,0.9932,-0.0631,-0.0980,0.1419,0.0372,0.1776,Dark,
8.9638,6.7591,8.0806,0.0000,0.0000,0.9908,-0.0967,-0.0947,0.9934,-0.0938,-0.0666,0.9920,-0.0973,-0.0808,0.1432,0.0352,0.1785,Dark,
8.9748,6.7615,8.0540,0.0000,0.0000,0.9890,-0.1133,-0.0949,0.9916,-0.1107,-0.0668,0.9902,-0.1140,-0.0810,0.1447,0.0330,0.1796,Dark,
8.9861,6.7494,8.0337,0.0000,0.0000,0.9873,-0.1317,-0.0891,0.9897,-0.1295,-0.0608,0.9883,-0.1326,-0.0751,0.1460,0.0311,0.1806,Dark,
8.9977,6.7158,8.0306,0.0000,0.0000,0.9859,-0.1488,-0.0769,0.9880,-0.1469,-0.0484,0.9867,-0.1499,-0.0628,0.1473,0.0290,0.1816,Dark,
9.0085,6.6973,8.0128,0.0000,0.0000,0.9850,-0.1553,-0.0755,0.9870,-0.1537,-0.0469,0.9858,-0.1565,-0.0614,0.1486,0.0270,0.1829,Dark,
9.0194,6.6762,8.0002,0.0000,0.0000,0.9827,-0.1712,-0.0703,0.9846,-0.1699,-0.0415,0.9834,-0.1726,-0.0561,0.1499,0.0250,0.1840,Dark,
9.0306,6.6351,8.0157,0.0000,0.0000,0.9814,-0.1804,-0.0652,0.9831,-0.1792,-0.0362,0.9820,-0.1818,-0.0509,0.1512,0.0231,0.1850,Dark,
9.0418,6.6163,8.0119,0.0000,0.0000,0.9799,-0.1888,-0.0640,0.9816,-0.1878,-0.0349,0.9805,-0.1903,-0.0497,0.1525,0.0213,0.1862,Dark,
9.0529,6.5551,8.0143,0.0000,0.0000,0.9796,-0.1911,-0.0628,0.9812,-0.1903,-0.0336,0.9801,-0.1927,-0.0485,0.1539,0.0194,0.1874,Dark,
9.0643,6.5380,8.0168,0.0000,0.0000,0.9778,-0.2006,-0.0603,0.9793,-0.2000,-0.0310,0.9782,-0.2024,-0.0459,0.1553,0.0175,0.1886,Dark,
9.0756,6.5267,7.9880,0.0000,0.0000,0.9767,-0.2058,-0.0601,0.9782,-0.2055,-0.0309,0.9771,-0.2077,-0.0458,0.1566,0.0155,0.1901,Dark,
9.0863,6.5052,7.9303,0.0000,0.0000,0.9751,-0.2141,-0.0579,0.9764,-0.2140,-0.0286,0.9754,-0.2160,-0.0436,0.1579,0.0135,0.1915,Dark,
9.0975,6.4665,7.9026,0.0000,0.0000,0.9733,-0.2226,-0.0560,0.9745,-0.2227,-0.0266,0.9735,-0.2247,-0.0416,0.1591,0.0113,0.1928,Dark,
9.1089,6.4343,7.9107,0.0000,0.0000,0.9718,-0.2300,-0.0527,0.9729,-0.2302,-0.0233,0.9719,-0.2321,-0.0383,0.1602,0.0093,0.1943,Dark,
9.1197,6.4496,7.8669,0.0000,0.0000,0.9724,-0.2285,-0.0471,0.9733,-0.2288,-0.0175,0.9725,-0.2307,-0.0326,0.1615,0.0073,0.1957,Dark,
9.1313,6.4820,7.8215,0.0000,0.0000,0.9720,-0.2301,-0.0470,0.9729,-0.2307,-0.0174,0.9721,-0.2324,-0.0326,0.1626,0.0054,0.1971,Dark,
9.1423,6.5111,7.7245,0.0000,0.0000,0.9749,-0.2164,-0.0524,0.9759,-0.2170,-0.0229,0.9750,-0.2188,-0.0381,0.1638,0.0035,0.1985,Dark,
9.1531,6.5694,7.5807,0.0000,0.0000,0.9734,-0.2247,-0.0457,0.9741,-0.2255,-0.0161,0.9734,-0.2271,-0.0313,0.1650,0.0015,0.1999,Dark,
9.1648,6.5989,7.6731,0.0000,0.0000,0.9761,-0.2102,-0.0549,0.9771,-0.2111,-0.0255,0.9763,-0.2127,-0.0406,0.1662,-0.0005,0.2013,Dark,
9.1755,6.6205,7.7003,0.0000,0.0000,0.9654,-0.2564,-0.0481,0.9661,-0.2578,-0.0159,0.9653,-0.2593,-0.0325,0.1673,-0.0025,0.2029,Dark,
9.1864,6.6540,7.7501,0.0000,0.0000,0.9668,-0.2508,-0.0492,0.9675,-0.2526,-0.0110,0.9666,-0.2543,-0.0307,0.1685,-0.0045,0.2042,Dark,
9.1978,6.6679,7.8183,0.0000,0.0000,0.9572,-0.2861,-0.0430,0.9575,-0.2886,-0.0012,0.9567,-0.2902,-0.0228,0.1696,-0.0063,0.2055,Dark,
9.2094,6.6885,7.8502,0.0000,0.0000,0.9286,-0.3706,-0.0191,0.9270,-0.3740,0.0268,0.9269,-0.3753,0.0031,0.1706,-0.0081,0.2069,Dark,
9.2199,6.7066,7.8851,0.0000,0.0000,0.9262,-0.3766,-0.0178,0.9239,-0.3808,0.0365,0.9240,-0.3823,0.0084,0.1716,-0.0100,0.2081,Dark,
9.2311,6.6971,7.8991,0.0000,0.0000,0.9246,-0.3805,-0.0194,0.9220,-0.3853,0.0394,0.9222,-0.3867,0.0089,0.1726,-0.0117,0.2094,Dark,
9.2423,6.6871,7.9058,0.0000,0.0000,0.9165,-0.3996,-0.0181,0.9131,-0.4052,0.0455,0.9135,-0.4065,0.0125,0.1736,-0.0135,0.2105,Dark,
9.2533,6.6694,7.9056,0.0000,0.0000,0.9131,-0.4074,-0.0189,0.9086,-0.4141,0.0551,0.9094,-0.4155,0.0166,0.1745,-0.0152,0.2116,Dark,
9.2646,6.6638,7.9127,0.0000,0.0000,0.9080,-0.4185,-0.0178,0.9026,-0.4260,0.0618,0.9038,-0.4274,0.0203,0.1753,-0.0169,0.2128,Dark,
9.2760,6.6780,7.9180,0.0000,0.0000,0.9070,-0.4207,-0.0194,0.9009,-0.4291,0.0658,0.9024,-0.4304,0.0214,0.1762,-0.0185,0.2140,Dark,
9.2867,6.6640,7.8941,0.0000,0.0000,0.9114,-0.4107,-0.0265,0.9046,-0.4205,0.0702,0.9064,-0.4220,0.0196,0.1769,-0.0200,0.2151,Dark,
9.2979,6.6403,7.8773,0.0000,0.0000,0.9136,-0.4055,-0.0316,0.9064,-0.4164,0.0707,0.9084,-0.4177,0.0171,0.1777,-0.0214,0.2163,Dark,
9.3093,6.5992,7.8733,0.0000,0.0000,0.9224,-0.3837,-0.0451,0.9157,-0.3961,0.0678,0.9176,-0.3975,0.0085,0.1784,-0.0227,0.2176,Dark,
9.3203,6.5814,7.8838,0.0000,0.0000,0.9244,-0.3781,-0.0496,0.9177,-0.3915,0.0684,0.9196,-0.3928,0.0063,0.1791,-0.0239,0.2186,Dark,
9.3314,6.5709,7.8918,0.0000,0.0000,0.9265,-0.3725,-0.0538,0.9197,-0.3866,0.0689,0.9217,-0.3879,0.0042,0.1798,-0.0250,0.2198,Dark,
9.3430,6.5490,7.8869,0.0000,0.0000,0.9319,-0.3573,-0.0620,0.9254,-0.3726,0.0697,0.9274,-0.3740,0.0001,0.1804,-0.0260,0.2207,Dark,
9.3535,6.5321,7.8754,0.0000,0.0000,0.9329,-0.3544,-0.0633,0.9260,-0.3705,0.0726,0.9283,-0.3718,0.0007,0.1811,-0.0269,0.2216,Dark,
9.3648,6.5189,7.8633,0.0000,0.0000,0.9335,-0.3531,-0.0628,0.9258,-0.3701,0.0768,0.9285,-0.3712,0.0029,0.1817,-0.0277,0.2227,Dark,
9.3760,6.4874,7.8554,0.0000,0.0000,0.9350,-0.3491,-0.0621,0.9264,-0.3670,0.0841,0.9297,-0.3682,0.0066,0.1823,-0.0285,0.2235,Dark,
9.3869,6.4821,7.8579,0.0000,0.0000,0.9351,-0.3492,-0.0602,0.9257,-0.3677,0.0889,0.9295,-0.3688,0.0098,0.1828,-0.0291,0.2243,Dark,
9.3982,6.4792,7.8484,0.0000,0.0000,0.9349,-0.3503,-0.0576,0.9245,-0.3693,0.0940,0.9288,-0.3703,0.0135,0.1832,-0.0297,0.2251,Dark,
9.4092,6.4364,7.8294,0.0000,0.0000,0.9363,-0.3468,-0.0555,0.9251,-0.3664,0.1002,0.9299,-0.3674,0.0175,0.1837,-0.0301,0.2261,Dark,
9.4204,6.4253,7.8205,0.0000,0.0000,0.9370,-0.3453,-0.0532,0.9251,-0.3652,0.1042,0.9303,-0.3662,0.0206,0.1842,-0.0303,0.2267,Dark,
9.4318,6.4170,7.8208,0.0000,0.0000,0.9377,-0.3437,-0.0506,0.9252,-0.3639,0.1080,0.9308,-0.3648,0.0237,0.1846,-0.0304,0.2275,Dark,
9.4427,6.3789,7.8179,0.0000,0.0000,0.9393,-0.3397,-0.0478,0.9259,-0.3603,0.1131,0.9321,-0.3612,0.0275,0.1851,-0.0305,0.2283,Dark,
9.4538,6.3671,7.8137,0.0000,0.0000,0.9404,-0.3372,-0.0443,0.9263,-0.3581,0.1174,0.9329,-0.3589,0.0314,0.1854,-0.0305,0.2290,Dark,
9.4654,6.3579,7.8110,0.0000,0.0000,0.9410,-0.3358,-0.0409,0.9263,-0.3568,0.1213,0.9332,-0.3576,0.0350,0.1859,-0.0307,0.2298,Dark,
9.4765,6.3555,7.8071,0.0000,0.0000,0.9415,-0.3350,-0.0377,0.9260,-0.3561,0.1252,0.9333,-0.3569,0.0385,0.1862,-0.0308,0.2303,Dark,
9.4875,6.3641,7.8071,0.0000,0.0000,0.9419,-0.3340,-0.0346,0.9259,-0.3552,0.1287,0.9336,-0.3560,0.0418,0.1865,-0.0309,0.2308,Dark,
9.4985,6.3712,7.8099,0.0000,0.0000,0.9422,-0.3335,-0.0318,0.9257,-0.3548,0.1314,0.9336,-0.3555,0.0445,0.1869,-0.0311,0.2312,Dark,
9.5096,6.4071,7.8200,0.0000,0.0000,0.9425,-0.3330,-0.0285,0.9254,-0.3543,0.1348,0.9336,-0.3550,0.0479,0.1873,-0.0312,0.2318,Dark,
9.5208,6.3929,7.8263,0.0000,0.0000,0.9425,-0.3332,-0.0263,0.9249,-0.3547,0.1372,0.9334,-0.3553,0.0502,0.1875,-0.0315,0.2321,Dark,
9.5320,6.3720,7.8472,0.0000,0.0000,0.9426,-0.3331,-0.0232,0.9245,-0.3545,0.1397,0.9333,-0.3552,0.0530,0.1878,-0.0317,0.2327,Dark,
9.5432,6.3655,7.8418,0.0000,0.0000,0.9425,-0.3334,-0.0208,0.9242,-0.3549,0.1415,0.9331,-0.3555,0.0551,0.1881,-0.0319,0.2329,Dark,
9.5540,6.3666,7.8362,0.0000,0.0000,0.9427,-0.3331,-0.0190,0.9241,-0.3544,0.1429,0.9331,-0.3551,0.0567,0.1884,-0.0320,0.2331,Dark,
9.5652,6.3750,7.8213,0.0000,0.0000,0.9430,-0.3324,-0.0167,0.9243,-0.3534,0.1444,0.9334,-0.3541,0.0587,0.1887,-0.0320,0.2333,Dark,
9.5765,6.3782,7.8093,0.0000,0.0000,0.9433,-0.3316,-0.0148,0.9244,-0.3525,0.1457,0.9336,-0.3532,0.0603,0.1892,-0.0321,0.2337,Dark,
9.5876,6.3550,7.8008,0.0000,0.0000,0.9436,-0.3309,-0.0130,0.9245,-0.3518,0.1470,0.9338,-0.3525,0.0619,0.1895,-0.0321,0.2338,Dark,
9.5986,6.3380,7.7821,0.0000,0.0000,0.9440,-0.3297,-0.0108,0.9249,-0.3504,0.1478,0.9342,-0.3511,0.0634,0.1899,-0.0322,0.2342,Dark,
9.6097,6.3420,7.7778,0.0000,0.0000,0.9442,-0.3293,-0.0093,0.9249,-0.3499,0.1486,0.9343,-0.3506,0.0646,0.1902,-0.0322,0.2343,Dark,
9.6208,6.3186,7.7751,0.0000,0.0000,0.9433,-0.3317,-0.0072,0.9238,-0.3521,0.1502,0.9333,-0.3529,0.0665,0.1904,-0.0323,0.2342,Dark,
9.6319,6.3079,7.7739,0.0000,0.0000,0.9418,-0.3361,-0.0037,0.9219,-0.3562,0.1524,0.9315,-0.3570,0.0695,0.1908,-0.0323,0.2345,Dark,
9.6435,6.3133,7.7743,0.0000,0.0000,0.9428,-0.3334,-0.0041,0.9232,-0.3533,0.1513,0.9326,-0.3542,0.0687,0.1910,-0.0323,0.2344,Dark,
9.6543,6.3076,7.7795,0.0000,0.0000,0.9404,-0.3401,0.0001,0.9199,-0.3600,0.1553,0.9298,-0.3609,0.0729,0.1913,-0.0324,0.2343,Dark,
9.6654,6.3051,7.7911,0.0000,0.0000,0.9403,-0.3403,0.0011,0.9199,-0.3600,0.1553,0.9297,-0.3609,0.0734,0.1915,-0.0325,0.2343,Dark,
9.6766,6.3227,7.7970,0.0000,0.0000,0.9393,-0.3431,0.0030,0.9186,-0.3628,0.1568,0.9285,-0.3637,0.0752,0.1919,-0.0325,0.2344,Dark,
9.6878,6.3250,7.7994,0.0000,0.0000,0.9374,-0.3481,0.0065,0.9162,-0.3676,0.1595,0.9263,-0.3685,0.0783,0.1921,-0.0326,0.2343,Dark,
9.6989,6.3166,7.7952,0.0000,0.0000,0.9366,-0.3504,0.0080,0.9151,-0.3698,0.1605,0.9253,-0.3707,0.0796,0.1923,-0.0326,0.2342,Dark,
9.7100,6.3144,7.7914,0.0000,0.0000,0.9358,-0.3525,0.0093,0.9141,-0.3718,0.1615,0.9244,-0.3727,0.0808,0.1927,-0.0327,0.2344,Dark,
9.7212,6.3164,7.7768,0.0000,0.0000,0.9344,-0.3561,0.0117,0.9124,-0.3753,0.1632,0.9228,-0.3762,0.0829,0.1929,-0.0327,0.2342,Dark,
9.7323,6.3223,7.7829,0.0000,0.0000,0.9337,-0.3580,0.0127,0.9116,-0.3770,0.1638,0.9220,-0.3779,0.0837,0.1931,-0.0328,0.2341,Dark,
9.7435,6.3180,7.7887,0.0000,0.0000,0.9331,-0.3594,0.0134,0.9110,-0.3784,0.1641,0.9214,-0.3794,0.0842,0.1934,-0.0329,0.2343,Dark,
9.7546,6.3193,7.7802,0.0000,0.0000,0.9323,-0.3614,0.0144,0.9101,-0.3803,0.1644,0.9206,-0.3813,0.0849,0.1935,-0.0330,0.2342,Dark,
9.7662,6.3240,7.7858,0.0000,0.0000,0.9315,-0.3634,0.0154,0.9092,-0.3822,0.1652,0.9197,-0.3832,0.0858,0.1936,-0.0332,0.2340,Dark,
9.7768,6.3393,7.7898,0.0000,0.0000,0.9308,-0.3652,0.0166,0.9083,-0.3839,0.1661,0.9189,-0.3849,0.0869,0.1939,-0.0333,0.2342,Dark,
9.7881,6.4230,7.8930,0.0000,0.0000,0.9290,-0.3692,0.0230,0.9062,-0.3874,0.1696,0.9169,-0.3885,0.0920,0.1940,-0.0333,0.2342,Dark,
9.7992,6.4798,7.8892,0.0000,0.0000,0.9199,-0.3886,0.0529,0.8918,-0.4055,0.2005,0.9050,-0.4073,0.1226,0.1941,-0.0334,0.2341,Dark,
9.8103,6.5136,7.8821,0.0000,0.0000,0.9018,-0.4196,0.1037,0.8667,-0.4333,0.2472,0.8832,-0.4364,0.1719,0.1943,-0.0333,0.2343,Dark,
9.8214,6.5390,7.8882,0.0000,0.0000,0.8675,-0.4630,0.1819,0.8186,-0.4716,0.3279,0.8417,-0.4777,0.2518,0.1943,-0.0333,0.2342,Dark,
9.8327,6.5345,7.8742,0.0000,0.0000,0.8546,-0.4765,0.2062,0.8001,-0.4832,0.3554,0.8259,-0.4905,0.2779,0.1944,-0.0334,0.2342,Dark,
9.8437,6.5183,7.8664,0.0000,0.0000,0.8450,-0.4857,0.2236,0.7863,-0.4908,0.3753,0.8141,-0.4993,0.2967,0.1944,-0.0334,0.2342,Dark,
9.8547,6.4989,7.8807,0.0000,0.0000,0.8322,-0.4975,0.2449,0.7663,-0.5004,0.4029,0.7976,-0.5106,0.3212,0.1945,-0.0334,0.2345,Dark,
9.8660,6.4942,7.8817,0.0000,0.0000,0.8320,-0.4978,0.2449,0.7641,-0.5007,0.4068,0.7964,-0.5113,0.3231,0.1945,-0.0334,0.2345,Dark,
9.8774,6.4892,7.8832,0.0000,0.0000,0.8309,-0.4989,0.2463,0.7610,-0.5015,0.4116,0.7943,-0.5125,0.3263,0.1944,-0.0334,0.2346,Dark,
9.8883,6.4869,7.8925,0.0000,0.0000,0.8332,-0.4970,0.2425,0.7601,-0.4998,0.4153,0.7950,-0.5114,0.3261,0.1946,-0.0333,0.2348,Dark,
9.8995,6.4881,7.8801,0.0000,0.0000,0.8319,-0.4983,0.2444,0.7566,-0.5007,0.4205,0.7927,-0.5128,0.3297,0.1946,-0.0332,0.2349,Dark,
9.9105,6.4904,7.8607,0.0000,0.0000,0.8374,-0.4943,0.2332,0.7607,-0.4978,0.4165,0.7977,-0.5100,0.3220,0.1946,-0.0331,0.2350,Dark,
9.9217,6.4911,7.8534,0.0000,0.0000,0.8383,-0.4936,0.2316,0.7604,-0.4972,0.4178,0.7980,-0.5095,0.3218,0.1945,-0.0331,0.2350,Dark,
9.9329,6.4912,7.8660,0.0000,0.0000,0.8394,-0.4923,0.2305,0.7602,-0.4960,0.4195,0.7985,-0.5086,0.3221,0.1945,-0.0330,0.2352,Dark,
9.9441,6.5054,7.8727,0.0000,0.0000,0.8409,-0.4909,0.2279,0.7596,-0.4949,0.4219,0.7991,-0.5078,0.3220,0.1944,-0.0330,0.2353,Dark,
9.9550,6.5002,7.8674,0.0000,0.0000,0.8419,-0.4898,0.2264,0.7597,-0.4941,0.4227,0.7997,-0.5070,0.3215,0.1945,-0.0328,0.2357,Dark,
9.9662,6.4955,7.8673,0.0000,0.0000,0.8418,-0.4897,0.2272,0.7583,-0.4938,0.4255,0.7990,-0.5070,0.3234,0.1944,-0.0328,0.2359,Dark,
9.9773,6.5151,7.8740,0.0000,0.0000,0.8428,-0.4884,0.2261,0.7576,-0.4926,0.4282,0.7992,-0.5062,0.3241,0.1944,-0.0327,0.2360,Dark,
9.9887,6.5092,7.8821,0.0000,0.0000,0.8464,-0.4843,0.2214,0.7614,-0.4890,0.4256,0.8030,-0.5025,0.3204,0.1946,-0.0326,0.2365,Dark,
9.9996,6.5046,7.8918,0.0000,0.0000,0.8491,-0.4811,0.2180,0.7640,-0.4864,0.4241,0.8057,-0.4997,0.3179,0.1945,-0.0326,0.2367,Dark,
10.0107,6.5268,7.9050,0.0000,0.0000,0.8555,-0.4735,0.2093,0.7707,-0.4800,0.4191,0.8126,-0.4930,0.3109,0.1945,-0.0325,0.2371,Dark,
10.0219,6.5332,7.9090,0.0000,0.0000,0.8579,-0.4706,0.2064,0.7730,-0.4776,0.4177,0.8149,-0.4905,0.3087,0.1945,-0.0325,0.2374,Dark,
10.0330,6.5391,7.9075,0.0000,0.0000,0.8601,-0.4678,0.2036,0.7751,-0.4753,0.4162,0.8172,-0.4880,0.3065,0.1943,-0.0325,0.2376,Dark,
10.0445,6.5272,7.9098,0.0000,0.0000,0.8631,-0.4640,0.1992,0.7781,-0.4723,0.4142,0.8204,-0.4848,0.3032,0.1942,-0.0325,0.2378,Dark,
10.0552,6.5236,7.9129,0.0000,0.0000,0.8644,-0.4621,0.1983,0.7791,-0.4706,0.4142,0.8216,-0.4831,0.3027,0.1942,-0.0324,0.2383,Dark,
10.0667,6.5212,7.9252,0.0000,0.0000,0.8658,-0.4599,0.1973,0.7803,-0.4687,0.4142,0.8229,-0.4811,0.3022,0.1941,-0.0324,0.2386,Dark,
10.0779,6.5252,7.9438,0.0000,0.0000,0.8689,-0.4556,0.1935,0.7836,-0.4650,0.4121,0.8263,-0.4773,0.2992,0.1941,-0.0322,0.2390,Dark,
10.0887,6.5282,7.9255,0.0000,0.0000,0.8701,-0.4536,0.1928,0.7846,-0.4632,0.4120,0.8275,-0.4755,0.2987,0.1940,-0.0322,0.2393,Dark,
10.1000,6.5276,7.9154,0.0000,0.0000,0.8694,-0.4541,0.1948,0.7831,-0.4636,0.4144,0.8264,-0.4760,0.3009,0.1938,-0.0322,0.2395,Dark,
10.1109,6.5311,7.8991,0.0000,0.0000,0.8721,-0.4502,0.1915,0.7862,-0.4604,0.4123,0.8293,-0.4725,0.2982,0.1936,-0.0321,0.2398,Dark,
10.1221,6.5394,7.9008,0.0000,0.0000,0.8714,-0.4508,0.1935,0.7848,-0.4608,0.4144,0.8283,-0.4730,0.3002,0.1936,-0.0321,0.2402,Dark,
10.1334,6.5463,7.9129,0.0000,0.0000,0.8726,-0.4488,0.1929,0.7860,-0.4591,0.4141,0.8296,-0.4712,0.2997,0.1934,-0.0320,0.2404,Dark,
10.1443,6.5672,7.9342,0.0000,0.0000,0.8748,-0.4454,0.1905,0.7885,-0.4561,0.4125,0.8320,-0.4681,0.2977,0.1934,-0.0319,0.2408,Dark,
10.1555,6.5737,7.9403,0.0000,0.0000,0.8757,-0.4438,0.1904,0.7893,-0.4547,0.4126,0.8329,-0.4666,0.2976,0.1932,-0.0319,0.2411,Dark,
10.1667,6.5770,7.9440,0.0000,0.0000,0.8764,-0.4424,0.1905,0.7899,-0.4535,0.4128,0.8336,-0.4653,0.2978,0.1930,-0.0318,0.2414,Dark,
10.1777,6.5830,7.9248,0.0000,0.0000,0.8775,-0.4403,0.1898,0.7911,-0.4517,0.4124,0.8348,-0.4634,0.2972,0.1930,-0.0317,0.2419,Dark,
10.1889,6.5858,7.9196,0.0000,0.0000,0.8780,-0.4387,0.1915,0.7912,-0.4502,0.4140,0.8351,-0.4618,0.2988,0.1927,-0.0316,0.2424,Dark,
10.2003,6.5745,7.9158,0.0000,0.0000,0.8782,-0.4370,0.1944,0.7907,-0.4483,0.4168,0.8351,-0.4600,0.3017,0.1923,-0.0314,0.2430,Dark,
10.2111,6.5387,7.9159,0.0000,0.0000,0.8790,-0.4343,0.1970,0.7909,-0.4456,0.4194,0.8356,-0.4573,0.3042,0.1921,-0.0311,0.2439,Dark,
10.2224,6.5258,7.9078,0.0000,0.0000,0.8788,-0.4323,0.2021,0.7896,-0.4434,0.4242,0.8349,-0.4553,0.3092,0.1915,-0.0308,0.2448,Dark,
10.2336,6.5301,7.9007,0.0000,0.0000,0.8778,-0.4310,0.2092,0.7868,-0.4418,0.4311,0.8331,-0.4538,0.3162,0.1907,-0.0304,0.2461,Dark,
10.2447,6.5165,7.8897,0.0000,0.0000,0.8789,-0.4255,0.2155,0.7876,-0.4362,0.4352,0.8342,-0.4481,0.3214,0.1899,-0.0300,0.2474,Dark,
10.2557,6.5009,7.8663,0.0000,0.0000,0.8793,-0.4156,0.2326,0.7839,-0.4256,0.4520,0.8328,-0.4381,0.3385,0.1888,-0.0296,0.2497,Dark,
10.2670,6.4695,7.8011,0.0000,0.0000,0.8745,-0.3961,0.2800,0.7696,-0.4026,0.4956,0.8235,-0.4169,0.3847,0.1873,-0.0294,0.2520,Dark,
10.2782,6.4131,7.7633,0.0000,0.0000,0.8604,-0.3905,0.3276,0.7474,-0.3937,0.5352,0.8052,-0.4094,0.4290,0.1859,-0.0293,0.2548,Dark,
10.2891,6.3693,7.6090,0.0000,0.0000,0.8431,-0.3822,0.3782,0.7175,-0.3819,0.5825,0.7816,-0.3997,0.4788,0.1840,-0.0292,0.2575,Dark,
10.3005,6.1942,7.2385,0.0000,0.0000,0.8251,-0.2907,0.4844,0.6896,-0.2865,0.6651,0.7590,-0.3051,0.5752,0.1818,-0.0291,0.2607,Dark,
10.3114,6.0603,7.0441,0.0000,0.0000,0.7923,-0.2842,0.5399,0.6555,-0.2782,0.7021,0.7249,-0.2966,0.6217,0.1797,-0.0291,0.2642,Dark,
10.3225,5.9574,6.4921,0.0000,0.0183,0.7629,-0.2825,0.5816,0.6278,-0.2755,0.7280,0.6959,-0.2933,0.6555,0.1771,-0.0290,0.2677,Dark,
10.3339,5.5829,6.3172,0.0000,0.0329,0.7046,-0.2758,0.6538,0.5909,-0.2683,0.7608,0.6476,-0.2831,0.7075,0.1741,-0.0290,0.2715,Dark,
10.3449,5.4016,6.5372,0.0000,0.1011,0.6475,-0.2776,0.7097,0.5633,-0.2711,0.7805,0.6049,-0.2820,0.7447,0.1710,-0.0290,0.2755,Dark,
10.3561,5.2665,6.2402,0.0000,0.1285,0.5975,-0.2718,0.7544,0.5285,-0.2660,0.8062,0.5625,-0.2749,0.7797,0.1677,-0.0291,0.2795,Dark,
10.3673,6.5574,5.5477,0.0000,0.1505,0.5813,-0.2605,0.7708,0.5108,-0.2548,0.8211,0.5456,-0.2636,0.7955,0.1639,-0.0291,0.2836,Dark,
10.3783,6.5574,5.2719,0.0000,0.2036,0.5940,-0.2461,0.7659,0.5226,-0.2414,0.8177,0.5581,-0.2498,0.7913,0.1598,-0.0290,0.2879,Dark,
10.3895,6.5574,5.0270,0.0000,0.2360,0.6160,-0.2842,0.7347,0.5446,-0.2803,0.7905,0.5802,-0.2884,0.7617,0.1555,-0.0289,0.2922,Dark,
10.4010,6.5574,7.8665,0.0113,0.2620,0.6729,-0.3472,0.6532,0.6059,-0.3466,0.7161,0.6393,-0.3530,0.6831,0.1510,-0.0287,0.2965,Dark,
10.4116,6.5574,7.8665,0.1708,0.3062,0.6653,-0.3663,0.6506,0.5981,-0.3665,0.7127,0.6317,-0.3725,0.6799,0.1460,-0.0285,0.3011,Dark,
10.4229,6.5574,7.8665,0.2984,0.3097,0.6483,-0.3758,0.6622,0.5800,-0.3762,0.7226,0.6142,-0.3821,0.6905,0.1407,-0.0283,0.3054,Dark,
10.4340,6.5574,7.8665,0.3878,0.3125,0.6261,-0.3884,0.6761,0.5564,-0.3889,0.7343,0.5913,-0.3947,0.7032,0.1353,-0.0281,0.3096,Dark,
10.4450,6.5574,7.8665,0.4592,0.2636,0.5875,-0.3902,0.7089,0.5149,-0.3898,0.7635,0.5513,-0.3960,0.7343,0.1294,-0.0279,0.3137,Dark,
10.4563,6.5574,7.8665,0.4592,0.2109,0.5441,-0.3897,0.7430,0.4684,-0.3883,0.7936,0.5063,-0.3951,0.7665,0.1231,-0.0277,0.3178,Dark,
10.4673,6.5574,4.7729,0.4592,0.1687,0.4465,-0.4140,0.7932,0.3651,-0.4097,0.8359,0.4058,-0.4180,0.8128,0.1166,-0.0274,0.3215,Dark,
10.4784,6.5574,4.9135,0.4592,0.1687,0.3412,-0.4318,0.8349,0.2558,-0.4244,0.8686,0.2983,-0.4342,0.8500,0.1099,-0.0271,0.3250,Dark,
10.4900,5.2721,5.5579,0.2939,0.1687,0.1701,-0.4440,0.8797,0.0963,-0.4332,0.8961,0.1328,-0.4436,0.8863,0.1028,-0.0269,0.3283,Dark,
10.5010,5.3162,5.9455,0.2351,0.1687,0.0755,-0.4436,0.8930,0.0109,-0.4324,0.9016,0.0429,-0.4423,0.8958,0.0955,-0.0266,0.3312,Dark,
10.5122,5.4469,6.4498,0.1881,0.1350,-0.0259,-0.4418,0.8967,-0.0830,-0.4302,0.8989,-0.0548,-0.4398,0.8964,0.0882,-0.0263,0.3339,Dark,
10.5232,5.9419,7.3188,0.1204,0.0864,-0.1285,-0.4400,0.8888,-0.1832,-0.4269,0.8855,-0.1561,-0.4371,0.8857,0.0806,-0.0261,0.3362,Dark,
10.5342,6.1955,7.5965,0.0963,0.0691,-0.1845,-0.4432,0.8772,-0.2431,-0.4284,0.8703,-0.2141,-0.4398,0.8722,0.0729,-0.0258,0.3381,Dark,
10.5458,6.3535,7.7755,0.0770,0.0553,-0.2220,-0.4587,0.8604,-0.2854,-0.4421,0.8503,-0.2539,-0.4547,0.8537,0.0652,-0.0256,0.3397,Dark,
10.5564,6.4678,7.9196,0.0493,0.0354,-0.2355,-0.4745,0.8482,-0.3113,-0.4551,0.8343,-0.2736,-0.4699,0.8392,0.0570,-0.0254,0.3412,Dark,
10.5676,6.4800,7.9331,0.0394,0.0283,-0.2516,-0.4793,0.8408,-0.3344,-0.4587,0.8233,-0.2932,-0.4746,0.8299,0.0491,-0.0252,0.3421,Dark,
10.5788,6.4983,7.9354,0.0316,0.0226,-0.2641,-0.4806,0.8362,-0.3549,-0.4589,0.8146,-0.3096,-0.4759,0.8232,0.0413,-0.0250,0.3426,Dark,
10.5901,6.5328,7.9323,0.0202,0.0145,-0.3422,-0.4854,0.8046,-0.4431,-0.4575,0.7709,-0.3929,-0.4787,0.7852,0.0335,-0.0249,0.3428,Dark,
10.6012,6.5476,7.9324,0.0162,0.0116,-0.3373,-0.4894,0.8042,-0.4485,-0.4609,0.7658,-0.3931,-0.4831,0.7824,0.0258,-0.0249,0.3426,Dark,
10.6122,6.5796,7.9211,0.0129,0.0093,-0.2452,-0.4780,0.8435,-0.3730,-0.4547,0.8088,-0.3087,-0.4754,0.8238,0.0182,-0.0250,0.3422,Dark,
10.6232,6.6227,7.9451,0.0083,0.0059,-0.2869,-0.4885,0.8241,-0.4301,-0.4608,0.7763,-0.3582,-0.4851,0.7977,0.0111,-0.0251,0.3414,Dark,
10.6348,6.6094,7.9546,0.0066,0.0047,-0.2964,-0.4864,0.8219,-0.4485,-0.4588,0.7670,-0.3719,-0.4840,0.7921,0.0039,-0.0252,0.3404,Dark,
10.6458,6.5946,7.9317,0.0053,0.0038,-0.3161,-0.4861,0.8147,-0.4759,-0.4579,0.7509,-0.3953,-0.4842,0.7806,-0.0029,-0.0253,0.3392,Dark,
10.6570,6.5766,7.9000,0.0034,0.0024,-0.3666,-0.4907,0.7904,-0.5394,-0.4568,0.7074,-0.4526,-0.4875,0.7466,-0.0096,-0.0255,0.3378,Dark,
10.6682,6.5906,7.8894,0.0027,0.0019,-0.3801,-0.4931,0.7826,-0.5595,-0.4590,0.6901,-0.4692,-0.4907,0.7343,-0.0160,-0.0258,0.3363,Dark,
10.6791,6.6216,7.8703,0.0022,0.0016,-0.4499,-0.5023,0.7385,-0.6345,-0.4593,0.6217,-0.5424,-0.4968,0.6775,-0.0222,-0.0262,0.3346,Dark,
10.6900,6.6333,7.8799,0.0014,0.0010,-0.4972,-0.5079,0.7034,-0.6806,-0.4599,0.5703,-0.5895,-0.5006,0.6340,-0.0273,-0.0265,0.3323,Dark,
10.7014,6.6582,7.8877,0.0011,0.0008,-0.5398,-0.5124,0.6679,-0.7198,-0.4599,0.5200,-0.6307,-0.5034,0.5906,-0.0330,-0.0270,0.3304,Dark,
10.7127,6.6694,7.8998,0.0009,0.0006,-0.5766,-0.5167,0.6329,-0.7587,-0.4570,0.4643,-0.6694,-0.5054,0.5446,-0.0384,-0.0277,0.3283,Dark,
10.7235,6.6619,7.8983,0.0006,0.0004,-0.5937,-0.5186,0.6152,-0.7761,-0.4571,0.4344,-0.6868,-0.5072,0.5206,-0.0436,-0.0284,0.3261,Dark,
10.7347,6.6582,7.8957,0.0005,0.0003,-0.6064,-0.5186,0.6028,-0.7900,-0.4561,0.4097,-0.7002,-0.5075,0.5021,-0.0486,-0.0291,0.3239,Dark,
10.7461,6.6351,7.8917,0.0004,0.0003,-0.5946,-0.5120,0.6200,-0.7909,-0.4517,0.4129,-0.6949,-0.5039,0.5131,-0.0526,-0.0299,0.3213,Dark,
10.7570,6.6211,7.8789,0.0002,0.0002,-0.5971,-0.5102,0.6190,-0.7950,-0.4524,0.4042,-0.6980,-0.5039,0.5088,-0.0573,-0.0306,0.3189,Dark,
10.7683,6.6048,7.8689,0.0002,0.0001,-0.5924,-0.5049,0.6278,-0.7952,-0.4508,0.4056,-0.6954,-0.5014,0.5147,-0.0617,-0.0314,0.3165,Dark,
10.7795,6.5783,7.8286,0.0001,0.0001,-0.5597,-0.4876,0.6701,-0.7763,-0.4434,0.4480,-0.6686,-0.4901,0.5593,-0.0652,-0.0323,0.3139,Dark,
10.7904,6.5691,7.8265,0.0001,0.0001,-0.5562,-0.4804,0.6781,-0.7717,-0.4417,0.4576,-0.6638,-0.4855,0.5689,-0.0694,-0.0331,0.3115,Dark,
10.8015,6.5601,7.8269,0.0001,0.0001,-0.5476,-0.4702,0.6921,-0.7654,-0.4372,0.4722,-0.6556,-0.4783,0.5843,-0.0735,-0.0340,0.3090,Dark,
10.8128,6.5447,7.8227,0.0001,0.0001,-0.5418,-0.4578,0.7048,-0.7540,-0.4318,0.4950,-0.6459,-0.4684,0.6029,-0.0775,-0.0348,0.3064,Dark,
10.8239,6.5380,7.8224,0.0000,0.0000,-0.5444,-0.4498,0.7080,-0.7463,-0.4291,0.5089,-0.6426,-0.4616,0.6116,-0.0805,-0.0359,0.3034,Dark,
10.8349,6.5243,7.8210,0.0000,0.0000,-0.5652,-0.4594,0.6851,-0.7579,-0.4389,0.4827,-0.6588,-0.4709,0.5867,-0.0843,-0.0368,0.3007,Dark,
10.8461,6.5096,7.8129,0.0000,0.0000,-0.5796,-0.4642,0.6697,-0.7561,-0.4468,0.4783,-0.6647,-0.4754,0.5763,-0.0881,-0.0377,0.2980,Dark,
10.8573,6.5073,7.8606,0.0000,0.0000,-0.5938,-0.4622,0.6587,-0.7611,-0.4464,0.4706,-0.6742,-0.4734,0.5669,-0.0918,-0.0385,0.2952,Dark,
10.8685,6.5330,7.9005,0.0000,0.0000,-0.6118,-0.4642,0.6404,-0.7693,-0.4491,0.4543,-0.6873,-0.4751,0.5494,-0.0955,-0.0394,0.2924,Dark,
10.8795,6.5667,7.9165,0.0000,0.0000,-0.6417,-0.4736,0.6033,-0.7874,-0.4566,0.4142,-0.7116,-0.4830,0.5103,-0.0977,-0.0405,0.2893,Dark,
10.8907,6.5745,7.9325,0.0000,0.0000,-0.6630,-0.4828,0.5721,-0.8026,-0.4637,0.3753,-0.7300,-0.4914,0.4750,-0.1010,-0.0415,0.2864,Dark,
10.9017,6.5921,7.9415,0.0000,0.0000,-0.6867,-0.4974,0.5301,-0.8164,-0.4755,0.3277,-0.7490,-0.5044,0.4297,-0.1041,-0.0425,0.2834,Dark,
10.9129,6.6249,7.9292,0.0000,0.0000,-0.7239,-0.5304,0.4413,-0.8375,-0.4986,0.2233,-0.7786,-0.5328,0.3315,-0.1060,-0.0434,0.2803,Dark,
10.9240,6.6422,7.9462,0.0000,0.0000,-0.7440,-0.5454,0.3860,-0.8475,-0.5071,0.1569,-0.7938,-0.5450,0.2698,-0.1090,-0.0442,0.2773,Dark,
10.9352,6.6533,7.9593,0.0000,0.0000,-0.7599,-0.5547,0.3389,-0.8533,-0.5111,0.1029,-0.8048,-0.5519,0.2185,-0.1118,-0.0450,0.2744,Dark,
10.9461,6.6487,7.9437,0.0000,0.0000,-0.7659,-0.5597,0.3163,-0.8565,-0.5118,0.0665,-0.8096,-0.5558,0.1886,-0.1138,-0.0457,0.2718,Dark,
10.9573,6.6376,7.9327,0.0000,0.0000,-0.7705,-0.5603,0.3039,-0.8585,-0.5107,0.0457,-0.8131,-0.5562,0.1719,-0.1165,-0.0464,0.2690,Dark,
10.9686,6.6149,7.8992,0.0000,0.0000,-0.7718,-0.5564,0.3079,-0.8615,-0.5064,0.0366,-0.8155,-0.5534,0.1695,-0.1191,-0.0469,0.2662,Dark,
10.9801,6.5966,7.8821,0.0000,0.0000,-0.7721,-0.5488,0.3206,-0.8642,-0.5014,0.0424,-0.8171,-0.5479,0.1796,-0.1213,-0.0474,0.2634,Dark,
10.9908,6.5831,7.8848,0.0000,0.0000,-0.7751,-0.5442,0.3211,-0.8662,-0.4982,0.0374,-0.8197,-0.5445,0.1777,-0.1238,-0.0479,0.2606,Dark,
11.0020,6.5759,7.8950,0.0000,0.0000,-0.7743,-0.5334,0.3405,-0.8697,-0.4910,0.0498,-0.8212,-0.5364,0.1947,-0.1263,-0.0483,0.2579,Dark,
11.0130,6.5852,7.9012,0.0000,0.0000,-0.7782,-0.5256,0.3439,-0.8734,-0.4845,0.0492,-0.8252,-0.5296,0.1966,-0.1279,-0.0486,0.2553,Dark,
11.0243,6.5940,7.8969,0.0000,0.0000,-0.7811,-0.5201,0.3455,-0.8754,-0.4808,0.0504,-0.8276,-0.5250,0.1985,-0.1301,-0.0490,0.2527,Dark,
11.0354,6.5848,7.9047,0.0000,0.0000,-0.7790,-0.5093,0.3659,-0.8773,-0.4744,0.0720,-0.8273,-0.5165,0.2207,-0.1322,-0.0495,0.2501,Dark,
11.0464,6.5914,7.9160,0.0000,0.0000,-0.7824,-0.5027,0.3676,-0.8800,-0.4694,0.0733,-0.8304,-0.5108,0.2227,-0.1337,-0.0496,0.2474,Dark,
11.0578,6.5965,7.9099,0.0000,0.0000,-0.7863,-0.4989,0.3645,-0.8811,-0.4672,0.0735,-0.8327,-0.5074,0.2216,-0.1356,-0.0499,0.2448,Dark,
11.0691,6.5688,7.9252,0.0000,0.0000,-0.7904,-0.4984,0.3562,-0.8809,-0.4682,0.0697,-0.8345,-0.5071,0.2157,-0.1375,-0.0501,0.2420,Dark,
11.0799,6.6047,7.9409,0.0000,0.0000,-0.7980,-0.4979,0.3394,-0.8823,-0.4675,0.0552,-0.8389,-0.5061,0.2000,-0.1390,-0.0501,0.2393,Dark,
11.0914,6.6344,7.9537,0.0000,0.0000,-0.8088,-0.5033,0.3041,-0.8831,-0.4689,0.0157,-0.8450,-0.5097,0.1619,-0.1408,-0.0502,0.2367,Dark,
11.1024,6.6291,7.9741,0.0000,0.0000,-0.8117,-0.4952,0.3097,-0.8858,-0.4634,0.0249,-0.8477,-0.5025,0.1699,-0.1426,-0.0502,0.2340,Dark,
11.1137,6.6266,7.9564,0.0000,0.0000,-0.8198,-0.5050,0.2699,-0.8835,-0.4679,-0.0225,-0.8509,-0.5102,0.1254,-0.1439,-0.0501,0.2315,Dark,
11.1245,6.6085,7.9381,0.0000,0.0000,-0.8263,-0.5197,0.2169,-0.8759,-0.4759,-0.0791,-0.8504,-0.5216,0.0693,-0.1456,-0.0501,0.2290,Dark,
11.1356,6.6206,7.9559,0.0000,0.0000,-0.8221,-0.5687,0.0254,-0.8249,-0.4953,-0.2724,-0.8218,-0.5551,-0.1288,-0.1471,-0.0501,0.2267,Dark,
11.1468,6.6303,7.9712,0.0000,0.0000,-0.8268,-0.5590,0.0630,-0.8362,-0.4897,-0.2469,-0.8304,-0.5488,-0.0962,-0.1484,-0.0503,0.2245,Dark,
11.1579,6.6310,7.9801,0.0000,0.0000,-0.8239,-0.5667,-0.0025,-0.8161,-0.4865,-0.3120,-0.8184,-0.5508,-0.1635,-0.1497,-0.0503,0.2224,Dark,
11.1690,6.6362,7.9927,0.0000,0.0000,-0.8204,-0.5711,-0.0273,-0.8041,-0.4842,-0.3448,-0.8107,-0.5526,-0.1934,-0.1509,-0.0503,0.2204,Dark,
11.1803,6.6377,7.9950,0.0000,0.0000,-0.8177,-0.5732,-0.0538,-0.7931,-0.4814,-0.3732,-0.8035,-0.5525,-0.2216,-0.1518,-0.0503,0.2186,Dark,
11.1915,6.6438,7.9953,0.0000,0.0000,-0.8217,-0.5676,-0.0524,-0.7944,-0.4753,-0.3782,-0.8065,-0.5473,-0.2235,-0.1530,-0.0501,0.2168,Dark,
11.2024,6.6428,7.9843,0.0000,0.0000,-0.8214,-0.5665,-0.0663,-0.7873,-0.4700,-0.3992,-0.8030,-0.5448,-0.2417,-0.1541,-0.0497,0.2151,Dark,
11.2139,6.6364,7.9865,0.0000,0.0000,-0.8264,-0.5601,-0.0579,-0.7916,-0.4644,-0.3972,-0.8081,-0.5395,-0.2364,-0.1552,-0.0493,0.2135,Dark,
11.2249,6.6125,7.9786,0.0000,0.0000,-0.8331,-0.5521,-0.0321,-0.8014,-0.4588,-0.3836,-0.8173,-0.5341,-0.2161,-0.1564,-0.0490,0.2120,Dark,
11.2360,6.6076,7.9709,0.0000,0.0000,-0.8383,-0.5451,-0.0116,-0.8097,-0.4550,-0.3707,-0.8247,-0.5295,-0.1986,-0.1575,-0.0486,0.2106,Dark,
11.2469,6.6051,7.9670,0.0000,0.0000,-0.8409,-0.5411,-0.0097,-0.8112,-0.4521,-0.3710,-0.8270,-0.5264,-0.1976,-0.1584,-0.0481,0.2094,Dark,
11.2581,6.6255,7.9584,0.0000,0.0000,-0.8437,-0.5368,0.0051,-0.8165,-0.4504,-0.3612,-0.8315,-0.5240,-0.1845,-0.1595,-0.0477,0.2081,Dark,
11.2692,6.6287,7.9553,0.0000,0.0000,-0.8458,-0.5334,0.0084,-0.8184,-0.4479,-0.3599,-0.8338,-0.5213,-0.1819,-0.1603,-0.0472,0.2070,Dark,
11.2806,6.6305,7.9625,0.0000,0.0000,-0.8475,-0.5307,0.0082,-0.8197,-0.4461,-0.3594,-0.8353,-0.5189,-0.1815,-0.1613,-0.0469,0.2060,Dark,
11.2915,6.6280,7.9685,0.0000,0.0000,-0.8490,-0.5283,0.0089,-0.8206,-0.4444,-0.3594,-0.8367,-0.5170,-0.1809,-0.1622,-0.0466,0.2049,Dark,
11.3030,6.6356,7.9789,0.0000,0.0000,-0.8502,-0.5263,0.0119,-0.8224,-0.4442,-0.3555,-0.8382,-0.5159,-0.1770,-0.1631,-0.0464,0.2040,Dark,
11.3139,6.6452,7.9855,0.0000,0.0000,-0.8517,-0.5239,0.0104,-0.8230,-0.4430,-0.3556,-0.8393,-0.5139,-0.1776,-0.1639,-0.0460,0.2031,Dark,
11.3250,6.6595,7.9901,0.0000,0.0000,-0.8531,-0.5216,0.0096,-0.8234,-0.4416,-0.3563,-0.8403,-0.5120,-0.1782,-0.1648,-0.0457,0.2022,Dark,
11.3361,6.6562,8.0127,0.0000,0.0000,-0.8547,-0.5191,-0.0021,-0.8213,-0.4387,-0.3647,-0.8399,-0.5090,-0.1885,-0.1657,-0.0455,0.2014,Dark,
11.3471,6.6419,7.9467,0.0000,0.0000,-0.8555,-0.5169,-0.0294,-0.8126,-0.4319,-0.3914,-0.8358,-0.5044,-0.2167,-0.1666,-0.0451,0.2005,Dark,
11.3585,6.5554,7.8299,0.0000,0.0000,-0.8493,-0.5149,-0.1170,-0.7810,-0.4167,-0.4653,-0.8155,-0.4944,-0.3010,-0.1674,-0.0448,0.1998,Dark,
11.3695,6.5225,7.7820,0.0000,0.0000,-0.8472,-0.5093,-0.1515,-0.7691,-0.4071,-0.4927,-0.8079,-0.4862,-0.3331,-0.1682,-0.0446,0.1990,Dark,
11.3805,6.4995,7.7789,0.0000,0.0000,-0.8472,-0.5036,-0.1693,-0.7621,-0.3982,-0.5105,-0.8043,-0.4789,-0.3518,-0.1688,-0.0442,0.1983,Dark,
11.3917,6.4724,7.7990,0.0000,0.0000,-0.8460,-0.4972,-0.1926,-0.7516,-0.3871,-0.5340,-0.7981,-0.4703,-0.3766,-0.1695,-0.0440,0.1977,Dark,
11.4028,6.4770,7.8103,0.0000,0.0000,-0.8463,-0.4950,-0.1965,-0.7490,-0.3838,-0.5401,-0.7970,-0.4678,-0.3820,-0.1702,-0.0438,0.1971,Dark,
11.4140,6.4813,7.8271,0.0000,0.0000,-0.8461,-0.4918,-0.2056,-0.7446,-0.3789,-0.5496,-0.7946,-0.4638,-0.3918,-0.1708,-0.0437,0.1965,Dark,
11.4254,6.4926,7.8344,0.0000,0.0000,-0.8477,-0.4897,-0.2039,-0.7437,-0.3758,-0.5528,-0.7952,-0.4618,-0.3930,-0.1714,-0.0437,0.1959,Dark,
11.4364,6.4877,7.8315,0.0000,0.0000,-0.8477,-0.4899,-0.2036,-0.7424,-0.3757,-0.5547,-0.7946,-0.4620,-0.3939,-0.1720,-0.0435,0.1953,Dark,
11.4474,6.4825,7.8456,0.0000,0.0000,-0.8481,-0.4887,-0.2046,-0.7412,-0.3743,-0.5573,-0.7943,-0.4609,-0.3958,-0.1725,-0.0435,0.1948,Dark,
11.4586,6.4665,7.8615,0.0000,0.0000,-0.8490,-0.4899,-0.1979,-0.7419,-0.3753,-0.5557,-0.7953,-0.4626,-0.3917,-0.1731,-0.0435,0.1943,Dark,
11.4697,6.4661,7.8653,0.0000,0.0000,-0.8490,-0.4907,-0.1959,-0.7413,-0.3762,-0.5558,-0.7952,-0.4636,-0.3908,-0.1736,-0.0433,0.1938,Dark,
11.4808,6.4670,7.8780,0.0000,0.0000,-0.8490,-0.4899,-0.1978,-0.7396,-0.3754,-0.5586,-0.7943,-0.4630,-0.3933,-0.1742,-0.0433,0.1932,Dark,
11.4925,6.5060,7.8933,0.0000,0.0000,-0.8494,-0.4905,-0.1945,-0.7393,-0.3763,-0.5584,-0.7946,-0.4641,-0.3915,-0.1747,-0.0432,0.1926,Dark,
11.5032,6.5174,7.8986,0.0000,0.0000,-0.8491,-0.4899,-0.1973,-0.7374,-0.3756,-0.5615,-0.7934,-0.4635,-0.3946,-0.1752,-0.0432,0.1921,Dark,
11.5145,6.5244,7.9051,0.0000,0.0000,-0.8497,-0.4899,-0.1950,-0.7373,-0.3759,-0.5614,-0.7938,-0.4639,-0.3934,-0.1756,-0.0432,0.1916,Dark,
11.5254,6.5217,7.8978,0.0000,0.0000,-0.8495,-0.4898,-0.1961,-0.7361,-0.3759,-0.5629,-0.7931,-0.4639,-0.3947,-0.1760,-0.0433,0.1911,Dark,
11.5367,6.5267,7.8917,0.0000,0.0000,-0.8494,-0.4899,-0.1964,-0.7354,-0.3759,-0.5638,-0.7927,-0.4640,-0.3954,-0.1764,-0.0433,0.1908,Dark,
11.5477,6.5316,7.9025,0.0000,0.0000,-0.8491,-0.4903,-0.1965,-0.7348,-0.3763,-0.5644,-0.7923,-0.4645,-0.3957,-0.1767,-0.0434,0.1904,Dark,
11.5588,6.5372,7.9253,0.0000,0.0000,-0.8492,-0.4897,-0.1974,-0.7342,-0.3758,-0.5654,-0.7920,-0.4640,-0.3967,-0.1771,-0.0435,0.1901,Dark,
11.5700,6.5364,7.9365,0.0000,0.0000,-0.8490,-0.4907,-0.1960,-0.7339,-0.3773,-0.5648,-0.7918,-0.4654,-0.3956,-0.1774,-0.0434,0.1898,Dark,
11.5811,6.5347,7.9345,0.0000,0.0000,-0.8487,-0.4908,-0.1969,-0.7331,-0.3778,-0.5656,-0.7912,-0.4656,-0.3964,-0.1777,-0.0435,0.1895,Dark,
11.5923,6.5229,7.9245,0.0000,0.0000,-0.8489,-0.4901,-0.1979,-0.7328,-0.3773,-0.5663,-0.7912,-0.4650,-0.3973,-0.1780,-0.0436,0.1893,Dark,
11.6034,6.5426,7.9193,0.0000,0.0000,-0.8490,-0.4898,-0.1981,-0.7328,-0.3772,-0.5664,-0.7912,-0.4648,-0.3975,-0.1782,-0.0436,0.1892,Dark,
11.6145,6.5940,7.9282,0.0000,0.0000,-0.8503,-0.4873,-0.1987,-0.7339,-0.3749,-0.5663,-0.7925,-0.4624,-0.3977,-0.1785,-0.0436,0.1891,Dark,
11.6259,6.6218,7.9100,0.0000,0.0000,-0.8525,-0.4811,-0.2044,-0.7341,-0.3683,-0.5705,-0.7936,-0.4558,-0.4030,-0.1787,-0.0437,0.1891,Dark,
11.6370,6.6430,7.8944,0.0000,0.0000,-0.8512,-0.4857,-0.1988,-0.7346,-0.3731,-0.5668,-0.7933,-0.4607,-0.3982,-0.1790,-0.0438,0.1891,Dark,
11.6480,6.5915,7.7900,0.0000,0.0000,-0.8485,-0.4431,-0.2894,-0.7092,-0.3245,-0.6259,-0.7769,-0.4122,-0.4759,-0.1792,-0.0439,0.1891,Dark,
11.6590,6.5620,7.7650,0.0000,0.0000,-0.8496,-0.4385,-0.2931,-0.7083,-0.3197,-0.6293,-0.7770,-0.4075,-0.4798,-0.1794,-0.0440,0.1890,Dark,
11.6703,6.5368,7.7492,0.0000,0.0000,-0.8512,-0.4480,-0.2734,-0.7136,-0.3297,-0.6181,-0.7810,-0.4180,-0.4640,-0.1795,-0.0439,0.1890,Dark,
11.6816,6.5294,7.7268,0.0000,0.0000,-0.8502,-0.4316,-0.3015,-0.7057,-0.3121,-0.6360,-0.7758,-0.4001,-0.4879,-0.1797,-0.0439,0.1890,Dark,
11.6925,6.5343,7.7187,0.0000,0.0000,-0.8504,-0.4298,-0.3034,-0.7053,-0.3099,-0.6376,-0.7756,-0.3981,-0.4898,-0.1799,-0.0439,0.1890,Dark,
11.7036,6.5391,7.7110,0.0000,0.0000,-0.8497,-0.4273,-0.3090,-0.7037,-0.3071,-0.6407,-0.7743,-0.3952,-0.4942,-0.1801,-0.0440,0.1890,Dark,
11.7147,6.5427,7.7151,0.0000,0.0000,-0.8484,-0.4195,-0.3229,-0.6997,-0.2990,-0.6489,-0.7712,-0.3868,-0.5056,-0.1801,-0.0440,0.1891,Dark,
11.7263,6.5420,7.7199,0.0000,0.0000,-0.8479,-0.4174,-0.3269,-0.6982,-0.2966,-0.6515,-0.7701,-0.3844,-0.5091,-0.1802,-0.0441,0.1892,Dark,
11.7370,6.5373,7.7254,0.0000,0.0000,-0.8474,-0.4166,-0.3292,-0.6972,-0.2959,-0.6529,-0.7692,-0.3836,-0.5111,-0.1802,-0.0442,0.1893,Dark,
11.7485,6.5439,7.7619,0.0000,0.0000,-0.8484,-0.4265,-0.3136,-0.7010,-0.3057,-0.6443,-0.7720,-0.3940,-0.4987,-0.1803,-0.0442,0.1893,Dark,
11.7597,6.5594,7.7699,0.0000,0.0000,-0.8486,-0.4253,-0.3147,-0.7008,-0.3048,-0.6450,-0.7720,-0.3930,-0.4997,-0.1804,-0.0442,0.1894,Dark,
11.7703,6.5723,7.7755,0.0000,0.0000,-0.8476,-0.4178,-0.3271,-0.6973,-0.2971,-0.6523,-0.7694,-0.3849,-0.5098,-0.1805,-0.0441,0.1894,Dark,
11.7815,6.5824,7.7816,0.0000,0.0000,-0.8485,-0.4187,-0.3236,-0.6988,-0.2981,-0.6502,-0.7707,-0.3860,-0.5070,-0.1805,-0.0440,0.1895,Dark,
11.7930,6.5802,7.7840,0.0000,0.0000,-0.8491,-0.4195,-0.3210,-0.7000,-0.2989,-0.6486,-0.7716,-0.3868,-0.5049,-0.1806,-0.0440,0.1896,Dark,
11.8041,6.5732,7.7870,0.0000,0.0000,-0.8498,-0.4209,-0.3172,-0.7015,-0.3006,-0.6462,-0.7729,-0.3885,-0.5017,-0.1806,-0.0440,0.1897,Dark,
11.8154,6.5629,7.7860,0.0000,0.0000,-0.8506,-0.4213,-0.3146,-0.7026,-0.3014,-0.6446,-0.7739,-0.3892,-0.4995,-0.1806,-0.0439,0.1898,Dark,
11.8264,6.5614,7.7827,0.0000,0.0000,-0.8513,-0.4211,-0.3129,-0.7038,-0.3013,-0.6434,-0.7749,-0.3891,-0.4981,-0.1807,-0.0439,0.1900,Dark,
11.8375,6.5574,7.7797,0.0000,0.0000,-0.8522,-0.4210,-0.3107,-0.7054,-0.3011,-0.6416,-0.7763,-0.3889,-0.4961,-0.1807,-0.0438,0.1902,Dark,
11.8486,6.5570,7.7837,0.0000,0.0000,-0.8534,-0.4208,-0.3078,-0.7077,-0.3006,-0.6394,-0.7781,-0.3886,-0.4935,-0.1807,-0.0438,0.1906,Dark,
11.8595,6.5592,7.7906,0.0000,0.0000,-0.8542,-0.4211,-0.3050,-0.7095,-0.3008,-0.6373,-0.7794,-0.3889,-0.4912,-0.1806,-0.0438,0.1910,Dark,
11.8707,6.5599,7.7963,0.0000,0.0000,-0.8550,-0.4215,-0.3023,-0.7111,-0.3013,-0.6352,-0.7807,-0.3893,-0.4888,-0.1805,-0.0439,0.1914,Dark,
11.8818,6.5546,7.7877,0.0000,0.0000,-0.8564,-0.4211,-0.2986,-0.7134,-0.3012,-0.6327,-0.7827,-0.3892,-0.4857,-0.1805,-0.0438,0.1919,Dark,
11.8930,6.5491,7.7789,0.0000,0.0000,-0.8577,-0.4205,-0.2958,-0.7156,-0.3007,-0.6304,-0.7845,-0.3887,-0.4832,-0.1806,-0.0437,0.1926,Dark,
11.9045,6.5811,7.7637,0.0000,0.0000,-0.8592,-0.4197,-0.2926,-0.7184,-0.2997,-0.6277,-0.7868,-0.3877,-0.4803,-0.1805,-0.0436,0.1933,Dark,
11.9153,6.5828,7.7583,0.0000,0.0000,-0.8610,-0.4194,-0.2877,-0.7222,-0.2993,-0.6235,-0.7896,-0.3874,-0.4758,-0.1805,-0.0436,0.1943,Dark,
11.9267,6.5837,7.7601,0.0000,0.0000,-0.8629,-0.4195,-0.2817,-0.7269,-0.2989,-0.6183,-0.7931,-0.3871,-0.4703,-0.1805,-0.0435,0.1956,Dark,
11.9375,6.5547,7.7497,0.0000,0.0000,-0.8651,-0.4193,-0.2754,-0.7320,-0.2983,-0.6125,-0.7968,-0.3867,-0.4643,-0.1804,-0.0435,0.1972,Dark,
11.9488,6.5416,7.7392,0.0000,0.0000,-0.8682,-0.4201,-0.2641,-0.7395,-0.2995,-0.6028,-0.8023,-0.3877,-0.4539,-0.1802,-0.0435,0.1993,Dark,
11.9604,6.5328,7.7391,0.0000,0.0000,-0.8717,-0.4213,-0.2505,-0.7479,-0.3017,-0.5913,-0.8085,-0.3894,-0.4413,-0.1800,-0.0435,0.2018,Dark,
11.9710,6.5290,7.7393,0.0000,0.0000,-0.8752,-0.4224,-0.2357,-0.7569,-0.3040,-0.5785,-0.8150,-0.3912,-0.4274,-0.1796,-0.0434,0.2045,Dark,
11.9823,6.5279,7.7185,0.0000,0.0000,-0.8791,-0.4237,-0.2184,-0.7671,-0.3064,-0.5636,-0.8224,-0.3931,-0.4113,-0.1792,-0.0434,0.2077,Dark,
11.9935,6.5281,7.7419,0.0000,0.0000,-0.8827,-0.4264,-0.1977,-0.7790,-0.3103,-0.5449,-0.8304,-0.3964,-0.3915,-0.1786,-0.0435,0.2113,Dark,
12.0048,6.5129,7.7070,0.0000,0.0000,-0.8873,-0.4300,-0.1665,-0.7955,-0.3165,-0.5167,-0.8417,-0.4013,-0.3612,-0.1777,-0.0437,0.2153,Dark,
12.0155,6.4603,7.6617,0.0000,0.0000,-0.8895,-0.4400,-0.1235,-0.8123,-0.3283,-0.4820,-0.8521,-0.4129,-0.3218,-0.1769,-0.0439,0.2194,Dark,
12.0272,6.4170,7.6333,0.0000,0.0000,-0.8898,-0.4526,-0.0579,-0.8360,-0.3467,-0.4252,-0.8654,-0.4291,-0.2588,-0.1757,-0.0442,0.2239,Dark,
12.0377,6.3385,7.4872,0.0000,0.0000,-0.8959,-0.4413,0.0507,-0.8775,-0.3502,-0.3276,-0.8918,-0.4262,-0.1517,-0.1744,-0.0445,0.2285,Dark,
12.0492,6.2311,7.3918,0.0000,0.0000,-0.8932,-0.4332,0.1202,-0.8995,-0.3508,-0.2605,-0.9025,-0.4229,-0.0811,-0.1729,-0.0447,0.2336,Dark,
12.0604,6.1474,7.0678,0.0000,0.0000,-0.8872,-0.4127,0.2065,-0.9248,-0.3474,-0.1551,-0.9122,-0.4094,0.0192,-0.1711,-0.0450,0.2387,Dark,
12.0717,5.5735,6.5783,0.0000,0.0000,-0.8718,-0.3983,0.2852,-0.9344,-0.3561,-0.0129,-0.9062,-0.4010,0.1346,-0.1691,-0.0452,0.2436,Dark,
12.0825,5.0984,6.4171,0.0000,0.0000,-0.8588,-0.3760,0.3479,-0.9364,-0.3434,0.0727,-0.9000,-0.3817,0.2104,-0.1670,-0.0454,0.2487,Dark,
12.0935,4.7262,6.4346,0.0000,0.0000,-0.8486,-0.3529,0.3942,-0.9257,-0.3323,0.1806,-0.8876,-0.3594,0.2883,-0.1645,-0.0456,0.2539,Dark,
12.1047,4.9296,6.6783,0.0000,0.0000,-0.8224,-0.3562,0.4437,-0.8815,-0.3479,0.3192,-0.8505,-0.3616,0.3820,-0.1618,-0.0458,0.2588,Dark,
12.1161,5.1762,6.8404,0.0000,0.0000,-0.7848,-0.3703,0.4969,-0.8482,-0.3652,0.3835,-0.8147,-0.3767,0.4408,-0.1588,-0.0459,0.2640,Dark,
12.1271,5.3924,7.0449,0.0000,0.0000,-0.7500,-0.3963,0.5295,-0.8036,-0.3943,0.4459,-0.7749,-0.4019,0.4879,-0.1555,-0.0459,0.2691,Dark,
12.1380,5.9880,7.3466,0.0000,0.0000,-0.6865,-0.4170,0.5957,-0.7422,-0.4182,0.5237,-0.7122,-0.4236,0.5598,-0.1525,-0.0458,0.2737,Dark,
12.1494,6.1306,7.4537,0.0000,0.0000,-0.6554,-0.3790,0.6534,-0.7119,-0.3810,0.5900,-0.6816,-0.3856,0.6218,-0.1490,-0.0455,0.2786,Dark,
12.1603,6.2647,7.5658,0.0000,0.0000,-0.6083,-0.4272,0.6690,-0.6651,-0.4306,0.6101,-0.6345,-0.4342,0.6394,-0.1454,-0.0453,0.2835,Dark,
12.1719,6.4632,7.6980,0.0000,0.0000,-0.5459,-0.4136,0.7286,-0.5995,-0.4184,0.6823,-0.5707,-0.4207,0.7053,-0.1417,-0.0452,0.2878,Dark,
12.1826,6.5040,7.7449,0.0000,0.0000,-0.4867,-0.4283,0.7614,-0.5358,-0.4339,0.7243,-0.5094,-0.4351,0.7425,-0.1374,-0.0451,0.2925,Dark,
12.1938,6.5357,7.8838,0.0000,0.0000,-0.3864,-0.4596,0.7997,-0.4279,-0.4667,0.7740,-0.4054,-0.4662,0.7863,-0.1330,-0.0450,0.2970,Dark,
12.2049,6.5838,7.9249,0.0000,0.0000,-0.3570,-0.4518,0.8176,-0.3967,-0.4586,0.7952,-0.3752,-0.4581,0.8058,-0.1285,-0.0451,0.3009,Dark,
12.2161,6.6197,7.9993,0.0000,0.0000,-0.2846,-0.4589,0.8417,-0.3221,-0.4665,0.8238,-0.3019,-0.4653,0.8321,-0.1239,-0.0451,0.3048,Dark,
12.2271,6.6265,8.1441,0.0000,0.0000,-0.1932,-0.4629,0.8651,-0.2267,-0.4709,0.8526,-0.2086,-0.4691,0.8581,-0.1193,-0.0450,0.3085,Dark,
12.2382,6.6586,8.1845,0.0000,0.0000,-0.1314,-0.4642,0.8760,-0.1632,-0.4724,0.8662,-0.1460,-0.4704,0.8703,-0.1148,-0.0450,0.3120,Dark,
12.2494,6.6726,8.2067,0.0000,0.0000,-0.0912,-0.4660,0.8801,-0.1220,-0.4742,0.8719,-0.1054,-0.4721,0.8752,-0.1103,-0.0451,0.3147,Dark,
12.2607,6.7153,8.1999,0.0000,0.0000,-0.0630,-0.4723,0.8792,-0.0925,-0.4802,0.8723,-0.0766,-0.4782,0.8749,-0.1058,-0.0452,0.3176,Dark,
12.2717,6.7067,8.1814,0.0000,0.0000,-0.0291,-0.4765,0.8787,-0.0581,-0.4845,0.8729,-0.0425,-0.4824,0.8749,-0.1013,-0.0454,0.3203,Dark,
12.2828,6.6955,8.1051,0.0000,0.0000,-0.0358,-0.4861,0.8732,-0.0654,-0.4938,0.8671,-0.0495,-0.4918,0.8693,-0.0970,-0.0459,0.3226,Dark,
12.2939,6.6796,8.0433,0.0000,0.0000,-0.0191,-0.4949,0.8688,-0.0486,-0.5025,0.8632,-0.0328,-0.5005,0.8651,-0.0929,-0.0462,0.3246,Dark,
12.3051,6.6749,7.9746,0.0000,0.0000,-0.0622,-0.5162,0.8542,-0.0925,-0.5231,0.8473,-0.0763,-0.5215,0.8498,-0.0890,-0.0466,0.3266,Dark,
12.3163,6.6847,7.9383,0.0000,0.0000,-0.0795,-0.5277,0.8457,-0.1102,-0.5340,0.8383,-0.0939,-0.5327,0.8411,-0.0854,-0.0473,0.3282,Dark,
12.3274,6.6481,7.9146,0.0000,0.0000,-0.0998,-0.5406,0.8353,-0.1311,-0.5463,0.8273,-0.1145,-0.5453,0.8304,-0.0820,-0.0479,0.3297,Dark,
12.3386,6.4461,7.9607,0.0000,0.0000,-0.1657,-0.5645,0.8086,-0.2038,-0.5694,0.7964,-0.1836,-0.5693,0.8014,-0.0786,-0.0486,0.3310,Dark,
12.3497,6.3045,7.9200,0.0000,0.0000,-0.2021,-0.5767,0.7916,-0.2439,-0.5806,0.7768,-0.2218,-0.5811,0.7830,-0.0753,-0.0494,0.3318,Dark,
12.3609,6.2320,7.8864,0.0000,0.0000,-0.2176,-0.5894,0.7780,-0.2626,-0.5926,0.7615,-0.2388,-0.5937,0.7684,-0.0722,-0.0503,0.3327,Dark,
12.3723,6.2931,7.8396,0.0000,0.0000,-0.2401,-0.5958,0.7664,-0.2921,-0.5982,0.7462,-0.2647,-0.6002,0.7548,-0.0693,-0.0511,0.3336,Dark,
12.3831,6.3970,7.8685,0.0000,0.0000,-0.2278,-0.6025,0.7649,-0.2840,-0.6052,0.7437,-0.2544,-0.6073,0.7526,-0.0667,-0.0518,0.3344,Dark,
12.3946,6.5086,7.8989,0.0000,0.0000,-0.1969,-0.6094,0.7680,-0.2576,-0.6131,0.7468,-0.2256,-0.6149,0.7556,-0.0645,-0.0524,0.3351,Dark,
12.4053,6.6835,8.0427,0.0000,0.0000,-0.1876,-0.6259,0.7570,-0.2583,-0.6299,0.7325,-0.2211,-0.6322,0.7426,-0.0625,-0.0529,0.3357,Dark,
12.4171,6.7464,8.1036,0.0000,0.0000,-0.1687,-0.6393,0.7502,-0.2451,-0.6440,0.7247,-0.2049,-0.6462,0.7351,-0.0605,-0.0533,0.3366,Dark,
12.4281,6.7794,8.1464,0.0000,0.0000,-0.1397,-0.6571,0.7407,-0.2223,-0.6630,0.7148,-0.1789,-0.6649,0.7252,-0.0588,-0.0537,0.3371,Dark,
12.4389,6.8196,8.2285,0.0000,0.0000,-0.1308,-0.6802,0.7212,-0.2269,-0.6865,0.6908,-0.1763,-0.6890,0.7030,-0.0574,-0.0540,0.3375,Dark,
12.4499,6.8285,8.2377,0.0000,0.0000,-0.1237,-0.6909,0.7122,-0.2275,-0.6974,0.6796,-0.1729,-0.7002,0.6926,-0.0559,-0.0544,0.3383,Dark,
12.4617,6.8043,8.2382,0.0000,0.0000,-0.1179,-0.6989,0.7054,-0.2383,-0.7059,0.6670,-0.1750,-0.7096,0.6825,-0.0549,-0.0546,0.3386,Dark,
12.4726,6.7920,8.2325,0.0000,0.0000,-0.1142,-0.7061,0.6989,-0.2435,-0.7131,0.6574,-0.1756,-0.7173,0.6742,-0.0541,-0.0548,0.3389,Dark,
12.4838,6.7825,8.2382,0.0000,0.0000,-0.1113,-0.7065,0.6989,-0.2503,-0.7137,0.6542,-0.1773,-0.7186,0.6725,-0.0533,-0.0550,0.3394,Dark,
12.4946,6.7935,8.2567,0.0000,0.0000,-0.1068,-0.7011,0.7050,-0.2664,-0.7087,0.6533,-0.1828,-0.7150,0.6748,-0.0527,-0.0552,0.3395,Dark,
12.5062,6.7973,8.2668,0.0000,0.0000,-0.1044,-0.7080,0.6985,-0.2741,-0.7153,0.6428,-0.1852,-0.7225,0.6661,-0.0523,-0.0554,0.3397,Dark,
12.5169,6.8001,8.2701,0.0000,0.0000,-0.1034,-0.7066,0.7000,-0.2839,-0.7137,0.6403,-0.1895,-0.7220,0.6655,-0.0517,-0.0556,0.3401,Dark,
12.5282,6.8097,8.2609,0.0000,0.0000,-0.0989,-0.7006,0.7066,-0.3009,-0.7079,0.6390,-0.1953,-0.7180,0.6680,-0.0514,-0.0559,0.3402,Dark,
12.5394,6.8168,8.2519,0.0000,0.0000,-0.0993,-0.7012,0.7060,-0.3117,-0.7080,0.6337,-0.2008,-0.7193,0.6650,-0.0513,-0.0561,0.3402,Dark,
12.5503,6.8228,8.2484,0.0000,0.0000,-0.1000,-0.7011,0.7060,-0.3227,-0.7074,0.6289,-0.2065,-0.7200,0.6625,-0.0510,-0.0565,0.3404,Dark,
12.5618,6.8272,8.2352,0.0000,0.0000,-0.0977,-0.6995,0.7079,-0.3402,-0.7051,0.6222,-0.2139,-0.7200,0.6602,-0.0510,-0.0568,0.3403,Dark,
12.5727,6.8169,8.2267,0.0000,0.0000,-0.0988,-0.7003,0.7070,-0.3504,-0.7051,0.6165,-0.2195,-0.7213,0.6569,-0.0508,-0.0571,0.3404,Dark,
12.5836,6.8079,8.2253,0.0000,0.0000,-0.0999,-0.7010,0.7062,-0.3602,-0.7050,0.6109,-0.2249,-0.7226,0.6537,-0.0510,-0.0575,0.3403,Dark,
12.5947,6.8087,8.2403,0.0000,0.0000,-0.0985,-0.6999,0.7074,-0.3752,-0.7031,0.6041,-0.2316,-0.7229,0.6510,-0.0513,-0.0578,0.3402,Dark,
12.6060,6.8025,8.2545,0.0000,0.0000,-0.1013,-0.7005,0.7064,-0.3852,-0.7026,0.5983,-0.2379,-0.7238,0.6477,-0.0514,-0.0582,0.3402,Dark,
12.6169,6.7982,8.2900,0.0000,0.0000,-0.1052,-0.7006,0.7058,-0.3956,-0.7015,0.5927,-0.2451,-0.7241,0.6446,-0.0518,-0.0585,0.3401,Dark,
12.6285,6.8323,8.3273,0.0000,0.0000,-0.1129,-0.7081,0.6970,-0.4147,-0.7055,0.5747,-0.2587,-0.7313,0.6311,-0.0523,-0.0588,0.3400,Dark,
12.6393,6.8612,8.3319,0.0000,0.0000,-0.1293,-0.7234,0.6782,-0.4329,-0.7153,0.5486,-0.2765,-0.7442,0.6081,-0.0527,-0.0591,0.3399,Dark,
12.6504,6.8850,8.3637,0.0000,0.0000,-0.1561,-0.7353,0.6595,-0.4632,-0.7183,0.5191,-0.3060,-0.7524,0.5833,-0.0530,-0.0593,0.3400,Dark,
12.6615,6.9205,8.4167,0.0000,0.0000,-0.1774,-0.7543,0.6321,-0.4924,-0.7270,0.4785,-0.3323,-0.7674,0.5483,-0.0536,-0.0595,0.3399,Dark,
12.6727,6.9172,8.4398,0.0000,0.0000,-0.1801,-0.7599,0.6245,-0.5011,-0.7297,0.4652,-0.3382,-0.7724,0.5376,-0.0539,-0.0596,0.3399,Dark,
12.6838,6.9123,8.4572,0.0000,0.0000,-0.1845,-0.7610,0.6219,-0.5125,-0.7277,0.4558,-0.3465,-0.7730,0.5315,-0.0544,-0.0598,0.3399,Dark,
12.6949,6.9289,8.4565,0.0000,0.0000,-0.1800,-0.7571,0.6281,-0.5239,-0.7219,0.4521,-0.3503,-0.7703,0.5329,-0.0549,-0.0599,0.3398,Dark,
12.7061,6.9511,8.4460,0.0000,0.0000,-0.1831,-0.7591,0.6247,-0.5328,-0.7212,0.4427,-0.3565,-0.7719,0.5264,-0.0552,-0.0600,0.3398,Dark,
12.7173,6.9700,8.4312,0.0000,0.0000,-0.1804,-0.7543,0.6313,-0.5377,-0.7164,0.4445,-0.3577,-0.7682,0.5309,-0.0557,-0.0601,0.3397,Dark,
12.7285,6.9696,8.4183,0.0000,0.0000,-0.1758,-0.7524,0.6349,-0.5450,-0.7132,0.4408,-0.3593,-0.7674,0.5310,-0.0561,-0.0601,0.3396,Dark,
12.7395,6.9611,8.4190,0.0000,0.0000,-0.1742,-0.7522,0.6355,-0.5488,-0.7123,0.4375,-0.3604,-0.7677,0.5298,-0.0563,-0.0602,0.3395,Dark,
12.7506,6.9454,8.4146,0.0000,0.0000,-0.1794,-0.7560,0.6295,-0.5604,-0.7115,0.4239,-0.3695,-0.7703,0.5197,-0.0566,-0.0603,0.3394,Dark,
12.7617,6.9605,8.4066,0.0000,0.0000,-0.1685,-0.7477,0.6423,-0.5564,-0.7071,0.4363,-0.3616,-0.7649,0.5331,-0.0569,-0.0603,0.3394,Dark,
12.7730,6.9754,8.3995,0.0000,0.0000,-0.1756,-0.7514,0.6360,-0.5636,-0.7076,0.4263,-0.3691,-0.7672,0.5246,-0.0571,-0.0604,0.3393,Dark,
12.7842,6.9744,8.3847,0.0000,0.0000,-0.1700,-0.7475,0.6421,-0.5634,-0.7051,0.4305,-0.3661,-0.7648,0.5302,-0.0571,-0.0605,0.3392,Dark,
12.7951,6.9826,8.3789,0.0000,0.0000,-0.1686,-0.7461,0.6441,-0.5640,-0.7042,0.4313,-0.3656,-0.7639,0.5318,-0.0573,-0.0606,0.3391,Dark,
12.8063,6.9781,8.3776,0.0000,0.0000,-0.1591,-0.7416,0.6517,-0.5573,-0.7037,0.4407,-0.3567,-0.7617,0.5409,-0.0573,-0.0606,0.3390,Dark,
12.8174,6.9708,8.3669,0.0000,0.0000,-0.1585,-0.7406,0.6530,-0.5555,-0.7039,0.4427,-0.3553,-0.7612,0.5426,-0.0573,-0.0607,0.3389,Dark,
12.8287,6.9746,8.3583,0.0000,0.0000,-0.1577,-0.7398,0.6541,-0.5544,-0.7039,0.4441,-0.3541,-0.7607,0.5440,-0.0574,-0.0608,0.3388,Dark,
12.8400,6.9774,8.3387,0.0000,0.0000,-0.1590,-0.7397,0.6539,-0.5539,-0.7041,0.4443,-0.3545,-0.7605,0.5440,-0.0573,-0.0609,0.3386,Dark,
12.8509,6.9678,8.3128,0.0000,0.0000,-0.1583,-0.7389,0.6549,-0.5523,-0.7043,0.4461,-0.3531,-0.7601,0.5455,-0.0572,-0.0609,0.3386,Dark,
12.8622,6.9766,8.3064,0.0000,0.0000,-0.1588,-0.7388,0.6550,-0.5524,-0.7043,0.4459,-0.3534,-0.7600,0.5454,-0.0571,-0.0610,0.3386,Dark,
12.8731,6.9682,8.3202,0.0000,0.0000,-0.1592,-0.7385,0.6552,-0.5516,-0.7045,0.4466,-0.3532,-0.7598,0.5459,-0.0570,-0.0610,0.3386,Dark,
12.8844,6.9558,8.3357,0.0000,0.0000,-0.1575,-0.7374,0.6568,-0.5500,-0.7044,0.4488,-0.3514,-0.7592,0.5479,-0.0568,-0.0609,0.3386,Dark,
12.8956,6.9440,8.3479,0.0000,0.0000,-0.1586,-0.7376,0.6563,-0.5507,-0.7043,0.4480,-0.3524,-0.7592,0.5472,-0.0567,-0.0609,0.3386,Dark,
12.9068,6.9255,8.3265,0.0000,0.0000,-0.1582,-0.7367,0.6574,-0.5496,-0.7040,0.4497,-0.3516,-0.7585,0.5487,-0.0565,-0.0609,0.3387,Dark,
12.9176,6.9207,8.3140,0.0000,0.0000,-0.1577,-0.7358,0.6586,-0.5489,-0.7036,0.4513,-0.3509,-0.7578,0.5501,-0.0563,-0.0608,0.3387,Dark,
12.9289,6.9294,8.3037,0.0000,0.0000,-0.1572,-0.7348,0.6598,-0.5486,-0.7030,0.4526,-0.3505,-0.7570,0.5514,-0.0561,-0.0607,0.3388,Dark,
12.9403,6.9348,8.3098,0.0000,0.0000,-0.1563,-0.7330,0.6620,-0.5476,-0.7019,0.4555,-0.3495,-0.7555,0.5541,-0.0560,-0.0605,0.3388,Dark,
12.9511,6.9325,8.3116,0.0000,0.0000,-0.1556,-0.7322,0.6631,-0.5472,-0.7013,0.4569,-0.3489,-0.7549,0.5554,-0.0558,-0.0605,0.3388,Dark,
12.9623,6.9454,8.3128,0.0000,0.0000,-0.1548,-0.7313,0.6642,-0.5468,-0.7006,0.4583,-0.3483,-0.7541,0.5567,-0.0557,-0.0604,0.3389,Dark,
12.9736,6.9447,8.2922,0.0000,0.0000,-0.1534,-0.7299,0.6661,-0.5462,-0.6996,0.4606,-0.3473,-0.7530,0.5589,-0.0555,-0.0603,0.3389,Dark,
12.9847,6.9358,8.2890,0.0000,0.0000,-0.1527,-0.7289,0.6673,-0.5459,-0.6988,0.4622,-0.3468,-0.7521,0.5604,-0.0553,-0.0601,0.3389,Dark,
12.9957,6.9354,8.2874,0.0000,0.0000,-0.1522,-0.7280,0.6685,-0.5458,-0.6979,0.4637,-0.3464,-0.7512,0.5618,-0.0551,-0.0600,0.3390,Dark,
13.0071,6.9284,8.3014,0.0000,0.0000,-0.1513,-0.7266,0.6702,-0.5455,-0.6968,0.4656,-0.3458,-0.7501,0.5637,-0.0550,-0.0598,0.3390,Dark,
13.0180,6.9250,8.2943,0.0000,0.0000,-0.1505,-0.7255,0.6715,-0.5450,-0.6961,0.4674,-0.3451,-0.7492,0.5653,-0.0548,-0.0597,0.3391,Dark,
13.0293,6.9233,8.2874,0.0000,0.0000,-0.1494,-0.7242,0.6732,-0.5445,-0.6951,0.4694,-0.3443,-0.7481,0.5673,-0.0547,-0.0596,0.3392,Dark,
13.0405,6.9264,8.2529,0.0000,0.0000,-0.1470,-0.7226,0.6755,-0.5428,-0.6943,0.4726,-0.3422,-0.7469,0.5701,-0.0545,-0.0594,0.3393,Dark,
13.0516,6.9311,8.2496,0.0000,0.0000,-0.1458,-0.7213,0.6771,-0.5420,-0.6933,0.4749,-0.3411,-0.7458,0.5722,-0.0543,-0.0592,0.3392,Dark,
13.0625,6.9380,8.2490,0.0000,0.0000,-0.1443,-0.7203,0.6785,-0.5411,-0.6926,0.4770,-0.3398,-0.7450,0.5741,-0.0542,-0.0591,0.3393,Dark,
13.0739,6.9436,8.2531,0.0000,0.0000,-0.1411,-0.7185,0.6811,-0.5390,-0.6917,0.4806,-0.3370,-0.7437,0.5773,-0.0540,-0.0590,0.3394,Dark,
13.0849,6.9427,8.2549,0.0000,0.0000,-0.1388,-0.7171,0.6830,-0.5375,-0.6909,0.4834,-0.3350,-0.7427,0.5798,-0.0539,-0.0589,0.3393,Dark,
13.0960,6.9320,8.2554,0.0000,0.0000,-0.1368,-0.7158,0.6848,-0.5362,-0.6902,0.4860,-0.3333,-0.7417,0.5821,-0.0537,-0.0588,0.3394,Dark,
13.1072,6.9095,8.2418,0.0000,0.0000,-0.1325,-0.7134,0.6881,-0.5330,-0.6892,0.4908,-0.3293,-0.7401,0.5864,-0.0535,-0.0586,0.3395,Dark,
13.1183,6.8992,8.2433,0.0000,0.0000,-0.1301,-0.7117,0.6904,-0.5311,-0.6883,0.4940,-0.3271,-0.7388,0.5893,-0.0534,-0.0584,0.3395,Dark,
13.1294,6.9046,8.2213,0.0000,0.0000,-0.1152,-0.7048,0.7000,-0.5184,-0.6871,0.5091,-0.3122,-0.7347,0.6023,-0.0532,-0.0583,0.3396,Dark,
13.1408,6.8951,8.2019,0.0000,0.0000,-0.0771,-0.6799,0.7292,-0.4889,-0.6764,0.5509,-0.2758,-0.7173,0.6399,-0.0531,-0.0581,0.3397,Dark,
13.1517,6.8875,8.1532,0.0000,0.0000,-0.0377,-0.6547,0.7549,-0.4499,-0.6660,0.5950,-0.2335,-0.6986,0.6763,-0.0530,-0.0579,0.3397,Dark,
13.1630,6.8081,8.0787,0.0000,0.0000,-0.0068,-0.6292,0.7772,-0.4109,-0.6521,0.6371,-0.1962,-0.6770,0.7093,-0.0528,-0.0577,0.3398,Dark,
13.1742,6.7966,8.0545,0.0000,0.0000,-0.0044,-0.6200,0.7846,-0.4029,-0.6443,0.6500,-0.1908,-0.6677,0.7196,-0.0527,-0.0576,0.3398,Dark,
13.1851,6.7906,8.0279,0.0000,0.0000,-0.0105,-0.6222,0.7828,-0.3970,-0.6458,0.6521,-0.1914,-0.6680,0.7191,-0.0526,-0.0574,0.3398,Dark,
13.1964,6.8074,7.9962,0.0000,0.0000,-0.0203,-0.6246,0.7807,-0.3861,-0.6473,0.6572,-0.1917,-0.6674,0.7196,-0.0525,-0.0572,0.3400,Dark,
13.2077,6.7977,7.9862,0.0000,0.0000,-0.0220,-0.6235,0.7815,-0.3793,-0.6464,0.6621,-0.1894,-0.6653,0.7221,-0.0524,-0.0570,0.3400,Dark,
13.2184,6.7872,7.9675,0.0000,0.0000,-0.0261,-0.6255,0.7798,-0.3752,-0.6478,0.6630,-0.1896,-0.6661,0.7214,-0.0522,-0.0567,0.3402,Dark,
13.2299,6.8006,7.9443,0.0000,0.0000,-0.0069,-0.6070,0.7947,-0.3430,-0.6348,0.6924,-0.1632,-0.6485,0.7435,-0.0520,-0.0565,0.3404,Dark,
13.2409,6.8025,7.9632,0.0000,0.0000,-0.0331,-0.6234,0.7812,-0.3643,-0.6451,0.6717,-0.1884,-0.6616,0.7258,-0.0518,-0.0562,0.3406,Dark,
13.2520,6.8093,7.9835,0.0000,0.0000,-0.0279,-0.6173,0.7863,-0.3503,-0.6406,0.6833,-0.1787,-0.6552,0.7340,-0.0517,-0.0559,0.3408,Dark,
13.2629,6.8070,7.9863,0.0000,0.0000,-0.0244,-0.6128,0.7898,-0.3429,-0.6371,0.6903,-0.1732,-0.6507,0.7393,-0.0514,-0.0556,0.3410,Dark,
13.2742,6.8028,7.9894,0.0000,0.0000,-0.0283,-0.6142,0.7887,-0.3436,-0.6376,0.6895,-0.1759,-0.6513,0.7382,-0.0511,-0.0553,0.3413,Dark,
13.2852,6.8132,7.9950,0.0000,0.0000,-0.0365,-0.6186,0.7848,-0.3463,-0.6402,0.6857,-0.1818,-0.6543,0.7341,-0.0508,-0.0549,0.3416,Dark,
13.2965,6.8069,8.0005,0.0000,0.0000,-0.0375,-0.6184,0.7850,-0.3451,-0.6396,0.6869,-0.1819,-0.6536,0.7347,-0.0504,-0.0545,0.3419,Dark,
13.3077,6.8015,8.0074,0.0000,0.0000,-0.0376,-0.6178,0.7855,-0.3433,-0.6387,0.6887,-0.1811,-0.6526,0.7357,-0.0500,-0.0541,0.3422,Dark,
13.3186,6.7847,8.0198,0.0000,0.0000,-0.0393,-0.6191,0.7843,-0.3416,-0.6394,0.6888,-0.1813,-0.6533,0.7351,-0.0495,-0.0537,0.3424,Dark,
13.3297,6.7912,8.0250,0.0000,0.0000,-0.0383,-0.6180,0.7852,-0.3394,-0.6381,0.6911,-0.1799,-0.6520,0.7366,-0.0489,-0.0533,0.3427,Dark,
13.3411,6.7981,8.0356,0.0000,0.0000,-0.0370,-0.6171,0.7860,-0.3372,-0.6369,0.6933,-0.1782,-0.6507,0.7381,-0.0484,-0.0530,0.3430,Dark,
13.3522,6.8088,8.0482,0.0000,0.0000,-0.0368,-0.6160,0.7869,-0.3349,-0.6353,0.6959,-0.1771,-0.6491,0.7398,-0.0478,-0.0525,0.3433,Dark,
13.3632,6.8131,8.0508,0.0000,0.0000,-0.0350,-0.6141,0.7884,-0.3325,-0.6330,0.6991,-0.1752,-0.6470,0.7421,-0.0472,-0.0522,0.3436,Dark,
13.3745,6.8154,8.0557,0.0000,0.0000,-0.0334,-0.6123,0.7899,-0.3305,-0.6308,0.7020,-0.1735,-0.6449,0.7443,-0.0466,-0.0517,0.3440,Dark,
13.3855,6.8252,8.0780,0.0000,0.0000,-0.0324,-0.6112,0.7908,-0.3288,-0.6291,0.7044,-0.1723,-0.6434,0.7459,-0.0461,-0.0512,0.3442,Dark,
13.3967,6.8173,8.0938,0.0000,0.0000,-0.0304,-0.6091,0.7925,-0.3267,-0.6268,0.7074,-0.1703,-0.6411,0.7483,-0.0454,-0.0507,0.3446,Dark,
13.4085,6.8166,8.1048,0.0000,0.0000,-0.0293,-0.6078,0.7935,-0.3254,-0.6251,0.7094,-0.1692,-0.6397,0.7498,-0.0447,-0.0503,0.3449,Dark,
13.4189,6.8220,8.1024,0.0000,0.0000,-0.0268,-0.6060,0.7950,-0.3234,-0.6234,0.7119,-0.1670,-0.6379,0.7518,-0.0441,-0.0499,0.3451,Dark,
13.4300,6.8375,8.0989,0.0000,0.0000,-0.0245,-0.6043,0.7964,-0.3213,-0.6217,0.7143,-0.1648,-0.6362,0.7537,-0.0434,-0.0496,0.3454,Dark,
13.4417,6.8662,8.1279,0.0000,0.0000,-0.0226,-0.6032,0.7973,-0.3206,-0.6203,0.7158,-0.1636,-0.6351,0.7549,-0.0427,-0.0492,0.3456,Dark,
13.4527,6.8769,8.1365,0.0000,0.0000,-0.0202,-0.6019,0.7983,-0.3195,-0.6190,0.7175,-0.1618,-0.6339,0.7563,-0.0421,-0.0489,0.3458,Dark,
13.4637,6.8723,8.1431,0.0000,0.0000,-0.0176,-0.6006,0.7994,-0.3181,-0.6175,0.7194,-0.1599,-0.6326,0.7578,-0.0415,-0.0487,0.3460,Dark,
13.4750,6.8704,8.1435,0.0000,0.0000,-0.0152,-0.6001,0.7998,-0.3195,-0.6167,0.7194,-0.1594,-0.6323,0.7581,-0.0408,-0.0485,0.3463,Dark,
13.4861,6.8735,8.1392,0.0000,0.0000,-0.0126,-0.5995,0.8003,-0.3191,-0.6159,0.7203,-0.1579,-0.6318,0.7589,-0.0403,-0.0483,0.3465,Dark,
13.4971,6.8719,8.1362,0.0000,0.0000,-0.0097,-0.5986,0.8010,-0.3179,-0.6151,0.7215,-0.1558,-0.6312,0.7598,-0.0397,-0.0481,0.3467,Dark,
13.5084,6.8660,8.1521,0.0000,0.0000,-0.0071,-0.5979,0.8015,-0.3176,-0.6144,0.7223,-0.1544,-0.6307,0.7606,-0.0392,-0.0480,0.3468,Dark,
13.5193,6.8608,8.1588,0.0000,0.0000,-0.0049,-0.5979,0.8016,-0.3167,-0.6143,0.7227,-0.1528,-0.6307,0.7608,-0.0387,-0.0478,0.3470,Dark,
13.5304,6.8676,8.1639,0.0000,0.0000,-0.0035,-0.5975,0.8019,-0.3159,-0.6138,0.7235,-0.1517,-0.6303,0.7614,-0.0382,-0.0476,0.3472,Dark,
13.5417,6.8663,8.1714,0.0000,0.0000,-0.0020,-0.5965,0.8026,-0.3153,-0.6128,0.7246,-0.1507,-0.6294,0.7623,-0.0377,-0.0474,0.3474,Dark,
13.5529,6.8597,8.1723,0.0000,0.0000,-0.0007,-0.5959,0.8031,-0.3144,-0.6120,0.7257,-0.1496,-0.6287,0.7631,-0.0373,-0.0471,0.3476,Dark,
13.5641,6.8208,8.1483,0.0000,0.0000,0.0063,-0.5872,0.8094,-0.3073,-0.6042,0.7352,-0.1424,-0.6205,0.7712,-0.0368,-0.0468,0.3479,Dark,
13.5752,6.7322,8.0370,0.0000,0.0000,0.0410,-0.5445,0.8378,-0.2651,-0.5676,0.7795,-0.1028,-0.5798,0.8082,-0.0364,-0.0465,0.3482,Dark,
13.5862,6.6893,7.9974,0.0000,0.0000,0.0203,-0.5667,0.8237,-0.2845,-0.5856,0.7591,-0.1238,-0.5999,0.7905,-0.0361,-0.0460,0.3487,Dark,
13.5975,6.6751,7.9465,0.0000,0.0000,0.0502,-0.5196,0.8529,-0.2406,-0.5427,0.8047,-0.0862,-0.5534,0.8284,-0.0358,-0.0456,0.3491,Dark,
13.6087,6.6713,7.9268,0.0000,0.0000,0.0517,-0.5157,0.8552,-0.2329,-0.5387,0.8097,-0.0819,-0.5488,0.8319,-0.0354,-0.0451,0.3494,Dark,
13.6201,6.6703,7.9161,0.0000,0.0000,0.0546,-0.5106,0.8581,-0.2244,-0.5336,0.8154,-0.0763,-0.5432,0.8361,-0.0350,-0.0448,0.3496,Dark,
13.6308,6.6826,7.9328,0.0000,0.0000,0.0603,-0.4980,0.8651,-0.2089,-0.5212,0.8274,-0.0658,-0.5298,0.8456,-0.0346,-0.0445,0.3497,Dark,
13.6418,6.6907,7.9370,0.0000,0.0000,0.0500,-0.5076,0.8602,-0.2161,-0.5295,0.8204,-0.0750,-0.5384,0.8394,-0.0342,-0.0441,0.3496,Dark,
13.6533,6.6980,7.9428,0.0000,0.0000,0.0610,-0.4940,0.8673,-0.2009,-0.5170,0.8321,-0.0618,-0.5250,0.8489,-0.0338,-0.0438,0.3496,Dark,
13.6641,6.7124,7.9616,0.0000,0.0000,0.0542,-0.4977,0.8657,-0.2021,-0.5199,0.8300,-0.0661,-0.5277,0.8468,-0.0333,-0.0435,0.3496,Dark,
13.6753,6.7177,7.9717,0.0000,0.0000,0.0566,-0.4920,0.8688,-0.1970,-0.5144,0.8346,-0.0624,-0.5219,0.8507,-0.0329,-0.0431,0.3495,Dark,
13.6864,6.7165,7.9801,0.0000,0.0000,0.0532,-0.4939,0.8679,-0.1982,-0.5161,0.8333,-0.0649,-0.5235,0.8495,-0.0325,-0.0427,0.3495,Dark,
13.6975,6.7186,7.9858,0.0000,0.0000,0.0488,-0.4949,0.8676,-0.1986,-0.5167,0.8328,-0.0675,-0.5240,0.8490,-0.0321,-0.0424,0.3495,Dark,
13.7087,6.7213,7.9978,0.0000,0.0000,0.0468,-0.4939,0.8683,-0.1990,-0.5155,0.8334,-0.0688,-0.5227,0.8497,-0.0318,-0.0419,0.3495,Dark,
13.7201,6.7229,8.0092,0.0000,0.0000,0.0445,-0.4923,0.8693,-0.1986,-0.5135,0.8348,-0.0699,-0.5207,0.8509,-0.0314,-0.0415,0.3495,Dark,
13.7309,6.7263,8.0106,0.0000,0.0000,0.0440,-0.4897,0.8708,-0.1981,-0.5106,0.8367,-0.0700,-0.5178,0.8526,-0.0311,-0.0410,0.3496,Dark,
13.7421,6.7287,8.0317,0.0000,0.0000,0.0436,-0.4874,0.8721,-0.1977,-0.5080,0.8384,-0.0701,-0.5153,0.8541,-0.0307,-0.0405,0.3496,Dark,
13.7531,6.7262,8.0457,0.0000,0.0000,0.0430,-0.4845,0.8737,-0.1970,-0.5047,0.8405,-0.0701,-0.5121,0.8560,-0.0304,-0.0399,0.3497,Dark,
13.7644,6.7331,8.0431,0.0000,0.0000,0.0430,-0.4819,0.8752,-0.1966,-0.5017,0.8424,-0.0700,-0.5093,0.8577,-0.0300,-0.0394,0.3497,Dark,
13.7756,6.7387,8.0386,0.0000,0.0000,0.0430,-0.4791,0.8767,-0.1962,-0.4985,0.8444,-0.0698,-0.5063,0.8595,-0.0296,-0.0388,0.3497,Dark,
13.7866,6.7362,8.0432,0.0000,0.0000,0.0427,-0.4762,0.8783,-0.1959,-0.4954,0.8463,-0.0698,-0.5033,0.8613,-0.0292,-0.0381,0.3497,Dark,
13.7981,6.7445,8.0532,0.0000,0.0000,0.0426,-0.4731,0.8800,-0.1956,-0.4919,0.8484,-0.0698,-0.4999,0.8633,-0.0288,-0.0374,0.3498,Dark,
13.8090,6.7508,8.0195,0.0000,0.0000,0.0417,-0.4709,0.8812,-0.1965,-0.4894,0.8496,-0.0707,-0.4976,0.8645,-0.0284,-0.0367,0.3497,Dark,
13.8201,6.7018,7.9461,0.0000,0.0000,0.0410,-0.4679,0.8828,-0.1971,-0.4861,0.8514,-0.0715,-0.4944,0.8663,-0.0281,-0.0359,0.3498,Dark,
13.8312,6.6311,7.9095,0.0000,0.0000,0.0387,-0.4605,0.8868,-0.1995,-0.4780,0.8554,-0.0739,-0.4867,0.8704,-0.0277,-0.0350,0.3498,Dark,
13.8423,6.5728,7.7049,0.0000,0.0000,0.0412,-0.4434,0.8954,-0.1932,-0.4604,0.8664,-0.0696,-0.4691,0.8804,-0.0273,-0.0340,0.3498,Dark,
13.8534,6.3254,7.1559,0.0000,0.0000,0.0291,-0.3968,0.9174,-0.1894,-0.4105,0.8920,-0.0744,-0.4196,0.9047,-0.0269,-0.0329,0.3499,Dark,
13.8647,6.0724,6.8475,0.0000,0.0000,0.0095,-0.3652,0.9309,-0.1869,-0.3756,0.9077,-0.0839,-0.3845,0.9193,-0.0264,-0.0317,0.3500,Dark,
13.8758,5.8727,6.7283,0.0000,0.0000,-0.0150,-0.3222,0.9465,-0.1918,-0.3294,0.9245,-0.0995,-0.3384,0.9357,-0.0260,-0.0305,0.3502,Dark,
13.8869,5.7267,6.7969,0.0000,0.0000,-0.0500,-0.2780,0.9593,-0.1973,-0.2821,0.9389,-0.1207,-0.2903,0.9493,-0.0255,-0.0289,0.3502,Dark,
13.8982,5.8066,6.9311,0.0000,0.0000,-0.0625,-0.2352,0.9699,-0.2054,-0.2380,0.9493,-0.1313,-0.2466,0.9602,-0.0251,-0.0272,0.3504,Dark,
13.9093,5.8894,6.9998,0.0000,0.0000,-0.0716,-0.1932,0.9785,-0.2140,-0.1949,0.9572,-0.1403,-0.2040,0.9689,-0.0247,-0.0253,0.3504,Dark,
13.9206,5.9789,7.0523,0.0000,0.0000,-0.0853,-0.1566,0.9840,-0.2260,-0.1573,0.9613,-0.1534,-0.1667,0.9740,-0.0243,-0.0231,0.3505,Dark,
13.9315,5.9839,7.0531,0.0000,0.0000,-0.0897,-0.1323,0.9871,-0.2295,-0.1326,0.9642,-0.1575,-0.1421,0.9772,-0.0238,-0.0209,0.3506,Dark,
13.9425,5.9785,7.0722,0.0000,0.0000,-0.0914,-0.1185,0.9887,-0.2317,-0.1186,0.9655,-0.1595,-0.1282,0.9788,-0.0233,-0.0188,0.3504,Dark,
13.9535,6.0007,7.1660,0.0000,0.0000,-0.0901,-0.1133,0.9895,-0.2322,-0.1133,0.9660,-0.1591,-0.1231,0.9796,-0.0228,-0.0166,0.3503,Dark,
13.9650,6.0427,7.2222,0.0000,0.0000,-0.0917,-0.0913,0.9916,-0.2347,-0.0910,0.9678,-0.1612,-0.1009,0.9817,-0.0223,-0.0144,0.3500,Dark,
13.9761,6.0960,7.3070,0.0000,0.0000,-0.0886,-0.0822,0.9927,-0.2338,-0.0817,0.9688,-0.1592,-0.0919,0.9830,-0.0218,-0.0122,0.3498,Dark,
13.9872,6.1072,7.3597,0.0000,0.0000,-0.0835,-0.0754,0.9937,-0.2299,-0.0748,0.9703,-0.1546,-0.0851,0.9843,-0.0213,-0.0099,0.3493,Dark,
13.9984,6.1415,7.3981,0.0000,0.0000,-0.0807,-0.0610,0.9949,-0.2283,-0.0601,0.9717,-0.1525,-0.0706,0.9858,-0.0208,-0.0075,0.3489,Dark,
14.0095,6.2092,7.4861,0.0000,0.0000,-0.0770,-0.0491,0.9958,-0.2276,-0.0480,0.9726,-0.1503,-0.0589,0.9869,-0.0202,-0.0050,0.3484,Dark,
14.0204,6.2432,7.5137,0.0000,0.0000,-0.0802,-0.0228,0.9965,-0.2320,-0.0213,0.9725,-0.1542,-0.0323,0.9875,-0.0197,-0.0026,0.3479,Dark,
14.0316,6.2853,7.5386,0.0000,0.0000,-0.0711,-0.0227,0.9972,-0.2251,-0.0212,0.9741,-0.1461,-0.0324,0.9887,-0.0192,-0.0003,0.3474,Dark,
14.0427,6.3321,7.5762,0.0000,0.0000,-0.0675,-0.0146,0.9976,-0.2257,-0.0131,0.9741,-0.1445,-0.0246,0.9892,-0.0187,0.0020,0.3467,Dark,
14.0537,6.3424,7.5850,0.0000,0.0000,-0.0666,0.0020,0.9978,-0.2267,0.0037,0.9740,-0.1446,-0.0080,0.9895,-0.0181,0.0041,0.3460,Dark,
14.0650,6.3697,7.6294,0.0000,0.0000,-0.0628,0.0061,0.9980,-0.2256,0.0080,0.9742,-0.1421,-0.0039,0.9898,-0.0176,0.0062,0.3452,Dark,
14.0764,6.4057,7.7024,0.0000,0.0000,-0.0586,0.0170,0.9981,-0.2264,0.0192,0.9739,-0.1404,0.0068,0.9901,-0.0172,0.0084,0.3443,Dark,
14.0872,6.4314,7.7304,0.0000,0.0000,-0.0556,0.0266,0.9981,-0.2262,0.0290,0.9737,-0.1387,0.0163,0.9902,-0.0167,0.0106,0.3435,Dark,
14.0984,6.4512,7.7444,0.0000,0.0000,-0.0529,0.0360,0.9980,-0.2261,0.0385,0.9733,-0.1374,0.0256,0.9902,-0.0162,0.0126,0.3426,Dark,
14.1096,6.4283,7.7572,0.0000,0.0000,-0.0502,0.0399,0.9979,-0.2282,0.0426,0.9727,-0.1370,0.0293,0.9901,-0.0158,0.0145,0.3418,Dark,
14.1207,6.4773,7.7613,0.0000,0.0000,-0.0487,0.0485,0.9976,-0.2292,0.0512,0.9720,-0.1368,0.0378,0.9899,-0.0154,0.0164,0.3408,Dark,
14.1322,6.5178,7.7757,0.0000,0.0000,-0.0476,0.0570,0.9972,-0.2308,0.0598,0.9712,-0.1370,0.0462,0.9895,-0.0150,0.0183,0.3399,Dark,
14.1432,6.5785,7.8206,0.0000,0.0000,-0.0463,0.0622,0.9970,-0.2342,0.0650,0.9700,-0.1380,0.0511,0.9891,-0.0147,0.0201,0.3389,Dark,
14.1540,6.5887,7.8465,0.0000,0.0000,-0.0462,0.0684,0.9966,-0.2365,0.0713,0.9690,-0.1391,0.0572,0.9886,-0.0144,0.0218,0.3379,Dark,
14.1652,6.5905,7.8715,0.0000,0.0000,-0.0458,0.0728,0.9963,-0.2382,0.0758,0.9683,-0.1398,0.0616,0.9883,-0.0141,0.0231,0.3370,Dark,
14.1767,6.6442,7.9053,0.0000,0.0000,-0.0448,0.0717,0.9964,-0.2419,0.0747,0.9674,-0.1411,0.0601,0.9882,-0.0138,0.0244,0.3361,Dark,
14.1881,6.6646,7.9154,0.0000,0.0000,-0.0445,0.0738,0.9963,-0.2439,0.0767,0.9668,-0.1419,0.0620,0.9879,-0.0134,0.0255,0.3351,Dark,
14.1985,6.6808,7.9447,0.0000,0.0000,-0.0440,0.0779,0.9960,-0.2453,0.0810,0.9661,-0.1424,0.0661,0.9876,-0.0132,0.0265,0.3341,Dark,
14.2098,6.7074,7.9947,0.0000,0.0000,-0.0405,0.0776,0.9962,-0.2464,0.0808,0.9658,-0.1411,0.0655,0.9878,-0.0129,0.0276,0.3332,Dark,
14.2208,6.7174,8.0150,0.0000,0.0000,-0.0393,0.0812,0.9959,-0.2473,0.0846,0.9652,-0.1409,0.0692,0.9876,-0.0127,0.0288,0.3323,Dark,
14.2320,6.7255,8.0357,0.0000,0.0000,-0.0393,0.0869,0.9954,-0.2492,0.0906,0.9642,-0.1419,0.0749,0.9870,-0.0125,0.0299,0.3314,Dark,
14.2435,6.7400,8.0612,0.0000,0.0000,-0.0383,0.0880,0.9954,-0.2521,0.0918,0.9633,-0.1428,0.0758,0.9868,-0.0123,0.0310,0.3305,Dark,
14.2541,6.7603,8.0696,0.0000,0.0000,-0.0388,0.0929,0.9949,-0.2546,0.0969,0.9622,-0.1444,0.0807,0.9862,-0.0123,0.0324,0.3296,Dark,
14.2654,6.7763,8.0771,0.0000,0.0000,-0.0397,0.0988,0.9943,-0.2574,0.1029,0.9608,-0.1462,0.0865,0.9855,-0.0122,0.0337,0.3286,Dark,
14.2768,6.8217,8.0975,0.0000,0.0000,-0.0401,0.1000,0.9942,-0.2618,0.1042,0.9595,-0.1486,0.0876,0.9850,-0.0121,0.0351,0.3276,Dark,
14.2876,6.8294,8.1095,0.0000,0.0000,-0.0413,0.1051,0.9936,-0.2649,0.1095,0.9580,-0.1508,0.0927,0.9842,-0.0120,0.0365,0.3266,Dark,
14.2988,6.8332,8.1178,0.0000,0.0000,-0.0422,0.1099,0.9930,-0.2675,0.1146,0.9567,-0.1526,0.0976,0.9835,-0.0119,0.0377,0.3255,Dark,
14.3101,6.8362,8.1497,0.0000,0.0000,-0.0426,0.1109,0.9929,-0.2715,0.1159,0.9554,-0.1548,0.0985,0.9830,-0.0119,0.0390,0.3243,Dark,
14.3211,6.8445,8.1699,0.0000,0.0000,-0.0435,0.1166,0.9922,-0.2741,0.1218,0.9539,-0.1566,0.1042,0.9822,-0.0118,0.0403,0.3232,Dark,
14.3324,6.8520,8.1854,0.0000,0.0000,-0.0445,0.1237,0.9913,-0.2767,0.1291,0.9522,-0.1584,0.1114,0.9811,-0.0117,0.0418,0.3220,Dark,
14.3435,6.8778,8.2135,0.0000,0.0000,-0.0447,0.1278,0.9908,-0.2804,0.1335,0.9506,-0.1604,0.1154,0.9803,-0.0116,0.0434,0.3207,Dark,
14.3545,6.8969,8.2247,0.0000,0.0000,-0.0456,0.1365,0.9896,-0.2832,0.1427,0.9484,-0.1623,0.1243,0.9789,-0.0116,0.0451,0.3195,Dark,
14.3657,6.9352,8.2380,0.0000,0.0000,-0.0450,0.1419,0.9889,-0.2860,0.1484,0.9467,-0.1634,0.1297,0.9780,-0.0115,0.0468,0.3182,Dark,
14.3772,6.9535,8.2473,0.0000,0.0000,-0.0454,0.1507,0.9875,-0.2878,0.1575,0.9446,-0.1646,0.1386,0.9766,-0.0115,0.0484,0.3169,Dark,
14.3881,6.9716,8.2539,0.0000,0.0000,-0.0460,0.1606,0.9860,-0.2902,0.1676,0.9422,-0.1661,0.1486,0.9749,-0.0114,0.0502,0.3153,Dark,
14.3992,6.9872,8.2837,0.0000,0.0000,-0.0453,0.1669,0.9849,-0.2925,0.1742,0.9403,-0.1669,0.1550,0.9737,-0.0113,0.0520,0.3139,Dark,
14.4103,6.9874,8.2957,0.0000,0.0000,-0.0458,0.1782,0.9829,-0.2944,0.1859,0.9374,-0.1681,0.1665,0.9716,-0.0113,0.0538,0.3123,Dark,
14.4212,6.9969,8.3044,0.0000,0.0000,-0.0471,0.1862,0.9814,-0.2972,0.1943,0.9349,-0.1702,0.1747,0.9698,-0.0113,0.0558,0.3107,Dark,
14.4325,6.9292,8.1965,0.0000,0.0000,-0.0638,0.1620,0.9847,-0.3156,0.1688,0.9337,-0.1881,0.1495,0.9707,-0.0112,0.0578,0.3091,Dark,
14.4436,6.8665,8.0908,0.0000,0.0000,-0.0784,0.1850,0.9796,-0.3319,0.1916,0.9236,-0.2040,0.1726,0.9636,-0.0111,0.0599,0.3073,Dark,
14.4547,6.7510,8.0061,0.0000,0.0000,-0.0976,0.2186,0.9709,-0.3498,0.2247,0.9095,-0.2232,0.2063,0.9527,-0.0111,0.0620,0.3055,Dark,
14.4658,6.5513,7.8245,0.0000,0.0000,-0.1200,0.2897,0.9496,-0.3693,0.2949,0.8813,-0.2451,0.2780,0.9288,-0.0110,0.0640,0.3037,Dark,
14.4774,6.4751,7.7779,0.0000,0.0000,-0.1266,0.3267,0.9366,-0.3742,0.3315,0.8661,-0.2513,0.3153,0.9151,-0.0109,0.0658,0.3018,Dark,
14.4881,6.4480,7.7484,0.0000,0.0000,-0.1280,0.3535,0.9266,-0.3724,0.3582,0.8562,-0.2511,0.3426,0.9053,-0.0107,0.0677,0.2998,Dark,
14.4992,6.4466,7.7350,0.0000,0.0000,-0.1252,0.3793,0.9168,-0.3658,0.3843,0.8477,-0.2464,0.3691,0.8961,-0.0106,0.0695,0.2979,Dark,
14.5105,6.4595,7.7561,0.0000,0.0000,-0.1246,0.3954,0.9100,-0.3630,0.4003,0.8414,-0.2447,0.3855,0.8897,-0.0104,0.0714,0.2959,Dark,
14.5216,6.5252,7.7866,0.0000,0.0000,-0.1401,0.4251,0.8942,-0.3734,0.4283,0.8229,-0.2581,0.4150,0.8724,-0.0103,0.0733,0.2937,Dark,
14.5328,6.5524,7.7946,0.0000,0.0000,-0.1221,0.4216,0.8985,-0.3542,0.4268,0.8321,-0.2390,0.4124,0.8791,-0.0101,0.0752,0.2917,Dark,
14.5444,6.5725,7.7995,0.0000,0.0000,-0.1352,0.4564,0.8794,-0.3638,0.4600,0.8100,-0.2508,0.4471,0.8586,-0.0099,0.0772,0.2894,Dark,
14.5549,6.6152,7.8734,0.0000,0.0000,-0.1305,0.4687,0.8737,-0.3550,0.4730,0.8064,-0.2439,0.4601,0.8537,-0.0096,0.0792,0.2871,Dark,
14.5661,6.6540,7.9079,0.0000,0.0000,-0.1218,0.4610,0.8790,-0.3459,0.4665,0.8141,-0.2347,0.4529,0.8601,-0.0095,0.0811,0.2849,Dark,
14.5772,6.6848,7.9494,0.0000,0.0000,-0.1211,0.4739,0.8722,-0.3437,0.4796,0.8074,-0.2333,0.4661,0.8534,-0.0092,0.0829,0.2825,Dark,
14.5885,6.7412,8.0014,0.0000,0.0000,-0.1208,0.4964,0.8596,-0.3417,0.5022,0.7944,-0.2323,0.4891,0.8407,-0.0089,0.0847,0.2802,Dark,
14.5997,6.7652,8.0370,0.0000,0.0000,-0.1187,0.5036,0.8557,-0.3391,0.5098,0.7907,-0.2299,0.4966,0.8370,-0.0086,0.0864,0.2780,Dark,
14.6109,6.7987,8.0645,0.0000,0.0000,-0.1164,0.5129,0.8505,-0.3372,0.5194,0.7852,-0.2278,0.5062,0.8318,-0.0083,0.0879,0.2756,Dark,
14.6217,6.8502,8.1111,0.0000,0.0000,-0.1128,0.5162,0.8490,-0.3349,0.5233,0.7836,-0.2249,0.5098,0.8304,-0.0079,0.0895,0.2733,Dark,
14.6330,6.8699,8.1426,0.0000,0.0000,-0.1104,0.5233,0.8449,-0.3334,0.5307,0.7792,-0.2230,0.5172,0.8263,-0.0075,0.0910,0.2710,Dark,
14.6442,6.8512,8.1656,0.0000,0.0000,-0.1077,0.5295,0.8414,-0.3323,0.5373,0.7752,-0.2211,0.5236,0.8228,-0.0072,0.0925,0.2686,Dark,
14.6553,6.7880,8.0749,0.0000,0.0000,-0.1015,0.5310,0.8413,-0.3289,0.5396,0.7750,-0.2162,0.5254,0.8229,-0.0068,0.0939,0.2662,Dark,
14.6663,6.7513,8.0043,0.0000,0.0000,-0.0941,0.5492,0.8304,-0.3218,0.5588,0.7643,-0.2090,0.5444,0.8124,-0.0064,0.0953,0.2641,Dark,
14.6774,6.6643,7.9469,0.0000,0.0000,-0.0876,0.5756,0.8131,-0.3148,0.5858,0.7468,-0.2023,0.5716,0.7952,-0.0059,0.0965,0.2618,Dark,
14.6886,6.5413,7.8330,0.0000,0.0000,-0.0755,0.6186,0.7821,-0.2992,0.6300,0.7167,-0.1885,0.6161,0.7648,-0.0055,0.0976,0.2597,Dark,
14.7001,6.5015,7.7956,0.0000,0.0000,-0.0716,0.6456,0.7603,-0.2926,0.6571,0.6947,-0.1833,0.6438,0.7429,-0.0050,0.0987,0.2577,Dark,
14.7111,6.4516,7.7807,0.0000,0.0000,-0.0705,0.6685,0.7404,-0.2865,0.6797,0.6752,-0.1797,0.6670,0.7230,-0.0045,0.0996,0.2556,Dark,
14.7220,6.4647,7.7930,0.0000,0.0000,-0.0689,0.6797,0.7302,-0.2824,0.6910,0.6654,-0.1769,0.6786,0.7129,-0.0041,0.1005,0.2538,Dark,
14.7331,6.4769,7.8179,0.0000,0.0000,-0.0668,0.6901,0.7207,-0.2780,0.7014,0.6563,-0.1737,0.6892,0.7034,-0.0036,0.1014,0.2520,Dark,
14.7445,6.5440,7.8816,0.0000,0.0000,-0.0673,0.6955,0.7154,-0.2753,0.7067,0.6518,-0.1726,0.6947,0.6983,-0.0032,0.1021,0.2502,Dark,
14.7554,6.5860,7.9141,0.0000,0.0000,-0.0660,0.7001,0.7110,-0.2731,0.7114,0.6476,-0.1709,0.6994,0.6940,-0.0028,0.1028,0.2485,Dark,
14.7665,6.6173,7.9434,0.0000,0.0000,-0.0646,0.7039,0.7073,-0.2709,0.7153,0.6442,-0.1691,0.7034,0.6904,-0.0024,0.1034,0.2470,Dark,
14.7778,6.6964,8.0074,0.0000,0.0000,-0.0637,0.7050,0.7063,-0.2693,0.7164,0.6436,-0.1678,0.7045,0.6895,-0.0019,0.1039,0.2455,Dark,
14.7892,6.7190,8.0392,0.0000,0.0000,-0.0616,0.7083,0.7032,-0.2672,0.7199,0.6406,-0.1657,0.7080,0.6865,-0.0016,0.1045,0.2443,Dark,
14.8002,6.7345,8.0827,0.0000,0.0000,-0.0599,0.7096,0.7020,-0.2657,0.7214,0.6395,-0.1642,0.7094,0.6854,-0.0013,0.1050,0.2431,Dark,
14.8112,6.7823,8.1339,0.0000,0.0000,-0.0577,0.7097,0.7022,-0.2643,0.7218,0.6397,-0.1623,0.7096,0.6856,-0.0010,0.1055,0.2418,Dark,
14.8222,6.7943,8.1441,0.0000,0.0000,-0.0557,0.7113,0.7007,-0.2627,0.7236,0.6383,-0.1605,0.7113,0.6843,-0.0008,0.1060,0.2407,Dark,
14.8333,6.8033,8.1568,0.0000,0.0000,-0.0537,0.7129,0.6992,-0.2612,0.7253,0.6369,-0.1588,0.7130,0.6829,-0.0005,0.1064,0.2397,Dark,
14.8445,6.8127,8.1744,0.0000,0.0000,-0.0521,0.7127,0.6996,-0.2605,0.7252,0.6373,-0.1576,0.7129,0.6834,-0.0004,0.1068,0.2387,Dark,
14.8556,6.8264,8.1822,0.0000,0.0000,-0.0504,0.7132,0.6991,-0.2593,0.7259,0.6370,-0.1562,0.7135,0.6830,-0.0001,0.1069,0.2378,Dark,
14.8667,6.8380,8.2043,0.0000,0.0000,-0.0488,0.7138,0.6986,-0.2582,0.7266,0.6367,-0.1548,0.7142,0.6827,0.0000,0.1071,0.2371,Dark,
14.8782,6.8717,8.2381,0.0000,0.0000,-0.0472,0.7130,0.6996,-0.2578,0.7259,0.6376,-0.1537,0.7134,0.6837,0.0003,0.1072,0.2363,Dark,
14.8894,6.8701,8.2506,0.0000,0.0000,-0.0465,0.7134,0.6992,-0.2576,0.7262,0.6374,-0.1533,0.7137,0.6835,0.0004,0.1073,0.2356,Dark,
14.9002,6.8666,8.2544,0.0000,0.0000,-0.0454,0.7136,0.6991,-0.2571,0.7264,0.6374,-0.1524,0.7139,0.6835,0.0004,0.1075,0.2349,Dark,
14.9116,6.8454,8.2536,0.0000,0.0000,-0.0449,0.7130,0.6997,-0.2577,0.7257,0.6379,-0.1525,0.7133,0.6841,0.0005,0.1074,0.2344,Dark,
14.9227,6.8409,8.2517,0.0000,0.0000,-0.0446,0.7132,0.6995,-0.2579,0.7258,0.6378,-0.1524,0.7134,0.6840,0.0005,0.1076,0.2338,Dark,
14.9335,6.8388,8.2572,0.0000,0.0000,-0.0449,0.7131,0.6997,-0.2588,0.7254,0.6378,-0.1531,0.7131,0.6841,0.0004,0.1077,0.2333,Dark,
14.9448,6.8188,8.2395,0.0000,0.0000,-0.0453,0.7116,0.7011,-0.2606,0.7237,0.6390,-0.1541,0.7115,0.6855,0.0005,0.1077,0.2328,Dark,
14.9562,6.7675,8.2202,0.0000,0.0000,-0.0501,0.7116,0.7008,-0.2659,0.7227,0.6379,-0.1593,0.7110,0.6849,0.0003,0.1079,0.2323,Dark,
14.9670,6.7250,8.1717,0.0000,0.0000,-0.0497,0.7181,0.6942,-0.2659,0.7287,0.6311,-0.1591,0.7174,0.6783,0.0002,0.1081,0.2318,Dark,
14.9781,6.6015,8.0880,0.0000,0.0000,-0.0524,0.7469,0.6629,-0.2665,0.7556,0.5984,-0.1610,0.7460,0.6462,0.0000,0.1082,0.2314,Dark,
14.9893,6.5911,8.0562,0.0000,0.0000,-0.0507,0.7546,0.6543,-0.2634,0.7630,0.5903,-0.1585,0.7537,0.6378,0.0001,0.1083,0.2309,Dark,
15.0005,6.5783,7.9969,0.0000,0.0000,-0.0525,0.7610,0.6466,-0.2638,0.7687,0.5827,-0.1597,0.7599,0.6301,-0.0002,0.1084,0.2305,Dark,
15.0115,6.5715,7.9896,0.0000,0.0000,-0.0531,0.7636,0.6434,-0.2635,0.7709,0.5798,-0.1598,0.7624,0.6270,-0.0002,0.1084,0.2301,Dark,
15.0227,6.5690,7.9857,0.0000,0.0000,-0.0565,0.7660,0.6404,-0.2661,0.7725,0.5766,-0.1629,0.7644,0.6238,-0.0005,0.1085,0.2297,Dark,
15.0338,6.5386,7.9904,0.0000,0.0000,-0.0554,0.7669,0.6394,-0.2631,0.7735,0.5766,-0.1607,0.7654,0.6232,-0.0007,0.1086,0.2294,Dark,
15.0451,6.5243,7.9823,0.0000,0.0000,-0.0568,0.7672,0.6389,-0.2635,0.7735,0.5764,-0.1616,0.7656,0.6227,-0.0009,0.1085,0.2291,Dark,
15.0563,6.5154,7.9747,0.0000,0.0000,-0.0588,0.7752,0.6290,-0.2644,0.7807,0.5662,-0.1631,0.7734,0.6126,-0.0012,0.1085,0.2288,Dark,
15.0672,6.5219,7.9823,0.0000,0.0000,-0.0609,0.7677,0.6379,-0.2649,0.7733,0.5760,-0.1644,0.7658,0.6218,-0.0014,0.1086,0.2286,Dark,
15.0785,6.5312,7.9952,0.0000,0.0000,-0.0619,0.7738,0.6304,-0.2647,0.7790,0.5685,-0.1648,0.7718,0.6142,-0.0017,0.1085,0.2284,Dark,
15.0896,6.5397,8.0144,0.0000,0.0000,-0.0632,0.7717,0.6328,-0.2653,0.7767,0.5712,-0.1657,0.7696,0.6167,-0.0018,0.1083,0.2284,Dark,
15.1008,6.5544,8.0422,0.0000,0.0000,-0.0646,0.7713,0.6332,-0.2650,0.7762,0.5720,-0.1662,0.7691,0.6171,-0.0020,0.1082,0.2283,Dark,
15.1120,6.5585,8.0490,0.0000,0.0000,-0.0656,0.7702,0.6344,-0.2653,0.7750,0.5736,-0.1669,0.7679,0.6185,-0.0023,0.1082,0.2283,Dark,
15.1230,6.5604,8.0508,0.0000,0.0000,-0.0668,0.7681,0.6368,-0.2657,0.7728,0.5763,-0.1677,0.7657,0.6209,-0.0025,0.1080,0.2285,Dark,
15.1341,6.5313,8.0525,0.0000,0.0000,-0.0677,0.7659,0.6393,-0.2652,0.7706,0.5795,-0.1678,0.7635,0.6236,-0.0028,0.1078,0.2288,Dark,
15.1452,6.5459,8.0536,0.0000,0.0000,-0.0684,0.7640,0.6416,-0.2653,0.7686,0.5822,-0.1682,0.7614,0.6260,-0.0031,0.1074,0.2289,Dark,
15.1566,6.5590,8.0527,0.0000,0.0000,-0.0691,0.7611,0.6449,-0.2654,0.7657,0.5859,-0.1686,0.7585,0.6295,-0.0033,0.1071,0.2294,Dark,
15.1680,6.5634,8.0557,0.0000,0.0000,-0.0695,0.7578,0.6487,-0.2646,0.7624,0.5905,-0.1683,0.7552,0.6336,-0.0035,0.1067,0.2302,Dark,
15.1787,6.5559,8.0588,0.0000,0.0000,-0.0701,0.7542,0.6529,-0.2646,0.7587,0.5953,-0.1686,0.7514,0.6379,-0.0037,0.1061,0.2309,Dark,
15.1897,6.5354,8.0523,0.0000,0.0000,-0.0711,0.7495,0.6582,-0.2646,0.7539,0.6013,-0.1690,0.7466,0.6435,-0.0039,0.1055,0.2320,Dark,
15.2012,6.5271,8.0543,0.0000,0.0000,-0.0718,0.7437,0.6647,-0.2650,0.7480,0.6085,-0.1694,0.7406,0.6502,-0.0042,0.1048,0.2333,Dark,
15.2124,6.5530,8.0558,0.0000,0.0000,-0.0757,0.7361,0.6726,-0.2685,0.7399,0.6168,-0.1731,0.7326,0.6582,-0.0044,0.1038,0.2346,Dark,
15.2231,6.5635,8.0607,0.0000,0.0000,-0.0795,0.7280,0.6810,-0.2716,0.7313,0.6256,-0.1765,0.7241,0.6667,-0.0047,0.1029,0.2362,Dark,
15.2344,6.5517,8.0459,0.0000,0.0000,-0.0827,0.7185,0.6906,-0.2745,0.7215,0.6356,-0.1796,0.7143,0.6764,-0.0049,0.1019,0.2381,Dark,
15.2453,6.5386,8.0331,0.0000,0.0000,-0.0867,0.7078,0.7011,-0.2781,0.7104,0.6465,-0.1833,0.7032,0.6869,-0.0052,0.1006,0.2400,Dark,
15.2565,6.5319,7.9465,0.0000,0.0000,-0.0926,0.6954,0.7127,-0.2818,0.6975,0.6589,-0.1881,0.6903,0.6986,-0.0054,0.0993,0.2422,Dark,
15.2678,6.5405,7.9274,0.0000,0.0000,-0.0969,0.6806,0.7262,-0.2840,0.6824,0.6736,-0.1913,0.6752,0.7124,-0.0056,0.0978,0.2447,Dark,
15.2787,6.5395,7.9153,0.0000,0.0000,-0.1031,0.6624,0.7420,-0.2890,0.6635,0.6901,-0.1969,0.6563,0.7283,-0.0058,0.0961,0.2472,Dark,
15.2898,6.5375,7.8965,0.0000,0.0000,-0.1114,0.6399,0.7603,-0.2913,0.6405,0.7106,-0.2021,0.6334,0.7470,-0.0060,0.0945,0.2499,Dark,
15.3016,6.5357,7.8939,0.0000,0.0000,-0.1198,0.6056,0.7867,-0.2956,0.6057,0.7388,-0.2083,0.5984,0.7736,-0.0062,0.0927,0.2528,Dark,
15.3124,6.5449,7.8910,0.0000,0.0000,-0.1240,0.5701,0.8121,-0.2990,0.5699,0.7654,-0.2119,0.5624,0.7993,-0.0063,0.0906,0.2557,Dark,
15.3235,6.5648,7.9498,0.0000,0.0000,-0.0950,0.5431,0.8342,-0.2624,0.5462,0.7955,-0.1786,0.5369,0.8245,-0.0063,0.0885,0.2588,Dark,
15.3348,6.5730,7.9289,0.0000,0.0000,-0.0702,0.5429,0.8369,-0.2280,0.5482,0.8046,-0.1486,0.5382,0.8296,-0.0064,0.0862,0.2620,Dark,
15.3459,6.4686,7.9097,0.0000,0.0000,-0.0551,0.5305,0.8459,-0.2078,0.5369,0.8176,-0.1308,0.5264,0.8401,-0.0064,0.0836,0.2651,Dark,
15.3571,6.3742,7.0503,0.0000,0.0000,-0.0019,0.5454,0.8382,-0.1280,0.5554,0.8217,-0.0639,0.5442,0.8365,-0.0063,0.0810,0.2683,Dark,
15.3684,6.3751,6.7308,0.0000,0.0000,0.0114,0.5503,0.8349,-0.0832,0.5592,0.8248,-0.0351,0.5500,0.8345,-0.0062,0.0784,0.2715,Dark,
15.3793,5.9335,6.6460,0.0000,0.0000,0.0164,0.5358,0.8442,-0.0503,0.5426,0.8385,-0.0164,0.5356,0.8443,-0.0060,0.0756,0.2745,Dark,
15.3903,5.6228,6.8227,0.0000,0.0000,-0.0014,0.5019,0.8649,-0.0613,0.5072,0.8597,-0.0309,0.5012,0.8648,-0.0058,0.0728,0.2776,Dark,
15.4016,5.3706,7.9134,0.0000,0.0000,-0.0204,0.4844,0.8746,-0.0813,0.4890,0.8685,-0.0504,0.4833,0.8740,-0.0054,0.0699,0.2806,Dark,
15.4128,5.1895,9.5001,0.0000,0.0000,0.0173,0.4623,0.8866,-0.0440,0.4678,0.8827,-0.0127,0.4616,0.8870,-0.0050,0.0668,0.2833,Dark,
15.4237,5.1846,9.3701,0.0000,0.0000,0.0102,0.4234,0.9059,-0.0524,0.4283,0.9021,-0.0204,0.4222,0.9063,-0.0045,0.0636,0.2860,Dark,
15.4349,5.4817,9.1453,0.0000,0.0000,0.0084,0.3793,0.9252,-0.0568,0.3839,0.9216,-0.0235,0.3777,0.9256,-0.0039,0.0603,0.2887,Dark,
15.4460,6.1774,8.4827,0.0000,0.0000,0.0116,0.3179,0.9481,-0.0611,0.3223,0.9447,-0.0239,0.3156,0.9486,-0.0033,0.0569,0.2911,Dark,
15.4571,6.4037,8.2320,0.0000,0.0000,0.0206,0.2687,0.9630,-0.0551,0.2728,0.9605,-0.0163,0.2659,0.9639,-0.0026,0.0535,0.2935,Dark,
15.4687,6.6629,8.0950,0.0000,0.0000,0.0354,0.2172,0.9755,-0.0442,0.2211,0.9742,-0.0034,0.2140,0.9768,-0.0018,0.0500,0.2959,Dark,
15.4796,6.9325,7.9280,0.0000,0.0000,0.0721,0.1382,0.9878,-0.0142,0.1417,0.9898,0.0303,0.1342,0.9905,-0.0010,0.0462,0.2979,Dark,
15.4904,6.9895,8.0265,0.0000,0.0000,0.1031,0.0763,0.9917,0.0141,0.0790,0.9968,0.0601,0.0715,0.9956,-0.0001,0.0423,0.2999,Dark,
15.5017,7.0386,8.1139,0.0000,0.0000,0.1240,0.0224,0.9920,0.0307,0.0241,0.9992,0.0790,0.0167,0.9967,0.0009,0.0383,0.3016,Dark,
15.5130,7.0953,8.2120,0.0000,0.0000,0.1556,-0.0645,0.9857,0.0528,-0.0652,0.9965,0.1062,-0.0722,0.9917,0.0018,0.0342,0.3032,Dark,
15.5240,7.1167,8.3129,0.0000,0.0000,0.1705,-0.1244,0.9775,0.0622,-0.1269,0.9900,0.1185,-0.1334,0.9839,0.0028,0.0299,0.3042,Dark,
15.5354,7.1554,8.3816,0.0000,0.0000,0.1824,-0.1775,0.9671,0.0679,-0.1817,0.9810,0.1275,-0.1877,0.9739,0.0037,0.0260,0.3055,Dark,
15.5462,7.2016,8.4949,0.0000,0.0000,0.1998,-0.2435,0.9491,0.0723,-0.2505,0.9654,0.1388,-0.2560,0.9566,0.0046,0.0224,0.3068,Dark,
15.5574,7.2118,8.5188,0.0000,0.0000,0.2088,-0.2879,0.9346,0.0742,-0.2968,0.9521,0.1445,-0.3019,0.9423,0.0055,0.0189,0.3081,Dark,
15.5688,7.2090,8.5299,0.0000,0.0000,0.2193,-0.3216,0.9211,0.0778,-0.3322,0.9400,0.1518,-0.3369,0.9292,0.0063,0.0157,0.3094,Dark,
15.5798,7.2027,8.5035,0.0000,0.0000,0.2350,-0.3553,0.9047,0.0797,-0.3687,0.9261,0.1612,-0.3729,0.9138,0.0071,0.0128,0.3108,Dark,
15.5907,7.2022,8.4942,0.0000,0.0000,0.2434,-0.3874,0.8892,0.0811,-0.4029,0.9117,0.1664,-0.4065,0.8984,0.0079,0.0095,0.3116,Dark,
15.6021,7.1675,8.4889,0.0000,0.0000,0.2488,-0.4005,0.8819,0.0788,-0.4173,0.9054,0.1682,-0.4208,0.8914,0.0086,0.0066,0.3126,Dark,
15.6131,7.1103,8.4979,0.0000,0.0000,0.2613,-0.4227,0.8678,0.0778,-0.4424,0.8934,0.1746,-0.4455,0.8781,0.0093,0.0038,0.3137,Dark,
15.6246,7.0878,8.4762,0.0000,0.0000,0.2666,-0.4383,0.8584,0.0758,-0.4596,0.8849,0.1766,-0.4623,0.8689,0.0099,0.0016,0.3147,Dark,
15.6356,7.0476,8.4574,0.0000,0.0000,0.2704,-0.4437,0.8544,0.0724,-0.4657,0.8820,0.1771,-0.4687,0.8654,0.0105,-0.0005,0.3157,Dark,
15.6472,6.9709,8.4051,0.0000,0.0000,0.2673,-0.4487,0.8528,0.0546,-0.4712,0.8804,0.1672,-0.4751,0.8639,0.0109,-0.0021,0.3169,Dark,
15.6578,6.9333,8.3878,0.0000,0.0000,0.2790,-0.4424,0.8523,0.0610,-0.4657,0.8828,0.1767,-0.4698,0.8649,0.0115,-0.0038,0.3180,Dark,
15.6691,6.8902,8.3771,0.0000,0.0000,0.2812,-0.4248,0.8605,0.0569,-0.4472,0.8926,0.1761,-0.4524,0.8743,0.0120,-0.0055,0.3193,Dark,
15.6801,6.8759,8.3863,0.0000,0.0000,0.2895,-0.4425,0.8488,0.0566,-0.4672,0.8823,0.1806,-0.4718,0.8630,0.0124,-0.0070,0.3206,Dark,
15.6910,6.8945,8.4404,0.0000,0.0000,0.2915,-0.4611,0.8381,0.0534,-0.4873,0.8716,0.1802,-0.4915,0.8520,0.0128,-0.0085,0.3217,Dark,
15.7022,6.9479,8.4849,0.0000,0.0000,0.2970,-0.4784,0.8264,0.0542,-0.5065,0.8605,0.1836,-0.5101,0.8403,0.0132,-0.0101,0.3227,Dark,
15.7136,7.0668,8.6094,0.0000,0.0000,0.2961,-0.5269,0.7967,0.0430,-0.5585,0.8284,0.1778,-0.5608,0.8086,0.0135,-0.0115,0.3235,Dark,
15.7246,7.1230,8.6529,0.0000,0.0000,0.2931,-0.5522,0.7805,0.0342,-0.5849,0.8104,0.1719,-0.5869,0.7912,0.0140,-0.0134,0.3244,Dark,
15.7357,7.1505,8.6819,0.0000,0.0000,0.2985,-0.5674,0.7675,0.0347,-0.6020,0.7977,0.1751,-0.6034,0.7780,0.0143,-0.0146,0.3253,Dark,
15.7468,7.1655,8.6636,0.0000,0.0000,0.3068,-0.5743,0.7589,0.0320,-0.6113,0.7908,0.1787,-0.6124,0.7701,0.0146,-0.0159,0.3263,Dark,
15.7578,7.1600,8.6570,0.0000,0.0000,0.3085,-0.5829,0.7517,0.0278,-0.6209,0.7834,0.1777,-0.6219,0.7626,0.0148,-0.0172,0.3272,Dark,
15.7692,7.1415,8.6208,0.0000,0.0000,0.3157,-0.5856,0.7466,0.0241,-0.6255,0.7799,0.1801,-0.6266,0.7583,0.0151,-0.0185,0.3280,Dark,
15.7805,7.1250,8.5967,0.0000,0.0000,0.3209,-0.5887,0.7420,0.0244,-0.6300,0.7762,0.1833,-0.6308,0.7540,0.0153,-0.0200,0.3286,Dark,
15.7913,7.1123,8.5839,0.0000,0.0000,0.3241,-0.5912,0.7386,0.0220,-0.6335,0.7735,0.1840,-0.6343,0.7509,0.0154,-0.0215,0.3290,Dark,
15.8025,7.0901,8.5577,0.0000,0.0000,0.3283,-0.5903,0.7374,0.0170,-0.6336,0.7735,0.1842,-0.6348,0.7504,0.0156,-0.0225,0.3295,Dark,
15.8139,7.0624,8.5470,0.0000,0.0000,0.3312,-0.5871,0.7387,0.0159,-0.6305,0.7760,0.1855,-0.6321,0.7523,0.0156,-0.0236,0.3300,Dark,
15.8248,7.0408,8.5344,0.0000,0.0000,0.3312,-0.5923,0.7345,0.0125,-0.6359,0.7717,0.1839,-0.6377,0.7480,0.0157,-0.0242,0.3306,Dark,
15.8362,7.0036,8.5059,0.0000,0.0000,0.3320,-0.5877,0.7378,0.0074,-0.6310,0.7758,0.1821,-0.6336,0.7519,0.0157,-0.0248,0.3312,Dark,
15.8472,6.9766,8.4925,0.0000,0.0000,0.3328,-0.5864,0.7385,0.0065,-0.6295,0.7770,0.1821,-0.6324,0.7529,0.0158,-0.0255,0.3318,Dark,
15.8581,6.9567,8.4628,0.0000,0.0000,0.3318,-0.5875,0.7381,0.0039,-0.6303,0.7763,0.1803,-0.6336,0.7524,0.0159,-0.0259,0.3324,Dark,
15.8694,6.9412,8.4220,0.0000,0.0000,0.3303,-0.5860,0.7399,0.0005,-0.6282,0.7780,0.1779,-0.6320,0.7543,0.0159,-0.0263,0.3330,Dark,
15.8807,6.9447,8.4096,0.0000,0.0000,0.3305,-0.5850,0.7407,0.0002,-0.6270,0.7790,0.1779,-0.6310,0.7551,0.0158,-0.0269,0.3337,Dark,
15.8915,6.9492,8.4123,0.0000,0.0000,0.3298,-0.5861,0.7401,-0.0011,-0.6279,0.7783,0.1768,-0.6320,0.7545,0.0159,-0.0274,0.3342,Dark,
15.9031,6.9474,8.4232,0.0000,0.0000,0.3299,-0.5846,0.7412,-0.0013,-0.6261,0.7797,0.1768,-0.6305,0.7558,0.0160,-0.0279,0.3346,Dark,
15.9139,6.9455,8.4372,0.0000,0.0000,0.3299,-0.5861,0.7401,-0.0019,-0.6275,0.7786,0.1765,-0.6319,0.7546,0.0160,-0.0286,0.3349,Dark,
15.9253,6.9565,8.4583,0.0000,0.0000,0.3307,-0.5878,0.7383,-0.0012,-0.6294,0.7770,0.1773,-0.6338,0.7529,0.0161,-0.0293,0.3351,Dark,
15.9364,6.9610,8.4694,0.0000,0.0000,0.3314,-0.5903,0.7360,-0.0006,-0.6322,0.7748,0.1779,-0.6364,0.7506,0.0163,-0.0300,0.3352,Dark,
15.9476,6.9650,8.4778,0.0000,0.0000,0.3319,-0.5921,0.7343,-0.0002,-0.6341,0.7732,0.1784,-0.6383,0.7488,0.0163,-0.0307,0.3353,Dark,
15.9584,6.9692,8.4689,0.0000,0.0000,0.3337,-0.5933,0.7326,0.0019,-0.6356,0.7720,0.1803,-0.6396,0.7472,0.0164,-0.0313,0.3354,Dark,
15.9696,6.9594,8.4519,0.0000,0.0000,0.3337,-0.5933,0.7325,0.0024,-0.6355,0.7721,0.1805,-0.6395,0.7473,0.0166,-0.0318,0.3356,Dark,
15.9807,6.9554,8.4441,0.0000,0.0000,0.3359,-0.5930,0.7318,0.0054,-0.6355,0.7721,0.1831,-0.6393,0.7468,0.0165,-0.0324,0.3358,Dark,
15.9920,6.9406,8.4159,0.0000,0.0000,0.3458,-0.5845,0.7340,0.0183,-0.6284,0.7777,0.1948,-0.6313,0.7507,0.0166,-0.0330,0.3360,Dark,
16.0032,6.9322,8.4084,0.0000,0.0000,0.3426,-0.5890,0.7319,0.0150,-0.6325,0.7744,0.1914,-0.6355,0.7480,0.0167,-0.0336,0.3361,Dark,
16.0144,6.9265,8.4078,0.0000,0.0000,0.3466,-0.5870,0.7316,0.0201,-0.6312,0.7754,0.1960,-0.6338,0.7483,0.0167,-0.0342,0.3363,Dark,
16.0255,6.9034,8.4004,0.0000,0.0000,0.3527,-0.5822,0.7325,0.0285,-0.6273,0.7783,0.2034,-0.6293,0.7501,0.0167,-0.0348,0.3362,Dark,
16.0364,6.9051,8.3994,0.0000,0.0000,0.3564,-0.5801,0.7325,0.0339,-0.6257,0.7793,0.2080,-0.6273,0.7505,0.0168,-0.0353,0.3362,Dark,
16.0480,6.9082,8.3853,0.0000,0.0000,0.3602,-0.5781,0.7322,0.0391,-0.6244,0.7802,0.2126,-0.6255,0.7507,0.0167,-0.0358,0.3362,Dark,
16.0588,6.8630,8.3738,0.0000,0.0000,0.3621,-0.5734,0.7349,0.0435,-0.6195,0.7838,0.2157,-0.6205,0.7539,0.0167,-0.0363,0.3361,Dark,
16.0697,6.8450,8.3708,0.0000,0.0000,0.3653,-0.5721,0.7343,0.0487,-0.6187,0.7841,0.2200,-0.6193,0.7537,0.0167,-0.0367,0.3360,Dark,
16.0810,6.8306,8.3601,0.0000,0.0000,0.3660,-0.5716,0.7344,0.0503,-0.6184,0.7843,0.2211,-0.6188,0.7538,0.0166,-0.0371,0.3361,Dark,
16.0926,6.8405,8.3463,0.0000,0.0000,0.3648,-0.5693,0.7367,0.0519,-0.6156,0.7864,0.2211,-0.6160,0.7561,0.0166,-0.0375,0.3360,Dark,
16.1034,6.8615,8.3411,0.0000,0.0000,0.3647,-0.5684,0.7376,0.0533,-0.6145,0.7871,0.2217,-0.6149,0.7568,0.0165,-0.0379,0.3359,Dark,
16.1145,6.8789,8.3322,0.0000,0.0000,0.3637,-0.5690,0.7375,0.0531,-0.6150,0.7867,0.2210,-0.6153,0.7566,0.0165,-0.0382,0.3360,Dark,
16.1255,6.8692,8.3344,0.0000,0.0000,0.3590,-0.5693,0.7396,0.0496,-0.6143,0.7875,0.2166,-0.6150,0.7582,0.0164,-0.0386,0.3359,Dark,
16.1367,6.8583,8.3361,0.0000,0.0000,0.3614,-0.5681,0.7393,0.0537,-0.6136,0.7878,0.2200,-0.6139,0.7581,0.0164,-0.0390,0.3357,Dark,
16.1480,6.8488,8.3237,0.0000,0.0000,0.3609,-0.5688,0.7390,0.0539,-0.6144,0.7871,0.2198,-0.6146,0.7576,0.0163,-0.0394,0.3358,Dark,
16.1589,6.8346,8.3086,0.0000,0.0000,0.3598,-0.5681,0.7402,0.0542,-0.6134,0.7879,0.2192,-0.6136,0.7585,0.0162,-0.0398,0.3356,Dark,
16.1700,6.8281,8.3044,0.0000,0.0000,0.3596,-0.5677,0.7405,0.0545,-0.6132,0.7881,0.2193,-0.6133,0.7588,0.0161,-0.0401,0.3354,Dark,
16.1812,6.8238,8.2817,0.0000,0.0000,0.3600,-0.5682,0.7400,0.0557,-0.6140,0.7874,0.2201,-0.6138,0.7581,0.0160,-0.0404,0.3355,Dark,
16.1927,6.8042,8.2539,0.0000,0.0000,0.3595,-0.5670,0.7411,0.0560,-0.6127,0.7883,0.2200,-0.6126,0.7592,0.0159,-0.0407,0.3354,Dark,
16.2034,6.8107,8.2460,0.0000,0.0000,0.3590,-0.5668,0.7415,0.0558,-0.6126,0.7884,0.2196,-0.6124,0.7595,0.0158,-0.0410,0.3353,Dark,
16.2146,6.8171,8.2361,0.0000,0.0000,0.3594,-0.5660,0.7419,0.0566,-0.6119,0.7889,0.2202,-0.6116,0.7599,0.0157,-0.0412,0.3355,Dark,
16.2257,6.8313,8.2294,0.0000,0.0000,0.3586,-0.5648,0.7432,0.0561,-0.6105,0.7900,0.2195,-0.6103,0.7612,0.0156,-0.0414,0.3354,Dark,
16.2374,6.8349,8.2289,0.0000,0.0000,0.3575,-0.5646,0.7439,0.0550,-0.6102,0.7903,0.2184,-0.6100,0.7617,0.0154,-0.0416,0.3357,Dark,
16.2482,6.8362,8.2255,0.0000,0.0000,0.3577,-0.5634,0.7447,0.0555,-0.6092,0.7911,0.2188,-0.6089,0.7625,0.0153,-0.0417,0.3357,Dark,
16.2593,6.8106,8.1998,0.0000,0.0000,0.3564,-0.5623,0.7462,0.0540,-0.6079,0.7921,0.2174,-0.6077,0.7638,0.0152,-0.0418,0.3356,Dark,
16.2703,6.8088,8.1804,0.0000,0.0000,0.3551,-0.5620,0.7471,0.0526,-0.6074,0.7926,0.2160,-0.6073,0.7646,0.0151,-0.0420,0.3356,Dark,
16.2815,6.8083,8.1694,0.0000,0.0000,0.3552,-0.5608,0.7479,0.0529,-0.6063,0.7935,0.2162,-0.6061,0.7654,0.0149,-0.0420,0.3358,Dark,
16.2928,6.8019,8.1584,0.0000,0.0000,0.3539,-0.5600,0.7491,0.0516,-0.6053,0.7943,0.2149,-0.6053,0.7665,0.0147,-0.0421,0.3358,Dark,
16.3040,6.7890,8.1577,0.0000,0.0000,0.3527,-0.5592,0.7502,0.0501,-0.6044,0.7951,0.2136,-0.6044,0.7675,0.0146,-0.0422,0.3358,Dark,
16.3148,6.7777,8.1626,0.0000,0.0000,0.3531,-0.5576,0.7512,0.0507,-0.6028,0.7963,0.2141,-0.6028,0.7686,0.0145,-0.0422,0.3361,Dark,
16.3263,6.7886,8.1679,0.0000,0.0000,0.3522,-0.5565,0.7525,0.0494,-0.6015,0.7973,0.2130,-0.6017,0.7698,0.0144,-0.0422,0.3362,Dark,
16.3372,6.7861,8.1691,0.0000,0.0000,0.3512,-0.5556,0.7536,0.0481,-0.6005,0.7982,0.2118,-0.6008,0.7708,0.0144,-0.0424,0.3362,Dark,
16.3488,6.7703,8.1656,0.0000,0.0000,0.3514,-0.5535,0.7551,0.0480,-0.5983,0.7998,0.2119,-0.5986,0.7725,0.0144,-0.0424,0.3366,Dark,
16.3597,6.7572,8.1643,0.0000,0.0000,0.3516,-0.5535,0.7550,0.0482,-0.5984,0.7998,0.2121,-0.5987,0.7724,0.0144,-0.0426,0.3367,Dark,
16.3707,6.7480,8.1635,0.0000,0.0000,0.3511,-0.5535,0.7552,0.0474,-0.5984,0.7998,0.2114,-0.5987,0.7725,0.0143,-0.0427,0.3369,Dark,
16.3817,6.7420,8.1636,0.0000,0.0000,0.3523,-0.5526,0.7553,0.0487,-0.5977,0.8003,0.2128,-0.5979,0.7728,0.0144,-0.0430,0.3370,Dark,
16.3929,6.7543,8.1545,0.0000,0.0000,0.3525,-0.5528,0.7551,0.0485,-0.5980,0.8001,0.2128,-0.5982,0.7726,0.0145,-0.0433,0.3371,Dark,
16.4042,6.7585,8.1467,0.0000,0.0000,0.3531,-0.5533,0.7545,0.0489,-0.5987,0.7995,0.2133,-0.5988,0.7720,0.0147,-0.0436,0.3374,Dark,
16.4151,6.7916,8.1909,0.0000,0.0000,0.3544,-0.5518,0.7550,0.0497,-0.5975,0.8003,0.2144,-0.5975,0.7727,0.0150,-0.0441,0.3376,Dark,
16.4267,6.8160,8.2380,0.0000,0.0000,0.3664,-0.5425,0.7559,0.0640,-0.5901,0.8048,0.2279,-0.5890,0.7753,0.0156,-0.0446,0.3379,Dark,
16.4378,6.8569,8.2766,0.0000,0.0000,0.3666,-0.5495,0.7508,0.0621,-0.5979,0.7992,0.2270,-0.5965,0.7698,0.0162,-0.0453,0.3384,Dark,
16.4489,6.9195,8.3641,0.0000,0.0000,0.3871,-0.5535,0.7374,0.0843,-0.6067,0.7904,0.2488,-0.6027,0.7582,0.0170,-0.0461,0.3386,Dark,
16.4599,6.9398,8.3945,0.0000,0.0000,0.4075,-0.5506,0.7285,0.1070,-0.6081,0.7866,0.2709,-0.6017,0.7514,0.0178,-0.0471,0.3389,Dark,
16.4711,6.9703,8.4153,0.0000,0.0000,0.4075,-0.5591,0.7220,0.1024,-0.6176,0.7798,0.2687,-0.6111,0.7446,0.0187,-0.0482,0.3391,Dark,
16.4818,6.9903,8.4273,0.0000,0.0000,0.4051,-0.5760,0.7100,0.0925,-0.6359,0.7662,0.2625,-0.6292,0.7316,0.0196,-0.0494,0.3391,Dark,
16.4930,6.9865,8.4256,0.0000,0.0000,0.4087,-0.5860,0.6997,0.0931,-0.6476,0.7563,0.2647,-0.6402,0.7212,0.0207,-0.0507,0.3390,Dark,
16.5044,6.9871,8.4236,0.0000,0.0000,0.4148,-0.5913,0.6916,0.0970,-0.6548,0.7495,0.2698,-0.6467,0.7134,0.0218,-0.0520,0.3391,Dark,
16.5156,6.9844,8.3949,0.0000,0.0000,0.4280,-0.5956,0.6798,0.1085,-0.6628,0.7409,0.2826,-0.6528,0.7028,0.0230,-0.0534,0.3391,Dark,
16.5264,6.9611,8.3735,0.0000,0.0000,0.4320,-0.6029,0.6707,0.1110,-0.6718,0.7324,0.2858,-0.6611,0.6938,0.0242,-0.0549,0.3392,Dark,
16.5377,6.9446,8.3478,0.0000,0.0000,0.4364,-0.6075,0.6637,0.1134,-0.6780,0.7263,0.2893,-0.6666,0.6870,0.0254,-0.0564,0.3394,Dark,
16.5487,6.9458,8.3445,0.0000,0.0000,0.4462,-0.6066,0.6580,0.1227,-0.6795,0.7233,0.2990,-0.6669,0.6825,0.0265,-0.0579,0.3397,Dark,
16.5598,6.9151,8.3443,0.0000,0.0000,0.4507,-0.6076,0.6540,0.1267,-0.6817,0.7206,0.3033,-0.6686,0.6790,0.0277,-0.0594,0.3397,Dark,
16.5712,6.8598,8.3304,0.0000,0.0000,0.4536,-0.5934,0.6649,0.1258,-0.6674,0.7340,0.3046,-0.6549,0.6916,0.0288,-0.0609,0.3397,Dark,
16.5822,6.8338,8.3221,0.0000,0.0000,0.4640,-0.6039,0.6481,0.1384,-0.6812,0.7189,0.3161,-0.6667,0.6749,0.0299,-0.0621,0.3397,Dark,
16.5935,6.8356,8.3153,0.0000,0.0000,0.4639,-0.6049,0.6472,0.1379,-0.6819,0.7183,0.3157,-0.6676,0.6743,0.0309,-0.0634,0.3398,Dark,
16.6049,6.8417,8.2977,0.0000,0.0000,0.4613,-0.6054,0.6486,0.1314,-0.6818,0.7197,0.3110,-0.6683,0.6758,0.0318,-0.0645,0.3399,Dark,
16.6160,6.8073,8.2721,0.0000,0.0000,0.4157,-0.6112,0.6735,0.0709,-0.6757,0.7337,0.2563,-0.6700,0.6967,0.0327,-0.0653,0.3404,Dark,
16.6269,6.7886,8.2633,0.0000,0.0000,0.4382,-0.6082,0.6618,0.0973,-0.6783,0.7283,0.2815,-0.6693,0.6876,0.0336,-0.0661,0.3409,Dark,
16.6381,6.7346,8.2491,0.0000,0.0000,0.3937,-0.6117,0.6862,0.0394,-0.6700,0.7413,0.2284,-0.6686,0.7077,0.0344,-0.0669,0.3415,Dark,
16.6492,6.6557,8.2445,0.0000,0.0000,0.3974,-0.6075,0.6878,0.0374,-0.6665,0.7445,0.2296,-0.6654,0.7103,0.0353,-0.0676,0.3423,Dark,
16.6606,6.6505,8.2501,0.0000,0.0000,0.3869,-0.6061,0.6949,0.0216,-0.6621,0.7491,0.2158,-0.6632,0.7167,0.0361,-0.0683,0.3429,Dark,
16.6716,6.6433,8.2037,0.0000,0.0000,0.3756,-0.6033,0.7036,-0.0005,-0.6559,0.7549,0.1986,-0.6600,0.7246,0.0370,-0.0690,0.3436,Dark,
16.6830,6.6410,8.1936,0.0000,0.0000,0.3816,-0.6033,0.7003,0.0008,-0.6573,0.7536,0.2025,-0.6612,0.7223,0.0378,-0.0697,0.3440,Dark,
16.6940,6.6425,8.1856,0.0000,0.0000,0.3833,-0.6039,0.6988,-0.0015,-0.6582,0.7528,0.2021,-0.6625,0.7213,0.0386,-0.0704,0.3443,Dark,
16.7049,6.6436,8.1815,0.0000,0.0000,0.3851,-0.6041,0.6977,-0.0087,-0.6587,0.7524,0.1995,-0.6639,0.7207,0.0393,-0.0708,0.3446,Dark,
16.7158,6.6456,8.1789,0.0000,0.0000,0.3885,-0.6050,0.6950,-0.0095,-0.6602,0.7510,0.2009,-0.6656,0.7188,0.0400,-0.0713,0.3449,Dark,
16.7267,6.6367,8.1760,0.0000,0.0000,0.3874,-0.6047,0.6958,-0.0142,-0.6593,0.7518,0.1979,-0.6655,0.7197,0.0406,-0.0716,0.3453,Dark,
16.7381,6.5989,8.1522,0.0000,0.0000,0.3922,-0.6049,0.6930,-0.0135,-0.6604,0.7508,0.2008,-0.6666,0.7178,0.0412,-0.0718,0.3460,Dark,
16.7490,6.5746,8.1427,0.0000,0.0000,0.3939,-0.6039,0.6929,-0.0139,-0.6595,0.7516,0.2014,-0.6660,0.7183,0.0418,-0.0720,0.3466,Dark,
16.7605,6.5488,8.1360,0.0000,0.0000,0.3945,-0.6024,0.6939,-0.0141,-0.6579,0.7530,0.2016,-0.6646,0.7195,0.0424,-0.0721,0.3472,Dark,
16.7719,6.5281,8.1180,0.0000,0.0000,0.3943,-0.6012,0.6951,-0.0165,-0.6563,0.7543,0.2002,-0.6634,0.7210,0.0429,-0.0722,0.3479,Dark,
16.7826,6.5295,8.1238,0.0000,0.0000,0.3945,-0.6002,0.6958,-0.0178,-0.6551,0.7553,0.1995,-0.6625,0.7220,0.0434,-0.0723,0.3485,Dark,
16.7937,6.5484,8.1291,0.0000,0.0000,0.3947,-0.5999,0.6960,-0.0188,-0.6546,0.7557,0.1991,-0.6623,0.7223,0.0439,-0.0725,0.3491,Dark,
16.8050,6.5801,8.1193,0.0000,0.0000,0.3952,-0.5997,0.6958,-0.0222,-0.6544,0.7558,0.1976,-0.6626,0.7224,0.0445,-0.0728,0.3496,Dark,
16.8161,6.5914,8.1175,0.0000,0.0000,0.3966,-0.6004,0.6945,-0.0235,-0.6552,0.7551,0.1977,-0.6637,0.7214,0.0449,-0.0731,0.3500,Dark,
16.8271,6.5877,8.1154,0.0000,0.0000,0.3974,-0.6013,0.6932,-0.0247,-0.6562,0.7542,0.1974,-0.6649,0.7204,0.0454,-0.0735,0.3504,Dark,
16.8384,6.5925,8.1336,0.0000,0.0000,0.3971,-0.6026,0.6922,-0.0285,-0.6572,0.7532,0.1952,-0.6665,0.7195,0.0459,-0.0739,0.3508,Dark,
16.8494,6.6008,8.1341,0.0000,0.0000,0.3977,-0.6035,0.6911,-0.0293,-0.6580,0.7525,0.1951,-0.6675,0.7186,0.0464,-0.0743,0.3512,Dark,
16.8607,6.6071,8.1337,0.0000,0.0000,0.3978,-0.6046,0.6901,-0.0303,-0.6590,0.7516,0.1945,-0.6687,0.7176,0.0470,-0.0749,0.3516,Dark,
16.8718,6.6213,8.1305,0.0000,0.0000,0.3968,-0.6059,0.6895,-0.0334,-0.6599,0.7506,0.1923,-0.6701,0.7169,0.0474,-0.0754,0.3520,Dark,
16.8829,6.6268,8.1263,0.0000,0.0000,0.3973,-0.6072,0.6881,-0.0342,-0.6613,0.7494,0.1921,-0.6716,0.7156,0.0479,-0.0760,0.3524,Dark,
16.8939,6.6173,8.1237,0.0000,0.0000,0.3969,-0.6095,0.6863,-0.0356,-0.6636,0.7472,0.1910,-0.6741,0.7136,0.0483,-0.0767,0.3527,Dark,
16.9051,6.6060,8.1247,0.0000,0.0000,0.3949,-0.6123,0.6849,-0.0396,-0.6659,0.7450,0.1878,-0.6769,0.7118,0.0488,-0.0773,0.3529,Dark,
16.9163,6.6036,8.1198,0.0000,0.0000,0.3942,-0.6151,0.6828,-0.0412,-0.6684,0.7426,0.1865,-0.6797,0.7094,0.0492,-0.0779,0.3531,Dark,
16.9273,6.5897,8.1157,0.0000,0.0000,0.3934,-0.6176,0.6810,-0.0426,-0.6707,0.7406,0.1853,-0.6821,0.7074,0.0495,-0.0785,0.3532,Dark,
16.9386,6.5731,8.1126,0.0000,0.0000,0.3916,-0.6198,0.6801,-0.0454,-0.6722,0.7390,0.1827,-0.6841,0.7062,0.0498,-0.0790,0.3535,Dark,
16.9497,6.5683,8.0935,0.0000,0.0000,0.3923,-0.6212,0.6784,-0.0447,-0.6739,0.7375,0.1834,-0.6856,0.7044,0.0501,-0.0796,0.3537,Dark,
16.9607,6.5602,8.0782,0.0000,0.0000,0.3918,-0.6221,0.6778,-0.0449,-0.6748,0.7366,0.1830,-0.6865,0.7037,0.0503,-0.0801,0.3540,Dark,
16.9721,6.5461,8.0482,0.0000,0.0000,0.3892,-0.6236,0.6780,-0.0467,-0.6756,0.7358,0.1806,-0.6876,0.7033,0.0504,-0.0806,0.3543,Dark,
16.9837,6.5390,8.0377,0.0000,0.0000,0.3884,-0.6250,0.6771,-0.0469,-0.6769,0.7345,0.1801,-0.6889,0.7022,0.0506,-0.0811,0.3545,Dark,
16.9940,6.5341,8.0313,0.0000,0.0000,0.3869,-0.6262,0.6769,-0.0475,-0.6778,0.7337,0.1789,-0.6898,0.7016,0.0507,-0.0815,0.3547,Dark,
17.0053,6.5296,8.0135,0.0000,0.0000,0.3835,-0.6274,0.6777,-0.0487,-0.6781,0.7333,0.1764,-0.6903,0.7017,0.0509,-0.0820,0.3550,Dark,
17.0166,6.5291,8.0004,0.0000,0.0000,0.3830,-0.6291,0.6764,-0.0481,-0.6797,0.7319,0.1764,-0.6918,0.7003,0.0511,-0.0825,0.3552,Dark,
17.0280,6.5331,7.9900,0.0000,0.0000,0.3810,-0.6305,0.6762,-0.0488,-0.6807,0.7309,0.1749,-0.6928,0.6996,0.0512,-0.0831,0.3553,Dark,
17.0387,6.5252,7.9753,0.0000,0.0000,0.3774,-0.6317,0.6772,-0.0504,-0.6810,0.7305,0.1721,-0.6933,0.6998,0.0512,-0.0836,0.3555,Dark,
17.0497,6.5157,7.9550,0.0000,0.0000,0.3759,-0.6330,0.6767,-0.0510,-0.6822,0.7294,0.1709,-0.6944,0.6990,0.0513,-0.0842,0.3556,Dark,
17.0611,6.5079,7.9391,0.0000,0.0000,0.3743,-0.6355,0.6753,-0.0518,-0.6845,0.7271,0.1696,-0.6967,0.6970,0.0513,-0.0849,0.3558,Dark,
17.0724,6.5318,7.9544,0.0000,0.0000,0.3705,-0.6374,0.6756,-0.0538,-0.6857,0.7259,0.1665,-0.6980,0.6965,0.0513,-0.0856,0.3559,Dark,
17.0833,6.5578,7.9814,0.0000,0.0000,0.3680,-0.6403,0.6742,-0.0558,-0.6883,0.7233,0.1642,-0.7007,0.6943,0.0510,-0.0863,0.3560,Dark,
17.0945,6.6425,8.0313,0.0000,0.0000,0.3636,-0.6441,0.6729,-0.0597,-0.6913,0.7201,0.1599,-0.7040,0.6919,0.0507,-0.0871,0.3560,Dark,
17.1059,6.6740,8.0502,0.0000,0.0000,0.3601,-0.6481,0.6710,-0.0636,-0.6948,0.7163,0.1562,-0.7078,0.6890,0.0503,-0.0879,0.3561,Dark,
17.1168,6.6952,8.0517,0.0000,0.0000,0.3562,-0.6522,0.6692,-0.0680,-0.6985,0.7124,0.1520,-0.7116,0.6859,0.0498,-0.0888,0.3562,Dark,
17.1281,6.6889,8.0616,0.0000,0.0000,0.3524,-0.6559,0.6675,-0.0728,-0.7019,0.7086,0.1476,-0.7153,0.6831,0.0492,-0.0898,0.3563,Dark,
17.1392,6.6823,8.0707,0.0000,0.0000,0.3478,-0.6597,0.6662,-0.0785,-0.7052,0.7047,0.1425,-0.7189,0.6803,0.0485,-0.0908,0.3564,Dark,
17.1502,6.6770,8.0777,0.0000,0.0000,0.3411,-0.6637,0.6657,-0.0862,-0.7081,0.7009,0.1351,-0.7224,0.6781,0.0477,-0.0919,0.3566,Dark,
17.1613,6.6659,8.0901,0.0000,0.0000,0.3363,-0.6681,0.6638,-0.0928,-0.7120,0.6960,0.1295,-0.7268,0.6746,0.0467,-0.0931,0.3568,Dark,
17.1726,6.6615,8.1014,0.0000,0.0000,0.3278,-0.6731,0.6630,-0.1024,-0.7154,0.6911,0.1203,-0.7311,0.6716,0.0454,-0.0944,0.3570,Dark,
17.1838,6.6845,8.1086,0.0000,0.0000,0.3170,-0.6798,0.6613,-0.1141,-0.7200,0.6845,0.1088,-0.7368,0.6673,0.0439,-0.0957,0.3570,Dark,
17.1948,6.7310,8.1165,0.0000,0.0000,0.2953,-0.6962,0.6543,-0.1406,-0.7303,0.6685,0.0837,-0.7507,0.6553,0.0423,-0.0971,0.3570,Dark,
17.2062,6.7474,8.1224,0.0000,0.0000,0.2833,-0.7041,0.6512,-0.1550,-0.7354,0.6597,0.0703,-0.7574,0.6492,0.0407,-0.0984,0.3570,Dark,
17.2172,6.7612,8.1249,0.0000,0.0000,0.2601,-0.7206,0.6427,-0.1801,-0.7446,0.6428,0.0450,-0.7704,0.6359,0.0391,-0.0997,0.3568,Dark,
17.2286,6.7777,8.1376,0.0000,0.0000,0.2393,-0.7349,0.6346,-0.2031,-0.7518,0.6273,0.0221,-0.7815,0.6236,0.0374,-0.1010,0.3566,Dark,
17.2395,6.7837,8.1483,0.0000,0.0000,0.2246,-0.7432,0.6302,-0.2183,-0.7555,0.6178,0.0067,-0.7875,0.6163,0.0358,-0.1023,0.3565,Dark,
17.2508,6.7536,8.1566,0.0000,0.0000,0.2140,-0.7470,0.6294,-0.2300,-0.7558,0.6130,-0.0047,-0.7897,0.6134,0.0341,-0.1034,0.3565,Dark,
17.2615,6.7268,8.1552,0.0000,0.0000,0.2032,-0.7495,0.6300,-0.2403,-0.7550,0.6101,-0.0153,-0.7905,0.6123,0.0324,-0.1045,0.3566,Dark,
17.2728,6.7270,8.1280,0.0000,0.0000,0.1965,-0.7473,0.6348,-0.2449,-0.7514,0.6127,-0.0207,-0.7874,0.6161,0.0306,-0.1056,0.3567,Dark,
17.2843,6.7180,8.1050,0.0000,0.0000,0.1886,-0.7464,0.6383,-0.2522,-0.7483,0.6135,-0.0281,-0.7854,0.6184,0.0286,-0.1065,0.3568,Dark,
17.2950,6.6960,8.0948,0.0000,0.0000,0.1838,-0.7391,0.6480,-0.2531,-0.7409,0.6220,-0.0303,-0.7776,0.6280,0.0267,-0.1072,0.3568,Dark,
17.3061,6.6800,8.0711,0.0000,0.0000,0.1733,-0.7391,0.6509,-0.2591,-0.7388,0.6221,-0.0384,-0.7760,0.6296,0.0248,-0.1079,0.3569,Dark,
17.3174,6.6643,8.0535,0.0000,0.0000,0.1658,-0.7381,0.6540,-0.2640,-0.7365,0.6228,-0.0445,-0.7741,0.6315,0.0231,-0.1084,0.3570,Dark,
17.3287,6.6615,8.0613,0.0000,0.0000,0.1593,-0.7358,0.6581,-0.2606,-0.7345,0.6265,-0.0456,-0.7708,0.6355,0.0216,-0.1087,0.3572,Dark,
17.3397,6.6701,8.0526,0.0000,0.0000,0.1582,-0.7319,0.6628,-0.2535,-0.7322,0.6321,-0.0421,-0.7666,0.6408,0.0203,-0.1090,0.3575,Dark,
17.3507,6.6896,8.0470,0.0000,0.0000,0.1637,-0.7256,0.6683,-0.2429,-0.7290,0.6399,-0.0331,-0.7613,0.6476,0.0190,-0.1092,0.3577,Dark,
17.3617,6.6989,8.0140,0.0000,0.0000,0.1659,-0.7194,0.6745,-0.2251,-0.7262,0.6496,-0.0225,-0.7548,0.6555,0.0178,-0.1093,0.3578,Dark,
17.3730,6.6916,8.0126,0.0000,0.0000,0.1671,-0.7151,0.6788,-0.2135,-0.7240,0.6559,-0.0156,-0.7503,0.6609,0.0165,-0.1095,0.3580,Dark,
17.3845,6.7039,8.0133,0.0000,0.0000,0.1676,-0.7116,0.6823,-0.1980,-0.7229,0.6620,-0.0071,-0.7462,0.6657,0.0152,-0.1096,0.3582,Dark,
17.3954,6.7134,8.0140,0.0000,0.0000,0.1622,-0.7097,0.6856,-0.1972,-0.7207,0.6646,-0.0094,-0.7435,0.6686,0.0137,-0.1096,0.3583,Dark,
17.4066,6.7224,8.0365,0.0000,0.0000,0.1554,-0.7081,0.6888,-0.1962,-0.7189,0.6669,-0.0122,-0.7410,0.6714,0.0123,-0.1097,0.3584,Dark,
17.4175,6.7397,8.0541,0.0000,0.0000,0.1469,-0.7082,0.6906,-0.1991,-0.7182,0.6668,-0.0180,-0.7401,0.6723,0.0109,-0.1097,0.3584,Dark,
17.4288,6.7573,8.0660,0.0000,0.0000,0.1395,-0.7077,0.6927,-0.1948,-0.7178,0.6685,-0.0197,-0.7383,0.6741,0.0095,-0.1097,0.3584,Dark,
17.4403,6.7606,8.0805,0.0000,0.0000,0.1331,-0.7076,0.6940,-0.1947,-0.7176,0.6687,-0.0228,-0.7375,0.6749,0.0083,-0.1097,0.3584,Dark,
17.4513,6.7874,8.0822,0.0000,0.0000,0.1274,-0.7075,0.6951,-0.1896,-0.7179,0.6699,-0.0232,-0.7365,0.6760,0.0072,-0.1096,0.3584,Dark,
17.4622,6.7866,8.0753,0.0000,0.0000,0.1219,-0.7066,0.6971,-0.1894,-0.7166,0.6712,-0.0260,-0.7348,0.6777,0.0060,-0.1096,0.3584,Dark,
17.4732,6.7854,8.0796,0.0000,0.0000,0.1147,-0.7067,0.6981,-0.1897,-0.7162,0.6716,-0.0299,-0.7340,0.6785,0.0048,-0.1096,0.3585,Dark,
17.4850,6.7866,8.0828,0.0000,0.0000,0.1079,-0.7069,0.6990,-0.1923,-0.7157,0.6714,-0.0347,-0.7334,0.6789,0.0035,-0.1095,0.3585,Dark,
17.4963,6.7860,8.1024,0.0000,0.0000,0.1042,-0.7058,0.7007,-0.1870,-0.7150,0.6737,-0.0339,-0.7317,0.6808,0.0023,-0.1095,0.3584,Dark,
17.5066,6.7864,8.1285,0.0000,0.0000,0.0989,-0.7055,0.7017,-0.1884,-0.7143,0.6740,-0.0373,-0.7308,0.6815,0.0011,-0.1094,0.3584,Dark,
17.5179,6.7951,8.1486,0.0000,0.0000,0.0945,-0.7052,0.7026,-0.1902,-0.7138,0.6740,-0.0404,-0.7302,0.6820,-0.0001,-0.1094,0.3582,Dark,
17.5291,6.8160,8.1646,0.0000,0.0000,0.0942,-0.7040,0.7039,-0.1858,-0.7133,0.6758,-0.0383,-0.7288,0.6836,-0.0011,-0.1094,0.3581,Dark,
17.5403,6.8272,8.1580,0.0000,0.0000,0.0919,-0.7037,0.7045,-0.1850,-0.7131,0.6763,-0.0390,-0.7283,0.6842,-0.0020,-0.1094,0.3580,Dark,
17.5517,6.8217,8.1508,0.0000,0.0000,0.0920,-0.7031,0.7051,-0.1841,-0.7129,0.6767,-0.0385,-0.7278,0.6847,-0.0027,-0.1093,0.3579,Dark,
17.5627,6.8194,8.1290,0.0000,0.0000,0.0964,-0.7015,0.7061,-0.1763,-0.7126,0.6790,-0.0322,-0.7265,0.6864,-0.0034,-0.1093,0.3578,Dark,
17.5738,6.8221,8.1299,0.0000,0.0000,0.0971,-0.7005,0.7070,-0.1725,-0.7122,0.6804,-0.0300,-0.7255,0.6875,-0.0040,-0.1093,0.3578,Dark,
17.5850,6.8106,8.1317,0.0000,0.0000,0.1011,-0.6987,0.7082,-0.1636,-0.7117,0.6831,-0.0235,-0.7239,0.6895,-0.0045,-0.1092,0.3578,Dark,
17.5963,6.8196,8.1315,0.0000,0.0000,0.1012,-0.6973,0.7096,-0.1612,-0.7107,0.6847,-0.0222,-0.7225,0.6910,-0.0051,-0.1092,0.3578,Dark,
17.6070,6.8266,8.1457,0.0000,0.0000,0.0987,-0.6966,0.7107,-0.1617,-0.7099,0.6855,-0.0238,-0.7215,0.6920,-0.0057,-0.1089,0.3577,Dark,
17.6182,6.8254,8.1616,0.0000,0.0000,0.1008,-0.6943,0.7125,-0.1555,-0.7084,0.6884,-0.0196,-0.7193,0.6944,-0.0064,-0.1088,0.3577,Dark,
17.6296,6.8212,8.1653,0.0000,0.0000,0.0991,-0.6932,0.7139,-0.1553,-0.7073,0.6896,-0.0204,-0.7180,0.6957,-0.0072,-0.1087,0.3577,Dark,
17.6407,6.8168,8.1808,0.0000,0.0000,0.0962,-0.6922,0.7153,-0.1566,-0.7062,0.6905,-0.0225,-0.7168,0.6969,-0.0080,-0.1084,0.3576,Dark,
17.6516,6.9160,8.2034,0.0000,0.0000,0.0884,-0.6926,0.7159,-0.1624,-0.7056,0.6897,-0.0295,-0.7166,0.6969,-0.0088,-0.1082,0.3576,Dark,
17.6626,6.8898,8.2123,0.0000,0.0000,0.0569,-0.7038,0.7082,-0.1920,-0.7118,0.6756,-0.0608,-0.7251,0.6859,-0.0096,-0.1077,0.3577,Dark,
17.6736,6.8652,8.1884,0.0000,0.0000,0.0142,-0.7139,0.7001,-0.2409,-0.7141,0.6573,-0.1075,-0.7321,0.6727,-0.0105,-0.1072,0.3579,Dark,
17.6849,6.8217,8.1443,0.0000,0.0000,-0.0887,-0.7351,0.6722,-0.3474,-0.7145,0.6073,-0.2148,-0.7437,0.6330,-0.0114,-0.1066,0.3581,Dark,
17.6962,6.8188,8.1270,0.0000,0.0000,-0.1391,-0.7360,0.6626,-0.3955,-0.7058,0.5877,-0.2653,-0.7399,0.6182,-0.0124,-0.1058,0.3583,Dark,
17.7070,6.8234,8.1166,0.0000,0.0000,-0.1582,-0.7318,0.6629,-0.4196,-0.6971,0.5814,-0.2874,-0.7342,0.6151,-0.0133,-0.1049,0.3585,Dark,
17.7184,6.8303,8.0747,0.0000,0.0000,-0.1533,-0.7256,0.6708,-0.4279,-0.6899,0.5839,-0.2892,-0.7290,0.6205,-0.0145,-0.1040,0.3587,Dark,
17.7297,6.7861,8.0444,0.0000,0.0000,-0.1539,-0.7235,0.6730,-0.4356,-0.6868,0.5819,-0.2934,-0.7272,0.6206,-0.0157,-0.1031,0.3589,Dark,
17.7409,6.7478,7.9995,0.0000,0.0000,-0.1548,-0.7205,0.6760,-0.4453,-0.6824,0.5796,-0.2988,-0.7245,0.6211,-0.0169,-0.1022,0.3591,Dark,
17.7515,6.6920,7.9376,0.0000,0.0000,-0.2008,-0.7209,0.6634,-0.4999,-0.6695,0.5494,-0.3510,-0.7197,0.5990,-0.0185,-0.1009,0.3592,Dark,
17.7628,6.6774,7.8625,0.0000,0.0000,-0.1997,-0.7163,0.6686,-0.5053,-0.6648,0.5502,-0.3531,-0.7160,0.6023,-0.0200,-0.0999,0.3592,Dark,
17.7738,6.5471,7.6962,0.0000,0.0000,-0.1835,-0.7058,0.6842,-0.5017,-0.6570,0.5627,-0.3429,-0.7083,0.6170,-0.0214,-0.0987,0.3592,Dark,
17.7850,6.4530,7.6103,0.0000,0.0000,-0.1896,-0.6950,0.6936,-0.5077,-0.6462,0.5697,-0.3489,-0.6977,0.6256,-0.0230,-0.0975,0.3593,Dark,
17.7964,6.3783,7.5559,0.0000,0.0000,-0.2005,-0.6817,0.7037,-0.5165,-0.6323,0.5773,-0.3590,-0.6841,0.6349,-0.0245,-0.0965,0.3593,Dark,
17.8072,6.4950,7.6103,0.0000,0.0000,-0.2179,-0.6738,0.7060,-0.5294,-0.6225,0.5764,-0.3745,-0.6750,0.6357,-0.0260,-0.0954,0.3593,Dark,
17.8184,6.5889,7.6918,0.0000,0.0000,-0.2305,-0.6696,0.7060,-0.5391,-0.6168,0.5735,-0.3859,-0.6699,0.6343,-0.0272,-0.0943,0.3593,Dark,
17.8298,6.6664,7.8143,0.0000,0.0000,-0.2381,-0.6647,0.7082,-0.5440,-0.6119,0.5741,-0.3922,-0.6648,0.6358,-0.0286,-0.0933,0.3593,Dark,
17.8409,6.7865,8.0078,0.0000,0.0000,-0.2358,-0.6707,0.7032,-0.5426,-0.6187,0.5682,-0.3899,-0.6713,0.6303,-0.0297,-0.0923,0.3592,Dark,
17.8518,6.8258,8.0755,0.0000,0.0000,-0.2342,-0.6749,0.6998,-0.5427,-0.6232,0.5631,-0.3890,-0.6759,0.6260,-0.0309,-0.0914,0.3590,Dark,
17.8631,6.8701,8.1633,0.0000,0.0000,-0.2256,-0.6840,0.6938,-0.5390,-0.6332,0.5555,-0.3824,-0.6859,0.6191,-0.0320,-0.0905,0.3588,Dark,
17.8741,6.8810,8.1707,0.0000,0.0000,-0.2118,-0.6848,0.6972,-0.5290,-0.6375,0.5601,-0.3698,-0.6889,0.6235,-0.0329,-0.0896,0.3585,Dark,
17.8855,6.8850,8.1726,0.0000,0.0000,-0.1953,-0.6856,0.7013,-0.5180,-0.6421,0.5652,-0.3553,-0.6920,0.6284,-0.0338,-0.0889,0.3581,Dark,
17.8967,6.8967,8.1808,0.0000,0.0000,-0.1582,-0.6860,0.7102,-0.4906,-0.6510,0.5792,-0.3213,-0.6975,0.6406,-0.0347,-0.0883,0.3577,Dark,
17.9077,6.9057,8.2037,0.0000,0.0000,-0.1444,-0.6834,0.7156,-0.4802,-0.6523,0.5864,-0.3084,-0.6971,0.6472,-0.0354,-0.0875,0.3573,Dark,
17.9187,6.9266,8.2238,0.0000,0.0000,-0.1324,-0.6819,0.7193,-0.4722,-0.6542,0.5909,-0.2978,-0.6977,0.6516,-0.0360,-0.0870,0.3569,Dark,
17.9298,6.9435,8.2305,0.0000,0.0000,-0.1211,-0.6796,0.7235,-0.4636,-0.6552,0.5965,-0.2873,-0.6972,0.6568,-0.0365,-0.0865,0.3564,Dark,
17.9412,6.9889,8.2508,0.0000,0.0000,-0.1032,-0.6760,0.7297,-0.4511,-0.6563,0.6047,-0.2711,-0.6965,0.6644,-0.0369,-0.0858,0.3560,Dark,
17.9522,7.0084,8.2629,0.0000,0.0000,-0.0940,-0.6740,0.7327,-0.4444,-0.6573,0.6086,-0.2626,-0.6962,0.6681,-0.0374,-0.0854,0.3555,Dark,
17.9631,7.0224,8.2735,0.0000,0.0000,-0.0889,-0.6717,0.7355,-0.4412,-0.6569,0.6114,-0.2581,-0.6950,0.6711,-0.0378,-0.0850,0.3550,Dark,
17.9745,7.0287,8.3002,0.0000,0.0000,-0.0793,-0.6691,0.7389,-0.4349,-0.6573,0.6155,-0.2496,-0.6942,0.6751,-0.0381,-0.0844,0.3544,Dark,
17.9856,7.0537,8.3130,0.0000,0.0000,-0.0734,-0.6675,0.7410,-0.4302,-0.6578,0.6183,-0.2439,-0.6937,0.6777,-0.0384,-0.0841,0.3538,Dark,
17.9968,7.0837,8.3198,0.0000,0.0000,-0.0651,-0.6658,0.7433,-0.4241,-0.6588,0.6215,-0.2361,-0.6936,0.6806,-0.0388,-0.0838,0.3531,Dark,
18.0082,7.0908,8.3420,0.0000,0.0000,-0.0628,-0.6651,0.7441,-0.4222,-0.6593,0.6222,-0.2339,-0.6935,0.6815,-0.0390,-0.0834,0.3525,Dark,
18.0187,7.1290,8.3596,0.0000,0.0000,-0.0622,-0.6643,0.7448,-0.4219,-0.6593,0.6223,-0.2333,-0.6932,0.6819,-0.0393,-0.0831,0.3519,Dark,
18.0299,7.1852,8.4322,0.0000,0.0000,-0.0385,-0.6648,0.7460,-0.3955,-0.6673,0.6311,-0.2069,-0.6967,0.6869,-0.0396,-0.0828,0.3513,Dark,
18.0413,7.2064,8.4576,0.0000,0.0000,-0.0165,-0.6647,0.7469,-0.3707,-0.6742,0.6388,-0.1823,-0.6994,0.6911,-0.0399,-0.0824,0.3507,Dark,
18.0524,7.2178,8.4748,0.0000,0.0000,-0.0048,-0.6643,0.7475,-0.3580,-0.6777,0.6423,-0.1694,-0.7006,0.6932,-0.0402,-0.0821,0.3502,Dark,
18.0635,7.1992,8.4951,0.0000,0.0000,0.0161,-0.6645,0.7471,-0.3351,-0.6843,0.6477,-0.1464,-0.7035,0.6955,-0.0406,-0.0818,0.3497,Dark,
18.0747,7.1788,8.4939,0.0000,0.0000,0.0209,-0.6662,0.7455,-0.3291,-0.6878,0.6470,-0.1407,-0.7058,0.6942,-0.0410,-0.0815,0.3492,Dark,
18.0857,7.1739,8.4926,0.0000,0.0000,0.0251,-0.6653,0.7462,-0.3242,-0.6885,0.6487,-0.1359,-0.7056,0.6955,-0.0414,-0.0812,0.3486,Dark,
18.0971,7.1721,8.4983,0.0000,0.0000,0.0334,-0.6655,0.7456,-0.3142,-0.6916,0.6504,-0.1263,-0.7069,0.6959,-0.0418,-0.0809,0.3481,Dark,
18.1082,7.1744,8.5017,0.0000,0.0000,0.0303,-0.6663,0.7451,-0.3170,-0.6920,0.6486,-0.1294,-0.7075,0.6948,-0.0422,-0.0807,0.3477,Dark,
18.1191,7.1769,8.5047,0.0000,0.0000,0.0347,-0.6661,0.7450,-0.3114,-0.6933,0.6499,-0.1241,-0.7078,0.6954,-0.0424,-0.0804,0.3472,Dark,
18.1304,7.1771,8.5260,0.0000,0.0000,0.0319,-0.6692,0.7424,-0.3137,-0.6960,0.6460,-0.1268,-0.7107,0.6920,-0.0428,-0.0802,0.3467,Dark,
18.1418,7.1767,8.5186,0.0000,0.0000,0.0309,-0.6693,0.7423,-0.3140,-0.6962,0.6456,-0.1275,-0.7108,0.6918,-0.0431,-0.0799,0.3462,Dark,
18.1525,7.1752,8.5118,0.0000,0.0000,0.0251,-0.6717,0.7404,-0.3196,-0.6974,0.6415,-0.1334,-0.7126,0.6887,-0.0435,-0.0796,0.3459,Dark,
18.1637,7.1742,8.5129,0.0000,0.0000,0.0181,-0.6740,0.7385,-0.3267,-0.6983,0.6370,-0.1408,-0.7143,0.6855,-0.0439,-0.0793,0.3455,Dark,
18.1749,7.1760,8.5076,0.0000,0.0000,0.0133,-0.6766,0.7362,-0.3308,-0.6999,0.6330,-0.1455,-0.7164,0.6823,-0.0442,-0.0789,0.3452,Dark,
18.1861,7.1756,8.5037,0.0000,0.0000,0.0084,-0.6781,0.7349,-0.3355,-0.7003,0.6300,-0.1505,-0.7174,0.6802,-0.0446,-0.0786,0.3449,Dark,
18.1972,7.1752,8.5150,0.0000,0.0000,0.0053,-0.6792,0.7340,-0.3383,-0.7009,0.6280,-0.1535,-0.7182,0.6787,-0.0449,-0.0784,0.3447,Dark,
18.2084,7.1871,8.5294,0.0000,0.0000,-0.0012,-0.6814,0.7319,-0.3443,-0.7016,0.6239,-0.1601,-0.7197,0.6755,-0.0452,-0.0781,0.3444,Dark,
18.2193,7.2039,8.5339,0.0000,0.0000,-0.0047,-0.6819,0.7315,-0.3476,-0.7013,0.6224,-0.1637,-0.7199,0.6745,-0.0456,-0.0779,0.3442,Dark,
18.2305,7.2241,8.5418,0.0000,0.0000,-0.0096,-0.6839,0.7295,-0.3520,-0.7023,0.6188,-0.1685,-0.7214,0.6717,-0.0459,-0.0777,0.3440,Dark,
18.2417,7.2280,8.5328,0.0000,0.0000,-0.0083,-0.6831,0.7303,-0.3501,-0.7019,0.6202,-0.1668,-0.7207,0.6729,-0.0461,-0.0775,0.3438,Dark,
18.2530,7.2227,8.5195,0.0000,0.0000,-0.0144,-0.6870,0.7265,-0.3558,-0.7043,0.6143,-0.1730,-0.7239,0.6679,-0.0464,-0.0775,0.3436,Dark,
18.2639,7.2168,8.5223,0.0000,0.0000,-0.0088,-0.6843,0.7291,-0.3495,-0.7033,0.6190,-0.1668,-0.7219,0.6716,-0.0467,-0.0774,0.3433,Dark,
18.2751,7.2126,8.5253,0.0000,0.0000,-0.0146,-0.6879,0.7257,-0.3551,-0.7053,0.6136,-0.1728,-0.7247,0.6671,-0.0470,-0.0774,0.3431,Dark,
18.2862,7.2064,8.5406,0.0000,0.0000,-0.0125,-0.6877,0.7259,-0.3520,-0.7058,0.6148,-0.1701,-0.7247,0.6677,-0.0473,-0.0773,0.3429,Dark,
18.2973,7.2040,8.5504,0.0000,0.0000,-0.0129,-0.6883,0.7254,-0.3520,-0.7063,0.6142,-0.1703,-0.7252,0.6672,-0.0476,-0.0773,0.3428,Dark,
18.3087,7.2017,8.5575,0.0000,0.0000,-0.0130,-0.6887,0.7249,-0.3517,-0.7068,0.6138,-0.1702,-0.7256,0.6667,-0.0478,-0.0773,0.3426,Dark,
18.3198,7.2064,8.5724,0.0000,0.0000,-0.0144,-0.6896,0.7241,-0.3526,-0.7074,0.6126,-0.1714,-0.7263,0.6656,-0.0480,-0.0773,0.3426,Dark,
18.3307,7.2118,8.5671,0.0000,0.0000,-0.0144,-0.6903,0.7234,-0.3524,-0.7082,0.6118,-0.1713,-0.7270,0.6649,-0.0482,-0.0773,0.3425,Dark,
18.3419,7.2150,8.5620,0.0000,0.0000,-0.0152,-0.6906,0.7231,-0.3530,-0.7085,0.6111,-0.1721,-0.7273,0.6644,-0.0484,-0.0773,0.3424,Dark,
18.3532,7.2260,8.5444,0.0000,0.0000,-0.0175,-0.6913,0.7223,-0.3550,-0.7088,0.6096,-0.1743,-0.7278,0.6632,-0.0487,-0.0773,0.3424,Dark,
18.3643,7.2324,8.5469,0.0000,0.0000,-0.0175,-0.6916,0.7221,-0.3549,-0.7090,0.6094,-0.1743,-0.7281,0.6630,-0.0489,-0.0774,0.3424,Dark,
18.3754,7.2421,8.5503,0.0000,0.0000,-0.0185,-0.6915,0.7221,-0.3558,-0.7087,0.6093,-0.1753,-0.7279,0.6630,-0.0491,-0.0774,0.3424,Dark,
18.3865,7.2467,8.5477,0.0000,0.0000,-0.0203,-0.6910,0.7225,-0.3574,-0.7077,0.6094,-0.1771,-0.7271,0.6632,-0.0493,-0.0774,0.3425,Dark,
18.3975,7.2429,8.5521,0.0000,0.0000,-0.0201,-0.6912,0.7223,-0.3571,-0.7080,0.6093,-0.1769,-0.7274,0.6631,-0.0495,-0.0774,0.3425,Dark,
18.4088,7.2313,8.5552,0.0000,0.0000,-0.0205,-0.6913,0.7223,-0.3574,-0.7080,0.6091,-0.1772,-0.7274,0.6629,-0.0496,-0.0774,0.3425,Dark,
18.4201,7.2213,8.5543,0.0000,0.0000,-0.0215,-0.6911,0.7225,-0.3582,-0.7076,0.6091,-0.1782,-0.7271,0.6630,-0.0497,-0.0774,0.3425,Dark,
18.4310,7.2225,8.5519,0.0000,0.0000,-0.0210,-0.6914,0.7222,-0.3577,-0.7081,0.6088,-0.1777,-0.7275,0.6627,-0.0498,-0.0774,0.3425,Dark,
18.4425,7.2212,8.5496,0.0000,0.0000,-0.0211,-0.6911,0.7225,-0.3577,-0.7080,0.6090,-0.1778,-0.7272,0.6630,-0.0498,-0.0774,0.3426,Dark,
18.4531,7.2226,8.5531,0.0000,0.0000,-0.0214,-0.6901,0.7234,-0.3579,-0.7071,0.6099,-0.1781,-0.7263,0.6639,-0.0499,-0.0774,0.3426,Dark,
18.4644,7.2237,8.5378,0.0000,0.0000,-0.0212,-0.6892,0.7243,-0.3575,-0.7063,0.6110,-0.1777,-0.7255,0.6649,-0.0499,-0.0773,0.3427,Dark,
18.4756,7.2169,8.5251,0.0000,0.0000,-0.0209,-0.6883,0.7251,-0.3572,-0.7056,0.6120,-0.1775,-0.7246,0.6659,-0.0500,-0.0773,0.3429,Dark,
18.4867,7.2054,8.5142,0.0000,0.0000,-0.0213,-0.6870,0.7263,-0.3573,-0.7043,0.6134,-0.1777,-0.7234,0.6672,-0.0500,-0.0771,0.3430,Dark,
18.4979,7.2003,8.4995,0.0000,0.0000,-0.0211,-0.6863,0.7271,-0.3570,-0.7037,0.6143,-0.1776,-0.7226,0.6680,-0.0500,-0.0770,0.3431,Dark,
18.5090,7.2007,8.4890,0.0000,0.0000,-0.0212,-0.6857,0.7276,-0.3571,-0.7032,0.6148,-0.1776,-0.7221,0.6685,-0.0500,-0.0769,0.3433,Dark,
18.5206,7.2009,8.4730,0.0000,0.0000,-0.0218,-0.6849,0.7283,-0.3574,-0.7023,0.6157,-0.1782,-0.7212,0.6694,-0.0499,-0.0767,0.3434,Dark,
18.5311,7.2000,8.4681,0.0000,0.0000,-0.0215,-0.6844,0.7288,-0.3570,-0.7018,0.6164,-0.1779,-0.7207,0.6700,-0.0498,-0.0767,0.3436,Dark,
18.5425,7.2141,8.4775,0.0000,0.0000,-0.0225,-0.6837,0.7294,-0.3577,-0.7008,0.6172,-0.1788,-0.7199,0.6707,-0.0497,-0.0765,0.3437,Dark,
18.5538,7.2165,8.4877,0.0000,0.0000,-0.0223,-0.6834,0.7297,-0.3574,-0.7003,0.6179,-0.1786,-0.7194,0.6712,-0.0496,-0.0765,0.3439,Dark,
18.5646,7.2183,8.4940,0.0000,0.0000,-0.0219,-0.6831,0.7300,-0.3570,-0.6999,0.6187,-0.1782,-0.7191,0.6717,-0.0494,-0.0764,0.3441,Dark,
18.5762,7.2247,8.4868,0.0000,0.0000,-0.0222,-0.6828,0.7303,-0.3572,-0.6992,0.6192,-0.1786,-0.7186,0.6721,-0.0492,-0.0764,0.3442,Dark,
18.5872,7.2288,8.4759,0.0000,0.0000,-0.0215,-0.6825,0.7305,-0.3565,-0.6990,0.6199,-0.1779,-0.7183,0.6726,-0.0489,-0.0763,0.3444,Dark,
18.5979,7.2324,8.4912,0.0000,0.0000,-0.0200,-0.6823,0.7308,-0.3552,-0.6988,0.6208,-0.1766,-0.7181,0.6732,-0.0486,-0.0764,0.3446,Dark,
18.6095,7.2945,8.5174,0.0000,0.0000,-0.0286,-0.6888,0.7244,-0.3629,-0.7028,0.6119,-0.1853,-0.7233,0.6652,-0.0483,-0.0763,0.3447,Dark,
18.6207,7.2977,8.5280,0.0000,0.0000,-0.0273,-0.6920,0.7214,-0.3615,-0.7060,0.6090,-0.1839,-0.7264,0.6622,-0.0478,-0.0764,0.3449,Dark,
18.6314,7.2982,8.5349,0.0000,0.0000,-0.0305,-0.7003,0.7132,-0.3631,-0.7130,0.5999,-0.1866,-0.7339,0.6531,-0.0473,-0.0764,0.3451,Dark,
18.6429,7.3092,8.5558,0.0000,0.0000,-0.0270,-0.6981,0.7155,-0.3575,-0.7117,0.6047,-0.1821,-0.7318,0.6567,-0.0468,-0.0764,0.3453,Dark,
18.6541,7.3092,8.5709,0.0000,0.0000,-0.0259,-0.6973,0.7163,-0.3558,-0.7110,0.6066,-0.1807,-0.7310,0.6580,-0.0462,-0.0764,0.3455,Dark,
18.6652,7.3034,8.5811,0.0000,0.0000,-0.0280,-0.7003,0.7133,-0.3569,-0.7129,0.6036,-0.1826,-0.7334,0.6549,-0.0457,-0.0764,0.3457,Dark,
18.6763,7.2961,8.5676,0.0000,0.0000,-0.0266,-0.7003,0.7134,-0.3554,-0.7128,0.6047,-0.1812,-0.7332,0.6554,-0.0451,-0.0764,0.3457,Dark,
18.6873,7.2890,8.5545,0.0000,0.0000,-0.0250,-0.7025,0.7112,-0.3536,-0.7148,0.6034,-0.1796,-0.7353,0.6535,-0.0446,-0.0765,0.3459,Dark,
18.6984,7.2787,8.5434,0.0000,0.0000,-0.0244,-0.7003,0.7134,-0.3530,-0.7122,0.6068,-0.1791,-0.7329,0.6564,-0.0440,-0.0766,0.3460,Dark,
18.7098,7.2746,8.5468,0.0000,0.0000,-0.0221,-0.7032,0.7106,-0.3507,-0.7150,0.6048,-0.1768,-0.7357,0.6538,-0.0434,-0.0766,0.3461,Dark,
18.7210,7.2727,8.5562,0.0000,0.0000,-0.0201,-0.7038,0.7101,-0.3491,-0.7155,0.6051,-0.1751,-0.7362,0.6537,-0.0428,-0.0767,0.3461,Dark,
18.7320,7.2987,8.5757,0.0000,0.0000,-0.0177,-0.7046,0.7094,-0.3459,-0.7165,0.6058,-0.1723,-0.7370,0.6535,-0.0422,-0.0768,0.3462,Dark,
18.7433,7.3038,8.5832,0.0000,0.0000,-0.0161,-0.7056,0.7084,-0.3438,-0.7175,0.6058,-0.1706,-0.7379,0.6530,-0.0416,-0.0769,0.3463,Dark,
18.7541,7.3077,8.5653,0.0000,0.0000,-0.0046,-0.7093,0.7049,-0.3278,-0.7240,0.6070,-0.1565,-0.7422,0.6516,-0.0410,-0.0770,0.3464,Dark,
18.7652,7.3344,8.5312,0.0000,0.0000,0.0307,-0.7101,0.7034,-0.2876,-0.7335,0.6158,-0.1176,-0.7464,0.6551,-0.0404,-0.0772,0.3465,Dark,
18.7767,7.3449,8.5166,0.0000,0.0000,0.0466,-0.7082,0.7044,-0.2709,-0.7353,0.6213,-0.1008,-0.7460,0.6582,-0.0399,-0.0774,0.3466,Dark,
18.7876,7.3534,8.5265,0.0000,0.0000,0.0567,-0.7087,0.7032,-0.2594,-0.7379,0.6231,-0.0897,-0.7473,0.6584,-0.0393,-0.0776,0.3467,Dark,
18.7987,7.3301,8.5405,0.0000,0.0000,0.0702,-0.7071,0.7037,-0.2451,-0.7392,0.6273,-0.0755,-0.7469,0.6607,-0.0388,-0.0778,0.3469,Dark,
18.8101,7.3344,8.5424,0.0000,0.0000,0.0763,-0.7055,0.7046,-0.2384,-0.7389,0.6303,-0.0689,-0.7458,0.6626,-0.0383,-0.0780,0.3472,Dark,
18.8210,7.3458,8.5490,0.0000,0.0000,0.0787,-0.7041,0.7057,-0.2351,-0.7377,0.6329,-0.0661,-0.7444,0.6644,-0.0378,-0.0781,0.3474,Dark,
18.8322,7.3528,8.5429,0.0000,0.0000,0.0822,-0.7038,0.7056,-0.2308,-0.7381,0.6340,-0.0623,-0.7443,0.6649,-0.0373,-0.0783,0.3478,Dark,
18.8433,7.3615,8.5387,0.0000,0.0000,0.0830,-0.7026,0.7067,-0.2294,-0.7369,0.6359,-0.0612,-0.7431,0.6664,-0.0368,-0.0785,0.3481,Dark,
18.8543,7.3680,8.5574,0.0000,0.0000,0.0823,-0.7008,0.7086,-0.2288,-0.7349,0.6384,-0.0614,-0.7411,0.6686,-0.0364,-0.0786,0.3484,Dark,
18.8656,7.3686,8.5540,0.0000,0.0000,0.0832,-0.7006,0.7087,-0.2271,-0.7347,0.6392,-0.0602,-0.7408,0.6691,-0.0359,-0.0788,0.3488,Dark,
18.8772,7.3658,8.5511,0.0000,0.0000,0.0847,-0.6998,0.7093,-0.2249,-0.7341,0.6407,-0.0584,-0.7400,0.6701,-0.0356,-0.0789,0.3491,Dark,
18.8877,7.3659,8.5499,0.0000,0.0000,0.0844,-0.6990,0.7102,-0.2236,-0.7330,0.6424,-0.0580,-0.7389,0.6713,-0.0352,-0.0790,0.3495,Dark,
18.8989,7.3684,8.5511,0.0000,0.0000,0.0847,-0.6992,0.7099,-0.2227,-0.7332,0.6426,-0.0575,-0.7390,0.6713,-0.0349,-0.0792,0.3500,Dark,
18.9102,7.3611,8.5531,0.0000,0.0000,0.0860,-0.6986,0.7103,-0.2207,-0.7327,0.6438,-0.0559,-0.7384,0.6721,-0.0346,-0.0793,0.3504,Dark,
18.9271,7.3467,8.5635,0.0000,0.0000,0.0844,-0.6989,0.7102,-0.2211,-0.7324,0.6440,-0.0571,-0.7383,0.6721,-0.0343,-0.0794,0.3509,Dark,
18.9331,7.3396,8.5666,0.0000,0.0000,0.0860,-0.6986,0.7103,-0.2188,-0.7322,0.6450,-0.0551,-0.7379,0.6726,-0.0341,-0.0796,0.3513,Dark,
18.9435,7.3161,8.5629,0.0000,0.0000,0.0851,-0.6995,0.7096,-0.2190,-0.7326,0.6444,-0.0558,-0.7385,0.6719,-0.0338,-0.0797,0.3517,Dark,
18.9549,7.2972,8.5744,0.0000,0.0000,0.0838,-0.6993,0.7099,-0.2188,-0.7319,0.6453,-0.0564,-0.7379,0.6725,-0.0336,-0.0799,0.3521,Dark,
18.9660,7.2982,8.5824,0.0000,0.0000,0.0837,-0.7003,0.7089,-0.2184,-0.7326,0.6446,-0.0564,-0.7387,0.6716,-0.0334,-0.0801,0.3526,Dark,
18.9771,7.2940,8.5890,0.0000,0.0000,0.0836,-0.7005,0.7088,-0.2178,-0.7326,0.6449,-0.0562,-0.7387,0.6717,-0.0332,-0.0803,0.3529,Dark,
18.9883,7.3082,8.5896,0.0000,0.0000,0.0816,-0.7014,0.7080,-0.2185,-0.7329,0.6443,-0.0577,-0.7392,0.6710,-0.0330,-0.0805,0.3533,Dark,
18.9994,7.3209,8.5838,0.0000,0.0000,0.0810,-0.7026,0.7070,-0.2185,-0.7337,0.6434,-0.0580,-0.7401,0.6700,-0.0329,-0.0808,0.3536,Dark,
19.0106,7.3233,8.5788,0.0000,0.0000,0.0807,-0.7034,0.7062,-0.2181,-0.7342,0.6429,-0.0580,-0.7407,0.6693,-0.0327,-0.0810,0.3538,Dark,
19.0226,7.3095,8.5724,0.0000,0.0000,0.0797,-0.7043,0.7054,-0.2178,-0.7347,0.6425,-0.0585,-0.7413,0.6686,-0.0326,-0.0812,0.3541,Dark,
19.0327,7.2951,8.5718,0.0000,0.0000,0.0791,-0.7057,0.7041,-0.2181,-0.7356,0.6413,-0.0590,-0.7424,0.6673,-0.0325,-0.0815,0.3543,Dark,
19.0441,7.2833,8.5718,0.0000,0.0000,0.0788,-0.7064,0.7034,-0.2180,-0.7360,0.6410,-0.0591,-0.7429,0.6668,-0.0323,-0.0817,0.3545,Dark,
19.0549,7.2658,8.5686,0.0000,0.0000,0.0773,-0.7073,0.7027,-0.2190,-0.7362,0.6404,-0.0605,-0.7434,0.6661,-0.0322,-0.0819,0.3547,Dark,
19.0661,7.2599,8.5758,0.0000,0.0000,0.0772,-0.7076,0.7024,-0.2190,-0.7362,0.6403,-0.0606,-0.7436,0.6659,-0.0321,-0.0821,0.3549,Dark,
19.0771,7.2598,8.5819,0.0000,0.0000,0.0768,-0.7078,0.7022,-0.2193,-0.7362,0.6403,-0.0609,-0.7437,0.6658,-0.0319,-0.0823,0.3550,Dark,
19.0887,7.2572,8.5639,0.0000,0.0000,0.0767,-0.7072,0.7029,-0.2193,-0.7354,0.6412,-0.0610,-0.7429,0.6666,-0.0318,-0.0825,0.3551,Dark,
19.0999,7.2553,8.5203,0.0000,0.0000,0.0765,-0.7078,0.7022,-0.2204,-0.7359,0.6403,-0.0617,-0.7436,0.6658,-0.0316,-0.0826,0.3553,Dark,
19.1106,7.2347,8.4839,0.0000,0.0000,0.0769,-0.7077,0.7023,-0.2205,-0.7357,0.6404,-0.0616,-0.7435,0.6659,-0.0314,-0.0827,0.3554,Dark,
19.1215,7.1743,8.2965,0.0000,0.0000,0.0824,-0.6982,0.7111,-0.2059,-0.7275,0.6544,-0.0516,-0.7338,0.6774,-0.0311,-0.0828,0.3555,Dark,
19.1331,7.1398,8.3124,0.0000,0.0000,0.0675,-0.7101,0.7009,-0.2210,-0.7358,0.6401,-0.0671,-0.7439,0.6650,-0.0309,-0.0828,0.3556,Dark,
19.1442,7.0584,8.3076,0.0000,0.0000,0.0088,-0.7417,0.6707,-0.2757,-0.7534,0.5969,-0.1258,-0.7683,0.6276,-0.0307,-0.0828,0.3556,Dark,
19.1551,7.0780,8.2897,0.0000,0.0000,0.0067,-0.7476,0.6641,-0.2756,-0.7586,0.5904,-0.1270,-0.7736,0.6208,-0.0305,-0.0828,0.3557,Dark,
19.1666,7.0987,8.2806,0.0000,0.0000,0.0174,-0.7363,0.6764,-0.2632,-0.7501,0.6067,-0.1151,-0.7635,0.6355,-0.0304,-0.0828,0.3557,Dark,
19.1773,7.2144,8.2841,0.0000,0.0000,0.0307,-0.7525,0.6579,-0.2497,-0.7684,0.5892,-0.1014,-0.7804,0.6170,-0.0302,-0.0828,0.3558,Dark,
19.1886,7.2700,8.3041,0.0000,0.0000,0.0412,-0.7544,0.6552,-0.2410,-0.7722,0.5879,-0.0915,-0.7833,0.6149,-0.0301,-0.0827,0.3558,Dark,
19.1997,7.3092,8.3664,0.0000,0.0000,0.0358,-0.7604,0.6485,-0.2501,-0.7764,0.5785,-0.0989,-0.7888,0.6067,-0.0300,-0.0827,0.3559,Dark,
19.2108,7.3738,8.4540,0.0000,0.0000,0.0330,-0.7612,0.6476,-0.2603,-0.7760,0.5745,-0.1054,-0.7898,0.6042,-0.0299,-0.0827,0.3559,Dark,
19.2219,7.3886,8.5150,0.0000,0.0000,0.0365,-0.7641,0.6441,-0.2616,-0.7791,0.5697,-0.1041,-0.7932,0.6000,-0.0298,-0.0826,0.3559,Dark,
19.2333,7.3939,8.5679,0.0000,0.0000,0.0434,-0.7606,0.6478,-0.2598,-0.7771,0.5733,-0.0994,-0.7910,0.6037,-0.0297,-0.0826,0.3560,Dark,
19.2446,7.3915,8.6314,0.0000,0.0000,0.0482,-0.7648,0.6425,-0.2637,-0.7816,0.5653,-0.0987,-0.7962,0.5969,-0.0297,-0.0825,0.3559,Dark,
19.2553,7.3867,8.6469,0.0000,0.0000,0.0516,-0.7626,0.6448,-0.2648,-0.7801,0.5669,-0.0973,-0.7948,0.5990,-0.0296,-0.0824,0.3559,Dark,
19.2665,7.4081,8.6550,0.0000,0.0000,0.0534,-0.7654,0.6414,-0.2666,-0.7829,0.5621,-0.0972,-0.7980,0.5948,-0.0295,-0.0824,0.3559,Dark,
19.2778,7.4330,8.6985,0.0000,0.0000,0.0579,-0.7613,0.6458,-0.2697,-0.7796,0.5652,-0.0963,-0.7951,0.5987,-0.0295,-0.0824,0.3558,Dark,
19.2886,7.4373,8.7218,0.0000,0.0000,0.0593,-0.7616,0.6453,-0.2715,-0.7801,0.5637,-0.0964,-0.7959,0.5977,-0.0294,-0.0824,0.3559,Dark,
19.3002,7.4349,8.7401,0.0000,0.0000,0.0620,-0.7596,0.6474,-0.2722,-0.7787,0.5653,-0.0952,-0.7946,0.5996,-0.0293,-0.0824,0.3559,Dark,
19.3112,7.4234,8.7678,0.0000,0.0000,0.0654,-0.7562,0.6511,-0.2754,-0.7758,0.5678,-0.0948,-0.7922,0.6029,-0.0293,-0.0823,0.3558,Dark,
19.3219,7.4186,8.7518,0.0000,0.0000,0.0667,-0.7552,0.6521,-0.2765,-0.7750,0.5682,-0.0947,-0.7916,0.6037,-0.0292,-0.0823,0.3559,Dark,
19.3336,7.4182,8.7374,0.0000,0.0000,0.0733,-0.7521,0.6550,-0.2725,-0.7737,0.5720,-0.0891,-0.7896,0.6071,-0.0291,-0.0823,0.3559,Dark,
19.3447,7.4202,8.6903,0.0000,0.0000,0.1016,-0.7394,0.6656,-0.2444,-0.7693,0.5903,-0.0595,-0.7809,0.6218,-0.0290,-0.0824,0.3558,Dark,
19.3555,7.4217,8.6688,0.0000,0.0000,0.1133,-0.7356,0.6679,-0.2319,-0.7689,0.5958,-0.0470,-0.7786,0.6258,-0.0289,-0.0824,0.3559,Dark,
19.3666,7.3944,8.6539,0.0000,0.0000,0.1136,-0.7355,0.6680,-0.2317,-0.7689,0.5959,-0.0467,-0.7785,0.6259,-0.0288,-0.0825,0.3559,Dark,
19.3782,7.3575,8.6482,0.0000,0.0000,0.1326,-0.7299,0.6706,-0.2103,-0.7686,0.6041,-0.0258,-0.7751,0.6313,-0.0287,-0.0825,0.3559,Dark,
19.3893,7.3474,8.6254,0.0000,0.0000,0.1361,-0.7310,0.6687,-0.2060,-0.7705,0.6032,-0.0218,-0.7765,0.6298,-0.0285,-0.0825,0.3560,Dark,
19.4008,7.3365,8.6069,0.0000,0.0000,0.1429,-0.7272,0.6714,-0.1983,-0.7685,0.6084,-0.0143,-0.7734,0.6338,-0.0284,-0.0825,0.3561,Dark,
19.4116,7.3361,8.5758,0.0000,0.0000,0.1441,-0.7290,0.6692,-0.1964,-0.7704,0.6065,-0.0128,-0.7752,0.6316,-0.0282,-0.0824,0.3562,Dark,
19.4225,7.3406,8.5689,0.0000,0.0000,0.1423,-0.7304,0.6680,-0.1981,-0.7711,0.6051,-0.0147,-0.7762,0.6303,-0.0280,-0.0823,0.3564,Dark,
19.4338,7.3424,8.5658,0.0000,0.0000,0.1504,-0.7274,0.6696,-0.1889,-0.7702,0.6092,-0.0058,-0.7740,0.6331,-0.0278,-0.0822,0.3566,Dark,
19.4451,7.3645,8.5664,0.0000,0.0000,0.1464,-0.7285,0.6692,-0.1927,-0.7701,0.6082,-0.0099,-0.7745,0.6325,-0.0277,-0.0821,0.3568,Dark,
19.4563,7.3808,8.5638,0.0000,0.0000,0.1453,-0.7280,0.6700,-0.1937,-0.7691,0.6090,-0.0110,-0.7739,0.6333,-0.0275,-0.0818,0.3572,Dark,
19.4670,7.3779,8.5613,0.0000,0.0000,0.1492,-0.7261,0.6712,-0.1891,-0.7682,0.6116,-0.0067,-0.7723,0.6352,-0.0274,-0.0816,0.3575,Dark,
19.4781,7.3698,8.5628,0.0000,0.0000,0.1463,-0.7249,0.6732,-0.1916,-0.7660,0.6136,-0.0095,-0.7706,0.6373,-0.0273,-0.0814,0.3579,Dark,
19.4892,7.3645,8.5679,0.0000,0.0000,0.1455,-0.7240,0.6743,-0.1922,-0.7647,0.6150,-0.0103,-0.7695,0.6385,-0.0271,-0.0813,0.3582,Dark,
19.5007,7.3665,8.5723,0.0000,0.0000,0.1470,-0.7230,0.6750,-0.1904,-0.7638,0.6167,-0.0087,-0.7686,0.6397,-0.0269,-0.0811,0.3586,Dark,
19.5116,7.3618,8.5798,0.0000,0.0000,0.1471,-0.7214,0.6767,-0.1900,-0.7619,0.6192,-0.0086,-0.7668,0.6419,-0.0266,-0.0810,0.3591,Dark,
19.5224,7.3547,8.5834,0.0000,0.0000,0.1477,-0.7206,0.6774,-0.1895,-0.7607,0.6208,-0.0081,-0.7658,0.6430,-0.0264,-0.0809,0.3596,Dark,
19.5342,7.3520,8.5859,0.0000,0.0000,0.1498,-0.7184,0.6793,-0.1875,-0.7585,0.6242,-0.0060,-0.7636,0.6457,-0.0262,-0.0808,0.3603,Dark,
19.5451,7.3463,8.5782,0.0000,0.0000,0.1512,-0.7167,0.6808,-0.1861,-0.7567,0.6268,-0.0046,-0.7618,0.6478,-0.0260,-0.0807,0.3608,Dark,
19.5559,7.3448,8.5813,0.0000,0.0000,0.1525,-0.7161,0.6811,-0.1849,-0.7561,0.6278,-0.0034,-0.7613,0.6484,-0.0258,-0.0808,0.3613,Dark,
19.5671,7.3500,8.5840,0.0000,0.0000,0.1545,-0.7155,0.6814,-0.1829,-0.7557,0.6289,-0.0014,-0.7607,0.6491,-0.0256,-0.0809,0.3618,Dark,
19.5782,7.3618,8.6068,0.0000,0.0000,0.1561,-0.7153,0.6812,-0.1813,-0.7556,0.6294,0.0002,-0.7606,0.6492,-0.0253,-0.0809,0.3621,Dark,
19.5893,7.3681,8.6143,0.0000,0.0000,0.1579,-0.7159,0.6801,-0.1797,-0.7565,0.6288,0.0019,-0.7613,0.6484,-0.0250,-0.0811,0.3624,Dark,
19.6006,7.3711,8.6193,0.0000,0.0000,0.1607,-0.7160,0.6794,-0.1769,-0.7571,0.6289,0.0047,-0.7616,0.6480,-0.0247,-0.0814,0.3626,Dark,
19.6119,7.3635,8.6227,0.0000,0.0000,0.1632,-0.7164,0.6784,-0.1746,-0.7577,0.6288,0.0071,-0.7621,0.6474,-0.0244,-0.0815,0.3627,Dark,
19.6228,7.3552,8.6089,0.0000,0.0000,0.1653,-0.7169,0.6773,-0.1728,-0.7582,0.6287,0.0090,-0.7627,0.6467,-0.0242,-0.0817,0.3630,Dark,
19.6340,7.3494,8.5975,0.0000,0.0000,0.1681,-0.7159,0.6777,-0.1702,-0.7573,0.6305,0.0117,-0.7617,0.6478,-0.0240,-0.0818,0.3634,Dark,
19.6454,7.3465,8.5974,0.0000,0.0000,0.1707,-0.7143,0.6787,-0.1680,-0.7558,0.6329,0.0142,-0.7602,0.6495,-0.0239,-0.0819,0.3638,Dark,
19.6566,7.3486,8.5846,0.0000,0.0000,0.1723,-0.7137,0.6789,-0.1666,-0.7552,0.6340,0.0157,-0.7596,0.6502,-0.0237,-0.0821,0.3642,Dark,
19.6675,7.3424,8.5750,0.0000,0.0000,0.1750,-0.7122,0.6799,-0.1642,-0.7540,0.6360,0.0182,-0.7583,0.6517,-0.0236,-0.0823,0.3645,Dark,
19.6784,7.3291,8.5868,0.0000,0.0000,0.1775,-0.7113,0.6801,-0.1622,-0.7536,0.6370,0.0205,-0.7577,0.6523,-0.0235,-0.0825,0.3647,Dark,
19.6894,7.3227,8.5781,0.0000,0.0000,0.1789,-0.7117,0.6793,-0.1611,-0.7541,0.6367,0.0219,-0.7582,0.6517,-0.0234,-0.0828,0.3648,Dark,
19.7007,7.3257,8.5717,0.0000,0.0000,0.1813,-0.7115,0.6789,-0.1589,-0.7543,0.6370,0.0242,-0.7582,0.6516,-0.0232,-0.0832,0.3649,Dark,
19.7118,7.3332,8.5788,0.0000,0.0000,0.1843,-0.7115,0.6781,-0.1563,-0.7547,0.6371,0.0270,-0.7584,0.6512,-0.0230,-0.0834,0.3649,Dark,
19.7228,7.3362,8.5713,0.0000,0.0000,0.1873,-0.7122,0.6766,-0.1537,-0.7557,0.6367,0.0298,-0.7592,0.6501,-0.0229,-0.0838,0.3650,Dark,
19.7340,7.3407,8.5661,0.0000,0.0000,0.1908,-0.7120,0.6758,-0.1504,-0.7559,0.6372,0.0333,-0.7592,0.6500,-0.0227,-0.0841,0.3651,Dark,
19.7452,7.3257,8.5687,0.0000,0.0000,0.1946,-0.7114,0.6754,-0.1472,-0.7557,0.6381,0.0369,-0.7589,0.6502,-0.0226,-0.0845,0.3652,Dark,
19.7563,7.3108,8.5632,0.0000,0.0000,0.1979,-0.7113,0.6744,-0.1442,-0.7562,0.6383,0.0401,-0.7591,0.6497,-0.0226,-0.0849,0.3655,Dark,
19.7675,7.3213,8.5593,0.0000,0.0000,0.2010,-0.7108,0.6740,-0.1414,-0.7563,0.6388,0.0430,-0.7589,0.6498,-0.0225,-0.0854,0.3657,Dark,
19.7788,7.3191,8.5564,0.0000,0.0000,0.2052,-0.7099,0.6738,-0.1378,-0.7563,0.6395,0.0470,-0.7585,0.6500,-0.0225,-0.0858,0.3659,Dark,
19.7897,7.3102,8.5610,0.0000,0.0000,0.2091,-0.7098,0.6726,-0.1342,-0.7574,0.6390,0.0509,-0.7590,0.6491,-0.0224,-0.0864,0.3661,Dark,
19.8011,7.3122,8.5655,0.0000,0.0000,0.2133,-0.7098,0.6713,-0.1302,-0.7587,0.6383,0.0551,-0.7596,0.6480,-0.0224,-0.0871,0.3662,Dark,
19.8121,7.2893,8.5293,0.0000,0.0000,0.2175,-0.7096,0.6701,-0.1264,-0.7599,0.6377,0.0592,-0.7601,0.6471,-0.0224,-0.0877,0.3661,Dark,
19.8232,7.2718,8.5208,0.0000,0.0000,0.2223,-0.7107,0.6675,-0.1218,-0.7623,0.6356,0.0640,-0.7618,0.6446,-0.0224,-0.0885,0.3661,Dark,
19.8343,7.2765,8.5143,0.0000,0.0000,0.2271,-0.7117,0.6648,-0.1171,-0.7649,0.6335,0.0689,-0.7635,0.6421,-0.0223,-0.0894,0.3660,Dark,
19.8456,7.2656,8.5040,0.0000,0.0000,0.2325,-0.7123,0.6622,-0.1120,-0.7671,0.6317,0.0743,-0.7650,0.6398,-0.0222,-0.0903,0.3659,Dark,
19.8573,7.2545,8.4924,0.0000,0.0000,0.2382,-0.7137,0.6587,-0.1064,-0.7703,0.6288,0.0800,-0.7671,0.6365,-0.0221,-0.0913,0.3657,Dark,
19.8677,7.2607,8.4823,0.0000,0.0000,0.2438,-0.7144,0.6560,-0.1008,-0.7728,0.6265,0.0857,-0.7687,0.6338,-0.0220,-0.0923,0.3656,Dark,
19.8789,7.2651,8.4914,0.0000,0.0000,0.2496,-0.7148,0.6533,-0.0950,-0.7754,0.6242,0.0918,-0.7701,0.6312,-0.0219,-0.0933,0.3654,Dark,
19.8899,7.2362,8.4835,0.0000,0.0000,0.2545,-0.7146,0.6516,-0.0900,-0.7774,0.6226,0.0969,-0.7710,0.6295,-0.0218,-0.0945,0.3651,Dark,
19.9012,7.2215,8.4702,0.0000,0.0000,0.2597,-0.7160,0.6480,-0.0841,-0.7811,0.6187,0.1026,-0.7733,0.6256,-0.0216,-0.0958,0.3646,Dark,
19.9124,7.1884,8.4044,0.0000,0.0000,0.2636,-0.7170,0.6453,-0.0789,-0.7840,0.6158,0.1072,-0.7751,0.6227,-0.0214,-0.0970,0.3641,Dark,
19.9236,7.1738,8.3463,0.0000,0.0000,0.2688,-0.7190,0.6410,-0.0724,-0.7881,0.6112,0.1131,-0.7779,0.6181,-0.0211,-0.0983,0.3634,Dark,
19.9346,7.1194,8.3020,0.0000,0.0000,0.2736,-0.7207,0.6369,-0.0657,-0.7918,0.6073,0.1190,-0.7803,0.6140,-0.0209,-0.0996,0.3629,Dark,
19.9459,7.0494,8.2557,0.0000,0.0000,0.2724,-0.7046,0.6552,-0.0617,-0.7757,0.6280,0.1202,-0.7639,0.6340,-0.0206,-0.1008,0.3623,Dark,
19.9570,7.0315,8.1834,0.0000,0.0000,0.2772,-0.7081,0.6494,-0.0540,-0.7809,0.6223,0.1265,-0.7678,0.6281,-0.0203,-0.1019,0.3618,Dark,
19.9682,6.9668,8.1268,0.0000,0.0000,0.2799,-0.6740,0.6836,-0.0496,-0.7485,0.6613,0.1305,-0.7347,0.6657,-0.0200,-0.1030,0.3613,Dark,
19.9791,6.6662,7.4913,0.0000,0.0000,0.2694,-0.6048,0.7494,-0.0391,-0.6749,0.7368,0.1298,-0.6618,0.7384,-0.0198,-0.1039,0.3608,Dark,
19.9903,6.4588,7.1117,0.0000,0.0000,0.2604,-0.5832,0.7695,-0.0200,-0.6480,0.7613,0.1333,-0.6350,0.7609,-0.0195,-0.1048,0.3604,Dark,
20.0017,5.7359,6.8195,0.0000,0.0000,0.2190,-0.5534,0.8036,-0.0119,-0.6037,0.7971,0.1132,-0.5939,0.7965,-0.0192,-0.1055,0.3601,Dark,
20.0126,4.3233,5.3787,0.0000,0.0521,0.1140,-0.4364,0.8925,0.0034,-0.4564,0.8898,0.0623,-0.4531,0.8893,-0.0192,-0.1060,0.3600,Dark,
20.0242,3.6884,8.7041,0.0000,0.2417,0.1134,-0.4391,0.8912,0.0026,-0.4592,0.8883,0.0615,-0.4559,0.8879,-0.0189,-0.1065,0.3599,Dark,
20.0348,7.2973,8.7041,0.2000,0.3933,0.1120,-0.4244,0.8985,0.0017,-0.4443,0.8959,0.0604,-0.4410,0.8955,-0.0187,-0.1069,0.3598,Dark,
20.0459,7.2973,8.7041,0.3600,0.5147,0.1175,-0.4488,0.8859,0.0063,-0.4693,0.8830,0.0655,-0.4658,0.8825,-0.0185,-0.1073,0.3596,Dark,
20.0570,7.2973,8.7041,0.4880,0.6117,0.1224,-0.4819,0.8676,0.0098,-0.5035,0.8640,0.0697,-0.4995,0.8635,-0.0184,-0.1076,0.3596,Dark,
20.0683,7.2973,8.7041,0.5904,0.6894,0.1304,-0.5075,0.8517,0.0170,-0.5300,0.8478,0.0773,-0.5255,0.8472,-0.0180,-0.1079,0.3594,Dark,
20.0793,7.2973,8.7041,0.6723,0.7515,0.1397,-0.5285,0.8373,0.0257,-0.5516,0.8337,0.0864,-0.5469,0.8327,-0.0178,-0.1080,0.3594,Dark,
20.0905,7.2973,8.7041,0.7379,0.8012,0.1470,-0.5463,0.8246,0.0326,-0.5698,0.8211,0.0935,-0.5648,0.8199,-0.0175,-0.1081,0.3593,Dark,
20.1015,7.2973,8.7041,0.8322,0.8728,0.1539,-0.5604,0.8138,0.0391,-0.5843,0.8106,0.1002,-0.5791,0.8091,-0.0172,-0.1081,0.3593,Dark,
20.1128,7.2973,8.7041,0.8658,0.8982,0.1622,-0.5819,0.7969,0.0470,-0.6064,0.7938,0.1083,-0.6008,0.7920,-0.0169,-0.1081,0.3594,Dark,
20.1241,7.2973,0.0000,0.8926,1.0000,0.1644,-0.5887,0.7915,NaN,NaN,NaN,0.1104,-0.6077,0.7864,-0.0166,-0.1079,0.3597,Dark,
20.1351,0.0000,0.0000,1.0000,1.0000,NaN,NaN,NaN,NaN,NaN,NaN,0.0000,0.0000,0.0000,0.0000,0.0000,0.0000,Dark,
20.1465,0.0000,0.0000,1.0000,1.0000,NaN,NaN,NaN,NaN,NaN,NaN,0.0000,0.0000,0.0000,0.0000,0.0000,0.0000,Dark,
20.1574,0.0000,0.0000,1.0000,1.0000,NaN,NaN,NaN,NaN,NaN,NaN,0.0000,0.0000,0.0000,0.0000,0.0000,0.0000,Dark,
20.1687,0.0000,0.0000,1.0000,1.0000,NaN,NaN,NaN,NaN,NaN,NaN,0.0000,0.0000,0.0000,0.0000,0.0000,0.0000,Dark,
20.1796,0.0000,0.0000,1.0000,1.0000,NaN,NaN,NaN,NaN,NaN,NaN,0.0000,0.0000,0.0000,0.0000,0.0000,0.0000,Dark,
20.1910,0.0000,0.0000,1.0000,1.0000,NaN,NaN,NaN,NaN,NaN,NaN,0.0000,0.0000,0.0000,0.0000,0.0000,0.0000,Dark,
20.2019,0.0000,0.0000,1.0000,1.0000,NaN,NaN,NaN,NaN,NaN,NaN,0.0000,0.0000,0.0000,0.0000,0.0000,0.0000,Dark,
20.2130,0.0000,0.0000,1.0000,1.0000,NaN,NaN,NaN,NaN,NaN,NaN,0.0000,0.0000,0.0000,0.0000,0.0000,0.0000,Dark,
20.2244,0.0000,0.0000,1.0000,1.0000,NaN,NaN,NaN,NaN,NaN,NaN,0.0000,0.0000,0.0000,0.0000,0.0000,0.0000,Dark,
20.2353,7.2973,0.0000,0.7062,1.0000,0.1847,-0.6411,0.7449,NaN,NaN,NaN,0.1300,-0.6598,0.7401,-0.0131,-0.1063,0.3616,Dark,
20.2463,7.2973,0.0000,0.7062,1.0000,0.1841,-0.6464,0.7405,NaN,NaN,NaN,0.1293,-0.6650,0.7356,-0.0129,-0.1062,0.3615,Dark,
20.2575,7.2973,0.0000,0.7062,1.0000,0.1821,-0.6527,0.7354,NaN,NaN,NaN,0.1273,-0.6711,0.7303,-0.0126,-0.1063,0.3612,Dark,
20.2689,7.2973,0.0000,0.7062,0.7964,0.1810,-0.6604,0.7288,NaN,NaN,NaN,0.1261,-0.6787,0.7235,-0.0124,-0.1064,0.3609,Dark,
20.2799,7.2973,8.7041,0.5650,0.6371,0.1801,-0.6674,0.7226,0.0634,-0.6907,0.7204,0.1252,-0.6855,0.7172,-0.0121,-0.1064,0.3606,Dark,
20.2909,7.2973,8.7041,0.4520,0.5097,0.1797,-0.6744,0.7162,0.0629,-0.6974,0.7140,0.1248,-0.6924,0.7107,-0.0120,-0.1063,0.3604,Dark,
20.3022,7.2973,8.7041,0.2893,0.3262,0.1797,-0.6812,0.7097,0.0628,-0.7038,0.7076,0.1247,-0.6989,0.7042,-0.0119,-0.1062,0.3603,Dark,
20.3131,7.2973,8.7041,0.2314,0.2610,0.1491,-0.6930,0.7054,0.0306,-0.7131,0.7004,0.0931,-0.7096,0.6985,-0.0118,-0.1061,0.3604,Dark,
20.3244,7.2973,8.7041,0.1851,0.2088,0.1195,-0.6996,0.7045,0.0266,-0.7141,0.6995,0.0755,-0.7118,0.6983,-0.0119,-0.1059,0.3604,Dark,
20.3357,7.2973,8.7041,0.1481,0.1670,0.0980,-0.7054,0.7020,0.0202,-0.7167,0.6971,0.0610,-0.7151,0.6964,-0.0120,-0.1059,0.3604,Dark,
20.3467,7.2973,8.7041,0.0948,0.1069,0.0823,-0.7086,0.7008,0.0145,-0.7181,0.6958,0.0500,-0.7168,0.6955,-0.0122,-0.1060,0.3603,Dark,
20.3577,7.2973,8.7041,0.0948,0.1069,0.0712,-0.7111,0.6995,0.0156,-0.7187,0.6952,0.0447,-0.7177,0.6950,-0.0121,-0.1063,0.3601,Dark,
20.3690,7.2973,8.7041,0.0758,0.0855,0.0618,-0.7129,0.6986,0.0101,-0.7195,0.6944,0.0371,-0.7187,0.6943,-0.0121,-0.1067,0.3600,Dark,
20.3802,7.2973,8.7041,0.0485,0.0547,0.0570,-0.7151,0.6967,0.0084,-0.7212,0.6927,0.0338,-0.7205,0.6926,-0.0122,-0.1072,0.3599,Dark,
20.3911,7.2973,8.7041,0.0485,0.0547,0.0514,-0.7185,0.6937,0.0074,-0.7238,0.6899,0.0304,-0.7233,0.6899,-0.0121,-0.1079,0.3600,Dark,
20.4023,7.2973,8.7041,0.0388,0.0438,0.0495,-0.7217,0.6904,0.0072,-0.7269,0.6867,0.0293,-0.7263,0.6867,-0.0120,-0.1088,0.3600,Dark,
20.4134,7.2973,8.7041,0.0248,0.0280,0.0447,-0.7251,0.6872,0.0039,-0.7299,0.6835,0.0252,-0.7295,0.6836,-0.0121,-0.1098,0.3602,Dark,
20.4247,7.2973,8.7041,0.0199,0.0224,0.0328,-0.7236,0.6894,-0.0057,-0.7279,0.6857,0.0144,-0.7276,0.6859,-0.0123,-0.1111,0.3607,Dark,
20.4359,7.2973,8.7041,0.0159,0.0179,0.0267,-0.7273,0.6858,-0.0109,-0.7313,0.6820,0.0088,-0.7311,0.6822,-0.0127,-0.1125,0.3615,Dark,
20.4468,7.2973,8.7041,0.0102,0.0115,0.0203,-0.7330,0.6799,-0.0165,-0.7367,0.6760,0.0027,-0.7366,0.6763,-0.0133,-0.1141,0.3627,Dark,
20.4579,7.2973,8.7041,0.0102,0.0115,0.0158,-0.7378,0.6749,-0.0198,-0.7412,0.6710,-0.0012,-0.7411,0.6713,-0.0140,-0.1157,0.3640,Dark,
20.4695,7.2973,8.7041,0.0081,0.0092,0.0112,-0.7422,0.6701,-0.0237,-0.7454,0.6662,-0.0055,-0.7454,0.6666,-0.0148,-0.1173,0.3657,Dark,
20.4804,7.2973,8.7041,0.0052,0.0059,-0.0016,-0.7479,0.6638,-0.0356,-0.7506,0.6597,-0.0178,-0.7508,0.6603,-0.0158,-0.1189,0.3679,Dark,
20.4914,7.2973,8.7041,0.0042,0.0047,-0.0079,-0.7429,0.6693,-0.0413,-0.7454,0.6653,-0.0239,-0.7457,0.6658,-0.0168,-0.1207,0.3702,Dark,
20.5028,7.2973,8.7041,0.0033,0.0038,-0.0131,-0.7662,0.6425,-0.0462,-0.7684,0.6383,-0.0289,-0.7688,0.6389,-0.0181,-0.1228,0.3728,Dark,
20.5137,7.2973,8.7041,0.0027,0.0024,-0.0275,-0.7738,0.6329,-0.0599,-0.7757,0.6283,-0.0430,-0.7761,0.6291,-0.0195,-0.1249,0.3757,Dark,
20.5249,7.2973,8.7041,0.0027,0.0019,-0.0188,-0.7936,0.6082,-0.0507,-0.7957,0.6036,-0.0340,-0.7960,0.6044,-0.0210,-0.1273,0.3787,Dark,
20.5361,7.2973,8.7041,0.0027,0.0015,0.0173,-0.8109,0.5850,-0.0140,-0.8139,0.5808,0.0025,-0.8136,0.5814,-0.0225,-0.1300,0.3822,Dark,
20.5471,7.2973,8.7041,0.2021,0.0015,0.0092,-0.8255,0.5643,-0.0219,-0.8285,0.5596,-0.0055,-0.8282,0.5604,-0.0235,-0.1327,0.3858,Dark,
20.5582,7.2973,8.7041,0.3617,0.0015,0.0041,-0.8452,0.5344,-0.0268,-0.8481,0.5291,-0.0105,-0.8478,0.5302,-0.0244,-0.1357,0.3888,Dark,
20.5696,7.2973,8.7041,0.4894,0.0015,-0.0024,-0.8673,0.4978,-0.0330,-0.8701,0.4917,-0.0168,-0.8697,0.4932,-0.0250,-0.1387,0.3917,Dark,
20.5807,7.2973,8.7041,0.6732,0.3508,-0.0131,-0.8846,0.4662,-0.0434,-0.8872,0.4593,-0.0273,-0.8869,0.4612,-0.0251,-0.1413,0.3949,Dark,
20.5918,7.2973,8.7041,0.7386,0.4807,-0.0237,-0.9029,0.4293,-0.0537,-0.9052,0.4216,-0.0378,-0.9049,0.4239,-0.0254,-0.1435,0.3980,Dark,
20.6032,7.2973,8.7041,0.7908,0.5845,-0.0255,-0.9405,0.3387,-0.0559,-0.9424,0.3298,-0.0397,-0.9422,0.3326,-0.0255,-0.1457,0.4012,Dark,
20.6138,7.2973,8.7041,0.8661,0.7341,-0.0060,-0.9727,0.2319,-0.0367,-0.9744,0.2220,-0.0203,-0.9741,0.2252,-0.0258,-0.1482,0.4047,Dark,
20.6250,7.2973,8.7041,0.8929,0.7873,0.0017,-0.9862,0.1655,-0.0290,-0.9875,0.1547,-0.0125,-0.9873,0.1583,-0.0260,-0.1510,0.4081,Dark,
20.6366,7.2973,8.7041,1.0000,0.8298,0.0114,-0.9939,0.1100,-0.0191,-0.9950,0.0984,-0.0027,-0.9947,0.1024,-0.0264,-0.1539,0.4115,Dark,
20.6475,0.0000,8.7041,1.0000,0.8911,NaN,NaN,NaN,-0.0017,-0.9992,0.0388,0.0147,-0.9990,0.0431,-0.0268,-0.1574,0.4150,Dark,
20.6584,0.0000,8.7041,1.0000,1.0000,NaN,NaN,NaN,0.0119,-0.9999,-0.0023,0.0283,-0.9996,0.0025,-0.0275,-0.1610,0.4185,Dark,
20.6700,0.0000,0.0000,1.0000,1.0000,NaN,NaN,NaN,NaN,NaN,NaN,0.0000,0.0000,0.0000,0.0000,0.0000,0.0000,Dark,
20.6810,0.0000,0.0000,1.0000,1.0000,NaN,NaN,NaN,NaN,NaN,NaN,0.0000,0.0000,0.0000,0.0000,0.0000,0.0000,Dark,
20.6921,0.0000,0.0000,1.0000,1.0000,NaN,NaN,NaN,NaN,NaN,NaN,0.0000,0.0000,0.0000,0.0000,0.0000,0.0000,Dark,
20.7031,0.0000,0.0000,1.0000,1.0000,NaN,NaN,NaN,NaN,NaN,NaN,0.0000,0.0000,0.0000,0.0000,0.0000,0.0000,Dark,
20.7142,0.0000,0.0000,1.0000,1.0000,NaN,NaN,NaN,NaN,NaN,NaN,0.0000,0.0000,0.0000,0.0000,0.0000,0.0000,Dark,
20.7252,0.0000,0.0000,1.0000,1.0000,NaN,NaN,NaN,NaN,NaN,NaN,0.0000,0.0000,0.0000,0.0000,0.0000,0.0000,Dark,
20.7365,0.0000,0.0000,1.0000,1.0000,NaN,NaN,NaN,NaN,NaN,NaN,0.0000,0.0000,0.0000,0.0000,0.0000,0.0000,Dark,
20.7480,0.0000,0.0000,1.0000,1.0000,NaN,NaN,NaN,NaN,NaN,NaN,0.0000,0.0000,0.0000,0.0000,0.0000,0.0000,Dark,
20.7588,0.0000,0.0000,1.0000,1.0000,NaN,NaN,NaN,NaN,NaN,NaN,0.0000,0.0000,0.0000,0.0000,0.0000,0.0000,Dark,
20.7700,0.0000,0.0000,1.0000,1.0000,NaN,NaN,NaN,NaN,NaN,NaN,0.0000,0.0000,0.0000,0.0000,0.0000,0.0000,Dark,
20.7810,0.0000,0.0000,1.0000,1.0000,NaN,NaN,NaN,NaN,NaN,NaN,0.0000,0.0000,0.0000,0.0000,0.0000,0.0000,Dark,
20.7922,0.0000,0.0000,1.0000,1.0000,NaN,NaN,NaN,NaN,NaN,NaN,0.0000,0.0000,0.0000,0.0000,0.0000,0.0000,Dark,
20.8033,0.0000,0.0000,1.0000,1.0000,NaN,NaN,NaN,NaN,NaN,NaN,0.0000,0.0000,0.0000,0.0000,0.0000,0.0000,Dark,
20.8144,0.0000,0.0000,1.0000,1.0000,NaN,NaN,NaN,NaN,NaN,NaN,0.0000,0.0000,0.0000,0.0000,0.0000,0.0000,Dark,
20.8255,0.0000,0.0000,1.0000,1.0000,NaN,NaN,NaN,NaN,NaN,NaN,0.0000,0.0000,0.0000,0.0000,0.0000,0.0000,Dark,
20.8366,0.0000,0.0000,1.0000,1.0000,NaN,NaN,NaN,NaN,NaN,NaN,0.0000,0.0000,0.0000,0.0000,0.0000,0.0000,Dark,
20.8482,0.0000,0.0000,1.0000,1.0000,NaN,NaN,NaN,NaN,NaN,NaN,0.0000,0.0000,0.0000,0.0000,0.0000,0.0000,Dark,
20.8589,0.0000,0.0000,1.0000,1.0000,NaN,NaN,NaN,NaN,NaN,NaN,0.0000,0.0000,0.0000,0.0000,0.0000,0.0000,Dark,
20.8701,0.0000,0.0000,1.0000,1.0000,NaN,NaN,NaN,NaN,NaN,NaN,0.0000,0.0000,0.0000,0.0000,0.0000,0.0000,Dark,
20.8813,0.0000,0.0000,1.0000,1.0000,NaN,NaN,NaN,NaN,NaN,NaN,0.0000,0.0000,0.0000,0.0000,0.0000,0.0000,Dark,
20.8924,0.0000,0.0000,1.0000,1.0000,NaN,NaN,NaN,NaN,NaN,NaN,0.0000,0.0000,0.0000,0.0000,0.0000,0.0000,Dark,
20.9038,0.0000,0.0000,1.0000,1.0000,NaN,NaN,NaN,NaN,NaN,NaN,0.0000,0.0000,0.0000,0.0000,0.0000,0.0000,Dark,
20.9148,0.0000,0.0000,1.0000,1.0000,NaN,NaN,NaN,NaN,NaN,NaN,0.0000,0.0000,0.0000,0.0000,0.0000,0.0000,Dark,
20.9257,0.0000,0.0000,1.0000,1.0000,NaN,NaN,NaN,NaN,NaN,NaN,0.0000,0.0000,0.0000,0.0000,0.0000,0.0000,Dark,
20.9372,0.0000,0.0000,1.0000,1.0000,NaN,NaN,NaN,NaN,NaN,NaN,0.0000,0.0000,0.0000,0.0000,0.0000,0.0000,Dark,
20.9482,0.0000,0.0000,1.0000,1.0000,NaN,NaN,NaN,NaN,NaN,NaN,0.0000,0.0000,0.0000,0.0000,0.0000,0.0000,Dark,
20.9591,0.0000,0.0000,1.0000,1.0000,NaN,NaN,NaN,NaN,NaN,NaN,0.0000,0.0000,0.0000,0.0000,0.0000,0.0000,Dark,
20.9705,0.0000,0.0000,1.0000,1.0000,NaN,NaN,NaN,NaN,NaN,NaN,0.0000,0.0000,0.0000,0.0000,0.0000,0.0000,Dark,
20.9819,0.0000,0.0000,1.0000,1.0000,NaN,NaN,NaN,NaN,NaN,NaN,0.0000,0.0000,0.0000,0.0000,0.0000,0.0000,Dark,
20.9927,0.0000,0.0000,1.0000,1.0000,NaN,NaN,NaN,NaN,NaN,NaN,0.0000,0.0000,0.0000,0.0000,0.0000,0.0000,Dark,
21.0037,0.0000,0.0000,1.0000,1.0000,NaN,NaN,NaN,NaN,NaN,NaN,0.0000,0.0000,0.0000,0.0000,0.0000,0.0000,Dark,
21.0156,0.0000,0.0000,1.0000,1.0000,NaN,NaN,NaN,NaN,NaN,NaN,0.0000,0.0000,0.0000,0.0000,0.0000,0.0000,Dark,
21.0260,0.0000,0.0000,1.0000,1.0000,NaN,NaN,NaN,NaN,NaN,NaN,0.0000,0.0000,0.0000,0.0000,0.0000,0.0000,Dark,
21.0373,0.0000,0.0000,1.0000,1.0000,NaN,NaN,NaN,NaN,NaN,NaN,0.0000,0.0000,0.0000,0.0000,0.0000,0.0000,Dark,
21.0491,0.0000,0.0000,1.0000,1.0000,NaN,NaN,NaN,NaN,NaN,NaN,0.0000,0.0000,0.0000,0.0000,0.0000,0.0000,Dark,
21.0597,0.0000,0.0000,1.0000,1.0000,NaN,NaN,NaN,NaN,NaN,NaN,0.0000,0.0000,0.0000,0.0000,0.0000,0.0000,Dark,
21.0709,0.0000,0.0000,1.0000,1.0000,NaN,NaN,NaN,NaN,NaN,NaN,0.0000,0.0000,0.0000,0.0000,0.0000,0.0000,Dark,
21.0889,0.0000,0.0000,0.0000,0.0000,NaN,NaN,NaN,NaN,NaN,NaN,0.0000,0.0000,0.0000,0.0000,0.0000,0.0000,Dark,
21.0936,0.0000,0.0000,0.0000,0.0000,NaN,NaN,NaN,NaN,NaN,NaN,0.0000,0.0000,0.0000,0.0000,0.0000,0.0000,Dark,
21.1046,0.0000,0.0000,0.0000,0.0000,NaN,NaN,NaN,NaN,NaN,NaN,0.0000,0.0000,0.0000,0.0000,0.0000,0.0000,Dark,
21.1159,0.0000,0.0000,0.0000,0.0000,NaN,NaN,NaN,NaN,NaN,NaN,0.0000,0.0000,0.0000,0.0000,0.0000,0.0000,Dark,
21.1263,0.0000,0.0000,0.0000,0.0000,NaN,NaN,NaN,NaN,NaN,NaN,0.0000,0.0000,0.0000,0.0000,0.0000,0.0000,Dark,
21.1373,0.0000,0.0000,0.0000,0.0000,NaN,NaN,NaN,NaN,NaN,NaN,0.0000,0.0000,0.0000,0.0000,0.0000,0.0000,Dark,
21.1493,0.0000,0.0000,0.0000,0.0000,NaN,NaN,NaN,NaN,NaN,NaN,0.0000,0.0000,0.0000,0.0000,0.0000,0.0000,Dark,
21.1597,0.0000,0.0000,0.0000,0.0000,NaN,NaN,NaN,NaN,NaN,NaN,0.0000,0.0000,0.0000,0.0000,0.0000,0.0000,Dark,
21.1708,0.0000,0.0000,0.0000,0.0000,NaN,NaN,NaN,NaN,NaN,NaN,0.0000,0.0000,0.0000,0.0000,0.0000,0.0000,Dark,
21.1820,0.0000,0.0000,0.0000,0.0000,NaN,NaN,NaN,NaN,NaN,NaN,0.0000,0.0000,0.0000,0.0000,0.0000,0.0000,Dark,
21.1931,0.0000,0.0000,0.0000,0.0000,NaN,NaN,NaN,NaN,NaN,NaN,0.0000,0.0000,0.0000,0.0000,0.0000,0.0000,Dark,
21.2041,0.0000,0.0000,0.0000,0.0000,NaN,NaN,NaN,NaN,NaN,NaN,0.0000,0.0000,0.0000,0.0000,0.0000,0.0000,Dark,
21.2154,0.0000,0.0000,0.0000,0.0000,NaN,NaN,NaN,NaN,NaN,NaN,0.0000,0.0000,0.0000,0.0000,0.0000,0.0000,Dark,
21.2266,0.0000,0.0000,0.0000,0.0000,NaN,NaN,NaN,NaN,NaN,NaN,0.0000,0.0000,0.0000,0.0000,0.0000,0.0000,Dark,
21.2376,0.0000,0.0000,0.0000,0.0000,NaN,NaN,NaN,NaN,NaN,NaN,0.0000,0.0000,0.0000,0.0000,0.0000,0.0000,Dark,
21.2489,0.0000,0.0000,0.0000,0.0000,NaN,NaN,NaN,NaN,NaN,NaN,0.0000,0.0000,0.0000,0.0000,0.0000,0.0000,Dark,
21.2601,0.0000,0.0000,0.0000,0.0000,NaN,NaN,NaN,NaN,NaN,NaN,0.0000,0.0000,0.0000,0.0000,0.0000,0.0000,Dark,
21.2710,0.0000,0.0000,0.0000,0.0000,NaN,NaN,NaN,NaN,NaN,NaN,0.0000,0.0000,0.0000,0.0000,0.0000,0.0000,Dark,
21.2824,0.0000,0.0000,0.0000,0.0000,NaN,NaN,NaN,NaN,NaN,NaN,0.0000,0.0000,0.0000,0.0000,0.0000,0.0000,Dark,
21.2933,0.0000,0.0000,0.0000,0.0000,NaN,NaN,NaN,NaN,NaN,NaN,0.0000,0.0000,0.0000,0.0000,0.0000,0.0000,Dark,
21.3045,0.0000,0.0000,0.0000,0.0000,NaN,NaN,NaN,NaN,NaN,NaN,0.0000,0.0000,0.0000,0.0000,0.0000,0.0000,Dark,
21.3157,0.0000,0.0000,0.0000,0.0000,NaN,NaN,NaN,NaN,NaN,NaN,0.0000,0.0000,0.0000,0.0000,0.0000,0.0000,Dark,
21.3268,0.0000,0.0000,0.0000,0.0000,NaN,NaN,NaN,NaN,NaN,NaN,0.0000,0.0000,0.0000,0.0000,0.0000,0.0000,Dark,
21.3379,0.0000,0.0000,0.0000,0.0000,NaN,NaN,NaN,NaN,NaN,NaN,0.0000,0.0000,0.0000,0.0000,0.0000,0.0000,Dark,
21.3491,0.0000,0.0000,0.0000,0.0000,NaN,NaN,NaN,NaN,NaN,NaN,0.0000,0.0000,0.0000,0.0000,0.0000,0.0000,Dark,
21.3604,0.0000,0.0000,0.0000,0.0000,NaN,NaN,NaN,NaN,NaN,NaN,0.0000,0.0000,0.0000,0.0000,0.0000,0.0000,Dark,
21.3713,0.0000,0.0000,0.0000,0.0000,NaN,NaN,NaN,NaN,NaN,NaN,0.0000,0.0000,0.0000,0.0000,0.0000,0.0000,Dark,
21.3824,0.0000,0.0000,0.0000,0.0000,NaN,NaN,NaN,NaN,NaN,NaN,0.0000,0.0000,0.0000,0.0000,0.0000,0.0000,Dark,
21.3938,0.0000,0.0000,0.0000,0.0000,NaN,NaN,NaN,NaN,NaN,NaN,0.0000,0.0000,0.0000,0.0000,0.0000,0.0000,Dark,
21.4048,0.0000,0.0000,0.0000,0.0000,NaN,NaN,NaN,NaN,NaN,NaN,0.0000,0.0000,0.0000,0.0000,0.0000,0.0000,Dark,
21.4160,0.0000,0.0000,0.0000,0.0000,NaN,NaN,NaN,NaN,NaN,NaN,0.0000,0.0000,0.0000,0.0000,0.0000,0.0000,Dark,
21.4272,0.0000,0.0000,0.0000,0.0000,NaN,NaN,NaN,NaN,NaN,NaN,0.0000,0.0000,0.0000,0.0000,0.0000,0.0000,Dark,
21.4381,0.0000,0.0000,0.0000,0.0000,NaN,NaN,NaN,NaN,NaN,NaN,0.0000,0.0000,0.0000,0.0000,0.0000,0.0000,Dark,
21.4497,0.0000,0.0000,0.0000,0.0000,NaN,NaN,NaN,NaN,NaN,NaN,0.0000,0.0000,0.0000,0.0000,0.0000,0.0000,Dark,
21.4611,0.0000,0.0000,0.0000,0.0000,NaN,NaN,NaN,NaN,NaN,NaN,0.0000,0.0000,0.0000,0.0000,0.0000,0.0000,Dark,
21.4717,0.0000,0.0000,0.0000,0.0000,NaN,NaN,NaN,NaN,NaN,NaN,0.0000,0.0000,0.0000,0.0000,0.0000,0.0000,Dark,
21.4826,0.0000,0.0000,0.0000,0.0000,NaN,NaN,NaN,NaN,NaN,NaN,0.0000,0.0000,0.0000,0.0000,0.0000,0.0000,Dark,
21.4946,0.0000,0.0000,0.0000,0.0000,NaN,NaN,NaN,NaN,NaN,NaN,0.0000,0.0000,0.0000,0.0000,0.0000,0.0000,Dark,
21.5050,0.0000,0.0000,0.0000,0.0000,NaN,NaN,NaN,NaN,NaN,NaN,0.0000,0.0000,0.0000,0.0000,0.0000,0.0000,Dark,
21.5160,0.0000,0.0000,0.0000,0.0000,NaN,NaN,NaN,NaN,NaN,NaN,0.0000,0.0000,0.0000,0.0000,0.0000,0.0000,Dark,
21.5277,0.0000,0.0000,0.0000,0.0000,NaN,NaN,NaN,NaN,NaN,NaN,0.0000,0.0000,0.0000,0.0000,0.0000,0.0000,Dark,
21.5384,0.0000,0.0000,0.0000,0.0000,NaN,NaN,NaN,NaN,NaN,NaN,0.0000,0.0000,0.0000,0.0000,0.0000,0.0000,Dark,
21.5494,0.0000,0.0000,0.0000,0.0000,NaN,NaN,NaN,NaN,NaN,NaN,0.0000,0.0000,0.0000,0.0000,0.0000,0.0000,Dark,
21.5613,0.0000,0.0000,0.0000,0.0000,NaN,NaN,NaN,NaN,NaN,NaN,0.0000,0.0000,0.0000,0.0000,0.0000,0.0000,Dark,
21.5718,0.0000,0.0000,0.0000,0.0000,NaN,NaN,NaN,NaN,NaN,NaN,0.0000,0.0000,0.0000,0.0000,0.0000,0.0000,Dark,
21.5827,0.0000,0.0000,0.0000,0.0000,NaN,NaN,NaN,NaN,NaN,NaN,0.0000,0.0000,0.0000,0.0000,0.0000,0.0000,Dark,
21.5946,0.0000,0.0000,0.0000,0.0000,NaN,NaN,NaN,NaN,NaN,NaN,0.0000,0.0000,0.0000,0.0000,0.0000,0.0000,Dark,
21.6056,0.0000,0.0000,0.0000,0.0000,NaN,NaN,NaN,NaN,NaN,NaN,0.0000,0.0000,0.0000,0.0000,0.0000,0.0000,Dark,
21.6163,0.0000,0.0000,0.0000,0.0000,NaN,NaN,NaN,NaN,NaN,NaN,0.0000,0.0000,0.0000,0.0000,0.0000,0.0000,Dark,
21.6280,0.0000,0.0000,0.0000,0.0000,NaN,NaN,NaN,NaN,NaN,NaN,0.0000,0.0000,0.0000,0.0000,0.0000,0.0000,Dark,
21.6385,0.0000,0.0000,0.0000,0.0000,NaN,NaN,NaN,NaN,NaN,NaN,0.0000,0.0000,0.0000,0.0000,0.0000,0.0000,Dark,
21.6497,0.0000,0.0000,0.0000,0.0000,NaN,NaN,NaN,NaN,NaN,NaN,0.0000,0.0000,0.0000,0.0000,0.0000,0.0000,Dark,
21.6613,0.0000,0.0000,0.0000,0.0000,NaN,NaN,NaN,NaN,NaN,NaN,0.0000,0.0000,0.0000,0.0000,0.0000,0.0000,Dark,
21.6723,0.0000,0.0000,0.0000,0.0000,NaN,NaN,NaN,NaN,NaN,NaN,0.0000,0.0000,0.0000,0.0000,0.0000,0.0000,Dark,
21.6831,0.0000,0.0000,0.0000,0.0000,NaN,NaN,NaN,NaN,NaN,NaN,0.0000,0.0000,0.0000,0.0000,0.0000,0.0000,Dark,
21.7044,0.0000,0.0000,0.0000,0.0000,NaN,NaN,NaN,NaN,NaN,NaN,0.0000,0.0000,0.0000,0.0000,0.0000,0.0000,Dark,
21.7070,0.0000,0.0000,0.0000,0.0000,NaN,NaN,NaN,NaN,NaN,NaN,0.0000,0.0000,0.0000,0.0000,0.0000,0.0000,Dark,
21.7171,0.0000,0.0000,0.0000,0.0000,NaN,NaN,NaN,NaN,NaN,NaN,0.0000,0.0000,0.0000,0.0000,0.0000,0.0000,Dark,
21.7283,0.0000,0.0000,0.0000,0.0000,NaN,NaN,NaN,NaN,NaN,NaN,0.0000,0.0000,0.0000,0.0000,0.0000,0.0000,Dark,
21.7389,0.0000,0.0000,0.0000,0.0000,NaN,NaN,NaN,NaN,NaN,NaN,0.0000,0.0000,0.0000,0.0000,0.0000,0.0000,Dark,
21.7502,0.0000,0.0000,0.0000,0.0000,NaN,NaN,NaN,NaN,NaN,NaN,0.0000,0.0000,0.0000,0.0000,0.0000,0.0000,Dark,
21.7623,0.0000,0.0000,0.0000,0.0000,NaN,NaN,NaN,NaN,NaN,NaN,0.0000,0.0000,0.0000,0.0000,0.0000,0.0000,Dark,
21.7725,0.0000,0.0000,0.0000,0.0000,NaN,NaN,NaN,NaN,NaN,NaN,0.0000,0.0000,0.0000,0.0000,0.0000,0.0000,Dark,
21.7835,0.0000,0.0000,0.0000,0.0000,NaN,NaN,NaN,NaN,NaN,NaN,0.0000,0.0000,0.0000,0.0000,0.0000,0.0000,Dark,
21.7947,0.0000,0.0000,0.0000,0.0000,NaN,NaN,NaN,NaN,NaN,NaN,0.0000,0.0000,0.0000,0.0000,0.0000,0.0000,Dark,
21.8058,0.0000,0.0000,0.0000,0.0000,NaN,NaN,NaN,NaN,NaN,NaN,0.0000,0.0000,0.0000,0.0000,0.0000,0.0000,Dark,
21.8169,0.0000,0.0000,0.0000,0.0000,NaN,NaN,NaN,NaN,NaN,NaN,0.0000,0.0000,0.0000,0.0000,0.0000,0.0000,Dark,
21.8281,0.0000,0.0000,0.0000,0.0000,NaN,NaN,NaN,NaN,NaN,NaN,0.0000,0.0000,0.0000,0.0000,0.0000,0.0000,Dark,
21.8395,0.0000,0.0000,0.0000,0.0000,NaN,NaN,NaN,NaN,NaN,NaN,0.0000,0.0000,0.0000,0.0000,0.0000,0.0000,Dark,
21.8502,0.0000,0.0000,0.0000,0.0000,NaN,NaN,NaN,NaN,NaN,NaN,0.0000,0.0000,0.0000,0.0000,0.0000,0.0000,Dark,
21.8616,0.0000,0.0000,0.0000,0.0000,NaN,NaN,NaN,NaN,NaN,NaN,0.0000,0.0000,0.0000,0.0000,0.0000,0.0000,Dark,
21.8729,0.0000,0.0000,0.0000,0.0000,NaN,NaN,NaN,NaN,NaN,NaN,0.0000,0.0000,0.0000,0.0000,0.0000,0.0000,Dark,
21.8843,0.0000,0.0000,0.0000,0.0000,NaN,NaN,NaN,NaN,NaN,NaN,0.0000,0.0000,0.0000,0.0000,0.0000,0.0000,Dark,
21.8947,0.0000,0.0000,0.0000,0.0000,NaN,NaN,NaN,NaN,NaN,NaN,0.0000,0.0000,0.0000,0.0000,0.0000,0.0000,Dark,
21.9062,0.0000,0.0000,0.0000,0.0000,NaN,NaN,NaN,NaN,NaN,NaN,0.0000,0.0000,0.0000,0.0000,0.0000,0.0000,Dark,
21.9171,0.0000,0.0000,0.0000,0.0000,NaN,NaN,NaN,NaN,NaN,NaN,0.0000,0.0000,0.0000,0.0000,0.0000,0.0000,Dark,
21.9282,0.0000,0.0000,0.0000,0.0000,NaN,NaN,NaN,NaN,NaN,NaN,0.0000,0.0000,0.0000,0.0000,0.0000,0.0000,Dark,
21.9399,0.0000,0.0000,0.0000,0.0000,NaN,NaN,NaN,NaN,NaN,NaN,0.0000,0.0000,0.0000,0.0000,0.0000,0.0000,Dark,
21.9504,0.0000,0.0000,0.0000,0.0000,NaN,NaN,NaN,NaN,NaN,NaN,0.0000,0.0000,0.0000,0.0000,0.0000,0.0000,Dark,
21.9615,0.0000,0.0000,0.0000,0.0000,NaN,NaN,NaN,NaN,NaN,NaN,0.0000,0.0000,0.0000,0.0000,0.0000,0.0000,Dark,
21.9734,0.0000,0.0000,0.0000,0.0000,NaN,NaN,NaN,NaN,NaN,NaN,0.0000,0.0000,0.0000,0.0000,0.0000,0.0000,Dark,
21.9838,0.0000,0.0000,0.0000,0.0000,NaN,NaN,NaN,NaN,NaN,NaN,0.0000,0.0000,0.0000,0.0000,0.0000,0.0000,Dark,
21.9949,0.0000,0.0000,0.0000,0.0000,NaN,NaN,NaN,NaN,NaN,NaN,0.0000,0.0000,0.0000,0.0000,0.0000,0.0000,Dark,
22.0067,0.0000,0.0000,0.0000,0.0000,NaN,NaN,NaN,NaN,NaN,NaN,0.0000,0.0000,0.0000,0.0000,0.0000,0.0000,Dark,
22.0175,0.0000,0.0000,0.0000,0.0000,NaN,NaN,NaN,NaN,NaN,NaN,0.0000,0.0000,0.0000,0.0000,0.0000,0.0000,Dark,
22.0287,0.0000,0.0000,0.0000,0.0000,NaN,NaN,NaN,NaN,NaN,NaN,0.0000,0.0000,0.0000,0.0000,0.0000,0.0000,Dark,
22.0404,0.0000,0.0000,0.0000,0.0000,NaN,NaN,NaN,NaN,NaN,NaN,0.0000,0.0000,0.0000,0.0000,0.0000,0.0000,Dark,
22.0510,0.0000,0.0000,0.0000,0.0000,NaN,NaN,NaN,NaN,NaN,NaN,0.0000,0.0000,0.0000,0.0000,0.0000,0.0000,Dark,
22.0618,0.0000,0.0000,0.0000,0.0000,NaN,NaN,NaN,NaN,NaN,NaN,0.0000,0.0000,0.0000,0.0000,0.0000,0.0000,Dark,
22.0738,0.0000,0.0000,0.0000,0.0000,NaN,NaN,NaN,NaN,NaN,NaN,0.0000,0.0000,0.0000,0.0000,0.0000,0.0000,Dark,
22.0847,0.0000,0.0000,0.0000,0.0000,NaN,NaN,NaN,NaN,NaN,NaN,0.0000,0.0000,0.0000,0.0000,0.0000,0.0000,Dark,
22.0951,0.0000,0.0000,0.0000,0.0000,NaN,NaN,NaN,NaN,NaN,NaN,0.0000,0.0000,0.0000,0.0000,0.0000,0.0000,Dark,
22.1073,0.0000,0.0000,0.0000,0.0000,NaN,NaN,NaN,NaN,NaN,NaN,0.0000,0.0000,0.0000,0.0000,0.0000,0.0000,Dark,
22.1176,0.0000,0.0000,0.0000,0.0000,NaN,NaN,NaN,NaN,NaN,NaN,0.0000,0.0000,0.0000,0.0000,0.0000,0.0000,Dark,
22.1287,0.0000,0.0000,0.0000,0.0000,NaN,NaN,NaN,NaN,NaN,NaN,0.0000,0.0000,0.0000,0.0000,0.0000,0.0000,Dark,
22.1400,0.0000,0.0000,0.0000,0.0000,NaN,NaN,NaN,NaN,NaN,NaN,0.0000,0.0000,0.0000,0.0000,0.0000,0.0000,Dark,
22.1510,0.0000,0.0000,0.0000,0.0000,NaN,NaN,NaN,NaN,NaN,NaN,0.0000,0.0000,0.0000,0.0000,0.0000,0.0000,Dark,
22.1620,0.0000,0.0000,0.0000,0.0000,NaN,NaN,NaN,NaN,NaN,NaN,0.0000,0.0000,0.0000,0.0000,0.0000,0.0000,Dark,
22.1732,0.0000,0.0000,0.0000,0.0000,NaN,NaN,NaN,NaN,NaN,NaN,0.0000,0.0000,0.0000,0.0000,0.0000,0.0000,Dark,
22.1848,0.0000,0.0000,0.0000,0.0000,NaN,NaN,NaN,NaN,NaN,NaN,0.0000,0.0000,0.0000,0.0000,0.0000,0.0000,Dark,
22.1955,0.0000,0.0000,0.0000,0.0000,NaN,NaN,NaN,NaN,NaN,NaN,0.0000,0.0000,0.0000,0.0000,0.0000,0.0000,Dark,
22.2066,0.0000,0.0000,0.0000,0.0000,NaN,NaN,NaN,NaN,NaN,NaN,0.0000,0.0000,0.0000,0.0000,0.0000,0.0000,Dark,
22.2178,0.0000,0.0000,0.0000,0.0000,NaN,NaN,NaN,NaN,NaN,NaN,0.0000,0.0000,0.0000,0.0000,0.0000,0.0000,Dark,
22.2289,0.0000,0.0000,0.0000,0.0000,NaN,NaN,NaN,NaN,NaN,NaN,0.0000,0.0000,0.0000,0.0000,0.0000,0.0000,Dark,
22.2401,0.0000,0.0000,0.0000,0.0000,NaN,NaN,NaN,NaN,NaN,NaN,0.0000,0.0000,0.0000,0.0000,0.0000,0.0000,Dark,
22.2517,0.0000,0.0000,0.0000,0.0000,NaN,NaN,NaN,NaN,NaN,NaN,0.0000,0.0000,0.0000,0.0000,0.0000,0.0000,Dark,
22.2624,0.0000,0.0000,0.0000,0.0000,NaN,NaN,NaN,NaN,NaN,NaN,0.0000,0.0000,0.0000,0.0000,0.0000,0.0000,Dark,
22.2735,0.0000,0.0000,0.0000,0.0000,NaN,NaN,NaN,NaN,NaN,NaN,0.0000,0.0000,0.0000,0.0000,0.0000,0.0000,Dark,
22.2852,0.0000,0.0000,0.0000,0.0000,NaN,NaN,NaN,NaN,NaN,NaN,0.0000,0.0000,0.0000,0.0000,0.0000,0.0000,Dark,
22.2961,0.0000,0.0000,0.0000,0.0000,NaN,NaN,NaN,NaN,NaN,NaN,0.0000,0.0000,0.0000,0.0000,0.0000,0.0000,Dark,
22.3072,0.0000,0.0000,0.0000,0.0000,NaN,NaN,NaN,NaN,NaN,NaN,0.0000,0.0000,0.0000,0.0000,0.0000,0.0000,Dark,
22.3187,0.0000,0.0000,0.0000,0.0000,NaN,NaN,NaN,NaN,NaN,NaN,0.0000,0.0000,0.0000,0.0000,0.0000,0.0000,Dark,
22.3291,0.0000,0.0000,0.0000,0.0000,NaN,NaN,NaN,NaN,NaN,NaN,0.0000,0.0000,0.0000,0.0000,0.0000,0.0000,Dark,
22.3407,0.0000,0.0000,0.0000,0.0000,NaN,NaN,NaN,NaN,NaN,NaN,0.0000,0.0000,0.0000,0.0000,0.0000,0.0000,Dark,
22.3521,0.0000,0.0000,0.0000,0.0000,NaN,NaN,NaN,NaN,NaN,NaN,0.0000,0.0000,0.0000,0.0000,0.0000,0.0000,Dark,
22.3627,0.0000,0.0000,0.0000,0.0000,NaN,NaN,NaN,NaN,NaN,NaN,0.0000,0.0000,0.0000,0.0000,0.0000,0.0000,Dark,
22.3739,0.0000,0.0000,0.0000,0.0000,NaN,NaN,NaN,NaN,NaN,NaN,0.0000,0.0000,0.0000,0.0000,0.0000,0.0000,Dark,
22.3856,0.0000,0.0000,0.0000,0.0000,NaN,NaN,NaN,NaN,NaN,NaN,0.0000,0.0000,0.0000,0.0000,0.0000,0.0000,Dark,
22.3963,0.0000,0.0000,0.0000,0.0000,NaN,NaN,NaN,NaN,NaN,NaN,0.0000,0.0000,0.0000,0.0000,0.0000,0.0000,Dark,
22.4072,0.0000,0.0000,0.0000,0.0000,NaN,NaN,NaN,NaN,NaN,NaN,0.0000,0.0000,0.0000,0.0000,0.0000,0.0000,Dark,
22.4191,0.0000,0.0000,0.0000,0.0000,NaN,NaN,NaN,NaN,NaN,NaN,0.0000,0.0000,0.0000,0.0000,0.0000,0.0000,Dark,
22.4296,0.0000,0.0000,0.0000,0.0000,NaN,NaN,NaN,NaN,NaN,NaN,0.0000,0.0000,0.0000,0.0000,0.0000,0.0000,Dark,
22.4408,0.0000,0.0000,0.0000,0.0000,NaN,NaN,NaN,NaN,NaN,NaN,0.0000,0.0000,0.0000,0.0000,0.0000,0.0000,Dark,
22.4525,0.0000,0.0000,0.0000,0.0000,NaN,NaN,NaN,NaN,NaN,NaN,0.0000,0.0000,0.0000,0.0000,0.0000,0.0000,Dark,
22.4631,0.0000,0.0000,0.0000,0.0000,NaN,NaN,NaN,NaN,NaN,NaN,0.0000,0.0000,0.0000,0.0000,0.0000,0.0000,Dark,
22.4742,0.0000,0.0000,0.0000,0.0000,NaN,NaN,NaN,NaN,NaN,NaN,0.0000,0.0000,0.0000,0.0000,0.0000,0.0000,Dark,
22.4860,0.0000,0.0000,0.0000,0.0000,NaN,NaN,NaN,NaN,NaN,NaN,0.0000,0.0000,0.0000,0.0000,0.0000,0.0000,Dark,
22.4968,0.0000,0.0000,0.0000,0.0000,NaN,NaN,NaN,NaN,NaN,NaN,0.0000,0.0000,0.0000,0.0000,0.0000,0.0000,Dark,
22.5077,0.0000,0.0000,0.0000,0.0000,NaN,NaN,NaN,NaN,NaN,NaN,0.0000,0.0000,0.0000,0.0000,0.0000,0.0000,Dark,
22.5192,0.0000,0.0000,0.0000,0.0000,NaN,NaN,NaN,NaN,NaN,NaN,0.0000,0.0000,0.0000,0.0000,0.0000,0.0000,Dark,
22.5298,0.0000,0.0000,0.0000,0.0000,NaN,NaN,NaN,NaN,NaN,NaN,0.0000,0.0000,0.0000,0.0000,0.0000,0.0000,Dark,
22.5410,0.0000,0.0000,0.0000,0.0000,NaN,NaN,NaN,NaN,NaN,NaN,0.0000,0.0000,0.0000,0.0000,0.0000,0.0000,Dark,
22.5523,0.0000,0.0000,0.0000,0.0000,NaN,NaN,NaN,NaN,NaN,NaN,0.0000,0.0000,0.0000,0.0000,0.0000,0.0000,Dark,
22.5636,0.0000,0.0000,0.0000,0.0000,NaN,NaN,NaN,NaN,NaN,NaN,0.0000,0.0000,0.0000,0.0000,0.0000,0.0000,Dark,
22.5745,0.0000,0.0000,0.0000,0.0000,NaN,NaN,NaN,NaN,NaN,NaN,0.0000,0.0000,0.0000,0.0000,0.0000,0.0000,Dark,
22.5861,0.0000,0.0000,0.0000,0.0000,NaN,NaN,NaN,NaN,NaN,NaN,0.0000,0.0000,0.0000,0.0000,0.0000,0.0000,Dark,
22.5972,0.0000,0.0000,0.0000,0.0000,NaN,NaN,NaN,NaN,NaN,NaN,0.0000,0.0000,0.0000,0.0000,0.0000,0.0000,Dark,
22.6079,0.0000,0.0000,0.0000,0.0000,NaN,NaN,NaN,NaN,NaN,NaN,0.0000,0.0000,0.0000,0.0000,0.0000,0.0000,Dark,
22.6195,0.0000,0.0000,0.0000,0.0000,NaN,NaN,NaN,NaN,NaN,NaN,0.0000,0.0000,0.0000,0.0000,0.0000,0.0000,Dark,
22.6301,0.0000,0.0000,0.0000,0.0000,NaN,NaN,NaN,NaN,NaN,NaN,0.0000,0.0000,0.0000,0.0000,0.0000,0.0000,Dark,
22.6412,0.0000,0.0000,0.0000,0.0000,NaN,NaN,NaN,NaN,NaN,NaN,0.0000,0.0000,0.0000,0.0000,0.0000,0.0000,Dark,
22.6524,0.0000,0.0000,0.0000,0.0000,NaN,NaN,NaN,NaN,NaN,NaN,0.0000,0.0000,0.0000,0.0000,0.0000,0.0000,Dark,
22.6637,0.0000,0.0000,0.0000,0.0000,NaN,NaN,NaN,NaN,NaN,NaN,0.0000,0.0000,0.0000,0.0000,0.0000,0.0000,Dark,
22.6748,0.0000,0.0000,0.0000,0.0000,NaN,NaN,NaN,NaN,NaN,NaN,0.0000,0.0000,0.0000,0.0000,0.0000,0.0000,Dark,
22.6861,0.0000,0.0000,0.0000,0.0000,NaN,NaN,NaN,NaN,NaN,NaN,0.0000,0.0000,0.0000,0.0000,0.0000,0.0000,Dark,
22.6970,0.0000,0.0000,0.0000,0.0000,NaN,NaN,NaN,NaN,NaN,NaN,0.0000,0.0000,0.0000,0.0000,0.0000,0.0000,Dark,
22.7080,0.0000,0.0000,0.0000,0.0000,NaN,NaN,NaN,NaN,NaN,NaN,0.0000,0.0000,0.0000,0.0000,0.0000,0.0000,Dark,
22.7195,0.0000,0.0000,0.0000,0.0000,NaN,NaN,NaN,NaN,NaN,NaN,0.0000,0.0000,0.0000,0.0000,0.0000,0.0000,Dark,
22.7314,0.0000,0.0000,0.0000,0.0000,NaN,NaN,NaN,NaN,NaN,NaN,0.0000,0.0000,0.0000,0.0000,0.0000,0.0000,Dark,
22.7416,0.0000,0.0000,0.0000,0.0000,NaN,NaN,NaN,NaN,NaN,NaN,0.0000,0.0000,0.0000,0.0000,0.0000,0.0000,Dark,
22.7528,0.0000,0.0000,0.0000,0.0000,NaN,NaN,NaN,NaN,NaN,NaN,0.0000,0.0000,0.0000,0.0000,0.0000,0.0000,Dark,
22.7639,0.0000,0.0000,0.0000,0.0000,NaN,NaN,NaN,NaN,NaN,NaN,0.0000,0.0000,0.0000,0.0000,0.0000,0.0000,Dark,
22.7749,0.0000,0.0000,0.0000,0.0000,NaN,NaN,NaN,NaN,NaN,NaN,0.0000,0.0000,0.0000,0.0000,0.0000,0.0000,Dark,
22.7860,0.0000,0.0000,0.0000,0.0000,NaN,NaN,NaN,NaN,NaN,NaN,0.0000,0.0000,0.0000,0.0000,0.0000,0.0000,Dark,
22.7974,0.0000,0.0000,0.0000,0.0000,NaN,NaN,NaN,NaN,NaN,NaN,0.0000,0.0000,0.0000,0.0000,0.0000,0.0000,Dark,
22.8085,0.0000,0.0000,0.0000,0.0000,NaN,NaN,NaN,NaN,NaN,NaN,0.0000,0.0000,0.0000,0.0000,0.0000,0.0000,Dark,
22.8192,0.0000,0.0000,0.0000,0.0000,NaN,NaN,NaN,NaN,NaN,NaN,0.0000,0.0000,0.0000,0.0000,0.0000,0.0000,Dark,
22.8312,0.0000,0.0000,0.0000,0.0000,NaN,NaN,NaN,NaN,NaN,NaN,0.0000,0.0000,0.0000,0.0000,0.0000,0.0000,Dark,
22.8417,0.0000,0.0000,0.0000,0.0000,NaN,NaN,NaN,NaN,NaN,NaN,0.0000,0.0000,0.0000,0.0000,0.0000,0.0000,Dark,
22.8529,0.0000,0.0000,0.0000,0.0000,NaN,NaN,NaN,NaN,NaN,NaN,0.0000,0.0000,0.0000,0.0000,0.0000,0.0000,Dark,
22.8646,0.0000,0.0000,0.0000,0.0000,NaN,NaN,NaN,NaN,NaN,NaN,0.0000,0.0000,0.0000,0.0000,0.0000,0.0000,Dark,
22.8751,0.0000,0.0000,0.0000,0.0000,NaN,NaN,NaN,NaN,NaN,NaN,0.0000,0.0000,0.0000,0.0000,0.0000,0.0000,Dark,
22.8864,0.0000,0.0000,0.0000,0.0000,NaN,NaN,NaN,NaN,NaN,NaN,0.0000,0.0000,0.0000,0.0000,0.0000,0.0000,Dark,
22.8979,0.0000,0.0000,0.0000,0.0000,NaN,NaN,NaN,NaN,NaN,NaN,0.0000,0.0000,0.0000,0.0000,0.0000,0.0000,Dark,
22.9086,0.0000,0.0000,0.0000,0.0000,NaN,NaN,NaN,NaN,NaN,NaN,0.0000,0.0000,0.0000,0.0000,0.0000,0.0000,Dark,
22.9197,0.0000,0.0000,0.0000,0.0000,NaN,NaN,NaN,NaN,NaN,NaN,0.0000,0.0000,0.0000,0.0000,0.0000,0.0000,Dark,
22.9316,0.0000,0.0000,0.0000,0.0000,NaN,NaN,NaN,NaN,NaN,NaN,0.0000,0.0000,0.0000,0.0000,0.0000,0.0000,Dark,
22.9419,0.0000,0.0000,0.0000,0.0000,NaN,NaN,NaN,NaN,NaN,NaN,0.0000,0.0000,0.0000,0.0000,0.0000,0.0000,Dark,
22.9529,0.0000,0.0000,0.0000,0.0000,NaN,NaN,NaN,NaN,NaN,NaN,0.0000,0.0000,0.0000,0.0000,0.0000,0.0000,Dark,
22.9645,0.0000,0.0000,0.0000,0.0000,NaN,NaN,NaN,NaN,NaN,NaN,0.0000,0.0000,0.0000,0.0000,0.0000,0.0000,Dark,
22.9753,0.0000,0.0000,0.0000,0.0000,NaN,NaN,NaN,NaN,NaN,NaN,0.0000,0.0000,0.0000,0.0000,0.0000,0.0000,Dark,
22.9865,0.0000,0.0000,0.0000,0.0000,NaN,NaN,NaN,NaN,NaN,NaN,0.0000,0.0000,0.0000,0.0000,0.0000,0.0000,Dark,
22.9985,0.0000,0.0000,0.0000,0.0000,NaN,NaN,NaN,NaN,NaN,NaN,0.0000,0.0000,0.0000,0.0000,0.0000,0.0000,Dark,
23.0087,0.0000,0.0000,0.0000,0.0000,NaN,NaN,NaN,NaN,NaN,NaN,0.0000,0.0000,0.0000,0.0000,0.0000,0.0000,Dark,
23.0198,0.0000,0.0000,0.0000,0.0000,NaN,NaN,NaN,NaN,NaN,NaN,0.0000,0.0000,0.0000,0.0000,0.0000,0.0000,Dark,
23.0313,0.0000,0.0000,0.0000,0.0000,NaN,NaN,NaN,NaN,NaN,NaN,0.0000,0.0000,0.0000,0.0000,0.0000,0.0000,Dark,
23.0425,0.0000,0.0000,0.0000,0.0000,NaN,NaN,NaN,NaN,NaN,NaN,0.0000,0.0000,0.0000,0.0000,0.0000,0.0000,Dark,
23.0534,0.0000,0.0000,0.0000,0.0000,NaN,NaN,NaN,NaN,NaN,NaN,0.0000,0.0000,0.0000,0.0000,0.0000,0.0000,Dark,
23.0645,0.0000,0.0000,0.0000,0.0000,NaN,NaN,NaN,NaN,NaN,NaN,0.0000,0.0000,0.0000,0.0000,0.0000,0.0000,Dark,
23.0759,0.0000,0.0000,0.0000,0.0000,NaN,NaN,NaN,NaN,NaN,NaN,0.0000,0.0000,0.0000,0.0000,0.0000,0.0000,Dark,
23.0869,0.0000,0.0000,0.0000,0.0000,NaN,NaN,NaN,NaN,NaN,NaN,0.0000,0.0000,0.0000,0.0000,0.0000,0.0000,Dark,
23.0985,0.0000,0.0000,0.0000,0.0000,NaN,NaN,NaN,NaN,NaN,NaN,0.0000,0.0000,0.0000,0.0000,0.0000,0.0000,Dark,
23.1096,0.0000,0.0000,0.0000,0.0000,NaN,NaN,NaN,NaN,NaN,NaN,0.0000,0.0000,0.0000,0.0000,0.0000,0.0000,Dark,
23.1201,0.0000,0.0000,0.0000,0.0000,NaN,NaN,NaN,NaN,NaN,NaN,0.0000,0.0000,0.0000,0.0000,0.0000,0.0000,Dark,
23.1312,0.0000,0.0000,0.0000,0.0000,NaN,NaN,NaN,NaN,NaN,NaN,0.0000,0.0000,0.0000,0.0000,0.0000,0.0000,Dark,
23.1428,0.0000,0.0000,0.0000,0.0000,NaN,NaN,NaN,NaN,NaN,NaN,0.0000,0.0000,0.0000,0.0000,0.0000,0.0000,Dark,
23.1536,0.0000,0.0000,0.0000,0.0000,NaN,NaN,NaN,NaN,NaN,NaN,0.0000,0.0000,0.0000,0.0000,0.0000,0.0000,Dark,
23.1648,0.0000,0.0000,0.0000,0.0000,NaN,NaN,NaN,NaN,NaN,NaN,0.0000,0.0000,0.0000,0.0000,0.0000,0.0000,Dark,
23.1759,0.0000,0.0000,0.0000,0.0000,NaN,NaN,NaN,NaN,NaN,NaN,0.0000,0.0000,0.0000,0.0000,0.0000,0.0000,Dark,
23.1870,0.0000,0.0000,0.0000,0.0000,NaN,NaN,NaN,NaN,NaN,NaN,0.0000,0.0000,0.0000,0.0000,0.0000,0.0000,Dark,
23.1981,0.0000,0.0000,0.0000,0.0000,NaN,NaN,NaN,NaN,NaN,NaN,0.0000,0.0000,0.0000,0.0000,0.0000,0.0000,Dark,
23.2095,0.0000,0.0000,0.0000,0.0000,NaN,NaN,NaN,NaN,NaN,NaN,0.0000,0.0000,0.0000,0.0000,0.0000,0.0000,Dark,
23.2205,0.0000,0.0000,0.0000,0.0000,NaN,NaN,NaN,NaN,NaN,NaN,0.0000,0.0000,0.0000,0.0000,0.0000,0.0000,Dark,
23.2315,0.0000,0.0000,0.0000,0.0000,NaN,NaN,NaN,NaN,NaN,NaN,0.0000,0.0000,0.0000,0.0000,0.0000,0.0000,Dark,
23.2431,0.0000,0.0000,0.0000,0.0000,NaN,NaN,NaN,NaN,NaN,NaN,0.0000,0.0000,0.0000,0.0000,0.0000,0.0000,Dark,
23.2538,0.0000,0.0000,0.0000,0.0000,NaN,NaN,NaN,NaN,NaN,NaN,0.0000,0.0000,0.0000,0.0000,0.0000,0.0000,Dark,
23.2651,0.0000,0.0000,0.0000,0.0000,NaN,NaN,NaN,NaN,NaN,NaN,0.0000,0.0000,0.0000,0.0000,0.0000,0.0000,Dark,
23.2767,0.0000,0.0000,0.0000,0.0000,NaN,NaN,NaN,NaN,NaN,NaN,0.0000,0.0000,0.0000,0.0000,0.0000,0.0000,Dark,
23.2872,0.0000,0.0000,0.0000,0.0000,NaN,NaN,NaN,NaN,NaN,NaN,0.0000,0.0000,0.0000,0.0000,0.0000,0.0000,Dark,
23.3000,0.0000,0.0000,0.0000,0.0000,NaN,NaN,NaN,NaN,NaN,NaN,0.0000,0.0000,0.0000,0.0000,0.0000,0.0000,Dark,
23.3102,0.0000,0.0000,0.0000,0.0000,NaN,NaN,NaN,NaN,NaN,NaN,0.0000,0.0000,0.0000,0.0000,0.0000,0.0000,Dark,
23.3205,0.0000,0.0000,0.0000,0.0000,NaN,NaN,NaN,NaN,NaN,NaN,0.0000,0.0000,0.0000,0.0000,0.0000,0.0000,Dark,
23.3316,0.0000,0.0000,0.0000,0.0000,NaN,NaN,NaN,NaN,NaN,NaN,0.0000,0.0000,0.0000,0.0000,0.0000,0.0000,Dark,
23.3432,0.0000,0.0000,0.0000,0.0000,NaN,NaN,NaN,NaN,NaN,NaN,0.0000,0.0000,0.0000,0.0000,0.0000,0.0000,Dark,
23.3539,0.0000,0.0000,0.0000,0.0000,NaN,NaN,NaN,NaN,NaN,NaN,0.0000,0.0000,0.0000,0.0000,0.0000,0.0000,Dark,
23.3652,0.0000,0.0000,0.0000,0.0000,NaN,NaN,NaN,NaN,NaN,NaN,0.0000,0.0000,0.0000,0.0000,0.0000,0.0000,Dark,
23.3769,0.0000,0.0000,0.0000,0.0000,NaN,NaN,NaN,NaN,NaN,NaN,0.0000,0.0000,0.0000,0.0000,0.0000,0.0000,Dark,
23.3873,0.0000,0.0000,0.0000,0.0000,NaN,NaN,NaN,NaN,NaN,NaN,0.0000,0.0000,0.0000,0.0000,0.0000,0.0000,Dark,
23.3984,0.0000,0.0000,0.0000,0.0000,NaN,NaN,NaN,NaN,NaN,NaN,0.0000,0.0000,0.0000,0.0000,0.0000,0.0000,Dark,
23.4102,0.0000,0.0000,0.0000,0.0000,NaN,NaN,NaN,NaN,NaN,NaN,0.0000,0.0000,0.0000,0.0000,0.0000,0.0000,Dark,
23.4208,0.0000,0.0000,0.0000,0.0000,NaN,NaN,NaN,NaN,NaN,NaN,0.0000,0.0000,0.0000,0.0000,0.0000,0.0000,Dark,
23.4323,0.0000,0.0000,0.0000,0.0000,NaN,NaN,NaN,NaN,NaN,NaN,0.0000,0.0000,0.0000,0.0000,0.0000,0.0000,Dark,
23.4431,0.0000,0.0000,0.0000,0.0000,NaN,NaN,NaN,NaN,NaN,NaN,0.0000,0.0000,0.0000,0.0000,0.0000,0.0000,Dark,
23.4541,0.0000,0.0000,0.0000,0.0000,NaN,NaN,NaN,NaN,NaN,NaN,0.0000,0.0000,0.0000,0.0000,0.0000,0.0000,Dark,
23.4652,0.0000,0.0000,0.0000,0.0000,NaN,NaN,NaN,NaN,NaN,NaN,0.0000,0.0000,0.0000,0.0000,0.0000,0.0000,Dark,
23.4774,0.0000,0.0000,0.0000,0.0000,NaN,NaN,NaN,NaN,NaN,NaN,0.0000,0.0000,0.0000,0.0000,0.0000,0.0000,Dark,
23.4876,0.0000,0.0000,0.0000,0.0000,NaN,NaN,NaN,NaN,NaN,NaN,0.0000,0.0000,0.0000,0.0000,0.0000,0.0000,Dark,
23.4986,0.0000,0.0000,0.0000,0.0000,NaN,NaN,NaN,NaN,NaN,NaN,0.0000,0.0000,0.0000,0.0000,0.0000,0.0000,Dark,
23.5101,0.0000,0.0000,0.0000,0.0000,NaN,NaN,NaN,NaN,NaN,NaN,0.0000,0.0000,0.0000,0.0000,0.0000,0.0000,Dark,
23.5210,0.0000,0.0000,0.0000,0.0000,NaN,NaN,NaN,NaN,NaN,NaN,0.0000,0.0000,0.0000,0.0000,0.0000,0.0000,Dark,
23.5320,0.0000,0.0000,0.0000,0.0000,NaN,NaN,NaN,NaN,NaN,NaN,0.0000,0.0000,0.0000,0.0000,0.0000,0.0000,Dark,
23.5437,0.0000,0.0000,0.0000,0.0000,NaN,NaN,NaN,NaN,NaN,NaN,0.0000,0.0000,0.0000,0.0000,0.0000,0.0000,Dark,
23.5545,0.0000,0.0000,0.0000,0.0000,NaN,NaN,NaN,NaN,NaN,NaN,0.0000,0.0000,0.0000,0.0000,0.0000,0.0000,Dark,
23.5655,0.0000,0.0000,0.0000,0.0000,NaN,NaN,NaN,NaN,NaN,NaN,0.0000,0.0000,0.0000,0.0000,0.0000,0.0000,Dark,
23.5775,0.0000,0.0000,0.0000,0.0000,NaN,NaN,NaN,NaN,NaN,NaN,0.0000,0.0000,0.0000,0.0000,0.0000,0.0000,Dark,
23.5879,0.0000,0.0000,0.0000,0.0000,NaN,NaN,NaN,NaN,NaN,NaN,0.0000,0.0000,0.0000,0.0000,0.0000,0.0000,Dark,
23.5988,0.0000,0.0000,0.0000,0.0000,NaN,NaN,NaN,NaN,NaN,NaN,0.0000,0.0000,0.0000,0.0000,0.0000,0.0000,Dark,
23.6103,0.0000,0.0000,0.0000,0.0000,NaN,NaN,NaN,NaN,NaN,NaN,0.0000,0.0000,0.0000,0.0000,0.0000,0.0000,Dark,
23.6213,0.0000,0.0000,0.0000,0.0000,NaN,NaN,NaN,NaN,NaN,NaN,0.0000,0.0000,0.0000,0.0000,0.0000,0.0000,Dark,
23.6323,0.0000,0.0000,0.0000,0.0000,NaN,NaN,NaN,NaN,NaN,NaN,0.0000,0.0000,0.0000,0.0000,0.0000,0.0000,Dark,
23.6445,0.0000,0.0000,0.0000,0.0000,NaN,NaN,NaN,NaN,NaN,NaN,0.0000,0.0000,0.0000,0.0000,0.0000,0.0000,Dark,
23.6553,0.0000,0.0000,0.0000,0.0000,NaN,NaN,NaN,NaN,NaN,NaN,0.0000,0.0000,0.0000,0.0000,0.0000,0.0000,Dark,
23.6656,0.0000,0.0000,0.0000,0.0000,NaN,NaN,NaN,NaN,NaN,NaN,0.0000,0.0000,0.0000,0.0000,0.0000,0.0000,Dark,
23.6770,0.0000,0.0000,0.0000,0.0000,NaN,NaN,NaN,NaN,NaN,NaN,0.0000,0.0000,0.0000,0.0000,0.0000,0.0000,Dark,
23.6885,0.0000,0.0000,0.0000,0.0000,NaN,NaN,NaN,NaN,NaN,NaN,0.0000,0.0000,0.0000,0.0000,0.0000,0.0000,Dark,
23.6990,0.0000,0.0000,0.0000,0.0000,NaN,NaN,NaN,NaN,NaN,NaN,0.0000,0.0000,0.0000,0.0000,0.0000,0.0000,Dark,
23.7110,0.0000,0.0000,0.0000,0.0000,NaN,NaN,NaN,NaN,NaN,NaN,0.0000,0.0000,0.0000,0.0000,0.0000,0.0000,Dark,
23.7221,0.0000,0.0000,0.0000,0.0000,NaN,NaN,NaN,NaN,NaN,NaN,0.0000,0.0000,0.0000,0.0000,0.0000,0.0000,Dark,
23.7330,0.0000,0.0000,0.0000,0.0000,NaN,NaN,NaN,NaN,NaN,NaN,0.0000,0.0000,0.0000,0.0000,0.0000,0.0000,Dark,
23.7437,0.0000,0.0000,0.0000,0.0000,NaN,NaN,NaN,NaN,NaN,NaN,0.0000,0.0000,0.0000,0.0000,0.0000,0.0000,Dark,
23.7554,0.0000,0.0000,0.0000,0.0000,NaN,NaN,NaN,NaN,NaN,NaN,0.0000,0.0000,0.0000,0.0000,0.0000,0.0000,Dark,
23.7659,0.0000,0.0000,0.0000,0.0000,NaN,NaN,NaN,NaN,NaN,NaN,0.0000,0.0000,0.0000,0.0000,0.0000,0.0000,Dark,
23.7771,0.0000,0.0000,0.0000,0.0000,NaN,NaN,NaN,NaN,NaN,NaN,0.0000,0.0000,0.0000,0.0000,0.0000,0.0000,Dark,
23.7886,0.0000,0.0000,0.0000,0.0000,NaN,NaN,NaN,NaN,NaN,NaN,0.0000,0.0000,0.0000,0.0000,0.0000,0.0000,Dark,
23.7993,0.0000,0.0000,0.0000,0.0000,NaN,NaN,NaN,NaN,NaN,NaN,0.0000,0.0000,0.0000,0.0000,0.0000,0.0000,Dark,
23.8108,0.0000,0.0000,0.0000,0.0000,NaN,NaN,NaN,NaN,NaN,NaN,0.0000,0.0000,0.0000,0.0000,0.0000,0.0000,Dark,
23.8225,0.0000,0.0000,0.0000,0.0000,NaN,NaN,NaN,NaN,NaN,NaN,0.0000,0.0000,0.0000,0.0000,0.0000,0.0000,Dark,
23.8330,0.0000,0.0000,0.0000,0.0000,NaN,NaN,NaN,NaN,NaN,NaN,0.0000,0.0000,0.0000,0.0000,0.0000,0.0000,Dark,
23.8440,0.0000,0.0000,0.0000,0.0000,NaN,NaN,NaN,NaN,NaN,NaN,0.0000,0.0000,0.0000,0.0000,0.0000,0.0000,Dark,
23.8557,0.0000,0.0000,0.0000,0.0000,NaN,NaN,NaN,NaN,NaN,NaN,0.0000,0.0000,0.0000,0.0000,0.0000,0.0000,Dark,
23.8664,0.0000,0.0000,0.0000,0.0000,NaN,NaN,NaN,NaN,NaN,NaN,0.0000,0.0000,0.0000,0.0000,0.0000,0.0000,Dark,
23.8775,0.0000,0.0000,0.0000,0.0000,NaN,NaN,NaN,NaN,NaN,NaN,0.0000,0.0000,0.0000,0.0000,0.0000,0.0000,Dark,
23.8895,0.0000,0.0000,0.0000,0.0000,NaN,NaN,NaN,NaN,NaN,NaN,0.0000,0.0000,0.0000,0.0000,0.0000,0.0000,Dark,
23.8997,0.0000,0.0000,0.0000,0.0000,NaN,NaN,NaN,NaN,NaN,NaN,0.0000,0.0000,0.0000,0.0000,0.0000,0.0000,Dark,
23.9108,0.0000,0.0000,0.0000,0.0000,NaN,NaN,NaN,NaN,NaN,NaN,0.0000,0.0000,0.0000,0.0000,0.0000,0.0000,Dark,
23.9228,0.0000,0.0000,0.0000,0.0000,NaN,NaN,NaN,NaN,NaN,NaN,0.0000,0.0000,0.0000,0.0000,0.0000,0.0000,Dark,
23.9331,0.0000,0.0000,0.0000,0.0000,NaN,NaN,NaN,NaN,NaN,NaN,0.0000,0.0000,0.0000,0.0000,0.0000,0.0000,Dark,
23.9443,0.0000,0.0000,0.0000,0.0000,NaN,NaN,NaN,NaN,NaN,NaN,0.0000,0.0000,0.0000,0.0000,0.0000,0.0000,Dark,
23.9562,0.0000,0.0000,0.0000,0.0000,NaN,NaN,NaN,NaN,NaN,NaN,0.0000,0.0000,0.0000,0.0000,0.0000,0.0000,Dark,
23.9665,0.0000,0.0000,0.0000,0.0000,NaN,NaN,NaN,NaN,NaN,NaN,0.0000,0.0000,0.0000,0.0000,0.0000,0.0000,Dark,
23.9776,0.0000,0.0000,0.0000,0.0000,NaN,NaN,NaN,NaN,NaN,NaN,0.0000,0.0000,0.0000,0.0000,0.0000,0.0000,Dark,
23.9893,0.0000,0.0000,0.0000,0.0000,NaN,NaN,NaN,NaN,NaN,NaN,0.0000,0.0000,0.0000,0.0000,0.0000,0.0000,Dark,
24.0001,0.0000,0.0000,0.0000,0.0000,NaN,NaN,NaN,NaN,NaN,NaN,0.0000,0.0000,0.0000,0.0000,0.0000,0.0000,Dark,
24.0111,0.0000,0.0000,0.0000,0.0000,NaN,NaN,NaN,NaN,NaN,NaN,0.0000,0.0000,0.0000,0.0000,0.0000,0.0000,Dark,
24.0222,0.0000,0.0000,0.0000,0.0000,NaN,NaN,NaN,NaN,NaN,NaN,0.0000,0.0000,0.0000,0.0000,0.0000,0.0000,Dark,
24.0334,0.0000,0.0000,0.0000,0.0000,NaN,NaN,NaN,NaN,NaN,NaN,0.0000,0.0000,0.0000,0.0000,0.0000,0.0000,Dark,
24.0445,0.0000,0.0000,0.0000,0.0000,NaN,NaN,NaN,NaN,NaN,NaN,0.0000,0.0000,0.0000,0.0000,0.0000,0.0000,Dark,
24.0557,0.0000,0.0000,0.0000,0.0000,NaN,NaN,NaN,NaN,NaN,NaN,0.0000,0.0000,0.0000,0.0000,0.0000,0.0000,Dark,
24.0668,0.0000,0.0000,0.0000,0.0000,NaN,NaN,NaN,NaN,NaN,NaN,0.0000,0.0000,0.0000,0.0000,0.0000,0.0000,Dark,
24.0779,0.0000,0.0000,0.0000,0.0000,NaN,NaN,NaN,NaN,NaN,NaN,0.0000,0.0000,0.0000,0.0000,0.0000,0.0000,Dark,
24.0895,0.0000,0.0000,0.0000,0.0000,NaN,NaN,NaN,NaN,NaN,NaN,0.0000,0.0000,0.0000,0.0000,0.0000,0.0000,Dark,
24.2974,0.0000,0.0000,0.0000,0.0000,NaN,NaN,NaN,NaN,NaN,NaN,0.0000,0.0000,0.0000,0.0000,0.0000,0.0000,Dark,
24.5080,0.0000,0.0000,0.0000,0.0000,NaN,NaN,NaN,NaN,NaN,NaN,0.0000,0.0000,0.0000,0.0000,0.0000,0.0000,Dark,
24.7189,0.0000,0.0000,0.0000,0.0000,NaN,NaN,NaN,NaN,NaN,NaN,0.0000,0.0000,0.0000,0.0000,0.0000,0.0000,Dark,
24.9360,0.0000,0.0000,0.0000,0.0000,NaN,NaN,NaN,NaN,NaN,NaN,0.0000,0.0000,0.0000,0.0000,0.0000,0.0000,Dark,
25.1385,0.0000,0.0000,0.0000,0.0000,NaN,NaN,NaN,NaN,NaN,NaN,0.0000,0.0000,0.0000,0.0000,0.0000,0.0000,Dark,
25.3502,0.0000,0.0000,0.0000,0.0000,NaN,NaN,NaN,NaN,NaN,NaN,0.0000,0.0000,0.0000,0.0000,0.0000,0.0000,Dark,
25.5553,0.0000,0.0000,0.0000,0.0000,NaN,NaN,NaN,NaN,NaN,NaN,0.0000,0.0000,0.0000,0.0000,0.0000,0.0000,Dark,
25.7731,0.0000,0.0000,0.0000,0.0000,NaN,NaN,NaN,NaN,NaN,NaN,0.0000,0.0000,0.0000,0.0000,0.0000,0.0000,Dark,
25.9838,0.0000,0.0000,0.0000,0.0000,NaN,NaN,NaN,NaN,NaN,NaN,0.0000,0.0000,0.0000,0.0000,0.0000,0.0000,Dark,
26.1885,0.0000,0.0000,0.0000,0.0000,NaN,NaN,NaN,NaN,NaN,NaN,0.0000,0.0000,0.0000,0.0000,0.0000,0.0000,Dark,
26.4053,0.0000,0.0000,0.0000,0.0000,NaN,NaN,NaN,NaN,NaN,NaN,0.0000,0.0000,0.0000,0.0000,0.0000,0.0000,Dark,
26.6168,0.0000,0.0000,0.0000,0.0000,NaN,NaN,NaN,NaN,NaN,NaN,0.0000,0.0000,0.0000,0.0000,0.0000,0.0000,Dark,
26.8273,0.0000,0.0000,0.0000,0.0000,NaN,NaN,NaN,NaN,NaN,NaN,0.0000,0.0000,0.0000,0.0000,0.0000,0.0000,Dark,
27.0333,0.0000,0.0000,0.0000,0.0000,NaN,NaN,NaN,NaN,NaN,NaN,0.0000,0.0000,0.0000,0.0000,0.0000,0.0000,Dark,
27.2556,0.0000,0.0000,0.0000,0.0000,NaN,NaN,NaN,NaN,NaN,NaN,0.0000,0.0000,0.0000,0.0000,0.0000,0.0000,Dark,
27.4662,0.0000,0.0000,0.0000,0.0000,NaN,NaN,NaN,NaN,NaN,NaN,0.0000,0.0000,0.0000,0.0000,0.0000,0.0000,Dark,
27.6769,0.0000,0.0000,0.0000,0.0000,NaN,NaN,NaN,NaN,NaN,NaN,0.0000,0.0000,0.0000,0.0000,0.0000,0.0000,Dark,
27.8865,0.0000,0.0000,0.0000,0.0000,NaN,NaN,NaN,NaN,NaN,NaN,0.0000,0.0000,0.0000,0.0000,0.0000,0.0000,Dark,
28.0929,0.0000,0.0000,0.0000,0.0000,NaN,NaN,NaN,NaN,NaN,NaN,0.0000,0.0000,0.0000,0.0000,0.0000,0.0000,Dark,
28.3031,0.0000,0.0000,0.0000,0.0000,NaN,NaN,NaN,NaN,NaN,NaN,0.0000,0.0000,0.0000,0.0000,0.0000,0.0000,Dark,
28.5131,0.0000,0.0000,0.0000,0.0000,NaN,NaN,NaN,NaN,NaN,NaN,0.0000,0.0000,0.0000,0.0000,0.0000,0.0000,Dark,
28.7253,0.0000,0.0000,0.0000,0.0000,NaN,NaN,NaN,NaN,NaN,NaN,0.0000,0.0000,0.0000,0.0000,0.0000,0.0000,Dark,
28.9363,0.0000,0.0000,0.0000,0.0000,NaN,NaN,NaN,NaN,NaN,NaN,0.0000,0.0000,0.0000,0.0000,0.0000,0.0000,Dark,
29.1463,0.0000,0.0000,0.0000,0.0000,NaN,NaN,NaN,NaN,NaN,NaN,0.0000,0.0000,0.0000,0.0000,0.0000,0.0000,Dark,
29.3580,0.0000,0.0000,0.0000,0.0000,NaN,NaN,NaN,NaN,NaN,NaN,0.0000,0.0000,0.0000,0.0000,0.0000,0.0000,Dark,
29.5732,0.0000,0.0000,0.0000,0.0000,NaN,NaN,NaN,NaN,NaN,NaN,0.0000,0.0000,0.0000,0.0000,0.0000,0.0000,Dark,
29.7844,0.0000,0.0000,0.0000,0.0000,NaN,NaN,NaN,NaN,NaN,NaN,0.0000,0.0000,0.0000,0.0000,0.0000,0.0000,Dark,
29.9902,0.0000,0.0000,0.0000,0.0000,NaN,NaN,NaN,NaN,NaN,NaN,0.0000,0.0000,0.0000,0.0000,0.0000,0.0000,Dark,
30.2014,0.0000,0.0000,0.0000,0.0000,NaN,NaN,NaN,NaN,NaN,NaN,0.0000,0.0000,0.0000,0.0000,0.0000,0.0000,Dark,
30.4152,0.0000,0.0000,0.0000,0.0000,NaN,NaN,NaN,NaN,NaN,NaN,0.0000,0.0000,0.0000,0.0000,0.0000,0.0000,Dark,
30.6221,0.0000,0.0000,0.0000,0.0000,NaN,NaN,NaN,NaN,NaN,NaN,0.0000,0.0000,0.0000,0.0000,0.0000,0.0000,Dark,
30.8278,0.0000,0.0000,0.0000,0.0000,NaN,NaN,NaN,NaN,NaN,NaN,0.0000,0.0000,0.0000,0.0000,0.0000,0.0000,Dark,
31.0557,0.0000,0.0000,0.0000,0.0000,NaN,NaN,NaN,NaN,NaN,NaN,0.0000,0.0000,0.0000,0.0000,0.0000,0.0000,Dark,
31.2609,0.0000,0.0000,0.0000,0.0000,NaN,NaN,NaN,NaN,NaN,NaN,0.0000,0.0000,0.0000,0.0000,0.0000,0.0000,Dark,
31.4663,0.0000,0.0000,0.0000,0.0000,NaN,NaN,NaN,NaN,NaN,NaN,0.0000,0.0000,0.0000,0.0000,0.0000,0.0000,Dark,
31.6768,0.0000,0.0000,0.0000,0.0000,NaN,NaN,NaN,NaN,NaN,NaN,0.0000,0.0000,0.0000,0.0000,0.0000,0.0000,Dark,
31.8866,0.0000,0.0000,0.0000,0.0000,NaN,NaN,NaN,NaN,NaN,NaN,0.0000,0.0000,0.0000,0.0000,0.0000,0.0000,Dark,
32.0971,0.0000,0.0000,0.0000,0.0000,NaN,NaN,NaN,NaN,NaN,NaN,0.0000,0.0000,0.0000,0.0000,0.0000,0.0000,Dark,
32.3068,0.0000,0.0000,0.0000,0.0000,NaN,NaN,NaN,NaN,NaN,NaN,0.0000,0.0000,0.0000,0.0000,0.0000,0.0000,Dark,
32.5183,0.0000,0.0000,0.0000,0.0000,NaN,NaN,NaN,NaN,NaN,NaN,0.0000,0.0000,0.0000,0.0000,0.0000,0.0000,Dark,
32.7317,0.0000,0.0000,0.0000,0.0000,NaN,NaN,NaN,NaN,NaN,NaN,0.0000,0.0000,0.0000,0.0000,0.0000,0.0000,Dark,
32.9305,0.0000,0.0000,0.0000,0.0000,NaN,NaN,NaN,NaN,NaN,NaN,0.0000,0.0000,0.0000,0.0000,0.0000,0.0000,Dark,
33.1399,0.0000,0.0000,0.0000,0.0000,NaN,NaN,NaN,NaN,NaN,NaN,0.0000,0.0000,0.0000,0.0000,0.0000,0.0000,Dark,
33.3495,0.0000,0.0000,0.0000,0.0000,NaN,NaN,NaN,NaN,NaN,NaN,0.0000,0.0000,0.0000,0.0000,0.0000,0.0000,Dark,
33.5565,0.0000,0.0000,0.0000,0.0000,NaN,NaN,NaN,NaN,NaN,NaN,0.0000,0.0000,0.0000,0.0000,0.0000,0.0000,Dark,
33.7631,0.0000,0.0000,0.0000,0.0000,NaN,NaN,NaN,NaN,NaN,NaN,0.0000,0.0000,0.0000,0.0000,0.0000,0.0000,Dark,
33.9923,0.0000,0.0000,0.0000,0.0000,NaN,NaN,NaN,NaN,NaN,NaN,0.0000,0.0000,0.0000,0.0000,0.0000,0.0000,Dark,
34.1946,0.0000,0.0000,0.0000,0.0000,NaN,NaN,NaN,NaN,NaN,NaN,0.0000,0.0000,0.0000,0.0000,0.0000,0.0000,Dark,
34.4055,0.0000,0.0000,0.0000,0.0000,NaN,NaN,NaN,NaN,NaN,NaN,0.0000,0.0000,0.0000,0.0000,0.0000,0.0000,Dark,
34.6153,0.0000,0.0000,0.0000,0.0000,NaN,NaN,NaN,NaN,NaN,NaN,0.0000,0.0000,0.0000,0.0000,0.0000,0.0000,Dark,
34.8259,0.0000,0.0000,0.0000,0.0000,NaN,NaN,NaN,NaN,NaN,NaN,0.0000,0.0000,0.0000,0.0000,0.0000,0.0000,Dark,
35.0375,0.0000,0.0000,0.0000,0.0000,NaN,NaN,NaN,NaN,NaN,NaN,0.0000,0.0000,0.0000,0.0000,0.0000,0.0000,Dark,
35.2471,0.0000,0.0000,0.0000,0.0000,NaN,NaN,NaN,NaN,NaN,NaN,0.0000,0.0000,0.0000,0.0000,0.0000,0.0000,Dark,
35.4538,0.0000,0.0000,0.0000,0.0000,NaN,NaN,NaN,NaN,NaN,NaN,0.0000,0.0000,0.0000,0.0000,0.0000,0.0000,Dark,
35.6639,0.0000,0.0000,0.0000,0.0000,NaN,NaN,NaN,NaN,NaN,NaN,0.0000,0.0000,0.0000,0.0000,0.0000,0.0000,Dark,
35.8816,0.0000,0.0000,0.0000,0.0000,NaN,NaN,NaN,NaN,NaN,NaN,0.0000,0.0000,0.0000,0.0000,0.0000,0.0000,Dark,
36.0918,0.0000,0.0000,0.0000,0.0000,NaN,NaN,NaN,NaN,NaN,NaN,0.0000,0.0000,0.0000,0.0000,0.0000,0.0000,Dark,
36.2971,0.0000,0.0000,0.0000,0.0000,NaN,NaN,NaN,NaN,NaN,NaN,0.0000,0.0000,0.0000,0.0000,0.0000,0.0000,Dark,
36.5085,0.0000,0.0000,0.0000,0.0000,NaN,NaN,NaN,NaN,NaN,NaN,0.0000,0.0000,0.0000,0.0000,0.0000,0.0000,Dark,
36.7187,0.0000,0.0000,0.0000,0.0000,NaN,NaN,NaN,NaN,NaN,NaN,0.0000,0.0000,0.0000,0.0000,0.0000,0.0000,Dark,
36.9343,0.0000,0.0000,0.0000,0.0000,NaN,NaN,NaN,NaN,NaN,NaN,0.0000,0.0000,0.0000,0.0000,0.0000,0.0000,Dark,
37.1457,0.0000,0.0000,0.0000,0.0000,NaN,NaN,NaN,NaN,NaN,NaN,0.0000,0.0000,0.0000,0.0000,0.0000,0.0000,Dark,
37.3566,0.0000,0.0000,0.0000,0.0000,NaN,NaN,NaN,NaN,NaN,NaN,0.0000,0.0000,0.0000,0.0000,0.0000,0.0000,Dark,
37.5629,0.0000,0.0000,0.0000,0.0000,NaN,NaN,NaN,NaN,NaN,NaN,0.0000,0.0000,0.0000,0.0000,0.0000,0.0000,Dark,
37.7762,0.0000,0.0000,0.0000,0.0000,NaN,NaN,NaN,NaN,NaN,NaN,0.0000,0.0000,0.0000,0.0000,0.0000,0.0000,Dark,
37.9842,0.0000,0.0000,0.0000,0.0000,NaN,NaN,NaN,NaN,NaN,NaN,0.0000,0.0000,0.0000,0.0000,0.0000,0.0000,Dark,
38.1946,0.0000,0.0000,0.0000,0.0000,NaN,NaN,NaN,NaN,NaN,NaN,0.0000,0.0000,0.0000,0.0000,0.0000,0.0000,Dark,
38.4052,0.0000,0.0000,0.0000,0.0000,NaN,NaN,NaN,NaN,NaN,NaN,0.0000,0.0000,0.0000,0.0000,0.0000,0.0000,Dark,
38.6150,0.0000,0.0000,0.0000,0.0000,NaN,NaN,NaN,NaN,NaN,NaN,0.0000,0.0000,0.0000,0.0000,0.0000,0.0000,Dark,
38.8317,0.0000,0.0000,0.0000,0.0000,NaN,NaN,NaN,NaN,NaN,NaN,0.0000,0.0000,0.0000,0.0000,0.0000,0.0000,Dark,
39.0319,0.0000,0.0000,0.0000,0.0000,NaN,NaN,NaN,NaN,NaN,NaN,0.0000,0.0000,0.0000,0.0000,0.0000,0.0000,Dark,
39.2530,0.0000,0.0000,0.0000,0.0000,NaN,NaN,NaN,NaN,NaN,NaN,0.0000,0.0000,0.0000,0.0000,0.0000,0.0000,Dark,
39.4637,0.0000,0.0000,0.0000,0.0000,NaN,NaN,NaN,NaN,NaN,NaN,0.0000,0.0000,0.0000,0.0000,0.0000,0.0000,Dark,
39.6746,0.0000,0.0000,0.0000,0.0000,NaN,NaN,NaN,NaN,NaN,NaN,0.0000,0.0000,0.0000,0.0000,0.0000,0.0000,Dark,
39.8849,0.0000,0.0000,0.0000,0.0000,NaN,NaN,NaN,NaN,NaN,NaN,0.0000,0.0000,0.0000,0.0000,0.0000,0.0000,Dark,
40.0946,0.0000,0.0000,0.0000,0.0000,NaN,NaN,NaN,NaN,NaN,NaN,0.0000,0.0000,0.0000,0.0000,0.0000,0.0000,Dark,
40.3006,0.0000,0.0000,0.0000,0.0000,NaN,NaN,NaN,NaN,NaN,NaN,0.0000,0.0000,0.0000,0.0000,0.0000,0.0000,Dark,
40.5117,0.0000,0.0000,0.0000,0.0000,NaN,NaN,NaN,NaN,NaN,NaN,0.0000,0.0000,0.0000,0.0000,0.0000,0.0000,Dark,
40.7265,0.0000,0.0000,0.0000,0.0000,NaN,NaN,NaN,NaN,NaN,NaN,0.0000,0.0000,0.0000,0.0000,0.0000,0.0000,Dark,
40.9375,0.0000,0.0000,0.0000,0.0000,NaN,NaN,NaN,NaN,NaN,NaN,0.0000,0.0000,0.0000,0.0000,0.0000,0.0000,Dark,
41.1435,0.0000,0.0000,0.0000,0.0000,NaN,NaN,NaN,NaN,NaN,NaN,0.0000,0.0000,0.0000,0.0000,0.0000,0.0000,Dark,
41.3497,0.0000,0.0000,0.0000,0.0000,NaN,NaN,NaN,NaN,NaN,NaN,0.0000,0.0000,0.0000,0.0000,0.0000,0.0000,Dark,
41.5798,0.0000,0.0000,0.0000,0.0000,NaN,NaN,NaN,NaN,NaN,NaN,0.0000,0.0000,0.0000,0.0000,0.0000,0.0000,Dark,
41.7758,0.0000,0.0000,0.0000,0.0000,NaN,NaN,NaN,NaN,NaN,NaN,0.0000,0.0000,0.0000,0.0000,0.0000,0.0000,Dark,
41.9863,0.0000,0.0000,0.0000,0.0000,NaN,NaN,NaN,NaN,NaN,NaN,0.0000,0.0000,0.0000,0.0000,0.0000,0.0000,Dark,
42.1968,0.0000,0.0000,0.0000,0.0000,NaN,NaN,NaN,NaN,NaN,NaN,0.0000,0.0000,0.0000,0.0000,0.0000,0.0000,Dark,
42.4065,0.0000,0.0000,0.0000,0.0000,NaN,NaN,NaN,NaN,NaN,NaN,0.0000,0.0000,0.0000,0.0000,0.0000,0.0000,Dark,
42.6171,0.0000,0.0000,0.0000,0.0000,NaN,NaN,NaN,NaN,NaN,NaN,0.0000,0.0000,0.0000,0.0000,0.0000,0.0000,Dark,
42.8277,0.0000,0.0000,0.0000,0.0000,NaN,NaN,NaN,NaN,NaN,NaN,0.0000,0.0000,0.0000,0.0000,0.0000,0.0000,Dark,
43.0258,0.0000,0.0000,0.0000,0.0000,NaN,NaN,NaN,NaN,NaN,NaN,0.0000,0.0000,0.0000,0.0000,0.0000,0.0000,Dark,
43.2366,0.0000,0.0000,0.0000,0.0000,NaN,NaN,NaN,NaN,NaN,NaN,0.0000,0.0000,0.0000,0.0000,0.0000,0.0000,Dark,
43.4518,0.0000,0.0000,0.0000,0.0000,NaN,NaN,NaN,NaN,NaN,NaN,0.0000,0.0000,0.0000,0.0000,0.0000,0.0000,Dark,
43.6627,0.0000,0.0000,0.0000,0.0000,NaN,NaN,NaN,NaN,NaN,NaN,0.0000,0.0000,0.0000,0.0000,0.0000,0.0000,Dark,
43.8747,0.0000,0.0000,0.0000,0.0000,NaN,NaN,NaN,NaN,NaN,NaN,0.0000,0.0000,0.0000,0.0000,0.0000,0.0000,Dark,
44.0798,0.0000,0.0000,0.0000,0.0000,NaN,NaN,NaN,NaN,NaN,NaN,0.0000,0.0000,0.0000,0.0000,0.0000,0.0000,Dark,
44.2899,0.0000,0.0000,0.0000,0.0000,NaN,NaN,NaN,NaN,NaN,NaN,0.0000,0.0000,0.0000,0.0000,0.0000,0.0000,Dark,
44.5009,0.0000,0.0000,0.0000,0.0000,NaN,NaN,NaN,NaN,NaN,NaN,0.0000,0.0000,0.0000,0.0000,0.0000,0.0000,Dark,
44.7118,0.0000,0.0000,0.0000,0.0000,NaN,NaN,NaN,NaN,NaN,NaN,0.0000,0.0000,0.0000,0.0000,0.0000,0.0000,Dark,
44.9229,0.0000,0.0000,0.0000,0.0000,NaN,NaN,NaN,NaN,NaN,NaN,0.0000,0.0000,0.0000,0.0000,0.0000,0.0000,Dark,
45.1282,0.0000,0.0000,0.0000,0.0000,NaN,NaN,NaN,NaN,NaN,NaN,0.0000,0.0000,0.0000,0.0000,0.0000,0.0000,Dark,
45.3502,0.0000,0.0000,0.0000,0.0000,NaN,NaN,NaN,NaN,NaN,NaN,0.0000,0.0000,0.0000,0.0000,0.0000,0.0000,Dark,
45.5613,0.0000,0.0000,0.0000,0.0000,NaN,NaN,NaN,NaN,NaN,NaN,0.0000,0.0000,0.0000,0.0000,0.0000,0.0000,Dark,
45.7668,0.0000,0.0000,0.0000,0.0000,NaN,NaN,NaN,NaN,NaN,NaN,0.0000,0.0000,0.0000,0.0000,0.0000,0.0000,Dark,
45.9781,0.0000,0.0000,0.0000,0.0000,NaN,NaN,NaN,NaN,NaN,NaN,0.0000,0.0000,0.0000,0.0000,0.0000,0.0000,Dark,
46.1940,0.0000,0.0000,0.0000,0.0000,NaN,NaN,NaN,NaN,NaN,NaN,0.0000,0.0000,0.0000,0.0000,0.0000,0.0000,Dark,
46.4039,0.0000,0.0000,0.0000,0.0000,NaN,NaN,NaN,NaN,NaN,NaN,0.0000,0.0000,0.0000,0.0000,0.0000,0.0000,Dark,
46.6142,0.0000,0.0000,0.0000,0.0000,NaN,NaN,NaN,NaN,NaN,NaN,0.0000,0.0000,0.0000,0.0000,0.0000,0.0000,Dark,
46.8242,0.0000,0.0000,0.0000,0.0000,NaN,NaN,NaN,NaN,NaN,NaN,0.0000,0.0000,0.0000,0.0000,0.0000,0.0000,Dark,
47.0345,0.0000,0.0000,0.0000,0.0000,NaN,NaN,NaN,NaN,NaN,NaN,0.0000,0.0000,0.0000,0.0000,0.0000,0.0000,Dark,
47.2454,0.0000,0.0000,0.0000,0.0000,NaN,NaN,NaN,NaN,NaN,NaN,0.0000,0.0000,0.0000,0.0000,0.0000,0.0000,Dark,
47.4552,0.0000,0.0000,0.0000,0.0000,NaN,NaN,NaN,NaN,NaN,NaN,0.0000,0.0000,0.0000,0.0000,0.0000,0.0000,Dark,
47.6611,0.0000,0.0000,0.0000,0.0000,NaN,NaN,NaN,NaN,NaN,NaN,0.0000,0.0000,0.0000,0.0000,0.0000,0.0000,Dark,
47.8715,0.0000,0.0000,0.0000,0.0000,NaN,NaN,NaN,NaN,NaN,NaN,0.0000,0.0000,0.0000,0.0000,0.0000,0.0000,Dark,
48.0866,0.0000,0.0000,0.0000,0.0000,NaN,NaN,NaN,NaN,NaN,NaN,0.0000,0.0000,0.0000,0.0000,0.0000,0.0000,Dark,
48.2973,0.0000,0.0000,0.0000,0.0000,NaN,NaN,NaN,NaN,NaN,NaN,0.0000,0.0000,0.0000,0.0000,0.0000,0.0000,Dark,
48.5039,0.0000,0.0000,0.0000,0.0000,NaN,NaN,NaN,NaN,NaN,NaN,0.0000,0.0000,0.0000,0.0000,0.0000,0.0000,Dark,
48.7092,0.0000,0.0000,0.0000,0.0000,NaN,NaN,NaN,NaN,NaN,NaN,0.0000,0.0000,0.0000,0.0000,0.0000,0.0000,Dark,
48.9145,0.0000,0.0000,0.0000,0.0000,NaN,NaN,NaN,NaN,NaN,NaN,0.0000,0.0000,0.0000,0.0000,0.0000,0.0000,Dark,
49.1253,0.0000,0.0000,0.0000,0.0000,NaN,NaN,NaN,NaN,NaN,NaN,0.0000,0.0000,0.0000,0.0000,0.0000,0.0000,Dark,
49.3303,0.0000,0.0000,0.0000,0.0000,NaN,NaN,NaN,NaN,NaN,NaN,0.0000,0.0000,0.0000,0.0000,0.0000,0.0000,Dark,
49.5415,0.0000,0.0000,0.0000,0.0000,NaN,NaN,NaN,NaN,NaN,NaN,0.0000,0.0000,0.0000,0.0000,0.0000,0.0000,Dark,
49.7590,0.0000,0.0000,0.0000,0.0000,NaN,NaN,NaN,NaN,NaN,NaN,0.0000,0.0000,0.0000,0.0000,0.0000,0.0000,Dark,
49.9673,0.0000,0.0000,0.0000,0.0000,NaN,NaN,NaN,NaN,NaN,NaN,0.0000,0.0000,0.0000,0.0000,0.0000,0.0000,Dark,
50.1776,0.0000,0.0000,0.0000,0.0000,NaN,NaN,NaN,NaN,NaN,NaN,0.0000,0.0000,0.0000,0.0000,0.0000,0.0000,Dark,
50.3873,0.0000,0.0000,0.0000,0.0000,NaN,NaN,NaN,NaN,NaN,NaN,0.0000,0.0000,0.0000,0.0000,0.0000,0.0000,Dark,
50.5975,0.0000,0.0000,0.0000,0.0000,NaN,NaN,NaN,NaN,NaN,NaN,0.0000,0.0000,0.0000,0.0000,0.0000,0.0000,Dark,
50.8087,0.0000,0.0000,0.0000,0.0000,NaN,NaN,NaN,NaN,NaN,NaN,0.0000,0.0000,0.0000,0.0000,0.0000,0.0000,Dark,
51.0180,0.0000,0.0000,0.0000,0.0000,NaN,NaN,NaN,NaN,NaN,NaN,0.0000,0.0000,0.0000,0.0000,0.0000,0.0000,Dark,
51.2289,0.0000,0.0000,0.0000,0.0000,NaN,NaN,NaN,NaN,NaN,NaN,0.0000,0.0000,0.0000,0.0000,0.0000,0.0000,Dark,
51.4334,0.0000,0.0000,0.0000,0.0000,NaN,NaN,NaN,NaN,NaN,NaN,0.0000,0.0000,0.0000,0.0000,0.0000,0.0000,Dark,
51.6444,0.0000,0.0000,0.0000,0.0000,NaN,NaN,NaN,NaN,NaN,NaN,0.0000,0.0000,0.0000,0.0000,0.0000,0.0000,Dark,
51.8557,0.0000,0.0000,0.0000,0.0000,NaN,NaN,NaN,NaN,NaN,NaN,0.0000,0.0000,0.0000,0.0000,0.0000,0.0000,Dark,
52.0666,0.0000,0.0000,0.0000,0.0000,NaN,NaN,NaN,NaN,NaN,NaN,0.0000,0.0000,0.0000,0.0000,0.0000,0.0000,Dark,
52.2722,0.0000,0.0000,0.0000,0.0000,NaN,NaN,NaN,NaN,NaN,NaN,0.0000,0.0000,0.0000,0.0000,0.0000,0.0000,Dark,
52.4787,0.0000,0.0000,0.0000,0.0000,NaN,NaN,NaN,NaN,NaN,NaN,0.0000,0.0000,0.0000,0.0000,0.0000,0.0000,Dark,
52.6890,0.0000,0.0000,0.0000,0.0000,NaN,NaN,NaN,NaN,NaN,NaN,0.0000,0.0000,0.0000,0.0000,0.0000,0.0000,Dark,
52.9079,0.0000,0.0000,0.0000,0.0000,NaN,NaN,NaN,NaN,NaN,NaN,0.0000,0.0000,0.0000,0.0000,0.0000,0.0000,Dark,
53.1107,0.0000,0.0000,0.0000,0.0000,NaN,NaN,NaN,NaN,NaN,NaN,0.0000,0.0000,0.0000,0.0000,0.0000,0.0000,Dark,
53.3174,0.0000,0.0000,0.0000,0.0000,NaN,NaN,NaN,NaN,NaN,NaN,0.0000,0.0000,0.0000,0.0000,0.0000,0.0000,Dark,
53.5275,0.0000,0.0000,0.0000,0.0000,NaN,NaN,NaN,NaN,NaN,NaN,0.0000,0.0000,0.0000,0.0000,0.0000,0.0000,Dark,
53.7364,0.0000,0.0000,0.0000,0.0000,NaN,NaN,NaN,NaN,NaN,NaN,0.0000,0.0000,0.0000,0.0000,0.0000,0.0000,Dark,
53.9473,0.0000,0.0000,0.0000,0.0000,NaN,NaN,NaN,NaN,NaN,NaN,0.0000,0.0000,0.0000,0.0000,0.0000,0.0000,Dark,
54.1570,0.0000,0.0000,0.0000,0.0000,NaN,NaN,NaN,NaN,NaN,NaN,0.0000,0.0000,0.0000,0.0000,0.0000,0.0000,Dark,
54.3682,0.0000,0.0000,0.0000,0.0000,NaN,NaN,NaN,NaN,NaN,NaN,0.0000,0.0000,0.0000,0.0000,0.0000,0.0000,Dark,
54.5790,0.0000,0.0000,0.0000,0.0000,NaN,NaN,NaN,NaN,NaN,NaN,0.0000,0.0000,0.0000,0.0000,0.0000,0.0000,Dark,
54.7840,0.0000,0.0000,0.0000,0.0000,NaN,NaN,NaN,NaN,NaN,NaN,0.0000,0.0000,0.0000,0.0000,0.0000,0.0000,Dark,
54.9855,0.0000,0.0000,0.0000,0.0000,NaN,NaN,NaN,NaN,NaN,NaN,0.0000,0.0000,0.0000,0.0000,0.0000,0.0000,Dark,
55.1915,0.0000,0.0000,0.0000,0.0000,NaN,NaN,NaN,NaN,NaN,NaN,0.0000,0.0000,0.0000,0.0000,0.0000,0.0000,Dark,
55.4084,0.0000,0.0000,0.0000,0.0000,NaN,NaN,NaN,NaN,NaN,NaN,0.0000,0.0000,0.0000,0.0000,0.0000,0.0000,Dark,
55.6190,0.0000,0.0000,0.0000,0.0000,NaN,NaN,NaN,NaN,NaN,NaN,0.0000,0.0000,0.0000,0.0000,0.0000,0.0000,Dark,
55.8294,0.0000,0.0000,0.0000,0.0000,NaN,NaN,NaN,NaN,NaN,NaN,0.0000,0.0000,0.0000,0.0000,0.0000,0.0000,Dark,
56.0413,0.0000,0.0000,0.0000,0.0000,NaN,NaN,NaN,NaN,NaN,NaN,0.0000,0.0000,0.0000,0.0000,0.0000,0.0000,Dark,
56.2455,0.0000,0.0000,0.0000,0.0000,NaN,NaN,NaN,NaN,NaN,NaN,0.0000,0.0000,0.0000,0.0000,0.0000,0.0000,Dark,
56.4668,0.0000,0.0000,0.0000,0.0000,NaN,NaN,NaN,NaN,NaN,NaN,0.0000,0.0000,0.0000,0.0000,0.0000,0.0000,Dark,
56.6784,0.0000,0.0000,0.0000,0.0000,NaN,NaN,NaN,NaN,NaN,NaN,0.0000,0.0000,0.0000,0.0000,0.0000,0.0000,Dark,
56.8881,0.0000,0.0000,0.0000,0.0000,NaN,NaN,NaN,NaN,NaN,NaN,0.0000,0.0000,0.0000,0.0000,0.0000,0.0000,Dark,
57.0986,0.0000,0.0000,0.0000,0.0000,NaN,NaN,NaN,NaN,NaN,NaN,0.0000,0.0000,0.0000,0.0000,0.0000,0.0000,Dark,
57.3090,0.0000,0.0000,0.0000,0.0000,NaN,NaN,NaN,NaN,NaN,NaN,0.0000,0.0000,0.0000,0.0000,0.0000,0.0000,Dark,
57.5150,0.0000,0.0000,0.0000,0.0000,NaN,NaN,NaN,NaN,NaN,NaN,0.0000,0.0000,0.0000,0.0000,0.0000,0.0000,Dark,
57.7265,0.0000,0.0000,0.0000,0.0000,NaN,NaN,NaN,NaN,NaN,NaN,0.0000,0.0000,0.0000,0.0000,0.0000,0.0000,Dark,
57.9315,0.0000,0.0000,0.0000,0.0000,NaN,NaN,NaN,NaN,NaN,NaN,0.0000,0.0000,0.0000,0.0000,0.0000,0.0000,Dark,
58.1484,0.0000,0.0000,0.0000,0.0000,NaN,NaN,NaN,NaN,NaN,NaN,0.0000,0.0000,0.0000,0.0000,0.0000,0.0000,Dark,
58.3679,0.0000,0.0000,0.0000,0.0000,NaN,NaN,NaN,NaN,NaN,NaN,0.0000,0.0000,0.0000,0.0000,0.0000,0.0000,Dark,
58.5690,0.0000,0.0000,0.0000,0.0000,NaN,NaN,NaN,NaN,NaN,NaN,0.0000,0.0000,0.0000,0.0000,0.0000,0.0000,Dark,
58.7806,0.0000,0.0000,0.0000,0.0000,NaN,NaN,NaN,NaN,NaN,NaN,0.0000,0.0000,0.0000,0.0000,0.0000,0.0000,Dark,
58.9908,0.0000,0.0000,0.0000,0.0000,NaN,NaN,NaN,NaN,NaN,NaN,0.0000,0.0000,0.0000,0.0000,0.0000,0.0000,Dark,
59.2018,0.0000,0.0000,0.0000,0.0000,NaN,NaN,NaN,NaN,NaN,NaN,0.0000,0.0000,0.0000,0.0000,0.0000,0.0000,Dark,
59.4067,0.0000,0.0000,0.0000,0.0000,NaN,NaN,NaN,NaN,NaN,NaN,0.0000,0.0000,0.0000,0.0000,0.0000,0.0000,Dark,
59.6142,0.0000,0.0000,0.0000,0.0000,NaN,NaN,NaN,NaN,NaN,NaN,0.0000,0.0000,0.0000,0.0000,0.0000,0.0000,Dark,
59.8245,0.0000,0.0000,0.0000,0.0000,NaN,NaN,NaN,NaN,NaN,NaN,0.0000,0.0000,0.0000,0.0000,0.0000,0.0000,Dark,
60.0297,0.0000,0.0000,0.0000,0.0000,NaN,NaN,NaN,NaN,NaN,NaN,0.0000,0.0000,0.0000,0.0000,0.0000,0.0000,Dark,
60.2408,0.0000,0.0000,0.0000,0.0000,NaN,NaN,NaN,NaN,NaN,NaN,0.0000,0.0000,0.0000,0.0000,0.0000,0.0000,Dark,
60.4515,0.0000,0.0000,0.0000,0.0000,NaN,NaN,NaN,NaN,NaN,NaN,0.0000,0.0000,0.0000,0.0000,0.0000,0.0000,Dark,
60.6572,0.0000,0.0000,0.0000,0.0000,NaN,NaN,NaN,NaN,NaN,NaN,0.0000,0.0000,0.0000,0.0000,0.0000,0.0000,Dark,
60.8647,0.0000,0.0000,0.0000,0.0000,NaN,NaN,NaN,NaN,NaN,NaN,0.0000,0.0000,0.0000,0.0000,0.0000,0.0000,Dark,
61.0747,0.0000,0.0000,0.0000,0.0000,NaN,NaN,NaN,NaN,NaN,NaN,0.0000,0.0000,0.0000,0.0000,0.0000,0.0000,Dark,
61.2856,0.0000,0.0000,0.0000,0.0000,NaN,NaN,NaN,NaN,NaN,NaN,0.0000,0.0000,0.0000,0.0000,0.0000,0.0000,Dark,
61.4911,0.0000,0.0000,0.0000,0.0000,NaN,NaN,NaN,NaN,NaN,NaN,0.0000,0.0000,0.0000,0.0000,0.0000,0.0000,Dark,
61.7039,0.0000,0.0000,0.0000,0.0000,NaN,NaN,NaN,NaN,NaN,NaN,0.0000,0.0000,0.0000,0.0000,0.0000,0.0000,Dark,
61.9000,0.0000,0.0000,0.0000,0.0000,NaN,NaN,NaN,NaN,NaN,NaN,0.0000,0.0000,0.0000,0.0000,0.0000,0.0000,Dark,
62.1103,0.0000,0.0000,0.0000,0.0000,NaN,NaN,NaN,NaN,NaN,NaN,0.0000,0.0000,0.0000,0.0000,0.0000,0.0000,Dark,
62.3213,0.0000,0.0000,0.0000,0.0000,NaN,NaN,NaN,NaN,NaN,NaN,0.0000,0.0000,0.0000,0.0000,0.0000,0.0000,Dark,
62.5257,0.0000,0.0000,0.0000,0.0000,NaN,NaN,NaN,NaN,NaN,NaN,0.0000,0.0000,0.0000,0.0000,0.0000,0.0000,Dark,
62.7479,0.0000,0.0000,0.0000,0.0000,NaN,NaN,NaN,NaN,NaN,NaN,0.0000,0.0000,0.0000,0.0000,0.0000,0.0000,Dark,
62.9578,0.0000,0.0000,0.0000,0.0000,NaN,NaN,NaN,NaN,NaN,NaN,0.0000,0.0000,0.0000,0.0000,0.0000,0.0000,Dark,
63.1685,0.0000,0.0000,0.0000,0.0000,NaN,NaN,NaN,NaN,NaN,NaN,0.0000,0.0000,0.0000,0.0000,0.0000,0.0000,Dark,
63.3838,0.0000,0.0000,0.0000,0.0000,NaN,NaN,NaN,NaN,NaN,NaN,0.0000,0.0000,0.0000,0.0000,0.0000,0.0000,Dark,
63.5895,0.0000,0.0000,0.0000,0.0000,NaN,NaN,NaN,NaN,NaN,NaN,0.0000,0.0000,0.0000,0.0000,0.0000,0.0000,Dark,
63.7970,0.0000,0.0000,0.0000,0.0000,NaN,NaN,NaN,NaN,NaN,NaN,0.0000,0.0000,0.0000,0.0000,0.0000,0.0000,Dark,
64.0057,0.0000,0.0000,0.0000,0.0000,NaN,NaN,NaN,NaN,NaN,NaN,0.0000,0.0000,0.0000,0.0000,0.0000,0.0000,Dark,
64.2168,0.0000,0.0000,0.0000,0.0000,NaN,NaN,NaN,NaN,NaN,NaN,0.0000,0.0000,0.0000,0.0000,0.0000,0.0000,Dark,
64.4233,0.0000,0.0000,0.0000,0.0000,NaN,NaN,NaN,NaN,NaN,NaN,0.0000,0.0000,0.0000,0.0000,0.0000,0.0000,Dark,
64.6240,0.0000,0.0000,0.0000,0.0000,NaN,NaN,NaN,NaN,NaN,NaN,0.0000,0.0000,0.0000,0.0000,0.0000,0.0000,Dark,
64.8344,0.0000,0.0000,0.0000,0.0000,NaN,NaN,NaN,NaN,NaN,NaN,0.0000,0.0000,0.0000,0.0000,0.0000,0.0000,Dark,
65.0447,0.0000,0.0000,0.0000,0.0000,NaN,NaN,NaN,NaN,NaN,NaN,0.0000,0.0000,0.0000,0.0000,0.0000,0.0000,Dark,
65.2568,0.0000,0.0000,0.0000,0.0000,NaN,NaN,NaN,NaN,NaN,NaN,0.0000,0.0000,0.0000,0.0000,0.0000,0.0000,Dark,
65.4681,0.0000,0.0000,0.0000,0.0000,NaN,NaN,NaN,NaN,NaN,NaN,0.0000,0.0000,0.0000,0.0000,0.0000,0.0000,Dark,
65.6819,0.0000,0.0000,0.0000,0.0000,NaN,NaN,NaN,NaN,NaN,NaN,0.0000,0.0000,0.0000,0.0000,0.0000,0.0000,Dark,
65.8927,0.0000,0.0000,0.0000,0.0000,NaN,NaN,NaN,NaN,NaN,NaN,0.0000,0.0000,0.0000,0.0000,0.0000,0.0000,Dark,
66.0997,0.0000,0.0000,0.0000,0.0000,NaN,NaN,NaN,NaN,NaN,NaN,0.0000,0.0000,0.0000,0.0000,0.0000,0.0000,Dark,
66.3106,0.0000,0.0000,0.0000,0.0000,NaN,NaN,NaN,NaN,NaN,NaN,0.0000,0.0000,0.0000,0.0000,0.0000,0.0000,Dark,
66.5268,0.0000,0.0000,0.0000,0.0000,NaN,NaN,NaN,NaN,NaN,NaN,0.0000,0.0000,0.0000,0.0000,0.0000,0.0000,Dark,
66.7369,0.0000,0.0000,0.0000,0.0000,NaN,NaN,NaN,NaN,NaN,NaN,0.0000,0.0000,0.0000,0.0000,0.0000,0.0000,Dark,
66.9423,0.0000,0.0000,0.0000,0.0000,NaN,NaN,NaN,NaN,NaN,NaN,0.0000,0.0000,0.0000,0.0000,0.0000,0.0000,Dark,
67.1597,0.0000,0.0000,0.0000,0.0000,NaN,NaN,NaN,NaN,NaN,NaN,0.0000,0.0000,0.0000,0.0000,0.0000,0.0000,Dark,
67.3624,0.0000,0.0000,0.0000,0.0000,NaN,NaN,NaN,NaN,NaN,NaN,0.0000,0.0000,0.0000,0.0000,0.0000,0.0000,Dark,
67.5680,0.0000,0.0000,0.0000,0.0000,NaN,NaN,NaN,NaN,NaN,NaN,0.0000,0.0000,0.0000,0.0000,0.0000,0.0000,Dark,
67.7901,0.0000,0.0000,0.0000,0.0000,NaN,NaN,NaN,NaN,NaN,NaN,0.0000,0.0000,0.0000,0.0000,0.0000,0.0000,Dark,
68.0010,0.0000,0.0000,0.0000,0.0000,NaN,NaN,NaN,NaN,NaN,NaN,0.0000,0.0000,0.0000,0.0000,0.0000,0.0000,Dark,
68.2113,0.0000,0.0000,0.0000,0.0000,NaN,NaN,NaN,NaN,NaN,NaN,0.0000,0.0000,0.0000,0.0000,0.0000,0.0000,Dark,
68.4224,0.0000,0.0000,0.0000,0.0000,NaN,NaN,NaN,NaN,NaN,NaN,0.0000,0.0000,0.0000,0.0000,0.0000,0.0000,Dark,
68.6324,0.0000,0.0000,0.0000,0.0000,NaN,NaN,NaN,NaN,NaN,NaN,0.0000,0.0000,0.0000,0.0000,0.0000,0.0000,Dark,
68.8432,0.0000,0.0000,0.0000,0.0000,NaN,NaN,NaN,NaN,NaN,NaN,0.0000,0.0000,0.0000,0.0000,0.0000,0.0000,Dark,
69.0597,0.0000,0.0000,0.0000,0.0000,NaN,NaN,NaN,NaN,NaN,NaN,0.0000,0.0000,0.0000,0.0000,0.0000,0.0000,Dark,
69.2591,0.0000,0.0000,0.0000,0.0000,NaN,NaN,NaN,NaN,NaN,NaN,0.0000,0.0000,0.0000,0.0000,0.0000,0.0000,Dark,
69.4702,0.0000,0.0000,0.0000,0.0000,NaN,NaN,NaN,NaN,NaN,NaN,0.0000,0.0000,0.0000,0.0000,0.0000,0.0000,Dark,
69.6857,0.0000,0.0000,0.0000,0.0000,NaN,NaN,NaN,NaN,NaN,NaN,0.0000,0.0000,0.0000,0.0000,0.0000,0.0000,Dark,
69.8956,0.0000,0.0000,0.0000,0.0000,NaN,NaN,NaN,NaN,NaN,NaN,0.0000,0.0000,0.0000,0.0000,0.0000,0.0000,Dark,
70.1065,0.0000,0.0000,0.0000,0.0000,NaN,NaN,NaN,NaN,NaN,NaN,0.0000,0.0000,0.0000,0.0000,0.0000,0.0000,Dark,
70.3166,0.0000,0.0000,0.0000,0.0000,NaN,NaN,NaN,NaN,NaN,NaN,0.0000,0.0000,0.0000,0.0000,0.0000,0.0000,Dark,
70.5266,0.0000,0.0000,0.0000,0.0000,NaN,NaN,NaN,NaN,NaN,NaN,0.0000,0.0000,0.0000,0.0000,0.0000,0.0000,Dark,
70.7384,0.0000,0.0000,0.0000,0.0000,NaN,NaN,NaN,NaN,NaN,NaN,0.0000,0.0000,0.0000,0.0000,0.0000,0.0000,Dark,
70.9479,0.0000,0.0000,0.0000,0.0000,NaN,NaN,NaN,NaN,NaN,NaN,0.0000,0.0000,0.0000,0.0000,0.0000,0.0000,Dark,
71.1548,0.0000,0.0000,0.0000,0.0000,NaN,NaN,NaN,NaN,NaN,NaN,0.0000,0.0000,0.0000,0.0000,0.0000,0.0000,Dark,
71.3602,0.0000,0.0000,0.0000,0.0000,NaN,NaN,NaN,NaN,NaN,NaN,0.0000,0.0000,0.0000,0.0000,0.0000,0.0000,Dark,
71.5662,0.0000,0.0000,0.0000,0.0000,NaN,NaN,NaN,NaN,NaN,NaN,0.0000,0.0000,0.0000,0.0000,0.0000,0.0000,Dark,
71.7726,0.0000,0.0000,0.0000,0.0000,NaN,NaN,NaN,NaN,NaN,NaN,0.0000,0.0000,0.0000,0.0000,0.0000,0.0000,Dark,
71.9778,0.0000,0.0000,0.0000,0.0000,NaN,NaN,NaN,NaN,NaN,NaN,0.0000,0.0000,0.0000,0.0000,0.0000,0.0000,Dark,
72.1830,0.0000,0.0000,0.0000,0.0000,NaN,NaN,NaN,NaN,NaN,NaN,0.0000,0.0000,0.0000,0.0000,0.0000,0.0000,Dark,
72.3898,0.0000,0.0000,0.0000,0.0000,NaN,NaN,NaN,NaN,NaN,NaN,0.0000,0.0000,0.0000,0.0000,0.0000,0.0000,Dark,
72.6000,0.0000,0.0000,0.0000,0.0000,NaN,NaN,NaN,NaN,NaN,NaN,0.0000,0.0000,0.0000,0.0000,0.0000,0.0000,Dark,
72.8159,0.0000,0.0000,0.0000,0.0000,NaN,NaN,NaN,NaN,NaN,NaN,0.0000,0.0000,0.0000,0.0000,0.0000,0.0000,Dark,
73.0211,0.0000,0.0000,0.0000,0.0000,NaN,NaN,NaN,NaN,NaN,NaN,0.0000,0.0000,0.0000,0.0000,0.0000,0.0000,Dark,
73.2370,0.0000,0.0000,0.0000,0.0000,NaN,NaN,NaN,NaN,NaN,NaN,0.0000,0.0000,0.0000,0.0000,0.0000,0.0000,Dark,
73.4440,0.0000,0.0000,0.0000,0.0000,NaN,NaN,NaN,NaN,NaN,NaN,0.0000,0.0000,0.0000,0.0000,0.0000,0.0000,Dark,
73.6541,0.0000,0.0000,0.0000,0.0000,NaN,NaN,NaN,NaN,NaN,NaN,0.0000,0.0000,0.0000,0.0000,0.0000,0.0000,Dark,
73.8608,0.0000,0.0000,0.0000,0.0000,NaN,NaN,NaN,NaN,NaN,NaN,0.0000,0.0000,0.0000,0.0000,0.0000,0.0000,Dark,
74.0785,0.0000,0.0000,0.0000,0.0000,NaN,NaN,NaN,NaN,NaN,NaN,0.0000,0.0000,0.0000,0.0000,0.0000,0.0000,Dark,
74.2830,0.0000,0.0000,0.0000,0.0000,NaN,NaN,NaN,NaN,NaN,NaN,0.0000,0.0000,0.0000,0.0000,0.0000,0.0000,Dark,
74.5045,0.0000,0.0000,0.0000,0.0000,NaN,NaN,NaN,NaN,NaN,NaN,0.0000,0.0000,0.0000,0.0000,0.0000,0.0000,Dark,
74.7237,0.0000,0.0000,0.0000,0.0000,NaN,NaN,NaN,NaN,NaN,NaN,0.0000,0.0000,0.0000,0.0000,0.0000,0.0000,Dark,
74.9256,0.0000,0.0000,0.0000,0.0000,NaN,NaN,NaN,NaN,NaN,NaN,0.0000,0.0000,0.0000,0.0000,0.0000,0.0000,Dark,
75.1311,0.0000,0.0000,0.0000,0.0000,NaN,NaN,NaN,NaN,NaN,NaN,0.0000,0.0000,0.0000,0.0000,0.0000,0.0000,Dark,
75.3433,0.0000,0.0000,0.0000,0.0000,NaN,NaN,NaN,NaN,NaN,NaN,0.0000,0.0000,0.0000,0.0000,0.0000,0.0000,Dark,
75.5537,0.0000,0.0000,0.0000,0.0000,NaN,NaN,NaN,NaN,NaN,NaN,0.0000,0.0000,0.0000,0.0000,0.0000,0.0000,Dark,
75.7692,0.0000,0.0000,0.0000,0.0000,NaN,NaN,NaN,NaN,NaN,NaN,0.0000,0.0000,0.0000,0.0000,0.0000,0.0000,Dark,
75.9806,0.0000,0.0000,0.0000,0.0000,NaN,NaN,NaN,NaN,NaN,NaN,0.0000,0.0000,0.0000,0.0000,0.0000,0.0000,Dark,
76.1864,0.0000,0.0000,0.0000,0.0000,NaN,NaN,NaN,NaN,NaN,NaN,0.0000,0.0000,0.0000,0.0000,0.0000,0.0000,Dark,
76.3923,0.0000,0.0000,0.0000,0.0000,NaN,NaN,NaN,NaN,NaN,NaN,0.0000,0.0000,0.0000,0.0000,0.0000,0.0000,Dark,
76.6144,0.0000,0.0000,0.0000,0.0000,NaN,NaN,NaN,NaN,NaN,NaN,0.0000,0.0000,0.0000,0.0000,0.0000,0.0000,Dark,
76.8191,0.0000,0.0000,0.0000,0.0000,NaN,NaN,NaN,NaN,NaN,NaN,0.0000,0.0000,0.0000,0.0000,0.0000,0.0000,Dark,
77.0341,0.0000,0.0000,0.0000,0.0000,NaN,NaN,NaN,NaN,NaN,NaN,0.0000,0.0000,0.0000,0.0000,0.0000,0.0000,Dark,
77.2478,0.0000,0.0000,0.0000,0.0000,NaN,NaN,NaN,NaN,NaN,NaN,0.0000,0.0000,0.0000,0.0000,0.0000,0.0000,Dark,
77.4583,0.0000,0.0000,0.0000,0.0000,NaN,NaN,NaN,NaN,NaN,NaN,0.0000,0.0000,0.0000,0.0000,0.0000,0.0000,Dark,
77.6682,0.0000,0.0000,0.0000,0.0000,NaN,NaN,NaN,NaN,NaN,NaN,0.0000,0.0000,0.0000,0.0000,0.0000,0.0000,Dark,
77.8786,0.0000,0.0000,0.0000,0.0000,NaN,NaN,NaN,NaN,NaN,NaN,0.0000,0.0000,0.0000,0.0000,0.0000,0.0000,Dark,
78.0901,0.0000,0.0000,0.0000,0.0000,NaN,NaN,NaN,NaN,NaN,NaN,0.0000,0.0000,0.0000,0.0000,0.0000,0.0000,Dark,
78.2957,0.0000,0.0000,0.0000,0.0000,NaN,NaN,NaN,NaN,NaN,NaN,0.0000,0.0000,0.0000,0.0000,0.0000,0.0000,Dark,
78.5061,0.0000,0.0000,0.0000,0.0000,NaN,NaN,NaN,NaN,NaN,NaN,0.0000,0.0000,0.0000,0.0000,0.0000,0.0000,Dark,
78.7165,0.0000,0.0000,0.0000,0.0000,NaN,NaN,NaN,NaN,NaN,NaN,0.0000,0.0000,0.0000,0.0000,0.0000,0.0000,Dark,
78.9261,0.0000,0.0000,0.0000,0.0000,NaN,NaN,NaN,NaN,NaN,NaN,0.0000,0.0000,0.0000,0.0000,0.0000,0.0000,Dark,
79.1369,0.0000,0.0000,0.0000,0.0000,NaN,NaN,NaN,NaN,NaN,NaN,0.0000,0.0000,0.0000,0.0000,0.0000,0.0000,Dark,
79.3470,0.0000,0.0000,0.0000,0.0000,NaN,NaN,NaN,NaN,NaN,NaN,0.0000,0.0000,0.0000,0.0000,0.0000,0.0000,Dark,
79.5522,0.0000,0.0000,0.0000,0.0000,NaN,NaN,NaN,NaN,NaN,NaN,0.0000,0.0000,0.0000,0.0000,0.0000,0.0000,Dark,
79.7769,0.0000,0.0000,0.0000,0.0000,NaN,NaN,NaN,NaN,NaN,NaN,0.0000,0.0000,0.0000,0.0000,0.0000,0.0000,Dark,
79.9842,0.0000,0.0000,0.0000,0.0000,NaN,NaN,NaN,NaN,NaN,NaN,0.0000,0.0000,0.0000,0.0000,0.0000,0.0000,Dark,
80.1950,0.0000,0.0000,0.0000,0.0000,NaN,NaN,NaN,NaN,NaN,NaN,0.0000,0.0000,0.0000,0.0000,0.0000,0.0000,Dark,
80.4060,0.0000,0.0000,0.0000,0.0000,NaN,NaN,NaN,NaN,NaN,NaN,0.0000,0.0000,0.0000,0.0000,0.0000,0.0000,Dark,
80.6147,0.0000,0.0000,0.0000,0.0000,NaN,NaN,NaN,NaN,NaN,NaN,0.0000,0.0000,0.0000,0.0000,0.0000,0.0000,Dark,
80.8201,0.0000,0.0000,0.0000,0.0000,NaN,NaN,NaN,NaN,NaN,NaN,0.0000,0.0000,0.0000,0.0000,0.0000,0.0000,Dark,
81.0371,0.0000,0.0000,0.0000,0.0000,NaN,NaN,NaN,NaN,NaN,NaN,0.0000,0.0000,0.0000,0.0000,0.0000,0.0000,Dark,
81.2416,0.0000,0.0000,0.0000,0.0000,NaN,NaN,NaN,NaN,NaN,NaN,0.0000,0.0000,0.0000,0.0000,0.0000,0.0000,Dark,
81.4578,0.0000,0.0000,0.0000,0.0000,NaN,NaN,NaN,NaN,NaN,NaN,0.0000,0.0000,0.0000,0.0000,0.0000,0.0000,Dark,
81.6679,0.0000,0.0000,0.0000,0.0000,NaN,NaN,NaN,NaN,NaN,NaN,0.0000,0.0000,0.0000,0.0000,0.0000,0.0000,Dark,
81.8787,0.0000,0.0000,0.0000,0.0000,NaN,NaN,NaN,NaN,NaN,NaN,0.0000,0.0000,0.0000,0.0000,0.0000,0.0000,Dark,
82.0889,0.0000,0.0000,0.0000,0.0000,NaN,NaN,NaN,NaN,NaN,NaN,0.0000,0.0000,0.0000,0.0000,0.0000,0.0000,Dark,
82.2963,0.0000,0.0000,0.0000,0.0000,NaN,NaN,NaN,NaN,NaN,NaN,0.0000,0.0000,0.0000,0.0000,0.0000,0.0000,Dark,
82.5134,0.0000,0.0000,0.0000,0.0000,NaN,NaN,NaN,NaN,NaN,NaN,0.0000,0.0000,0.0000,0.0000,0.0000,0.0000,Dark,
82.7164,0.0000,0.0000,0.0000,0.0000,NaN,NaN,NaN,NaN,NaN,NaN,0.0000,0.0000,0.0000,0.0000,0.0000,0.0000,Dark,
82.9272,0.0000,0.0000,0.0000,0.0000,NaN,NaN,NaN,NaN,NaN,NaN,0.0000,0.0000,0.0000,0.0000,0.0000,0.0000,Dark,
83.1317,0.0000,0.0000,0.0000,0.0000,NaN,NaN,NaN,NaN,NaN,NaN,0.0000,0.0000,0.0000,0.0000,0.0000,0.0000,Dark,
83.3546,0.0000,0.0000,0.0000,0.0000,NaN,NaN,NaN,NaN,NaN,NaN,0.0000,0.0000,0.0000,0.0000,0.0000,0.0000,Dark,
83.5646,0.0000,0.0000,0.0000,0.0000,NaN,NaN,NaN,NaN,NaN,NaN,0.0000,0.0000,0.0000,0.0000,0.0000,0.0000,Dark,
83.7752,0.0000,0.0000,0.0000,0.0000,NaN,NaN,NaN,NaN,NaN,NaN,0.0000,0.0000,0.0000,0.0000,0.0000,0.0000,Dark,
83.9850,0.0000,0.0000,0.0000,0.0000,NaN,NaN,NaN,NaN,NaN,NaN,0.0000,0.0000,0.0000,0.0000,0.0000,0.0000,Dark,
84.1958,0.0000,0.0000,0.0000,0.0000,NaN,NaN,NaN,NaN,NaN,NaN,0.0000,0.0000,0.0000,0.0000,0.0000,0.0000,Dark,
84.4019,0.0000,0.0000,0.0000,0.0000,NaN,NaN,NaN,NaN,NaN,NaN,0.0000,0.0000,0.0000,0.0000,0.0000,0.0000,Dark,
84.6125,0.0000,0.0000,0.0000,0.0000,NaN,NaN,NaN,NaN,NaN,NaN,0.0000,0.0000,0.0000,0.0000,0.0000,0.0000,Dark,
84.8230,0.0000,0.0000,0.0000,0.0000,NaN,NaN,NaN,NaN,NaN,NaN,0.0000,0.0000,0.0000,0.0000,0.0000,0.0000,Dark,
85.0327,0.0000,0.0000,0.0000,0.0000,NaN,NaN,NaN,NaN,NaN,NaN,0.0000,0.0000,0.0000,0.0000,0.0000,0.0000,Dark,
85.2437,0.0000,0.0000,0.0000,0.0000,NaN,NaN,NaN,NaN,NaN,NaN,0.0000,0.0000,0.0000,0.0000,0.0000,0.0000,Dark,
85.4546,0.0000,0.0000,0.0000,0.0000,NaN,NaN,NaN,NaN,NaN,NaN,0.0000,0.0000,0.0000,0.0000,0.0000,0.0000,Dark,
85.6634,0.0000,0.0000,0.0000,0.0000,NaN,NaN,NaN,NaN,NaN,NaN,0.0000,0.0000,0.0000,0.0000,0.0000,0.0000,Dark,
85.8750,0.0000,0.0000,0.0000,0.0000,NaN,NaN,NaN,NaN,NaN,NaN,0.0000,0.0000,0.0000,0.0000,0.0000,0.0000,Dark,
86.0856,0.0000,0.0000,0.0000,0.0000,NaN,NaN,NaN,NaN,NaN,NaN,0.0000,0.0000,0.0000,0.0000,0.0000,0.0000,Dark,
86.2959,0.0000,0.0000,0.0000,0.0000,NaN,NaN,NaN,NaN,NaN,NaN,0.0000,0.0000,0.0000,0.0000,0.0000,0.0000,Dark,
86.5004,0.0000,0.0000,0.0000,0.0000,NaN,NaN,NaN,NaN,NaN,NaN,0.0000,0.0000,0.0000,0.0000,0.0000,0.0000,Dark,
86.7021,0.0000,0.0000,0.0000,0.0000,NaN,NaN,NaN,NaN,NaN,NaN,0.0000,0.0000,0.0000,0.0000,0.0000,0.0000,Dark,
86.9125,0.0000,0.0000,0.0000,0.0000,NaN,NaN,NaN,NaN,NaN,NaN,0.0000,0.0000,0.0000,0.0000,0.0000,0.0000,Dark,
87.1231,0.0000,0.0000,0.0000,0.0000,NaN,NaN,NaN,NaN,NaN,NaN,0.0000,0.0000,0.0000,0.0000,0.0000,0.0000,Dark,
87.3338,0.0000,0.0000,0.0000,0.0000,NaN,NaN,NaN,NaN,NaN,NaN,0.0000,0.0000,0.0000,0.0000,0.0000,0.0000,Dark,
87.5445,0.0000,0.0000,0.0000,0.0000,NaN,NaN,NaN,NaN,NaN,NaN,0.0000,0.0000,0.0000,0.0000,0.0000,0.0000,Dark,
87.7516,0.0000,0.0000,0.0000,0.0000,NaN,NaN,NaN,NaN,NaN,NaN,0.0000,0.0000,0.0000,0.0000,0.0000,0.0000,Dark,
87.9529,0.0000,0.0000,0.0000,0.0000,NaN,NaN,NaN,NaN,NaN,NaN,0.0000,0.0000,0.0000,0.0000,0.0000,0.0000,Dark,
88.1593,0.0000,0.0000,0.0000,0.0000,NaN,NaN,NaN,NaN,NaN,NaN,0.0000,0.0000,0.0000,0.0000,0.0000,0.0000,Dark,
88.3642,0.0000,0.0000,0.0000,0.0000,NaN,NaN,NaN,NaN,NaN,NaN,0.0000,0.0000,0.0000,0.0000,0.0000,0.0000,Dark,
88.5749,0.0000,0.0000,0.0000,0.0000,NaN,NaN,NaN,NaN,NaN,NaN,0.0000,0.0000,0.0000,0.0000,0.0000,0.0000,Dark,
88.7847,0.0000,0.0000,0.0000,0.0000,NaN,NaN,NaN,NaN,NaN,NaN,0.0000,0.0000,0.0000,0.0000,0.0000,0.0000,Dark,
88.9952,0.0000,0.0000,0.0000,0.0000,NaN,NaN,NaN,NaN,NaN,NaN,0.0000,0.0000,0.0000,0.0000,0.0000,0.0000,Dark,
89.2059,0.0000,0.0000,0.0000,0.0000,NaN,NaN,NaN,NaN,NaN,NaN,0.0000,0.0000,0.0000,0.0000,0.0000,0.0000,Dark,
89.4106,0.0000,0.0000,0.0000,0.0000,NaN,NaN,NaN,NaN,NaN,NaN,0.0000,0.0000,0.0000,0.0000,0.0000,0.0000,Dark,
89.6215,0.0000,0.0000,0.0000,0.0000,NaN,NaN,NaN,NaN,NaN,NaN,0.0000,0.0000,0.0000,0.0000,0.0000,0.0000,Dark,
89.8325,0.0000,0.0000,0.0000,0.0000,NaN,NaN,NaN,NaN,NaN,NaN,0.0000,0.0000,0.0000,0.0000,0.0000,0.0000,Dark,
90.0423,0.0000,0.0000,0.0000,0.0000,NaN,NaN,NaN,NaN,NaN,NaN,0.0000,0.0000,0.0000,0.0000,0.0000,0.0000,Dark,
90.2524,0.0000,0.0000,0.0000,0.0000,NaN,NaN,NaN,NaN,NaN,NaN,0.0000,0.0000,0.0000,0.0000,0.0000,0.0000,Dark,
90.4627,0.0000,0.0000,0.0000,0.0000,NaN,NaN,NaN,NaN,NaN,NaN,0.0000,0.0000,0.0000,0.0000,0.0000,0.0000,Dark,
90.6751,0.0000,0.0000,0.0000,0.0000,NaN,NaN,NaN,NaN,NaN,NaN,0.0000,0.0000,0.0000,0.0000,0.0000,0.0000,Dark,
90.8955,0.0000,0.0000,0.0000,0.0000,NaN,NaN,NaN,NaN,NaN,NaN,0.0000,0.0000,0.0000,0.0000,0.0000,0.0000,Dark,
91.1010,0.0000,0.0000,0.0000,0.0000,NaN,NaN,NaN,NaN,NaN,NaN,0.0000,0.0000,0.0000,0.0000,0.0000,0.0000,Dark,
91.3074,0.0000,0.0000,0.0000,0.0000,NaN,NaN,NaN,NaN,NaN,NaN,0.0000,0.0000,0.0000,0.0000,0.0000,0.0000,Dark,
91.5182,0.0000,0.0000,0.0000,0.0000,NaN,NaN,NaN,NaN,NaN,NaN,0.0000,0.0000,0.0000,0.0000,0.0000,0.0000,Dark,
91.7285,0.0000,0.0000,0.0000,0.0000,NaN,NaN,NaN,NaN,NaN,NaN,0.0000,0.0000,0.0000,0.0000,0.0000,0.0000,Dark,
91.9381,0.0000,0.0000,0.0000,0.0000,NaN,NaN,NaN,NaN,NaN,NaN,0.0000,0.0000,0.0000,0.0000,0.0000,0.0000,Dark,
92.1483,0.0000,0.0000,0.0000,0.0000,NaN,NaN,NaN,NaN,NaN,NaN,0.0000,0.0000,0.0000,0.0000,0.0000,0.0000,Dark,
92.3592,0.0000,0.0000,0.0000,0.0000,NaN,NaN,NaN,NaN,NaN,NaN,0.0000,0.0000,0.0000,0.0000,0.0000,0.0000,Dark,
92.5699,0.0000,0.0000,0.0000,0.0000,NaN,NaN,NaN,NaN,NaN,NaN,0.0000,0.0000,0.0000,0.0000,0.0000,0.0000,Dark,
92.7828,0.0000,0.0000,0.0000,0.0000,NaN,NaN,NaN,NaN,NaN,NaN,0.0000,0.0000,0.0000,0.0000,0.0000,0.0000,Dark,
92.9918,0.0000,0.0000,0.0000,0.0000,NaN,NaN,NaN,NaN,NaN,NaN,0.0000,0.0000,0.0000,0.0000,0.0000,0.0000,Dark,
93.2030,0.0000,0.0000,0.0000,0.0000,NaN,NaN,NaN,NaN,NaN,NaN,0.0000,0.0000,0.0000,0.0000,0.0000,0.0000,Dark,
93.4185,0.0000,0.0000,0.0000,0.0000,NaN,NaN,NaN,NaN,NaN,NaN,0.0000,0.0000,0.0000,0.0000,0.0000,0.0000,Dark,
93.6248,0.0000,0.0000,0.0000,0.0000,NaN,NaN,NaN,NaN,NaN,NaN,0.0000,0.0000,0.0000,0.0000,0.0000,0.0000,Dark,
93.8304,0.0000,0.0000,0.0000,0.0000,NaN,NaN,NaN,NaN,NaN,NaN,0.0000,0.0000,0.0000,0.0000,0.0000,0.0000,Dark,
94.0478,0.0000,0.0000,0.0000,0.0000,NaN,NaN,NaN,NaN,NaN,NaN,0.0000,0.0000,0.0000,0.0000,0.0000,0.0000,Dark,
94.2613,0.0000,0.0000,0.0000,0.0000,NaN,NaN,NaN,NaN,NaN,NaN,0.0000,0.0000,0.0000,0.0000,0.0000,0.0000,Dark,
94.4725,0.0000,0.0000,0.0000,0.0000,NaN,NaN,NaN,NaN,NaN,NaN,0.0000,0.0000,0.0000,0.0000,0.0000,0.0000,Dark,
94.6820,0.0000,0.0000,0.0000,0.0000,NaN,NaN,NaN,NaN,NaN,NaN,0.0000,0.0000,0.0000,0.0000,0.0000,0.0000,Dark,
94.8878,0.0000,0.0000,0.0000,0.0000,NaN,NaN,NaN,NaN,NaN,NaN,0.0000,0.0000,0.0000,0.0000,0.0000,0.0000,Dark,
95.1080,0.0000,0.0000,0.0000,0.0000,NaN,NaN,NaN,NaN,NaN,NaN,0.0000,0.0000,0.0000,0.0000,0.0000,0.0000,Dark,
95.3137,0.0000,0.0000,0.0000,0.0000,NaN,NaN,NaN,NaN,NaN,NaN,0.0000,0.0000,0.0000,0.0000,0.0000,0.0000,Dark,
95.5248,0.0000,0.0000,0.0000,0.0000,NaN,NaN,NaN,NaN,NaN,NaN,0.0000,0.0000,0.0000,0.0000,0.0000,0.0000,Dark,
95.7363,0.0000,0.0000,0.0000,0.0000,NaN,NaN,NaN,NaN,NaN,NaN,0.0000,0.0000,0.0000,0.0000,0.0000,0.0000,Dark,
95.9465,0.0000,0.0000,0.0000,0.0000,NaN,NaN,NaN,NaN,NaN,NaN,0.0000,0.0000,0.0000,0.0000,0.0000,0.0000,Dark,
96.1536,0.0000,0.0000,0.0000,0.0000,NaN,NaN,NaN,NaN,NaN,NaN,0.0000,0.0000,0.0000,0.0000,0.0000,0.0000,Dark,
96.3712,0.0000,0.0000,0.0000,0.0000,NaN,NaN,NaN,NaN,NaN,NaN,0.0000,0.0000,0.0000,0.0000,0.0000,0.0000,Dark,
96.5806,0.0000,0.0000,0.0000,0.0000,NaN,NaN,NaN,NaN,NaN,NaN,0.0000,0.0000,0.0000,0.0000,0.0000,0.0000,Dark,
96.7913,0.0000,0.0000,0.0000,0.0000,NaN,NaN,NaN,NaN,NaN,NaN,0.0000,0.0000,0.0000,0.0000,0.0000,0.0000,Dark,
97.0095,0.0000,0.0000,0.0000,0.0000,NaN,NaN,NaN,NaN,NaN,NaN,0.0000,0.0000,0.0000,0.0000,0.0000,0.0000,Dark,
97.2124,0.0000,0.0000,0.0000,0.0000,NaN,NaN,NaN,NaN,NaN,NaN,0.0000,0.0000,0.0000,0.0000,0.0000,0.0000,Dark,
97.4227,0.0000,0.0000,0.0000,0.0000,NaN,NaN,NaN,NaN,NaN,NaN,0.0000,0.0000,0.0000,0.0000,0.0000,0.0000,Dark,
97.6329,0.0000,0.0000,0.0000,0.0000,NaN,NaN,NaN,NaN,NaN,NaN,0.0000,0.0000,0.0000,0.0000,0.0000,0.0000,Dark,
97.8429,0.0000,0.0000,0.0000,0.0000,NaN,NaN,NaN,NaN,NaN,NaN,0.0000,0.0000,0.0000,0.0000,0.0000,0.0000,Dark,
98.0542,0.0000,0.0000,0.0000,0.0000,NaN,NaN,NaN,NaN,NaN,NaN,0.0000,0.0000,0.0000,0.0000,0.0000,0.0000,Dark,
98.2638,0.0000,0.0000,0.0000,0.0000,NaN,NaN,NaN,NaN,NaN,NaN,0.0000,0.0000,0.0000,0.0000,0.0000,0.0000,Dark,
98.4749,0.0000,0.0000,0.0000,0.0000,NaN,NaN,NaN,NaN,NaN,NaN,0.0000,0.0000,0.0000,0.0000,0.0000,0.0000,Dark,
98.6844,0.0000,0.0000,0.0000,0.0000,NaN,NaN,NaN,NaN,NaN,NaN,0.0000,0.0000,0.0000,0.0000,0.0000,0.0000,Dark,
98.8950,0.0000,0.0000,0.0000,0.0000,NaN,NaN,NaN,NaN,NaN,NaN,0.0000,0.0000,0.0000,0.0000,0.0000,0.0000,Dark,
99.1046,0.0000,0.0000,0.0000,0.0000,NaN,NaN,NaN,NaN,NaN,NaN,0.0000,0.0000,0.0000,0.0000,0.0000,0.0000,Dark,
99.3153,0.0000,0.0000,0.0000,0.0000,NaN,NaN,NaN,NaN,NaN,NaN,0.0000,0.0000,0.0000,0.0000,0.0000,0.0000,Dark,
99.5202,0.0000,0.0000,0.0000,0.0000,NaN,NaN,NaN,NaN,NaN,NaN,0.0000,0.0000,0.0000,0.0000,0.0000,0.0000,Dark,
99.7375,0.0000,0.0000,0.0000,0.0000,NaN,NaN,NaN,NaN,NaN,NaN,0.0000,0.0000,0.0000,0.0000,0.0000,0.0000,Dark,
99.9486,0.0000,0.0000,0.0000,0.0000,NaN,NaN,NaN,NaN,NaN,NaN,0.0000,0.0000,0.0000,0.0000,0.0000,0.0000,Dark,
100.1612,0.0000,0.0000,0.0000,0.0000,NaN,NaN,NaN,NaN,NaN,NaN,0.0000,0.0000,0.0000,0.0000,0.0000,0.0000,Dark,
100.3696,0.0000,0.0000,0.0000,0.0000,NaN,NaN,NaN,NaN,NaN,NaN,0.0000,0.0000,0.0000,0.0000,0.0000,0.0000,Dark,
100.5797,0.0000,0.0000,0.0000,0.0000,NaN,NaN,NaN,NaN,NaN,NaN,0.0000,0.0000,0.0000,0.0000,0.0000,0.0000,Dark,
100.7857,0.0000,0.0000,0.0000,0.0000,NaN,NaN,NaN,NaN,NaN,NaN,0.0000,0.0000,0.0000,0.0000,0.0000,0.0000,Dark,
100.9936,0.0000,0.0000,0.0000,0.0000,NaN,NaN,NaN,NaN,NaN,NaN,0.0000,0.0000,0.0000,0.0000,0.0000,0.0000,Dark,
101.1983,0.0000,0.0000,0.0000,0.0000,NaN,NaN,NaN,NaN,NaN,NaN,0.0000,0.0000,0.0000,0.0000,0.0000,0.0000,Dark,
101.4087,0.0000,0.0000,0.0000,0.0000,NaN,NaN,NaN,NaN,NaN,NaN,0.0000,0.0000,0.0000,0.0000,0.0000,0.0000,Dark,
101.6245,0.0000,0.0000,0.0000,0.0000,NaN,NaN,NaN,NaN,NaN,NaN,0.0000,0.0000,0.0000,0.0000,0.0000,0.0000,Dark,
101.8351,0.0000,0.0000,0.0000,0.0000,NaN,NaN,NaN,NaN,NaN,NaN,0.0000,0.0000,0.0000,0.0000,0.0000,0.0000,Dark,
102.0454,0.0000,0.0000,0.0000,0.0000,NaN,NaN,NaN,NaN,NaN,NaN,0.0000,0.0000,0.0000,0.0000,0.0000,0.0000,Dark,
102.2553,0.0000,0.0000,0.0000,0.0000,NaN,NaN,NaN,NaN,NaN,NaN,0.0000,0.0000,0.0000,0.0000,0.0000,0.0000,Dark,
102.4653,0.0000,0.0000,0.0000,0.0000,NaN,NaN,NaN,NaN,NaN,NaN,0.0000,0.0000,0.0000,0.0000,0.0000,0.0000,Dark,
102.6761,0.0000,0.0000,0.0000,0.0000,NaN,NaN,NaN,NaN,NaN,NaN,0.0000,0.0000,0.0000,0.0000,0.0000,0.0000,Dark,
102.8816,0.0000,0.0000,0.0000,0.0000,NaN,NaN,NaN,NaN,NaN,NaN,0.0000,0.0000,0.0000,0.0000,0.0000,0.0000,Dark,
103.0883,0.0000,0.0000,0.0000,0.0000,NaN,NaN,NaN,NaN,NaN,NaN,0.0000,0.0000,0.0000,0.0000,0.0000,0.0000,Dark,
103.3087,0.0000,0.0000,0.0000,0.0000,NaN,NaN,NaN,NaN,NaN,NaN,0.0000,0.0000,0.0000,0.0000,0.0000,0.0000,Dark,
103.5249,0.0000,0.0000,0.0000,0.0000,NaN,NaN,NaN,NaN,NaN,NaN,0.0000,0.0000,0.0000,0.0000,0.0000,0.0000,Dark,
103.7301,0.0000,0.0000,0.0000,0.0000,NaN,NaN,NaN,NaN,NaN,NaN,0.0000,0.0000,0.0000,0.0000,0.0000,0.0000,Dark,
103.9400,0.0000,0.0000,0.0000,0.0000,NaN,NaN,NaN,NaN,NaN,NaN,0.0000,0.0000,0.0000,0.0000,0.0000,0.0000,Dark,
104.1516,0.0000,0.0000,0.0000,0.0000,NaN,NaN,NaN,NaN,NaN,NaN,0.0000,0.0000,0.0000,0.0000,0.0000,0.0000,Dark,
104.3609,0.0000,0.0000,0.0000,0.0000,NaN,NaN,NaN,NaN,NaN,NaN,0.0000,0.0000,0.0000,0.0000,0.0000,0.0000,Dark,
104.5707,0.0000,0.0000,0.0000,0.0000,NaN,NaN,NaN,NaN,NaN,NaN,0.0000,0.0000,0.0000,0.0000,0.0000,0.0000,Dark,
104.7766,0.0000,0.0000,0.0000,0.0000,NaN,NaN,NaN,NaN,NaN,NaN,0.0000,0.0000,0.0000,0.0000,0.0000,0.0000,Dark,
104.9889,0.0000,0.0000,0.0000,0.0000,NaN,NaN,NaN,NaN,NaN,NaN,0.0000,0.0000,0.0000,0.0000,0.0000,0.0000,Dark,
105.1837,0.0000,0.0000,0.0000,0.0000,NaN,NaN,NaN,NaN,NaN,NaN,0.0000,0.0000,0.0000,0.0000,0.0000,0.0000,Dark,
105.3939,0.0000,0.0000,0.0000,0.0000,NaN,NaN,NaN,NaN,NaN,NaN,0.0000,0.0000,0.0000,0.0000,0.0000,0.0000,Dark,
105.6059,0.0000,0.0000,0.0000,0.0000,NaN,NaN,NaN,NaN,NaN,NaN,0.0000,0.0000,0.0000,0.0000,0.0000,0.0000,Dark,
105.8157,0.0000,0.0000,0.0000,0.0000,NaN,NaN,NaN,NaN,NaN,NaN,0.0000,0.0000,0.0000,0.0000,0.0000,0.0000,Dark,
106.0330,0.0000,0.0000,0.0000,0.0000,NaN,NaN,NaN,NaN,NaN,NaN,0.0000,0.0000,0.0000,0.0000,0.0000,0.0000,Dark,
106.2374,0.0000,0.0000,0.0000,0.0000,NaN,NaN,NaN,NaN,NaN,NaN,0.0000,0.0000,0.0000,0.0000,0.0000,0.0000,Dark,
106.4476,0.0000,0.0000,0.0000,0.0000,NaN,NaN,NaN,NaN,NaN,NaN,0.0000,0.0000,0.0000,0.0000,0.0000,0.0000,Dark,
106.6593,0.0000,0.0000,0.0000,0.0000,NaN,NaN,NaN,NaN,NaN,NaN,0.0000,0.0000,0.0000,0.0000,0.0000,0.0000,Dark,
106.8638,0.0000,0.0000,0.0000,0.0000,NaN,NaN,NaN,NaN,NaN,NaN,0.0000,0.0000,0.0000,0.0000,0.0000,0.0000,Dark,
107.0804,0.0000,0.0000,0.0000,0.0000,NaN,NaN,NaN,NaN,NaN,NaN,0.0000,0.0000,0.0000,0.0000,0.0000,0.0000,Dark,
107.2929,0.0000,0.0000,0.0000,0.0000,NaN,NaN,NaN,NaN,NaN,NaN,0.0000,0.0000,0.0000,0.0000,0.0000,0.0000,Dark,
107.4905,0.0000,0.0000,0.0000,0.0000,NaN,NaN,NaN,NaN,NaN,NaN,0.0000,0.0000,0.0000,0.0000,0.0000,0.0000,Dark,
107.6997,0.0000,0.0000,0.0000,0.0000,NaN,NaN,NaN,NaN,NaN,NaN,0.0000,0.0000,0.0000,0.0000,0.0000,0.0000,Dark,
107.9109,0.0000,0.0000,0.0000,0.0000,NaN,NaN,NaN,NaN,NaN,NaN,0.0000,0.0000,0.0000,0.0000,0.0000,0.0000,Dark,
108.1204,0.0000,0.0000,0.0000,0.0000,NaN,NaN,NaN,NaN,NaN,NaN,0.0000,0.0000,0.0000,0.0000,0.0000,0.0000,Dark,
108.3257,0.0000,0.0000,0.0000,0.0000,NaN,NaN,NaN,NaN,NaN,NaN,0.0000,0.0000,0.0000,0.0000,0.0000,0.0000,Dark,
108.5447,0.0000,0.0000,0.0000,0.0000,NaN,NaN,NaN,NaN,NaN,NaN,0.0000,0.0000,0.0000,0.0000,0.0000,0.0000,Dark,
108.7503,0.0000,0.0000,0.0000,0.0000,NaN,NaN,NaN,NaN,NaN,NaN,0.0000,0.0000,0.0000,0.0000,0.0000,0.0000,Dark,
108.9676,0.0000,0.0000,0.0000,0.0000,NaN,NaN,NaN,NaN,NaN,NaN,0.0000,0.0000,0.0000,0.0000,0.0000,0.0000,Dark,
109.1730,0.0000,0.0000,0.0000,0.0000,NaN,NaN,NaN,NaN,NaN,NaN,0.0000,0.0000,0.0000,0.0000,0.0000,0.0000,Dark,
109.3950,0.0000,0.0000,0.0000,0.0000,NaN,NaN,NaN,NaN,NaN,NaN,0.0000,0.0000,0.0000,0.0000,0.0000,0.0000,Dark,
109.6053,0.0000,0.0000,0.0000,0.0000,NaN,NaN,NaN,NaN,NaN,NaN,0.0000,0.0000,0.0000,0.0000,0.0000,0.0000,Dark,
109.8164,0.0000,0.0000,0.0000,0.0000,NaN,NaN,NaN,NaN,NaN,NaN,0.0000,0.0000,0.0000,0.0000,0.0000,0.0000,Dark,
110.0220,0.0000,0.0000,0.0000,0.0000,NaN,NaN,NaN,NaN,NaN,NaN,0.0000,0.0000,0.0000,0.0000,0.0000,0.0000,Dark,
110.2289,0.0000,0.0000,0.0000,0.0000,NaN,NaN,NaN,NaN,NaN,NaN,0.0000,0.0000,0.0000,0.0000,0.0000,0.0000,Dark,
110.4295,0.0000,0.0000,0.0000,0.0000,NaN,NaN,NaN,NaN,NaN,NaN,0.0000,0.0000,0.0000,0.0000,0.0000,0.0000,Dark,
110.6403,0.0000,0.0000,0.0000,0.0000,NaN,NaN,NaN,NaN,NaN,NaN,0.0000,0.0000,0.0000,0.0000,0.0000,0.0000,Dark,
110.8511,0.0000,0.0000,0.0000,0.0000,NaN,NaN,NaN,NaN,NaN,NaN,0.0000,0.0000,0.0000,0.0000,0.0000,0.0000,Dark,
111.0611,0.0000,0.0000,0.0000,0.0000,NaN,NaN,NaN,NaN,NaN,NaN,0.0000,0.0000,0.0000,0.0000,0.0000,0.0000,Dark,
111.2659,0.0000,0.0000,0.0000,0.0000,NaN,NaN,NaN,NaN,NaN,NaN,0.0000,0.0000,0.0000,0.0000,0.0000,0.0000,Dark,
111.4711,0.0000,0.0000,0.0000,0.0000,NaN,NaN,NaN,NaN,NaN,NaN,0.0000,0.0000,0.0000,0.0000,0.0000,0.0000,Dark,
111.6783,0.0000,0.0000,0.0000,0.0000,NaN,NaN,NaN,NaN,NaN,NaN,0.0000,0.0000,0.0000,0.0000,0.0000,0.0000,Dark,
111.8878,0.0000,0.0000,0.0000,0.0000,NaN,NaN,NaN,NaN,NaN,NaN,0.0000,0.0000,0.0000,0.0000,0.0000,0.0000,Dark,
112.0996,0.0000,0.0000,0.0000,0.0000,NaN,NaN,NaN,NaN,NaN,NaN,0.0000,0.0000,0.0000,0.0000,0.0000,0.0000,Dark,
112.3145,0.0000,0.0000,0.0000,0.0000,NaN,NaN,NaN,NaN,NaN,NaN,0.0000,0.0000,0.0000,0.0000,0.0000,0.0000,Dark,
112.5203,0.0000,0.0000,0.0000,0.0000,NaN,NaN,NaN,NaN,NaN,NaN,0.0000,0.0000,0.0000,0.0000,0.0000,0.0000,Dark,
112.7323,0.0000,0.0000,0.0000,0.0000,NaN,NaN,NaN,NaN,NaN,NaN,0.0000,0.0000,0.0000,0.0000,0.0000,0.0000,Dark,
112.9368,0.0000,0.0000,0.0000,0.0000,NaN,NaN,NaN,NaN,NaN,NaN,0.0000,0.0000,0.0000,0.0000,0.0000,0.0000,Dark,
113.1380,0.0000,0.0000,0.0000,0.0000,NaN,NaN,NaN,NaN,NaN,NaN,0.0000,0.0000,0.0000,0.0000,0.0000,0.0000,Dark,
113.3484,0.0000,0.0000,0.0000,0.0000,NaN,NaN,NaN,NaN,NaN,NaN,0.0000,0.0000,0.0000,0.0000,0.0000,0.0000,Dark,
113.5582,0.0000,0.0000,0.0000,0.0000,NaN,NaN,NaN,NaN,NaN,NaN,0.0000,0.0000,0.0000,0.0000,0.0000,0.0000,Dark,
113.7729,0.0000,0.0000,0.0000,0.0000,NaN,NaN,NaN,NaN,NaN,NaN,0.0000,0.0000,0.0000,0.0000,0.0000,0.0000,Dark,
113.9788,0.0000,0.0000,0.0000,0.0000,NaN,NaN,NaN,NaN,NaN,NaN,0.0000,0.0000,0.0000,0.0000,0.0000,0.0000,Dark,
114.1843,0.0000,0.0000,0.0000,0.0000,NaN,NaN,NaN,NaN,NaN,NaN,0.0000,0.0000,0.0000,0.0000,0.0000,0.0000,Dark,
114.4068,0.0000,0.0000,0.0000,0.0000,NaN,NaN,NaN,NaN,NaN,NaN,0.0000,0.0000,0.0000,0.0000,0.0000,0.0000,Dark,
114.6121,0.0000,0.0000,0.0000,0.0000,NaN,NaN,NaN,NaN,NaN,NaN,0.0000,0.0000,0.0000,0.0000,0.0000,0.0000,Dark,
114.8231,0.0000,0.0000,0.0000,0.0000,NaN,NaN,NaN,NaN,NaN,NaN,0.0000,0.0000,0.0000,0.0000,0.0000,0.0000,Dark,
115.0339,0.0000,0.0000,0.0000,0.0000,NaN,NaN,NaN,NaN,NaN,NaN,0.0000,0.0000,0.0000,0.0000,0.0000,0.0000,Dark,
115.2441,0.0000,0.0000,0.0000,0.0000,NaN,NaN,NaN,NaN,NaN,NaN,0.0000,0.0000,0.0000,0.0000,0.0000,0.0000,Dark,
115.4543,0.0000,0.0000,0.0000,0.0000,NaN,NaN,NaN,NaN,NaN,NaN,0.0000,0.0000,0.0000,0.0000,0.0000,0.0000,Dark,
115.6598,0.0000,0.0000,0.0000,0.0000,NaN,NaN,NaN,NaN,NaN,NaN,0.0000,0.0000,0.0000,0.0000,0.0000,0.0000,Dark,
115.8767,0.0000,0.0000,0.0000,0.0000,NaN,NaN,NaN,NaN,NaN,NaN,0.0000,0.0000,0.0000,0.0000,0.0000,0.0000,Dark,
116.0872,0.0000,0.0000,0.0000,0.0000,NaN,NaN,NaN,NaN,NaN,NaN,0.0000,0.0000,0.0000,0.0000,0.0000,0.0000,Dark,
116.2982,0.0000,0.0000,0.0000,0.0000,NaN,NaN,NaN,NaN,NaN,NaN,0.0000,0.0000,0.0000,0.0000,0.0000,0.0000,Dark,
116.5149,0.0000,0.0000,0.0000,0.0000,NaN,NaN,NaN,NaN,NaN,NaN,0.0000,0.0000,0.0000,0.0000,0.0000,0.0000,Dark,
116.7249,0.0000,0.0000,0.0000,0.0000,NaN,NaN,NaN,NaN,NaN,NaN,0.0000,0.0000,0.0000,0.0000,0.0000,0.0000,Dark,
116.9301,0.0000,0.0000,0.0000,0.0000,NaN,NaN,NaN,NaN,NaN,NaN,0.0000,0.0000,0.0000,0.0000,0.0000,0.0000,Dark,
117.1410,0.0000,0.0000,0.0000,0.0000,NaN,NaN,NaN,NaN,NaN,NaN,0.0000,0.0000,0.0000,0.0000,0.0000,0.0000,Dark,
117.3565,0.0000,0.0000,0.0000,0.0000,NaN,NaN,NaN,NaN,NaN,NaN,0.0000,0.0000,0.0000,0.0000,0.0000,0.0000,Dark,
117.5674,0.0000,0.0000,0.0000,0.0000,NaN,NaN,NaN,NaN,NaN,NaN,0.0000,0.0000,0.0000,0.0000,0.0000,0.0000,Dark,
117.7721,0.0000,0.0000,0.0000,0.0000,NaN,NaN,NaN,NaN,NaN,NaN,0.0000,0.0000,0.0000,0.0000,0.0000,0.0000,Dark,
117.9836,0.0000,0.0000,0.0000,0.0000,NaN,NaN,NaN,NaN,NaN,NaN,0.0000,0.0000,0.0000,0.0000,0.0000,0.0000,Dark,
118.1938,0.0000,0.0000,0.0000,0.0000,NaN,NaN,NaN,NaN,NaN,NaN,0.0000,0.0000,0.0000,0.0000,0.0000,0.0000,Dark,
118.4091,0.0000,0.0000,0.0000,0.0000,NaN,NaN,NaN,NaN,NaN,NaN,0.0000,0.0000,0.0000,0.0000,0.0000,0.0000,Dark,
118.6210,0.0000,0.0000,0.0000,0.0000,NaN,NaN,NaN,NaN,NaN,NaN,0.0000,0.0000,0.0000,0.0000,0.0000,0.0000,Dark,
118.8300,0.0000,0.0000,0.0000,0.0000,NaN,NaN,NaN,NaN,NaN,NaN,0.0000,0.0000,0.0000,0.0000,0.0000,0.0000,Dark,
119.0360,0.0000,0.0000,0.0000,0.0000,NaN,NaN,NaN,NaN,NaN,NaN,0.0000,0.0000,0.0000,0.0000,0.0000,0.0000,Dark,
119.2470,0.0000,0.0000,0.0000,0.0000,NaN,NaN,NaN,NaN,NaN,NaN,0.0000,0.0000,0.0000,0.0000,0.0000,0.0000,Dark,
119.4570,0.0000,0.0000,0.0000,0.0000,NaN,NaN,NaN,NaN,NaN,NaN,0.0000,0.0000,0.0000,0.0000,0.0000,0.0000,Dark,
119.6667,0.0000,0.0000,0.0000,0.0000,NaN,NaN,NaN,NaN,NaN,NaN,0.0000,0.0000,0.0000,0.0000,0.0000,0.0000,Dark,
119.8772,0.0000,0.0000,0.0000,0.0000,NaN,NaN,NaN,NaN,NaN,NaN,0.0000,0.0000,0.0000,0.0000,0.0000,0.0000,Dark,
120.0874,0.0000,0.0000,0.0000,0.0000,NaN,NaN,NaN,NaN,NaN,NaN,0.0000,0.0000,0.0000,0.0000,0.0000,0.0000,Dark,
120.2937,0.0000,0.0000,0.0000,0.0000,NaN,NaN,NaN,NaN,NaN,NaN,0.0000,0.0000,0.0000,0.0000,0.0000,0.0000,Dark,
120.4945,0.0000,0.0000,0.0000,0.0000,NaN,NaN,NaN,NaN,NaN,NaN,0.0000,0.0000,0.0000,0.0000,0.0000,0.0000,Dark,
120.7044,0.0000,0.0000,0.0000,0.0000,NaN,NaN,NaN,NaN,NaN,NaN,0.0000,0.0000,0.0000,0.0000,0.0000,0.0000,Dark,
120.9252,0.0000,0.0000,0.0000,0.0000,NaN,NaN,NaN,NaN,NaN,NaN,0.0000,0.0000,0.0000,0.0000,0.0000,0.0000,Dark,
121.1260,0.0000,0.0000,0.0000,0.0000,NaN,NaN,NaN,NaN,NaN,NaN,0.0000,0.0000,0.0000,0.0000,0.0000,0.0000,Dark,
121.3365,0.0000,0.0000,0.0000,0.0000,NaN,NaN,NaN,NaN,NaN,NaN,0.0000,0.0000,0.0000,0.0000,0.0000,0.0000,Dark,
121.5473,0.0000,0.0000,0.0000,0.0000,NaN,NaN,NaN,NaN,NaN,NaN,0.0000,0.0000,0.0000,0.0000,0.0000,0.0000,Dark,
121.7567,0.0000,0.0000,0.0000,0.0000,NaN,NaN,NaN,NaN,NaN,NaN,0.0000,0.0000,0.0000,0.0000,0.0000,0.0000,Dark,
121.9797,0.0000,0.0000,0.0000,0.0000,NaN,NaN,NaN,NaN,NaN,NaN,0.0000,0.0000,0.0000,0.0000,0.0000,0.0000,Dark,
122.1792,0.0000,0.0000,0.0000,0.0000,NaN,NaN,NaN,NaN,NaN,NaN,0.0000,0.0000,0.0000,0.0000,0.0000,0.0000,Dark,
122.3892,0.0000,0.0000,0.0000,0.0000,NaN,NaN,NaN,NaN,NaN,NaN,0.0000,0.0000,0.0000,0.0000,0.0000,0.0000,Dark,
122.5993,0.0000,0.0000,0.0000,0.0000,NaN,NaN,NaN,NaN,NaN,NaN,0.0000,0.0000,0.0000,0.0000,0.0000,0.0000,Dark,
122.8043,0.0000,0.0000,0.0000,0.0000,NaN,NaN,NaN,NaN,NaN,NaN,0.0000,0.0000,0.0000,0.0000,0.0000,0.0000,Dark,
123.0369,0.0000,0.0000,0.0000,0.0000,NaN,NaN,NaN,NaN,NaN,NaN,0.0000,0.0000,0.0000,0.0000,0.0000,0.0000,Dark,
123.2368,0.0000,0.0000,0.0000,0.0000,NaN,NaN,NaN,NaN,NaN,NaN,0.0000,0.0000,0.0000,0.0000,0.0000,0.0000,Dark,
123.4423,0.0000,0.0000,0.0000,0.0000,NaN,NaN,NaN,NaN,NaN,NaN,0.0000,0.0000,0.0000,0.0000,0.0000,0.0000,Dark,
123.6536,0.0000,0.0000,0.0000,0.0000,NaN,NaN,NaN,NaN,NaN,NaN,0.0000,0.0000,0.0000,0.0000,0.0000,0.0000,Dark,
123.8628,0.0000,0.0000,0.0000,0.0000,NaN,NaN,NaN,NaN,NaN,NaN,0.0000,0.0000,0.0000,0.0000,0.0000,0.0000,Dark,
124.0735,0.0000,0.0000,0.0000,0.0000,NaN,NaN,NaN,NaN,NaN,NaN,0.0000,0.0000,0.0000,0.0000,0.0000,0.0000,Dark,
124.2851,0.0000,0.0000,0.0000,0.0000,NaN,NaN,NaN,NaN,NaN,NaN,0.0000,0.0000,0.0000,0.0000,0.0000,0.0000,Dark,
124.4944,0.0000,0.0000,0.0000,0.0000,NaN,NaN,NaN,NaN,NaN,NaN,0.0000,0.0000,0.0000,0.0000,0.0000,0.0000,Dark,
124.7049,0.0000,0.0000,0.0000,0.0000,NaN,NaN,NaN,NaN,NaN,NaN,0.0000,0.0000,0.0000,0.0000,0.0000,0.0000,Dark,
124.9110,0.0000,0.0000,0.0000,0.0000,NaN,NaN,NaN,NaN,NaN,NaN,0.0000,0.0000,0.0000,0.0000,0.0000,0.0000,Dark,
125.1316,0.0000,0.0000,0.0000,0.0000,NaN,NaN,NaN,NaN,NaN,NaN,0.0000,0.0000,0.0000,0.0000,0.0000,0.0000,Dark,
125.3428,0.0000,0.0000,0.0000,0.0000,NaN,NaN,NaN,NaN,NaN,NaN,0.0000,0.0000,0.0000,0.0000,0.0000,0.0000,Dark,
125.5525,0.0000,0.0000,0.0000,0.0000,NaN,NaN,NaN,NaN,NaN,NaN,0.0000,0.0000,0.0000,0.0000,0.0000,0.0000,Dark,
125.7590,0.0000,0.0000,0.0000,0.0000,NaN,NaN,NaN,NaN,NaN,NaN,0.0000,0.0000,0.0000,0.0000,0.0000,0.0000,Dark,
125.9697,0.0000,0.0000,0.0000,0.0000,NaN,NaN,NaN,NaN,NaN,NaN,0.0000,0.0000,0.0000,0.0000,0.0000,0.0000,Dark,
126.1799,0.0000,0.0000,0.0000,0.0000,NaN,NaN,NaN,NaN,NaN,NaN,0.0000,0.0000,0.0000,0.0000,0.0000,0.0000,Dark,
126.3905,0.0000,0.0000,0.0000,0.0000,NaN,NaN,NaN,NaN,NaN,NaN,0.0000,0.0000,0.0000,0.0000,0.0000,0.0000,Dark,
126.6007,0.0000,0.0000,0.0000,0.0000,NaN,NaN,NaN,NaN,NaN,NaN,0.0000,0.0000,0.0000,0.0000,0.0000,0.0000,Dark,
126.8176,0.0000,0.0000,0.0000,0.0000,NaN,NaN,NaN,NaN,NaN,NaN,0.0000,0.0000,0.0000,0.0000,0.0000,0.0000,Dark,
127.0217,0.0000,0.0000,0.0000,0.0000,NaN,NaN,NaN,NaN,NaN,NaN,0.0000,0.0000,0.0000,0.0000,0.0000,0.0000,Dark,
127.2383,0.0000,0.0000,0.0000,0.0000,NaN,NaN,NaN,NaN,NaN,NaN,0.0000,0.0000,0.0000,0.0000,0.0000,0.0000,Dark,
127.4487,0.0000,0.0000,0.0000,0.0000,NaN,NaN,NaN,NaN,NaN,NaN,0.0000,0.0000,0.0000,0.0000,0.0000,0.0000,Dark,
127.6590,0.0000,0.0000,0.0000,0.0000,NaN,NaN,NaN,NaN,NaN,NaN,0.0000,0.0000,0.0000,0.0000,0.0000,0.0000,Dark,
127.8642,0.0000,0.0000,0.0000,0.0000,NaN,NaN,NaN,NaN,NaN,NaN,0.0000,0.0000,0.0000,0.0000,0.0000,0.0000,Dark,
128.0774,0.0000,0.0000,0.0000,0.0000,NaN,NaN,NaN,NaN,NaN,NaN,0.0000,0.0000,0.0000,0.0000,0.0000,0.0000,Dark,
128.2912,0.0000,0.0000,0.0000,0.0000,NaN,NaN,NaN,NaN,NaN,NaN,0.0000,0.0000,0.0000,0.0000,0.0000,0.0000,Dark,
128.4987,0.0000,0.0000,0.0000,0.0000,NaN,NaN,NaN,NaN,NaN,NaN,0.0000,0.0000,0.0000,0.0000,0.0000,0.0000,Dark,
128.7039,0.0000,0.0000,0.0000,0.0000,NaN,NaN,NaN,NaN,NaN,NaN,0.0000,0.0000,0.0000,0.0000,0.0000,0.0000,Dark,
128.9247,0.0000,0.0000,0.0000,0.0000,NaN,NaN,NaN,NaN,NaN,NaN,0.0000,0.0000,0.0000,0.0000,0.0000,0.0000,Dark,
129.1361,0.0000,0.0000,0.0000,0.0000,NaN,NaN,NaN,NaN,NaN,NaN,0.0000,0.0000,0.0000,0.0000,0.0000,0.0000,Dark,
129.3461,0.0000,0.0000,0.0000,0.0000,NaN,NaN,NaN,NaN,NaN,NaN,0.0000,0.0000,0.0000,0.0000,0.0000,0.0000,Dark,
129.5563,0.0000,0.0000,0.0000,0.0000,NaN,NaN,NaN,NaN,NaN,NaN,0.0000,0.0000,0.0000,0.0000,0.0000,0.0000,Dark,
129.7664,0.0000,0.0000,0.0000,0.0000,NaN,NaN,NaN,NaN,NaN,NaN,0.0000,0.0000,0.0000,0.0000,0.0000,0.0000,Dark,
129.9765,0.0000,0.0000,0.0000,0.0000,NaN,NaN,NaN,NaN,NaN,NaN,0.0000,0.0000,0.0000,0.0000,0.0000,0.0000,Dark,
130.1871,0.0000,0.0000,0.0000,0.0000,NaN,NaN,NaN,NaN,NaN,NaN,0.0000,0.0000,0.0000,0.0000,0.0000,0.0000,Dark,
130.3936,0.0000,0.0000,0.0000,0.0000,NaN,NaN,NaN,NaN,NaN,NaN,0.0000,0.0000,0.0000,0.0000,0.0000,0.0000,Dark,
130.5987,0.0000,0.0000,0.0000,0.0000,NaN,NaN,NaN,NaN,NaN,NaN,0.0000,0.0000,0.0000,0.0000,0.0000,0.0000,Dark,
130.8198,0.0000,0.0000,0.0000,0.0000,NaN,NaN,NaN,NaN,NaN,NaN,0.0000,0.0000,0.0000,0.0000,0.0000,0.0000,Dark,
131.0262,0.0000,0.0000,0.0000,0.0000,NaN,NaN,NaN,NaN,NaN,NaN,0.0000,0.0000,0.0000,0.0000,0.0000,0.0000,Dark,
131.2324,0.0000,0.0000,0.0000,0.0000,NaN,NaN,NaN,NaN,NaN,NaN,0.0000,0.0000,0.0000,0.0000,0.0000,0.0000,Dark,
131.4525,0.0000,0.0000,0.0000,0.0000,NaN,NaN,NaN,NaN,NaN,NaN,0.0000,0.0000,0.0000,0.0000,0.0000,0.0000,Dark,
131.6635,0.0000,0.0000,0.0000,0.0000,NaN,NaN,NaN,NaN,NaN,NaN,0.0000,0.0000,0.0000,0.0000,0.0000,0.0000,Dark,
131.8705,0.0000,0.0000,0.0000,0.0000,NaN,NaN,NaN,NaN,NaN,NaN,0.0000,0.0000,0.0000,0.0000,0.0000,0.0000,Dark,
132.0760,0.0000,0.0000,0.0000,0.0000,NaN,NaN,NaN,NaN,NaN,NaN,0.0000,0.0000,0.0000,0.0000,0.0000,0.0000,Dark,
132.2824,0.0000,0.0000,0.0000,0.0000,NaN,NaN,NaN,NaN,NaN,NaN,0.0000,0.0000,0.0000,0.0000,0.0000,0.0000,Dark,
132.4923,0.0000,0.0000,0.0000,0.0000,NaN,NaN,NaN,NaN,NaN,NaN,0.0000,0.0000,0.0000,0.0000,0.0000,0.0000,Dark,
132.7030,0.0000,0.0000,0.0000,0.0000,NaN,NaN,NaN,NaN,NaN,NaN,0.0000,0.0000,0.0000,0.0000,0.0000,0.0000,Dark,
132.9084,0.0000,0.0000,0.0000,0.0000,NaN,NaN,NaN,NaN,NaN,NaN,0.0000,0.0000,0.0000,0.0000,0.0000,0.0000,Dark,
133.1144,0.0000,0.0000,0.0000,0.0000,NaN,NaN,NaN,NaN,NaN,NaN,0.0000,0.0000,0.0000,0.0000,0.0000,0.0000,Dark,
133.3165,0.0000,0.0000,0.0000,0.0000,NaN,NaN,NaN,NaN,NaN,NaN,0.0000,0.0000,0.0000,0.0000,0.0000,0.0000,Dark,
133.5216,0.0000,0.0000,0.0000,0.0000,NaN,NaN,NaN,NaN,NaN,NaN,0.0000,0.0000,0.0000,0.0000,0.0000,0.0000,Dark,
133.7242,0.0000,0.0000,0.0000,0.0000,NaN,NaN,NaN,NaN,NaN,NaN,0.0000,0.0000,0.0000,0.0000,0.0000,0.0000,Dark,
133.9342,0.0000,0.0000,0.0000,0.0000,NaN,NaN,NaN,NaN,NaN,NaN,0.0000,0.0000,0.0000,0.0000,0.0000,0.0000,Dark,
134.1457,0.0000,0.0000,0.0000,0.0000,NaN,NaN,NaN,NaN,NaN,NaN,0.0000,0.0000,0.0000,0.0000,0.0000,0.0000,Dark,
134.3506,0.0000,0.0000,0.0000,0.0000,NaN,NaN,NaN,NaN,NaN,NaN,0.0000,0.0000,0.0000,0.0000,0.0000,0.0000,Dark,
134.5682,0.0000,0.0000,0.0000,0.0000,NaN,NaN,NaN,NaN,NaN,NaN,0.0000,0.0000,0.0000,0.0000,0.0000,0.0000,Dark,
134.7783,0.0000,0.0000,0.0000,0.0000,NaN,NaN,NaN,NaN,NaN,NaN,0.0000,0.0000,0.0000,0.0000,0.0000,0.0000,Dark,
134.9896,0.0000,0.0000,0.0000,0.0000,NaN,NaN,NaN,NaN,NaN,NaN,0.0000,0.0000,0.0000,0.0000,0.0000,0.0000,Dark,
135.1992,0.0000,0.0000,0.0000,0.0000,NaN,NaN,NaN,NaN,NaN,NaN,0.0000,0.0000,0.0000,0.0000,0.0000,0.0000,Dark,
135.4094,0.0000,0.0000,0.0000,0.0000,NaN,NaN,NaN,NaN,NaN,NaN,0.0000,0.0000,0.0000,0.0000,0.0000,0.0000,Dark,
135.6197,0.0000,0.0000,0.0000,0.0000,NaN,NaN,NaN,NaN,NaN,NaN,0.0000,0.0000,0.0000,0.0000,0.0000,0.0000,Dark,
135.8337,0.0000,0.0000,0.0000,0.0000,NaN,NaN,NaN,NaN,NaN,NaN,0.0000,0.0000,0.0000,0.0000,0.0000,0.0000,Dark,
136.0458,0.0000,0.0000,0.0000,0.0000,NaN,NaN,NaN,NaN,NaN,NaN,0.0000,0.0000,0.0000,0.0000,0.0000,0.0000,Dark,
136.2567,0.0000,0.0000,0.0000,0.0000,NaN,NaN,NaN,NaN,NaN,NaN,0.0000,0.0000,0.0000,0.0000,0.0000,0.0000,Dark,
136.4673,0.0000,0.0000,0.0000,0.0000,NaN,NaN,NaN,NaN,NaN,NaN,0.0000,0.0000,0.0000,0.0000,0.0000,0.0000,Dark,
136.6778,0.0000,0.0000,0.0000,0.0000,NaN,NaN,NaN,NaN,NaN,NaN,0.0000,0.0000,0.0000,0.0000,0.0000,0.0000,Dark,
136.8886,0.0000,0.0000,0.0000,0.0000,NaN,NaN,NaN,NaN,NaN,NaN,0.0000,0.0000,0.0000,0.0000,0.0000,0.0000,Dark,
137.0993,0.0000,0.0000,0.0000,0.0000,NaN,NaN,NaN,NaN,NaN,NaN,0.0000,0.0000,0.0000,0.0000,0.0000,0.0000,Dark,
137.3095,0.0000,0.0000,0.0000,0.0000,NaN,NaN,NaN,NaN,NaN,NaN,0.0000,0.0000,0.0000,0.0000,0.0000,0.0000,Dark,
137.5167,0.0000,0.0000,0.0000,0.0000,NaN,NaN,NaN,NaN,NaN,NaN,0.0000,0.0000,0.0000,0.0000,0.0000,0.0000,Dark,
137.7276,0.0000,0.0000,0.0000,0.0000,NaN,NaN,NaN,NaN,NaN,NaN,0.0000,0.0000,0.0000,0.0000,0.0000,0.0000,Dark,
137.9433,0.0000,0.0000,0.0000,0.0000,NaN,NaN,NaN,NaN,NaN,NaN,0.0000,0.0000,0.0000,0.0000,0.0000,0.0000,Dark,
138.1488,0.0000,0.0000,0.0000,0.0000,NaN,NaN,NaN,NaN,NaN,NaN,0.0000,0.0000,0.0000,0.0000,0.0000,0.0000,Dark,
138.3593,0.0000,0.0000,0.0000,0.0000,NaN,NaN,NaN,NaN,NaN,NaN,0.0000,0.0000,0.0000,0.0000,0.0000,0.0000,Dark,
138.5754,0.0000,0.0000,0.0000,0.0000,NaN,NaN,NaN,NaN,NaN,NaN,0.0000,0.0000,0.0000,0.0000,0.0000,0.0000,Dark,
138.7863,0.0000,0.0000,0.0000,0.0000,NaN,NaN,NaN,NaN,NaN,NaN,0.0000,0.0000,0.0000,0.0000,0.0000,0.0000,Dark,
138.9967,0.0000,0.0000,0.0000,0.0000,NaN,NaN,NaN,NaN,NaN,NaN,0.0000,0.0000,0.0000,0.0000,0.0000,0.0000,Dark,
139.2065,0.0000,0.0000,0.0000,0.0000,NaN,NaN,NaN,NaN,NaN,NaN,0.0000,0.0000,0.0000,0.0000,0.0000,0.0000,Dark,
139.4175,0.0000,0.0000,0.0000,0.0000,NaN,NaN,NaN,NaN,NaN,NaN,0.0000,0.0000,0.0000,0.0000,0.0000,0.0000,Dark,
139.6331,0.0000,0.0000,0.0000,0.0000,NaN,NaN,NaN,NaN,NaN,NaN,0.0000,0.0000,0.0000,0.0000,0.0000,0.0000,Dark,
139.8280,0.0000,0.0000,0.0000,0.0000,NaN,NaN,NaN,NaN,NaN,NaN,0.0000,0.0000,0.0000,0.0000,0.0000,0.0000,Dark,
140.0350,0.0000,0.0000,0.0000,0.0000,NaN,NaN,NaN,NaN,NaN,NaN,0.0000,0.0000,0.0000,0.0000,0.0000,0.0000,Dark,
140.2456,0.0000,0.0000,0.0000,0.0000,NaN,NaN,NaN,NaN,NaN,NaN,0.0000,0.0000,0.0000,0.0000,0.0000,0.0000,Dark,
140.4558,0.0000,0.0000,0.0000,0.0000,NaN,NaN,NaN,NaN,NaN,NaN,0.0000,0.0000,0.0000,0.0000,0.0000,0.0000,Dark,
140.6619,0.0000,0.0000,0.0000,0.0000,NaN,NaN,NaN,NaN,NaN,NaN,0.0000,0.0000,0.0000,0.0000,0.0000,0.0000,Dark,
140.8721,0.0000,0.0000,0.0000,0.0000,NaN,NaN,NaN,NaN,NaN,NaN,0.0000,0.0000,0.0000,0.0000,0.0000,0.0000,Dark,
141.0830,0.0000,0.0000,0.0000,0.0000,NaN,NaN,NaN,NaN,NaN,NaN,0.0000,0.0000,0.0000,0.0000,0.0000,0.0000,Dark,
141.2937,0.0000,0.0000,0.0000,0.0000,NaN,NaN,NaN,NaN,NaN,NaN,0.0000,0.0000,0.0000,0.0000,0.0000,0.0000,Dark,
141.5044,0.0000,0.0000,0.0000,0.0000,NaN,NaN,NaN,NaN,NaN,NaN,0.0000,0.0000,0.0000,0.0000,0.0000,0.0000,Dark,
141.7152,0.0000,0.0000,0.0000,0.0000,NaN,NaN,NaN,NaN,NaN,NaN,0.0000,0.0000,0.0000,0.0000,0.0000,0.0000,Dark,
141.9207,0.0000,0.0000,0.0000,0.0000,NaN,NaN,NaN,NaN,NaN,NaN,0.0000,0.0000,0.0000,0.0000,0.0000,0.0000,Dark,
142.1378,0.0000,0.0000,0.0000,0.0000,NaN,NaN,NaN,NaN,NaN,NaN,0.0000,0.0000,0.0000,0.0000,0.0000,0.0000,Dark,
142.3480,0.0000,0.0000,0.0000,0.0000,NaN,NaN,NaN,NaN,NaN,NaN,0.0000,0.0000,0.0000,0.0000,0.0000,0.0000,Dark,
142.5579,0.0000,0.0000,0.0000,0.0000,NaN,NaN,NaN,NaN,NaN,NaN,0.0000,0.0000,0.0000,0.0000,0.0000,0.0000,Dark,
142.7686,0.0000,0.0000,0.0000,0.0000,NaN,NaN,NaN,NaN,NaN,NaN,0.0000,0.0000,0.0000,0.0000,0.0000,0.0000,Dark,
142.9789,0.0000,0.0000,0.0000,0.0000,NaN,NaN,NaN,NaN,NaN,NaN,0.0000,0.0000,0.0000,0.0000,0.0000,0.0000,Dark,
143.1893,0.0000,0.0000,0.0000,0.0000,NaN,NaN,NaN,NaN,NaN,NaN,0.0000,0.0000,0.0000,0.0000,0.0000,0.0000,Dark,
143.3944,0.0000,0.0000,0.0000,0.0000,NaN,NaN,NaN,NaN,NaN,NaN,0.0000,0.0000,0.0000,0.0000,0.0000,0.0000,Dark,
143.6124,0.0000,0.0000,0.0000,0.0000,NaN,NaN,NaN,NaN,NaN,NaN,0.0000,0.0000,0.0000,0.0000,0.0000,0.0000,Dark,
143.8232,0.0000,0.0000,0.0000,0.0000,NaN,NaN,NaN,NaN,NaN,NaN,0.0000,0.0000,0.0000,0.0000,0.0000,0.0000,Dark,
144.0340,0.0000,0.0000,0.0000,0.0000,NaN,NaN,NaN,NaN,NaN,NaN,0.0000,0.0000,0.0000,0.0000,0.0000,0.0000,Dark,
144.2444,0.0000,0.0000,0.0000,0.0000,NaN,NaN,NaN,NaN,NaN,NaN,0.0000,0.0000,0.0000,0.0000,0.0000,0.0000,Dark,
144.4550,0.0000,0.0000,0.0000,0.0000,NaN,NaN,NaN,NaN,NaN,NaN,0.0000,0.0000,0.0000,0.0000,0.0000,0.0000,Dark,
144.6659,0.0000,0.0000,0.0000,0.0000,NaN,NaN,NaN,NaN,NaN,NaN,0.0000,0.0000,0.0000,0.0000,0.0000,0.0000,Dark,
144.8770,0.0000,0.0000,0.0000,0.0000,NaN,NaN,NaN,NaN,NaN,NaN,0.0000,0.0000,0.0000,0.0000,0.0000,0.0000,Dark,
145.0874,0.0000,0.0000,0.0000,0.0000,NaN,NaN,NaN,NaN,NaN,NaN,0.0000,0.0000,0.0000,0.0000,0.0000,0.0000,Dark,
145.2982,0.0000,0.0000,0.0000,0.0000,NaN,NaN,NaN,NaN,NaN,NaN,0.0000,0.0000,0.0000,0.0000,0.0000,0.0000,Dark,
145.5077,0.0000,0.0000,0.0000,0.0000,NaN,NaN,NaN,NaN,NaN,NaN,0.0000,0.0000,0.0000,0.0000,0.0000,0.0000,Dark,
145.7180,0.0000,0.0000,0.0000,0.0000,NaN,NaN,NaN,NaN,NaN,NaN,0.0000,0.0000,0.0000,0.0000,0.0000,0.0000,Dark,
145.9299,0.0000,0.0000,0.0000,0.0000,NaN,NaN,NaN,NaN,NaN,NaN,0.0000,0.0000,0.0000,0.0000,0.0000,0.0000,Dark,
146.1407,0.0000,0.0000,0.0000,0.0000,NaN,NaN,NaN,NaN,NaN,NaN,0.0000,0.0000,0.0000,0.0000,0.0000,0.0000,Dark,
146.3483,0.0000,0.0000,0.0000,0.0000,NaN,NaN,NaN,NaN,NaN,NaN,0.0000,0.0000,0.0000,0.0000,0.0000,0.0000,Dark,
146.5638,0.0000,0.0000,0.0000,0.0000,NaN,NaN,NaN,NaN,NaN,NaN,0.0000,0.0000,0.0000,0.0000,0.0000,0.0000,Dark,
146.7694,0.0000,0.0000,0.0000,0.0000,NaN,NaN,NaN,NaN,NaN,NaN,0.0000,0.0000,0.0000,0.0000,0.0000,0.0000,Dark,
146.9906,0.0000,0.0000,0.0000,0.0000,NaN,NaN,NaN,NaN,NaN,NaN,0.0000,0.0000,0.0000,0.0000,0.0000,0.0000,Dark,
147.2011,0.0000,0.0000,0.0000,0.0000,NaN,NaN,NaN,NaN,NaN,NaN,0.0000,0.0000,0.0000,0.0000,0.0000,0.0000,Dark,
147.4120,0.0000,0.0000,0.0000,0.0000,NaN,NaN,NaN,NaN,NaN,NaN,0.0000,0.0000,0.0000,0.0000,0.0000,0.0000,Dark,
147.6180,0.0000,0.0000,0.0000,0.0000,NaN,NaN,NaN,NaN,NaN,NaN,0.0000,0.0000,0.0000,0.0000,0.0000,0.0000,Dark,
147.8280,0.0000,0.0000,0.0000,0.0000,NaN,NaN,NaN,NaN,NaN,NaN,0.0000,0.0000,0.0000,0.0000,0.0000,0.0000,Dark,
148.0383,0.0000,0.0000,0.0000,0.0000,NaN,NaN,NaN,NaN,NaN,NaN,0.0000,0.0000,0.0000,0.0000,0.0000,0.0000,Dark,
148.2495,0.0000,0.0000,0.0000,0.0000,NaN,NaN,NaN,NaN,NaN,NaN,0.0000,0.0000,0.0000,0.0000,0.0000,0.0000,Dark,
148.4602,0.0000,0.0000,0.0000,0.0000,NaN,NaN,NaN,NaN,NaN,NaN,0.0000,0.0000,0.0000,0.0000,0.0000,0.0000,Dark,
148.6705,0.0000,0.0000,0.0000,0.0000,NaN,NaN,NaN,NaN,NaN,NaN,0.0000,0.0000,0.0000,0.0000,0.0000,0.0000,Dark,
148.8817,0.0000,0.0000,0.0000,0.0000,NaN,NaN,NaN,NaN,NaN,NaN,0.0000,0.0000,0.0000,0.0000,0.0000,0.0000,Dark,
149.0907,0.0000,0.0000,0.0000,0.0000,NaN,NaN,NaN,NaN,NaN,NaN,0.0000,0.0000,0.0000,0.0000,0.0000,0.0000,Dark,
149.2972,0.0000,0.0000,0.0000,0.0000,NaN,NaN,NaN,NaN,NaN,NaN,0.0000,0.0000,0.0000,0.0000,0.0000,0.0000,Dark,
149.4992,0.0000,0.0000,0.0000,0.0000,NaN,NaN,NaN,NaN,NaN,NaN,0.0000,0.0000,0.0000,0.0000,0.0000,0.0000,Dark,
149.7107,0.0000,0.0000,0.0000,0.0000,NaN,NaN,NaN,NaN,NaN,NaN,0.0000,0.0000,0.0000,0.0000,0.0000,0.0000,Dark,
149.9202,0.0000,0.0000,0.0000,0.0000,NaN,NaN,NaN,NaN,NaN,NaN,0.0000,0.0000,0.0000,0.0000,0.0000,0.0000,Dark,
150.1310,0.0000,0.0000,0.0000,0.0000,NaN,NaN,NaN,NaN,NaN,NaN,0.0000,0.0000,0.0000,0.0000,0.0000,0.0000,Dark,
150.3489,0.0000,0.0000,0.0000,0.0000,NaN,NaN,NaN,NaN,NaN,NaN,0.0000,0.0000,0.0000,0.0000,0.0000,0.0000,Dark,
150.5538,0.0000,0.0000,0.0000,0.0000,NaN,NaN,NaN,NaN,NaN,NaN,0.0000,0.0000,0.0000,0.0000,0.0000,0.0000,Dark,
150.7692,0.0000,0.0000,0.0000,0.0000,NaN,NaN,NaN,NaN,NaN,NaN,0.0000,0.0000,0.0000,0.0000,0.0000,0.0000,Dark,
150.9792,0.0000,0.0000,0.0000,0.0000,NaN,NaN,NaN,NaN,NaN,NaN,0.0000,0.0000,0.0000,0.0000,0.0000,0.0000,Dark,
151.1863,0.0000,0.0000,0.0000,0.0000,NaN,NaN,NaN,NaN,NaN,NaN,0.0000,0.0000,0.0000,0.0000,0.0000,0.0000,Dark,
151.3911,0.0000,0.0000,0.0000,0.0000,NaN,NaN,NaN,NaN,NaN,NaN,0.0000,0.0000,0.0000,0.0000,0.0000,0.0000,Dark,
151.5932,0.0000,0.0000,0.0000,0.0000,NaN,NaN,NaN,NaN,NaN,NaN,0.0000,0.0000,0.0000,0.0000,0.0000,0.0000,Dark,
151.8039,0.0000,0.0000,0.0000,0.0000,NaN,NaN,NaN,NaN,NaN,NaN,0.0000,0.0000,0.0000,0.0000,0.0000,0.0000,Dark,
152.0139,0.0000,0.0000,0.0000,0.0000,NaN,NaN,NaN,NaN,NaN,NaN,0.0000,0.0000,0.0000,0.0000,0.0000,0.0000,Dark,
152.2244,0.0000,0.0000,0.0000,0.0000,NaN,NaN,NaN,NaN,NaN,NaN,0.0000,0.0000,0.0000,0.0000,0.0000,0.0000,Dark,
152.4345,0.0000,0.0000,0.0000,0.0000,NaN,NaN,NaN,NaN,NaN,NaN,0.0000,0.0000,0.0000,0.0000,0.0000,0.0000,Dark,
152.6452,0.0000,0.0000,0.0000,0.0000,NaN,NaN,NaN,NaN,NaN,NaN,0.0000,0.0000,0.0000,0.0000,0.0000,0.0000,Dark,
152.8556,0.0000,0.0000,0.0000,0.0000,NaN,NaN,NaN,NaN,NaN,NaN,0.0000,0.0000,0.0000,0.0000,0.0000,0.0000,Dark,
153.0671,0.0000,0.0000,0.0000,0.0000,NaN,NaN,NaN,NaN,NaN,NaN,0.0000,0.0000,0.0000,0.0000,0.0000,0.0000,Dark,
153.2892,0.0000,0.0000,0.0000,0.0000,NaN,NaN,NaN,NaN,NaN,NaN,0.0000,0.0000,0.0000,0.0000,0.0000,0.0000,Dark,
153.4895,0.0000,0.0000,0.0000,0.0000,NaN,NaN,NaN,NaN,NaN,NaN,0.0000,0.0000,0.0000,0.0000,0.0000,0.0000,Dark,
153.6996,0.0000,0.0000,0.0000,0.0000,NaN,NaN,NaN,NaN,NaN,NaN,0.0000,0.0000,0.0000,0.0000,0.0000,0.0000,Dark,
153.9113,0.0000,0.0000,0.0000,0.0000,NaN,NaN,NaN,NaN,NaN,NaN,0.0000,0.0000,0.0000,0.0000,0.0000,0.0000,Dark,
154.1263,0.0000,0.0000,0.0000,0.0000,NaN,NaN,NaN,NaN,NaN,NaN,0.0000,0.0000,0.0000,0.0000,0.0000,0.0000,Dark,
154.3316,0.0000,0.0000,0.0000,0.0000,NaN,NaN,NaN,NaN,NaN,NaN,0.0000,0.0000,0.0000,0.0000,0.0000,0.0000,Dark,
154.5419,0.0000,0.0000,0.0000,0.0000,NaN,NaN,NaN,NaN,NaN,NaN,0.0000,0.0000,0.0000,0.0000,0.0000,0.0000,Dark,
154.7526,0.0000,0.0000,0.0000,0.0000,NaN,NaN,NaN,NaN,NaN,NaN,0.0000,0.0000,0.0000,0.0000,0.0000,0.0000,Dark,
154.9695,0.0000,0.0000,0.0000,0.0000,NaN,NaN,NaN,NaN,NaN,NaN,0.0000,0.0000,0.0000,0.0000,0.0000,0.0000,Dark,
155.1731,0.0000,0.0000,0.0000,0.0000,NaN,NaN,NaN,NaN,NaN,NaN,0.0000,0.0000,0.0000,0.0000,0.0000,0.0000,Dark,
155.3844,0.0000,0.0000,0.0000,0.0000,NaN,NaN,NaN,NaN,NaN,NaN,0.0000,0.0000,0.0000,0.0000,0.0000,0.0000,Dark,
155.5912,0.0000,0.0000,0.0000,0.0000,NaN,NaN,NaN,NaN,NaN,NaN,0.0000,0.0000,0.0000,0.0000,0.0000,0.0000,Dark,
155.8077,0.0000,0.0000,0.0000,0.0000,NaN,NaN,NaN,NaN,NaN,NaN,0.0000,0.0000,0.0000,0.0000,0.0000,0.0000,Dark,
156.0191,0.0000,0.0000,0.0000,0.0000,NaN,NaN,NaN,NaN,NaN,NaN,0.0000,0.0000,0.0000,0.0000,0.0000,0.0000,Dark,
156.2251,0.0000,0.0000,0.0000,0.0000,NaN,NaN,NaN,NaN,NaN,NaN,0.0000,0.0000,0.0000,0.0000,0.0000,0.0000,Dark,
156.4258,0.0000,0.0000,0.0000,0.0000,NaN,NaN,NaN,NaN,NaN,NaN,0.0000,0.0000,0.0000,0.0000,0.0000,0.0000,Dark,
156.6309,0.0000,0.0000,0.0000,0.0000,NaN,NaN,NaN,NaN,NaN,NaN,0.0000,0.0000,0.0000,0.0000,0.0000,0.0000,Dark,
156.8479,0.0000,0.0000,0.0000,0.0000,NaN,NaN,NaN,NaN,NaN,NaN,0.0000,0.0000,0.0000,0.0000,0.0000,0.0000,Dark,
157.0541,0.0000,0.0000,0.0000,0.0000,NaN,NaN,NaN,NaN,NaN,NaN,0.0000,0.0000,0.0000,0.0000,0.0000,0.0000,Dark,
157.2593,0.0000,0.0000,0.0000,0.0000,NaN,NaN,NaN,NaN,NaN,NaN,0.0000,0.0000,0.0000,0.0000,0.0000,0.0000,Dark,
157.4689,0.0000,0.0000,0.0000,0.0000,NaN,NaN,NaN,NaN,NaN,NaN,0.0000,0.0000,0.0000,0.0000,0.0000,0.0000,Dark,
157.6798,0.0000,0.0000,0.0000,0.0000,NaN,NaN,NaN,NaN,NaN,NaN,0.0000,0.0000,0.0000,0.0000,0.0000,0.0000,Dark,
157.8866,0.0000,0.0000,0.0000,0.0000,NaN,NaN,NaN,NaN,NaN,NaN,0.0000,0.0000,0.0000,0.0000,0.0000,0.0000,Dark,
158.0961,0.0000,0.0000,0.0000,0.0000,NaN,NaN,NaN,NaN,NaN,NaN,0.0000,0.0000,0.0000,0.0000,0.0000,0.0000,Dark,
158.3072,0.0000,0.0000,0.0000,0.0000,NaN,NaN,NaN,NaN,NaN,NaN,0.0000,0.0000,0.0000,0.0000,0.0000,0.0000,Dark,
158.5174,0.0000,0.0000,0.0000,0.0000,NaN,NaN,NaN,NaN,NaN,NaN,0.0000,0.0000,0.0000,0.0000,0.0000,0.0000,Dark,
158.7287,0.0000,0.0000,0.0000,0.0000,NaN,NaN,NaN,NaN,NaN,NaN,0.0000,0.0000,0.0000,0.0000,0.0000,0.0000,Dark,
158.9387,0.0000,0.0000,0.0000,0.0000,NaN,NaN,NaN,NaN,NaN,NaN,0.0000,0.0000,0.0000,0.0000,0.0000,0.0000,Dark,
159.1569,0.0000,0.0000,0.0000,0.0000,NaN,NaN,NaN,NaN,NaN,NaN,0.0000,0.0000,0.0000,0.0000,0.0000,0.0000,Dark,
159.3507,0.0000,0.0000,0.0000,0.0000,NaN,NaN,NaN,NaN,NaN,NaN,0.0000,0.0000,0.0000,0.0000,0.0000,0.0000,Dark,
159.5607,0.0000,0.0000,0.0000,0.0000,NaN,NaN,NaN,NaN,NaN,NaN,0.0000,0.0000,0.0000,0.0000,0.0000,0.0000,Dark,
159.7672,0.0000,0.0000,0.0000,0.0000,NaN,NaN,NaN,NaN,NaN,NaN,0.0000,0.0000,0.0000,0.0000,0.0000,0.0000,Dark,
159.9729,0.0000,0.0000,0.0000,0.0000,NaN,NaN,NaN,NaN,NaN,NaN,0.0000,0.0000,0.0000,0.0000,0.0000,0.0000,Dark,
160.1796,0.0000,0.0000,0.0000,0.0000,NaN,NaN,NaN,NaN,NaN,NaN,0.0000,0.0000,0.0000,0.0000,0.0000,0.0000,Dark,
160.3892,0.0000,0.0000,0.0000,0.0000,NaN,NaN,NaN,NaN,NaN,NaN,0.0000,0.0000,0.0000,0.0000,0.0000,0.0000,Dark,
160.5999,0.0000,0.0000,0.0000,0.0000,NaN,NaN,NaN,NaN,NaN,NaN,0.0000,0.0000,0.0000,0.0000,0.0000,0.0000,Dark,
160.8105,0.0000,0.0000,0.0000,0.0000,NaN,NaN,NaN,NaN,NaN,NaN,0.0000,0.0000,0.0000,0.0000,0.0000,0.0000,Dark,
161.0204,0.0000,0.0000,0.0000,0.0000,NaN,NaN,NaN,NaN,NaN,NaN,0.0000,0.0000,0.0000,0.0000,0.0000,0.0000,Dark,
161.2303,0.0000,0.0000,0.0000,0.0000,NaN,NaN,NaN,NaN,NaN,NaN,0.0000,0.0000,0.0000,0.0000,0.0000,0.0000,Dark,
161.4411,0.0000,0.0000,0.0000,0.0000,NaN,NaN,NaN,NaN,NaN,NaN,0.0000,0.0000,0.0000,0.0000,0.0000,0.0000,Dark,
161.6509,0.0000,0.0000,0.0000,0.0000,NaN,NaN,NaN,NaN,NaN,NaN,0.0000,0.0000,0.0000,0.0000,0.0000,0.0000,Dark,
161.8571,0.0000,0.0000,0.0000,0.0000,NaN,NaN,NaN,NaN,NaN,NaN,0.0000,0.0000,0.0000,0.0000,0.0000,0.0000,Dark,
162.0628,0.0000,0.0000,0.0000,0.0000,NaN,NaN,NaN,NaN,NaN,NaN,0.0000,0.0000,0.0000,0.0000,0.0000,0.0000,Dark,
162.2808,0.0000,0.0000,0.0000,0.0000,NaN,NaN,NaN,NaN,NaN,NaN,0.0000,0.0000,0.0000,0.0000,0.0000,0.0000,Dark,
162.4857,0.0000,0.0000,0.0000,0.0000,NaN,NaN,NaN,NaN,NaN,NaN,0.0000,0.0000,0.0000,0.0000,0.0000,0.0000,Dark,
162.7062,0.0000,0.0000,0.0000,0.0000,NaN,NaN,NaN,NaN,NaN,NaN,0.0000,0.0000,0.0000,0.0000,0.0000,0.0000,Dark,
162.9172,0.0000,0.0000,0.0000,0.0000,NaN,NaN,NaN,NaN,NaN,NaN,0.0000,0.0000,0.0000,0.0000,0.0000,0.0000,Dark,
163.1407,0.0000,0.0000,0.0000,0.0000,NaN,NaN,NaN,NaN,NaN,NaN,0.0000,0.0000,0.0000,0.0000,0.0000,0.0000,Dark,
163.3331,0.0000,0.0000,0.0000,0.0000,NaN,NaN,NaN,NaN,NaN,NaN,0.0000,0.0000,0.0000,0.0000,0.0000,0.0000,Dark,
163.5387,0.0000,0.0000,0.0000,0.0000,NaN,NaN,NaN,NaN,NaN,NaN,0.0000,0.0000,0.0000,0.0000,0.0000,0.0000,Dark,
163.7601,0.0000,0.0000,0.0000,0.0000,NaN,NaN,NaN,NaN,NaN,NaN,0.0000,0.0000,0.0000,0.0000,0.0000,0.0000,Dark,
163.9664,0.0000,0.0000,0.0000,0.0000,NaN,NaN,NaN,NaN,NaN,NaN,0.0000,0.0000,0.0000,0.0000,0.0000,0.0000,Dark,
164.1775,0.0000,0.0000,0.0000,0.0000,NaN,NaN,NaN,NaN,NaN,NaN,0.0000,0.0000,0.0000,0.0000,0.0000,0.0000,Dark,
164.3880,0.0000,0.0000,0.0000,0.0000,NaN,NaN,NaN,NaN,NaN,NaN,0.0000,0.0000,0.0000,0.0000,0.0000,0.0000,Dark,
164.6005,0.0000,0.0000,0.0000,0.0000,NaN,NaN,NaN,NaN,NaN,NaN,0.0000,0.0000,0.0000,0.0000,0.0000,0.0000,Dark,
164.8145,0.0000,0.0000,0.0000,0.0000,NaN,NaN,NaN,NaN,NaN,NaN,0.0000,0.0000,0.0000,0.0000,0.0000,0.0000,Dark,
165.0251,0.0000,0.0000,0.0000,0.0000,NaN,NaN,NaN,NaN,NaN,NaN,0.0000,0.0000,0.0000,0.0000,0.0000,0.0000,Dark,
165.2350,0.0000,0.0000,0.0000,0.0000,NaN,NaN,NaN,NaN,NaN,NaN,0.0000,0.0000,0.0000,0.0000,0.0000,0.0000,Dark,
165.4454,0.0000,0.0000,0.0000,0.0000,NaN,NaN,NaN,NaN,NaN,NaN,0.0000,0.0000,0.0000,0.0000,0.0000,0.0000,Dark,
165.6557,0.0000,0.0000,0.0000,0.0000,NaN,NaN,NaN,NaN,NaN,NaN,0.0000,0.0000,0.0000,0.0000,0.0000,0.0000,Dark,
165.8662,0.0000,0.0000,0.0000,0.0000,NaN,NaN,NaN,NaN,NaN,NaN,0.0000,0.0000,0.0000,0.0000,0.0000,0.0000,Dark,
166.0726,0.0000,0.0000,0.0000,0.0000,NaN,NaN,NaN,NaN,NaN,NaN,0.0000,0.0000,0.0000,0.0000,0.0000,0.0000,Dark,
166.2832,0.0000,0.0000,0.0000,0.0000,NaN,NaN,NaN,NaN,NaN,NaN,0.0000,0.0000,0.0000,0.0000,0.0000,0.0000,Dark,
166.4936,0.0000,0.0000,0.0000,0.0000,NaN,NaN,NaN,NaN,NaN,NaN,0.0000,0.0000,0.0000,0.0000,0.0000,0.0000,Dark,
166.7039,0.0000,0.0000,0.0000,0.0000,NaN,NaN,NaN,NaN,NaN,NaN,0.0000,0.0000,0.0000,0.0000,0.0000,0.0000,Dark,
166.9147,0.0000,0.0000,0.0000,0.0000,NaN,NaN,NaN,NaN,NaN,NaN,0.0000,0.0000,0.0000,0.0000,0.0000,0.0000,Dark,
167.1243,0.0000,0.0000,0.0000,0.0000,NaN,NaN,NaN,NaN,NaN,NaN,0.0000,0.0000,0.0000,0.0000,0.0000,0.0000,Dark,
167.3350,0.0000,0.0000,0.0000,0.0000,NaN,NaN,NaN,NaN,NaN,NaN,0.0000,0.0000,0.0000,0.0000,0.0000,0.0000,Dark,
167.5458,0.0000,0.0000,0.0000,0.0000,NaN,NaN,NaN,NaN,NaN,NaN,0.0000,0.0000,0.0000,0.0000,0.0000,0.0000,Dark,
167.7562,0.0000,0.0000,0.0000,0.0000,NaN,NaN,NaN,NaN,NaN,NaN,0.0000,0.0000,0.0000,0.0000,0.0000,0.0000,Dark,
167.9668,0.0000,0.0000,0.0000,0.0000,NaN,NaN,NaN,NaN,NaN,NaN,0.0000,0.0000,0.0000,0.0000,0.0000,0.0000,Dark,
168.1775,0.0000,0.0000,0.0000,0.0000,NaN,NaN,NaN,NaN,NaN,NaN,0.0000,0.0000,0.0000,0.0000,0.0000,0.0000,Dark,
168.3883,0.0000,0.0000,0.0000,0.0000,NaN,NaN,NaN,NaN,NaN,NaN,0.0000,0.0000,0.0000,0.0000,0.0000,0.0000,Dark,
168.6129,0.0000,0.0000,0.0000,0.0000,NaN,NaN,NaN,NaN,NaN,NaN,0.0000,0.0000,0.0000,0.0000,0.0000,0.0000,Dark,
168.8100,0.0000,0.0000,0.0000,0.0000,NaN,NaN,NaN,NaN,NaN,NaN,0.0000,0.0000,0.0000,0.0000,0.0000,0.0000,Dark,
169.0210,0.0000,0.0000,0.0000,0.0000,NaN,NaN,NaN,NaN,NaN,NaN,0.0000,0.0000,0.0000,0.0000,0.0000,0.0000,Dark,
169.2265,0.0000,0.0000,0.0000,0.0000,NaN,NaN,NaN,NaN,NaN,NaN,0.0000,0.0000,0.0000,0.0000,0.0000,0.0000,Dark,
169.4476,0.0000,0.0000,0.0000,0.0000,NaN,NaN,NaN,NaN,NaN,NaN,0.0000,0.0000,0.0000,0.0000,0.0000,0.0000,Dark,
169.6538,0.0000,0.0000,0.0000,0.0000,NaN,NaN,NaN,NaN,NaN,NaN,0.0000,0.0000,0.0000,0.0000,0.0000,0.0000,Dark,
169.8683,0.0000,0.0000,0.0000,0.0000,NaN,NaN,NaN,NaN,NaN,NaN,0.0000,0.0000,0.0000,0.0000,0.0000,0.0000,Dark,
170.0749,0.0000,0.0000,0.0000,0.0000,NaN,NaN,NaN,NaN,NaN,NaN,0.0000,0.0000,0.0000,0.0000,0.0000,0.0000,Dark,
170.2854,0.0000,0.0000,0.0000,0.0000,NaN,NaN,NaN,NaN,NaN,NaN,0.0000,0.0000,0.0000,0.0000,0.0000,0.0000,Dark,
170.4920,0.0000,0.0000,0.0000,0.0000,NaN,NaN,NaN,NaN,NaN,NaN,0.0000,0.0000,0.0000,0.0000,0.0000,0.0000,Dark,
170.7123,0.0000,0.0000,0.0000,0.0000,NaN,NaN,NaN,NaN,NaN,NaN,0.0000,0.0000,0.0000,0.0000,0.0000,0.0000,Dark,
170.9223,0.0000,0.0000,0.0000,0.0000,NaN,NaN,NaN,NaN,NaN,NaN,0.0000,0.0000,0.0000,0.0000,0.0000,0.0000,Dark,
171.1339,0.0000,0.0000,0.0000,0.0000,NaN,NaN,NaN,NaN,NaN,NaN,0.0000,0.0000,0.0000,0.0000,0.0000,0.0000,Dark,
171.3434,0.0000,0.0000,0.0000,0.0000,NaN,NaN,NaN,NaN,NaN,NaN,0.0000,0.0000,0.0000,0.0000,0.0000,0.0000,Dark,
171.5539,0.0000,0.0000,0.0000,0.0000,NaN,NaN,NaN,NaN,NaN,NaN,0.0000,0.0000,0.0000,0.0000,0.0000,0.0000,Dark,
171.7689,0.0000,0.0000,0.0000,0.0000,NaN,NaN,NaN,NaN,NaN,NaN,0.0000,0.0000,0.0000,0.0000,0.0000,0.0000,Dark,
171.9746,0.0000,0.0000,0.0000,0.0000,NaN,NaN,NaN,NaN,NaN,NaN,0.0000,0.0000,0.0000,0.0000,0.0000,0.0000,Dark,
172.1859,0.0000,0.0000,0.0000,0.0000,NaN,NaN,NaN,NaN,NaN,NaN,0.0000,0.0000,0.0000,0.0000,0.0000,0.0000,Dark,
172.3908,0.0000,0.0000,0.0000,0.0000,NaN,NaN,NaN,NaN,NaN,NaN,0.0000,0.0000,0.0000,0.0000,0.0000,0.0000,Dark,
172.6013,0.0000,0.0000,0.0000,0.0000,NaN,NaN,NaN,NaN,NaN,NaN,0.0000,0.0000,0.0000,0.0000,0.0000,0.0000,Dark,
172.8120,0.0000,0.0000,0.0000,0.0000,NaN,NaN,NaN,NaN,NaN,NaN,0.0000,0.0000,0.0000,0.0000,0.0000,0.0000,Dark,
173.0221,0.0000,0.0000,0.0000,0.0000,NaN,NaN,NaN,NaN,NaN,NaN,0.0000,0.0000,0.0000,0.0000,0.0000,0.0000,Dark,
173.2329,0.0000,0.0000,0.0000,0.0000,NaN,NaN,NaN,NaN,NaN,NaN,0.0000,0.0000,0.0000,0.0000,0.0000,0.0000,Dark,
173.4454,0.0000,0.0000,0.0000,0.0000,NaN,NaN,NaN,NaN,NaN,NaN,0.0000,0.0000,0.0000,0.0000,0.0000,0.0000,Dark,
173.6540,0.0000,0.0000,0.0000,0.0000,NaN,NaN,NaN,NaN,NaN,NaN,0.0000,0.0000,0.0000,0.0000,0.0000,0.0000,Dark,
173.8649,0.0000,0.0000,0.0000,0.0000,NaN,NaN,NaN,NaN,NaN,NaN,0.0000,0.0000,0.0000,0.0000,0.0000,0.0000,Dark,
174.0799,0.0000,0.0000,0.0000,0.0000,NaN,NaN,NaN,NaN,NaN,NaN,0.0000,0.0000,0.0000,0.0000,0.0000,0.0000,Dark,
174.2902,0.0000,0.0000,0.0000,0.0000,NaN,NaN,NaN,NaN,NaN,NaN,0.0000,0.0000,0.0000,0.0000,0.0000,0.0000,Dark,
174.5017,0.0000,0.0000,0.0000,0.0000,NaN,NaN,NaN,NaN,NaN,NaN,0.0000,0.0000,0.0000,0.0000,0.0000,0.0000,Dark,
174.7108,0.0000,0.0000,0.0000,0.0000,NaN,NaN,NaN,NaN,NaN,NaN,0.0000,0.0000,0.0000,0.0000,0.0000,0.0000,Dark,
174.9173,0.0000,0.0000,0.0000,0.0000,NaN,NaN,NaN,NaN,NaN,NaN,0.0000,0.0000,0.0000,0.0000,0.0000,0.0000,Dark,
175.1237,0.0000,0.0000,0.0000,0.0000,NaN,NaN,NaN,NaN,NaN,NaN,0.0000,0.0000,0.0000,0.0000,0.0000,0.0000,Dark,
175.3432,0.0000,0.0000,0.0000,0.0000,NaN,NaN,NaN,NaN,NaN,NaN,0.0000,0.0000,0.0000,0.0000,0.0000,0.0000,Dark,
175.5538,0.0000,0.0000,0.0000,0.0000,NaN,NaN,NaN,NaN,NaN,NaN,0.0000,0.0000,0.0000,0.0000,0.0000,0.0000,Dark,
175.7643,0.0000,0.0000,0.0000,0.0000,NaN,NaN,NaN,NaN,NaN,NaN,0.0000,0.0000,0.0000,0.0000,0.0000,0.0000,Dark,
175.9745,0.0000,0.0000,0.0000,0.0000,NaN,NaN,NaN,NaN,NaN,NaN,0.0000,0.0000,0.0000,0.0000,0.0000,0.0000,Dark,
176.1818,0.0000,0.0000,0.0000,0.0000,NaN,NaN,NaN,NaN,NaN,NaN,0.0000,0.0000,0.0000,0.0000,0.0000,0.0000,Dark,
176.3920,0.0000,0.0000,0.0000,0.0000,NaN,NaN,NaN,NaN,NaN,NaN,0.0000,0.0000,0.0000,0.0000,0.0000,0.0000,Dark,
176.6020,0.0000,0.0000,0.0000,0.0000,NaN,NaN,NaN,NaN,NaN,NaN,0.0000,0.0000,0.0000,0.0000,0.0000,0.0000,Dark,
176.8079,0.0000,0.0000,0.0000,0.0000,NaN,NaN,NaN,NaN,NaN,NaN,0.0000,0.0000,0.0000,0.0000,0.0000,0.0000,Dark,
177.0252,0.0000,0.0000,0.0000,0.0000,NaN,NaN,NaN,NaN,NaN,NaN,0.0000,0.0000,0.0000,0.0000,0.0000,0.0000,Dark,
177.2373,0.0000,0.0000,0.0000,0.0000,NaN,NaN,NaN,NaN,NaN,NaN,0.0000,0.0000,0.0000,0.0000,0.0000,0.0000,Dark,
177.4512,0.0000,0.0000,0.0000,0.0000,NaN,NaN,NaN,NaN,NaN,NaN,0.0000,0.0000,0.0000,0.0000,0.0000,0.0000,Dark,
177.6618,0.0000,0.0000,0.0000,0.0000,NaN,NaN,NaN,NaN,NaN,NaN,0.0000,0.0000,0.0000,0.0000,0.0000,0.0000,Dark,
177.8699,0.0000,0.0000,0.0000,0.0000,NaN,NaN,NaN,NaN,NaN,NaN,0.0000,0.0000,0.0000,0.0000,0.0000,0.0000,Dark,
178.0741,0.0000,0.0000,0.0000,0.0000,NaN,NaN,NaN,NaN,NaN,NaN,0.0000,0.0000,0.0000,0.0000,0.0000,0.0000,Dark,
178.2955,0.0000,0.0000,0.0000,0.0000,NaN,NaN,NaN,NaN,NaN,NaN,0.0000,0.0000,0.0000,0.0000,0.0000,0.0000,Dark,
178.5095,0.0000,0.0000,0.0000,0.0000,NaN,NaN,NaN,NaN,NaN,NaN,0.0000,0.0000,0.0000,0.0000,0.0000,0.0000,Dark,
178.7162,0.0000,0.0000,0.0000,0.0000,NaN,NaN,NaN,NaN,NaN,NaN,0.0000,0.0000,0.0000,0.0000,0.0000,0.0000,Dark,
178.9264,0.0000,0.0000,0.0000,0.0000,NaN,NaN,NaN,NaN,NaN,NaN,0.0000,0.0000,0.0000,0.0000,0.0000,0.0000,Dark,
179.1370,0.0000,0.0000,0.0000,0.0000,NaN,NaN,NaN,NaN,NaN,NaN,0.0000,0.0000,0.0000,0.0000,0.0000,0.0000,Dark,
179.3476,0.0000,0.0000,0.0000,0.0000,NaN,NaN,NaN,NaN,NaN,NaN,0.0000,0.0000,0.0000,0.0000,0.0000,0.0000,Dark,
179.5529,0.0000,0.0000,0.0000,0.0000,NaN,NaN,NaN,NaN,NaN,NaN,0.0000,0.0000,0.0000,0.0000,0.0000,0.0000,Dark,
179.7593,0.0000,0.0000,0.0000,0.0000,NaN,NaN,NaN,NaN,NaN,NaN,0.0000,0.0000,0.0000,0.0000,0.0000,0.0000,Dark,
179.9621,0.0000,0.0000,0.0000,0.0000,NaN,NaN,NaN,NaN,NaN,NaN,0.0000,0.0000,0.0000,0.0000,0.0000,0.0000,Dark,
180.1723,0.0000,0.0000,0.0000,0.0000,NaN,NaN,NaN,NaN,NaN,NaN,0.0000,0.0000,0.0000,0.0000,0.0000,0.0000,Dark,
180.3827,0.0000,0.0000,0.0000,0.0000,NaN,NaN,NaN,NaN,NaN,NaN,0.0000,0.0000,0.0000,0.0000,0.0000,0.0000,Dark,
180.5869,0.0000,0.0000,0.0000,0.0000,NaN,NaN,NaN,NaN,NaN,NaN,0.0000,0.0000,0.0000,0.0000,0.0000,0.0000,Dark,
180.7942,0.0000,0.0000,0.0000,0.0000,NaN,NaN,NaN,NaN,NaN,NaN,0.0000,0.0000,0.0000,0.0000,0.0000,0.0000,Dark,
180.9996,0.0000,0.0000,0.0000,0.0000,NaN,NaN,NaN,NaN,NaN,NaN,0.0000,0.0000,0.0000,0.0000,0.0000,0.0000,Dark,
181.2060,0.0000,0.0000,0.0000,0.0000,NaN,NaN,NaN,NaN,NaN,NaN,0.0000,0.0000,0.0000,0.0000,0.0000,0.0000,Dark,
181.4083,0.0000,0.0000,0.0000,0.0000,NaN,NaN,NaN,NaN,NaN,NaN,0.0000,0.0000,0.0000,0.0000,0.0000,0.0000,Dark,
181.6183,0.0000,0.0000,0.0000,0.0000,NaN,NaN,NaN,NaN,NaN,NaN,0.0000,0.0000,0.0000,0.0000,0.0000,0.0000,Dark,
181.8289,0.0000,0.0000,0.0000,0.0000,NaN,NaN,NaN,NaN,NaN,NaN,0.0000,0.0000,0.0000,0.0000,0.0000,0.0000,Dark,
182.0390,0.0000,0.0000,0.0000,0.0000,NaN,NaN,NaN,NaN,NaN,NaN,0.0000,0.0000,0.0000,0.0000,0.0000,0.0000,Dark,
182.2541,0.0000,0.0000,0.0000,0.0000,NaN,NaN,NaN,NaN,NaN,NaN,0.0000,0.0000,0.0000,0.0000,0.0000,0.0000,Dark,
182.4601,0.0000,0.0000,0.0000,0.0000,NaN,NaN,NaN,NaN,NaN,NaN,0.0000,0.0000,0.0000,0.0000,0.0000,0.0000,Dark,
182.6703,0.0000,0.0000,0.0000,0.0000,NaN,NaN,NaN,NaN,NaN,NaN,0.0000,0.0000,0.0000,0.0000,0.0000,0.0000,Dark,
182.8811,0.0000,0.0000,0.0000,0.0000,NaN,NaN,NaN,NaN,NaN,NaN,0.0000,0.0000,0.0000,0.0000,0.0000,0.0000,Dark,
183.0985,0.0000,0.0000,0.0000,0.0000,NaN,NaN,NaN,NaN,NaN,NaN,0.0000,0.0000,0.0000,0.0000,0.0000,0.0000,Dark,
183.3074,0.0000,0.0000,0.0000,0.0000,NaN,NaN,NaN,NaN,NaN,NaN,0.0000,0.0000,0.0000,0.0000,0.0000,0.0000,Dark,
183.5172,0.0000,0.0000,0.0000,0.0000,NaN,NaN,NaN,NaN,NaN,NaN,0.0000,0.0000,0.0000,0.0000,0.0000,0.0000,Dark,
183.7277,0.0000,0.0000,0.0000,0.0000,NaN,NaN,NaN,NaN,NaN,NaN,0.0000,0.0000,0.0000,0.0000,0.0000,0.0000,Dark,
183.9378,0.0000,0.0000,0.0000,0.0000,NaN,NaN,NaN,NaN,NaN,NaN,0.0000,0.0000,0.0000,0.0000,0.0000,0.0000,Dark,
184.1484,0.0000,0.0000,0.0000,0.0000,NaN,NaN,NaN,NaN,NaN,NaN,0.0000,0.0000,0.0000,0.0000,0.0000,0.0000,Dark,
184.3545,0.0000,0.0000,0.0000,0.0000,NaN,NaN,NaN,NaN,NaN,NaN,0.0000,0.0000,0.0000,0.0000,0.0000,0.0000,Dark,
184.5660,0.0000,0.0000,0.0000,0.0000,NaN,NaN,NaN,NaN,NaN,NaN,0.0000,0.0000,0.0000,0.0000,0.0000,0.0000,Dark,
184.7776,0.0000,0.0000,0.0000,0.0000,NaN,NaN,NaN,NaN,NaN,NaN,0.0000,0.0000,0.0000,0.0000,0.0000,0.0000,Dark,
184.9885,0.0000,0.0000,0.0000,0.0000,NaN,NaN,NaN,NaN,NaN,NaN,0.0000,0.0000,0.0000,0.0000,0.0000,0.0000,Dark,
185.1989,0.0000,0.0000,0.0000,0.0000,NaN,NaN,NaN,NaN,NaN,NaN,0.0000,0.0000,0.0000,0.0000,0.0000,0.0000,Dark,
185.4041,0.0000,0.0000,0.0000,0.0000,NaN,NaN,NaN,NaN,NaN,NaN,0.0000,0.0000,0.0000,0.0000,0.0000,0.0000,Dark,
185.6264,0.0000,0.0000,0.0000,0.0000,NaN,NaN,NaN,NaN,NaN,NaN,0.0000,0.0000,0.0000,0.0000,0.0000,0.0000,Dark,
185.8315,0.0000,0.0000,0.0000,0.0000,NaN,NaN,NaN,NaN,NaN,NaN,0.0000,0.0000,0.0000,0.0000,0.0000,0.0000,Dark,
186.0384,0.0000,0.0000,0.0000,0.0000,NaN,NaN,NaN,NaN,NaN,NaN,0.0000,0.0000,0.0000,0.0000,0.0000,0.0000,Dark,
186.2398,0.0000,0.0000,0.0000,0.0000,NaN,NaN,NaN,NaN,NaN,NaN,0.0000,0.0000,0.0000,0.0000,0.0000,0.0000,Dark,
186.4508,0.0000,0.0000,0.0000,0.0000,NaN,NaN,NaN,NaN,NaN,NaN,0.0000,0.0000,0.0000,0.0000,0.0000,0.0000,Dark,
186.6654,0.0000,0.0000,0.0000,0.0000,NaN,NaN,NaN,NaN,NaN,NaN,0.0000,0.0000,0.0000,0.0000,0.0000,0.0000,Dark,
186.8715,0.0000,0.0000,0.0000,0.0000,NaN,NaN,NaN,NaN,NaN,NaN,0.0000,0.0000,0.0000,0.0000,0.0000,0.0000,Dark,
187.0776,0.0000,0.0000,0.0000,0.0000,NaN,NaN,NaN,NaN,NaN,NaN,0.0000,0.0000,0.0000,0.0000,0.0000,0.0000,Dark,
187.2950,0.0000,0.0000,0.0000,0.0000,NaN,NaN,NaN,NaN,NaN,NaN,0.0000,0.0000,0.0000,0.0000,0.0000,0.0000,Dark,
187.5048,0.0000,0.0000,0.0000,0.0000,NaN,NaN,NaN,NaN,NaN,NaN,0.0000,0.0000,0.0000,0.0000,0.0000,0.0000,Dark,
187.7164,0.0000,0.0000,0.0000,0.0000,NaN,NaN,NaN,NaN,NaN,NaN,0.0000,0.0000,0.0000,0.0000,0.0000,0.0000,Dark,
187.9270,0.0000,0.0000,0.0000,0.0000,NaN,NaN,NaN,NaN,NaN,NaN,0.0000,0.0000,0.0000,0.0000,0.0000,0.0000,Dark,
188.1320,0.0000,0.0000,0.0000,0.0000,NaN,NaN,NaN,NaN,NaN,NaN,0.0000,0.0000,0.0000,0.0000,0.0000,0.0000,Dark,
188.3544,0.0000,0.0000,0.0000,0.0000,NaN,NaN,NaN,NaN,NaN,NaN,0.0000,0.0000,0.0000,0.0000,0.0000,0.0000,Dark,
188.5598,0.0000,0.0000,0.0000,0.0000,NaN,NaN,NaN,NaN,NaN,NaN,0.0000,0.0000,0.0000,0.0000,0.0000,0.0000,Dark,
188.7700,0.0000,0.0000,0.0000,0.0000,NaN,NaN,NaN,NaN,NaN,NaN,0.0000,0.0000,0.0000,0.0000,0.0000,0.0000,Dark,
188.9816,0.0000,0.0000,0.0000,0.0000,NaN,NaN,NaN,NaN,NaN,NaN,0.0000,0.0000,0.0000,0.0000,0.0000,0.0000,Dark,
189.1909,0.0000,0.0000,0.0000,0.0000,NaN,NaN,NaN,NaN,NaN,NaN,0.0000,0.0000,0.0000,0.0000,0.0000,0.0000,Dark,
189.4021,0.0000,0.0000,0.0000,0.0000,NaN,NaN,NaN,NaN,NaN,NaN,0.0000,0.0000,0.0000,0.0000,0.0000,0.0000,Dark,
189.6074,0.0000,0.0000,0.0000,0.0000,NaN,NaN,NaN,NaN,NaN,NaN,0.0000,0.0000,0.0000,0.0000,0.0000,0.0000,Dark,
189.8292,0.0000,0.0000,0.0000,0.0000,NaN,NaN,NaN,NaN,NaN,NaN,0.0000,0.0000,0.0000,0.0000,0.0000,0.0000,Dark,
190.0391,0.0000,0.0000,0.0000,0.0000,NaN,NaN,NaN,NaN,NaN,NaN,0.0000,0.0000,0.0000,0.0000,0.0000,0.0000,Dark,
190.2448,0.0000,0.0000,0.0000,0.0000,NaN,NaN,NaN,NaN,NaN,NaN,0.0000,0.0000,0.0000,0.0000,0.0000,0.0000,Dark,
190.4508,0.0000,0.0000,0.0000,0.0000,NaN,NaN,NaN,NaN,NaN,NaN,0.0000,0.0000,0.0000,0.0000,0.0000,0.0000,Dark,
190.6718,0.0000,0.0000,0.0000,0.0000,NaN,NaN,NaN,NaN,NaN,NaN,0.0000,0.0000,0.0000,0.0000,0.0000,0.0000,Dark,
190.8819,0.0000,0.0000,0.0000,0.0000,NaN,NaN,NaN,NaN,NaN,NaN,0.0000,0.0000,0.0000,0.0000,0.0000,0.0000,Dark,
191.0923,0.0000,0.0000,0.0000,0.0000,NaN,NaN,NaN,NaN,NaN,NaN,0.0000,0.0000,0.0000,0.0000,0.0000,0.0000,Dark,
191.3030,0.0000,0.0000,0.0000,0.0000,NaN,NaN,NaN,NaN,NaN,NaN,0.0000,0.0000,0.0000,0.0000,0.0000,0.0000,Dark,
191.5142,0.0000,0.0000,0.0000,0.0000,NaN,NaN,NaN,NaN,NaN,NaN,0.0000,0.0000,0.0000,0.0000,0.0000,0.0000,Dark,
191.7238,0.0000,0.0000,0.0000,0.0000,NaN,NaN,NaN,NaN,NaN,NaN,0.0000,0.0000,0.0000,0.0000,0.0000,0.0000,Dark,
191.9346,0.0000,0.0000,0.0000,0.0000,NaN,NaN,NaN,NaN,NaN,NaN,0.0000,0.0000,0.0000,0.0000,0.0000,0.0000,Dark,
192.1400,0.0000,0.0000,0.0000,0.0000,NaN,NaN,NaN,NaN,NaN,NaN,0.0000,0.0000,0.0000,0.0000,0.0000,0.0000,Dark,
192.3516,0.0000,0.0000,0.0000,0.0000,NaN,NaN,NaN,NaN,NaN,NaN,0.0000,0.0000,0.0000,0.0000,0.0000,0.0000,Dark,
192.5620,0.0000,0.0000,0.0000,0.0000,NaN,NaN,NaN,NaN,NaN,NaN,0.0000,0.0000,0.0000,0.0000,0.0000,0.0000,Dark,
192.7780,0.0000,0.0000,0.0000,0.0000,NaN,NaN,NaN,NaN,NaN,NaN,0.0000,0.0000,0.0000,0.0000,0.0000,0.0000,Dark,
192.9888,0.0000,0.0000,0.0000,0.0000,NaN,NaN,NaN,NaN,NaN,NaN,0.0000,0.0000,0.0000,0.0000,0.0000,0.0000,Dark,
193.2009,0.0000,0.0000,0.0000,0.0000,NaN,NaN,NaN,NaN,NaN,NaN,0.0000,0.0000,0.0000,0.0000,0.0000,0.0000,Dark,
193.4044,0.0000,0.0000,0.0000,0.0000,NaN,NaN,NaN,NaN,NaN,NaN,0.0000,0.0000,0.0000,0.0000,0.0000,0.0000,Dark,
193.6156,0.0000,0.0000,0.0000,0.0000,NaN,NaN,NaN,NaN,NaN,NaN,0.0000,0.0000,0.0000,0.0000,0.0000,0.0000,Dark,
193.8314,0.0000,0.0000,0.0000,0.0000,NaN,NaN,NaN,NaN,NaN,NaN,0.0000,0.0000,0.0000,0.0000,0.0000,0.0000,Dark,
194.0412,0.0000,0.0000,0.0000,0.0000,NaN,NaN,NaN,NaN,NaN,NaN,0.0000,0.0000,0.0000,0.0000,0.0000,0.0000,Dark,
194.2427,0.0000,0.0000,0.0000,0.0000,NaN,NaN,NaN,NaN,NaN,NaN,0.0000,0.0000,0.0000,0.0000,0.0000,0.0000,Dark,
194.4485,0.0000,0.0000,0.0000,0.0000,NaN,NaN,NaN,NaN,NaN,NaN,0.0000,0.0000,0.0000,0.0000,0.0000,0.0000,Dark,
194.6542,0.0000,0.0000,0.0000,0.0000,NaN,NaN,NaN,NaN,NaN,NaN,0.0000,0.0000,0.0000,0.0000,0.0000,0.0000,Dark,
194.8696,0.0000,0.0000,0.0000,0.0000,NaN,NaN,NaN,NaN,NaN,NaN,0.0000,0.0000,0.0000,0.0000,0.0000,0.0000,Dark,
195.0785,0.0000,0.0000,0.0000,0.0000,NaN,NaN,NaN,NaN,NaN,NaN,0.0000,0.0000,0.0000,0.0000,0.0000,0.0000,Dark,
195.2885,0.0000,0.0000,0.0000,0.0000,NaN,NaN,NaN,NaN,NaN,NaN,0.0000,0.0000,0.0000,0.0000,0.0000,0.0000,Dark,
195.5038,0.0000,0.0000,0.0000,0.0000,NaN,NaN,NaN,NaN,NaN,NaN,0.0000,0.0000,0.0000,0.0000,0.0000,0.0000,Dark,
195.7145,0.0000,0.0000,0.0000,0.0000,NaN,NaN,NaN,NaN,NaN,NaN,0.0000,0.0000,0.0000,0.0000,0.0000,0.0000,Dark,
195.9257,0.0000,0.0000,0.0000,0.0000,NaN,NaN,NaN,NaN,NaN,NaN,0.0000,0.0000,0.0000,0.0000,0.0000,0.0000,Dark,
196.1351,0.0000,0.0000,0.0000,0.0000,NaN,NaN,NaN,NaN,NaN,NaN,0.0000,0.0000,0.0000,0.0000,0.0000,0.0000,Dark,
196.3422,0.0000,0.0000,0.0000,0.0000,NaN,NaN,NaN,NaN,NaN,NaN,0.0000,0.0000,0.0000,0.0000,0.0000,0.0000,Dark,
196.5474,0.0000,0.0000,0.0000,0.0000,NaN,NaN,NaN,NaN,NaN,NaN,0.0000,0.0000,0.0000,0.0000,0.0000,0.0000,Dark,
196.7680,0.0000,0.0000,0.0000,0.0000,NaN,NaN,NaN,NaN,NaN,NaN,0.0000,0.0000,0.0000,0.0000,0.0000,0.0000,Dark,
196.9810,0.0000,0.0000,0.0000,0.0000,NaN,NaN,NaN,NaN,NaN,NaN,0.0000,0.0000,0.0000,0.0000,0.0000,0.0000,Dark,
197.1844,0.0000,0.0000,0.0000,0.0000,NaN,NaN,NaN,NaN,NaN,NaN,0.0000,0.0000,0.0000,0.0000,0.0000,0.0000,Dark,
197.4010,0.0000,0.0000,0.0000,0.0000,NaN,NaN,NaN,NaN,NaN,NaN,0.0000,0.0000,0.0000,0.0000,0.0000,0.0000,Dark,
197.6053,0.0000,0.0000,0.0000,0.0000,NaN,NaN,NaN,NaN,NaN,NaN,0.0000,0.0000,0.0000,0.0000,0.0000,0.0000,Dark,
197.8123,0.0000,0.0000,0.0000,0.0000,NaN,NaN,NaN,NaN,NaN,NaN,0.0000,0.0000,0.0000,0.0000,0.0000,0.0000,Dark,
198.0295,0.0000,0.0000,0.0000,0.0000,NaN,NaN,NaN,NaN,NaN,NaN,0.0000,0.0000,0.0000,0.0000,0.0000,0.0000,Dark,
198.2407,0.0000,0.0000,0.0000,0.0000,NaN,NaN,NaN,NaN,NaN,NaN,0.0000,0.0000,0.0000,0.0000,0.0000,0.0000,Dark,
198.4504,0.0000,0.0000,0.0000,0.0000,NaN,NaN,NaN,NaN,NaN,NaN,0.0000,0.0000,0.0000,0.0000,0.0000,0.0000,Dark,
198.6605,0.0000,0.0000,0.0000,0.0000,NaN,NaN,NaN,NaN,NaN,NaN,0.0000,0.0000,0.0000,0.0000,0.0000,0.0000,Dark,
198.8710,0.0000,0.0000,0.0000,0.0000,NaN,NaN,NaN,NaN,NaN,NaN,0.0000,0.0000,0.0000,0.0000,0.0000,0.0000,Dark,
199.0765,0.0000,0.0000,0.0000,0.0000,NaN,NaN,NaN,NaN,NaN,NaN,0.0000,0.0000,0.0000,0.0000,0.0000,0.0000,Dark,
199.2777,0.0000,0.0000,0.0000,0.0000,NaN,NaN,NaN,NaN,NaN,NaN,0.0000,0.0000,0.0000,0.0000,0.0000,0.0000,Dark,
199.4888,0.0000,0.0000,0.0000,0.0000,NaN,NaN,NaN,NaN,NaN,NaN,0.0000,0.0000,0.0000,0.0000,0.0000,0.0000,Dark,
199.6989,0.0000,0.0000,0.0000,0.0000,NaN,NaN,NaN,NaN,NaN,NaN,0.0000,0.0000,0.0000,0.0000,0.0000,0.0000,Dark,
199.9052,0.0000,0.0000,0.0000,0.0000,NaN,NaN,NaN,NaN,NaN,NaN,0.0000,0.0000,0.0000,0.0000,0.0000,0.0000,Dark,
200.1116,0.0000,0.0000,0.0000,0.0000,NaN,NaN,NaN,NaN,NaN,NaN,0.0000,0.0000,0.0000,0.0000,0.0000,0.0000,Dark,
200.3170,0.0000,0.0000,0.0000,0.0000,NaN,NaN,NaN,NaN,NaN,NaN,0.0000,0.0000,0.0000,0.0000,0.0000,0.0000,Dark,
200.5280,0.0000,0.0000,0.0000,0.0000,NaN,NaN,NaN,NaN,NaN,NaN,0.0000,0.0000,0.0000,0.0000,0.0000,0.0000,Dark,
200.7378,0.0000,0.0000,0.0000,0.0000,NaN,NaN,NaN,NaN,NaN,NaN,0.0000,0.0000,0.0000,0.0000,0.0000,0.0000,Dark,
200.9482,0.0000,0.0000,0.0000,0.0000,NaN,NaN,NaN,NaN,NaN,NaN,0.0000,0.0000,0.0000,0.0000,0.0000,0.0000,Dark,
201.1589,0.0000,0.0000,0.0000,0.0000,NaN,NaN,NaN,NaN,NaN,NaN,0.0000,0.0000,0.0000,0.0000,0.0000,0.0000,Dark,
201.3643,0.0000,0.0000,0.0000,0.0000,NaN,NaN,NaN,NaN,NaN,NaN,0.0000,0.0000,0.0000,0.0000,0.0000,0.0000,Dark,
201.5839,0.0000,0.0000,0.0000,0.0000,NaN,NaN,NaN,NaN,NaN,NaN,0.0000,0.0000,0.0000,0.0000,0.0000,0.0000,Dark,
201.7934,0.0000,0.0000,0.0000,0.0000,NaN,NaN,NaN,NaN,NaN,NaN,0.0000,0.0000,0.0000,0.0000,0.0000,0.0000,Dark,
202.0023,0.0000,0.0000,0.0000,0.0000,NaN,NaN,NaN,NaN,NaN,NaN,0.0000,0.0000,0.0000,0.0000,0.0000,0.0000,Dark,
202.2122,0.0000,0.0000,0.0000,0.0000,NaN,NaN,NaN,NaN,NaN,NaN,0.0000,0.0000,0.0000,0.0000,0.0000,0.0000,Dark,
202.4231,0.0000,0.0000,0.0000,0.0000,NaN,NaN,NaN,NaN,NaN,NaN,0.0000,0.0000,0.0000,0.0000,0.0000,0.0000,Dark,
