timestamp_sec,left_pupil_mm,right_pupil_mm,left_blink,right_blink,left_gaze_x,left_gaze_y,left_gaze_z,right_gaze_x,right_gaze_y,right_gaze_z,combined_gaze_x,combined_gaze_y,combined_gaze_z,origin_x,origin_y,origin_z,light_condition,stimulus_event
0.0000,4.4413,5.0259,0.0000,0.0000,0.1513,-0.3942,0.9065,0.0928,-0.3977,0.9128,0.1226,-0.4018,0.9075,-0.0835,-0.0162,0.5157,Dark,Phase: Baseline - waiting 5s
0.0000,4.6492,5.2490,0.0000,0.0000,-0.2400,-0.5073,0.8277,-0.4046,-0.4904,0.7719,-0.3217,-0.5161,0.7938,-0.0320,-0.0136,0.5150,Dark,Phase: Baseline - waiting 5s
0.0200,4.6140,5.0714,0.0000,0.0000,-0.3236,-0.5229,0.7886,-0.5891,-0.4937,0.6397,-0.4566,-0.5409,0.7064,-0.0220,-0.0059,0.5453,Dark,Phase: Baseline - waiting 5s
0.0305,4.6041,5.0257,0.0000,0.0000,-0.3702,-0.4763,0.7975,-0.6300,-0.4321,0.6453,-0.5028,-0.4868,0.7144,-0.0310,-0.0073,0.5554,Dark,Phase: Baseline - waiting 5s
0.0450,4.5243,4.9756,0.0000,0.0000,-0.3934,-0.4518,0.8007,-0.6480,-0.4054,0.6448,-0.5241,-0.4610,0.7161,-0.0350,-0.0088,0.5575,Dark,Phase: Baseline - waiting 5s
0.0554,4.4989,4.9656,0.0000,0.0000,-0.4027,-0.4545,0.7945,-0.6548,-0.4080,0.6362,-0.5321,-0.4635,0.7086,-0.0382,-0.0106,0.5572,Dark,Phase: Baseline - waiting 5s
0.0667,4.4798,4.9632,0.0000,0.0000,-0.4216,-0.4460,0.7895,-0.6690,-0.3982,0.6276,-0.5489,-0.4542,0.7017,-0.0413,-0.0129,0.5566,Dark,Phase: Baseline - waiting 5s
0.0786,4.4892,4.9595,0.0000,0.0000,-0.4398,-0.4407,0.7825,-0.6814,-0.3913,0.6185,-0.5644,-0.4477,0.6935,-0.0447,-0.0154,0.5553,Dark,Phase: Baseline - waiting 5s
0.0891,4.4996,4.9730,0.0000,0.0000,-0.4568,-0.4388,0.7738,-0.6936,-0.3870,0.6076,-0.5792,-0.4443,0.6834,-0.0479,-0.0177,0.5542,Dark,Phase: Baseline - waiting 5s
0.1006,4.5133,4.9938,0.0000,0.0000,-0.4672,-0.4396,0.7671,-0.6995,-0.3865,0.6011,-0.5874,-0.4440,0.6767,-0.0518,-0.0201,0.5530,Dark,Phase: Baseline - waiting 5s
0.1108,4.5133,4.9938,0.0000,0.0000,-0.4725,-0.4392,0.7641,-0.7037,-0.3854,0.5969,-0.5922,-0.4432,0.6730,-0.0557,-0.0220,0.5522,Dark,Phase: Baseline - waiting 5s
0.1223,4.5172,5.0061,0.0000,0.0000,-0.4799,-0.4303,0.7645,-0.7059,-0.3780,0.5990,-0.5968,-0.4345,0.6746,-0.0599,-0.0235,0.5518,Dark,Phase: Baseline - waiting 5s
0.1363,4.5176,5.0063,0.0000,0.0000,-0.4871,-0.4209,0.7652,-0.7100,-0.3696,0.5994,-0.6025,-0.4253,0.6753,-0.0644,-0.0248,0.5515,Dark,Phase: Baseline - waiting 5s
0.1446,4.5179,5.0045,0.0000,0.0000,-0.4892,-0.4163,0.7664,-0.7112,-0.3655,0.6006,-0.6041,-0.4209,0.6767,-0.0686,-0.0260,0.5509,Dark,Phase: Baseline - waiting 5s
0.1560,4.5095,5.0030,0.0000,0.0000,-0.4856,-0.4209,0.7662,-0.7079,-0.3704,0.6014,-0.6005,-0.4256,0.6770,-0.0732,-0.0276,0.5500,Dark,Phase: Baseline - waiting 5s
0.1669,4.4966,4.9704,0.0000,0.0000,-0.4809,-0.4173,0.7711,-0.6989,-0.3690,0.6127,-0.5932,-0.4222,0.6855,-0.0776,-0.0292,0.5487,Dark,Phase: Baseline - waiting 5s
0.1790,4.4923,4.9444,0.0000,0.0000,-0.4866,-0.4089,0.7720,-0.7036,-0.3597,0.6129,-0.5987,-0.4134,0.6860,-0.0821,-0.0309,0.5467,Dark,Phase: Baseline - waiting 5s
0.1894,4.4895,4.9239,0.0000,0.0000,-0.4875,-0.4129,0.7694,-0.7041,-0.3637,0.6099,-0.5993,-0.4173,0.6831,-0.0867,-0.0326,0.5446,Dark,Phase: Baseline - waiting 5s
0.2001,4.4769,4.9085,0.0000,0.0000,-0.4775,-0.4146,0.7746,-0.6936,-0.3685,0.6189,-0.5886,-0.4203,0.6906,-0.0911,-0.0339,0.5428,Dark,Phase: Baseline - waiting 5s
0.2136,4.4603,4.9283,0.0000,0.0000,-0.4717,-0.4132,0.7790,-0.6862,-0.3700,0.6263,-0.5816,-0.4199,0.6967,-0.0957,-0.0348,0.5407,Dark,Phase: Baseline - waiting 5s
0.2280,4.4653,4.9410,0.0000,0.0000,-0.4565,-0.4229,0.7828,-0.6739,-0.3814,0.6328,-0.5673,-0.4306,0.7019,-0.1002,-0.0352,0.5385,Dark,Phase: Baseline - waiting 5s
0.2338,4.4705,4.9506,0.0000,0.0000,-0.4606,-0.4190,0.7825,-0.6732,-0.3780,0.6355,-0.5690,-0.4263,0.7032,-0.1044,-0.0354,0.5365,Dark,Phase: Baseline - waiting 5s
0.2451,4.4757,4.9397,0.0000,0.0000,-0.4579,-0.4197,0.7837,-0.6677,-0.3794,0.6405,-0.5647,-0.4268,0.7064,-0.1087,-0.0350,0.5341,Dark,Phase: Baseline - waiting 5s
0.2571,4.4810,4.9285,0.0000,0.0000,-0.4483,-0.4232,0.7874,-0.6592,-0.3835,0.6468,-0.5555,-0.4305,0.7114,-0.1132,-0.0346,0.5316,Dark,Phase: Baseline - waiting 5s
0.2668,4.4449,4.9083,0.0000,0.0000,-0.4403,-0.4237,0.7916,-0.6476,-0.3863,0.6568,-0.5453,-0.4314,0.7187,-0.1174,-0.0343,0.5292,Dark,Phase: Baseline - waiting 5s
0.2780,4.4299,4.9007,0.0000,0.0000,-0.4356,-0.4266,0.7926,-0.6398,-0.3907,0.6618,-0.5388,-0.4345,0.7218,-0.1216,-0.0334,0.5265,Dark,Phase: Baseline - waiting 5s
0.2889,4.4186,4.8962,0.0000,0.0000,-0.4318,-0.4211,0.7976,-0.6361,-0.3859,0.6682,-0.5350,-0.4293,0.7277,-0.1256,-0.0327,0.5238,Dark,Phase: Baseline - waiting 5s
0.3026,4.3839,4.8837,0.0000,0.0000,-0.4219,-0.4204,0.8033,-0.6238,-0.3874,0.6788,-0.5236,-0.4291,0.7360,-0.1299,-0.0322,0.5210,Dark,Phase: Baseline - waiting 5s
0.3115,4.3754,4.8744,0.0000,0.0000,-0.4154,-0.4123,0.8108,-0.6185,-0.3806,0.6875,-0.5177,-0.4218,0.7444,-0.1331,-0.0316,0.5185,Dark,Phase: Baseline - waiting 5s
0.3243,4.3690,4.8672,0.0000,0.0000,-0.4138,-0.4078,0.8139,-0.6172,-0.3768,0.6908,-0.5162,-0.4176,0.7477,-0.1369,-0.0311,0.5158,Dark,Phase: Baseline - waiting 5s
0.3354,4.3744,4.8620,0.0000,0.0000,-0.4058,-0.4018,0.8209,-0.6102,-0.3720,0.6995,-0.5087,-0.4122,0.7559,-0.1403,-0.0309,0.5131,Dark,Phase: Baseline - waiting 5s
0.3448,4.3869,4.8872,0.0000,0.0000,-0.4000,-0.3980,0.8256,-0.6058,-0.3685,0.7052,-0.5035,-0.4087,0.7612,-0.1436,-0.0308,0.5105,Dark,Phase: Baseline - waiting 5s
0.3562,4.3918,4.8982,0.0000,0.0000,-0.3967,-0.3955,0.8284,-0.6037,-0.3658,0.7084,-0.5010,-0.4062,0.7642,-0.1465,-0.0311,0.5074,Dark,Phase: Baseline - waiting 5s
0.3669,4.3922,4.9065,0.0000,0.0000,-0.3930,-0.3941,0.8308,-0.6011,-0.3645,0.7112,-0.4978,-0.4050,0.7669,-0.1495,-0.0314,0.5044,Dark,Phase: Baseline - waiting 5s
0.3784,4.3895,4.9334,0.0000,0.0000,-0.3872,-0.3916,0.8347,-0.5971,-0.3625,0.7156,-0.4929,-0.4029,0.7712,-0.1524,-0.0316,0.5013,Dark,Phase: Baseline - waiting 5s
0.3892,4.4094,4.9489,0.0000,0.0000,-0.3886,-0.3917,0.8340,-0.5988,-0.3623,0.7143,-0.4945,-0.4029,0.7702,-0.1554,-0.0318,0.4982,Dark,Phase: Baseline - waiting 5s
0.4003,4.4261,4.9613,0.0000,0.0000,-0.3810,-0.3892,0.8387,-0.5926,-0.3605,0.7204,-0.4875,-0.4008,0.7757,-0.1585,-0.0320,0.4950,Dark,Phase: Baseline - waiting 5s
0.4119,4.4399,4.9788,0.0000,0.0000,-0.3840,-0.3910,0.8365,-0.5953,-0.3616,0.7175,-0.4904,-0.4023,0.7731,-0.1610,-0.0325,0.4916,Dark,Phase: Baseline - waiting 5s
0.4226,4.4665,5.0005,0.0000,0.0000,-0.3807,-0.3916,0.8377,-0.5935,-0.3618,0.7189,-0.4879,-0.4028,0.7744,-0.1636,-0.0330,0.4884,Dark,Phase: Baseline - waiting 5s
0.4341,4.4774,5.0046,0.0000,0.0000,-0.3728,-0.3904,0.8418,-0.5871,-0.3607,0.7247,-0.4807,-0.4017,0.7794,-0.1660,-0.0336,0.4850,Dark,Phase: Baseline - waiting 5s
0.4450,4.4878,5.0435,0.0000,0.0000,-0.3678,-0.3895,0.8444,-0.5835,-0.3594,0.7283,-0.4765,-0.4007,0.7825,-0.1679,-0.0341,0.4817,Dark,Phase: Baseline - waiting 5s
0.4591,4.4993,5.0562,0.0000,0.0000,-0.3691,-0.3896,0.8438,-0.5850,-0.3584,0.7276,-0.4781,-0.4002,0.7818,-0.1701,-0.0346,0.4783,Dark,Phase: Baseline - waiting 5s
0.4673,4.5079,5.0656,0.0000,0.0000,-0.3605,-0.3851,0.8496,-0.5779,-0.3541,0.7353,-0.4702,-0.3960,0.7887,-0.1722,-0.0350,0.4752,Dark,Phase: Baseline - waiting 5s
0.4860,4.5179,5.0859,0.0000,0.0000,-0.3578,-0.3818,0.8522,-0.5760,-0.3503,0.7386,-0.4680,-0.3925,0.7918,-0.1741,-0.0353,0.4718,Dark,Phase: Baseline - waiting 5s
0.4911,4.5280,5.0950,0.0000,0.0000,-0.3575,-0.3788,0.8536,-0.5760,-0.3468,0.7402,-0.4680,-0.3892,0.7934,-0.1762,-0.0355,0.4687,Dark,Phase: Baseline - waiting 5s
0.5023,4.5355,5.1022,0.0000,0.0000,-0.3516,-0.3741,0.8581,-0.5722,-0.3419,0.7455,-0.4632,-0.3847,0.7984,-0.1784,-0.0357,0.4656,Dark,Phase: Baseline - waiting 5s
0.5145,4.5403,5.0963,0.0000,0.0000,-0.3515,-0.3694,0.8602,-0.5722,-0.3368,0.7477,-0.4633,-0.3798,0.8007,-0.1803,-0.0358,0.4626,Dark,
0.5269,4.5764,5.0847,0.0000,0.0000,-0.3559,-0.3629,0.8612,-0.5773,-0.3297,0.7470,-0.4682,-0.3731,0.8009,-0.1822,-0.0362,0.4597,Dark,
0.5358,4.5886,5.0770,0.0000,0.0000,-0.3572,-0.3595,0.8621,-0.5795,-0.3261,0.7469,-0.4702,-0.3698,0.8014,-0.1842,-0.0366,0.4565,Dark,
0.5464,4.5968,5.0715,0.0000,0.0000,-0.3662,-0.3646,0.8561,-0.5872,-0.3314,0.7385,-0.4785,-0.3750,0.7940,-0.1773,-0.0356,0.4661,Dark,
0.5578,4.6026,5.0672,0.0000,0.0000,-0.3721,-0.3602,0.8555,-0.5930,-0.3261,0.7362,-0.4846,-0.3702,0.7926,-0.1792,-0.0360,0.4630,Dark,
0.5689,4.6018,5.0887,0.0000,0.0000,-0.3786,-0.3572,0.8538,-0.5992,-0.3222,0.7329,-0.4911,-0.3669,0.7901,-0.1810,-0.0363,0.4599,Dark,
0.5837,4.6011,5.1067,0.0000,0.0000,-0.3758,-0.3561,0.8555,-0.5969,-0.3212,0.7353,-0.4886,-0.3658,0.7921,-0.1825,-0.0365,0.4570,Dark,
0.5926,4.6038,5.1214,0.0000,0.0000,-0.3780,-0.3544,0.8552,-0.5987,-0.3190,0.7347,-0.4908,-0.3639,0.7917,-0.1842,-0.0368,0.4540,Dark,
0.6023,4.6061,5.1325,0.0000,0.0000,-0.3794,-0.3527,0.8554,-0.6004,-0.3168,0.7343,-0.4924,-0.3619,0.7915,-0.1857,-0.0371,0.4511,Dark,
0.6133,4.6232,5.1700,0.0000,0.0000,-0.3892,-0.3519,0.8513,-0.6089,-0.3148,0.7281,-0.5019,-0.3605,0.7862,-0.1871,-0.0373,0.4482,Dark,
0.6248,4.6355,5.1796,0.0000,0.0000,-0.3891,-0.3474,0.8532,-0.6094,-0.3102,0.7297,-0.5021,-0.3561,0.7881,-0.1885,-0.0375,0.4453,Dark,
0.6384,4.6519,5.2056,0.0000,0.0000,-0.3922,-0.3454,0.8526,-0.6126,-0.3077,0.7281,-0.5054,-0.3539,0.7870,-0.1898,-0.0377,0.4424,Dark,
0.6470,4.6564,5.2131,0.0000,0.0000,-0.3908,-0.3438,0.8539,-0.6116,-0.3062,0.7295,-0.5043,-0.3523,0.7884,-0.1909,-0.0378,0.4396,Dark,
0.6614,4.6632,5.2169,0.0000,0.0000,-0.3900,-0.3436,0.8543,-0.6110,-0.3060,0.7301,-0.5036,-0.3522,0.7889,-0.1920,-0.0380,0.4368,Dark,
0.6757,4.6798,5.2521,0.0000,0.0000,-0.3889,-0.3438,0.8547,-0.6106,-0.3062,0.7303,-0.5029,-0.3524,0.7892,-0.1930,-0.0381,0.4339,Dark,
0.6819,4.6902,5.2635,0.0000,0.0000,-0.3902,-0.3410,0.8553,-0.6117,-0.3034,0.7306,-0.5042,-0.3497,0.7896,-0.1937,-0.0381,0.4311,Dark,
0.6933,4.6982,5.2721,0.0000,0.0000,-0.3914,-0.3381,0.8559,-0.6128,-0.3005,0.7309,-0.5054,-0.3468,0.7901,-0.1945,-0.0382,0.4282,Dark,
0.7114,4.7071,5.3110,0.0000,0.0000,-0.3850,-0.3313,0.8614,-0.6082,-0.2946,0.7371,-0.5000,-0.3406,0.7963,-0.1972,-0.0380,0.4163,Dark,
0.7180,4.7087,5.3220,0.0000,0.0000,-0.3847,-0.3309,0.8617,-0.6083,-0.2942,0.7372,-0.4999,-0.3402,0.7965,-0.1970,-0.0379,0.4163,Dark,
0.7279,4.7087,5.3220,0.0000,0.0000,-0.3827,-0.3288,0.8634,-0.6066,-0.2926,0.7392,-0.4980,-0.3384,0.7984,-0.1974,-0.0377,0.4135,Dark,
0.7420,4.7212,5.3349,0.0000,0.0000,-0.3814,-0.3276,0.8644,-0.6059,-0.2918,0.7401,-0.4970,-0.3375,0.7994,-0.1977,-0.0374,0.4107,Dark,
0.7622,4.7399,5.3501,0.0000,0.0000,-0.3753,-0.3239,0.8684,-0.6013,-0.2892,0.7449,-0.4917,-0.3344,0.8040,-0.1976,-0.0364,0.4053,Dark,
0.7907,4.7524,5.3547,0.0000,0.0000,-0.3721,-0.3219,0.8706,-0.5995,-0.2876,0.7469,-0.4892,-0.3328,0.8062,-0.1976,-0.0358,0.4027,Dark,
0.7980,4.7524,5.3547,0.0000,0.0000,-0.3672,-0.3178,0.8742,-0.5953,-0.2848,0.7514,-0.4845,-0.3294,0.8104,-0.1972,-0.0342,0.3975,Dark,
0.8197,4.7524,5.3547,0.0000,0.0000,-0.3647,-0.3155,0.8760,-0.5936,-0.2831,0.7533,-0.4824,-0.3275,0.8124,-0.1971,-0.0333,0.3950,Dark,
0.8377,4.7524,5.3547,0.0000,0.0000,-0.3603,-0.3111,0.8794,-0.5901,-0.2801,0.7572,-0.4785,-0.3238,0.8162,-0.1966,-0.0314,0.3902,Dark,
0.8456,4.7524,5.3547,0.0000,0.0000,-0.3555,-0.3078,0.8825,-0.5861,-0.2781,0.7610,-0.4740,-0.3212,0.8199,-0.1957,-0.0297,0.3858,Dark,
0.8917,4.7524,5.3547,0.0000,0.0000,-0.3433,-0.3050,0.8883,-0.5758,-0.2776,0.7690,-0.4625,-0.3197,0.8270,-0.1932,-0.0270,0.3777,Dark,
0.9039,4.7524,5.3547,0.0000,0.0000,-0.3410,-0.3039,0.8896,-0.5738,-0.2771,0.7707,-0.4604,-0.3189,0.8285,-0.1925,-0.0265,0.3758,Dark,
0.9153,4.7524,5.3547,0.0000,0.0000,-0.3391,-0.3027,0.8907,-0.5721,-0.2765,0.7722,-0.4585,-0.3180,0.8299,-0.1918,-0.0262,0.3740,Dark,
0.9265,4.7524,5.3547,0.0000,0.0000,-0.3374,-0.3015,0.8918,-0.5707,-0.2757,0.7735,-0.4569,-0.3170,0.8311,-0.1911,-0.0259,0.3721,Dark,
0.9367,4.7524,5.3547,0.0000,0.0000,-0.3358,-0.2997,0.8930,-0.5693,-0.2742,0.7750,-0.4554,-0.3154,0.8325,-0.1904,-0.0257,0.3704,Dark,
0.9506,4.7524,5.3547,0.0000,0.0000,-0.3342,-0.2969,0.8945,-0.5679,-0.2719,0.7769,-0.4540,-0.3128,0.8343,-0.1898,-0.0254,0.3688,Dark,
0.9592,4.7524,5.3547,0.0000,0.0000,-0.3329,-0.2929,0.8963,-0.5668,-0.2683,0.7789,-0.4528,-0.3090,0.8364,-0.1891,-0.0250,0.3672,Dark,
0.9711,4.7524,5.3547,0.0000,0.0000,-0.3315,-0.2886,0.8982,-0.5656,-0.2646,0.7811,-0.4514,-0.3050,0.8386,-0.1884,-0.0245,0.3658,Dark,
0.9819,4.7524,5.3547,0.0000,0.0000,-0.3299,-0.2850,0.9000,-0.5641,-0.2616,0.7831,-0.4499,-0.3017,0.8406,-0.1877,-0.0242,0.3644,Dark,
0.9933,4.7524,5.3547,0.0000,0.0000,-0.3282,-0.2819,0.9016,-0.5627,-0.2591,0.7850,-0.4483,-0.2989,0.8424,-0.1868,-0.0239,0.3630,Dark,
1.0031,4.7524,5.3547,0.0000,0.0000,-0.3266,-0.2792,0.9030,-0.5613,-0.2570,0.7867,-0.4468,-0.2965,0.8441,-0.1860,-0.0236,0.3617,Dark,
1.0145,4.7524,5.3547,0.0000,0.0000,-0.3254,-0.2772,0.9041,-0.5602,-0.2554,0.7880,-0.4456,-0.2947,0.8453,-0.1851,-0.0235,0.3604,Dark,
1.0268,4.7524,5.3547,0.0000,0.0000,-0.3247,-0.2757,0.9047,-0.5596,-0.2544,0.7888,-0.4450,-0.2934,0.8461,-0.1843,-0.0233,0.3591,Dark,
1.0371,4.7524,5.3547,0.0000,0.0000,-0.3246,-0.2746,0.9051,-0.5595,-0.2536,0.7891,-0.4448,-0.2925,0.8465,-0.1834,-0.0232,0.3579,Dark,
1.0480,4.7524,5.3547,0.0000,0.0000,-0.3245,-0.2734,0.9055,-0.5594,-0.2526,0.7894,-0.4448,-0.2914,0.8469,-0.1825,-0.0230,0.3565,Dark,
1.0591,4.7524,5.3547,0.0000,0.0000,-0.3246,-0.2725,0.9058,-0.5595,-0.2518,0.7897,-0.4448,-0.2906,0.8472,-0.1817,-0.0228,0.3555,Dark,
1.0705,4.7524,5.3547,0.0000,0.0000,-0.3244,-0.2716,0.9061,-0.5593,-0.2509,0.7901,-0.4446,-0.2897,0.8476,-0.1809,-0.0224,0.3545,Dark,
1.0816,4.7524,5.3547,0.0000,0.0000,-0.3241,-0.2707,0.9065,-0.5590,-0.2500,0.7906,-0.4444,-0.2888,0.8480,-0.1800,-0.0220,0.3537,Dark,
1.0929,4.7524,5.3547,0.0000,0.0000,-0.3233,-0.2703,0.9069,-0.5584,-0.2495,0.7912,-0.4437,-0.2883,0.8485,-0.1791,-0.0216,0.3530,Dark,
1.1040,4.7524,5.3547,0.0000,0.0000,-0.3225,-0.2700,0.9073,-0.5577,-0.2491,0.7918,-0.4429,-0.2879,0.8491,-0.1781,-0.0212,0.3523,Dark,
1.1151,4.7524,5.3547,0.0000,0.0000,-0.3214,-0.2695,0.9078,-0.5567,-0.2486,0.7926,-0.4419,-0.2875,0.8498,-0.1771,-0.0207,0.3517,Dark,
1.1260,4.7524,5.3547,0.0000,0.0000,-0.3204,-0.2688,0.9083,-0.5559,-0.2480,0.7934,-0.4410,-0.2868,0.8505,-0.1761,-0.0202,0.3511,Dark,
1.1380,4.7524,5.3547,0.0000,0.0000,-0.3196,-0.2678,0.9089,-0.5552,-0.2470,0.7942,-0.4402,-0.2858,0.8512,-0.1751,-0.0198,0.3505,Dark,
1.1482,4.7524,5.3547,0.0000,0.0000,-0.3189,-0.2661,0.9097,-0.5546,-0.2455,0.7951,-0.4396,-0.2842,0.8521,-0.1742,-0.0192,0.3501,Dark,
1.1597,4.7524,5.3547,0.0000,0.0000,-0.3181,-0.2640,0.9106,-0.5539,-0.2435,0.7962,-0.4389,-0.2822,0.8531,-0.1732,-0.0186,0.3498,Dark,
1.1711,4.7524,5.3547,0.0000,0.0000,-0.3171,-0.2618,0.9115,-0.5530,-0.2413,0.7975,-0.4380,-0.2800,0.8543,-0.1723,-0.0181,0.3494,Dark,
1.1819,4.7524,5.3547,0.0000,0.0000,-0.3160,-0.2599,0.9125,-0.5521,-0.2392,0.7987,-0.4370,-0.2780,0.8554,-0.1714,-0.0176,0.3491,Dark,
1.1930,4.7524,5.3547,0.0000,0.0000,-0.3143,-0.2583,0.9135,-0.5506,-0.2374,0.8003,-0.4354,-0.2763,0.8568,-0.1704,-0.0173,0.3489,Dark,
1.2041,4.7524,5.3547,0.0000,0.0000,-0.3121,-0.2573,0.9145,-0.5487,-0.2362,0.8020,-0.4334,-0.2751,0.8582,-0.1695,-0.0169,0.3486,Dark,
1.2152,4.7524,5.3547,0.0000,0.0000,-0.3098,-0.2572,0.9154,-0.5466,-0.2357,0.8035,-0.4312,-0.2748,0.8594,-0.1686,-0.0168,0.3484,Dark,
1.2264,4.7524,5.3547,0.0000,0.0000,-0.3073,-0.2578,0.9160,-0.5445,-0.2360,0.8049,-0.4290,-0.2753,0.8604,-0.1677,-0.0167,0.3482,Dark,
1.2376,4.7524,5.3547,0.0000,0.0000,-0.3049,-0.2586,0.9166,-0.5424,-0.2366,0.8061,-0.4267,-0.2760,0.8612,-0.1668,-0.0167,0.3480,Dark,
1.2481,4.7524,5.3547,0.0000,0.0000,-0.3028,-0.2598,0.9170,-0.5405,-0.2378,0.8070,-0.4247,-0.2772,0.8618,-0.1660,-0.0168,0.3477,Dark,
1.2593,4.7524,5.3547,0.0000,0.0000,-0.3009,-0.2608,0.9173,-0.5388,-0.2388,0.8078,-0.4229,-0.2782,0.8624,-0.1652,-0.0169,0.3475,Dark,
1.2711,4.7524,5.3547,0.0000,0.0000,-0.2991,-0.2622,0.9175,-0.5372,-0.2403,0.8085,-0.4212,-0.2796,0.8628,-0.1645,-0.0170,0.3471,Dark,
1.2820,4.7524,5.3547,0.0000,0.0000,-0.2972,-0.2642,0.9176,-0.5355,-0.2422,0.8090,-0.4194,-0.2816,0.8630,-0.1638,-0.0173,0.3469,Dark,
1.2932,4.7524,5.3547,0.0000,0.0000,-0.2952,-0.2659,0.9177,-0.5338,-0.2439,0.8097,-0.4175,-0.2833,0.8634,-0.1630,-0.0175,0.3467,Dark,
1.3042,4.7524,5.3547,0.0000,0.0000,-0.2933,-0.2667,0.9181,-0.5321,-0.2447,0.8105,-0.4157,-0.2841,0.8640,-0.1624,-0.0176,0.3464,Dark,
1.3154,4.7524,5.3547,0.0000,0.0000,-0.2916,-0.2665,0.9187,-0.5306,-0.2446,0.8116,-0.4141,-0.2839,0.8648,-0.1617,-0.0176,0.3462,Dark,
1.3268,4.7524,5.3547,0.0000,0.0000,-0.2901,-0.2660,0.9193,-0.5293,-0.2442,0.8125,-0.4127,-0.2835,0.8656,-0.1611,-0.0175,0.3461,Dark,
1.3378,4.7524,5.3547,0.0000,0.0000,-0.2888,-0.2648,0.9200,-0.5282,-0.2432,0.8136,-0.4115,-0.2824,0.8666,-0.1605,-0.0174,0.3458,Dark,
1.3488,4.7524,5.3547,0.0000,0.0000,-0.2878,-0.2635,0.9207,-0.5272,-0.2420,0.8145,-0.4105,-0.2811,0.8674,-0.1599,-0.0173,0.3456,Dark,
1.3600,4.7524,5.3547,0.0000,0.0000,-0.2868,-0.2625,0.9213,-0.5263,-0.2411,0.8154,-0.4095,-0.2802,0.8682,-0.1594,-0.0172,0.3454,Dark,
1.3713,4.7524,5.3547,0.0000,0.0000,-0.2857,-0.2617,0.9219,-0.5253,-0.2403,0.8162,-0.4085,-0.2794,0.8689,-0.1589,-0.0170,0.3451,Dark,
1.3817,4.7524,5.3547,0.0000,0.0000,-0.2847,-0.2612,0.9224,-0.5245,-0.2399,0.8169,-0.4076,-0.2789,0.8695,-0.1584,-0.0170,0.3448,Dark,
1.3933,4.7524,5.3547,0.0000,0.0000,-0.2835,-0.2609,0.9228,-0.5234,-0.2396,0.8177,-0.4065,-0.2787,0.8701,-0.1579,-0.0170,0.3446,Dark,
1.4046,4.7524,5.3547,0.0000,0.0000,-0.2822,-0.2608,0.9232,-0.5222,-0.2397,0.8184,-0.4052,-0.2786,0.8707,-0.1574,-0.0170,0.3442,Dark,
1.4157,4.7524,5.3547,0.0000,0.0000,-0.2805,-0.2611,0.9236,-0.5208,-0.2401,0.8192,-0.4036,-0.2790,0.8713,-0.1568,-0.0171,0.3439,Dark,
1.4269,4.7524,5.3547,0.0000,0.0000,-0.2786,-0.2617,0.9241,-0.5191,-0.2407,0.8201,-0.4018,-0.2796,0.8720,-0.1563,-0.0172,0.3436,Dark,
1.4380,4.7524,5.3547,0.0000,0.0000,-0.2769,-0.2622,0.9244,-0.5176,-0.2414,0.8209,-0.4002,-0.2802,0.8726,-0.1559,-0.0172,0.3433,Dark,
1.4491,4.7524,5.3547,0.0000,0.0000,-0.2751,-0.2625,0.9249,-0.5159,-0.2419,0.8218,-0.3984,-0.2806,0.8732,-0.1554,-0.0173,0.3430,Dark,
1.4602,4.7524,5.3547,0.0000,0.0000,-0.2735,-0.2629,0.9253,-0.5145,-0.2425,0.8225,-0.3968,-0.2811,0.8738,-0.1549,-0.0173,0.3428,Dark,
1.4715,4.7524,5.3547,0.0000,0.0000,-0.2719,-0.2631,0.9257,-0.5131,-0.2430,0.8232,-0.3954,-0.2814,0.8743,-0.1545,-0.0173,0.3425,Dark,
1.4826,4.7524,5.3547,0.0000,0.0000,-0.2704,-0.2633,0.9261,-0.5117,-0.2435,0.8239,-0.3939,-0.2818,0.8749,-0.1542,-0.0173,0.3422,Dark,
1.4936,4.7524,5.3547,0.0000,0.0000,-0.2687,-0.2636,0.9264,-0.5102,-0.2441,0.8247,-0.3923,-0.2823,0.8755,-0.1538,-0.0173,0.3420,Dark,
1.5042,4.7524,5.3547,0.0000,0.0000,-0.2673,-0.2636,0.9268,-0.5090,-0.2444,0.8253,-0.3909,-0.2824,0.8760,-0.1536,-0.0172,0.3418,Dark,
1.5158,4.7524,5.3547,0.0000,0.0000,-0.2661,-0.2633,0.9273,-0.5079,-0.2443,0.8260,-0.3897,-0.2822,0.8766,-0.1532,-0.0172,0.3416,Dark,
1.5271,4.7524,5.3547,0.0000,0.0000,-0.2648,-0.2631,0.9277,-0.5067,-0.2444,0.8267,-0.3885,-0.2822,0.8772,-0.1529,-0.0171,0.3414,Dark,
1.5380,4.7524,5.3547,0.0000,0.0000,-0.2635,-0.2628,0.9282,-0.5056,-0.2444,0.8274,-0.3872,-0.2820,0.8778,-0.1526,-0.0171,0.3412,Dark,
1.5495,4.7524,5.3547,0.0000,0.0000,-0.2626,-0.2626,0.9285,-0.5048,-0.2444,0.8279,-0.3863,-0.2820,0.8782,-0.1523,-0.0170,0.3411,Dark,
1.5607,4.7524,5.3547,0.0000,0.0000,-0.2615,-0.2625,0.9288,-0.5038,-0.2444,0.8285,-0.3853,-0.2819,0.8787,-0.1520,-0.0170,0.3410,Dark,
1.5719,4.7524,5.3547,0.0000,0.0000,-0.2605,-0.2622,0.9292,-0.5029,-0.2443,0.8291,-0.3843,-0.2817,0.8792,-0.1519,-0.0169,0.3408,Dark,
1.5829,4.7524,5.3547,0.0000,0.0000,-0.2596,-0.2616,0.9296,-0.5021,-0.2439,0.8297,-0.3835,-0.2812,0.8797,-0.1517,-0.0169,0.3407,Dark,
1.5934,4.7524,5.3547,0.0000,0.0000,-0.2587,-0.2612,0.9300,-0.5012,-0.2436,0.8303,-0.3826,-0.2808,0.8802,-0.1515,-0.0168,0.3407,Dark,
1.6046,4.7524,5.3547,0.0000,0.0000,-0.2578,-0.2604,0.9304,-0.5005,-0.2429,0.8310,-0.3818,-0.2801,0.8808,-0.1513,-0.0168,0.3407,Dark,
1.6162,4.7524,5.3547,0.0000,0.0000,-0.2569,-0.2599,0.9308,-0.4996,-0.2425,0.8316,-0.3809,-0.2796,0.8813,-0.1511,-0.0167,0.3407,Dark,
1.6274,4.7524,5.3547,0.0000,0.0000,-0.2561,-0.2596,0.9312,-0.4989,-0.2423,0.8321,-0.3801,-0.2794,0.8818,-0.1509,-0.0166,0.3407,Dark,
1.6385,4.7524,5.3547,0.0000,0.0000,-0.2555,-0.2594,0.9314,-0.4983,-0.2422,0.8325,-0.3795,-0.2792,0.8821,-0.1508,-0.0166,0.3407,Dark,
1.6496,4.7524,5.3547,0.0000,0.0000,-0.2549,-0.2592,0.9316,-0.4978,-0.2421,0.8328,-0.3789,-0.2791,0.8824,-0.1507,-0.0166,0.3408,Dark,
1.6607,4.7524,5.3547,0.0000,0.0000,-0.2543,-0.2589,0.9318,-0.4973,-0.2418,0.8332,-0.3784,-0.2788,0.8827,-0.1506,-0.0165,0.3408,Dark,
1.6718,4.7524,5.3547,0.0000,0.0000,-0.2539,-0.2587,0.9320,-0.4970,-0.2417,0.8334,-0.3780,-0.2786,0.8829,-0.1506,-0.0165,0.3409,Dark,
1.6829,4.7524,5.3547,0.0000,0.0000,-0.2536,-0.2584,0.9322,-0.4967,-0.2413,0.8337,-0.3777,-0.2783,0.8831,-0.1506,-0.0165,0.3410,Dark,
1.6943,4.7524,5.3547,0.0000,0.0000,-0.2532,-0.2583,0.9323,-0.4963,-0.2412,0.8339,-0.3773,-0.2782,0.8833,-0.1505,-0.0165,0.3411,Dark,
1.7057,4.7524,5.3547,0.0000,0.0000,-0.2528,-0.2582,0.9324,-0.4959,-0.2412,0.8342,-0.3769,-0.2782,0.8835,-0.1505,-0.0165,0.3412,Dark,
1.7167,4.7524,5.3547,0.0000,0.0000,-0.2524,-0.2583,0.9325,-0.4956,-0.2413,0.8344,-0.3766,-0.2782,0.8836,-0.1505,-0.0165,0.3413,Dark,
1.7279,4.7524,5.3547,0.0000,0.0000,-0.2519,-0.2585,0.9326,-0.4951,-0.2415,0.8346,-0.3761,-0.2785,0.8838,-0.1505,-0.0165,0.3415,Dark,
1.7390,4.7524,5.3547,0.0000,0.0000,-0.2514,-0.2588,0.9326,-0.4947,-0.2417,0.8348,-0.3756,-0.2787,0.8839,-0.1505,-0.0166,0.3416,Dark,
1.7498,4.7524,5.3547,0.0000,0.0000,-0.2511,-0.2592,0.9326,-0.4944,-0.2421,0.8348,-0.3753,-0.2791,0.8839,-0.1505,-0.0167,0.3418,Dark,
1.7610,4.7524,5.3547,0.0000,0.0000,-0.2509,-0.2595,0.9326,-0.4943,-0.2424,0.8348,-0.3752,-0.2794,0.8839,-0.1505,-0.0167,0.3420,Dark,
1.7726,4.7524,5.3547,0.0000,0.0000,-0.2508,-0.2598,0.9325,-0.4941,-0.2428,0.8348,-0.3750,-0.2798,0.8838,-0.1505,-0.0168,0.3422,Dark,
1.7838,5.1529,5.5855,0.0000,0.0000,-0.2433,-0.2663,0.9327,-0.4882,-0.2495,0.8363,-0.3681,-0.2864,0.8846,-0.1506,-0.0169,0.3423,Dark,
1.7943,5.3034,5.7777,0.0000,0.0000,-0.2001,-0.2893,0.9361,-0.4497,-0.2751,0.8498,-0.3260,-0.3108,0.8928,-0.1506,-0.0170,0.3426,Dark,
1.8057,5.4167,5.9314,0.0000,0.0000,-0.2248,-0.2784,0.9338,-0.4709,-0.2626,0.8422,-0.3496,-0.2990,0.8879,-0.1507,-0.0171,0.3428,Dark,
1.8162,5.5057,6.0466,0.0000,0.0000,-0.2104,-0.2864,0.9347,-0.4583,-0.2713,0.8464,-0.3358,-0.3074,0.8904,-0.1507,-0.0172,0.3430,Dark,
1.8282,5.5533,6.1513,0.0000,0.0000,-0.1792,-0.3023,0.9362,-0.4293,-0.2894,0.8555,-0.3048,-0.3243,0.8955,-0.1507,-0.0173,0.3433,Dark,
1.8388,5.5504,6.1439,0.0000,0.0000,-0.1681,-0.3082,0.9363,-0.4182,-0.2961,0.8588,-0.2934,-0.3304,0.8971,-0.1507,-0.0174,0.3434,Dark,
1.8508,5.5517,6.1346,0.0000,0.0000,-0.1493,-0.3183,0.9362,-0.3992,-0.3076,0.8637,-0.2739,-0.3410,0.8993,-0.1507,-0.0174,0.3437,Dark,
1.8614,5.5538,6.1326,0.0000,0.0000,-0.1454,-0.3198,0.9363,-0.3950,-0.3094,0.8650,-0.2698,-0.3426,0.8999,-0.1507,-0.0175,0.3439,Dark,
1.8725,5.5567,6.1330,0.0000,0.0000,-0.1382,-0.3242,0.9358,-0.3870,-0.3144,0.8668,-0.2620,-0.3471,0.9005,-0.1507,-0.0177,0.3441,Dark,
1.8840,5.5573,6.1369,0.0000,0.0000,-0.1304,-0.3287,0.9354,-0.3777,-0.3196,0.8690,-0.2532,-0.3517,0.9012,-0.1507,-0.0177,0.3442,Dark,
1.8950,5.5564,6.1395,0.0000,0.0000,-0.1304,-0.3293,0.9352,-0.3770,-0.3201,0.8692,-0.2529,-0.3521,0.9012,-0.1507,-0.0178,0.3444,Dark,
1.9061,5.5555,6.1476,0.0000,0.0000,-0.1264,-0.3313,0.9350,-0.3719,-0.3224,0.8705,-0.2482,-0.3541,0.9017,-0.1507,-0.0178,0.3446,Dark,
1.9175,5.5692,6.1515,0.0000,0.0000,-0.1211,-0.3334,0.9350,-0.3651,-0.3249,0.8724,-0.2420,-0.3562,0.9025,-0.1506,-0.0178,0.3448,Dark,
1.9283,5.5712,6.1487,0.0000,0.0000,-0.1208,-0.3330,0.9352,-0.3640,-0.3246,0.8730,-0.2414,-0.3557,0.9029,-0.1506,-0.0179,0.3449,Dark,
1.9394,5.5724,6.1531,0.0000,0.0000,-0.1182,-0.3341,0.9351,-0.3608,-0.3259,0.8738,-0.2384,-0.3568,0.9033,-0.1504,-0.0179,0.3451,Dark,
1.9507,5.5712,6.1565,0.0000,0.0000,-0.1164,-0.3343,0.9352,-0.3588,-0.3263,0.8745,-0.2365,-0.3571,0.9036,-0.1503,-0.0180,0.3452,Dark,
1.9618,5.5739,6.1608,0.0000,0.0000,-0.1135,-0.3353,0.9353,-0.3547,-0.3276,0.8757,-0.2329,-0.3581,0.9042,-0.1503,-0.0180,0.3453,Dark,
1.9721,5.5781,6.1640,0.0000,0.0000,-0.1118,-0.3357,0.9353,-0.3524,-0.3282,0.8764,-0.2309,-0.3584,0.9046,-0.1503,-0.0180,0.3454,Dark,
1.9839,5.5850,6.1659,0.0000,0.0000,-0.1093,-0.3362,0.9354,-0.3494,-0.3290,0.8773,-0.2281,-0.3590,0.9050,-0.1502,-0.0181,0.3455,Dark,
1.9955,5.5856,6.1602,0.0000,0.0000,-0.1074,-0.3369,0.9354,-0.3459,-0.3300,0.8783,-0.2253,-0.3597,0.9055,-0.1502,-0.0181,0.3455,Dark,
2.0062,5.5806,6.1596,0.0000,0.0000,-0.1065,-0.3372,0.9354,-0.3442,-0.3305,0.8788,-0.2240,-0.3600,0.9057,-0.1501,-0.0182,0.3456,Dark,
2.0169,5.5847,6.1592,0.0000,0.0000,-0.1048,-0.3376,0.9354,-0.3418,-0.3311,0.8795,-0.2219,-0.3604,0.9060,-0.1500,-0.0182,0.3456,Dark,
2.0288,5.5861,6.1439,0.0000,0.0000,-0.1024,-0.3380,0.9356,-0.3379,-0.3318,0.8808,-0.2186,-0.3607,0.9067,-0.1500,-0.0182,0.3457,Dark,
2.0392,5.5847,6.1355,0.0000,0.0000,-0.1013,-0.3381,0.9356,-0.3358,-0.3322,0.8814,-0.2171,-0.3608,0.9070,-0.1500,-0.0182,0.3457,Dark,
2.0511,5.5845,6.1288,0.0000,0.0000,-0.1000,-0.3385,0.9357,-0.3339,-0.3328,0.8819,-0.2154,-0.3612,0.9073,-0.1499,-0.0182,0.3458,Dark,
2.0621,5.5893,6.1355,0.0000,0.0000,-0.1001,-0.3399,0.9351,-0.3324,-0.3344,0.8819,-0.2147,-0.3626,0.9069,-0.1499,-0.0182,0.3458,Dark,
2.0730,5.5985,6.1355,0.0000,0.0000,-0.1008,-0.3414,0.9345,-0.3321,-0.3360,0.8814,-0.2149,-0.3640,0.9063,-0.1499,-0.0182,0.3458,Dark,
2.0842,5.6067,6.1354,0.0000,0.0000,-0.0994,-0.3413,0.9347,-0.3300,-0.3361,0.8821,-0.2131,-0.3638,0.9067,-0.1500,-0.0182,0.3459,Dark,
2.0957,5.6165,6.1366,0.0000,0.0000,-0.0994,-0.3429,0.9341,-0.3284,-0.3378,0.8820,-0.2123,-0.3653,0.9063,-0.1500,-0.0182,0.3459,Dark,
2.1065,5.6183,6.1530,0.0000,0.0000,-0.0993,-0.3435,0.9339,-0.3276,-0.3386,0.8821,-0.2118,-0.3659,0.9062,-0.1500,-0.0183,0.3459,Dark,
2.1176,5.6195,6.1671,0.0000,0.0000,-0.0995,-0.3440,0.9337,-0.3271,-0.3392,0.8820,-0.2117,-0.3664,0.9061,-0.1500,-0.0183,0.3459,Dark,
2.1291,5.6198,6.1667,0.0000,0.0000,-0.0997,-0.3449,0.9333,-0.3256,-0.3402,0.8822,-0.2110,-0.3671,0.9059,-0.1500,-0.0183,0.3459,Dark,
2.1393,5.6150,6.1623,0.0000,0.0000,-0.0994,-0.3452,0.9332,-0.3247,-0.3407,0.8823,-0.2104,-0.3675,0.9059,-0.1500,-0.0183,0.3459,Dark,
2.1506,5.6111,6.1574,0.0000,0.0000,-0.0998,-0.3458,0.9330,-0.3243,-0.3414,0.8822,-0.2104,-0.3680,0.9057,-0.1501,-0.0183,0.3459,Dark,
2.1621,5.6088,6.1616,0.0000,0.0000,-0.0994,-0.3469,0.9326,-0.3226,-0.3426,0.8824,-0.2093,-0.3690,0.9056,-0.1501,-0.0184,0.3458,Dark,
2.1732,5.6101,6.1490,0.0000,0.0000,-0.0991,-0.3475,0.9324,-0.3214,-0.3433,0.8825,-0.2085,-0.3696,0.9055,-0.1502,-0.0184,0.3459,Dark,
2.1844,5.6126,6.1383,0.0000,0.0000,-0.0993,-0.3482,0.9321,-0.3208,-0.3441,0.8824,-0.2084,-0.3702,0.9053,-0.1502,-0.0185,0.3458,Dark,
2.1959,5.6181,6.1262,0.0000,0.0000,-0.0984,-0.3484,0.9322,-0.3185,-0.3445,0.8831,-0.2067,-0.3703,0.9056,-0.1503,-0.0185,0.3458,Dark,
2.2066,5.6201,6.1214,0.0000,0.0000,-0.0980,-0.3483,0.9323,-0.3173,-0.3445,0.8836,-0.2059,-0.3701,0.9059,-0.1503,-0.0185,0.3458,Dark,
2.2178,5.6207,6.1192,0.0000,0.0000,-0.0976,-0.3483,0.9323,-0.3163,-0.3446,0.8839,-0.2052,-0.3701,0.9060,-0.1503,-0.0184,0.3458,Dark,
2.2286,5.6133,6.1240,0.0000,0.0000,-0.0969,-0.3478,0.9325,-0.3145,-0.3443,0.8846,-0.2040,-0.3696,0.9065,-0.1503,-0.0184,0.3458,Dark,
2.2400,5.6068,6.1329,0.0000,0.0000,-0.0968,-0.3474,0.9327,-0.3137,-0.3439,0.8850,-0.2035,-0.3692,0.9068,-0.1504,-0.0184,0.3459,Dark,
2.2511,5.6018,6.1402,0.0000,0.0000,-0.0961,-0.3476,0.9327,-0.3126,-0.3442,0.8853,-0.2025,-0.3693,0.9070,-0.1504,-0.0183,0.3459,Dark,
2.2623,5.5889,6.1226,0.0000,0.0000,-0.0951,-0.3479,0.9327,-0.3105,-0.3447,0.8859,-0.2010,-0.3695,0.9072,-0.1504,-0.0183,0.3458,Dark,
2.2733,5.5821,6.1220,0.0000,0.0000,-0.0948,-0.3479,0.9327,-0.3095,-0.3448,0.8862,-0.2003,-0.3695,0.9074,-0.1505,-0.0183,0.3459,Dark,
2.2840,5.5839,6.1216,0.0000,0.0000,-0.0941,-0.3479,0.9328,-0.3084,-0.3449,0.8865,-0.1994,-0.3695,0.9076,-0.1505,-0.0183,0.3458,Dark,
2.2958,5.5868,6.1431,0.0000,0.0000,-0.0929,-0.3476,0.9330,-0.3062,-0.3448,0.8873,-0.1977,-0.3692,0.9081,-0.1505,-0.0183,0.3458,Dark,
2.3069,5.5880,6.1457,0.0000,0.0000,-0.0922,-0.3472,0.9332,-0.3051,-0.3445,0.8878,-0.1968,-0.3688,0.9084,-0.1505,-0.0183,0.3459,Dark,
2.3176,5.5915,6.1465,0.0000,0.0000,-0.0913,-0.3469,0.9335,-0.3037,-0.3444,0.8883,-0.1956,-0.3685,0.9088,-0.1505,-0.0183,0.3459,Dark,
2.3296,5.5864,6.1591,0.0000,0.0000,-0.0899,-0.3463,0.9338,-0.3016,-0.3440,0.8892,-0.1938,-0.3680,0.9094,-0.1506,-0.0182,0.3459,Dark,
2.3403,5.5802,6.1547,0.0000,0.0000,-0.0893,-0.3463,0.9339,-0.3004,-0.3441,0.8896,-0.1929,-0.3680,0.9096,-0.1506,-0.0182,0.3459,Dark,
2.3514,5.5820,6.1514,0.0000,0.0000,-0.0884,-0.3463,0.9340,-0.2993,-0.3442,0.8899,-0.1919,-0.3680,0.9098,-0.1506,-0.0182,0.3459,Dark,
2.3633,5.5762,6.1502,0.0000,0.0000,-0.0870,-0.3463,0.9341,-0.2971,-0.3445,0.8905,-0.1900,-0.3680,0.9102,-0.1506,-0.0182,0.3459,Dark,
2.3737,5.5703,6.1539,0.0000,0.0000,-0.0865,-0.3467,0.9340,-0.2964,-0.3450,0.8906,-0.1894,-0.3684,0.9102,-0.1506,-0.0182,0.3459,Dark,
2.3842,5.5668,6.1576,0.0000,0.0000,-0.0861,-0.3466,0.9340,-0.2956,-0.3450,0.8908,-0.1888,-0.3683,0.9103,-0.1507,-0.0182,0.3459,Dark,
2.3957,5.5573,6.1558,0.0000,0.0000,-0.0847,-0.3468,0.9341,-0.2936,-0.3452,0.8914,-0.1871,-0.3684,0.9106,-0.1507,-0.0181,0.3460,Dark,
2.4066,5.5531,6.1550,0.0000,0.0000,-0.0844,-0.3468,0.9341,-0.2929,-0.3453,0.8916,-0.1866,-0.3685,0.9107,-0.1507,-0.0181,0.3460,Dark,
2.4176,5.5582,6.1541,0.0000,0.0000,-0.0840,-0.3468,0.9342,-0.2922,-0.3453,0.8918,-0.1861,-0.3684,0.9108,-0.1507,-0.0181,0.3461,Dark,
2.4289,5.5596,6.1758,0.0000,0.0000,-0.0831,-0.3468,0.9343,-0.2906,-0.3454,0.8923,-0.1848,-0.3683,0.9111,-0.1507,-0.0181,0.3461,Dark,
2.4399,5.5570,6.1765,0.0000,0.0000,-0.0830,-0.3469,0.9342,-0.2902,-0.3455,0.8924,-0.1846,-0.3684,0.9112,-0.1507,-0.0181,0.3461,Dark,
2.4511,5.5675,6.1763,0.0000,0.0000,-0.0829,-0.3470,0.9342,-0.2897,-0.3456,0.8925,-0.1843,-0.3685,0.9112,-0.1507,-0.0181,0.3461,Dark,
2.4624,5.5744,6.1937,0.0000,0.0000,-0.0822,-0.3473,0.9342,-0.2883,-0.3458,0.8929,-0.1832,-0.3686,0.9113,-0.1506,-0.0181,0.3461,Dark,
2.4737,5.5732,6.1919,0.0000,0.0000,-0.0823,-0.3476,0.9340,-0.2880,-0.3462,0.8929,-0.1831,-0.3689,0.9113,-0.1507,-0.0181,0.3462,Dark,
2.4843,5.5701,6.1906,0.0000,0.0000,-0.0815,-0.3478,0.9340,-0.2870,-0.3464,0.8931,-0.1822,-0.3691,0.9114,-0.1507,-0.0181,0.3462,Dark,
2.4957,5.5650,6.1909,0.0000,0.0000,-0.0806,-0.3480,0.9340,-0.2855,-0.3467,0.8935,-0.1810,-0.3693,0.9115,-0.1507,-0.0181,0.3462,Dark,
2.5069,5.5648,6.1857,0.0000,0.0000,-0.0803,-0.3481,0.9340,-0.2848,-0.3468,0.8936,-0.1805,-0.3694,0.9116,-0.1506,-0.0182,0.3462,Dark,
2.5179,5.5585,6.1820,0.0000,0.0000,-0.0799,-0.3483,0.9340,-0.2842,-0.3471,0.8937,-0.1800,-0.3696,0.9116,-0.1506,-0.0182,0.3462,Dark,
2.5292,5.5499,6.1806,0.0000,0.0000,-0.0791,-0.3487,0.9339,-0.2829,-0.3475,0.8940,-0.1789,-0.3699,0.9117,-0.1506,-0.0182,0.3462,Dark,
2.5403,5.5471,6.1878,0.0000,0.0000,-0.0788,-0.3490,0.9338,-0.2823,-0.3479,0.8940,-0.1785,-0.3702,0.9116,-0.1506,-0.0183,0.3462,Dark,
2.5513,5.5525,6.1941,0.0000,0.0000,-0.0783,-0.3494,0.9337,-0.2816,-0.3482,0.8941,-0.1778,-0.3705,0.9116,-0.1505,-0.0183,0.3462,Dark,
2.5627,5.5624,6.1855,0.0000,0.0000,-0.0777,-0.3499,0.9335,-0.2806,-0.3489,0.8942,-0.1771,-0.3711,0.9116,-0.1505,-0.0184,0.3461,Dark,
2.5738,5.5657,6.1898,0.0000,0.0000,-0.0776,-0.3503,0.9334,-0.2802,-0.3492,0.8942,-0.1768,-0.3714,0.9115,-0.1506,-0.0184,0.3461,Dark,
2.5847,5.5720,6.1931,0.0000,0.0000,-0.0771,-0.3505,0.9334,-0.2796,-0.3494,0.8943,-0.1762,-0.3716,0.9115,-0.1506,-0.0184,0.3461,Dark,
2.5960,5.5762,6.1853,0.0000,0.0000,-0.0763,-0.3507,0.9334,-0.2782,-0.3497,0.8946,-0.1751,-0.3718,0.9117,-0.1506,-0.0184,0.3461,Dark,
2.6071,5.5759,6.1855,0.0000,0.0000,-0.0763,-0.3505,0.9334,-0.2779,-0.3496,0.8948,-0.1750,-0.3716,0.9118,-0.1505,-0.0184,0.3461,Dark,
2.6181,5.5820,6.1851,0.0000,0.0000,-0.0764,-0.3500,0.9336,-0.2778,-0.3491,0.8950,-0.1750,-0.3710,0.9120,-0.1505,-0.0184,0.3460,Dark,
2.6294,5.5801,6.2013,0.0000,0.0000,-0.0767,-0.3498,0.9337,-0.2759,-0.3488,0.8956,-0.1743,-0.3705,0.9123,-0.1505,-0.0183,0.3460,Dark,
2.6405,5.5744,6.1964,0.0000,0.0000,-0.0771,-0.3495,0.9338,-0.2754,-0.3485,0.8959,-0.1742,-0.3701,0.9125,-0.1505,-0.0183,0.3460,Dark,
2.6516,5.5622,6.1883,0.0000,0.0000,-0.0775,-0.3494,0.9338,-0.2741,-0.3485,0.8963,-0.1737,-0.3699,0.9127,-0.1505,-0.0183,0.3460,Dark,
2.6627,5.5596,6.1851,0.0000,0.0000,-0.0775,-0.3494,0.9338,-0.2734,-0.3485,0.8965,-0.1734,-0.3698,0.9128,-0.1506,-0.0182,0.3460,Dark,
2.6740,5.5587,6.1940,0.0000,0.0000,-0.0777,-0.3494,0.9338,-0.2727,-0.3484,0.8968,-0.1732,-0.3697,0.9129,-0.1506,-0.0182,0.3460,Dark,
2.6854,5.5512,6.2110,0.0000,0.0000,-0.0780,-0.3493,0.9338,-0.2715,-0.3484,0.8971,-0.1727,-0.3694,0.9131,-0.1506,-0.0182,0.3460,Dark,
2.6962,5.5500,6.2088,0.0000,0.0000,-0.0780,-0.3495,0.9337,-0.2709,-0.3486,0.8972,-0.1724,-0.3696,0.9131,-0.1506,-0.0182,0.3460,Dark,
2.7076,5.5490,6.2013,0.0000,0.0000,-0.0780,-0.3493,0.9338,-0.2704,-0.3485,0.8975,-0.1722,-0.3693,0.9132,-0.1506,-0.0182,0.3460,Dark,
2.7183,5.5543,6.1868,0.0000,0.0000,-0.0780,-0.3491,0.9338,-0.2697,-0.3483,0.8978,-0.1718,-0.3691,0.9134,-0.1506,-0.0181,0.3460,Dark,
2.7293,5.5657,6.1922,0.0000,0.0000,-0.0779,-0.3490,0.9339,-0.2690,-0.3483,0.8980,-0.1714,-0.3689,0.9135,-0.1506,-0.0181,0.3460,Dark,
2.7406,5.5749,6.1967,0.0000,0.0000,-0.0777,-0.3489,0.9339,-0.2684,-0.3482,0.8982,-0.1710,-0.3688,0.9136,-0.1506,-0.0182,0.3460,Dark,
2.7517,5.5878,6.2063,0.0000,0.0000,-0.0778,-0.3492,0.9338,-0.2676,-0.3486,0.8983,-0.1706,-0.3690,0.9136,-0.1506,-0.0182,0.3460,Dark,
2.7629,5.5927,6.2049,0.0000,0.0000,-0.0774,-0.3490,0.9339,-0.2668,-0.3484,0.8986,-0.1700,-0.3688,0.9138,-0.1507,-0.0182,0.3460,Dark,
2.7740,5.5954,6.2027,0.0000,0.0000,-0.0776,-0.3489,0.9339,-0.2665,-0.3484,0.8987,-0.1700,-0.3687,0.9139,-0.1507,-0.0181,0.3460,Dark,
2.7850,5.5985,6.1947,0.0000,0.0000,-0.0772,-0.3487,0.9340,-0.2652,-0.3482,0.8991,-0.1692,-0.3684,0.9141,-0.1507,-0.0181,0.3460,Dark,
2.7962,5.5979,6.1980,0.0000,0.0000,-0.0767,-0.3483,0.9343,-0.2644,-0.3478,0.8995,-0.1686,-0.3679,0.9144,-0.1507,-0.0182,0.3460,Dark,
2.8074,5.5971,6.2013,0.0000,0.0000,-0.0769,-0.3486,0.9341,-0.2644,-0.3481,0.8994,-0.1686,-0.3682,0.9143,-0.1507,-0.0182,0.3461,Dark,
2.8188,5.5979,6.2008,0.0000,0.0000,-0.0763,-0.3486,0.9342,-0.2634,-0.3482,0.8996,-0.1678,-0.3683,0.9145,-0.1507,-0.0182,0.3461,Dark,
2.8298,5.6024,6.2013,0.0000,0.0000,-0.0757,-0.3487,0.9342,-0.2627,-0.3483,0.8998,-0.1672,-0.3683,0.9145,-0.1507,-0.0183,0.3461,Dark,
2.8407,5.6062,6.2013,0.0000,0.0000,-0.0759,-0.3488,0.9341,-0.2627,-0.3485,0.8997,-0.1673,-0.3684,0.9145,-0.1507,-0.0183,0.3461,Dark,
2.8521,5.6018,6.1976,0.0000,0.0000,-0.0753,-0.3488,0.9342,-0.2619,-0.3485,0.9000,-0.1666,-0.3684,0.9146,-0.1507,-0.0183,0.3462,Dark,
2.8631,5.5897,6.2123,0.0000,0.0000,-0.0756,-0.3491,0.9340,-0.2620,-0.3488,0.8998,-0.1668,-0.3687,0.9145,-0.1508,-0.0183,0.3462,Dark,
2.8741,5.5792,6.2245,0.0000,0.0000,-0.0753,-0.3489,0.9341,-0.2616,-0.3486,0.9000,-0.1664,-0.3685,0.9146,-0.1508,-0.0183,0.3462,Dark,
2.8856,5.5698,6.2219,0.0000,0.0000,-0.0750,-0.3492,0.9340,-0.2609,-0.3489,0.9001,-0.1659,-0.3688,0.9146,-0.1508,-0.0184,0.3463,Dark,
2.8964,5.5706,6.2252,0.0000,0.0000,-0.0750,-0.3495,0.9339,-0.2608,-0.3493,0.9000,-0.1659,-0.3691,0.9145,-0.1508,-0.0184,0.3463,Dark,
2.9076,5.5697,6.2269,0.0000,0.0000,-0.0748,-0.3497,0.9339,-0.2605,-0.3494,0.9000,-0.1656,-0.3692,0.9145,-0.1508,-0.0184,0.3463,Dark,
2.9187,5.5669,6.2057,0.0000,0.0000,-0.0746,-0.3503,0.9337,-0.2600,-0.3501,0.8999,-0.1653,-0.3698,0.9143,-0.1508,-0.0184,0.3464,Dark,
2.9299,5.5645,6.2120,0.0000,0.0000,-0.0745,-0.3505,0.9336,-0.2597,-0.3503,0.8999,-0.1650,-0.3700,0.9142,-0.1508,-0.0184,0.3464,Dark,
2.9410,5.5668,6.2174,0.0000,0.0000,-0.0741,-0.3505,0.9336,-0.2592,-0.3503,0.9000,-0.1646,-0.3700,0.9143,-0.1507,-0.0184,0.3465,Dark,
2.9521,5.5761,6.2213,0.0000,0.0000,-0.0737,-0.3505,0.9337,-0.2585,-0.3504,0.9002,-0.1640,-0.3700,0.9144,-0.1507,-0.0184,0.3465,Dark,
2.9633,5.5817,6.2212,0.0000,0.0000,-0.0734,-0.3503,0.9338,-0.2582,-0.3502,0.9004,-0.1637,-0.3698,0.9146,-0.1508,-0.0184,0.3466,Dark,
2.9745,5.5758,6.2199,0.0000,0.0000,-0.0732,-0.3502,0.9338,-0.2580,-0.3501,0.9005,-0.1635,-0.3697,0.9147,-0.1508,-0.0184,0.3466,Dark,
2.9857,5.5626,6.2147,0.0000,0.0000,-0.0728,-0.3502,0.9339,-0.2573,-0.3500,0.9007,-0.1630,-0.3696,0.9148,-0.1507,-0.0184,0.3467,Dark,
2.9967,5.5564,6.2205,0.0000,0.0000,-0.0721,-0.3498,0.9340,-0.2566,-0.3497,0.9011,-0.1623,-0.3692,0.9151,-0.1507,-0.0184,0.3467,Dark,
3.0078,5.5552,6.2256,0.0000,0.0000,-0.0718,-0.3498,0.9341,-0.2563,-0.3497,0.9011,-0.1620,-0.3693,0.9151,-0.1506,-0.0184,0.3467,Dark,
3.0191,5.5652,6.2348,0.0000,0.0000,-0.0703,-0.3494,0.9343,-0.2548,-0.3493,0.9017,-0.1605,-0.3689,0.9155,-0.1506,-0.0184,0.3468,Dark,
3.0301,5.5733,6.2312,0.0000,0.0000,-0.0699,-0.3495,0.9343,-0.2543,-0.3494,0.9018,-0.1600,-0.3689,0.9156,-0.1506,-0.0184,0.3468,Dark,
3.0412,5.5763,6.2274,0.0000,0.0000,-0.0694,-0.3496,0.9343,-0.2538,-0.3495,0.9019,-0.1595,-0.3690,0.9156,-0.1506,-0.0184,0.3468,Dark,
3.0524,5.5908,6.2261,0.0000,0.0000,-0.0689,-0.3494,0.9344,-0.2532,-0.3493,0.9021,-0.1590,-0.3689,0.9158,-0.1505,-0.0184,0.3468,Dark,
3.0636,5.6009,6.2301,0.0000,0.0000,-0.0683,-0.3494,0.9345,-0.2526,-0.3492,0.9023,-0.1584,-0.3688,0.9159,-0.1505,-0.0184,0.3468,Dark,
3.0747,5.5969,6.2340,0.0000,0.0000,-0.0679,-0.3495,0.9345,-0.2522,-0.3493,0.9024,-0.1580,-0.3689,0.9160,-0.1505,-0.0184,0.3468,Dark,
3.0861,5.5941,6.2536,0.0000,0.0000,-0.0672,-0.3495,0.9345,-0.2513,-0.3494,0.9026,-0.1572,-0.3689,0.9161,-0.1505,-0.0185,0.3468,Dark,
3.0968,5.5940,6.2571,0.0000,0.0000,-0.0669,-0.3497,0.9345,-0.2505,-0.3496,0.9028,-0.1566,-0.3690,0.9161,-0.1504,-0.0185,0.3468,Dark,
3.1079,5.5912,6.2592,0.0000,0.0000,-0.0663,-0.3498,0.9345,-0.2495,-0.3498,0.9030,-0.1558,-0.3691,0.9162,-0.1504,-0.0185,0.3468,Dark,
3.1195,5.5971,6.2418,0.0000,0.0000,-0.0655,-0.3498,0.9345,-0.2484,-0.3498,0.9033,-0.1549,-0.3691,0.9164,-0.1503,-0.0185,0.3468,Dark,
3.1304,5.6027,6.2550,0.0000,0.0000,-0.0649,-0.3497,0.9346,-0.2479,-0.3498,0.9034,-0.1543,-0.3690,0.9165,-0.1503,-0.0185,0.3468,Dark,
3.1414,5.6061,6.2669,0.0000,0.0000,-0.0644,-0.3496,0.9347,-0.2474,-0.3498,0.9036,-0.1538,-0.3690,0.9166,-0.1503,-0.0185,0.3468,Dark,
3.1525,5.6123,6.2678,0.0000,0.0000,-0.0634,-0.3494,0.9348,-0.2464,-0.3497,0.9039,-0.1528,-0.3689,0.9168,-0.1502,-0.0185,0.3468,Dark,
3.1638,5.6145,6.2695,0.0000,0.0000,-0.0630,-0.3494,0.9348,-0.2459,-0.3497,0.9040,-0.1523,-0.3688,0.9169,-0.1502,-0.0185,0.3468,Dark,
3.1749,5.6167,6.2692,0.0000,0.0000,-0.0625,-0.3494,0.9349,-0.2453,-0.3497,0.9042,-0.1518,-0.3688,0.9170,-0.1502,-0.0185,0.3467,Dark,
3.1859,5.6213,6.2691,0.0000,0.0000,-0.0618,-0.3494,0.9349,-0.2446,-0.3497,0.9044,-0.1511,-0.3689,0.9171,-0.1502,-0.0185,0.3467,Dark,
3.1971,5.6235,6.2761,0.0000,0.0000,-0.0615,-0.3494,0.9350,-0.2443,-0.3498,0.9044,-0.1508,-0.3689,0.9172,-0.1502,-0.0185,0.3467,Dark,
3.2087,5.6238,6.2817,0.0000,0.0000,-0.0613,-0.3493,0.9350,-0.2440,-0.3498,0.9045,-0.1505,-0.3688,0.9172,-0.1502,-0.0185,0.3467,Dark,
3.2195,5.6243,6.2831,0.0000,0.0000,-0.0607,-0.3492,0.9351,-0.2433,-0.3497,0.9047,-0.1499,-0.3687,0.9174,-0.1502,-0.0185,0.3466,Dark,
3.2312,5.6245,6.2911,0.0000,0.0000,-0.0605,-0.3490,0.9352,-0.2431,-0.3495,0.9049,-0.1496,-0.3685,0.9175,-0.1502,-0.0185,0.3466,Dark,
3.2417,5.6310,6.2974,0.0000,0.0000,-0.0605,-0.3488,0.9352,-0.2430,-0.3493,0.9049,-0.1496,-0.3683,0.9176,-0.1503,-0.0185,0.3466,Dark,
3.2528,5.6336,6.2928,0.0000,0.0000,-0.0601,-0.3486,0.9353,-0.2426,-0.3492,0.9051,-0.1492,-0.3682,0.9177,-0.1503,-0.0184,0.3466,Dark,
3.2639,5.6306,6.2913,0.0000,0.0000,-0.0598,-0.3485,0.9354,-0.2425,-0.3490,0.9052,-0.1490,-0.3680,0.9178,-0.1503,-0.0184,0.3466,Dark,
3.2752,5.6336,6.3041,0.0000,0.0000,-0.0594,-0.3482,0.9355,-0.2424,-0.3488,0.9053,-0.1488,-0.3678,0.9179,-0.1503,-0.0184,0.3467,Dark,
3.2863,5.6401,6.3171,0.0000,0.0000,-0.0591,-0.3480,0.9356,-0.2423,-0.3486,0.9054,-0.1485,-0.3676,0.9180,-0.1503,-0.0184,0.3466,Dark,
3.2974,5.6460,6.3155,0.0000,0.0000,-0.0586,-0.3479,0.9357,-0.2420,-0.3486,0.9055,-0.1481,-0.3676,0.9181,-0.1503,-0.0184,0.3467,Dark,
3.3085,5.6477,6.3133,0.0000,0.0000,-0.0568,-0.3473,0.9360,-0.2405,-0.3481,0.9061,-0.1464,-0.3671,0.9186,-0.1503,-0.0184,0.3467,Dark,
3.3196,5.6489,6.3123,0.0000,0.0000,-0.0563,-0.3472,0.9361,-0.2402,-0.3481,0.9062,-0.1461,-0.3671,0.9187,-0.1503,-0.0184,0.3467,Dark,
3.3309,5.6495,6.3298,0.0000,0.0000,-0.0559,-0.3470,0.9362,-0.2400,-0.3479,0.9063,-0.1457,-0.3669,0.9188,-0.1502,-0.0184,0.3467,Dark,
3.3421,5.6518,6.3460,0.0000,0.0000,-0.0552,-0.3469,0.9363,-0.2396,-0.3478,0.9064,-0.1451,-0.3668,0.9189,-0.1502,-0.0184,0.3467,Dark,
3.3530,5.6570,6.3448,0.0000,0.0000,-0.0545,-0.3468,0.9364,-0.2390,-0.3477,0.9066,-0.1446,-0.3667,0.9190,-0.1502,-0.0184,0.3467,Dark,
3.3642,5.6610,6.3496,0.0000,0.0000,-0.0542,-0.3466,0.9364,-0.2388,-0.3476,0.9067,-0.1443,-0.3666,0.9191,-0.1502,-0.0184,0.3467,Dark,
3.3753,5.6637,6.3518,0.0000,0.0000,-0.0537,-0.3467,0.9364,-0.2387,-0.3477,0.9067,-0.1440,-0.3667,0.9191,-0.1502,-0.0184,0.3467,Dark,
3.3865,5.6657,6.3525,0.0000,0.0000,-0.0535,-0.3465,0.9365,-0.2387,-0.3475,0.9068,-0.1439,-0.3666,0.9192,-0.1503,-0.0184,0.3467,Dark,
3.3976,5.6669,6.3544,0.0000,0.0000,-0.0530,-0.3462,0.9367,-0.2383,-0.3472,0.9070,-0.1434,-0.3663,0.9194,-0.1502,-0.0184,0.3468,Dark,
3.4087,5.6666,6.3546,0.0000,0.0000,-0.0529,-0.3462,0.9367,-0.2388,-0.3472,0.9069,-0.1436,-0.3663,0.9193,-0.1502,-0.0184,0.3468,Dark,
3.4198,5.6666,6.3551,0.0000,0.0000,-0.0529,-0.3462,0.9367,-0.2389,-0.3472,0.9068,-0.1436,-0.3664,0.9193,-0.1502,-0.0184,0.3468,Dark,
3.4313,5.6649,6.3556,0.0000,0.0000,-0.0529,-0.3463,0.9366,-0.2391,-0.3473,0.9068,-0.1437,-0.3665,0.9192,-0.1502,-0.0184,0.3468,Dark,
3.4421,5.6712,6.3559,0.0000,0.0000,-0.0532,-0.3466,0.9365,-0.2399,-0.3476,0.9064,-0.1443,-0.3668,0.9190,-0.1502,-0.0184,0.3469,Dark,
3.4533,5.6737,6.3623,0.0000,0.0000,-0.0528,-0.3464,0.9366,-0.2398,-0.3474,0.9065,-0.1440,-0.3667,0.9191,-0.1502,-0.0184,0.3469,Dark,
3.4646,5.6794,6.3677,0.0000,0.0000,-0.0527,-0.3465,0.9366,-0.2400,-0.3475,0.9065,-0.1441,-0.3668,0.9191,-0.1502,-0.0184,0.3469,Dark,
3.4755,5.6802,6.3502,0.0000,0.0000,-0.0524,-0.3468,0.9365,-0.2402,-0.3478,0.9063,-0.1440,-0.3672,0.9189,-0.1502,-0.0184,0.3470,Dark,
3.4867,5.6763,6.3507,0.0000,0.0000,-0.0522,-0.3469,0.9365,-0.2402,-0.3479,0.9063,-0.1439,-0.3672,0.9189,-0.1503,-0.0184,0.3470,Dark,
3.4985,5.6751,6.3395,0.0000,0.0000,-0.0518,-0.3472,0.9363,-0.2401,-0.3483,0.9061,-0.1437,-0.3677,0.9188,-0.1502,-0.0184,0.3470,Dark,
3.5091,5.6829,6.3318,0.0000,0.0000,-0.0516,-0.3476,0.9362,-0.2401,-0.3487,0.9060,-0.1436,-0.3681,0.9186,-0.1502,-0.0184,0.3470,Dark,
3.5202,5.6901,6.3469,0.0000,0.0000,-0.0515,-0.3477,0.9362,-0.2402,-0.3488,0.9059,-0.1435,-0.3682,0.9186,-0.1502,-0.0185,0.3471,Dark,
3.5317,5.7040,6.3597,0.0000,0.0000,-0.0512,-0.3480,0.9361,-0.2402,-0.3492,0.9057,-0.1434,-0.3686,0.9185,-0.1501,-0.0185,0.3471,Dark,
3.5424,5.7060,6.3601,0.0000,0.0000,-0.0510,-0.3481,0.9361,-0.2403,-0.3493,0.9057,-0.1433,-0.3687,0.9184,-0.1501,-0.0185,0.3472,Dark,
3.5535,5.7067,6.3675,0.0000,0.0000,-0.0508,-0.3480,0.9361,-0.2403,-0.3492,0.9057,-0.1433,-0.3687,0.9185,-0.1501,-0.0185,0.3472,Dark,
3.5649,5.7207,6.3613,0.0000,0.0000,-0.0507,-0.3480,0.9361,-0.2405,-0.3491,0.9057,-0.1433,-0.3686,0.9185,-0.1501,-0.0185,0.3473,Dark,
3.5757,5.7251,6.3529,0.0000,0.0000,-0.0505,-0.3480,0.9361,-0.2405,-0.3490,0.9057,-0.1432,-0.3686,0.9185,-0.1501,-0.0185,0.3474,Dark,
3.5871,5.7285,6.3531,0.0000,0.0000,-0.0504,-0.3480,0.9362,-0.2404,-0.3489,0.9058,-0.1431,-0.3686,0.9185,-0.1501,-0.0185,0.3474,Dark,
3.5983,5.7310,6.3427,0.0000,0.0000,-0.0499,-0.3480,0.9362,-0.2402,-0.3490,0.9058,-0.1427,-0.3686,0.9186,-0.1500,-0.0185,0.3475,Dark,
3.6092,5.7331,6.3350,0.0000,0.0000,-0.0497,-0.3481,0.9361,-0.2401,-0.3491,0.9058,-0.1425,-0.3688,0.9185,-0.1500,-0.0185,0.3476,Dark,
3.6207,5.7351,6.3338,0.0000,0.0000,-0.0494,-0.3484,0.9361,-0.2399,-0.3493,0.9058,-0.1423,-0.3690,0.9185,-0.1499,-0.0186,0.3476,Dark,
3.6316,5.7425,6.3333,0.0000,0.0000,-0.0487,-0.3484,0.9361,-0.2394,-0.3493,0.9059,-0.1417,-0.3691,0.9185,-0.1499,-0.0186,0.3476,Dark,
3.6427,5.7439,6.3347,0.0000,0.0000,-0.0475,-0.3482,0.9362,-0.2384,-0.3492,0.9062,-0.1406,-0.3689,0.9188,-0.1498,-0.0186,0.3477,Dark,
3.6537,5.7447,6.3457,0.0000,0.0000,-0.0462,-0.3479,0.9364,-0.2372,-0.3490,0.9066,-0.1393,-0.3687,0.9191,-0.1498,-0.0187,0.3477,Dark,
3.6651,5.7360,6.3644,0.0000,0.0000,-0.0429,-0.3470,0.9369,-0.2342,-0.3481,0.9077,-0.1362,-0.3678,0.9199,-0.1497,-0.0187,0.3477,Dark,
3.6761,5.7482,6.3720,0.0000,0.0000,-0.0411,-0.3466,0.9371,-0.2326,-0.3478,0.9082,-0.1345,-0.3675,0.9203,-0.1497,-0.0188,0.3478,Dark,
3.6872,0.0000,0.0000,0.0000,0.0000,NaN,NaN,NaN,NaN,NaN,NaN,0.0000,0.0000,0.0000,0.0000,0.0000,0.0000,Dark,
3.6985,0.0000,0.0000,0.0000,0.0000,NaN,NaN,NaN,NaN,NaN,NaN,0.0000,0.0000,0.0000,0.0000,0.0000,0.0000,Dark,
3.7101,0.0000,0.0000,0.0000,0.0000,NaN,NaN,NaN,NaN,NaN,NaN,0.0000,0.0000,0.0000,0.0000,0.0000,0.0000,Dark,
3.7205,0.0000,0.0000,0.0000,0.0000,NaN,NaN,NaN,NaN,NaN,NaN,0.0000,0.0000,0.0000,0.0000,0.0000,0.0000,Dark,
3.7317,0.0000,0.0000,0.0000,0.0000,NaN,NaN,NaN,NaN,NaN,NaN,0.0000,0.0000,0.0000,0.0000,0.0000,0.0000,Dark,
3.7428,0.0000,0.0000,0.0000,0.0000,NaN,NaN,NaN,NaN,NaN,NaN,0.0000,0.0000,0.0000,0.0000,0.0000,0.0000,Dark,
3.7540,0.0000,0.0000,0.0000,0.0000,NaN,NaN,NaN,NaN,NaN,NaN,0.0000,0.0000,0.0000,0.0000,0.0000,0.0000,Dark,
3.7650,0.0000,0.0000,0.0000,0.0000,NaN,NaN,NaN,NaN,NaN,NaN,0.0000,0.0000,0.0000,0.0000,0.0000,0.0000,Dark,
3.7762,0.0000,0.0000,0.0000,0.0000,NaN,NaN,NaN,NaN,NaN,NaN,0.0000,0.0000,0.0000,0.0000,0.0000,0.0000,Dark,
3.7874,0.0000,0.0000,0.0000,0.0000,NaN,NaN,NaN,NaN,NaN,NaN,0.0000,0.0000,0.0000,0.0000,0.0000,0.0000,Dark,
3.7987,0.0000,0.0000,0.0000,0.0000,NaN,NaN,NaN,NaN,NaN,NaN,0.0000,0.0000,0.0000,0.0000,0.0000,0.0000,Dark,
3.8099,0.0000,0.0000,0.0000,0.0000,NaN,NaN,NaN,NaN,NaN,NaN,0.0000,0.0000,0.0000,0.0000,0.0000,0.0000,Dark,
3.8206,0.0000,0.0000,0.0000,0.0000,NaN,NaN,NaN,NaN,NaN,NaN,0.0000,0.0000,0.0000,0.0000,0.0000,0.0000,Dark,
3.8319,0.0000,0.0000,0.0000,0.0000,NaN,NaN,NaN,NaN,NaN,NaN,0.0000,0.0000,0.0000,0.0000,0.0000,0.0000,Dark,
3.8433,0.0000,0.0000,0.0000,0.0000,NaN,NaN,NaN,NaN,NaN,NaN,0.0000,0.0000,0.0000,0.0000,0.0000,0.0000,Dark,
3.8543,0.0000,0.0000,0.0000,0.0000,NaN,NaN,NaN,NaN,NaN,NaN,0.0000,0.0000,0.0000,0.0000,0.0000,0.0000,Dark,
3.8654,0.0000,0.0000,0.0000,0.0000,NaN,NaN,NaN,NaN,NaN,NaN,0.0000,0.0000,0.0000,0.0000,0.0000,0.0000,Dark,
3.8765,0.0000,0.0000,0.0000,0.0000,NaN,NaN,NaN,NaN,NaN,NaN,0.0000,0.0000,0.0000,0.0000,0.0000,0.0000,Dark,
3.8875,0.0000,0.0000,0.0000,0.0000,NaN,NaN,NaN,NaN,NaN,NaN,0.0000,0.0000,0.0000,0.0000,0.0000,0.0000,Dark,
3.8990,0.0000,0.0000,0.0000,0.0000,NaN,NaN,NaN,NaN,NaN,NaN,0.0000,0.0000,0.0000,0.0000,0.0000,0.0000,Dark,
3.9101,0.0000,0.0000,0.0000,0.0000,NaN,NaN,NaN,NaN,NaN,NaN,0.0000,0.0000,0.0000,0.0000,0.0000,0.0000,Dark,
3.9211,0.0000,0.0000,0.0000,0.0000,NaN,NaN,NaN,NaN,NaN,NaN,0.0000,0.0000,0.0000,0.0000,0.0000,0.0000,Dark,
3.9322,0.0000,0.0000,0.0000,0.0000,NaN,NaN,NaN,NaN,NaN,NaN,0.0000,0.0000,0.0000,0.0000,0.0000,0.0000,Dark,
3.9435,0.0000,0.0000,0.0000,0.0000,NaN,NaN,NaN,NaN,NaN,NaN,0.0000,0.0000,0.0000,0.0000,0.0000,0.0000,Dark,
3.9546,0.0000,0.0000,0.0000,0.0000,NaN,NaN,NaN,NaN,NaN,NaN,0.0000,0.0000,0.0000,0.0000,0.0000,0.0000,Dark,
3.9657,0.0000,0.0000,0.0000,0.0000,NaN,NaN,NaN,NaN,NaN,NaN,0.0000,0.0000,0.0000,0.0000,0.0000,0.0000,Dark,
3.9768,0.0000,0.0000,0.0000,0.0000,NaN,NaN,NaN,NaN,NaN,NaN,0.0000,0.0000,0.0000,0.0000,0.0000,0.0000,Dark,
3.9878,0.0000,0.0000,0.0000,0.0000,NaN,NaN,NaN,NaN,NaN,NaN,0.0000,0.0000,0.0000,0.0000,0.0000,0.0000,Dark,
3.9992,0.0000,0.0000,0.0000,0.0000,NaN,NaN,NaN,NaN,NaN,NaN,0.0000,0.0000,0.0000,0.0000,0.0000,0.0000,Dark,
4.0105,0.0000,0.0000,0.0000,0.0000,NaN,NaN,NaN,NaN,NaN,NaN,0.0000,0.0000,0.0000,0.0000,0.0000,0.0000,Dark,
4.0214,0.0000,0.0000,0.0000,0.0000,NaN,NaN,NaN,NaN,NaN,NaN,0.0000,0.0000,0.0000,0.0000,0.0000,0.0000,Dark,
4.0323,0.0000,0.0000,0.0000,0.0000,NaN,NaN,NaN,NaN,NaN,NaN,0.0000,0.0000,0.0000,0.0000,0.0000,0.0000,Dark,
4.0436,0.0000,0.0000,0.0000,0.0000,NaN,NaN,NaN,NaN,NaN,NaN,0.0000,0.0000,0.0000,0.0000,0.0000,0.0000,Dark,
4.0549,0.0000,0.0000,0.0000,0.0000,NaN,NaN,NaN,NaN,NaN,NaN,0.0000,0.0000,0.0000,0.0000,0.0000,0.0000,Dark,
4.0657,0.0000,0.0000,0.0000,0.0000,NaN,NaN,NaN,NaN,NaN,NaN,0.0000,0.0000,0.0000,0.0000,0.0000,0.0000,Dark,
4.0770,0.0000,0.0000,0.0000,0.0000,NaN,NaN,NaN,NaN,NaN,NaN,0.0000,0.0000,0.0000,0.0000,0.0000,0.0000,Dark,
4.0881,0.0000,0.0000,0.0000,0.0000,NaN,NaN,NaN,NaN,NaN,NaN,0.0000,0.0000,0.0000,0.0000,0.0000,0.0000,Dark,
4.0993,0.0000,0.0000,0.0000,0.0000,NaN,NaN,NaN,NaN,NaN,NaN,0.0000,0.0000,0.0000,0.0000,0.0000,0.0000,Dark,
4.1106,0.0000,0.0000,0.0000,0.0000,NaN,NaN,NaN,NaN,NaN,NaN,0.0000,0.0000,0.0000,0.0000,0.0000,0.0000,Dark,
4.1216,0.0000,0.0000,0.0000,0.0000,NaN,NaN,NaN,NaN,NaN,NaN,0.0000,0.0000,0.0000,0.0000,0.0000,0.0000,Dark,
4.1326,0.0000,0.0000,0.0000,0.0000,NaN,NaN,NaN,NaN,NaN,NaN,0.0000,0.0000,0.0000,0.0000,0.0000,0.0000,Dark,
4.1438,0.0000,0.0000,0.0000,0.0000,NaN,NaN,NaN,NaN,NaN,NaN,0.0000,0.0000,0.0000,0.0000,0.0000,0.0000,Dark,
4.1550,0.0000,0.0000,0.0000,0.0000,NaN,NaN,NaN,NaN,NaN,NaN,0.0000,0.0000,0.0000,0.0000,0.0000,0.0000,Dark,
4.1661,0.0000,0.0000,0.0000,0.0000,NaN,NaN,NaN,NaN,NaN,NaN,0.0000,0.0000,0.0000,0.0000,0.0000,0.0000,Dark,
4.1773,0.0000,0.0000,0.0000,0.0000,NaN,NaN,NaN,NaN,NaN,NaN,0.0000,0.0000,0.0000,0.0000,0.0000,0.0000,Dark,
4.1883,0.0000,0.0000,0.0000,0.0000,NaN,NaN,NaN,NaN,NaN,NaN,0.0000,0.0000,0.0000,0.0000,0.0000,0.0000,Dark,
4.1994,0.0000,0.0000,0.0000,0.0000,NaN,NaN,NaN,NaN,NaN,NaN,0.0000,0.0000,0.0000,0.0000,0.0000,0.0000,Dark,
4.2107,0.0000,0.0000,0.0000,0.0000,NaN,NaN,NaN,NaN,NaN,NaN,0.0000,0.0000,0.0000,0.0000,0.0000,0.0000,Dark,
4.2219,0.0000,0.0000,0.0000,0.0000,NaN,NaN,NaN,NaN,NaN,NaN,0.0000,0.0000,0.0000,0.0000,0.0000,0.0000,Dark,
4.2329,0.0000,0.0000,0.0000,0.0000,NaN,NaN,NaN,NaN,NaN,NaN,0.0000,0.0000,0.0000,0.0000,0.0000,0.0000,Dark,
4.2441,0.0000,0.0000,0.0000,0.0000,NaN,NaN,NaN,NaN,NaN,NaN,0.0000,0.0000,0.0000,0.0000,0.0000,0.0000,Dark,
4.2552,0.0000,0.0000,0.0000,0.0000,NaN,NaN,NaN,NaN,NaN,NaN,0.0000,0.0000,0.0000,0.0000,0.0000,0.0000,Dark,
4.2664,0.0000,0.0000,0.0000,0.0000,NaN,NaN,NaN,NaN,NaN,NaN,0.0000,0.0000,0.0000,0.0000,0.0000,0.0000,Dark,
4.2775,0.0000,0.0000,0.0000,0.0000,NaN,NaN,NaN,NaN,NaN,NaN,0.0000,0.0000,0.0000,0.0000,0.0000,0.0000,Dark,
4.2887,0.0000,0.0000,0.0000,0.0000,NaN,NaN,NaN,NaN,NaN,NaN,0.0000,0.0000,0.0000,0.0000,0.0000,0.0000,Dark,
4.2997,0.0000,0.0000,0.0000,0.0000,NaN,NaN,NaN,NaN,NaN,NaN,0.0000,0.0000,0.0000,0.0000,0.0000,0.0000,Dark,
4.3110,0.0000,0.0000,0.0000,0.0000,NaN,NaN,NaN,NaN,NaN,NaN,0.0000,0.0000,0.0000,0.0000,0.0000,0.0000,Dark,
4.3220,0.0000,0.0000,0.0000,0.0000,NaN,NaN,NaN,NaN,NaN,NaN,0.0000,0.0000,0.0000,0.0000,0.0000,0.0000,Dark,
4.3330,0.0000,0.0000,0.0000,0.0000,NaN,NaN,NaN,NaN,NaN,NaN,0.0000,0.0000,0.0000,0.0000,0.0000,0.0000,Dark,
4.3443,0.0000,0.0000,0.0000,0.0000,NaN,NaN,NaN,NaN,NaN,NaN,0.0000,0.0000,0.0000,0.0000,0.0000,0.0000,Dark,
4.3555,0.0000,0.0000,0.0000,0.0000,NaN,NaN,NaN,NaN,NaN,NaN,0.0000,0.0000,0.0000,0.0000,0.0000,0.0000,Dark,
4.3666,0.0000,0.0000,0.0000,0.0000,NaN,NaN,NaN,NaN,NaN,NaN,0.0000,0.0000,0.0000,0.0000,0.0000,0.0000,Dark,
4.3777,0.0000,0.0000,0.0000,0.0000,NaN,NaN,NaN,NaN,NaN,NaN,0.0000,0.0000,0.0000,0.0000,0.0000,0.0000,Dark,
4.3890,0.0000,0.0000,0.0000,0.0000,NaN,NaN,NaN,NaN,NaN,NaN,0.0000,0.0000,0.0000,0.0000,0.0000,0.0000,Dark,
4.4000,0.0000,0.0000,0.0000,0.0000,NaN,NaN,NaN,NaN,NaN,NaN,0.0000,0.0000,0.0000,0.0000,0.0000,0.0000,Dark,
4.4112,0.0000,0.0000,0.0000,0.0000,NaN,NaN,NaN,NaN,NaN,NaN,0.0000,0.0000,0.0000,0.0000,0.0000,0.0000,Dark,
4.4231,0.0000,0.0000,0.0000,0.0000,NaN,NaN,NaN,NaN,NaN,NaN,0.0000,0.0000,0.0000,0.0000,0.0000,0.0000,Dark,
4.4335,0.0000,0.0000,0.0000,0.0000,NaN,NaN,NaN,NaN,NaN,NaN,0.0000,0.0000,0.0000,0.0000,0.0000,0.0000,Dark,
4.4448,0.0000,0.0000,0.0000,0.0000,NaN,NaN,NaN,NaN,NaN,NaN,0.0000,0.0000,0.0000,0.0000,0.0000,0.0000,Dark,
4.4560,0.0000,0.0000,0.0000,0.0000,NaN,NaN,NaN,NaN,NaN,NaN,0.0000,0.0000,0.0000,0.0000,0.0000,0.0000,Dark,
4.4669,0.0000,0.0000,0.0000,0.0000,NaN,NaN,NaN,NaN,NaN,NaN,0.0000,0.0000,0.0000,0.0000,0.0000,0.0000,Dark,
4.4786,0.0000,0.0000,0.0000,0.0000,NaN,NaN,NaN,NaN,NaN,NaN,0.0000,0.0000,0.0000,0.0000,0.0000,0.0000,Dark,
4.4898,0.0000,0.0000,0.0000,0.0000,NaN,NaN,NaN,NaN,NaN,NaN,0.0000,0.0000,0.0000,0.0000,0.0000,0.0000,Dark,
4.5002,0.0000,0.0000,0.0000,0.0000,NaN,NaN,NaN,NaN,NaN,NaN,0.0000,0.0000,0.0000,0.0000,0.0000,0.0000,Dark,
4.5113,0.0000,0.0000,0.0000,0.0000,NaN,NaN,NaN,NaN,NaN,NaN,0.0000,0.0000,0.0000,0.0000,0.0000,0.0000,Dark,
4.5227,0.0000,0.0000,0.0000,0.0000,NaN,NaN,NaN,NaN,NaN,NaN,0.0000,0.0000,0.0000,0.0000,0.0000,0.0000,Dark,
4.5336,0.0000,0.0000,0.0000,0.0000,NaN,NaN,NaN,NaN,NaN,NaN,0.0000,0.0000,0.0000,0.0000,0.0000,0.0000,Dark,
4.5448,0.0000,0.0000,0.0000,0.0000,NaN,NaN,NaN,NaN,NaN,NaN,0.0000,0.0000,0.0000,0.0000,0.0000,0.0000,Dark,
4.5560,0.0000,0.0000,0.0000,0.0000,NaN,NaN,NaN,NaN,NaN,NaN,0.0000,0.0000,0.0000,0.0000,0.0000,0.0000,Dark,
4.5672,0.0000,0.0000,0.0000,0.0000,NaN,NaN,NaN,NaN,NaN,NaN,0.0000,0.0000,0.0000,0.0000,0.0000,0.0000,Dark,
4.5781,0.0000,0.0000,0.0000,0.0000,NaN,NaN,NaN,NaN,NaN,NaN,0.0000,0.0000,0.0000,0.0000,0.0000,0.0000,Dark,
4.5895,0.0000,0.0000,0.0000,0.0000,NaN,NaN,NaN,NaN,NaN,NaN,0.0000,0.0000,0.0000,0.0000,0.0000,0.0000,Dark,
4.6005,0.0000,0.0000,0.0000,0.0000,NaN,NaN,NaN,NaN,NaN,NaN,0.0000,0.0000,0.0000,0.0000,0.0000,0.0000,Dark,
4.6138,0.0000,0.0000,0.0000,0.0000,NaN,NaN,NaN,NaN,NaN,NaN,0.0000,0.0000,0.0000,0.0000,0.0000,0.0000,Dark,Start Red Sphere at Center for 0.5s
4.6228,0.0000,0.0000,0.0000,0.0000,NaN,NaN,NaN,NaN,NaN,NaN,0.0000,0.0000,0.0000,0.0000,0.0000,0.0000,Dark,Start Red Sphere at Center for 0.5s
4.6349,0.0000,0.0000,0.0000,0.0000,NaN,NaN,NaN,NaN,NaN,NaN,0.0000,0.0000,0.0000,0.0000,0.0000,0.0000,Dark,Start Red Sphere at Center for 0.5s
4.6450,0.0000,0.0000,0.0000,0.0000,NaN,NaN,NaN,NaN,NaN,NaN,0.0000,0.0000,0.0000,0.0000,0.0000,0.0000,Dark,Start Red Sphere at Center for 0.5s
4.6560,0.0000,0.0000,0.0000,0.0000,NaN,NaN,NaN,NaN,NaN,NaN,0.0000,0.0000,0.0000,0.0000,0.0000,0.0000,Dark,Start Red Sphere at Center for 0.5s
4.6673,0.0000,0.0000,0.0000,0.0000,NaN,NaN,NaN,NaN,NaN,NaN,0.0000,0.0000,0.0000,0.0000,0.0000,0.0000,Dark,Start Red Sphere at Center for 0.5s
4.6783,0.0000,0.0000,0.0000,0.0000,NaN,NaN,NaN,NaN,NaN,NaN,0.0000,0.0000,0.0000,0.0000,0.0000,0.0000,Dark,Start Red Sphere at Center for 0.5s
4.6894,0.0000,0.0000,0.0000,0.0000,NaN,NaN,NaN,NaN,NaN,NaN,0.0000,0.0000,0.0000,0.0000,0.0000,0.0000,Dark,Start Red Sphere at Center for 0.5s
4.7005,0.0000,0.0000,0.0000,0.0000,NaN,NaN,NaN,NaN,NaN,NaN,0.0000,0.0000,0.0000,0.0000,0.0000,0.0000,Dark,Start Red Sphere at Center for 0.5s
4.7117,0.0000,0.0000,0.0000,0.0000,NaN,NaN,NaN,NaN,NaN,NaN,0.0000,0.0000,0.0000,0.0000,0.0000,0.0000,Dark,Start Red Sphere at Center for 0.5s
4.7229,0.0000,0.0000,0.0000,0.0000,NaN,NaN,NaN,NaN,NaN,NaN,0.0000,0.0000,0.0000,0.0000,0.0000,0.0000,Dark,Start Red Sphere at Center for 0.5s
4.7344,0.0000,0.0000,0.0000,0.0000,NaN,NaN,NaN,NaN,NaN,NaN,0.0000,0.0000,0.0000,0.0000,0.0000,0.0000,Dark,Start Red Sphere at Center for 0.5s
4.7454,0.0000,0.0000,0.0000,0.0000,NaN,NaN,NaN,NaN,NaN,NaN,0.0000,0.0000,0.0000,0.0000,0.0000,0.0000,Dark,Start Red Sphere at Center for 0.5s
4.7566,0.0000,0.0000,0.0000,0.0000,NaN,NaN,NaN,NaN,NaN,NaN,0.0000,0.0000,0.0000,0.0000,0.0000,0.0000,Dark,Start Red Sphere at Center for 0.5s
4.7675,0.0000,0.0000,0.0000,0.0000,NaN,NaN,NaN,NaN,NaN,NaN,0.0000,0.0000,0.0000,0.0000,0.0000,0.0000,Dark,Start Red Sphere at Center for 0.5s
4.7787,0.0000,0.0000,0.0000,0.0000,NaN,NaN,NaN,NaN,NaN,NaN,0.0000,0.0000,0.0000,0.0000,0.0000,0.0000,Dark,Start Red Sphere at Center for 0.5s
4.7898,0.0000,0.0000,0.0000,0.0000,NaN,NaN,NaN,NaN,NaN,NaN,0.0000,0.0000,0.0000,0.0000,0.0000,0.0000,Dark,Start Red Sphere at Center for 0.5s
4.8009,0.0000,0.0000,0.0000,0.0000,NaN,NaN,NaN,NaN,NaN,NaN,0.0000,0.0000,0.0000,0.0000,0.0000,0.0000,Dark,Start Red Sphere at Center for 0.5s
4.8119,0.0000,0.0000,0.0000,0.0000,NaN,NaN,NaN,NaN,NaN,NaN,0.0000,0.0000,0.0000,0.0000,0.0000,0.0000,Dark,Start Red Sphere at Center for 0.5s
4.8235,0.0000,0.0000,0.0000,0.0000,NaN,NaN,NaN,NaN,NaN,NaN,0.0000,0.0000,0.0000,0.0000,0.0000,0.0000,Dark,Start Red Sphere at Center for 0.5s
4.8343,0.0000,0.0000,0.0000,0.0000,NaN,NaN,NaN,NaN,NaN,NaN,0.0000,0.0000,0.0000,0.0000,0.0000,0.0000,Dark,Start Red Sphere at Center for 0.5s
4.8454,0.0000,0.0000,0.0000,0.0000,NaN,NaN,NaN,NaN,NaN,NaN,0.0000,0.0000,0.0000,0.0000,0.0000,0.0000,Dark,Start Red Sphere at Center for 0.5s
4.8566,0.0000,0.0000,0.0000,0.0000,NaN,NaN,NaN,NaN,NaN,NaN,0.0000,0.0000,0.0000,0.0000,0.0000,0.0000,Dark,Start Red Sphere at Center for 0.5s
4.8677,0.0000,0.0000,0.0000,0.0000,NaN,NaN,NaN,NaN,NaN,NaN,0.0000,0.0000,0.0000,0.0000,0.0000,0.0000,Dark,Start Red Sphere at Center for 0.5s
4.8789,0.0000,0.0000,0.0000,0.0000,NaN,NaN,NaN,NaN,NaN,NaN,0.0000,0.0000,0.0000,0.0000,0.0000,0.0000,Dark,Start Red Sphere at Center for 0.5s
4.8902,0.0000,0.0000,0.0000,0.0000,NaN,NaN,NaN,NaN,NaN,NaN,0.0000,0.0000,0.0000,0.0000,0.0000,0.0000,Dark,Start Red Sphere at Center for 0.5s
4.9011,0.0000,0.0000,0.0000,0.0000,NaN,NaN,NaN,NaN,NaN,NaN,0.0000,0.0000,0.0000,0.0000,0.0000,0.0000,Dark,Start Red Sphere at Center for 0.5s
4.9122,0.0000,0.0000,0.0000,0.0000,NaN,NaN,NaN,NaN,NaN,NaN,0.0000,0.0000,0.0000,0.0000,0.0000,0.0000,Dark,Start Red Sphere at Center for 0.5s
4.9235,0.0000,0.0000,0.0000,0.0000,NaN,NaN,NaN,NaN,NaN,NaN,0.0000,0.0000,0.0000,0.0000,0.0000,0.0000,Dark,Start Red Sphere at Center for 0.5s
4.9345,0.0000,0.0000,0.0000,0.0000,NaN,NaN,NaN,NaN,NaN,NaN,0.0000,0.0000,0.0000,0.0000,0.0000,0.0000,Dark,Start Red Sphere at Center for 0.5s
4.9456,0.0000,0.0000,0.0000,0.0000,NaN,NaN,NaN,NaN,NaN,NaN,0.0000,0.0000,0.0000,0.0000,0.0000,0.0000,Dark,Start Red Sphere at Center for 0.5s
4.9567,0.0000,0.0000,0.0000,0.0000,NaN,NaN,NaN,NaN,NaN,NaN,0.0000,0.0000,0.0000,0.0000,0.0000,0.0000,Dark,Start Red Sphere at Center for 0.5s
4.9678,0.0000,0.0000,0.0000,0.0000,NaN,NaN,NaN,NaN,NaN,NaN,0.0000,0.0000,0.0000,0.0000,0.0000,0.0000,Dark,Start Red Sphere at Center for 0.5s
4.9795,0.0000,0.0000,0.0000,0.0000,NaN,NaN,NaN,NaN,NaN,NaN,0.0000,0.0000,0.0000,0.0000,0.0000,0.0000,Dark,Start Red Sphere at Center for 0.5s
4.9903,0.0000,0.0000,0.0000,0.0000,NaN,NaN,NaN,NaN,NaN,NaN,0.0000,0.0000,0.0000,0.0000,0.0000,0.0000,Dark,Start Red Sphere at Center for 0.5s
5.0016,0.0000,0.0000,0.0000,0.0000,NaN,NaN,NaN,NaN,NaN,NaN,0.0000,0.0000,0.0000,0.0000,0.0000,0.0000,Dark,Start Red Sphere at Center for 0.5s
5.0124,0.0000,0.0000,0.0000,0.0000,NaN,NaN,NaN,NaN,NaN,NaN,0.0000,0.0000,0.0000,0.0000,0.0000,0.0000,Dark,Start Red Sphere at Center for 0.5s
5.0237,0.0000,0.0000,0.0000,0.0000,NaN,NaN,NaN,NaN,NaN,NaN,0.0000,0.0000,0.0000,0.0000,0.0000,0.0000,Dark,Start Red Sphere at Center for 0.5s
5.0346,0.0000,0.0000,0.0000,0.0000,NaN,NaN,NaN,NaN,NaN,NaN,0.0000,0.0000,0.0000,0.0000,0.0000,0.0000,Dark,Start Red Sphere at Center for 0.5s
5.0458,0.0000,0.0000,0.0000,0.0000,NaN,NaN,NaN,NaN,NaN,NaN,0.0000,0.0000,0.0000,0.0000,0.0000,0.0000,Dark,Start Red Sphere at Center for 0.5s
5.0569,0.0000,0.0000,0.0000,0.0000,NaN,NaN,NaN,NaN,NaN,NaN,0.0000,0.0000,0.0000,0.0000,0.0000,0.0000,Dark,Start Red Sphere at Center for 0.5s
5.0680,0.0000,0.0000,0.0000,0.0000,NaN,NaN,NaN,NaN,NaN,NaN,0.0000,0.0000,0.0000,0.0000,0.0000,0.0000,Dark,Start Red Sphere at Center for 0.5s
5.0795,0.0000,0.0000,0.0000,0.0000,NaN,NaN,NaN,NaN,NaN,NaN,0.0000,0.0000,0.0000,0.0000,0.0000,0.0000,Dark,Start Red Sphere at Center for 0.5s
5.0913,0.0000,0.0000,0.0000,0.0000,NaN,NaN,NaN,NaN,NaN,NaN,0.0000,0.0000,0.0000,0.0000,0.0000,0.0000,Dark,Start Red Sphere at Center for 0.5s
5.1017,0.0000,0.0000,0.0000,0.0000,NaN,NaN,NaN,NaN,NaN,NaN,0.0000,0.0000,0.0000,0.0000,0.0000,0.0000,Dark,Start Red Sphere at Center for 0.5s
5.1136,0.0000,0.0000,0.0000,0.0000,NaN,NaN,NaN,NaN,NaN,NaN,0.0000,0.0000,0.0000,0.0000,0.0000,0.0000,Dark,Stop Red Sphere at Center
5.1237,0.0000,0.0000,0.0000,0.0000,NaN,NaN,NaN,NaN,NaN,NaN,0.0000,0.0000,0.0000,0.0000,0.0000,0.0000,Dark,Stop Red Sphere at Center
5.1351,0.0000,0.0000,0.0000,0.0000,NaN,NaN,NaN,NaN,NaN,NaN,0.0000,0.0000,0.0000,0.0000,0.0000,0.0000,Dark,Stop Red Sphere at Center
5.1460,0.0000,0.0000,0.0000,0.0000,NaN,NaN,NaN,NaN,NaN,NaN,0.0000,0.0000,0.0000,0.0000,0.0000,0.0000,Dark,Stop Red Sphere at Center
5.1572,0.0000,0.0000,0.0000,0.0000,NaN,NaN,NaN,NaN,NaN,NaN,0.0000,0.0000,0.0000,0.0000,0.0000,0.0000,Dark,Stop Red Sphere at Center
5.1683,0.0000,0.0000,0.0000,0.0000,NaN,NaN,NaN,NaN,NaN,NaN,0.0000,0.0000,0.0000,0.0000,0.0000,0.0000,Dark,Stop Red Sphere at Center
5.1796,0.0000,0.0000,0.0000,0.0000,NaN,NaN,NaN,NaN,NaN,NaN,0.0000,0.0000,0.0000,0.0000,0.0000,0.0000,Dark,Stop Red Sphere at Center
5.1907,0.0000,0.0000,0.0000,0.0000,NaN,NaN,NaN,NaN,NaN,NaN,0.0000,0.0000,0.0000,0.0000,0.0000,0.0000,Dark,Stop Red Sphere at Center
5.2018,0.0000,0.0000,0.0000,0.0000,NaN,NaN,NaN,NaN,NaN,NaN,0.0000,0.0000,0.0000,0.0000,0.0000,0.0000,Dark,Stop Red Sphere at Center
5.2128,0.0000,0.0000,0.0000,0.0000,NaN,NaN,NaN,NaN,NaN,NaN,0.0000,0.0000,0.0000,0.0000,0.0000,0.0000,Dark,
5.2240,0.0000,0.0000,0.0000,0.0000,NaN,NaN,NaN,NaN,NaN,NaN,0.0000,0.0000,0.0000,0.0000,0.0000,0.0000,Dark,
5.2353,0.0000,0.0000,0.0000,0.0000,NaN,NaN,NaN,NaN,NaN,NaN,0.0000,0.0000,0.0000,0.0000,0.0000,0.0000,Dark,
5.2463,0.0000,0.0000,0.0000,0.0000,NaN,NaN,NaN,NaN,NaN,NaN,0.0000,0.0000,0.0000,0.0000,0.0000,0.0000,Dark,
5.2578,0.0000,0.0000,0.0000,0.0000,NaN,NaN,NaN,NaN,NaN,NaN,0.0000,0.0000,0.0000,0.0000,0.0000,0.0000,Dark,
5.2685,0.0000,0.0000,0.0000,0.0000,NaN,NaN,NaN,NaN,NaN,NaN,0.0000,0.0000,0.0000,0.0000,0.0000,0.0000,Dark,
5.2797,0.0000,0.0000,0.0000,0.0000,NaN,NaN,NaN,NaN,NaN,NaN,0.0000,0.0000,0.0000,0.0000,0.0000,0.0000,Dark,
5.2909,0.0000,0.0000,0.0000,0.0000,NaN,NaN,NaN,NaN,NaN,NaN,0.0000,0.0000,0.0000,0.0000,0.0000,0.0000,Dark,
5.3020,0.0000,0.0000,0.0000,0.0000,NaN,NaN,NaN,NaN,NaN,NaN,0.0000,0.0000,0.0000,0.0000,0.0000,0.0000,Dark,
5.3132,0.0000,0.0000,0.0000,0.0000,NaN,NaN,NaN,NaN,NaN,NaN,0.0000,0.0000,0.0000,0.0000,0.0000,0.0000,Dark,
5.3244,0.0000,0.0000,0.0000,0.0000,NaN,NaN,NaN,NaN,NaN,NaN,0.0000,0.0000,0.0000,0.0000,0.0000,0.0000,Dark,
5.3358,0.0000,0.0000,0.0000,0.0000,NaN,NaN,NaN,NaN,NaN,NaN,0.0000,0.0000,0.0000,0.0000,0.0000,0.0000,Dark,
5.3468,0.0000,0.0000,0.0000,0.0000,NaN,NaN,NaN,NaN,NaN,NaN,0.0000,0.0000,0.0000,0.0000,0.0000,0.0000,Dark,
5.3580,0.0000,0.0000,0.0000,0.0000,NaN,NaN,NaN,NaN,NaN,NaN,0.0000,0.0000,0.0000,0.0000,0.0000,0.0000,Dark,
5.3688,0.0000,0.0000,0.0000,0.0000,NaN,NaN,NaN,NaN,NaN,NaN,0.0000,0.0000,0.0000,0.0000,0.0000,0.0000,Dark,
5.3801,0.0000,0.0000,0.0000,0.0000,NaN,NaN,NaN,NaN,NaN,NaN,0.0000,0.0000,0.0000,0.0000,0.0000,0.0000,Dark,
5.3913,0.0000,0.0000,0.0000,0.0000,NaN,NaN,NaN,NaN,NaN,NaN,0.0000,0.0000,0.0000,0.0000,0.0000,0.0000,Dark,
5.4023,0.0000,0.0000,0.0000,0.0000,NaN,NaN,NaN,NaN,NaN,NaN,0.0000,0.0000,0.0000,0.0000,0.0000,0.0000,Dark,
5.4138,0.0000,0.0000,0.0000,0.0000,NaN,NaN,NaN,NaN,NaN,NaN,0.0000,0.0000,0.0000,0.0000,0.0000,0.0000,Dark,
5.4248,0.0000,0.0000,0.0000,0.0000,NaN,NaN,NaN,NaN,NaN,NaN,0.0000,0.0000,0.0000,0.0000,0.0000,0.0000,Dark,
5.4358,0.0000,0.0000,0.0000,0.0000,NaN,NaN,NaN,NaN,NaN,NaN,0.0000,0.0000,0.0000,0.0000,0.0000,0.0000,Dark,
5.4471,0.0000,0.0000,0.0000,0.0000,NaN,NaN,NaN,NaN,NaN,NaN,0.0000,0.0000,0.0000,0.0000,0.0000,0.0000,Dark,
5.4579,0.0000,0.0000,0.0000,0.0000,NaN,NaN,NaN,NaN,NaN,NaN,0.0000,0.0000,0.0000,0.0000,0.0000,0.0000,Dark,
5.4690,0.0000,0.0000,0.0000,0.0000,NaN,NaN,NaN,NaN,NaN,NaN,0.0000,0.0000,0.0000,0.0000,0.0000,0.0000,Dark,
5.4803,0.0000,0.0000,0.0000,0.0000,NaN,NaN,NaN,NaN,NaN,NaN,0.0000,0.0000,0.0000,0.0000,0.0000,0.0000,Dark,
5.4917,0.0000,0.0000,0.0000,0.0000,NaN,NaN,NaN,NaN,NaN,NaN,0.0000,0.0000,0.0000,0.0000,0.0000,0.0000,Dark,
5.5024,0.0000,0.0000,0.0000,0.0000,NaN,NaN,NaN,NaN,NaN,NaN,0.0000,0.0000,0.0000,0.0000,0.0000,0.0000,Dark,
5.5140,0.0000,0.0000,0.0000,0.0000,NaN,NaN,NaN,NaN,NaN,NaN,0.0000,0.0000,0.0000,0.0000,0.0000,0.0000,Dark,
5.5250,0.0000,0.0000,0.0000,0.0000,NaN,NaN,NaN,NaN,NaN,NaN,0.0000,0.0000,0.0000,0.0000,0.0000,0.0000,Dark,
5.5358,0.0000,0.0000,0.0000,0.0000,NaN,NaN,NaN,NaN,NaN,NaN,0.0000,0.0000,0.0000,0.0000,0.0000,0.0000,Dark,
5.5473,0.0000,0.0000,0.0000,0.0000,NaN,NaN,NaN,NaN,NaN,NaN,0.0000,0.0000,0.0000,0.0000,0.0000,0.0000,Dark,
5.5582,0.0000,0.0000,0.0000,0.0000,NaN,NaN,NaN,NaN,NaN,NaN,0.0000,0.0000,0.0000,0.0000,0.0000,0.0000,Dark,
5.5692,0.0000,0.0000,0.0000,0.0000,NaN,NaN,NaN,NaN,NaN,NaN,0.0000,0.0000,0.0000,0.0000,0.0000,0.0000,Dark,
5.5809,0.0000,0.0000,0.0000,0.0000,NaN,NaN,NaN,NaN,NaN,NaN,0.0000,0.0000,0.0000,0.0000,0.0000,0.0000,Dark,
5.5917,0.0000,0.0000,0.0000,0.0000,NaN,NaN,NaN,NaN,NaN,NaN,0.0000,0.0000,0.0000,0.0000,0.0000,0.0000,Dark,
5.6029,0.0000,0.0000,0.0000,0.0000,NaN,NaN,NaN,NaN,NaN,NaN,0.0000,0.0000,0.0000,0.0000,0.0000,0.0000,Dark,
5.6139,0.0000,0.0000,0.0000,0.0000,NaN,NaN,NaN,NaN,NaN,NaN,0.0000,0.0000,0.0000,0.0000,0.0000,0.0000,Dark,
5.6250,0.0000,0.0000,0.0000,0.0000,NaN,NaN,NaN,NaN,NaN,NaN,0.0000,0.0000,0.0000,0.0000,0.0000,0.0000,Dark,
5.6361,0.0000,0.0000,0.0000,0.0000,NaN,NaN,NaN,NaN,NaN,NaN,0.0000,0.0000,0.0000,0.0000,0.0000,0.0000,Dark,
5.6474,0.0000,0.0000,0.0000,0.0000,NaN,NaN,NaN,NaN,NaN,NaN,0.0000,0.0000,0.0000,0.0000,0.0000,0.0000,Dark,
5.6589,0.0000,0.0000,0.0000,0.0000,NaN,NaN,NaN,NaN,NaN,NaN,0.0000,0.0000,0.0000,0.0000,0.0000,0.0000,Dark,
5.6698,0.0000,0.0000,0.0000,0.0000,NaN,NaN,NaN,NaN,NaN,NaN,0.0000,0.0000,0.0000,0.0000,0.0000,0.0000,Dark,
5.6807,0.0000,0.0000,0.0000,0.0000,NaN,NaN,NaN,NaN,NaN,NaN,0.0000,0.0000,0.0000,0.0000,0.0000,0.0000,Dark,
5.6919,0.0000,0.0000,0.0000,0.0000,NaN,NaN,NaN,NaN,NaN,NaN,0.0000,0.0000,0.0000,0.0000,0.0000,0.0000,Dark,
5.7030,0.0000,0.0000,0.0000,0.0000,NaN,NaN,NaN,NaN,NaN,NaN,0.0000,0.0000,0.0000,0.0000,0.0000,0.0000,Dark,
5.7141,0.0000,0.0000,0.0000,0.0000,NaN,NaN,NaN,NaN,NaN,NaN,0.0000,0.0000,0.0000,0.0000,0.0000,0.0000,Dark,
5.7259,0.0000,0.0000,0.0000,0.0000,NaN,NaN,NaN,NaN,NaN,NaN,0.0000,0.0000,0.0000,0.0000,0.0000,0.0000,Dark,
5.7363,0.0000,0.0000,0.0000,0.0000,NaN,NaN,NaN,NaN,NaN,NaN,0.0000,0.0000,0.0000,0.0000,0.0000,0.0000,Dark,
5.7478,0.0000,0.0000,0.0000,0.0000,NaN,NaN,NaN,NaN,NaN,NaN,0.0000,0.0000,0.0000,0.0000,0.0000,0.0000,Dark,
5.7592,0.0000,0.0000,0.0000,0.0000,NaN,NaN,NaN,NaN,NaN,NaN,0.0000,0.0000,0.0000,0.0000,0.0000,0.0000,Dark,
5.7698,0.0000,0.0000,0.0000,0.0000,NaN,NaN,NaN,NaN,NaN,NaN,0.0000,0.0000,0.0000,0.0000,0.0000,0.0000,Dark,
5.7809,0.0000,0.0000,0.0000,0.0000,NaN,NaN,NaN,NaN,NaN,NaN,0.0000,0.0000,0.0000,0.0000,0.0000,0.0000,Dark,
5.7923,0.0000,0.0000,0.0000,0.0000,NaN,NaN,NaN,NaN,NaN,NaN,0.0000,0.0000,0.0000,0.0000,0.0000,0.0000,Dark,
5.8032,0.0000,0.0000,0.0000,0.0000,NaN,NaN,NaN,NaN,NaN,NaN,0.0000,0.0000,0.0000,0.0000,0.0000,0.0000,Dark,
5.8148,0.0000,0.0000,0.0000,0.0000,NaN,NaN,NaN,NaN,NaN,NaN,0.0000,0.0000,0.0000,0.0000,0.0000,0.0000,Dark,
5.8260,0.0000,0.0000,0.0000,0.0000,NaN,NaN,NaN,NaN,NaN,NaN,0.0000,0.0000,0.0000,0.0000,0.0000,0.0000,Dark,
5.8366,0.0000,0.0000,0.0000,0.0000,NaN,NaN,NaN,NaN,NaN,NaN,0.0000,0.0000,0.0000,0.0000,0.0000,0.0000,Dark,
5.8478,0.0000,0.0000,0.0000,0.0000,NaN,NaN,NaN,NaN,NaN,NaN,0.0000,0.0000,0.0000,0.0000,0.0000,0.0000,Dark,
5.8591,0.0000,0.0000,0.0000,0.0000,NaN,NaN,NaN,NaN,NaN,NaN,0.0000,0.0000,0.0000,0.0000,0.0000,0.0000,Dark,
5.8700,0.0000,0.0000,0.0000,0.0000,NaN,NaN,NaN,NaN,NaN,NaN,0.0000,0.0000,0.0000,0.0000,0.0000,0.0000,Dark,
5.8814,0.0000,0.0000,0.0000,0.0000,NaN,NaN,NaN,NaN,NaN,NaN,0.0000,0.0000,0.0000,0.0000,0.0000,0.0000,Dark,
5.8927,0.0000,0.0000,0.0000,0.0000,NaN,NaN,NaN,NaN,NaN,NaN,0.0000,0.0000,0.0000,0.0000,0.0000,0.0000,Dark,
5.9037,0.0000,0.0000,0.0000,0.0000,NaN,NaN,NaN,NaN,NaN,NaN,0.0000,0.0000,0.0000,0.0000,0.0000,0.0000,Dark,
5.9149,0.0000,0.0000,0.0000,0.0000,NaN,NaN,NaN,NaN,NaN,NaN,0.0000,0.0000,0.0000,0.0000,0.0000,0.0000,Dark,
5.9262,0.0000,0.0000,0.0000,0.0000,NaN,NaN,NaN,NaN,NaN,NaN,0.0000,0.0000,0.0000,0.0000,0.0000,0.0000,Dark,
5.9368,0.0000,0.0000,0.0000,0.0000,NaN,NaN,NaN,NaN,NaN,NaN,0.0000,0.0000,0.0000,0.0000,0.0000,0.0000,Dark,
5.9480,0.0000,0.0000,0.0000,0.0000,NaN,NaN,NaN,NaN,NaN,NaN,0.0000,0.0000,0.0000,0.0000,0.0000,0.0000,Dark,
5.9593,0.0000,0.0000,0.0000,0.0000,NaN,NaN,NaN,NaN,NaN,NaN,0.0000,0.0000,0.0000,0.0000,0.0000,0.0000,Dark,
5.9707,0.0000,0.0000,0.0000,0.0000,NaN,NaN,NaN,NaN,NaN,NaN,0.0000,0.0000,0.0000,0.0000,0.0000,0.0000,Dark,
5.9817,0.0000,0.0000,0.0000,0.0000,NaN,NaN,NaN,NaN,NaN,NaN,0.0000,0.0000,0.0000,0.0000,0.0000,0.0000,Dark,
5.9927,0.0000,0.0000,0.0000,0.0000,NaN,NaN,NaN,NaN,NaN,NaN,0.0000,0.0000,0.0000,0.0000,0.0000,0.0000,Dark,
6.0038,0.0000,0.0000,0.0000,0.0000,NaN,NaN,NaN,NaN,NaN,NaN,0.0000,0.0000,0.0000,0.0000,0.0000,0.0000,Dark,
6.0147,0.0000,0.0000,0.0000,0.0000,NaN,NaN,NaN,NaN,NaN,NaN,0.0000,0.0000,0.0000,0.0000,0.0000,0.0000,Dark,
6.0264,0.0000,0.0000,0.0000,0.0000,NaN,NaN,NaN,NaN,NaN,NaN,0.0000,0.0000,0.0000,0.0000,0.0000,0.0000,Dark,
6.0391,0.0000,0.0000,0.0000,0.0000,NaN,NaN,NaN,NaN,NaN,NaN,0.0000,0.0000,0.0000,0.0000,0.0000,0.0000,Dark,
6.0482,0.0000,0.0000,0.0000,0.0000,NaN,NaN,NaN,NaN,NaN,NaN,0.0000,0.0000,0.0000,0.0000,0.0000,0.0000,Dark,
6.0597,0.0000,0.0000,0.0000,0.0000,NaN,NaN,NaN,NaN,NaN,NaN,0.0000,0.0000,0.0000,0.0000,0.0000,0.0000,Dark,
6.0707,5.9402,6.5921,0.0000,0.0000,-0.0472,-0.3637,0.9303,-0.2816,-0.3631,0.8882,-0.1619,-0.3887,0.9070,-0.1504,-0.0190,0.3503,Dark,
6.0819,5.9542,6.5913,0.0000,0.0000,-0.0485,-0.3653,0.9296,-0.2815,-0.3646,0.8876,-0.1624,-0.3901,0.9063,-0.1504,-0.0191,0.3503,Dark,
6.0930,5.9646,6.5998,0.0000,0.0000,-0.0493,-0.3659,0.9293,-0.2809,-0.3652,0.8876,-0.1626,-0.3905,0.9061,-0.1504,-0.0191,0.3503,Dark,
6.1040,5.9585,6.6186,0.0000,0.0000,-0.0500,-0.3654,0.9295,-0.2789,-0.3647,0.8884,-0.1619,-0.3897,0.9066,-0.1503,-0.0192,0.3503,Dark,
6.1154,5.9595,6.6280,0.0000,0.0000,-0.0509,-0.3661,0.9292,-0.2784,-0.3654,0.8882,-0.1621,-0.3902,0.9063,-0.1503,-0.0192,0.3503,Dark,
6.1264,5.9598,6.6330,0.0000,0.0000,-0.0512,-0.3653,0.9295,-0.2777,-0.3646,0.8888,-0.1620,-0.3892,0.9068,-0.1503,-0.0192,0.3503,Dark,
6.1374,5.9641,6.6309,0.0000,0.0000,-0.0525,-0.3640,0.9299,-0.2771,-0.3632,0.8895,-0.1623,-0.3877,0.9074,-0.1503,-0.0192,0.3503,Dark,
6.1484,5.9675,6.6261,0.0000,0.0000,-0.0529,-0.3640,0.9299,-0.2768,-0.3633,0.8896,-0.1624,-0.3877,0.9074,-0.1503,-0.0192,0.3503,Dark,
6.1597,5.9697,6.6251,0.0000,0.0000,-0.0531,-0.3637,0.9300,-0.2764,-0.3630,0.8898,-0.1623,-0.3873,0.9075,-0.1503,-0.0192,0.3503,Dark,
6.1709,5.9760,6.6342,0.0000,0.0000,-0.0532,-0.3634,0.9301,-0.2756,-0.3628,0.8902,-0.1620,-0.3869,0.9078,-0.1503,-0.0192,0.3503,Dark,
6.1819,5.9768,6.6425,0.0000,0.0000,-0.0535,-0.3632,0.9302,-0.2754,-0.3626,0.8903,-0.1620,-0.3867,0.9078,-0.1503,-0.0192,0.3503,Dark,
6.1930,5.9773,6.6380,0.0000,0.0000,-0.0535,-0.3631,0.9302,-0.2752,-0.3625,0.8904,-0.1619,-0.3866,0.9079,-0.1503,-0.0192,0.3502,Dark,
6.2042,5.9965,6.6405,0.0000,0.0000,-0.0538,-0.3630,0.9302,-0.2751,-0.3624,0.8905,-0.1621,-0.3865,0.9080,-0.1503,-0.0192,0.3502,Dark,
6.2157,6.0002,6.6461,0.0000,0.0000,-0.0542,-0.3629,0.9302,-0.2754,-0.3623,0.8904,-0.1624,-0.3863,0.9080,-0.1503,-0.0193,0.3502,Dark,
6.2267,6.0028,6.6484,0.0000,0.0000,-0.0543,-0.3626,0.9304,-0.2755,-0.3620,0.8905,-0.1625,-0.3860,0.9081,-0.1503,-0.0193,0.3502,Dark,
6.2377,6.0067,6.6443,0.0000,0.0000,-0.0539,-0.3622,0.9305,-0.2750,-0.3617,0.8908,-0.1621,-0.3857,0.9083,-0.1503,-0.0193,0.3502,Dark,
6.2488,6.0003,6.6376,0.0000,0.0000,-0.0542,-0.3621,0.9306,-0.2752,-0.3615,0.8908,-0.1623,-0.3855,0.9083,-0.1504,-0.0193,0.3502,Dark,
6.2598,5.9952,6.6283,0.0000,0.0000,-0.0541,-0.3621,0.9306,-0.2751,-0.3616,0.8908,-0.1621,-0.3856,0.9083,-0.1504,-0.0193,0.3502,Dark,
6.2712,6.0076,6.6290,0.0000,0.0000,-0.0536,-0.3614,0.9309,-0.2744,-0.3610,0.8913,-0.1616,-0.3849,0.9087,-0.1504,-0.0193,0.3502,Dark,
6.2826,6.0097,6.6366,0.0000,0.0000,-0.0537,-0.3615,0.9308,-0.2745,-0.3610,0.8913,-0.1617,-0.3849,0.9087,-0.1504,-0.0193,0.3502,Dark,
6.2936,6.0115,6.6490,0.0000,0.0000,-0.0534,-0.3613,0.9309,-0.2742,-0.3608,0.8914,-0.1614,-0.3847,0.9088,-0.1505,-0.0193,0.3502,Dark,
6.3048,6.0253,6.6581,0.0000,0.0000,-0.0527,-0.3607,0.9312,-0.2733,-0.3603,0.8919,-0.1605,-0.3842,0.9092,-0.1504,-0.0193,0.3502,Dark,
6.3157,6.0231,6.6557,0.0000,0.0000,-0.0525,-0.3606,0.9312,-0.2731,-0.3602,0.8920,-0.1604,-0.3841,0.9093,-0.1505,-0.0193,0.3502,Dark,
6.3269,6.0213,6.6548,0.0000,0.0000,-0.0522,-0.3602,0.9314,-0.2726,-0.3599,0.8923,-0.1599,-0.3837,0.9095,-0.1505,-0.0193,0.3502,Dark,
6.3381,6.0311,6.6520,0.0000,0.0000,-0.0515,-0.3600,0.9315,-0.2716,-0.3598,0.8926,-0.1591,-0.3835,0.9097,-0.1505,-0.0193,0.3502,Dark,
6.3493,6.0319,6.6510,0.0000,0.0000,-0.0512,-0.3601,0.9315,-0.2712,-0.3599,0.8927,-0.1587,-0.3836,0.9098,-0.1505,-0.0194,0.3502,Dark,
6.3604,6.0292,6.6505,0.0000,0.0000,-0.0512,-0.3593,0.9318,-0.2708,-0.3592,0.8931,-0.1585,-0.3828,0.9101,-0.1506,-0.0195,0.3503,Dark,
6.3717,6.0255,6.6315,0.0000,0.0000,-0.0534,-0.3524,0.9343,-0.2734,-0.3519,0.8952,-0.1610,-0.3758,0.9126,-0.1506,-0.0195,0.3503,Dark,
6.3828,5.9957,6.6159,0.0000,0.0000,-0.0811,-0.3380,0.9376,-0.2989,-0.3353,0.8934,-0.1881,-0.3602,0.9137,-0.1506,-0.0195,0.3503,Dark,
6.3935,5.9405,6.5690,0.0000,0.0000,-0.1047,-0.3293,0.9384,-0.3219,-0.3247,0.8893,-0.2119,-0.3506,0.9122,-0.1506,-0.0196,0.3504,Dark,
6.4049,5.9167,6.5511,0.0000,0.0000,-0.1124,-0.3256,0.9388,-0.3314,-0.3203,0.8875,-0.2206,-0.3469,0.9116,-0.1505,-0.0196,0.3504,Dark,
6.4158,5.9021,6.5390,0.0000,0.0000,-0.1225,-0.3233,0.9383,-0.3416,-0.3172,0.8847,-0.2309,-0.3442,0.9100,-0.1505,-0.0196,0.3504,Dark,
6.4271,5.8841,6.5321,0.0000,0.0000,-0.1319,-0.3196,0.9383,-0.3524,-0.3126,0.8821,-0.2412,-0.3403,0.9088,-0.1505,-0.0197,0.3505,Dark,
6.4385,5.8776,6.5289,0.0000,0.0000,-0.1342,-0.3184,0.9384,-0.3555,-0.3112,0.8813,-0.2440,-0.3392,0.9085,-0.1505,-0.0197,0.3505,Dark,
6.4495,5.8735,6.5070,0.0000,0.0000,-0.1374,-0.3179,0.9381,-0.3599,-0.3104,0.8798,-0.2479,-0.3386,0.9077,-0.1505,-0.0197,0.3505,Dark,
6.4605,5.8709,6.4907,0.0000,0.0000,-0.1387,-0.3180,0.9379,-0.3616,-0.3103,0.8792,-0.2494,-0.3387,0.9072,-0.1505,-0.0198,0.3505,Dark,
6.4717,5.8694,6.4777,0.0000,0.0000,-0.1503,-0.3109,0.9385,-0.3728,-0.3024,0.8773,-0.2611,-0.3313,0.9067,-0.1505,-0.0197,0.3506,Dark,
6.4828,5.8691,6.4748,0.0000,0.0000,-0.1520,-0.3110,0.9382,-0.3746,-0.3024,0.8765,-0.2629,-0.3314,0.9061,-0.1505,-0.0198,0.3506,Dark,
6.4938,5.8622,6.4731,0.0000,0.0000,-0.1528,-0.3126,0.9375,-0.3758,-0.3038,0.8755,-0.2639,-0.3329,0.9053,-0.1505,-0.0198,0.3506,Dark,
6.5051,5.8589,6.4741,0.0000,0.0000,-0.1524,-0.3136,0.9372,-0.3756,-0.3049,0.8752,-0.2636,-0.3340,0.9050,-0.1504,-0.0198,0.3507,Dark,
6.5161,5.8568,6.4660,0.0000,0.0000,-0.1497,-0.3155,0.9370,-0.3732,-0.3070,0.8755,-0.2610,-0.3360,0.9050,-0.1504,-0.0198,0.3507,Dark,
6.5275,5.8622,6.4326,0.0000,0.0000,-0.1450,-0.3185,0.9368,-0.3686,-0.3103,0.8763,-0.2562,-0.3391,0.9052,-0.1504,-0.0198,0.3508,Dark,
6.5387,5.8680,6.4208,0.0000,0.0000,-0.1497,-0.3172,0.9365,-0.3729,-0.3086,0.8750,-0.2608,-0.3376,0.9044,-0.1505,-0.0198,0.3508,Dark,
6.5495,5.8639,6.4090,0.0000,0.0000,-0.1481,-0.3184,0.9363,-0.3712,-0.3100,0.8753,-0.2591,-0.3389,0.9044,-0.1505,-0.0198,0.3508,Dark,
6.5607,5.8560,6.4016,0.0000,0.0000,-0.1486,-0.3186,0.9362,-0.3716,-0.3102,0.8750,-0.2595,-0.3391,0.9043,-0.1505,-0.0198,0.3509,Dark,
6.5718,5.8457,6.3969,0.0000,0.0000,-0.1486,-0.3191,0.9360,-0.3715,-0.3107,0.8749,-0.2595,-0.3395,0.9041,-0.1505,-0.0198,0.3509,Dark,
6.5832,5.8289,6.3702,0.0000,0.0000,-0.1489,-0.3198,0.9357,-0.3713,-0.3114,0.8747,-0.2595,-0.3402,0.9038,-0.1506,-0.0198,0.3509,Dark,
6.5941,5.8238,6.3703,0.0000,0.0000,-0.1492,-0.3201,0.9356,-0.3714,-0.3117,0.8746,-0.2597,-0.3404,0.9037,-0.1506,-0.0198,0.3509,Dark,
6.6053,5.8173,6.3715,0.0000,0.0000,-0.1497,-0.3204,0.9354,-0.3715,-0.3120,0.8744,-0.2601,-0.3407,0.9035,-0.1505,-0.0199,0.3509,Dark,
6.6165,5.8035,6.3664,0.0000,0.0000,-0.1503,-0.3211,0.9351,-0.3719,-0.3127,0.8740,-0.2606,-0.3414,0.9031,-0.1505,-0.0199,0.3509,Dark,
6.6275,5.7966,6.3626,0.0000,0.0000,-0.1503,-0.3214,0.9350,-0.3720,-0.3129,0.8739,-0.2606,-0.3416,0.9030,-0.1505,-0.0199,0.3509,Dark,
6.6388,5.7972,6.3586,0.0000,0.0000,-0.1502,-0.3212,0.9350,-0.3723,-0.3129,0.8738,-0.2607,-0.3416,0.9030,-0.1506,-0.0198,0.3509,Dark,
6.6499,5.7967,6.3399,0.0000,0.0000,-0.1488,-0.3208,0.9354,-0.3713,-0.3125,0.8743,-0.2595,-0.3413,0.9034,-0.1506,-0.0199,0.3509,Dark,
6.6610,5.7954,6.3208,0.0000,0.0000,-0.1490,-0.3209,0.9353,-0.3718,-0.3125,0.8741,-0.2598,-0.3413,0.9033,-0.1507,-0.0199,0.3510,Dark,
6.6720,5.7910,6.3056,0.0000,0.0000,-0.1481,-0.3206,0.9356,-0.3713,-0.3121,0.8745,-0.2592,-0.3410,0.9036,-0.1507,-0.0198,0.3510,Dark,
6.6834,5.7713,6.2882,0.0000,0.0000,-0.1457,-0.3206,0.9359,-0.3691,-0.3123,0.8753,-0.2568,-0.3412,0.9042,-0.1507,-0.0199,0.3510,Dark,
6.6944,5.7588,6.2593,0.0000,0.0000,-0.1447,-0.3210,0.9359,-0.3679,-0.3128,0.8757,-0.2557,-0.3416,0.9044,-0.1507,-0.0199,0.3510,Dark,
6.7056,5.7349,6.2105,0.0000,0.0000,-0.1428,-0.3213,0.9361,-0.3650,-0.3134,0.8767,-0.2532,-0.3419,0.9050,-0.1506,-0.0199,0.3510,Dark,
6.7167,5.7205,6.1900,0.0000,0.0000,-0.1417,-0.3212,0.9363,-0.3634,-0.3134,0.8773,-0.2518,-0.3417,0.9054,-0.1506,-0.0199,0.3510,Dark,
6.7277,5.7100,6.1864,0.0000,0.0000,-0.1405,-0.3208,0.9367,-0.3619,-0.3131,0.8781,-0.2505,-0.3414,0.9059,-0.1506,-0.0199,0.3510,Dark,
6.7391,5.6882,6.1693,0.0000,0.0000,-0.1395,-0.3193,0.9373,-0.3588,-0.3118,0.8798,-0.2484,-0.3397,0.9071,-0.1507,-0.0199,0.3510,Dark,
6.7501,5.6778,6.1552,0.0000,0.0000,-0.1384,-0.3187,0.9377,-0.3566,-0.3114,0.8808,-0.2467,-0.3390,0.9078,-0.1507,-0.0199,0.3510,Dark,
6.7612,5.6703,6.1305,0.0000,0.0000,-0.1376,-0.3185,0.9379,-0.3542,-0.3113,0.8818,-0.2451,-0.3387,0.9084,-0.1507,-0.0200,0.3510,Dark,
6.7726,5.6848,6.1022,0.0000,0.0000,-0.1364,-0.3176,0.9383,-0.3503,-0.3108,0.8836,-0.2425,-0.3376,0.9095,-0.1507,-0.0200,0.3510,Dark,
6.7836,5.6929,6.0990,0.0000,0.0000,-0.1356,-0.3173,0.9386,-0.3485,-0.3106,0.8844,-0.2412,-0.3372,0.9100,-0.1507,-0.0200,0.3509,Dark,
6.7947,5.6994,6.1080,0.0000,0.0000,-0.1349,-0.3168,0.9389,-0.3466,-0.3102,0.8852,-0.2398,-0.3367,0.9106,-0.1507,-0.0200,0.3509,Dark,
6.8058,5.7097,6.1215,0.0000,0.0000,-0.1335,-0.3161,0.9393,-0.3435,-0.3098,0.8866,-0.2375,-0.3359,0.9114,-0.1506,-0.0200,0.3509,Dark,
6.8172,5.7028,6.1241,0.0000,0.0000,-0.1330,-0.3159,0.9394,-0.3422,-0.3097,0.8871,-0.2366,-0.3357,0.9118,-0.1506,-0.0200,0.3509,Dark,
6.8279,5.6968,6.1201,0.0000,0.0000,-0.1323,-0.3157,0.9396,-0.3406,-0.3096,0.8877,-0.2355,-0.3354,0.9122,-0.1507,-0.0200,0.3508,Dark,
6.8394,5.7108,6.1241,0.0000,0.0000,-0.1309,-0.3159,0.9397,-0.3378,-0.3100,0.8887,-0.2333,-0.3355,0.9127,-0.1508,-0.0199,0.3508,Dark,
6.8506,5.7164,6.1315,0.0000,0.0000,-0.1307,-0.3150,0.9400,-0.3368,-0.3092,0.8893,-0.2327,-0.3346,0.9132,-0.1508,-0.0199,0.3508,Dark,
6.8615,5.7228,6.1406,0.0000,0.0000,-0.1304,-0.3159,0.9398,-0.3355,-0.3102,0.8895,-0.2319,-0.3354,0.9131,-0.1508,-0.0200,0.3507,Dark,
6.8725,5.7245,6.1439,0.0000,0.0000,-0.1298,-0.3162,0.9398,-0.3343,-0.3106,0.8898,-0.2310,-0.3357,0.9132,-0.1509,-0.0199,0.3507,Dark,
6.8837,5.7281,6.1454,0.0000,0.0000,-0.1290,-0.3166,0.9398,-0.3332,-0.3111,0.8901,-0.2300,-0.3360,0.9133,-0.1509,-0.0199,0.3507,Dark,
6.8948,5.7437,6.1515,0.0000,0.0000,-0.1282,-0.3168,0.9398,-0.3314,-0.3114,0.8906,-0.2287,-0.3362,0.9136,-0.1509,-0.0200,0.3507,Dark,
6.9060,5.7541,6.1571,0.0000,0.0000,-0.1280,-0.3163,0.9400,-0.3308,-0.3110,0.8910,-0.2283,-0.3357,0.9139,-0.1509,-0.0199,0.3507,Dark,
6.9173,5.7620,6.1673,0.0000,0.0000,-0.1276,-0.3165,0.9400,-0.3301,-0.3112,0.8912,-0.2277,-0.3359,0.9140,-0.1509,-0.0199,0.3507,Dark,
6.9282,5.7789,6.1825,0.0000,0.0000,-0.1273,-0.3168,0.9399,-0.3289,-0.3116,0.8915,-0.2270,-0.3361,0.9141,-0.1510,-0.0200,0.3506,Dark,
6.9397,5.7783,6.1873,0.0000,0.0000,-0.1266,-0.3169,0.9400,-0.3279,-0.3117,0.8918,-0.2261,-0.3362,0.9143,-0.1511,-0.0199,0.3506,Dark,
6.9508,5.7762,6.1984,0.0000,0.0000,-0.1264,-0.3168,0.9400,-0.3273,-0.3117,0.8920,-0.2257,-0.3361,0.9144,-0.1511,-0.0199,0.3506,Dark,
6.9619,5.7804,6.2069,0.0000,0.0000,-0.1260,-0.3168,0.9401,-0.3267,-0.3117,0.8922,-0.2252,-0.3360,0.9145,-0.1511,-0.0199,0.3507,Dark,
6.9730,5.7715,6.2372,0.0000,0.0000,-0.1232,-0.3152,0.9410,-0.3219,-0.3104,0.8945,-0.2213,-0.3343,0.9161,-0.1511,-0.0199,0.3507,Dark,
6.9838,5.7676,6.2478,0.0000,0.0000,-0.1080,-0.3075,0.9454,-0.3063,-0.3038,0.9022,-0.2057,-0.3271,0.9223,-0.1511,-0.0200,0.3507,Dark,
6.9951,5.7695,6.2716,0.0000,0.0000,-0.0904,-0.2990,0.9500,-0.2876,-0.2964,0.9107,-0.1873,-0.3190,0.9291,-0.1511,-0.0200,0.3507,Dark,
7.0062,5.7734,6.2841,0.0000,0.0000,-0.1014,-0.3048,0.9470,-0.2977,-0.3016,0.9057,-0.1981,-0.3244,0.9249,-0.1510,-0.0200,0.3507,Dark,
7.0172,5.7775,6.3100,0.0000,0.0000,-0.0912,-0.3002,0.9495,-0.2862,-0.2977,0.9108,-0.1871,-0.3199,0.9288,-0.1510,-0.0200,0.3507,Dark,
7.0284,5.7857,6.3479,0.0000,0.0000,-0.0754,-0.2973,0.9518,-0.2699,-0.2957,0.9164,-0.1708,-0.3174,0.9328,-0.1510,-0.0200,0.3507,Dark,
7.0400,5.7833,6.3599,0.0000,0.0000,-0.0735,-0.2948,0.9527,-0.2679,-0.2933,0.9177,-0.1688,-0.3149,0.9340,-0.1511,-0.0200,0.3507,Dark,
7.0509,5.7803,6.3716,0.0000,0.0000,-0.0685,-0.2936,0.9535,-0.2623,-0.2924,0.9196,-0.1635,-0.3138,0.9353,-0.1511,-0.0201,0.3507,Dark,
7.0620,5.7823,6.3775,0.0000,0.0000,-0.0624,-0.2928,0.9541,-0.2561,-0.2919,0.9215,-0.1573,-0.3132,0.9366,-0.1511,-0.0200,0.3508,Dark,
7.0733,5.7781,6.3754,0.0000,0.0000,-0.0613,-0.2931,0.9541,-0.2551,-0.2923,0.9217,-0.1562,-0.3135,0.9367,-0.1511,-0.0200,0.3508,Dark,
7.0841,5.7757,6.3771,0.0000,0.0000,-0.0633,-0.2944,0.9536,-0.2569,-0.2935,0.9208,-0.1581,-0.3147,0.9359,-0.1511,-0.0201,0.3508,Dark,
7.0956,5.7892,6.3832,0.0000,0.0000,-0.0663,-0.2950,0.9532,-0.2598,-0.2939,0.9199,-0.1611,-0.3152,0.9353,-0.1511,-0.0201,0.3509,Dark,
7.1071,5.7901,6.3878,0.0000,0.0000,-0.0642,-0.2944,0.9535,-0.2577,-0.2934,0.9206,-0.1589,-0.3147,0.9358,-0.1511,-0.0200,0.3509,Dark,
7.1175,5.7909,6.4053,0.0000,0.0000,-0.0665,-0.2949,0.9532,-0.2599,-0.2938,0.9198,-0.1613,-0.3151,0.9352,-0.1511,-0.0201,0.3509,Dark,
7.1287,5.7852,6.4273,0.0000,0.0000,-0.0670,-0.2952,0.9531,-0.2602,-0.2940,0.9197,-0.1616,-0.3153,0.9351,-0.1511,-0.0201,0.3509,Dark,
7.1398,5.7894,6.4327,0.0000,0.0000,-0.0672,-0.2953,0.9530,-0.2604,-0.2942,0.9196,-0.1618,-0.3155,0.9350,-0.1511,-0.0201,0.3510,Dark,
7.1512,5.7999,6.4247,0.0000,0.0000,-0.0684,-0.2958,0.9528,-0.2612,-0.2947,0.9192,-0.1629,-0.3160,0.9347,-0.1511,-0.0201,0.3510,Dark,
7.1623,5.8051,6.4283,0.0000,0.0000,-0.0684,-0.2958,0.9528,-0.2610,-0.2946,0.9193,-0.1628,-0.3159,0.9347,-0.1511,-0.0201,0.3510,Dark,
7.1733,5.8109,6.4319,0.0000,0.0000,-0.0680,-0.2959,0.9528,-0.2604,-0.2947,0.9194,-0.1623,-0.3159,0.9348,-0.1511,-0.0201,0.3511,Dark,
7.1844,5.8071,6.4490,0.0000,0.0000,-0.0679,-0.2961,0.9527,-0.2598,-0.2951,0.9195,-0.1619,-0.3162,0.9348,-0.1511,-0.0202,0.3511,Dark,
7.1957,5.8003,6.4376,0.0000,0.0000,-0.0679,-0.2966,0.9526,-0.2595,-0.2955,0.9194,-0.1618,-0.3166,0.9347,-0.1511,-0.0202,0.3511,Dark,
7.2073,5.7988,6.4268,0.0000,0.0000,-0.0680,-0.2969,0.9525,-0.2594,-0.2958,0.9193,-0.1618,-0.3169,0.9346,-0.1511,-0.0202,0.3512,Dark,
7.2178,5.8082,6.4663,0.0000,0.0000,-0.0684,-0.2968,0.9525,-0.2594,-0.2957,0.9194,-0.1620,-0.3167,0.9346,-0.1511,-0.0202,0.3512,Dark,
7.2292,5.8176,6.4641,0.0000,0.0000,-0.0681,-0.2966,0.9526,-0.2588,-0.2955,0.9196,-0.1615,-0.3165,0.9347,-0.1510,-0.0203,0.3512,Dark,
7.2404,5.8145,6.4624,0.0000,0.0000,-0.0678,-0.2969,0.9525,-0.2583,-0.2959,0.9197,-0.1611,-0.3168,0.9347,-0.1511,-0.0202,0.3512,Dark,
7.2514,5.8007,6.4681,0.0000,0.0000,-0.0673,-0.2971,0.9525,-0.2574,-0.2961,0.9198,-0.1605,-0.3170,0.9348,-0.1510,-0.0203,0.3512,Dark,
7.2624,5.7918,6.4638,0.0000,0.0000,-0.0669,-0.2972,0.9525,-0.2568,-0.2963,0.9199,-0.1599,-0.3171,0.9348,-0.1510,-0.0203,0.3512,Dark,
7.2734,5.7833,6.4618,0.0000,0.0000,-0.0666,-0.2974,0.9524,-0.2564,-0.2965,0.9200,-0.1595,-0.3173,0.9348,-0.1509,-0.0203,0.3512,Dark,
7.2844,5.7771,6.4570,0.0000,0.0000,-0.0660,-0.2971,0.9525,-0.2556,-0.2963,0.9203,-0.1588,-0.3170,0.9350,-0.1508,-0.0203,0.3513,Dark,
7.2959,5.7772,6.4508,0.0000,0.0000,-0.0653,-0.2970,0.9527,-0.2547,-0.2961,0.9206,-0.1580,-0.3168,0.9352,-0.1508,-0.0203,0.3513,Dark,
7.3070,5.7776,6.4461,0.0000,0.0000,-0.0646,-0.2967,0.9528,-0.2539,-0.2958,0.9209,-0.1573,-0.3165,0.9354,-0.1507,-0.0202,0.3513,Dark,
7.3187,5.7749,6.4554,0.0000,0.0000,-0.0642,-0.2967,0.9528,-0.2531,-0.2958,0.9211,-0.1568,-0.3165,0.9356,-0.1506,-0.0202,0.3514,Dark,
7.3294,5.7722,6.4557,0.0000,0.0000,-0.0640,-0.2967,0.9528,-0.2527,-0.2958,0.9212,-0.1564,-0.3165,0.9356,-0.1505,-0.0201,0.3514,Dark,
7.3405,5.7730,6.4558,0.0000,0.0000,-0.0635,-0.2968,0.9528,-0.2520,-0.2959,0.9214,-0.1558,-0.3165,0.9357,-0.1505,-0.0201,0.3514,Dark,
7.3516,5.7852,6.4710,0.0000,0.0000,-0.0635,-0.2972,0.9527,-0.2519,-0.2963,0.9213,-0.1558,-0.3169,0.9356,-0.1504,-0.0201,0.3514,Dark,
7.3628,5.7948,6.4726,0.0000,0.0000,-0.0632,-0.2984,0.9523,-0.2520,-0.2975,0.9209,-0.1557,-0.3182,0.9352,-0.1504,-0.0201,0.3514,Dark,
7.3739,5.8438,6.4776,0.0000,0.0000,-0.0672,-0.3173,0.9459,-0.2567,-0.3164,0.9132,-0.1600,-0.3371,0.9278,-0.1503,-0.0201,0.3514,Dark,
7.3850,5.8591,6.4798,0.0000,0.0000,-0.0655,-0.3212,0.9447,-0.2557,-0.3204,0.9121,-0.1586,-0.3411,0.9265,-0.1503,-0.0201,0.3514,Dark,
7.3962,5.8697,6.4807,0.0000,0.0000,-0.0642,-0.3145,0.9471,-0.2566,-0.3136,0.9142,-0.1584,-0.3346,0.9290,-0.1503,-0.0201,0.3514,Dark,
7.4077,5.8752,6.4891,0.0000,0.0000,-0.0630,-0.3256,0.9434,-0.2592,-0.3248,0.9096,-0.1591,-0.3462,0.9246,-0.1502,-0.0202,0.3514,Dark,
7.4185,5.8617,6.4866,0.0000,0.0000,-0.0623,-0.3335,0.9407,-0.2605,-0.3328,0.9063,-0.1593,-0.3543,0.9215,-0.1502,-0.0202,0.3514,Dark,
7.4296,5.8507,6.4839,0.0000,0.0000,-0.0615,-0.3333,0.9408,-0.2616,-0.3325,0.9061,-0.1594,-0.3543,0.9215,-0.1503,-0.0202,0.3513,Dark,
7.4407,5.8467,6.4892,0.0000,0.0000,-0.0601,-0.3390,0.9389,-0.2637,-0.3383,0.9033,-0.1598,-0.3605,0.9190,-0.1503,-0.0203,0.3513,Dark,
7.4516,5.8435,6.4951,0.0000,0.0000,-0.0597,-0.3397,0.9387,-0.2649,-0.3390,0.9027,-0.1601,-0.3613,0.9186,-0.1503,-0.0203,0.3513,Dark,
7.4634,5.8421,6.5004,0.0000,0.0000,-0.0592,-0.3429,0.9375,-0.2658,-0.3423,0.9012,-0.1603,-0.3647,0.9172,-0.1504,-0.0203,0.3513,Dark,
7.4745,5.8414,6.5023,0.0000,0.0000,-0.0585,-0.3461,0.9364,-0.2669,-0.3455,0.8996,-0.1605,-0.3681,0.9158,-0.1504,-0.0202,0.3513,Dark,
7.4854,5.8403,6.4989,0.0000,0.0000,-0.0578,-0.3452,0.9368,-0.2672,-0.3446,0.8999,-0.1603,-0.3673,0.9162,-0.1504,-0.0203,0.3512,Dark,
7.4962,5.8304,6.4959,0.0000,0.0000,-0.0577,-0.3468,0.9361,-0.2678,-0.3463,0.8991,-0.1605,-0.3690,0.9154,-0.1504,-0.0202,0.3512,Dark,
7.5077,5.8201,6.4922,0.0000,0.0000,-0.0569,-0.3458,0.9366,-0.2683,-0.3452,0.8993,-0.1603,-0.3682,0.9158,-0.1505,-0.0202,0.3512,Dark,
7.5186,5.8186,6.4869,0.0000,0.0000,-0.0569,-0.3457,0.9366,-0.2688,-0.3452,0.8992,-0.1606,-0.3681,0.9158,-0.1505,-0.0202,0.3512,Dark,
7.5298,5.8099,6.4828,0.0000,0.0000,-0.0568,-0.3463,0.9364,-0.2692,-0.3458,0.8989,-0.1607,-0.3688,0.9155,-0.1506,-0.0202,0.3512,Dark,
7.5413,5.8110,6.4712,0.0000,0.0000,-0.0564,-0.3456,0.9367,-0.2694,-0.3451,0.8991,-0.1606,-0.3682,0.9158,-0.1506,-0.0201,0.3512,Dark,
7.5520,5.8173,6.4807,0.0000,0.0000,-0.0564,-0.3454,0.9368,-0.2695,-0.3449,0.8991,-0.1606,-0.3680,0.9158,-0.1507,-0.0201,0.3512,Dark,
7.5634,5.8145,6.4894,0.0000,0.0000,-0.0560,-0.3455,0.9367,-0.2694,-0.3450,0.8991,-0.1604,-0.3682,0.9158,-0.1507,-0.0201,0.3512,Dark,
7.5744,5.8174,6.5080,0.0000,0.0000,-0.0552,-0.3459,0.9366,-0.2696,-0.3455,0.8989,-0.1601,-0.3687,0.9157,-0.1507,-0.0201,0.3512,Dark,
7.5854,5.8205,6.5089,0.0000,0.0000,-0.0548,-0.3463,0.9365,-0.2698,-0.3459,0.8986,-0.1600,-0.3692,0.9155,-0.1507,-0.0201,0.3512,Dark,
7.5967,5.8282,6.5079,0.0000,0.0000,-0.0543,-0.3466,0.9364,-0.2698,-0.3462,0.8985,-0.1597,-0.3696,0.9154,-0.1507,-0.0201,0.3512,Dark,
7.6078,5.8267,6.5260,0.0000,0.0000,-0.0533,-0.3473,0.9362,-0.2700,-0.3469,0.8982,-0.1593,-0.3704,0.9151,-0.1507,-0.0201,0.3513,Dark,
7.6190,5.8188,6.5275,0.0000,0.0000,-0.0525,-0.3476,0.9362,-0.2697,-0.3473,0.8981,-0.1588,-0.3707,0.9151,-0.1507,-0.0201,0.3513,Dark,
7.6301,5.8193,6.5286,0.0000,0.0000,-0.0520,-0.3480,0.9360,-0.2697,-0.3477,0.8980,-0.1585,-0.3712,0.9149,-0.1507,-0.0202,0.3513,Dark,
7.6412,5.8217,6.5191,0.0000,0.0000,-0.0514,-0.3488,0.9358,-0.2701,-0.3486,0.8975,-0.1583,-0.3722,0.9146,-0.1507,-0.0201,0.3513,Dark,
7.6522,5.8244,6.5004,0.0000,0.0000,-0.0510,-0.3493,0.9356,-0.2702,-0.3490,0.8973,-0.1582,-0.3727,0.9144,-0.1507,-0.0202,0.3513,Dark,
7.6636,5.8404,6.4812,0.0000,0.0000,-0.0506,-0.3496,0.9355,-0.2705,-0.3494,0.8971,-0.1581,-0.3732,0.9142,-0.1507,-0.0202,0.3513,Dark,
7.6749,5.8364,6.4788,0.0000,0.0000,-0.0505,-0.3502,0.9353,-0.2708,-0.3500,0.8967,-0.1582,-0.3738,0.9139,-0.1506,-0.0202,0.3513,Dark,
7.6859,5.8327,6.4814,0.0000,0.0000,-0.0506,-0.3506,0.9351,-0.2712,-0.3504,0.8965,-0.1585,-0.3742,0.9137,-0.1506,-0.0202,0.3514,Dark,
7.6970,5.8334,6.4842,0.0000,0.0000,-0.0505,-0.3514,0.9349,-0.2719,-0.3511,0.8960,-0.1588,-0.3750,0.9133,-0.1506,-0.0202,0.3514,Dark,
7.7081,5.8302,6.4830,0.0000,0.0000,-0.0505,-0.3518,0.9347,-0.2722,-0.3516,0.8957,-0.1589,-0.3755,0.9131,-0.1505,-0.0202,0.3514,Dark,
7.7192,5.8282,6.4861,0.0000,0.0000,-0.0511,-0.3522,0.9345,-0.2732,-0.3519,0.8953,-0.1597,-0.3759,0.9128,-0.1505,-0.0202,0.3514,Dark,
7.7306,5.8395,6.4897,0.0000,0.0000,-0.0516,-0.3530,0.9342,-0.2744,-0.3526,0.8946,-0.1606,-0.3768,0.9123,-0.1505,-0.0202,0.3514,Dark,
7.7419,5.8411,6.4907,0.0000,0.0000,-0.0519,-0.3535,0.9340,-0.2751,-0.3530,0.8943,-0.1611,-0.3772,0.9120,-0.1505,-0.0202,0.3515,Dark,
7.7525,5.8424,6.4906,0.0000,0.0000,-0.0518,-0.3537,0.9339,-0.2752,-0.3532,0.8941,-0.1611,-0.3775,0.9119,-0.1505,-0.0202,0.3515,Dark,
7.7636,5.8339,6.4910,0.0000,0.0000,-0.0519,-0.3542,0.9337,-0.2758,-0.3537,0.8938,-0.1615,-0.3781,0.9116,-0.1505,-0.0202,0.3515,Dark,
7.7752,5.8299,6.4920,0.0000,0.0000,-0.0520,-0.3545,0.9336,-0.2760,-0.3540,0.8936,-0.1616,-0.3783,0.9115,-0.1504,-0.0202,0.3515,Dark,
7.7858,5.8272,6.4991,0.0000,0.0000,-0.0520,-0.3547,0.9335,-0.2762,-0.3541,0.8935,-0.1617,-0.3785,0.9114,-0.1504,-0.0202,0.3516,Dark,
7.7971,5.8208,6.4997,0.0000,0.0000,-0.0521,-0.3552,0.9333,-0.2766,-0.3547,0.8931,-0.1619,-0.3791,0.9111,-0.1503,-0.0202,0.3516,Dark,
7.8083,5.8211,6.4947,0.0000,0.0000,-0.0517,-0.3554,0.9333,-0.2764,-0.3549,0.8931,-0.1617,-0.3793,0.9110,-0.1503,-0.0203,0.3516,Dark,
7.8194,5.8214,6.4900,0.0000,0.0000,-0.0521,-0.3559,0.9331,-0.2770,-0.3553,0.8928,-0.1621,-0.3798,0.9108,-0.1503,-0.0203,0.3517,Dark,
7.8304,5.8156,6.5078,0.0000,0.0000,-0.0506,-0.3559,0.9332,-0.2757,-0.3554,0.8931,-0.1607,-0.3798,0.9110,-0.1502,-0.0203,0.3517,Dark,
7.8418,5.8169,6.5135,0.0000,0.0000,-0.0502,-0.3559,0.9332,-0.2754,-0.3554,0.8932,-0.1604,-0.3799,0.9110,-0.1502,-0.0203,0.3518,Dark,
7.8527,5.8180,6.5346,0.0000,0.0000,-0.0497,-0.3559,0.9332,-0.2749,-0.3555,0.8933,-0.1599,-0.3799,0.9111,-0.1501,-0.0203,0.3518,Dark,
7.8638,5.8290,6.5436,0.0000,0.0000,-0.0488,-0.3557,0.9333,-0.2741,-0.3553,0.8937,-0.1590,-0.3797,0.9113,-0.1501,-0.0203,0.3518,Dark,
7.8750,5.8415,6.5347,0.0000,0.0000,-0.0484,-0.3556,0.9334,-0.2737,-0.3552,0.8938,-0.1586,-0.3796,0.9114,-0.1500,-0.0203,0.3518,Dark,
7.8861,5.8551,6.5306,0.0000,0.0000,-0.0477,-0.3555,0.9335,-0.2731,-0.3551,0.8940,-0.1579,-0.3795,0.9116,-0.1500,-0.0204,0.3518,Dark,
7.8971,5.8572,6.5330,0.0000,0.0000,-0.0475,-0.3557,0.9334,-0.2729,-0.3553,0.8940,-0.1577,-0.3798,0.9115,-0.1499,-0.0204,0.3519,Dark,
7.9087,5.8526,6.5359,0.0000,0.0000,-0.0470,-0.3555,0.9335,-0.2725,-0.3551,0.8942,-0.1572,-0.3795,0.9117,-0.1498,-0.0204,0.3519,Dark,
7.9195,5.8480,6.5404,0.0000,0.0000,-0.0469,-0.3556,0.9335,-0.2724,-0.3553,0.8942,-0.1572,-0.3797,0.9117,-0.1498,-0.0204,0.3519,Dark,
7.9309,5.8546,6.5272,0.0000,0.0000,-0.0459,-0.3554,0.9336,-0.2715,-0.3551,0.8945,-0.1562,-0.3795,0.9119,-0.1497,-0.0204,0.3519,Dark,
7.9422,5.8522,6.5242,0.0000,0.0000,-0.0454,-0.3553,0.9337,-0.2710,-0.3550,0.8947,-0.1557,-0.3794,0.9120,-0.1497,-0.0203,0.3520,Dark,
7.9530,5.8490,6.5169,0.0000,0.0000,-0.0447,-0.3549,0.9338,-0.2705,-0.3546,0.8950,-0.1551,-0.3790,0.9123,-0.1496,-0.0203,0.3520,Dark,
7.9640,5.8537,6.5132,0.0000,0.0000,-0.0443,-0.3548,0.9339,-0.2701,-0.3544,0.8952,-0.1547,-0.3788,0.9124,-0.1496,-0.0203,0.3520,Dark,
7.9752,5.8593,6.5284,0.0000,0.0000,-0.0442,-0.3546,0.9340,-0.2700,-0.3542,0.8954,-0.1546,-0.3787,0.9125,-0.1495,-0.0203,0.3521,Dark,
7.9863,5.8644,6.5409,0.0000,0.0000,-0.0440,-0.3546,0.9340,-0.2698,-0.3542,0.8954,-0.1544,-0.3787,0.9126,-0.1494,-0.0203,0.3521,Dark,
7.9974,5.8657,6.5374,0.0000,0.0000,-0.0432,-0.3550,0.9339,-0.2693,-0.3546,0.8954,-0.1537,-0.3791,0.9125,-0.1494,-0.0202,0.3521,Dark,
8.0085,5.8623,6.5306,0.0000,0.0000,-0.0534,-0.3551,0.9333,-0.2793,-0.3538,0.8927,-0.1640,-0.3788,0.9108,-0.1493,-0.0202,0.3521,Dark,
8.0198,5.8554,6.4885,0.0000,0.0000,-0.0623,-0.3504,0.9345,-0.2902,-0.3482,0.8914,-0.1741,-0.3739,0.9110,-0.1493,-0.0202,0.3521,Dark,
8.0310,5.8294,6.4608,0.0000,0.0000,-0.0738,-0.3455,0.9355,-0.3019,-0.3421,0.8898,-0.1860,-0.3685,0.9108,-0.1492,-0.0202,0.3521,Dark,
8.0420,5.8085,6.4391,0.0000,0.0000,-0.0826,-0.3409,0.9365,-0.3125,-0.3367,0.8883,-0.1958,-0.3638,0.9107,-0.1492,-0.0202,0.3521,Dark,
8.0530,5.7782,6.4133,0.0000,0.0000,-0.0965,-0.3353,0.9372,-0.3272,-0.3298,0.8855,-0.2105,-0.3577,0.9098,-0.1491,-0.0202,0.3521,Dark,
8.0642,5.7654,6.4075,0.0000,0.0000,-0.1010,-0.3338,0.9372,-0.3319,-0.3279,0.8845,-0.2152,-0.3561,0.9093,-0.1490,-0.0201,0.3521,Dark,
8.0753,5.7574,6.4277,0.0000,0.0000,-0.1046,-0.3326,0.9373,-0.3362,-0.3264,0.8834,-0.2192,-0.3548,0.9089,-0.1490,-0.0201,0.3521,Dark,
8.0865,5.7653,6.4630,0.0000,0.0000,-0.1097,-0.3307,0.9373,-0.3418,-0.3240,0.8822,-0.2246,-0.3528,0.9083,-0.1489,-0.0201,0.3521,Dark,
8.0976,5.7709,6.4772,0.0000,0.0000,-0.1112,-0.3298,0.9375,-0.3434,-0.3230,0.8819,-0.2262,-0.3519,0.9083,-0.1488,-0.0201,0.3521,Dark,
8.1087,5.7756,6.4752,0.0000,0.0000,-0.1110,-0.3298,0.9375,-0.3431,-0.3231,0.8820,-0.2260,-0.3519,0.9083,-0.1488,-0.0201,0.3521,Dark,
8.1200,5.7785,6.4718,0.0000,0.0000,-0.1104,-0.3305,0.9373,-0.3425,-0.3239,0.8819,-0.2254,-0.3527,0.9082,-0.1487,-0.0201,0.3520,Dark,Start Red Sphere at Nasal for 0.5s
8.1311,5.7880,6.4728,0.0000,0.0000,-0.1112,-0.3301,0.9374,-0.3432,-0.3234,0.8818,-0.2261,-0.3522,0.9082,-0.1487,-0.0200,0.3520,Dark,Start Red Sphere at Nasal for 0.5s
8.1422,5.7958,6.4844,0.0000,0.0000,-0.1108,-0.3300,0.9375,-0.3428,-0.3232,0.8820,-0.2257,-0.3521,0.9083,-0.1487,-0.0199,0.3520,Dark,Start Red Sphere at Nasal for 0.5s
8.1534,5.8044,6.4993,0.0000,0.0000,-0.1092,-0.3301,0.9376,-0.3408,-0.3235,0.8827,-0.2239,-0.3522,0.9087,-0.1487,-0.0199,0.3520,Dark,Start Red Sphere at Nasal for 0.5s
8.1645,5.8136,6.5014,0.0000,0.0000,-0.1101,-0.3295,0.9377,-0.3413,-0.3229,0.8827,-0.2246,-0.3516,0.9088,-0.1487,-0.0198,0.3520,Dark,Start Red Sphere at Nasal for 0.5s
8.1755,5.8201,6.4956,0.0000,0.0000,-0.1099,-0.3293,0.9378,-0.3409,-0.3227,0.8830,-0.2243,-0.3513,0.9090,-0.1487,-0.0198,0.3519,Dark,Start Red Sphere at Nasal for 0.5s
8.1869,5.8245,6.4884,0.0000,0.0000,-0.1099,-0.3293,0.9378,-0.3404,-0.3227,0.8832,-0.2241,-0.3513,0.9091,-0.1487,-0.0197,0.3519,Dark,Start Red Sphere at Nasal for 0.5s
8.1980,5.8289,6.4881,0.0000,0.0000,-0.1104,-0.3289,0.9379,-0.3406,-0.3222,0.8833,-0.2244,-0.3508,0.9092,-0.1486,-0.0196,0.3519,Dark,Start Red Sphere at Nasal for 0.5s
8.2090,5.8363,6.4876,0.0000,0.0000,-0.1111,-0.3280,0.9381,-0.3408,-0.3213,0.8835,-0.2249,-0.3499,0.9094,-0.1486,-0.0196,0.3519,Dark,Start Red Sphere at Nasal for 0.5s
8.2206,5.8401,6.5032,0.0000,0.0000,-0.1118,-0.3273,0.9383,-0.3412,-0.3205,0.8836,-0.2255,-0.3491,0.9096,-0.1486,-0.0196,0.3519,Dark,Start Red Sphere at Nasal for 0.5s
8.2314,5.8321,6.5158,0.0000,0.0000,-0.1123,-0.3268,0.9384,-0.3415,-0.3200,0.8837,-0.2258,-0.3485,0.9097,-0.1486,-0.0195,0.3519,Dark,Start Red Sphere at Nasal for 0.5s
8.2424,5.8383,6.5239,0.0000,0.0000,-0.1132,-0.3261,0.9385,-0.3421,-0.3193,0.8837,-0.2266,-0.3478,0.9098,-0.1486,-0.0195,0.3519,Dark,Start Red Sphere at Nasal for 0.5s
8.2536,5.8497,6.5275,0.0000,0.0000,-0.1127,-0.3255,0.9388,-0.3415,-0.3187,0.8842,-0.2261,-0.3472,0.9101,-0.1486,-0.0195,0.3519,Dark,Start Red Sphere at Nasal for 0.5s
8.2648,5.8576,6.5291,0.0000,0.0000,-0.1125,-0.3250,0.9390,-0.3413,-0.3183,0.8844,-0.2258,-0.3467,0.9104,-0.1485,-0.0195,0.3519,Dark,Start Red Sphere at Nasal for 0.5s
8.2758,5.8630,6.5344,0.0000,0.0000,-0.1121,-0.3241,0.9394,-0.3407,-0.3174,0.8850,-0.2253,-0.3458,0.9109,-0.1485,-0.0195,0.3519,Dark,Start Red Sphere at Nasal for 0.5s
8.2878,5.8599,6.5271,0.0000,0.0000,-0.1118,-0.3235,0.9396,-0.3404,-0.3169,0.8853,-0.2250,-0.3453,0.9111,-0.1485,-0.0195,0.3520,Dark,Start Red Sphere at Nasal for 0.5s
8.2981,5.8631,6.5206,0.0000,0.0000,-0.1118,-0.3231,0.9398,-0.3403,-0.3164,0.8855,-0.2250,-0.3448,0.9113,-0.1485,-0.0194,0.3520,Dark,Start Red Sphere at Nasal for 0.5s
8.3093,5.8725,6.5284,0.0000,0.0000,-0.1113,-0.3220,0.9402,-0.3398,-0.3154,0.8860,-0.2245,-0.3437,0.9118,-0.1485,-0.0194,0.3520,Dark,Start Red Sphere at Nasal for 0.5s
8.3206,5.8779,6.5233,0.0000,0.0000,-0.1107,-0.3215,0.9404,-0.3395,-0.3149,0.8863,-0.2240,-0.3433,0.9121,-0.1485,-0.0194,0.3520,Dark,Start Red Sphere at Nasal for 0.5s
8.3316,5.8754,6.5195,0.0000,0.0000,-0.1111,-0.3207,0.9406,-0.3400,-0.3142,0.8864,-0.2245,-0.3426,0.9123,-0.1485,-0.0194,0.3520,Dark,Start Red Sphere at Nasal for 0.5s
8.3428,5.8424,6.4773,0.0000,0.0000,-0.1103,-0.3123,0.9436,-0.3417,-0.3056,0.8887,-0.2250,-0.3344,0.9152,-0.1485,-0.0194,0.3520,Dark,Start Red Sphere at Nasal for 0.5s
8.3540,5.8175,6.4491,0.0000,0.0000,-0.1268,-0.2984,0.9460,-0.3624,-0.2901,0.8857,-0.2441,-0.3203,0.9153,-0.1485,-0.0194,0.3521,Dark,Start Red Sphere at Nasal for 0.5s
8.3652,5.7823,6.4126,0.0000,0.0000,-0.1197,-0.3004,0.9463,-0.3628,-0.2921,0.8849,-0.2407,-0.3233,0.9152,-0.1485,-0.0194,0.3521,Dark,Start Red Sphere at Nasal for 0.5s
8.3763,5.7625,6.4049,0.0000,0.0000,-0.1460,-0.2785,0.9493,-0.3911,-0.2680,0.8805,-0.2688,-0.3007,0.9150,-0.1485,-0.0195,0.3522,Dark,Start Red Sphere at Nasal for 0.5s
8.3874,5.7490,6.4022,0.0000,0.0000,-0.1334,-0.2855,0.9491,-0.3826,-0.2756,0.8818,-0.2580,-0.3084,0.9156,-0.1485,-0.0196,0.3522,Dark,Start Red Sphere at Nasal for 0.5s
8.3987,5.7331,6.3920,0.0000,0.0000,-0.1488,-0.2704,0.9512,-0.4029,-0.2590,0.8778,-0.2765,-0.2933,0.9152,-0.1485,-0.0195,0.3522,Dark,Start Red Sphere at Nasal for 0.5s
8.4096,5.7270,6.3772,0.0000,0.0000,-0.1548,-0.2657,0.9516,-0.4111,-0.2537,0.8756,-0.2838,-0.2887,0.9144,-0.1485,-0.0196,0.3523,Dark,Start Red Sphere at Nasal for 0.5s
8.4207,5.7316,6.3651,0.0000,0.0000,-0.1599,-0.2604,0.9522,-0.4180,-0.2479,0.8740,-0.2901,-0.2834,0.9141,-0.1485,-0.0196,0.3523,Dark,Start Red Sphere at Nasal for 0.5s
8.4318,5.7335,6.3478,0.0000,0.0000,-0.1629,-0.2573,0.9525,-0.4244,-0.2444,0.8719,-0.2951,-0.2806,0.9133,-0.1485,-0.0196,0.3524,Dark,Start Red Sphere at Nasal for 0.5s
8.4430,5.7305,6.3336,0.0000,0.0000,-0.1675,-0.2529,0.9529,-0.4300,-0.2396,0.8704,-0.3003,-0.2762,0.9130,-0.1485,-0.0196,0.3524,Dark,Start Red Sphere at Nasal for 0.5s
8.4541,5.7242,6.3229,0.0000,0.0000,-0.1683,-0.2520,0.9530,-0.4320,-0.2385,0.8698,-0.3018,-0.2754,0.9127,-0.1485,-0.0197,0.3525,Dark,Start Red Sphere at Nasal for 0.5s
8.4654,5.7088,6.2935,0.0000,0.0000,-0.1684,-0.2509,0.9533,-0.4342,-0.2373,0.8690,-0.3031,-0.2745,0.9126,-0.1486,-0.0197,0.3525,Dark,Start Red Sphere at Nasal for 0.5s
8.4767,5.7017,6.2914,0.0000,0.0000,-0.1661,-0.2522,0.9533,-0.4331,-0.2386,0.8692,-0.3013,-0.2759,0.9127,-0.1486,-0.0197,0.3525,Dark,Start Red Sphere at Nasal for 0.5s
8.4875,5.6913,6.2914,0.0000,0.0000,-0.1656,-0.2519,0.9535,-0.4335,-0.2383,0.8691,-0.3013,-0.2757,0.9128,-0.1486,-0.0197,0.3526,Dark,Start Red Sphere at Nasal for 0.5s
8.4987,5.6668,6.2718,0.0000,0.0000,-0.1651,-0.2517,0.9536,-0.4344,-0.2381,0.8687,-0.3015,-0.2757,0.9127,-0.1486,-0.0197,0.3526,Dark,Start Red Sphere at Nasal for 0.5s
8.5100,5.6541,6.2534,0.0000,0.0000,-0.1648,-0.2519,0.9536,-0.4348,-0.2383,0.8684,-0.3016,-0.2760,0.9126,-0.1486,-0.0197,0.3526,Dark,Start Red Sphere at Nasal for 0.5s
8.5210,5.6367,6.2380,0.0000,0.0000,-0.1650,-0.2519,0.9536,-0.4355,-0.2382,0.8681,-0.3021,-0.2760,0.9124,-0.1487,-0.0197,0.3527,Dark,Start Red Sphere at Nasal for 0.5s
8.5322,5.6153,6.2005,0.0000,0.0000,-0.1653,-0.2516,0.9536,-0.4366,-0.2379,0.8676,-0.3028,-0.2758,0.9123,-0.1487,-0.0197,0.3527,Dark,Start Red Sphere at Nasal for 0.5s
8.5433,5.6102,6.1839,0.0000,0.0000,-0.1657,-0.2514,0.9536,-0.4372,-0.2376,0.8674,-0.3033,-0.2756,0.9122,-0.1488,-0.0197,0.3527,Dark,Start Red Sphere at Nasal for 0.5s
8.5543,5.6028,6.1599,0.0000,0.0000,-0.1666,-0.2509,0.9536,-0.4384,-0.2371,0.8669,-0.3045,-0.2751,0.9119,-0.1488,-0.0197,0.3527,Dark,Start Red Sphere at Nasal for 0.5s
8.5657,5.5974,6.1512,0.0000,0.0000,-0.1674,-0.2504,0.9536,-0.4392,-0.2366,0.8667,-0.3052,-0.2746,0.9118,-0.1488,-0.0196,0.3528,Dark,Start Red Sphere at Nasal for 0.5s
8.5767,5.5929,6.1248,0.0000,0.0000,-0.1679,-0.2500,0.9536,-0.4396,-0.2362,0.8666,-0.3057,-0.2742,0.9118,-0.1489,-0.0196,0.3528,Dark,Start Red Sphere at Nasal for 0.5s
8.5879,5.5868,6.0873,0.0000,0.0000,-0.1696,-0.2498,0.9533,-0.4411,-0.2359,0.8659,-0.3074,-0.2740,0.9113,-0.1489,-0.0196,0.3528,Dark,Start Red Sphere at Nasal for 0.5s
8.5997,5.5836,6.0753,0.0000,0.0000,-0.1705,-0.2496,0.9532,-0.4418,-0.2356,0.8656,-0.3082,-0.2737,0.9111,-0.1489,-0.0195,0.3529,Dark,Start Red Sphere at Nasal for 0.5s
8.6101,5.5814,6.0637,0.0000,0.0000,-0.1705,-0.2492,0.9533,-0.4415,-0.2351,0.8659,-0.3080,-0.2732,0.9113,-0.1489,-0.0195,0.3529,Dark,Start Red Sphere at Nasal for 0.5s
8.6215,5.5839,6.0461,0.0000,0.0000,-0.1685,-0.2489,0.9538,-0.4366,-0.2352,0.8684,-0.3044,-0.2727,0.9127,-0.1489,-0.0195,0.3529,Dark,Stop Red Sphere at Nasal
8.6325,5.5819,6.0378,0.0000,0.0000,-0.1617,-0.2476,0.9553,-0.4286,-0.2345,0.8725,-0.2967,-0.2714,0.9156,-0.1490,-0.0195,0.3529,Dark,Stop Red Sphere at Nasal
8.6435,5.5804,6.0337,0.0000,0.0000,-0.1539,-0.2462,0.9569,-0.4186,-0.2340,0.8775,-0.2876,-0.2702,0.9189,-0.1490,-0.0195,0.3529,Dark,Stop Red Sphere at Nasal
8.6547,5.5735,6.0427,0.0000,0.0000,-0.1513,-0.2457,0.9575,-0.4131,-0.2338,0.8802,-0.2833,-0.2694,0.9204,-0.1490,-0.0195,0.3529,Dark,Stop Red Sphere at Nasal
8.6659,5.5620,6.0531,0.0000,0.0000,-0.1476,-0.2442,0.9584,-0.4090,-0.2326,0.8824,-0.2794,-0.2680,0.9220,-0.1489,-0.0194,0.3529,Dark,Stop Red Sphere at Nasal
8.6769,5.5529,6.0516,0.0000,0.0000,-0.1426,-0.2427,0.9596,-0.4031,-0.2315,0.8854,-0.2737,-0.2665,0.9242,-0.1489,-0.0194,0.3529,Dark,Stop Red Sphere at Nasal
8.6878,5.5277,6.0321,0.0000,0.0000,-0.1367,-0.2422,0.9605,-0.3956,-0.2316,0.8887,-0.2668,-0.2661,0.9263,-0.1489,-0.0195,0.3529,Dark,Stop Red Sphere at Nasal
8.6997,5.5265,6.0168,0.0000,0.0000,-0.1336,-0.2415,0.9612,-0.3921,-0.2312,0.8904,-0.2634,-0.2654,0.9275,-0.1488,-0.0194,0.3529,Dark,Stop Red Sphere at Nasal
8.7102,5.5270,6.0190,0.0000,0.0000,-0.1319,-0.2409,0.9615,-0.3897,-0.2307,0.8916,-0.2613,-0.2647,0.9282,-0.1488,-0.0194,0.3529,Dark,Stop Red Sphere at Nasal
8.7213,5.5369,6.0232,0.0000,0.0000,-0.1279,-0.2395,0.9624,-0.3849,-0.2297,0.8939,-0.2568,-0.2634,0.9299,-0.1488,-0.0194,0.3528,Dark,
8.7327,5.5432,6.0242,0.0000,0.0000,-0.1260,-0.2383,0.9630,-0.3828,-0.2286,0.8951,-0.2547,-0.2622,0.9308,-0.1487,-0.0193,0.3528,Dark,
8.7436,5.5332,6.0168,0.0000,0.0000,-0.1227,-0.2376,0.9636,-0.3791,-0.2281,0.8968,-0.2511,-0.2615,0.9320,-0.1487,-0.0193,0.3528,Dark,
8.7549,5.5207,6.0117,0.0000,0.0000,-0.1212,-0.2373,0.9638,-0.3775,-0.2279,0.8975,-0.2495,-0.2613,0.9324,-0.1487,-0.0193,0.3528,Dark,
8.7662,5.5229,6.0083,0.0000,0.0000,-0.1199,-0.2370,0.9641,-0.3762,-0.2276,0.8981,-0.2482,-0.2610,0.9329,-0.1487,-0.0192,0.3527,Dark,
8.7772,5.5196,5.9930,0.0000,0.0000,-0.1167,-0.2365,0.9646,-0.3729,-0.2273,0.8996,-0.2449,-0.2605,0.9339,-0.1486,-0.0192,0.3527,Dark,
8.7882,5.5159,5.9979,0.0000,0.0000,-0.1153,-0.2361,0.9649,-0.3714,-0.2269,0.9003,-0.2434,-0.2601,0.9344,-0.1486,-0.0191,0.3527,Dark,
8.7995,5.5255,6.0023,0.0000,0.0000,-0.1139,-0.2354,0.9652,-0.3702,-0.2263,0.9010,-0.2421,-0.2595,0.9349,-0.1485,-0.0191,0.3526,Dark,
8.8106,5.5309,6.0154,0.0000,0.0000,-0.1119,-0.2346,0.9656,-0.3683,-0.2256,0.9019,-0.2401,-0.2587,0.9356,-0.1485,-0.0190,0.3526,Dark,
8.8216,5.5300,6.0206,0.0000,0.0000,-0.1097,-0.2341,0.9660,-0.3664,-0.2252,0.9028,-0.2380,-0.2583,0.9363,-0.1485,-0.0190,0.3526,Dark,
8.8327,5.5297,6.0145,0.0000,0.0000,-0.1088,-0.2336,0.9662,-0.3655,-0.2247,0.9033,-0.2371,-0.2578,0.9367,-0.1485,-0.0189,0.3525,Dark,
8.8438,5.5406,6.0084,0.0000,0.0000,-0.1075,-0.2328,0.9666,-0.3645,-0.2239,0.9039,-0.2359,-0.2570,0.9372,-0.1485,-0.0189,0.3525,Dark,
8.8551,5.5374,6.0088,0.0000,0.0000,-0.1066,-0.2325,0.9668,-0.3639,-0.2235,0.9042,-0.2351,-0.2567,0.9375,-0.1484,-0.0189,0.3525,Dark,
8.8664,5.5352,6.0109,0.0000,0.0000,-0.1049,-0.2320,0.9671,-0.3618,-0.2231,0.9051,-0.2332,-0.2561,0.9381,-0.1483,-0.0188,0.3525,Dark,
8.8772,5.5196,6.0175,0.0000,0.0000,-0.0874,-0.2283,0.9696,-0.3445,-0.2206,0.9125,-0.2154,-0.2529,0.9432,-0.1483,-0.0188,0.3525,Dark,
8.8884,5.5123,6.0203,0.0000,0.0000,-0.0822,-0.2273,0.9704,-0.3394,-0.2198,0.9146,-0.2101,-0.2520,0.9446,-0.1482,-0.0187,0.3525,Dark,
8.8996,5.5074,6.0226,0.0000,0.0000,-0.0780,-0.2268,0.9708,-0.3342,-0.2197,0.9165,-0.2053,-0.2516,0.9458,-0.1482,-0.0187,0.3526,Dark,
8.9110,5.5200,6.0384,0.0000,0.0000,-0.0727,-0.2263,0.9713,-0.3276,-0.2196,0.9189,-0.1992,-0.2511,0.9472,-0.1481,-0.0186,0.3526,Dark,
8.9218,5.5201,6.0499,0.0000,0.0000,-0.0720,-0.2260,0.9715,-0.3263,-0.2194,0.9195,-0.1981,-0.2507,0.9476,-0.1481,-0.0186,0.3526,Dark,
8.9329,5.5198,6.0563,0.0000,0.0000,-0.0725,-0.2259,0.9714,-0.3260,-0.2193,0.9196,-0.1982,-0.2506,0.9476,-0.1481,-0.0185,0.3526,Dark,
8.9440,5.5438,6.0615,0.0000,0.0000,-0.0720,-0.2257,0.9715,-0.3247,-0.2193,0.9201,-0.1973,-0.2503,0.9478,-0.1481,-0.0184,0.3526,Dark,
8.9555,5.5465,6.0608,0.0000,0.0000,-0.0735,-0.2258,0.9714,-0.3259,-0.2192,0.9196,-0.1987,-0.2503,0.9475,-0.1481,-0.0184,0.3526,Dark,
8.9668,5.5500,6.0719,0.0000,0.0000,-0.0753,-0.2259,0.9712,-0.3274,-0.2194,0.9191,-0.2004,-0.2505,0.9472,-0.1481,-0.0183,0.3526,Dark,
8.9775,5.5500,6.0769,0.0000,0.0000,-0.0759,-0.2259,0.9712,-0.3278,-0.2193,0.9190,-0.2009,-0.2504,0.9471,-0.1480,-0.0182,0.3526,Dark,
8.9888,5.5484,6.0808,0.0000,0.0000,-0.0738,-0.2248,0.9716,-0.3256,-0.2184,0.9200,-0.1987,-0.2494,0.9478,-0.1480,-0.0181,0.3526,Dark,
8.9998,5.5570,6.0845,0.0000,0.0000,-0.0768,-0.2257,0.9712,-0.3287,-0.2191,0.9187,-0.2019,-0.2502,0.9469,-0.1480,-0.0180,0.3526,Dark,
9.0110,5.5575,6.0889,0.0000,0.0000,-0.0776,-0.2258,0.9711,-0.3295,-0.2192,0.9184,-0.2027,-0.2503,0.9467,-0.1480,-0.0179,0.3526,Dark,
9.0221,5.5679,6.0925,0.0000,0.0000,-0.0782,-0.2256,0.9711,-0.3302,-0.2189,0.9182,-0.2033,-0.2500,0.9466,-0.1480,-0.0179,0.3526,Dark,
9.0332,5.5749,6.1104,0.0000,0.0000,-0.0794,-0.2256,0.9710,-0.3315,-0.2189,0.9177,-0.2046,-0.2501,0.9464,-0.1480,-0.0178,0.3526,Dark,
9.0444,5.5727,6.1114,0.0000,0.0000,-0.0803,-0.2259,0.9708,-0.3325,-0.2191,0.9173,-0.2056,-0.2503,0.9461,-0.1480,-0.0177,0.3526,Dark,
9.0555,5.5740,6.1114,0.0000,0.0000,-0.0815,-0.2260,0.9707,-0.3338,-0.2191,0.9168,-0.2069,-0.2504,0.9458,-0.1480,-0.0176,0.3526,Dark,
9.0668,5.5618,6.1567,0.0000,0.0000,-0.0785,-0.2271,0.9707,-0.3309,-0.2203,0.9176,-0.2038,-0.2516,0.9461,-0.1479,-0.0175,0.3526,Dark,
9.0780,5.5520,6.1612,0.0000,0.0000,-0.0649,-0.2257,0.9720,-0.3150,-0.2199,0.9233,-0.1888,-0.2503,0.9496,-0.1479,-0.0174,0.3527,Dark,
9.0889,5.5434,6.1641,0.0000,0.0000,-0.0482,-0.2232,0.9736,-0.2985,-0.2184,0.9291,-0.1718,-0.2483,0.9533,-0.1478,-0.0173,0.3527,Dark,
9.1002,5.5349,6.1784,0.0000,0.0000,-0.0349,-0.2215,0.9745,-0.2821,-0.2175,0.9344,-0.1565,-0.2465,0.9564,-0.1478,-0.0172,0.3526,Dark,
9.1114,5.5349,6.1780,0.0000,0.0000,-0.0267,-0.2199,0.9752,-0.2718,-0.2164,0.9377,-0.1471,-0.2449,0.9583,-0.1477,-0.0171,0.3526,Dark,
9.1224,5.5379,6.1785,0.0000,0.0000,-0.0236,-0.2195,0.9753,-0.2676,-0.2162,0.9390,-0.1434,-0.2445,0.9590,-0.1477,-0.0170,0.3526,Dark,
9.1336,5.5431,6.1813,0.0000,0.0000,-0.0184,-0.2178,0.9758,-0.2595,-0.2149,0.9415,-0.1366,-0.2427,0.9604,-0.1476,-0.0168,0.3527,Dark,
9.1447,5.5450,6.1784,0.0000,0.0000,-0.0155,-0.2158,0.9763,-0.2550,-0.2131,0.9432,-0.1329,-0.2405,0.9615,-0.1476,-0.0167,0.3527,Dark,
9.1557,5.5540,6.1762,0.0000,0.0000,-0.0138,-0.2143,0.9767,-0.2519,-0.2116,0.9444,-0.1304,-0.2388,0.9623,-0.1476,-0.0166,0.3527,Dark,
9.1670,5.5614,6.1855,0.0000,0.0000,-0.0116,-0.2127,0.9770,-0.2471,-0.2102,0.9459,-0.1269,-0.2370,0.9632,-0.1474,-0.0164,0.3527,Dark,
9.1783,5.5610,6.1839,0.0000,0.0000,-0.0100,-0.2110,0.9774,-0.2442,-0.2085,0.9471,-0.1247,-0.2352,0.9639,-0.1474,-0.0162,0.3527,Dark,
9.1891,5.5664,6.1825,0.0000,0.0000,-0.0084,-0.2091,0.9779,-0.2416,-0.2068,0.9481,-0.1226,-0.2333,0.9647,-0.1473,-0.0160,0.3527,Dark,
9.2002,5.5719,6.1986,0.0000,0.0000,-0.0065,-0.2070,0.9783,-0.2377,-0.2048,0.9495,-0.1197,-0.2310,0.9656,-0.1473,-0.0157,0.3526,Dark,
9.2116,5.5736,6.2161,0.0000,0.0000,-0.0056,-0.2042,0.9789,-0.2358,-0.2019,0.9506,-0.1183,-0.2280,0.9664,-0.1472,-0.0154,0.3527,Dark,
9.2227,5.5727,6.2423,0.0000,0.0000,-0.0009,-0.2011,0.9796,-0.2296,-0.1989,0.9527,-0.1128,-0.2248,0.9679,-0.1471,-0.0151,0.3527,Dark,
9.2337,5.5769,6.2529,0.0000,0.0000,-0.0032,-0.1984,0.9801,-0.2312,-0.1960,0.9529,-0.1148,-0.2219,0.9683,-0.1471,-0.0147,0.3527,Dark,
9.2452,5.5806,6.2593,0.0000,0.0000,-0.0007,-0.1954,0.9807,-0.2280,-0.1930,0.9543,-0.1119,-0.2188,0.9693,-0.1470,-0.0144,0.3527,Dark,
9.2563,5.6240,6.2464,0.0000,0.0000,-0.0006,-0.1928,0.9812,-0.2257,-0.1903,0.9554,-0.1108,-0.2159,0.9701,-0.1470,-0.0140,0.3527,Dark,
9.2671,5.6566,6.2678,0.0000,0.0000,-0.0129,-0.2018,0.9793,-0.2381,-0.1990,0.9506,-0.1233,-0.2248,0.9666,-0.1468,-0.0137,0.3527,Dark,
9.2786,5.6820,6.2858,0.0000,0.0000,-0.0037,-0.1919,0.9814,-0.2282,-0.1893,0.9550,-0.1136,-0.2149,0.9700,-0.1467,-0.0133,0.3526,Dark,
9.2896,5.7242,6.2948,0.0000,0.0000,-0.0147,-0.2037,0.9789,-0.2454,-0.2006,0.9484,-0.1279,-0.2272,0.9654,-0.1467,-0.0130,0.3526,Dark,
9.3004,5.7343,6.2825,0.0000,0.0000,-0.0192,-0.2088,0.9778,-0.2544,-0.2054,0.9450,-0.1348,-0.2327,0.9632,-0.1466,-0.0127,0.3525,Dark,
9.3122,5.7337,6.2697,0.0000,0.0000,-0.0245,-0.2140,0.9765,-0.2634,-0.2102,0.9415,-0.1421,-0.2381,0.9608,-0.1465,-0.0124,0.3525,Dark,
9.3228,5.7246,6.2574,0.0000,0.0000,-0.0319,-0.2237,0.9741,-0.2778,-0.2194,0.9353,-0.1531,-0.2484,0.9565,-0.1464,-0.0121,0.3524,Dark,
9.3337,5.7194,6.2540,0.0000,0.0000,-0.0339,-0.2260,0.9735,-0.2833,-0.2213,0.9332,-0.1569,-0.2509,0.9552,-0.1464,-0.0117,0.3523,Dark,
9.3450,5.7223,6.2525,0.0000,0.0000,-0.0351,-0.2273,0.9732,-0.2877,-0.2225,0.9315,-0.1598,-0.2526,0.9543,-0.1463,-0.0114,0.3522,Dark,
9.3562,5.7257,6.2640,0.0000,0.0000,-0.0352,-0.2286,0.9729,-0.2931,-0.2235,0.9296,-0.1626,-0.2544,0.9534,-0.1462,-0.0111,0.3521,Dark,
9.3676,5.7258,6.2542,0.0000,0.0000,-0.0344,-0.2275,0.9732,-0.2948,-0.2224,0.9293,-0.1630,-0.2535,0.9535,-0.1462,-0.0108,0.3520,Dark,
9.3786,5.7205,6.2460,0.0000,0.0000,-0.0317,-0.2243,0.9740,-0.2944,-0.2192,0.9302,-0.1615,-0.2506,0.9545,-0.1461,-0.0105,0.3518,Dark,
9.3898,5.7177,6.2755,0.0000,0.0000,-0.0314,-0.2239,0.9741,-0.2984,-0.2187,0.9290,-0.1633,-0.2506,0.9542,-0.1461,-0.0102,0.3517,Dark,
9.4010,5.7202,6.2815,0.0000,0.0000,-0.0291,-0.2196,0.9751,-0.2983,-0.2144,0.9301,-0.1621,-0.2466,0.9555,-0.1460,-0.0098,0.3516,Dark,
9.4120,5.7143,6.2868,0.0000,0.0000,-0.0283,-0.2168,0.9758,-0.2993,-0.2115,0.9304,-0.1623,-0.2440,0.9561,-0.1459,-0.0094,0.3515,Dark,
9.4247,5.7093,6.3101,0.0000,0.0000,-0.0276,-0.2142,0.9764,-0.3020,-0.2087,0.9302,-0.1633,-0.2416,0.9565,-0.1459,-0.0090,0.3514,Dark,
9.4345,5.7088,6.3006,0.0000,0.0000,-0.0271,-0.2114,0.9770,-0.3030,-0.2059,0.9305,-0.1635,-0.2390,0.9572,-0.1458,-0.0086,0.3513,Dark,
9.4453,5.7149,6.2928,0.0000,0.0000,-0.0271,-0.2090,0.9775,-0.3042,-0.2034,0.9306,-0.1642,-0.2367,0.9576,-0.1458,-0.0083,0.3511,Dark,
9.4565,5.7195,6.2980,0.0000,0.0000,-0.0272,-0.2065,0.9781,-0.3070,-0.2008,0.9303,-0.1656,-0.2345,0.9579,-0.1457,-0.0079,0.3510,Dark,
9.4675,5.7178,6.2959,0.0000,0.0000,-0.0269,-0.2040,0.9786,-0.3080,-0.1982,0.9305,-0.1660,-0.2321,0.9584,-0.1457,-0.0076,0.3509,Dark,
9.4787,5.7118,6.2952,0.0000,0.0000,-0.0272,-0.2018,0.9791,-0.3093,-0.1958,0.9306,-0.1669,-0.2299,0.9588,-0.1456,-0.0072,0.3508,Dark,
9.4900,5.6965,6.3086,0.0000,0.0000,-0.0278,-0.1994,0.9795,-0.3121,-0.1932,0.9302,-0.1687,-0.2276,0.9590,-0.1456,-0.0068,0.3506,Dark,
9.5009,5.6893,6.3056,0.0000,0.0000,-0.0281,-0.1972,0.9800,-0.3135,-0.1908,0.9302,-0.1696,-0.2255,0.9594,-0.1456,-0.0065,0.3505,Dark,
9.5121,5.6777,6.2987,0.0000,0.0000,-0.0290,-0.1960,0.9802,-0.3163,-0.1893,0.9296,-0.1714,-0.2244,0.9593,-0.1455,-0.0061,0.3504,Dark,
9.5234,5.6695,6.2946,0.0000,0.0000,-0.0293,-0.1943,0.9805,-0.3174,-0.1875,0.9296,-0.1722,-0.2227,0.9595,-0.1455,-0.0058,0.3502,Dark,
9.5344,5.6634,6.2927,0.0000,0.0000,-0.0300,-0.1932,0.9807,-0.3188,-0.1862,0.9293,-0.1733,-0.2216,0.9596,-0.1455,-0.0055,0.3501,Dark,
9.5456,5.6588,6.2921,0.0000,0.0000,-0.0303,-0.1921,0.9809,-0.3206,-0.1849,0.9290,-0.1744,-0.2205,0.9597,-0.1454,-0.0053,0.3499,Dark,
9.5570,5.6620,6.2922,0.0000,0.0000,-0.0301,-0.1904,0.9813,-0.3211,-0.1830,0.9292,-0.1746,-0.2188,0.9600,-0.1454,-0.0050,0.3498,Dark,
9.5678,5.6651,6.2925,0.0000,0.0000,-0.0299,-0.1886,0.9816,-0.3216,-0.1813,0.9294,-0.1747,-0.2172,0.9604,-0.1454,-0.0047,0.3497,Dark,
9.5795,5.6601,6.2879,0.0000,0.0000,-0.0296,-0.1872,0.9819,-0.3225,-0.1797,0.9294,-0.1751,-0.2158,0.9606,-0.1453,-0.0045,0.3496,Dark,
9.5902,5.6552,6.2842,0.0000,0.0000,-0.0295,-0.1856,0.9822,-0.3229,-0.1780,0.9295,-0.1753,-0.2142,0.9609,-0.1453,-0.0042,0.3494,Dark,
9.6013,5.6510,6.2649,0.0000,0.0000,-0.0291,-0.1840,0.9825,-0.3230,-0.1764,0.9298,-0.1751,-0.2126,0.9613,-0.1452,-0.0040,0.3493,Dark,
9.6124,5.6539,6.2442,0.0000,0.0000,-0.0282,-0.1824,0.9828,-0.3233,-0.1748,0.9300,-0.1748,-0.2112,0.9617,-0.1452,-0.0038,0.3492,Dark,
9.6237,5.6416,6.2416,0.0000,0.0000,-0.0284,-0.1814,0.9830,-0.3239,-0.1738,0.9300,-0.1752,-0.2102,0.9618,-0.1452,-0.0036,0.3491,Dark,
9.6348,5.6239,6.2337,0.0000,0.0000,-0.0283,-0.1809,0.9831,-0.3248,-0.1732,0.9298,-0.1757,-0.2098,0.9618,-0.1451,-0.0034,0.3490,Dark,
9.6457,5.6180,6.2331,0.0000,0.0000,-0.0280,-0.1803,0.9832,-0.3250,-0.1725,0.9299,-0.1756,-0.2092,0.9620,-0.1451,-0.0033,0.3489,Dark,
9.6570,5.6173,6.2293,0.0000,0.0000,-0.0277,-0.1799,0.9833,-0.3251,-0.1721,0.9299,-0.1754,-0.2088,0.9621,-0.1450,-0.0032,0.3488,Dark,
9.6682,5.6142,6.2069,0.0000,0.0000,-0.0268,-0.1796,0.9834,-0.3250,-0.1717,0.9300,-0.1750,-0.2086,0.9622,-0.1449,-0.0031,0.3487,Dark,
9.6793,5.6105,6.1997,0.0000,0.0000,-0.0270,-0.1790,0.9835,-0.3255,-0.1711,0.9299,-0.1753,-0.2080,0.9623,-0.1448,-0.0030,0.3486,Dark,
9.6904,5.5982,6.1897,0.0000,0.0000,-0.0257,-0.1782,0.9837,-0.3244,-0.1703,0.9304,-0.1741,-0.2073,0.9627,-0.1448,-0.0029,0.3486,Dark,
9.7014,5.5750,6.1414,0.0000,0.0000,-0.0250,-0.1776,0.9838,-0.3242,-0.1697,0.9306,-0.1737,-0.2067,0.9629,-0.1447,-0.0028,0.3485,Dark,
9.7125,5.5656,6.1258,0.0000,0.0000,-0.0252,-0.1772,0.9838,-0.3244,-0.1693,0.9306,-0.1739,-0.2063,0.9629,-0.1446,-0.0027,0.3485,Dark,
9.7237,5.5595,6.1156,0.0000,0.0000,-0.0246,-0.1765,0.9840,-0.3240,-0.1685,0.9309,-0.1733,-0.2056,0.9632,-0.1445,-0.0026,0.3485,Dark,
9.7350,5.5573,6.1129,0.0000,0.0000,-0.0236,-0.1756,0.9842,-0.3233,-0.1676,0.9313,-0.1725,-0.2047,0.9635,-0.1444,-0.0025,0.3484,Dark,
9.7460,5.5586,6.1186,0.0000,0.0000,-0.0232,-0.1746,0.9844,-0.3230,-0.1666,0.9316,-0.1722,-0.2037,0.9638,-0.1444,-0.0023,0.3484,Dark,
9.7571,5.5603,6.1254,0.0000,0.0000,-0.0228,-0.1734,0.9846,-0.3228,-0.1654,0.9319,-0.1718,-0.2025,0.9641,-0.1443,-0.0022,0.3484,Dark,
9.7682,5.5485,6.1321,0.0000,0.0000,-0.0222,-0.1726,0.9847,-0.3226,-0.1645,0.9321,-0.1715,-0.2017,0.9643,-0.1442,-0.0020,0.3483,Dark,
9.7794,5.5468,6.1326,0.0000,0.0000,-0.0220,-0.1716,0.9849,-0.3224,-0.1634,0.9324,-0.1713,-0.2007,0.9646,-0.1442,-0.0019,0.3483,Dark,
9.7908,5.5457,6.1254,0.0000,0.0000,-0.0217,-0.1708,0.9851,-0.3223,-0.1625,0.9326,-0.1711,-0.1998,0.9648,-0.1441,-0.0018,0.3483,Dark,
9.8018,5.5405,6.1126,0.0000,0.0000,-0.0213,-0.1696,0.9853,-0.3221,-0.1613,0.9329,-0.1708,-0.1986,0.9651,-0.1440,-0.0016,0.3483,Dark,
9.8128,5.5382,6.1077,0.0000,0.0000,-0.0209,-0.1682,0.9855,-0.3218,-0.1598,0.9332,-0.1704,-0.1972,0.9654,-0.1439,-0.0015,0.3483,Dark,
9.8244,5.5362,6.1089,0.0000,0.0000,-0.0202,-0.1668,0.9858,-0.3212,-0.1584,0.9337,-0.1698,-0.1958,0.9658,-0.1438,-0.0013,0.3482,Dark,
9.8352,5.5390,6.1070,0.0000,0.0000,-0.0191,-0.1650,0.9861,-0.3203,-0.1566,0.9343,-0.1688,-0.1940,0.9664,-0.1437,-0.0012,0.3482,Dark,
9.8462,5.5357,6.1037,0.0000,0.0000,-0.0189,-0.1642,0.9862,-0.3202,-0.1557,0.9345,-0.1686,-0.1931,0.9666,-0.1437,-0.0010,0.3482,Dark,
9.8573,5.5331,6.0994,0.0000,0.0000,-0.0188,-0.1634,0.9864,-0.3202,-0.1549,0.9346,-0.1686,-0.1924,0.9667,-0.1436,-0.0009,0.3481,Dark,
9.8685,5.5324,6.0931,0.0000,0.0000,-0.0188,-0.1626,0.9865,-0.3202,-0.1540,0.9347,-0.1686,-0.1915,0.9669,-0.1435,-0.0007,0.3481,Dark,
9.8799,5.5388,6.0918,0.0000,0.0000,-0.0188,-0.1614,0.9867,-0.3203,-0.1527,0.9349,-0.1687,-0.1903,0.9671,-0.1435,-0.0005,0.3481,Dark,
9.8912,5.5482,6.0980,0.0000,0.0000,-0.0191,-0.1602,0.9869,-0.3206,-0.1514,0.9350,-0.1690,-0.1890,0.9673,-0.1434,-0.0003,0.3481,Dark,
9.9019,5.5507,6.1020,0.0000,0.0000,-0.0190,-0.1591,0.9871,-0.3206,-0.1502,0.9352,-0.1690,-0.1879,0.9676,-0.1434,-0.0001,0.3481,Dark,
9.9131,5.5535,6.1051,0.0000,0.0000,-0.0192,-0.1582,0.9872,-0.3208,-0.1492,0.9353,-0.1691,-0.1869,0.9677,-0.1433,0.0001,0.3480,Dark,
9.9243,5.5556,6.1066,0.0000,0.0000,-0.0193,-0.1577,0.9873,-0.3211,-0.1485,0.9353,-0.1694,-0.1863,0.9678,-0.1432,0.0002,0.3480,Dark,
9.9354,5.5560,6.1035,0.0000,0.0000,-0.0190,-0.1573,0.9874,-0.3209,-0.1480,0.9355,-0.1692,-0.1859,0.9679,-0.1431,0.0003,0.3480,Dark,
9.9466,5.5545,6.1007,0.0000,0.0000,-0.0189,-0.1569,0.9874,-0.3208,-0.1475,0.9356,-0.1691,-0.1854,0.9680,-0.1431,0.0004,0.3479,Dark,
9.9577,5.5584,6.0932,0.0000,0.0000,-0.0187,-0.1563,0.9875,-0.3206,-0.1469,0.9358,-0.1688,-0.1848,0.9682,-0.1430,0.0005,0.3478,Dark,
9.9688,5.5628,6.0950,0.0000,0.0000,-0.0185,-0.1552,0.9877,-0.3203,-0.1457,0.9360,-0.1686,-0.1837,0.9684,-0.1429,0.0007,0.3478,Dark,
9.9800,5.5554,6.0969,0.0000,0.0000,-0.0181,-0.1541,0.9879,-0.3199,-0.1446,0.9363,-0.1683,-0.1826,0.9687,-0.1428,0.0009,0.3477,Dark,
9.9911,5.5516,6.1243,0.0000,0.0000,-0.0175,-0.1529,0.9881,-0.3192,-0.1434,0.9368,-0.1676,-0.1813,0.9690,-0.1428,0.0010,0.3477,Dark,
10.0023,5.5535,6.1324,0.0000,0.0000,-0.0169,-0.1509,0.9884,-0.3186,-0.1413,0.9373,-0.1670,-0.1792,0.9695,-0.1427,0.0012,0.3477,Dark,
10.0132,5.5562,6.1380,0.0000,0.0000,-0.0224,-0.1438,0.9894,-0.3236,-0.1337,0.9367,-0.1724,-0.1718,0.9699,-0.1426,0.0014,0.3476,Dark,
10.0244,5.5392,6.0714,0.0000,0.0000,-0.0686,-0.1189,0.9905,-0.3684,-0.1067,0.9235,-0.2198,-0.1459,0.9646,-0.1425,0.0016,0.3476,Dark,
10.0357,5.5217,6.0430,0.0000,0.0000,-0.0741,-0.1154,0.9905,-0.3719,-0.1031,0.9225,-0.2244,-0.1421,0.9641,-0.1425,0.0018,0.3475,Dark,
10.0471,5.5008,6.0217,0.0000,0.0000,-0.1093,-0.1038,0.9886,-0.3975,-0.0908,0.9131,-0.2559,-0.1292,0.9580,-0.1425,0.0020,0.3474,Dark,
10.0578,5.4894,6.0208,0.0000,0.0000,-0.1220,-0.0965,0.9878,-0.4030,-0.0835,0.9114,-0.2652,-0.1211,0.9566,-0.1424,0.0021,0.3473,Dark,
10.0691,5.4965,6.0225,0.0000,0.0000,-0.1227,-0.0960,0.9878,-0.4014,-0.0830,0.9121,-0.2647,-0.1203,0.9568,-0.1423,0.0023,0.3472,Dark,
10.0805,5.4961,6.0234,0.0000,0.0000,-0.1272,-0.0931,0.9875,-0.4036,-0.0801,0.9114,-0.2681,-0.1171,0.9562,-0.1422,0.0024,0.3471,Dark,
10.0913,5.4957,6.0198,0.0000,0.0000,-0.1233,-0.0940,0.9879,-0.3977,-0.0812,0.9139,-0.2630,-0.1178,0.9576,-0.1422,0.0026,0.3470,Dark,
10.1027,5.4944,6.0242,0.0000,0.0000,-0.1234,-0.0919,0.9881,-0.3972,-0.0792,0.9143,-0.2628,-0.1157,0.9579,-0.1421,0.0029,0.3469,Dark,
10.1137,5.4899,6.0347,0.0000,0.0000,-0.1232,-0.0896,0.9883,-0.3962,-0.0770,0.9149,-0.2622,-0.1134,0.9583,-0.1420,0.0031,0.3468,Dark,
10.1246,5.4986,6.0396,0.0000,0.0000,-0.1231,-0.0877,0.9885,-0.3959,-0.0751,0.9152,-0.2620,-0.1114,0.9586,-0.1420,0.0034,0.3467,Dark,
10.1359,5.5057,6.0433,0.0000,0.0000,-0.1350,-0.0804,0.9876,-0.4064,-0.0676,0.9112,-0.2736,-0.1039,0.9562,-0.1420,0.0036,0.3466,Dark,
10.1469,5.5216,6.0358,0.0000,0.0000,-0.1217,-0.0848,0.9889,-0.3944,-0.0722,0.9161,-0.2605,-0.1084,0.9594,-0.1420,0.0038,0.3465,Dark,
10.1584,5.5239,6.0352,0.0000,0.0000,-0.1210,-0.0837,0.9891,-0.3938,-0.0712,0.9164,-0.2599,-0.1074,0.9596,-0.1419,0.0040,0.3464,Dark,
10.1697,5.5247,6.0347,0.0000,0.0000,-0.1250,-0.0807,0.9889,-0.3975,-0.0681,0.9151,-0.2639,-0.1043,0.9589,-0.1419,0.0041,0.3462,Dark,
10.1804,5.5298,6.0486,0.0000,0.0000,-0.1214,-0.0808,0.9893,-0.3946,-0.0683,0.9163,-0.2605,-0.1045,0.9598,-0.1418,0.0043,0.3461,Dark,
10.1916,5.5345,6.0583,0.0000,0.0000,-0.1202,-0.0802,0.9895,-0.3936,-0.0677,0.9168,-0.2594,-0.1039,0.9602,-0.1417,0.0044,0.3460,Dark,
10.2028,5.5401,6.0652,0.0000,0.0000,-0.1193,-0.0793,0.9897,-0.3929,-0.0669,0.9172,-0.2586,-0.1031,0.9605,-0.1417,0.0045,0.3459,Dark,
10.2139,5.5498,6.0831,0.0000,0.0000,-0.1184,-0.0777,0.9899,-0.3925,-0.0652,0.9175,-0.2580,-0.1015,0.9608,-0.1416,0.0047,0.3457,Dark,
10.2248,5.5531,6.0741,0.0000,0.0000,-0.1181,-0.0766,0.9900,-0.3923,-0.0642,0.9176,-0.2578,-0.1005,0.9610,-0.1415,0.0048,0.3456,Dark,
10.2364,5.5549,6.0659,0.0000,0.0000,-0.1178,-0.0753,0.9902,-0.3921,-0.0630,0.9178,-0.2575,-0.0992,0.9612,-0.1415,0.0050,0.3456,Dark,
10.2475,5.5514,6.0684,0.0000,0.0000,-0.1174,-0.0738,0.9903,-0.3920,-0.0615,0.9179,-0.2572,-0.0977,0.9614,-0.1415,0.0051,0.3454,Dark,
10.2586,5.5473,6.0671,0.0000,0.0000,-0.1172,-0.0725,0.9905,-0.3917,-0.0603,0.9181,-0.2570,-0.0965,0.9616,-0.1415,0.0053,0.3454,Dark,
10.2694,5.5479,6.0671,0.0000,0.0000,-0.1166,-0.0714,0.9906,-0.3913,-0.0591,0.9184,-0.2565,-0.0953,0.9618,-0.1414,0.0055,0.3452,Dark,
10.2807,5.5498,6.0714,0.0000,0.0000,-0.1162,-0.0700,0.9908,-0.3909,-0.0578,0.9186,-0.2561,-0.0940,0.9621,-0.1414,0.0057,0.3451,Dark,
10.2917,5.5511,6.0764,0.0000,0.0000,-0.1159,-0.0685,0.9909,-0.3906,-0.0564,0.9188,-0.2558,-0.0925,0.9623,-0.1413,0.0059,0.3451,Dark,
10.3033,5.5668,6.1033,0.0000,0.0000,-0.1161,-0.0668,0.9910,-0.3909,-0.0547,0.9188,-0.2560,-0.0908,0.9624,-0.1412,0.0061,0.3449,Dark,
10.3147,5.5701,6.1216,0.0000,0.0000,-0.1163,-0.0652,0.9911,-0.3910,-0.0532,0.9188,-0.2562,-0.0892,0.9625,-0.1412,0.0063,0.3448,Dark,
10.3254,5.5724,6.1276,0.0000,0.0000,-0.1166,-0.0636,0.9911,-0.3914,-0.0516,0.9188,-0.2566,-0.0876,0.9625,-0.1412,0.0065,0.3447,Dark,
10.3362,5.6328,6.1635,0.0000,0.0000,-0.1056,-0.0629,0.9924,-0.3813,-0.0510,0.9231,-0.2457,-0.0870,0.9654,-0.1411,0.0067,0.3446,Dark,
10.3476,5.6468,6.1890,0.0000,0.0000,-0.0865,-0.0661,0.9941,-0.3663,-0.0543,0.9289,-0.2282,-0.0906,0.9694,-0.1411,0.0069,0.3445,Dark,
10.3587,5.6569,6.2238,0.0000,0.0000,-0.0630,-0.0707,0.9955,-0.3437,-0.0594,0.9372,-0.2044,-0.0954,0.9742,-0.1410,0.0072,0.3444,Dark,
10.3700,5.6467,6.2432,0.0000,0.0000,-0.0462,-0.0837,0.9954,-0.3283,-0.0729,0.9418,-0.1877,-0.1088,0.9762,-0.1409,0.0074,0.3443,Dark,
10.3811,5.6454,6.2315,0.0000,0.0000,-0.0458,-0.0811,0.9957,-0.3267,-0.0702,0.9425,-0.1867,-0.1060,0.9767,-0.1408,0.0076,0.3442,Dark,
10.3920,5.6456,6.2320,0.0000,0.0000,-0.0407,-0.0857,0.9955,-0.3199,-0.0752,0.9445,-0.1805,-0.1106,0.9773,-0.1407,0.0078,0.3442,Dark,
10.4039,5.6555,6.2416,0.0000,0.0000,-0.0350,-0.0930,0.9951,-0.3142,-0.0827,0.9457,-0.1746,-0.1180,0.9775,-0.1407,0.0080,0.3441,Dark,
10.4150,5.6673,6.2520,0.0000,0.0000,-0.0296,-0.0943,0.9951,-0.3098,-0.0841,0.9471,-0.1696,-0.1195,0.9782,-0.1406,0.0082,0.3440,Dark,
10.4257,5.6761,6.2591,0.0000,0.0000,-0.0290,-0.0945,0.9951,-0.3098,-0.0843,0.9471,-0.1693,-0.1197,0.9783,-0.1405,0.0084,0.3439,Dark,
10.4366,5.6707,6.2745,0.0000,0.0000,-0.0284,-0.0956,0.9950,-0.3110,-0.0854,0.9466,-0.1696,-0.1211,0.9780,-0.1405,0.0086,0.3438,Dark,
10.4488,5.6675,6.2834,0.0000,0.0000,-0.0253,-0.0967,0.9950,-0.3090,-0.0865,0.9471,-0.1670,-0.1223,0.9783,-0.1404,0.0087,0.3437,Dark,
10.4588,5.6644,6.2732,0.0000,0.0000,-0.0250,-0.0964,0.9950,-0.3093,-0.0862,0.9470,-0.1670,-0.1221,0.9784,-0.1404,0.0089,0.3436,Dark,
10.4700,5.6775,6.2618,0.0000,0.0000,-0.0250,-0.0960,0.9951,-0.3109,-0.0856,0.9466,-0.1679,-0.1217,0.9783,-0.1403,0.0091,0.3435,Dark,
10.4813,5.6769,6.2592,0.0000,0.0000,-0.0244,-0.0952,0.9952,-0.3112,-0.0847,0.9466,-0.1677,-0.1210,0.9784,-0.1402,0.0092,0.3434,Dark,
10.4922,5.6759,6.2736,0.0000,0.0000,-0.0240,-0.0938,0.9953,-0.3114,-0.0832,0.9466,-0.1676,-0.1196,0.9786,-0.1401,0.0095,0.3433,Dark,
10.5034,5.6825,6.2930,0.0000,0.0000,-0.0236,-0.0924,0.9954,-0.3125,-0.0818,0.9464,-0.1680,-0.1184,0.9787,-0.1400,0.0097,0.3432,Dark,
10.5147,5.6787,6.2964,0.0000,0.0000,-0.0232,-0.0907,0.9956,-0.3128,-0.0801,0.9464,-0.1680,-0.1167,0.9789,-0.1399,0.0099,0.3431,Dark,
10.5259,5.6760,6.3039,0.0000,0.0000,-0.0226,-0.0893,0.9957,-0.3128,-0.0787,0.9466,-0.1677,-0.1153,0.9791,-0.1398,0.0102,0.3430,Dark,
10.5370,5.6774,6.2968,0.0000,0.0000,-0.0214,-0.0883,0.9959,-0.3129,-0.0776,0.9466,-0.1671,-0.1144,0.9793,-0.1397,0.0105,0.3430,Dark,
10.5480,5.6811,6.2874,0.0000,0.0000,-0.0202,-0.0869,0.9960,-0.3123,-0.0762,0.9469,-0.1662,-0.1131,0.9796,-0.1396,0.0107,0.3428,Dark,
10.5592,5.6845,6.3019,0.0000,0.0000,-0.0190,-0.0853,0.9962,-0.3117,-0.0744,0.9473,-0.1653,-0.1114,0.9799,-0.1394,0.0109,0.3428,Dark,
10.5704,5.6764,6.3253,0.0000,0.0000,-0.0176,-0.0841,0.9963,-0.3115,-0.0730,0.9474,-0.1646,-0.1103,0.9802,-0.1393,0.0111,0.3427,Dark,
10.5815,5.6820,6.3351,0.0000,0.0000,-0.0165,-0.0824,0.9965,-0.3109,-0.0711,0.9478,-0.1637,-0.1085,0.9805,-0.1391,0.0114,0.3426,Dark,
10.5927,5.6867,6.3384,0.0000,0.0000,-0.0165,-0.0810,0.9966,-0.3114,-0.0695,0.9477,-0.1640,-0.1070,0.9806,-0.1390,0.0117,0.3425,Dark,
10.6036,5.6905,6.3482,0.0000,0.0000,-0.0159,-0.0802,0.9967,-0.3119,-0.0686,0.9476,-0.1640,-0.1063,0.9807,-0.1389,0.0119,0.3425,Dark,
10.6147,5.6823,6.3561,0.0000,0.0000,-0.0149,-0.0789,0.9968,-0.3115,-0.0672,0.9479,-0.1633,-0.1050,0.9810,-0.1387,0.0121,0.3424,Dark,
10.6258,5.6744,6.3686,0.0000,0.0000,-0.0144,-0.0777,0.9969,-0.3116,-0.0659,0.9479,-0.1631,-0.1038,0.9811,-0.1386,0.0124,0.3423,Dark,
10.6372,5.6903,6.3748,0.0000,0.0000,-0.0137,-0.0761,0.9970,-0.3119,-0.0641,0.9479,-0.1630,-0.1022,0.9813,-0.1385,0.0126,0.3422,Dark,
10.6485,5.6939,6.3696,0.0000,0.0000,-0.0132,-0.0744,0.9971,-0.3120,-0.0623,0.9480,-0.1628,-0.1005,0.9815,-0.1384,0.0129,0.3421,Dark,
10.6593,5.6971,6.3672,0.0000,0.0000,-0.0124,-0.0722,0.9973,-0.3117,-0.0600,0.9483,-0.1623,-0.0983,0.9818,-0.1383,0.0132,0.3420,Dark,
10.6704,5.6904,6.3701,0.0000,0.0000,-0.0105,-0.0699,0.9975,-0.3109,-0.0576,0.9487,-0.1609,-0.0960,0.9823,-0.1381,0.0135,0.3419,Dark,
10.6816,5.6943,6.3753,0.0000,0.0000,-0.0091,-0.0675,0.9977,-0.3099,-0.0551,0.9492,-0.1597,-0.0936,0.9827,-0.1380,0.0138,0.3418,Dark,
10.6929,5.6983,6.3892,0.0000,0.0000,-0.0073,-0.0649,0.9979,-0.3087,-0.0526,0.9497,-0.1582,-0.0911,0.9832,-0.1379,0.0141,0.3417,Dark,
10.7039,5.7173,6.4017,0.0000,0.0000,-0.0046,-0.0621,0.9981,-0.3068,-0.0497,0.9505,-0.1558,-0.0883,0.9838,-0.1378,0.0144,0.3416,Dark,
10.7153,5.7245,6.4021,0.0000,0.0000,-0.0051,-0.0604,0.9982,-0.3077,-0.0479,0.9503,-0.1565,-0.0866,0.9839,-0.1377,0.0147,0.3415,Dark,
10.7261,5.7185,6.4006,0.0000,0.0000,-0.0017,-0.0566,0.9984,-0.3046,-0.0441,0.9515,-0.1532,-0.0828,0.9847,-0.1376,0.0150,0.3413,Dark,
10.7372,5.7187,6.3965,0.0000,0.0000,-0.0010,-0.0539,0.9985,-0.3046,-0.0414,0.9516,-0.1529,-0.0801,0.9850,-0.1376,0.0154,0.3412,Dark,
10.7484,5.7181,6.3875,0.0000,0.0000,0.0007,-0.0509,0.9987,-0.3031,-0.0383,0.9522,-0.1513,-0.0770,0.9855,-0.1376,0.0157,0.3409,Dark,
10.7595,5.6983,6.3875,0.0000,0.0000,0.0031,-0.0479,0.9988,-0.3012,-0.0352,0.9529,-0.1491,-0.0741,0.9860,-0.1376,0.0160,0.3407,Dark,
10.7707,5.6939,6.3879,0.0000,0.0000,0.0037,-0.0448,0.9990,-0.3009,-0.0321,0.9531,-0.1487,-0.0710,0.9863,-0.1375,0.0164,0.3406,Dark,
10.7818,5.6899,6.3874,0.0000,0.0000,0.0052,-0.0409,0.9992,-0.2996,-0.0281,0.9537,-0.1472,-0.0670,0.9868,-0.1374,0.0169,0.3403,Dark,
10.7929,5.7008,6.3800,0.0000,0.0000,0.0077,-0.0361,0.9993,-0.2975,-0.0234,0.9544,-0.1449,-0.0622,0.9875,-0.1373,0.0175,0.3402,Dark,
10.8041,5.7024,6.3731,0.0000,0.0000,0.0090,-0.0315,0.9995,-0.2964,-0.0187,0.9549,-0.1437,-0.0575,0.9880,-0.1373,0.0180,0.3400,Dark,
10.8155,5.7027,6.3678,0.0000,0.0000,0.0097,-0.0263,0.9996,-0.2958,-0.0135,0.9552,-0.1430,-0.0523,0.9883,-0.1372,0.0186,0.3399,Dark,
10.8268,5.7040,6.3561,0.0000,0.0000,0.0115,-0.0208,0.9997,-0.2941,-0.0078,0.9557,-0.1413,-0.0467,0.9889,-0.1371,0.0193,0.3397,Dark,
10.8377,5.6958,6.3505,0.0000,0.0000,0.0125,-0.0152,0.9998,-0.2932,-0.0020,0.9560,-0.1404,-0.0408,0.9893,-0.1370,0.0200,0.3395,Dark,
10.8486,5.6893,6.3634,0.0000,0.0000,0.0133,-0.0094,0.9999,-0.2925,0.0040,0.9563,-0.1396,-0.0349,0.9896,-0.1369,0.0207,0.3393,Dark,
10.8597,5.6735,6.3840,0.0000,0.0000,0.0149,-0.0035,0.9999,-0.2909,0.0101,0.9567,-0.1380,-0.0288,0.9900,-0.1368,0.0214,0.3391,Dark,
10.8709,5.6786,6.3916,0.0000,0.0000,0.0159,0.0025,0.9999,-0.2900,0.0163,0.9569,-0.1371,-0.0227,0.9903,-0.1368,0.0222,0.3389,Dark,
10.8821,5.6839,6.3997,0.0000,0.0000,0.0168,0.0086,0.9998,-0.2890,0.0227,0.9571,-0.1362,-0.0164,0.9906,-0.1366,0.0229,0.3386,Dark,
10.8933,5.6844,6.3837,0.0000,0.0000,0.0191,0.0157,0.9997,-0.2868,0.0300,0.9575,-0.1339,-0.0090,0.9910,-0.1365,0.0237,0.3384,Dark,
10.9051,5.6816,6.3661,0.0000,0.0000,0.0179,0.0262,0.9995,-0.2864,0.0409,0.9572,-0.1344,0.0019,0.9909,-0.1365,0.0245,0.3382,Dark,
10.9155,5.6785,6.3411,0.0000,0.0000,0.0142,0.0457,0.9989,-0.2908,0.0610,0.9548,-0.1387,0.0219,0.9901,-0.1364,0.0254,0.3378,Dark,
10.9267,5.6428,6.3048,0.0000,0.0000,-0.0056,0.0731,0.9973,-0.3083,0.0884,0.9472,-0.1582,0.0498,0.9862,-0.1363,0.0264,0.3376,Dark,
10.9377,5.6352,6.2942,0.0000,0.0000,-0.0102,0.0856,0.9963,-0.3117,0.1011,0.9448,-0.1625,0.0627,0.9847,-0.1362,0.0275,0.3373,Dark,
10.9495,5.6305,6.2946,0.0000,0.0000,-0.0207,0.1001,0.9948,-0.3214,0.1156,0.9399,-0.1730,0.0774,0.9819,-0.1362,0.0286,0.3369,Dark,
10.9602,5.6325,6.2801,0.0000,0.0000,-0.0231,0.1093,0.9937,-0.3234,0.1249,0.9380,-0.1754,0.0868,0.9807,-0.1360,0.0297,0.3365,Dark,
10.9716,5.6321,6.2679,0.0000,0.0000,-0.0251,0.1187,0.9926,-0.3247,0.1344,0.9362,-0.1772,0.0965,0.9794,-0.1359,0.0308,0.3361,Dark,
10.9826,5.6441,6.2570,0.0000,0.0000,-0.0262,0.1281,0.9914,-0.3245,0.1438,0.9349,-0.1777,0.1062,0.9783,-0.1357,0.0320,0.3356,Dark,
10.9938,5.6549,6.2807,0.0000,0.0000,-0.0254,0.1371,0.9902,-0.3234,0.1529,0.9338,-0.1768,0.1154,0.9775,-0.1356,0.0333,0.3351,Dark,
11.0048,5.6642,6.3020,0.0000,0.0000,-0.0262,0.1476,0.9887,-0.3237,0.1635,0.9319,-0.1774,0.1261,0.9760,-0.1354,0.0346,0.3346,Dark,
11.0157,5.6715,6.3135,0.0000,0.0000,-0.0249,0.1571,0.9873,-0.3219,0.1733,0.9308,-0.1759,0.1360,0.9750,-0.1352,0.0357,0.3340,Dark,
11.0271,5.6808,6.3442,0.0000,0.0000,-0.0234,0.1659,0.9859,-0.3194,0.1824,0.9299,-0.1739,0.1452,0.9740,-0.1351,0.0369,0.3335,Dark,
11.0383,5.6730,6.3607,0.0000,0.0000,-0.0223,0.1756,0.9842,-0.3176,0.1924,0.9285,-0.1725,0.1553,0.9727,-0.1349,0.0382,0.3329,Dark,
11.0494,5.6734,6.3814,0.0000,0.0000,-0.0220,0.1860,0.9823,-0.3160,0.2030,0.9268,-0.1716,0.1661,0.9711,-0.1348,0.0396,0.3323,Dark,
11.0610,5.6798,6.3856,0.0000,0.0000,-0.0207,0.1968,0.9802,-0.3140,0.2140,0.9250,-0.1700,0.1773,0.9694,-0.1346,0.0410,0.3316,Dark,
11.0715,5.6891,6.3870,0.0000,0.0000,-0.0207,0.2083,0.9778,-0.3133,0.2256,0.9225,-0.1697,0.1891,0.9672,-0.1344,0.0423,0.3310,Dark,
11.0827,5.7124,6.3987,0.0000,0.0000,-0.0203,0.2186,0.9756,-0.3116,0.2359,0.9205,-0.1687,0.1996,0.9652,-0.1342,0.0436,0.3302,Dark,
11.0940,5.7236,6.4020,0.0000,0.0000,-0.0197,0.2284,0.9734,-0.3103,0.2459,0.9183,-0.1678,0.2098,0.9632,-0.1340,0.0448,0.3295,Dark,
11.1054,5.7223,6.4046,0.0000,0.0000,-0.0192,0.2372,0.9713,-0.3091,0.2549,0.9162,-0.1670,0.2189,0.9613,-0.1338,0.0460,0.3288,Dark,
11.1168,5.7174,6.3986,0.0000,0.0000,-0.0219,0.2464,0.9689,-0.3098,0.2641,0.9134,-0.1688,0.2285,0.9588,-0.1337,0.0471,0.3280,Dark,
11.1276,5.7145,6.3725,0.0000,0.0000,-0.0312,0.2592,0.9653,-0.3193,0.2763,0.9065,-0.1787,0.2412,0.9539,-0.1335,0.0482,0.3273,Dark,
11.1385,5.6897,6.3512,0.0000,0.0000,-0.0523,0.2739,0.9603,-0.3377,0.2894,0.8957,-0.1991,0.2554,0.9461,-0.1334,0.0494,0.3265,Dark,
11.1499,5.6621,6.2905,0.0000,0.0000,-0.0753,0.2915,0.9536,-0.3606,0.3048,0.8815,-0.2231,0.2721,0.9360,-0.1334,0.0503,0.3257,Dark,
11.1606,5.6567,6.2971,0.0000,0.0000,-0.0788,0.3021,0.9500,-0.3650,0.3150,0.8761,-0.2273,0.2827,0.9319,-0.1333,0.0512,0.3250,Dark,
11.1718,5.6660,6.3061,0.0000,0.0000,-0.0816,0.3111,0.9469,-0.3680,0.3238,0.8716,-0.2304,0.2917,0.9284,-0.1333,0.0521,0.3242,Dark,
11.1827,5.6861,6.3227,0.0000,0.0000,-0.0861,0.3205,0.9433,-0.3734,0.3327,0.8660,-0.2356,0.3010,0.9241,-0.1332,0.0530,0.3235,Dark,
11.1941,5.6932,6.3372,0.0000,0.0000,-0.0879,0.3276,0.9407,-0.3757,0.3397,0.8623,-0.2378,0.3081,0.9212,-0.1333,0.0538,0.3228,Dark,
11.2055,5.6983,6.3465,0.0000,0.0000,-0.0900,0.3340,0.9383,-0.3778,0.3458,0.8589,-0.2401,0.3145,0.9184,-0.1333,0.0543,0.3222,Dark,
11.2165,5.7048,6.3689,0.0000,0.0000,-0.0939,0.3407,0.9355,-0.3823,0.3521,0.8543,-0.2445,0.3211,0.9150,-0.1333,0.0549,0.3215,Dark,
11.2275,5.7077,6.3768,0.0000,0.0000,-0.1040,0.3483,0.9316,-0.3916,0.3585,0.8475,-0.2546,0.3282,0.9097,-0.1334,0.0555,0.3209,Dark,
11.2390,5.7112,6.3784,0.0000,0.0000,-0.1054,0.3527,0.9298,-0.3936,0.3626,0.8447,-0.2564,0.3324,0.9076,-0.1336,0.0559,0.3203,Dark,
11.2496,5.7120,6.3903,0.0000,0.0000,-0.1061,0.3559,0.9285,-0.3946,0.3657,0.8429,-0.2574,0.3357,0.9061,-0.1337,0.0564,0.3197,Dark,
11.2610,5.7121,6.3993,0.0000,0.0000,-0.1066,0.3592,0.9271,-0.3952,0.3689,0.8413,-0.2579,0.3390,0.9048,-0.1338,0.0568,0.3192,Dark,
11.2722,5.7141,6.3986,0.0000,0.0000,-0.1068,0.3625,0.9258,-0.3956,0.3722,0.8396,-0.2583,0.3423,0.9034,-0.1339,0.0571,0.3187,Dark,
11.2836,5.7160,6.3857,0.0000,0.0000,-0.1075,0.3649,0.9248,-0.3961,0.3746,0.8383,-0.2589,0.3448,0.9023,-0.1341,0.0575,0.3182,Dark,
11.2946,5.7069,6.3739,0.0000,0.0000,-0.1080,0.3675,0.9238,-0.3965,0.3772,0.8370,-0.2593,0.3474,0.9011,-0.1343,0.0579,0.3177,Dark,
11.3057,5.6947,6.3435,0.0000,0.0000,-0.1075,0.3700,0.9228,-0.3957,0.3798,0.8362,-0.2586,0.3501,0.9003,-0.1346,0.0581,0.3174,Dark,
11.3165,5.6913,6.3341,0.0000,0.0000,-0.1079,0.3718,0.9220,-0.3958,0.3816,0.8353,-0.2589,0.3520,0.8995,-0.1348,0.0583,0.3170,Dark,
11.3277,5.6961,6.3279,0.0000,0.0000,-0.1087,0.3732,0.9213,-0.3963,0.3830,0.8344,-0.2596,0.3534,0.8987,-0.1350,0.0585,0.3166,Dark,
11.3390,5.6987,6.3353,0.0000,0.0000,-0.1094,0.3753,0.9204,-0.3966,0.3850,0.8334,-0.2601,0.3555,0.8978,-0.1353,0.0586,0.3163,Dark,
11.3501,5.6961,6.3485,0.0000,0.0000,-0.1103,0.3758,0.9201,-0.3972,0.3855,0.8328,-0.2609,0.3561,0.8973,-0.1354,0.0587,0.3160,Dark,
11.3618,5.6932,6.3592,0.0000,0.0000,-0.1112,0.3759,0.9199,-0.3979,0.3855,0.8325,-0.2617,0.3562,0.8970,-0.1356,0.0587,0.3158,Dark,
11.3722,5.6846,6.3828,0.0000,0.0000,-0.1113,0.3765,0.9197,-0.3977,0.3861,0.8324,-0.2616,0.3567,0.8968,-0.1358,0.0586,0.3156,Dark,
11.3834,5.6806,6.3730,0.0000,0.0000,-0.1116,0.3753,0.9201,-0.3977,0.3849,0.8329,-0.2617,0.3555,0.8973,-0.1360,0.0585,0.3154,Dark,
11.3945,5.6789,6.3636,0.0000,0.0000,-0.1118,0.3735,0.9209,-0.3978,0.3829,0.8337,-0.2618,0.3536,0.8980,-0.1362,0.0583,0.3153,Dark,
11.4058,5.6725,6.3540,0.0000,0.0000,-0.1119,0.3715,0.9217,-0.3975,0.3809,0.8348,-0.2617,0.3516,0.8988,-0.1365,0.0580,0.3154,Dark,
11.4169,5.6686,6.3498,0.0000,0.0000,-0.1122,0.3693,0.9225,-0.3977,0.3787,0.8357,-0.2619,0.3494,0.8996,-0.1366,0.0578,0.3154,Dark,
11.4278,5.6736,6.3479,0.0000,0.0000,-0.1129,0.3670,0.9233,-0.3982,0.3763,0.8366,-0.2625,0.3470,0.9004,-0.1368,0.0576,0.3155,Dark,
11.4392,5.6738,6.3129,0.0000,0.0000,-0.1131,0.3650,0.9241,-0.3981,0.3743,0.8375,-0.2625,0.3449,0.9012,-0.1371,0.0572,0.3157,Dark,
11.4506,5.6704,6.3177,0.0000,0.0000,-0.1139,0.3620,0.9252,-0.3986,0.3713,0.8386,-0.2631,0.3418,0.9022,-0.1373,0.0570,0.3158,Dark,
11.4613,5.6658,6.3229,0.0000,0.0000,-0.1146,0.3589,0.9263,-0.3991,0.3682,0.8397,-0.2637,0.3387,0.9032,-0.1375,0.0567,0.3160,Dark,
11.4726,5.6528,6.3483,0.0000,0.0000,-0.1157,0.3552,0.9276,-0.3998,0.3645,0.8410,-0.2646,0.3350,0.9043,-0.1377,0.0562,0.3162,Dark,
11.4835,5.6464,6.3455,0.0000,0.0000,-0.1156,0.3503,0.9295,-0.3991,0.3596,0.8434,-0.2640,0.3300,0.9063,-0.1378,0.0557,0.3164,Dark,
11.4948,5.6733,6.3386,0.0000,0.0000,-0.0929,0.3460,0.9336,-0.3782,0.3577,0.8538,-0.2415,0.3269,0.9137,-0.1380,0.0552,0.3167,Dark,
11.5066,5.6759,6.3367,0.0000,0.0000,-0.0806,0.3387,0.9374,-0.3676,0.3516,0.8610,-0.2295,0.3200,0.9192,-0.1382,0.0543,0.3170,Dark,
11.5169,5.6777,6.3501,0.0000,0.0000,-0.0816,0.3297,0.9406,-0.3670,0.3424,0.8649,-0.2296,0.3108,0.9223,-0.1384,0.0536,0.3174,Dark,
11.5281,5.6700,6.3767,0.0000,0.0000,-0.0808,0.3187,0.9444,-0.3644,0.3315,0.8702,-0.2276,0.2998,0.9265,-0.1386,0.0528,0.3179,Dark,
11.5396,5.6688,6.3872,0.0000,0.0000,-0.0815,0.3083,0.9478,-0.3644,0.3208,0.8743,-0.2278,0.2890,0.9298,-0.1388,0.0517,0.3184,Dark,
11.5506,5.6688,6.3897,0.0000,0.0000,-0.0817,0.2973,0.9513,-0.3633,0.3095,0.8787,-0.2272,0.2778,0.9334,-0.1389,0.0507,0.3190,Dark,
11.5615,5.6760,6.3885,0.0000,0.0000,-0.0819,0.2865,0.9546,-0.3613,0.2985,0.8834,-0.2261,0.2669,0.9368,-0.1391,0.0497,0.3197,Dark,
11.5727,5.6772,6.3873,0.0000,0.0000,-0.0819,0.2750,0.9579,-0.3604,0.2868,0.8876,-0.2255,0.2552,0.9402,-0.1392,0.0484,0.3204,Dark,
11.5838,5.6777,6.3883,0.0000,0.0000,-0.0826,0.2630,0.9613,-0.3600,0.2745,0.8916,-0.2255,0.2428,0.9435,-0.1394,0.0471,0.3211,Dark,
11.5950,5.6678,6.4083,0.0000,0.0000,-0.0843,0.2510,0.9643,-0.3597,0.2622,0.8955,-0.2260,0.2307,0.9464,-0.1395,0.0458,0.3218,Dark,
11.6061,5.6762,6.4237,0.0000,0.0000,-0.0852,0.2383,0.9674,-0.3597,0.2493,0.8992,-0.2264,0.2177,0.9494,-0.1396,0.0442,0.3226,Dark,
11.6174,5.6836,6.4201,0.0000,0.0000,-0.0857,0.2248,0.9706,-0.3593,0.2356,0.9030,-0.2263,0.2040,0.9525,-0.1398,0.0428,0.3235,Dark,
11.6283,5.6640,6.4005,0.0000,0.0000,-0.0862,0.2113,0.9736,-0.3579,0.2219,0.9070,-0.2257,0.1904,0.9554,-0.1399,0.0413,0.3243,Dark,Start Red Sphere at Temporal for 0.5s
11.6394,5.6648,6.3867,0.0000,0.0000,-0.0861,0.1975,0.9765,-0.3570,0.2082,0.9106,-0.2250,0.1765,0.9582,-0.1400,0.0395,0.3252,Dark,Start Red Sphere at Temporal for 0.5s
11.6507,5.6651,6.3744,0.0000,0.0000,-0.0853,0.1825,0.9795,-0.3555,0.1934,0.9145,-0.2237,0.1614,0.9612,-0.1401,0.0380,0.3261,Dark,Start Red Sphere at Temporal for 0.5s
11.6617,5.6654,6.3777,0.0000,0.0000,-0.0860,0.1708,0.9815,-0.3544,0.1816,0.9173,-0.2234,0.1497,0.9632,-0.1401,0.0366,0.3270,Dark,Start Red Sphere at Temporal for 0.5s
11.6730,5.6678,6.3745,0.0000,0.0000,-0.0863,0.1587,0.9836,-0.3537,0.1696,0.9199,-0.2231,0.1375,0.9650,-0.1402,0.0351,0.3279,Dark,Start Red Sphere at Temporal for 0.5s
11.6842,5.6603,6.3603,0.0000,0.0000,-0.0875,0.1480,0.9851,-0.3530,0.1588,0.9220,-0.2233,0.1268,0.9665,-0.1403,0.0334,0.3288,Dark,Start Red Sphere at Temporal for 0.5s
11.6952,5.6497,6.3492,0.0000,0.0000,-0.0883,0.1356,0.9868,-0.3529,0.1464,0.9242,-0.2235,0.1144,0.9680,-0.1403,0.0319,0.3297,Dark,Start Red Sphere at Temporal for 0.5s
11.7067,5.6411,6.3353,0.0000,0.0000,-0.0888,0.1225,0.9885,-0.3524,0.1334,0.9263,-0.2234,0.1012,0.9694,-0.1404,0.0303,0.3306,Dark,Start Red Sphere at Temporal for 0.5s
11.7179,5.6582,6.3508,0.0000,0.0000,-0.0890,0.1078,0.9902,-0.3515,0.1189,0.9286,-0.2230,0.0865,0.9710,-0.1404,0.0286,0.3314,Dark,Start Red Sphere at Temporal for 0.5s
11.7288,5.6699,6.3737,0.0000,0.0000,-0.0861,0.0893,0.9923,-0.3493,0.1008,0.9316,-0.2203,0.0680,0.9731,-0.1405,0.0271,0.3323,Dark,Start Red Sphere at Temporal for 0.5s
11.7398,5.6796,6.4016,0.0000,0.0000,-0.0835,0.0637,0.9945,-0.3466,0.0756,0.9350,-0.2174,0.0424,0.9752,-0.1405,0.0255,0.3331,Dark,Start Red Sphere at Temporal for 0.5s
11.7514,5.6925,6.4337,0.0000,0.0000,-0.0705,0.0258,0.9972,-0.3343,0.0381,0.9417,-0.2042,0.0042,0.9789,-0.1405,0.0240,0.3339,Dark,Start Red Sphere at Temporal for 0.5s
11.7621,5.7088,6.4381,0.0000,0.0000,-0.0714,0.0142,0.9973,-0.3342,0.0265,0.9421,-0.2045,-0.0073,0.9788,-0.1405,0.0226,0.3347,Dark,Start Red Sphere at Temporal for 0.5s
11.7733,5.7301,6.4482,0.0000,0.0000,-0.0589,-0.0140,0.9982,-0.3197,-0.0018,0.9475,-0.1905,-0.0355,0.9811,-0.1405,0.0210,0.3355,Dark,Start Red Sphere at Temporal for 0.5s
11.7843,5.7360,6.4413,0.0000,0.0000,-0.0532,-0.0305,0.9981,-0.3133,-0.0185,0.9495,-0.1841,-0.0521,0.9815,-0.1405,0.0196,0.3363,Dark,Start Red Sphere at Temporal for 0.5s
11.7954,5.7385,6.4358,0.0000,0.0000,-0.0492,-0.0475,0.9977,-0.3092,-0.0355,0.9503,-0.1799,-0.0692,0.9813,-0.1405,0.0183,0.3371,Dark,Start Red Sphere at Temporal for 0.5s
11.8067,5.7443,6.4415,0.0000,0.0000,-0.0433,-0.0635,0.9970,-0.3032,-0.0517,0.9515,-0.1737,-0.0854,0.9811,-0.1405,0.0167,0.3379,Dark,Start Red Sphere at Temporal for 0.5s
11.8178,5.7489,6.4622,0.0000,0.0000,-0.0410,-0.0749,0.9963,-0.3010,-0.0631,0.9515,-0.1714,-0.0969,0.9804,-0.1405,0.0153,0.3386,Dark,Start Red Sphere at Temporal for 0.5s
11.8289,5.7475,6.4801,0.0000,0.0000,-0.0375,-0.0900,0.9952,-0.2980,-0.0785,0.9513,-0.1680,-0.1122,0.9794,-0.1405,0.0139,0.3394,Dark,Start Red Sphere at Temporal for 0.5s
11.8400,5.7444,6.5206,0.0000,0.0000,-0.0352,-0.1009,0.9943,-0.2965,-0.0896,0.9508,-0.1659,-0.1234,0.9784,-0.1405,0.0124,0.3401,Dark,Start Red Sphere at Temporal for 0.5s
11.8513,5.7427,6.5210,0.0000,0.0000,-0.0339,-0.1111,0.9932,-0.2954,-0.1000,0.9501,-0.1647,-0.1337,0.9772,-0.1405,0.0111,0.3408,Dark,Start Red Sphere at Temporal for 0.5s
11.8625,5.7421,6.5188,0.0000,0.0000,-0.0321,-0.1213,0.9921,-0.2941,-0.1105,0.9494,-0.1630,-0.1442,0.9760,-0.1405,0.0098,0.3416,Dark,Start Red Sphere at Temporal for 0.5s
11.8735,5.7458,6.5196,0.0000,0.0000,-0.0315,-0.1279,0.9913,-0.2941,-0.1172,0.9486,-0.1627,-0.1510,0.9751,-0.1405,0.0083,0.3423,Dark,Start Red Sphere at Temporal for 0.5s
11.8847,5.7487,6.5084,0.0000,0.0000,-0.0301,-0.1369,0.9901,-0.2928,-0.1264,0.9478,-0.1612,-0.1601,0.9738,-0.1405,0.0071,0.3431,Dark,Start Red Sphere at Temporal for 0.5s
11.8958,5.7340,6.4999,0.0000,0.0000,-0.0286,-0.1455,0.9889,-0.2916,-0.1352,0.9470,-0.1598,-0.1689,0.9726,-0.1405,0.0058,0.3438,Dark,Start Red Sphere at Temporal for 0.5s
11.9070,5.7073,6.4794,0.0000,0.0000,-0.0270,-0.1516,0.9881,-0.2902,-0.1413,0.9465,-0.1583,-0.1751,0.9718,-0.1404,0.0047,0.3445,Dark,Start Red Sphere at Temporal for 0.5s
11.9182,5.6961,6.4733,0.0000,0.0000,-0.0252,-0.1572,0.9872,-0.2884,-0.1470,0.9461,-0.1564,-0.1807,0.9710,-0.1403,0.0036,0.3451,Dark,Start Red Sphere at Temporal for 0.5s
11.9291,5.6900,6.4697,0.0000,0.0000,-0.0232,-0.1619,0.9865,-0.2867,-0.1518,0.9459,-0.1545,-0.1855,0.9704,-0.1403,0.0028,0.3458,Dark,Start Red Sphere at Temporal for 0.5s
11.9402,5.6798,6.4761,0.0000,0.0000,-0.0211,-0.1651,0.9861,-0.2851,-0.1550,0.9459,-0.1526,-0.1888,0.9701,-0.1402,0.0019,0.3465,Dark,Start Red Sphere at Temporal for 0.5s
11.9515,5.6742,6.4798,0.0000,0.0000,-0.0194,-0.1687,0.9855,-0.2836,-0.1587,0.9457,-0.1510,-0.1924,0.9696,-0.1401,0.0013,0.3473,Dark,Start Red Sphere at Temporal for 0.5s
11.9627,5.6764,6.4754,0.0000,0.0000,-0.0171,-0.1727,0.9848,-0.2817,-0.1628,0.9456,-0.1488,-0.1966,0.9691,-0.1400,0.0006,0.3480,Dark,Start Red Sphere at Temporal for 0.5s
11.9737,5.6838,6.4690,0.0000,0.0000,-0.0139,-0.1773,0.9841,-0.2792,-0.1677,0.9455,-0.1459,-0.2014,0.9686,-0.1399,-0.0001,0.3487,Dark,Start Red Sphere at Temporal for 0.5s
11.9849,5.6905,6.4633,0.0000,0.0000,-0.0131,-0.1801,0.9836,-0.2791,-0.1705,0.9450,-0.1454,-0.2043,0.9680,-0.1397,-0.0010,0.3494,Dark,Start Red Sphere at Temporal for 0.5s
11.9959,5.6805,6.4628,0.0000,0.0000,-0.0092,-0.1866,0.9824,-0.2775,-0.1772,0.9443,-0.1426,-0.2112,0.9670,-0.1396,-0.0017,0.3500,Dark,Start Red Sphere at Temporal for 0.5s
12.0071,5.6754,6.4815,0.0000,0.0000,-0.0071,-0.1927,0.9812,-0.2767,-0.1835,0.9433,-0.1411,-0.2175,0.9658,-0.1395,-0.0024,0.3506,Dark,Start Red Sphere at Temporal for 0.5s
12.0184,5.6690,6.4981,0.0000,0.0000,-0.0052,-0.1990,0.9800,-0.2763,-0.1898,0.9421,-0.1399,-0.2240,0.9645,-0.1394,-0.0031,0.3511,Dark,Start Red Sphere at Temporal for 0.5s
12.0294,5.6819,6.5103,0.0000,0.0000,-0.0024,-0.2065,0.9784,-0.2770,-0.1974,0.9404,-0.1388,-0.2320,0.9628,-0.1393,-0.0037,0.3517,Dark,Start Red Sphere at Temporal for 0.5s
12.0404,5.6886,6.5098,0.0000,0.0000,-0.0008,-0.2119,0.9773,-0.2770,-0.2028,0.9392,-0.1379,-0.2376,0.9615,-0.1393,-0.0045,0.3523,Dark,Start Red Sphere at Temporal for 0.5s
12.0517,5.6955,6.5076,0.0000,0.0000,0.0005,-0.2170,0.9762,-0.2772,-0.2079,0.9381,-0.1373,-0.2429,0.9603,-0.1393,-0.0051,0.3528,Dark,Start Red Sphere at Temporal for 0.5s
12.0628,5.6946,6.5219,0.0000,0.0000,0.0019,-0.2227,0.9749,-0.2790,-0.2134,0.9363,-0.1376,-0.2489,0.9587,-0.1393,-0.0057,0.3533,Dark,Start Red Sphere at Temporal for 0.5s
12.0739,5.6879,6.5273,0.0000,0.0000,0.0031,-0.2275,0.9738,-0.2795,-0.2180,0.9351,-0.1371,-0.2538,0.9575,-0.1392,-0.0064,0.3537,Dark,Start Red Sphere at Temporal for 0.5s
12.0850,5.6834,6.5316,0.0000,0.0000,0.0041,-0.2316,0.9728,-0.2802,-0.2220,0.9339,-0.1370,-0.2580,0.9564,-0.1392,-0.0070,0.3541,Dark,Start Red Sphere at Temporal for 0.5s
12.0962,5.6734,6.5414,0.0000,0.0000,0.0066,-0.2345,0.9721,-0.2811,-0.2248,0.9330,-0.1362,-0.2613,0.9556,-0.1391,-0.0075,0.3544,Dark,Start Red Sphere at Temporal for 0.5s
12.1074,5.6688,6.5313,0.0000,0.0000,0.0082,-0.2371,0.9714,-0.2811,-0.2273,0.9324,-0.1354,-0.2641,0.9550,-0.1391,-0.0080,0.3548,Dark,Start Red Sphere at Temporal for 0.5s
12.1185,5.6731,6.5229,0.0000,0.0000,0.0096,-0.2387,0.9710,-0.2813,-0.2288,0.9320,-0.1347,-0.2658,0.9546,-0.1391,-0.0083,0.3551,Dark,Start Red Sphere at Temporal for 0.5s
12.1301,5.6692,6.5066,0.0000,0.0000,0.0120,-0.2398,0.9707,-0.2818,-0.2298,0.9316,-0.1337,-0.2672,0.9543,-0.1391,-0.0086,0.3555,Dark,Stop Red Sphere at Temporal
12.1407,5.6630,6.4932,0.0000,0.0000,0.0130,-0.2406,0.9705,-0.2821,-0.2305,0.9313,-0.1334,-0.2682,0.9541,-0.1391,-0.0090,0.3558,Dark,Stop Red Sphere at Temporal
12.1520,5.6633,6.4810,0.0000,0.0000,0.0146,-0.2410,0.9704,-0.2830,-0.2308,0.9309,-0.1330,-0.2688,0.9540,-0.1391,-0.0092,0.3561,Dark,Stop Red Sphere at Temporal
12.1631,5.6604,6.4797,0.0000,0.0000,0.0154,-0.2419,0.9702,-0.2833,-0.2317,0.9306,-0.1327,-0.2698,0.9537,-0.1391,-0.0094,0.3564,Dark,Stop Red Sphere at Temporal
12.1745,5.6589,6.4855,0.0000,0.0000,0.0163,-0.2425,0.9700,-0.2834,-0.2323,0.9305,-0.1323,-0.2705,0.9536,-0.1391,-0.0098,0.3566,Dark,Stop Red Sphere at Temporal
12.1856,5.6805,6.4962,0.0000,0.0000,0.0178,-0.2432,0.9698,-0.2837,-0.2329,0.9302,-0.1318,-0.2714,0.9534,-0.1390,-0.0099,0.3568,Dark,Stop Red Sphere at Temporal
12.1966,5.6717,6.5020,0.0000,0.0000,0.0186,-0.2433,0.9698,-0.2837,-0.2330,0.9302,-0.1313,-0.2716,0.9534,-0.1390,-0.0101,0.3571,Dark,Stop Red Sphere at Temporal
12.2078,5.6641,6.4950,0.0000,0.0000,0.0195,-0.2438,0.9696,-0.2835,-0.2334,0.9302,-0.1307,-0.2721,0.9533,-0.1390,-0.0102,0.3573,Dark,Stop Red Sphere at Temporal
12.2190,5.6571,6.4974,0.0000,0.0000,0.0203,-0.2447,0.9694,-0.2841,-0.2342,0.9298,-0.1307,-0.2731,0.9531,-0.1390,-0.0103,0.3574,Dark,Stop Red Sphere at Temporal
12.2300,5.6532,6.5053,0.0000,0.0000,0.0207,-0.2455,0.9692,-0.2843,-0.2349,0.9295,-0.1306,-0.2740,0.9528,-0.1389,-0.0104,0.3576,Dark,
12.2412,5.6516,6.4995,0.0000,0.0000,0.0202,-0.2467,0.9689,-0.2853,-0.2361,0.9289,-0.1313,-0.2752,0.9524,-0.1389,-0.0106,0.3577,Dark,
12.2521,5.6539,6.4914,0.0000,0.0000,0.0205,-0.2475,0.9687,-0.2863,-0.2368,0.9284,-0.1317,-0.2762,0.9520,-0.1389,-0.0107,0.3578,Dark,
12.2635,5.6527,6.4970,0.0000,0.0000,0.0202,-0.2481,0.9685,-0.2871,-0.2373,0.9280,-0.1323,-0.2768,0.9518,-0.1389,-0.0108,0.3578,Dark,
12.2745,5.6517,6.4925,0.0000,0.0000,0.0202,-0.2486,0.9684,-0.2877,-0.2377,0.9277,-0.1326,-0.2773,0.9516,-0.1389,-0.0109,0.3579,Dark,
12.2855,5.6473,6.4870,0.0000,0.0000,0.0200,-0.2497,0.9681,-0.2888,-0.2387,0.9272,-0.1333,-0.2785,0.9512,-0.1389,-0.0109,0.3580,Dark,
12.2968,5.6454,6.4841,0.0000,0.0000,0.0200,-0.2502,0.9680,-0.2893,-0.2392,0.9269,-0.1336,-0.2790,0.9510,-0.1389,-0.0110,0.3580,Dark,
12.3079,5.6441,6.4879,0.0000,0.0000,0.0202,-0.2502,0.9680,-0.2896,-0.2392,0.9268,-0.1336,-0.2791,0.9509,-0.1389,-0.0110,0.3581,Dark,
12.3191,5.6404,6.4944,0.0000,0.0000,0.0199,-0.2506,0.9679,-0.2907,-0.2396,0.9263,-0.1343,-0.2796,0.9507,-0.1389,-0.0110,0.3581,Dark,
12.3305,5.6469,6.4989,0.0000,0.0000,0.0202,-0.2502,0.9680,-0.2908,-0.2392,0.9264,-0.1342,-0.2793,0.9508,-0.1389,-0.0111,0.3581,Dark,
12.3416,5.6568,6.5028,0.0000,0.0000,0.0203,-0.2506,0.9679,-0.2914,-0.2396,0.9261,-0.1344,-0.2797,0.9506,-0.1390,-0.0111,0.3581,Dark,
12.3522,5.6603,6.5090,0.0000,0.0000,0.0204,-0.2507,0.9679,-0.2917,-0.2397,0.9260,-0.1346,-0.2799,0.9506,-0.1390,-0.0111,0.3580,Dark,
12.3642,5.6715,6.5141,0.0000,0.0000,0.0204,-0.2510,0.9678,-0.2922,-0.2400,0.9258,-0.1348,-0.2802,0.9504,-0.1391,-0.0111,0.3580,Dark,
12.3752,5.6655,6.5126,0.0000,0.0000,0.0213,-0.2517,0.9676,-0.2918,-0.2408,0.9257,-0.1341,-0.2810,0.9503,-0.1391,-0.0112,0.3580,Dark,
12.3857,5.6530,6.5116,0.0000,0.0000,0.0204,-0.2517,0.9676,-0.2930,-0.2408,0.9253,-0.1352,-0.2811,0.9501,-0.1391,-0.0112,0.3579,Dark,
12.3968,5.6591,6.5097,0.0000,0.0000,0.0218,-0.2516,0.9676,-0.2918,-0.2408,0.9257,-0.1339,-0.2811,0.9503,-0.1392,-0.0112,0.3579,Dark,
12.4079,5.6687,6.5057,0.0000,0.0000,0.0216,-0.2518,0.9675,-0.2923,-0.2410,0.9255,-0.1342,-0.2813,0.9502,-0.1393,-0.0112,0.3579,Dark,
12.4195,5.6665,6.5047,0.0000,0.0000,0.0217,-0.2519,0.9675,-0.2923,-0.2412,0.9254,-0.1341,-0.2814,0.9502,-0.1393,-0.0112,0.3578,Dark,
12.4308,5.6660,6.5113,0.0000,0.0000,0.0220,-0.2519,0.9675,-0.2921,-0.2412,0.9255,-0.1339,-0.2815,0.9502,-0.1394,-0.0112,0.3578,Dark,
12.4418,5.6846,6.5102,0.0000,0.0000,0.0223,-0.2521,0.9675,-0.2920,-0.2415,0.9254,-0.1336,-0.2817,0.9501,-0.1394,-0.0111,0.3577,Dark,
12.4527,5.6915,6.5043,0.0000,0.0000,0.0226,-0.2522,0.9674,-0.2919,-0.2417,0.9254,-0.1335,-0.2819,0.9501,-0.1395,-0.0111,0.3577,Dark,
12.4640,5.6973,6.4831,0.0000,0.0000,0.0226,-0.2519,0.9675,-0.2920,-0.2415,0.9254,-0.1335,-0.2817,0.9502,-0.1396,-0.0111,0.3576,Dark,
12.4752,5.6643,6.4373,0.0000,0.0000,0.0229,-0.2519,0.9675,-0.2928,-0.2415,0.9252,-0.1337,-0.2818,0.9501,-0.1395,-0.0110,0.3576,Dark,
12.4861,5.6494,6.4160,0.0000,0.0000,0.0224,-0.2514,0.9676,-0.2939,-0.2409,0.9250,-0.1345,-0.2813,0.9501,-0.1396,-0.0110,0.3575,Dark,
12.4974,5.6381,6.3991,0.0000,0.0000,0.0205,-0.2482,0.9685,-0.2970,-0.2375,0.9249,-0.1371,-0.2781,0.9507,-0.1396,-0.0110,0.3574,Dark,
12.5086,5.6129,6.3656,0.0000,0.0000,0.0184,-0.2436,0.9697,-0.3002,-0.2327,0.9251,-0.1399,-0.2736,0.9516,-0.1396,-0.0110,0.3574,Dark,
12.5200,5.6099,6.3489,0.0000,0.0000,0.0185,-0.2418,0.9702,-0.3003,-0.2309,0.9255,-0.1399,-0.2718,0.9521,-0.1396,-0.0110,0.3573,Dark,
12.5307,5.6079,6.3420,0.0000,0.0000,0.0193,-0.2398,0.9706,-0.2995,-0.2290,0.9262,-0.1391,-0.2699,0.9528,-0.1397,-0.0110,0.3572,Dark,
12.5419,5.6171,6.3467,0.0000,0.0000,0.0190,-0.2380,0.9711,-0.3000,-0.2272,0.9265,-0.1395,-0.2681,0.9532,-0.1397,-0.0110,0.3571,Dark,
12.5530,5.6213,6.3559,0.0000,0.0000,0.0193,-0.2366,0.9714,-0.2998,-0.2259,0.9269,-0.1392,-0.2668,0.9537,-0.1398,-0.0109,0.3571,Dark,
12.5643,5.6203,6.3486,0.0000,0.0000,0.0206,-0.2346,0.9719,-0.2986,-0.2239,0.9277,-0.1379,-0.2648,0.9544,-0.1398,-0.0109,0.3570,Dark,
12.5754,5.6164,6.3287,0.0000,0.0000,0.0211,-0.2338,0.9721,-0.2980,-0.2232,0.9281,-0.1374,-0.2640,0.9547,-0.1398,-0.0109,0.3570,Dark,
12.5865,5.6179,6.3116,0.0000,0.0000,0.0209,-0.2327,0.9723,-0.2981,-0.2221,0.9283,-0.1375,-0.2629,0.9550,-0.1398,-0.0109,0.3570,Dark,
12.5976,5.6137,6.2945,0.0000,0.0000,0.0209,-0.2316,0.9726,-0.2976,-0.2210,0.9288,-0.1373,-0.2618,0.9553,-0.1399,-0.0109,0.3569,Dark,
12.6090,5.6091,6.2910,0.0000,0.0000,0.0207,-0.2312,0.9727,-0.2977,-0.2205,0.9289,-0.1374,-0.2612,0.9554,-0.1399,-0.0108,0.3570,Dark,
12.6198,5.6152,6.2896,0.0000,0.0000,0.0205,-0.2304,0.9729,-0.2977,-0.2197,0.9290,-0.1375,-0.2605,0.9556,-0.1399,-0.0108,0.3569,Dark,
12.6311,5.6155,6.2800,0.0000,0.0000,0.0196,-0.2294,0.9731,-0.2984,-0.2186,0.9291,-0.1383,-0.2594,0.9558,-0.1399,-0.0108,0.3568,Dark,
12.6427,5.6119,6.2688,0.0000,0.0000,0.0189,-0.2290,0.9732,-0.2989,-0.2181,0.9290,-0.1390,-0.2589,0.9559,-0.1399,-0.0107,0.3568,Dark,
12.6545,5.6006,6.2494,0.0000,0.0000,0.0178,-0.2288,0.9733,-0.2993,-0.2179,0.9289,-0.1397,-0.2586,0.9558,-0.1398,-0.0107,0.3567,Dark,
12.6643,5.6012,6.2417,0.0000,0.0000,0.0178,-0.2280,0.9735,-0.2991,-0.2171,0.9292,-0.1397,-0.2578,0.9561,-0.1398,-0.0106,0.3566,Dark,
12.6760,5.6028,6.2397,0.0000,0.0000,0.0177,-0.2275,0.9736,-0.2988,-0.2166,0.9294,-0.1396,-0.2572,0.9562,-0.1398,-0.0106,0.3567,Dark,
12.6867,5.5997,6.2390,0.0000,0.0000,0.0178,-0.2266,0.9738,-0.2985,-0.2157,0.9297,-0.1394,-0.2563,0.9565,-0.1398,-0.0105,0.3567,Dark,
12.6977,5.5884,6.2437,0.0000,0.0000,0.0180,-0.2256,0.9740,-0.2976,-0.2147,0.9302,-0.1388,-0.2552,0.9569,-0.1398,-0.0105,0.3566,Dark,
12.7092,5.5808,6.2436,0.0000,0.0000,0.0182,-0.2251,0.9742,-0.2971,-0.2142,0.9305,-0.1385,-0.2547,0.9571,-0.1398,-0.0104,0.3567,Dark,
12.7201,5.5853,6.2432,0.0000,0.0000,0.0182,-0.2247,0.9742,-0.2969,-0.2139,0.9307,-0.1383,-0.2543,0.9572,-0.1398,-0.0103,0.3566,Dark,
12.7314,5.5884,6.2362,0.0000,0.0000,0.0179,-0.2237,0.9745,-0.2969,-0.2128,0.9309,-0.1385,-0.2532,0.9574,-0.1398,-0.0103,0.3565,Dark,
12.7426,5.5872,6.2287,0.0000,0.0000,0.0183,-0.2226,0.9747,-0.2964,-0.2118,0.9313,-0.1381,-0.2521,0.9578,-0.1398,-0.0101,0.3565,Dark,
12.7534,5.5914,6.2229,0.0000,0.0000,0.0189,-0.2215,0.9750,-0.2956,-0.2107,0.9318,-0.1374,-0.2510,0.9582,-0.1398,-0.0101,0.3565,Dark,
12.7645,5.5883,6.1971,0.0000,0.0000,0.0192,-0.2210,0.9751,-0.2950,-0.2102,0.9321,-0.1369,-0.2505,0.9584,-0.1397,-0.0100,0.3564,Dark,
12.7758,5.5840,6.2031,0.0000,0.0000,0.0203,-0.2202,0.9752,-0.2937,-0.2095,0.9327,-0.1356,-0.2497,0.9588,-0.1397,-0.0099,0.3565,Dark,
12.7871,5.5806,6.2132,0.0000,0.0000,0.0210,-0.2196,0.9754,-0.2929,-0.2089,0.9330,-0.1349,-0.2491,0.9590,-0.1396,-0.0099,0.3564,Dark,
12.7980,5.5879,6.2168,0.0000,0.0000,0.0216,-0.2189,0.9755,-0.2922,-0.2082,0.9334,-0.1342,-0.2484,0.9593,-0.1396,-0.0099,0.3564,Dark,
12.8093,5.5947,6.2162,0.0000,0.0000,0.0221,-0.2183,0.9756,-0.2917,-0.2077,0.9337,-0.1337,-0.2478,0.9595,-0.1395,-0.0098,0.3565,Dark,
12.8204,5.5938,6.2032,0.0000,0.0000,0.0227,-0.2185,0.9756,-0.2911,-0.2078,0.9339,-0.1331,-0.2479,0.9596,-0.1395,-0.0098,0.3565,Dark,
12.8315,5.5876,6.1944,0.0000,0.0000,0.0224,-0.2184,0.9756,-0.2913,-0.2077,0.9338,-0.1333,-0.2478,0.9596,-0.1395,-0.0098,0.3565,Dark,
12.8428,5.5816,6.1956,0.0000,0.0000,0.0222,-0.2180,0.9757,-0.2916,-0.2073,0.9338,-0.1336,-0.2474,0.9596,-0.1394,-0.0097,0.3565,Dark,
12.8537,5.5785,6.2004,0.0000,0.0000,0.0220,-0.2181,0.9757,-0.2919,-0.2073,0.9337,-0.1339,-0.2475,0.9596,-0.1394,-0.0097,0.3565,Dark,
12.8649,5.5835,6.2034,0.0000,0.0000,0.0221,-0.2181,0.9757,-0.2918,-0.2073,0.9337,-0.1338,-0.2475,0.9596,-0.1394,-0.0096,0.3565,Dark,
12.8761,5.5880,6.2063,0.0000,0.0000,0.0230,-0.2175,0.9758,-0.2909,-0.2067,0.9341,-0.1329,-0.2469,0.9599,-0.1393,-0.0096,0.3565,Dark,
12.8871,5.5828,6.2277,0.0000,0.0000,0.0259,-0.2176,0.9757,-0.2876,-0.2070,0.9351,-0.1297,-0.2470,0.9603,-0.1392,-0.0096,0.3565,Dark,
12.8984,5.5754,6.2428,0.0000,0.0000,0.0419,-0.2152,0.9757,-0.2726,-0.2056,0.9399,-0.1136,-0.2452,0.9628,-0.1392,-0.0096,0.3565,Dark,
12.9095,5.5685,6.2407,0.0000,0.0000,0.0548,-0.2128,0.9756,-0.2595,-0.2041,0.9440,-0.1001,-0.2432,0.9648,-0.1391,-0.0096,0.3566,Dark,
12.9204,5.5569,6.2346,0.0000,0.0000,0.0485,-0.2146,0.9755,-0.2674,-0.2053,0.9415,-0.1075,-0.2449,0.9636,-0.1391,-0.0096,0.3566,Dark,
12.9318,5.5614,6.2401,0.0000,0.0000,0.0564,-0.2143,0.9751,-0.2600,-0.2056,0.9435,-0.0995,-0.2450,0.9644,-0.1390,-0.0097,0.3566,Dark,
12.9431,5.5669,6.2436,0.0000,0.0000,0.0576,-0.2140,0.9751,-0.2594,-0.2053,0.9437,-0.0986,-0.2448,0.9646,-0.1390,-0.0096,0.3567,Dark,
12.9540,5.5665,6.2781,0.0000,0.0000,0.0626,-0.2142,0.9748,-0.2549,-0.2058,0.9448,-0.0937,-0.2452,0.9649,-0.1390,-0.0097,0.3567,Dark,
12.9652,5.5622,6.2828,0.0000,0.0000,0.0628,-0.2147,0.9747,-0.2548,-0.2064,0.9447,-0.0935,-0.2457,0.9648,-0.1390,-0.0098,0.3567,Dark,
12.9761,5.5748,6.2848,0.0000,0.0000,0.0622,-0.2151,0.9746,-0.2556,-0.2067,0.9444,-0.0942,-0.2461,0.9647,-0.1390,-0.0097,0.3568,Dark,
12.9872,5.5925,6.2884,0.0000,0.0000,0.0581,-0.2155,0.9748,-0.2600,-0.2068,0.9432,-0.0987,-0.2464,0.9641,-0.1389,-0.0098,0.3568,Dark,
12.9986,5.5989,6.2886,0.0000,0.0000,0.0567,-0.2157,0.9748,-0.2614,-0.2069,0.9428,-0.1001,-0.2466,0.9639,-0.1389,-0.0098,0.3568,Dark,
13.0099,5.6033,6.3022,0.0000,0.0000,0.0538,-0.2164,0.9748,-0.2644,-0.2074,0.9419,-0.1031,-0.2471,0.9635,-0.1389,-0.0098,0.3569,Dark,
13.0208,5.6014,6.3125,0.0000,0.0000,0.0523,-0.2166,0.9749,-0.2659,-0.2075,0.9414,-0.1047,-0.2473,0.9633,-0.1389,-0.0098,0.3569,Dark,
13.0317,5.6000,6.3124,0.0000,0.0000,0.0507,-0.2168,0.9749,-0.2676,-0.2076,0.9409,-0.1064,-0.2475,0.9630,-0.1389,-0.0098,0.3569,Dark,
13.0431,5.6147,6.3117,0.0000,0.0000,0.0488,-0.2172,0.9749,-0.2694,-0.2078,0.9403,-0.1083,-0.2478,0.9627,-0.1389,-0.0097,0.3570,Dark,
13.0542,5.6283,6.3427,0.0000,0.0000,0.0459,-0.2172,0.9751,-0.2720,-0.2076,0.9396,-0.1112,-0.2476,0.9625,-0.1389,-0.0098,0.3570,Dark,
13.0653,5.6285,6.3381,0.0000,0.0000,0.0445,-0.2170,0.9752,-0.2730,-0.2073,0.9394,-0.1124,-0.2473,0.9624,-0.1389,-0.0098,0.3570,Dark,
13.0763,5.6687,6.3341,0.0000,0.0000,0.0381,-0.2179,0.9752,-0.2780,-0.2078,0.9378,-0.1183,-0.2479,0.9615,-0.1388,-0.0098,0.3570,Dark,
13.0876,5.7176,6.3545,0.0000,0.0000,-0.0160,-0.2218,0.9750,-0.3322,-0.2078,0.9200,-0.1745,-0.2501,0.9524,-0.1388,-0.0098,0.3570,Dark,
13.0990,5.7300,6.3422,0.0000,0.0000,-0.0776,-0.2265,0.9709,-0.3971,-0.2075,0.8940,-0.2403,-0.2532,0.9371,-0.1388,-0.0098,0.3571,Dark,
13.1097,5.7253,6.3328,0.0000,0.0000,-0.0629,-0.2247,0.9724,-0.3917,-0.2060,0.8967,-0.2301,-0.2526,0.9398,-0.1388,-0.0097,0.3571,Dark,
13.1211,5.7142,6.2958,0.0000,0.0000,-0.1638,-0.2324,0.9587,-0.4962,-0.2040,0.8439,-0.3377,-0.2573,0.9054,-0.1388,-0.0097,0.3571,Dark,
13.1319,5.7134,6.3064,0.0000,0.0000,-0.1769,-0.2321,0.9565,-0.5162,-0.2014,0.8324,-0.3556,-0.2571,0.8986,-0.1388,-0.0098,0.3571,Dark,
13.1434,5.6856,6.3028,0.0000,0.0000,-0.1815,-0.2317,0.9557,-0.5381,-0.1980,0.8193,-0.3708,-0.2578,0.8922,-0.1388,-0.0097,0.3571,Dark,
13.1545,5.6819,6.2901,0.0000,0.0000,-0.1889,-0.2323,0.9541,-0.5504,-0.1970,0.8113,-0.3817,-0.2584,0.8874,-0.1387,-0.0098,0.3571,Dark,
13.1654,5.6788,6.2926,0.0000,0.0000,-0.1823,-0.2317,0.9555,-0.5515,-0.1960,0.8108,-0.3793,-0.2586,0.8884,-0.1387,-0.0098,0.3571,Dark,
13.1765,5.6692,6.2934,0.0000,0.0000,-0.1847,-0.2314,0.9552,-0.5582,-0.1948,0.8065,-0.3845,-0.2586,0.8862,-0.1386,-0.0098,0.3572,Dark,
13.1876,5.6641,6.2932,0.0000,0.0000,-0.1738,-0.2300,0.9576,-0.5581,-0.1931,0.8070,-0.3795,-0.2584,0.8884,-0.1386,-0.0098,0.3572,Dark,
13.1989,5.6650,6.2999,0.0000,0.0000,-0.1591,-0.2289,0.9604,-0.5506,-0.1927,0.8122,-0.3682,-0.2583,0.8932,-0.1386,-0.0098,0.3572,Dark,
13.2102,5.6620,6.3048,0.0000,0.0000,-0.1528,-0.2278,0.9616,-0.5507,-0.1914,0.8124,-0.3654,-0.2579,0.8944,-0.1386,-0.0099,0.3572,Dark,
13.2211,5.6621,6.3053,0.0000,0.0000,-0.1480,-0.2272,0.9625,-0.5491,-0.1910,0.8136,-0.3622,-0.2578,0.8958,-0.1385,-0.0099,0.3572,Dark,
13.2321,5.6619,6.2967,0.0000,0.0000,-0.1415,-0.2265,0.9637,-0.5457,-0.1906,0.8161,-0.3570,-0.2575,0.8979,-0.1385,-0.0098,0.3572,Dark,
13.2434,5.6573,6.2897,0.0000,0.0000,-0.1359,-0.2258,0.9646,-0.5433,-0.1901,0.8177,-0.3530,-0.2573,0.8996,-0.1385,-0.0098,0.3572,Dark,
13.2548,5.6600,6.2906,0.0000,0.0000,-0.1338,-0.2254,0.9650,-0.5423,-0.1898,0.8185,-0.3514,-0.2570,0.9002,-0.1385,-0.0098,0.3572,Dark,
13.2657,5.6624,6.2894,0.0000,0.0000,-0.1318,-0.2249,0.9654,-0.5412,-0.1893,0.8193,-0.3498,-0.2566,0.9010,-0.1385,-0.0097,0.3573,Dark,
13.2768,5.6607,6.2917,0.0000,0.0000,-0.1296,-0.2241,0.9659,-0.5397,-0.1885,0.8205,-0.3479,-0.2558,0.9020,-0.1384,-0.0097,0.3573,Dark,
13.2880,5.6600,6.2934,0.0000,0.0000,-0.1286,-0.2238,0.9661,-0.5389,-0.1883,0.8211,-0.3469,-0.2556,0.9024,-0.1384,-0.0097,0.3573,Dark,
13.2992,5.6591,6.2929,0.0000,0.0000,-0.1283,-0.2238,0.9661,-0.5386,-0.1884,0.8213,-0.3466,-0.2556,0.9025,-0.1383,-0.0097,0.3573,Dark,
13.3105,5.6563,6.2891,0.0000,0.0000,-0.1280,-0.2236,0.9663,-0.5378,-0.1881,0.8218,-0.3460,-0.2553,0.9028,-0.1383,-0.0096,0.3573,Dark,
13.3215,5.6567,6.2859,0.0000,0.0000,-0.1287,-0.2237,0.9661,-0.5380,-0.1883,0.8216,-0.3465,-0.2554,0.9026,-0.1383,-0.0096,0.3573,Dark,
13.3324,5.6570,6.2838,0.0000,0.0000,-0.1278,-0.2238,0.9662,-0.5370,-0.1884,0.8223,-0.3454,-0.2554,0.9030,-0.1383,-0.0096,0.3573,Dark,
13.3435,5.6651,6.2890,0.0000,0.0000,-0.1273,-0.2237,0.9663,-0.5360,-0.1884,0.8230,-0.3446,-0.2553,0.9034,-0.1382,-0.0095,0.3573,Dark,
13.3549,5.6672,6.2948,0.0000,0.0000,-0.1290,-0.2237,0.9661,-0.5368,-0.1883,0.8224,-0.3459,-0.2552,0.9029,-0.1382,-0.0095,0.3572,Dark,
13.3659,5.6686,6.2985,0.0000,0.0000,-0.1297,-0.2234,0.9661,-0.5369,-0.1880,0.8224,-0.3463,-0.2548,0.9029,-0.1382,-0.0095,0.3572,Dark,
13.3771,5.6675,6.2937,0.0000,0.0000,-0.1299,-0.2235,0.9660,-0.5363,-0.1882,0.8228,-0.3460,-0.2548,0.9030,-0.1382,-0.0095,0.3572,Dark,
13.3881,5.6760,6.2867,0.0000,0.0000,-0.1305,-0.2236,0.9659,-0.5364,-0.1883,0.8227,-0.3463,-0.2548,0.9028,-0.1382,-0.0095,0.3571,Dark,
13.3994,5.6833,6.2893,0.0000,0.0000,-0.1307,-0.2235,0.9659,-0.5361,-0.1883,0.8229,-0.3463,-0.2547,0.9029,-0.1382,-0.0095,0.3571,Dark,
13.4102,5.6739,6.2607,0.0000,0.0000,-0.1311,-0.2239,0.9658,-0.5356,-0.1888,0.8231,-0.3461,-0.2551,0.9028,-0.1382,-0.0095,0.3571,Dark,
13.4215,5.6740,6.2350,0.0000,0.0000,-0.1310,-0.2243,0.9657,-0.5351,-0.1892,0.8233,-0.3458,-0.2554,0.9029,-0.1382,-0.0096,0.3571,Dark,
13.4326,5.6737,6.2326,0.0000,0.0000,-0.1307,-0.2243,0.9657,-0.5344,-0.1894,0.8237,-0.3452,-0.2555,0.9031,-0.1382,-0.0096,0.3570,Dark,
13.4438,5.6723,6.2540,0.0000,0.0000,-0.1147,-0.2238,0.9679,-0.5169,-0.1909,0.8345,-0.3270,-0.2554,0.9099,-0.1381,-0.0096,0.3570,Dark,
13.4550,5.6734,6.2756,0.0000,0.0000,-0.1306,-0.2250,0.9656,-0.5241,-0.1915,0.8298,-0.3389,-0.2553,0.9055,-0.1381,-0.0095,0.3570,Dark,
13.4665,5.7234,6.2990,0.0000,0.0000,-0.1141,-0.2233,0.9681,-0.5114,-0.1911,0.8378,-0.3235,-0.2545,0.9114,-0.1381,-0.0095,0.3569,Dark,
13.4771,5.7074,6.2745,0.0000,0.0000,-0.0148,-0.2124,0.9771,-0.4350,-0.1882,0.8805,-0.2303,-0.2492,0.9407,-0.1381,-0.0095,0.3569,Dark,
13.4883,5.6999,6.2519,0.0000,0.0000,0.0322,-0.2091,0.9774,-0.4001,-0.1883,0.8969,-0.1866,-0.2488,0.9504,-0.1381,-0.0095,0.3569,Dark,
13.4997,5.6847,6.2124,0.0000,0.0000,0.0235,-0.2102,0.9774,-0.4114,-0.1883,0.8918,-0.1974,-0.2497,0.9480,-0.1380,-0.0095,0.3569,Dark,
13.5108,5.6759,6.1999,0.0000,0.0000,0.0533,-0.2087,0.9765,-0.3819,-0.1895,0.9046,-0.1655,-0.2494,0.9542,-0.1380,-0.0095,0.3569,Dark,
13.5218,5.6716,6.2043,0.0000,0.0000,0.0699,-0.2089,0.9754,-0.3572,-0.1920,0.9141,-0.1432,-0.2496,0.9577,-0.1380,-0.0095,0.3569,Dark,
13.5332,5.6788,6.1993,0.0000,0.0000,0.0844,-0.2086,0.9744,-0.3295,-0.1941,0.9240,-0.1207,-0.2486,0.9610,-0.1380,-0.0095,0.3569,Dark,
13.5442,5.6779,6.1892,0.0000,0.0000,0.0950,-0.2081,0.9735,-0.3136,-0.1949,0.9293,-0.1066,-0.2481,0.9629,-0.1379,-0.0095,0.3569,Dark,
13.5553,5.6771,6.1863,0.0000,0.0000,0.0873,-0.2098,0.9738,-0.3144,-0.1966,0.9287,-0.1112,-0.2489,0.9621,-0.1379,-0.0095,0.3569,Dark,
13.5665,5.6916,6.2016,0.0000,0.0000,0.0890,-0.2108,0.9735,-0.3016,-0.1985,0.9326,-0.1036,-0.2489,0.9630,-0.1379,-0.0095,0.3569,Dark,
13.5775,5.6888,6.2181,0.0000,0.0000,0.0924,-0.2105,0.9732,-0.2938,-0.1988,0.9350,-0.0977,-0.2484,0.9637,-0.1378,-0.0095,0.3569,Dark,
13.5885,5.6863,6.2253,0.0000,0.0000,0.0811,-0.2115,0.9740,-0.3004,-0.1991,0.9328,-0.1073,-0.2484,0.9627,-0.1378,-0.0095,0.3569,Dark,
13.5997,5.6925,6.2344,0.0000,0.0000,0.0741,-0.2121,0.9744,-0.2990,-0.1998,0.9331,-0.1103,-0.2480,0.9625,-0.1378,-0.0095,0.3569,Dark,
13.6109,5.7021,6.2365,0.0000,0.0000,0.0748,-0.2119,0.9744,-0.2947,-0.2000,0.9344,-0.1077,-0.2475,0.9629,-0.1378,-0.0095,0.3569,Dark,
13.6219,5.7105,6.2419,0.0000,0.0000,0.0684,-0.2117,0.9749,-0.2975,-0.1995,0.9336,-0.1126,-0.2467,0.9625,-0.1378,-0.0095,0.3569,Dark,
13.6332,5.7210,6.2560,0.0000,0.0000,0.0627,-0.2108,0.9755,-0.2971,-0.1987,0.9339,-0.1154,-0.2451,0.9626,-0.1378,-0.0095,0.3569,Dark,
13.6442,5.7139,6.2628,0.0000,0.0000,0.0624,-0.2105,0.9756,-0.2948,-0.1985,0.9347,-0.1143,-0.2445,0.9629,-0.1378,-0.0095,0.3569,Dark,
13.6556,5.7072,6.2798,0.0000,0.0000,0.0590,-0.2105,0.9758,-0.2957,-0.1984,0.9345,-0.1166,-0.2442,0.9627,-0.1378,-0.0095,0.3569,Dark,
13.6668,5.7253,6.2948,0.0000,0.0000,0.0555,-0.2110,0.9759,-0.2948,-0.1989,0.9346,-0.1180,-0.2442,0.9625,-0.1378,-0.0095,0.3570,Dark,
13.6777,5.7236,6.2951,0.0000,0.0000,0.0545,-0.2113,0.9759,-0.2939,-0.1993,0.9348,-0.1181,-0.2443,0.9625,-0.1377,-0.0095,0.3570,Dark,
13.6888,5.7223,6.2970,0.0000,0.0000,0.0536,-0.2115,0.9759,-0.2930,-0.1995,0.9351,-0.1181,-0.2442,0.9625,-0.1377,-0.0095,0.3570,Dark,
13.7004,5.7548,6.2992,0.0000,0.0000,0.0521,-0.2118,0.9759,-0.2913,-0.1999,0.9355,-0.1180,-0.2442,0.9625,-0.1377,-0.0096,0.3570,Dark,
13.7112,5.7616,6.3012,0.0000,0.0000,0.0517,-0.2118,0.9759,-0.2904,-0.2000,0.9358,-0.1178,-0.2441,0.9626,-0.1377,-0.0095,0.3571,Dark,
13.7224,5.7673,6.3053,0.0000,0.0000,0.0511,-0.2116,0.9760,-0.2899,-0.1998,0.9360,-0.1178,-0.2437,0.9627,-0.1377,-0.0095,0.3571,Dark,
13.7339,5.7892,6.3203,0.0000,0.0000,0.0503,-0.2114,0.9761,-0.2887,-0.1997,0.9363,-0.1176,-0.2434,0.9628,-0.1377,-0.0095,0.3571,Dark,
13.7446,5.7922,6.3299,0.0000,0.0000,0.0494,-0.2116,0.9761,-0.2889,-0.1999,0.9363,-0.1182,-0.2435,0.9627,-0.1377,-0.0095,0.3571,Dark,
13.7556,5.7946,6.3333,0.0000,0.0000,0.0497,-0.2115,0.9761,-0.2877,-0.1998,0.9366,-0.1174,-0.2433,0.9628,-0.1377,-0.0095,0.3572,Dark,
13.7669,5.7696,6.3800,0.0000,0.0000,0.0589,-0.2111,0.9757,-0.2759,-0.2002,0.9401,-0.1065,-0.2429,0.9642,-0.1377,-0.0095,0.3572,Dark,
13.7780,5.7651,6.4163,0.0000,0.0000,0.0837,-0.2051,0.9752,-0.2530,-0.1956,0.9475,-0.0817,-0.2378,0.9679,-0.1377,-0.0095,0.3572,Dark,
13.7890,5.7624,6.4014,0.0000,0.0000,0.1530,-0.1904,0.9697,-0.1726,-0.1855,0.9674,-0.0040,-0.2242,0.9745,-0.1377,-0.0096,0.3573,Dark,
13.8008,5.7368,6.3689,0.0000,0.0000,0.1982,-0.1818,0.9632,-0.0818,-0.1807,0.9801,0.0647,-0.2124,0.9750,-0.1377,-0.0096,0.3573,Dark,
13.8114,5.6990,6.3512,0.0000,0.0000,0.2603,-0.1665,0.9510,-0.0058,-0.1677,0.9858,0.1353,-0.1973,0.9710,-0.1377,-0.0096,0.3573,Dark,
13.8226,5.5914,6.3999,0.0000,0.0000,0.2522,-0.1648,0.9535,0.1551,-0.1664,0.9738,0.2053,-0.1766,0.9626,-0.1377,-0.0096,0.3573,Dark,
13.8342,5.5311,6.4332,0.0000,0.0000,0.3254,-0.1397,0.9352,0.2562,-0.1411,0.9563,0.2919,-0.1487,0.9448,-0.1377,-0.0097,0.3574,Dark,
13.8448,5.5138,6.4592,0.0000,0.0000,0.3524,-0.1287,0.9270,0.2969,-0.1298,0.9461,0.3255,-0.1361,0.9357,-0.1377,-0.0097,0.3574,Dark,
13.8558,5.5000,6.4928,0.0000,0.0000,0.3956,-0.1099,0.9118,0.3554,-0.1105,0.9281,0.3761,-0.1155,0.9194,-0.1377,-0.0098,0.3574,Dark,
13.8673,5.4996,6.5046,0.0000,0.0000,0.3909,-0.1096,0.9139,0.3539,-0.1101,0.9288,0.3729,-0.1147,0.9207,-0.1377,-0.0098,0.3574,Dark,
13.8782,5.5144,6.5135,0.0000,0.0000,0.3955,-0.1074,0.9121,0.3615,-0.1078,0.9261,0.3790,-0.1121,0.9186,-0.1377,-0.0098,0.3574,Dark,
13.8895,5.5155,6.5605,0.0000,0.0000,0.3891,-0.1068,0.9150,0.3583,-0.1072,0.9274,0.3741,-0.1110,0.9207,-0.1377,-0.0098,0.3574,Dark,
13.9006,5.5085,6.5857,0.0000,0.0000,0.3647,-0.1140,0.9241,0.3340,-0.1145,0.9356,0.3497,-0.1181,0.9294,-0.1377,-0.0099,0.3574,Dark,
13.9116,5.5155,6.6047,0.0000,0.0000,0.3746,-0.1102,0.9206,0.3456,-0.1106,0.9318,0.3605,-0.1141,0.9258,-0.1377,-0.0098,0.3574,Dark,
13.9232,5.5248,6.6031,0.0000,0.0000,0.3980,-0.1010,0.9118,0.3719,-0.1013,0.9227,0.3853,-0.1046,0.9168,-0.1377,-0.0098,0.3574,Dark,
13.9341,5.5393,6.5981,0.0000,0.0000,0.3751,-0.1090,0.9206,0.3486,-0.1093,0.9309,0.3622,-0.1126,0.9253,-0.1377,-0.0099,0.3574,Dark,
13.9449,5.5361,6.6014,0.0000,0.0000,0.3599,-0.1146,0.9259,0.3333,-0.1150,0.9358,0.3469,-0.1182,0.9304,-0.1377,-0.0098,0.3574,Dark,
13.9560,5.5312,6.5987,0.0000,0.0000,0.3579,-0.1154,0.9266,0.3322,-0.1157,0.9361,0.3453,-0.1188,0.9309,-0.1377,-0.0098,0.3574,Dark,
13.9675,5.5307,6.5980,0.0000,0.0000,0.3570,-0.1156,0.9269,0.3317,-0.1159,0.9362,0.3446,-0.1189,0.9312,-0.1377,-0.0098,0.3574,Dark,
13.9785,5.5308,6.5970,0.0000,0.0000,0.3563,-0.1159,0.9271,0.3313,-0.1162,0.9363,0.3441,-0.1192,0.9313,-0.1376,-0.0097,0.3575,Dark,
13.9895,5.5307,6.6115,0.0000,0.0000,0.3553,-0.1165,0.9275,0.3308,-0.1168,0.9365,0.3433,-0.1197,0.9316,-0.1376,-0.0097,0.3575,Dark,
14.0008,5.5300,6.6172,0.0000,0.0000,0.3531,-0.1161,0.9283,0.3288,-0.1164,0.9372,0.3412,-0.1193,0.9324,-0.1376,-0.0097,0.3574,Dark,
14.0118,5.5295,6.6153,0.0000,0.0000,0.3546,-0.1174,0.9276,0.3306,-0.1177,0.9364,0.3429,-0.1206,0.9316,-0.1376,-0.0097,0.3575,Dark,
14.0230,5.5154,6.6257,0.0000,0.0000,0.3539,-0.1179,0.9278,0.3301,-0.1182,0.9365,0.3422,-0.1210,0.9318,-0.1376,-0.0097,0.3574,Dark,
14.0343,5.5040,6.6281,0.0000,0.0000,0.3502,-0.1191,0.9291,0.3265,-0.1194,0.9376,0.3386,-0.1222,0.9330,-0.1376,-0.0097,0.3574,Dark,
14.0454,5.4900,6.6150,0.0000,0.0000,0.3503,-0.1198,0.9289,0.3268,-0.1202,0.9374,0.3388,-0.1229,0.9328,-0.1376,-0.0097,0.3574,Dark,
14.0565,5.4860,6.6107,0.0000,0.0000,0.3503,-0.1202,0.9289,0.3269,-0.1205,0.9373,0.3389,-0.1233,0.9327,-0.1376,-0.0097,0.3574,Dark,
14.0675,5.4833,6.6065,0.0000,0.0000,0.3503,-0.1205,0.9288,0.3270,-0.1209,0.9373,0.3389,-0.1236,0.9327,-0.1376,-0.0097,0.3573,Dark,
14.0791,5.4811,6.6007,0.0000,0.0000,0.3516,-0.1201,0.9284,0.3284,-0.1204,0.9368,0.3402,-0.1231,0.9323,-0.1376,-0.0097,0.3573,Dark,
14.0899,5.4772,6.5944,0.0000,0.0000,0.3512,-0.1203,0.9285,0.3282,-0.1207,0.9369,0.3399,-0.1234,0.9323,-0.1376,-0.0097,0.3573,Dark,
14.1010,5.4758,6.5924,0.0000,0.0000,0.3505,-0.1207,0.9288,0.3274,-0.1211,0.9371,0.3392,-0.1238,0.9325,-0.1376,-0.0097,0.3573,Dark,
14.1123,5.4749,6.5803,0.0000,0.0000,0.3504,-0.1208,0.9288,0.3274,-0.1212,0.9371,0.3391,-0.1239,0.9326,-0.1376,-0.0097,0.3573,Dark,
14.1232,5.4796,6.5077,0.0000,0.0000,0.3407,-0.1249,0.9319,0.3174,-0.1253,0.9400,0.3292,-0.1279,0.9355,-0.1376,-0.0097,0.3572,Dark,
14.1345,5.4969,6.4561,0.0000,0.0000,0.3151,-0.1318,0.9398,0.2910,-0.1322,0.9476,0.3033,-0.1350,0.9433,-0.1376,-0.0097,0.3572,Dark,
14.1456,5.4850,6.3414,0.0000,0.0000,0.2466,-0.1489,0.9576,0.2202,-0.1493,0.9640,0.2336,-0.1521,0.9604,-0.1376,-0.0097,0.3572,Dark,
14.1567,5.4620,6.2632,0.0000,0.0000,0.1365,-0.1699,0.9760,0.1071,-0.1700,0.9796,0.1220,-0.1731,0.9773,-0.1376,-0.0097,0.3571,Dark,
14.1679,5.4458,6.2056,0.0000,0.0000,0.0365,-0.1865,0.9818,0.0053,-0.1861,0.9825,0.0211,-0.1895,0.9817,-0.1377,-0.0097,0.3571,Dark,
14.1793,5.4217,6.1606,0.0000,0.0000,-0.1337,-0.2035,0.9699,-0.1718,-0.2018,0.9642,-0.1527,-0.2065,0.9665,-0.1377,-0.0097,0.3571,Dark,
14.1918,5.4164,6.1287,0.0000,0.0000,-0.1752,-0.2046,0.9630,-0.2166,-0.2024,0.9551,-0.1958,-0.2078,0.9584,-0.1377,-0.0097,0.3571,Dark,
14.2010,5.4237,6.1065,0.0000,0.0000,-0.1710,-0.1995,0.9649,-0.2161,-0.1972,0.9563,-0.1934,-0.2030,0.9599,-0.1378,-0.0097,0.3570,Dark,
14.2124,5.4278,6.1052,0.0000,0.0000,-0.2422,-0.2035,0.9486,-0.2943,-0.1999,0.9346,-0.2682,-0.2072,0.9408,-0.1378,-0.0096,0.3571,Dark,
14.2234,5.4261,6.1068,0.0000,0.0000,-0.2123,-0.1981,0.9569,-0.2696,-0.1945,0.9431,-0.2409,-0.2023,0.9492,-0.1378,-0.0096,0.3571,Dark,
14.2348,5.4188,6.1101,0.0000,0.0000,-0.2030,-0.1954,0.9595,-0.2652,-0.1917,0.9449,-0.2340,-0.2001,0.9514,-0.1378,-0.0096,0.3571,Dark,
14.2464,5.4098,6.1305,0.0000,0.0000,-0.1614,-0.1887,0.9687,-0.2350,-0.1849,0.9543,-0.1981,-0.1945,0.9607,-0.1378,-0.0096,0.3571,Dark,
14.2573,5.4087,6.1312,0.0000,0.0000,-0.1652,-0.1876,0.9683,-0.2443,-0.1834,0.9522,-0.2046,-0.1938,0.9595,-0.1379,-0.0096,0.3571,Dark,
14.2679,5.4040,6.1313,0.0000,0.0000,-0.1630,-0.1857,0.9690,-0.2480,-0.1812,0.9517,-0.2054,-0.1924,0.9596,-0.1378,-0.0096,0.3571,Dark,
14.2793,5.3969,6.1437,0.0000,0.0000,-0.1297,-0.1803,0.9750,-0.2277,-0.1756,0.9578,-0.1786,-0.1883,0.9657,-0.1379,-0.0096,0.3571,Dark,
14.2902,5.3937,6.1514,0.0000,0.0000,-0.1181,-0.1781,0.9769,-0.2228,-0.1732,0.9593,-0.1703,-0.1866,0.9676,-0.1379,-0.0096,0.3571,Dark,
14.3016,5.3888,6.1579,0.0000,0.0000,-0.1132,-0.1762,0.9778,-0.2246,-0.1711,0.9593,-0.1688,-0.1854,0.9681,-0.1379,-0.0096,0.3572,Dark,
14.3125,5.3816,6.1602,0.0000,0.0000,-0.0973,-0.1735,0.9800,-0.2225,-0.1680,0.9603,-0.1597,-0.1839,0.9699,-0.1379,-0.0096,0.3572,Dark,
14.3236,5.3788,6.1575,0.0000,0.0000,-0.0927,-0.1735,0.9805,-0.2249,-0.1676,0.9599,-0.1586,-0.1845,0.9700,-0.1379,-0.0096,0.3572,Dark,
14.3350,5.3821,6.1550,0.0000,0.0000,-0.0865,-0.1714,0.9814,-0.2256,-0.1653,0.9601,-0.1558,-0.1831,0.9707,-0.1379,-0.0096,0.3572,Dark,
14.3460,5.3976,6.1667,0.0000,0.0000,-0.0781,-0.1696,0.9824,-0.2308,-0.1630,0.9592,-0.1542,-0.1825,0.9710,-0.1379,-0.0096,0.3573,Dark,
14.3572,5.4078,6.1900,0.0000,0.0000,-0.0775,-0.1693,0.9825,-0.2369,-0.1623,0.9579,-0.1570,-0.1827,0.9705,-0.1379,-0.0097,0.3573,Dark,
14.3682,5.4182,6.2093,0.0000,0.0000,-0.0707,-0.1679,0.9833,-0.2367,-0.1607,0.9582,-0.1535,-0.1819,0.9713,-0.1379,-0.0097,0.3573,Dark,
14.3794,5.4257,6.2161,0.0000,0.0000,-0.0671,-0.1668,0.9837,-0.2394,-0.1594,0.9577,-0.1530,-0.1814,0.9714,-0.1379,-0.0097,0.3574,Dark,
14.3906,5.4301,6.2360,0.0000,0.0000,-0.0623,-0.1651,0.9843,-0.2467,-0.1571,0.9563,-0.1543,-0.1808,0.9713,-0.1379,-0.0097,0.3574,Dark,
14.4016,5.4346,6.2478,0.0000,0.0000,-0.0583,-0.1642,0.9847,-0.2483,-0.1560,0.9560,-0.1531,-0.1804,0.9716,-0.1379,-0.0097,0.3574,Dark,
14.4129,5.4406,6.2426,0.0000,0.0000,-0.0518,-0.1621,0.9854,-0.2524,-0.1534,0.9554,-0.1519,-0.1792,0.9720,-0.1379,-0.0097,0.3575,Dark,
14.4238,5.4424,6.2250,0.0000,0.0000,-0.0485,-0.1608,0.9858,-0.2539,-0.1519,0.9552,-0.1510,-0.1784,0.9723,-0.1379,-0.0098,0.3575,Dark,
14.4350,5.4005,6.2092,0.0000,0.0000,-0.0423,-0.1538,0.9872,-0.2521,-0.1448,0.9568,-0.1470,-0.1718,0.9741,-0.1379,-0.0097,0.3576,Dark,
14.4468,5.3034,6.1032,0.0000,0.0000,-0.0202,-0.0895,0.9958,-0.2362,-0.0800,0.9684,-0.1279,-0.1077,0.9859,-0.1379,-0.0097,0.3576,Dark,
14.4574,5.2545,6.0045,0.0000,0.0000,-0.0108,-0.0430,0.9990,-0.2269,-0.0331,0.9734,-0.1184,-0.0606,0.9911,-0.1379,-0.0097,0.3577,Dark,
14.4686,5.1775,5.9265,0.0000,0.0000,-0.0138,0.0191,0.9997,-0.2265,0.0296,0.9736,-0.1200,0.0026,0.9928,-0.1379,-0.0096,0.3577,Dark,
14.4798,5.0274,5.7495,0.0000,0.0000,-0.0176,0.0883,0.9959,-0.2188,0.0989,0.9707,-0.1182,0.0738,0.9902,-0.1379,-0.0096,0.3577,Dark,
14.4909,4.9562,5.6875,0.0000,0.0000,-0.0276,0.1537,0.9877,-0.2213,0.1643,0.9613,-0.1248,0.1408,0.9821,-0.1379,-0.0096,0.3578,Dark,
14.5019,4.8110,5.6454,0.0000,0.0000,-0.0456,0.1907,0.9806,-0.2271,0.2004,0.9530,-0.1370,0.1789,0.9743,-0.1378,-0.0095,0.3578,Dark,
14.5132,4.6797,5.6450,0.0000,0.0000,-0.0747,0.2303,0.9702,-0.2297,0.2381,0.9437,-0.1531,0.2204,0.9633,-0.1378,-0.0094,0.3579,Dark,
14.5241,4.6762,5.6539,0.0000,0.0000,-0.0701,0.2498,0.9658,-0.2124,0.2573,0.9427,-0.1419,0.2410,0.9601,-0.1378,-0.0094,0.3579,Dark,
14.5353,4.6665,5.6261,0.0000,0.0000,-0.0995,0.2493,0.9633,-0.2258,0.2552,0.9402,-0.1634,0.2410,0.9567,-0.1378,-0.0093,0.3579,Dark,
14.5466,4.6989,5.6052,0.0000,0.0000,-0.1072,0.2579,0.9602,-0.2215,0.2632,0.9390,-0.1651,0.2505,0.9539,-0.1378,-0.0093,0.3579,Dark,
14.5578,4.7199,5.5593,0.0000,0.0000,-0.1174,0.2711,0.9554,-0.2219,0.2757,0.9353,-0.1703,0.2642,0.9493,-0.1378,-0.0093,0.3579,Dark,
14.5686,4.6938,5.5020,0.0000,0.0000,-0.1262,0.2704,0.9544,-0.2148,0.2743,0.9373,-0.1711,0.2646,0.9491,-0.1377,-0.0092,0.3578,Dark,
14.5799,4.7100,5.4897,0.0000,0.0000,-0.1276,0.2765,0.9525,-0.2116,0.2802,0.9363,-0.1701,0.2709,0.9474,-0.1377,-0.0092,0.3578,Dark,
14.5913,4.7221,5.4902,0.0000,0.0000,-0.1280,0.2824,0.9507,-0.2078,0.2860,0.9354,-0.1684,0.2772,0.9459,-0.1377,-0.0092,0.3578,Dark,
14.6021,4.7667,5.4979,0.0000,0.0000,-0.1304,0.2879,0.9487,-0.2048,0.2912,0.9345,-0.1681,0.2831,0.9443,-0.1376,-0.0091,0.3578,Dark,
14.6132,4.7444,5.5007,0.0000,0.0000,-0.1310,0.2903,0.9479,-0.2039,0.2935,0.9340,-0.1679,0.2856,0.9435,-0.1376,-0.0091,0.3577,Dark,
14.6244,4.7224,5.5216,0.0000,0.0000,-0.1310,0.2919,0.9474,-0.2022,0.2951,0.9338,-0.1671,0.2873,0.9432,-0.1376,-0.0091,0.3577,Dark,
14.6355,4.7265,5.5511,0.0000,0.0000,-0.1352,0.3042,0.9430,-0.2040,0.3071,0.9295,-0.1701,0.2998,0.9387,-0.1376,-0.0090,0.3576,Dark,
14.6467,4.7289,5.5883,0.0000,0.0000,-0.1342,0.3032,0.9434,-0.2022,0.3061,0.9303,-0.1686,0.2988,0.9393,-0.1376,-0.0089,0.3576,Dark,
14.6578,4.7573,5.6179,0.0000,0.0000,-0.1330,0.3025,0.9438,-0.2007,0.3054,0.9308,-0.1673,0.2981,0.9398,-0.1375,-0.0089,0.3576,Dark,
14.6692,4.7568,5.6157,0.0000,0.0000,-0.1300,0.2965,0.9462,-0.1973,0.2994,0.9335,-0.1641,0.2921,0.9422,-0.1375,-0.0088,0.3576,Dark,
14.6803,4.7512,5.6090,0.0000,0.0000,-0.1312,0.3014,0.9444,-0.1981,0.3043,0.9318,-0.1651,0.2971,0.9405,-0.1375,-0.0087,0.3575,Dark,
14.6913,4.7500,5.6126,0.0000,0.0000,-0.1301,0.2976,0.9458,-0.1969,0.3006,0.9332,-0.1639,0.2933,0.9419,-0.1375,-0.0087,0.3575,Dark,
14.7026,4.7394,5.6062,0.0000,0.0000,-0.1296,0.2978,0.9458,-0.1958,0.3007,0.9334,-0.1631,0.2935,0.9419,-0.1375,-0.0086,0.3575,Dark,
14.7136,4.7334,5.6026,0.0000,0.0000,-0.1291,0.2980,0.9458,-0.1952,0.3010,0.9334,-0.1626,0.2937,0.9420,-0.1375,-0.0085,0.3575,Dark,
14.7248,4.7284,5.5996,0.0000,0.0000,-0.1291,0.2992,0.9454,-0.1950,0.3022,0.9331,-0.1624,0.2950,0.9416,-0.1375,-0.0085,0.3574,Dark,
14.7357,4.7517,5.6107,0.0000,0.0000,-0.1294,0.2990,0.9454,-0.1954,0.3020,0.9331,-0.1628,0.2948,0.9416,-0.1375,-0.0084,0.3574,Dark,
14.7469,4.7538,5.6010,0.0000,0.0000,-0.1299,0.2995,0.9452,-0.1960,0.3025,0.9328,-0.1634,0.2953,0.9413,-0.1375,-0.0084,0.3573,Dark,
14.7585,4.7558,5.6129,0.0000,0.0000,-0.1301,0.2995,0.9452,-0.1965,0.3025,0.9327,-0.1637,0.2952,0.9413,-0.1375,-0.0084,0.3573,Dark,
14.7699,4.7817,5.6293,0.0000,0.0000,-0.1291,0.2993,0.9454,-0.1960,0.3023,0.9328,-0.1630,0.2950,0.9415,-0.1375,-0.0083,0.3573,Dark,
14.7807,4.7741,5.6631,0.0000,0.0000,-0.1303,0.3004,0.9449,-0.1975,0.3034,0.9322,-0.1643,0.2961,0.9409,-0.1375,-0.0083,0.3572,Dark,
14.7916,4.7652,5.6940,0.0000,0.0000,-0.1293,0.2998,0.9452,-0.1969,0.3029,0.9325,-0.1635,0.2955,0.9412,-0.1375,-0.0083,0.3572,Dark,
14.8027,4.8099,5.6683,0.0000,0.0000,-0.1296,0.3011,0.9448,-0.1982,0.3041,0.9318,-0.1643,0.2967,0.9407,-0.1375,-0.0083,0.3571,Dark,
14.8139,4.8249,5.6660,0.0000,0.0000,-0.1291,0.3007,0.9449,-0.1982,0.3038,0.9319,-0.1641,0.2963,0.9409,-0.1375,-0.0083,0.3571,Dark,
14.8249,4.8073,5.6629,0.0000,0.0000,-0.1292,0.3010,0.9448,-0.1987,0.3042,0.9317,-0.1643,0.2966,0.9408,-0.1375,-0.0083,0.3570,Dark,
14.8359,4.8685,5.6706,0.0000,0.0000,-0.1292,0.3016,0.9446,-0.1994,0.3047,0.9313,-0.1647,0.2971,0.9405,-0.1375,-0.0083,0.3570,Dark,
14.8473,4.8866,5.6610,0.0000,0.0000,-0.1293,0.3023,0.9444,-0.1999,0.3054,0.9310,-0.1650,0.2978,0.9403,-0.1375,-0.0082,0.3569,Dark,
14.8585,4.8689,5.6495,0.0000,0.0000,-0.1292,0.3027,0.9443,-0.2003,0.3058,0.9308,-0.1652,0.2981,0.9401,-0.1375,-0.0082,0.3569,Dark,
14.8694,4.8446,5.6756,0.0000,0.0000,-0.1289,0.3031,0.9442,-0.2009,0.3063,0.9305,-0.1653,0.2985,0.9400,-0.1375,-0.0082,0.3568,Dark,
14.8804,4.8300,5.6547,0.0000,0.0000,-0.1287,0.3034,0.9441,-0.2011,0.3066,0.9303,-0.1654,0.2988,0.9399,-0.1375,-0.0082,0.3568,Dark,
14.8917,4.8336,5.6379,0.0000,0.0000,-0.1289,0.3037,0.9440,-0.2016,0.3069,0.9302,-0.1657,0.2990,0.9397,-0.1375,-0.0081,0.3567,Dark,
14.9030,4.8549,5.6775,0.0000,0.0000,-0.1289,0.3039,0.9439,-0.2022,0.3071,0.9299,-0.1660,0.2992,0.9396,-0.1375,-0.0081,0.3567,Dark,
14.9140,4.8636,5.6709,0.0000,0.0000,-0.1290,0.3042,0.9438,-0.2025,0.3074,0.9298,-0.1662,0.2995,0.9395,-0.1375,-0.0080,0.3567,Dark,
14.9259,4.8877,5.6670,0.0000,0.0000,-0.1290,0.3046,0.9437,-0.2027,0.3078,0.9296,-0.1663,0.2999,0.9394,-0.1375,-0.0080,0.3567,Dark,
14.9361,4.9177,5.6646,0.0000,0.0000,-0.1288,0.3048,0.9437,-0.2031,0.3081,0.9294,-0.1664,0.3001,0.9393,-0.1374,-0.0079,0.3567,Dark,
14.9474,4.9259,5.6519,0.0000,0.0000,-0.1286,0.3042,0.9439,-0.2033,0.3075,0.9296,-0.1664,0.2995,0.9395,-0.1374,-0.0079,0.3566,Dark,
14.9588,4.9286,5.6434,0.0000,0.0000,-0.1284,0.2987,0.9457,-0.2043,0.3020,0.9311,-0.1669,0.2938,0.9412,-0.1374,-0.0078,0.3566,Dark,
14.9697,5.0255,5.7592,0.0000,0.0000,-0.1315,0.2647,0.9553,-0.2131,0.2683,0.9395,-0.1728,0.2592,0.9502,-0.1373,-0.0078,0.3566,Dark,
14.9809,5.1062,5.7924,0.0000,0.0000,-0.1389,0.2163,0.9664,-0.2262,0.2201,0.9489,-0.1831,0.2101,0.9604,-0.1373,-0.0078,0.3566,Dark,
14.9920,5.2337,5.8172,0.0000,0.0000,-0.1528,0.1597,0.9753,-0.2456,0.1636,0.9555,-0.1998,0.1527,0.9679,-0.1373,-0.0078,0.3566,Dark,
15.0031,5.4276,6.0000,0.0000,0.0000,-0.1743,0.0506,0.9834,-0.2801,0.0554,0.9584,-0.2279,0.0422,0.9728,-0.1373,-0.0078,0.3567,Dark,
15.0142,5.4905,6.0912,0.0000,0.0000,-0.1803,-0.0056,0.9836,-0.2933,-0.0001,0.9560,-0.2375,-0.0147,0.9713,-0.1372,-0.0078,0.3567,Dark,
15.0257,5.6137,6.2413,0.0000,0.0000,-0.1769,-0.0996,0.9792,-0.3052,-0.0926,0.9478,-0.2416,-0.1098,0.9641,-0.1372,-0.0079,0.3567,Dark,
15.0367,5.6587,6.2945,0.0000,0.0000,-0.1722,-0.1235,0.9773,-0.3083,-0.1159,0.9442,-0.2408,-0.1343,0.9612,-0.1372,-0.0079,0.3567,Dark,
15.0475,5.6920,6.3425,0.0000,0.0000,-0.1630,-0.1280,0.9783,-0.3070,-0.1200,0.9441,-0.2356,-0.1395,0.9618,-0.1372,-0.0079,0.3568,Dark,
15.0589,5.7228,6.4098,0.0000,0.0000,-0.1474,-0.1225,0.9815,-0.3069,-0.1139,0.9449,-0.2279,-0.1353,0.9642,-0.1371,-0.0080,0.3568,Dark,
15.0700,5.7263,6.4333,0.0000,0.0000,-0.1417,-0.1207,0.9825,-0.3087,-0.1117,0.9446,-0.2260,-0.1342,0.9648,-0.1371,-0.0080,0.3568,Dark,
15.0810,5.7279,6.4388,0.0000,0.0000,-0.1364,-0.1256,0.9827,-0.3106,-0.1162,0.9434,-0.2244,-0.1396,0.9645,-0.1371,-0.0081,0.3569,Dark,
15.0923,5.7334,6.4386,0.0000,0.0000,-0.1246,-0.1097,0.9861,-0.3125,-0.0998,0.9447,-0.2196,-0.1249,0.9676,-0.1371,-0.0081,0.3569,Dark,
15.1038,5.7360,6.4362,0.0000,0.0000,-0.1200,-0.1100,0.9867,-0.3143,-0.0998,0.9441,-0.2182,-0.1258,0.9678,-0.1371,-0.0081,0.3569,Dark,
15.1145,5.7379,6.4282,0.0000,0.0000,-0.1151,-0.1020,0.9881,-0.3153,-0.0915,0.9446,-0.2164,-0.1183,0.9691,-0.1371,-0.0081,0.3570,Dark,
15.1256,5.7405,6.4179,0.0000,0.0000,-0.1067,-0.0958,0.9897,-0.3179,-0.0849,0.9443,-0.2136,-0.1130,0.9704,-0.1371,-0.0082,0.3570,Dark,
15.1370,5.7484,6.4142,0.0000,0.0000,-0.1030,-0.0935,0.9903,-0.3191,-0.0823,0.9441,-0.2124,-0.1111,0.9708,-0.1370,-0.0082,0.3571,Dark,Start Red Sphere at Superior for 0.5s
15.1480,5.7549,6.4308,0.0000,0.0000,-0.1001,-0.0911,0.9908,-0.3207,-0.0797,0.9438,-0.2118,-0.1091,0.9712,-0.1370,-0.0082,0.3571,Dark,Start Red Sphere at Superior for 0.5s
15.1592,5.7716,6.4708,0.0000,0.0000,-0.0949,-0.0887,0.9915,-0.3236,-0.0770,0.9431,-0.2107,-0.1075,0.9716,-0.1370,-0.0082,0.3571,Dark,Start Red Sphere at Superior for 0.5s
15.1704,5.7908,6.4912,0.0000,0.0000,-0.0931,-0.0887,0.9917,-0.3251,-0.0768,0.9426,-0.2107,-0.1078,0.9716,-0.1370,-0.0082,0.3571,Dark,Start Red Sphere at Superior for 0.5s
15.1813,5.8057,6.4999,0.0000,0.0000,-0.0972,-0.0932,0.9909,-0.3326,-0.0810,0.9396,-0.2166,-0.1125,0.9698,-0.1370,-0.0083,0.3571,Dark,Start Red Sphere at Superior for 0.5s
15.1929,5.8415,6.5100,0.0000,0.0000,-0.1240,-0.1167,0.9854,-0.3628,-0.1031,0.9261,-0.2458,-0.1360,0.9597,-0.1370,-0.0083,0.3571,Dark,Start Red Sphere at Superior for 0.5s
15.2036,5.8769,6.5137,0.0000,0.0000,-0.1289,-0.1200,0.9844,-0.3697,-0.1061,0.9231,-0.2518,-0.1395,0.9577,-0.1370,-0.0083,0.3572,Dark,Start Red Sphere at Superior for 0.5s
15.2147,5.9043,6.5037,0.0000,0.0000,-0.1283,-0.1216,0.9843,-0.3725,-0.1074,0.9218,-0.2530,-0.1413,0.9571,-0.1370,-0.0083,0.3572,Dark,Start Red Sphere at Superior for 0.5s
15.2261,5.8918,6.4943,0.0000,0.0000,-0.1331,-0.1273,0.9829,-0.3824,-0.1124,0.9171,-0.2607,-0.1473,0.9541,-0.1370,-0.0083,0.3572,Dark,Start Red Sphere at Superior for 0.5s
15.2371,5.8833,6.4931,0.0000,0.0000,-0.1326,-0.1266,0.9831,-0.3847,-0.1115,0.9163,-0.2616,-0.1469,0.9539,-0.1370,-0.0083,0.3572,Dark,Start Red Sphere at Superior for 0.5s
15.2482,5.8669,6.4999,0.0000,0.0000,-0.1355,-0.1314,0.9820,-0.3920,-0.1157,0.9127,-0.2670,-0.1520,0.9516,-0.1370,-0.0084,0.3572,Dark,Start Red Sphere at Superior for 0.5s
15.2594,5.8646,6.5022,0.0000,0.0000,-0.1340,-0.1320,0.9821,-0.3927,-0.1163,0.9123,-0.2667,-0.1528,0.9516,-0.1370,-0.0084,0.3572,Dark,Start Red Sphere at Superior for 0.5s
15.2705,5.8692,6.5034,0.0000,0.0000,-0.1344,-0.1325,0.9820,-0.3948,-0.1166,0.9113,-0.2680,-0.1535,0.9511,-0.1370,-0.0084,0.3572,Dark,Start Red Sphere at Superior for 0.5s
15.2815,5.8777,6.5080,0.0000,0.0000,-0.1340,-0.1345,0.9818,-0.3975,-0.1183,0.9099,-0.2693,-0.1557,0.9504,-0.1370,-0.0084,0.3572,Dark,Start Red Sphere at Superior for 0.5s
15.2929,5.8813,6.5113,0.0000,0.0000,-0.1401,-0.1390,0.9803,-0.4042,-0.1224,0.9064,-0.2758,-0.1602,0.9478,-0.1371,-0.0085,0.3572,Dark,Start Red Sphere at Superior for 0.5s
15.3038,5.8835,6.5080,0.0000,0.0000,-0.1397,-0.1396,0.9803,-0.4052,-0.1230,0.9059,-0.2762,-0.1609,0.9475,-0.1371,-0.0084,0.3572,Dark,Start Red Sphere at Superior for 0.5s
15.3150,5.8867,6.5084,0.0000,0.0000,-0.1334,-0.1357,0.9817,-0.4016,-0.1192,0.9080,-0.2712,-0.1573,0.9496,-0.1371,-0.0085,0.3572,Dark,Start Red Sphere at Superior for 0.5s
15.3263,5.8887,6.5109,0.0000,0.0000,-0.1370,-0.1392,0.9807,-0.4057,-0.1225,0.9058,-0.2751,-0.1609,0.9479,-0.1372,-0.0085,0.3572,Dark,Start Red Sphere at Superior for 0.5s
15.3371,5.8902,6.5204,0.0000,0.0000,-0.1364,-0.1391,0.9808,-0.4060,-0.1224,0.9056,-0.2750,-0.1609,0.9479,-0.1372,-0.0085,0.3571,Dark,Start Red Sphere at Superior for 0.5s
15.3483,5.8928,6.5325,0.0000,0.0000,-0.1345,-0.1380,0.9813,-0.4059,-0.1214,0.9058,-0.2740,-0.1600,0.9483,-0.1373,-0.0085,0.3571,Dark,Start Red Sphere at Superior for 0.5s
15.3594,5.8960,6.5346,0.0000,0.0000,-0.1347,-0.1384,0.9812,-0.4067,-0.1217,0.9054,-0.2745,-0.1604,0.9481,-0.1373,-0.0085,0.3571,Dark,Start Red Sphere at Superior for 0.5s
15.3707,5.8982,6.5382,0.0000,0.0000,-0.1342,-0.1380,0.9813,-0.4070,-0.1215,0.9053,-0.2744,-0.1602,0.9482,-0.1373,-0.0085,0.3571,Dark,Start Red Sphere at Superior for 0.5s
15.3818,5.9095,6.5402,0.0000,0.0000,-0.1337,-0.1377,0.9814,-0.4077,-0.1211,0.9051,-0.2746,-0.1600,0.9482,-0.1374,-0.0085,0.3571,Dark,Start Red Sphere at Superior for 0.5s
15.3932,5.9133,6.5401,0.0000,0.0000,-0.1337,-0.1376,0.9814,-0.4082,-0.1210,0.9048,-0.2749,-0.1600,0.9481,-0.1374,-0.0085,0.3571,Dark,Start Red Sphere at Superior for 0.5s
15.4040,5.9123,6.5402,0.0000,0.0000,-0.1336,-0.1373,0.9815,-0.4086,-0.1208,0.9047,-0.2750,-0.1598,0.9481,-0.1375,-0.0085,0.3571,Dark,Start Red Sphere at Superior for 0.5s
15.4152,5.9059,6.5506,0.0000,0.0000,-0.1337,-0.1371,0.9815,-0.4094,-0.1206,0.9043,-0.2755,-0.1597,0.9479,-0.1375,-0.0085,0.3571,Dark,Start Red Sphere at Superior for 0.5s
15.4265,5.9014,6.5353,0.0000,0.0000,-0.1338,-0.1371,0.9815,-0.4099,-0.1206,0.9041,-0.2758,-0.1597,0.9478,-0.1376,-0.0085,0.3571,Dark,Start Red Sphere at Superior for 0.5s
15.4374,5.9035,6.5224,0.0000,0.0000,-0.1332,-0.1373,0.9815,-0.4100,-0.1207,0.9041,-0.2756,-0.1599,0.9479,-0.1376,-0.0085,0.3571,Dark,Start Red Sphere at Superior for 0.5s
15.4485,5.9019,6.5134,0.0000,0.0000,-0.1072,-0.1370,0.9847,-0.3874,-0.1214,0.9139,-0.2505,-0.1603,0.9547,-0.1377,-0.0086,0.3571,Dark,Start Red Sphere at Superior for 0.5s
15.4600,5.8987,6.5064,0.0000,0.0000,-0.0816,-0.1372,0.9872,-0.3638,-0.1225,0.9234,-0.2251,-0.1610,0.9609,-0.1377,-0.0086,0.3571,Dark,Start Red Sphere at Superior for 0.5s
15.4710,5.8985,6.5024,0.0000,0.0000,-0.0914,-0.1376,0.9863,-0.3723,-0.1225,0.9200,-0.2346,-0.1611,0.9587,-0.1378,-0.0086,0.3571,Dark,Start Red Sphere at Superior for 0.5s
15.4825,5.8980,6.4911,0.0000,0.0000,-0.0618,-0.1362,0.9888,-0.3441,-0.1223,0.9309,-0.2047,-0.1602,0.9656,-0.1378,-0.0087,0.3571,Dark,Start Red Sphere at Superior for 0.5s
15.4930,5.8986,6.4874,0.0000,0.0000,-0.0498,-0.1349,0.9896,-0.3327,-0.1214,0.9352,-0.1926,-0.1591,0.9683,-0.1379,-0.0087,0.3571,Dark,Start Red Sphere at Superior for 0.5s
15.5045,5.9077,6.4855,0.0000,0.0000,-0.0340,-0.1316,0.9907,-0.3180,-0.1188,0.9406,-0.1769,-0.1562,0.9718,-0.1379,-0.0087,0.3571,Dark,Start Red Sphere at Superior for 0.5s
15.5158,5.9142,6.4864,0.0000,0.0000,-0.0270,-0.1300,0.9912,-0.3117,-0.1174,0.9429,-0.1700,-0.1547,0.9732,-0.1379,-0.0088,0.3570,Dark,Start Red Sphere at Superior for 0.5s
15.5267,5.9193,6.4874,0.0000,0.0000,-0.0252,-0.1282,0.9914,-0.3099,-0.1158,0.9437,-0.1681,-0.1530,0.9738,-0.1379,-0.0088,0.3570,Dark,Start Red Sphere at Superior for 0.5s
15.5377,5.9147,6.4935,0.0000,0.0000,-0.0192,-0.1260,0.9918,-0.3043,-0.1138,0.9458,-0.1622,-0.1509,0.9752,-0.1380,-0.0088,0.3570,Dark,Start Red Sphere at Superior for 0.5s
15.5490,5.8999,6.4978,0.0000,0.0000,-0.0158,-0.1257,0.9919,-0.3010,-0.1136,0.9468,-0.1587,-0.1507,0.9758,-0.1380,-0.0088,0.3570,Dark,Start Red Sphere at Superior for 0.5s
15.5605,5.8874,6.4929,0.0000,0.0000,-0.0153,-0.1253,0.9920,-0.3001,-0.1133,0.9472,-0.1580,-0.1503,0.9759,-0.1380,-0.0089,0.3570,Dark,Start Red Sphere at Superior for 0.5s
15.5717,5.8847,6.4814,0.0000,0.0000,-0.0165,-0.1245,0.9921,-0.3006,-0.1126,0.9471,-0.1589,-0.1494,0.9759,-0.1381,-0.0087,0.3568,Dark,Start Red Sphere at Superior for 0.5s
15.5825,5.8824,6.4753,0.0000,0.0000,-0.0152,-0.1242,0.9921,-0.2992,-0.1124,0.9475,-0.1575,-0.1492,0.9762,-0.1381,-0.0088,0.3568,Dark,Start Red Sphere at Superior for 0.5s
15.5934,5.8813,6.4592,0.0000,0.0000,-0.0173,-0.1248,0.9920,-0.3009,-0.1129,0.9470,-0.1594,-0.1497,0.9758,-0.1382,-0.0088,0.3568,Dark,Start Red Sphere at Superior for 0.5s
15.6046,5.8779,6.4418,0.0000,0.0000,-0.0175,-0.1244,0.9921,-0.3001,-0.1126,0.9472,-0.1591,-0.1492,0.9759,-0.1383,-0.0087,0.3566,Dark,Start Red Sphere at Superior for 0.5s
15.6160,5.8813,6.4387,0.0000,0.0000,-0.0189,-0.1244,0.9921,-0.3012,-0.1126,0.9469,-0.1604,-0.1492,0.9757,-0.1383,-0.0087,0.3566,Dark,Start Red Sphere at Superior for 0.5s
15.6273,5.8846,6.4293,0.0000,0.0000,-0.0179,-0.1238,0.9921,-0.2996,-0.1121,0.9474,-0.1591,-0.1486,0.9760,-0.1384,-0.0087,0.3566,Dark,Start Red Sphere at Superior for 0.5s
15.6388,5.8672,6.4324,0.0000,0.0000,-0.0182,-0.1237,0.9922,-0.2991,-0.1121,0.9476,-0.1589,-0.1484,0.9761,-0.1384,-0.0086,0.3565,Dark,Stop Red Sphere at Superior
15.6491,5.8587,6.4407,0.0000,0.0000,-0.0186,-0.1234,0.9922,-0.2991,-0.1118,0.9476,-0.1591,-0.1481,0.9761,-0.1385,-0.0086,0.3564,Dark,Stop Red Sphere at Superior
15.6604,5.8517,6.4422,0.0000,0.0000,-0.0191,-0.1231,0.9922,-0.2991,-0.1115,0.9477,-0.1594,-0.1477,0.9761,-0.1385,-0.0086,0.3564,Dark,Stop Red Sphere at Superior
15.6714,5.8325,6.4458,0.0000,0.0000,-0.0195,-0.1229,0.9922,-0.2985,-0.1114,0.9479,-0.1592,-0.1474,0.9762,-0.1386,-0.0085,0.3564,Dark,Stop Red Sphere at Superior
15.6830,5.8275,6.4463,0.0000,0.0000,-0.0196,-0.1229,0.9922,-0.2982,-0.1113,0.9480,-0.1592,-0.1473,0.9762,-0.1386,-0.0085,0.3563,Dark,Stop Red Sphere at Superior
15.6937,5.8135,6.4062,0.0000,0.0000,-0.0186,-0.1238,0.9921,-0.2963,-0.1124,0.9484,-0.1577,-0.1482,0.9763,-0.1387,-0.0085,0.3563,Dark,Stop Red Sphere at Superior
15.7048,5.8056,6.4002,0.0000,0.0000,-0.0101,-0.1245,0.9922,-0.2836,-0.1136,0.9522,-0.1467,-0.1487,0.9780,-0.1387,-0.0084,0.3563,Dark,Stop Red Sphere at Superior
15.7161,5.7928,6.3963,0.0000,0.0000,0.0063,-0.1275,0.9918,-0.2655,-0.1174,0.9569,-0.1289,-0.1518,0.9800,-0.1388,-0.0084,0.3563,Dark,Stop Red Sphere at Superior
15.7274,5.7763,6.3858,0.0000,0.0000,0.0162,-0.1294,0.9915,-0.2493,-0.1201,0.9610,-0.1155,-0.1534,0.9814,-0.1388,-0.0085,0.3563,Dark,Stop Red Sphere at Superior
15.7384,5.7722,6.3808,0.0000,0.0000,-0.0018,-0.1278,0.9918,-0.2632,-0.1181,0.9575,-0.1319,-0.1511,0.9797,-0.1389,-0.0084,0.3563,Dark,
15.7495,5.7705,6.3808,0.0000,0.0000,0.0059,-0.1297,0.9915,-0.2508,-0.1206,0.9605,-0.1216,-0.1528,0.9807,-0.1389,-0.0084,0.3563,Dark,
15.7607,5.7583,6.3837,0.0000,0.0000,0.0159,-0.1327,0.9910,-0.2357,-0.1243,0.9638,-0.1087,-0.1556,0.9818,-0.1389,-0.0085,0.3562,Dark,
15.7717,5.7524,6.3874,0.0000,0.0000,0.0186,-0.1333,0.9909,-0.2307,-0.1252,0.9650,-0.1047,-0.1561,0.9822,-0.1390,-0.0084,0.3562,Dark,
15.7828,5.7477,6.3865,0.0000,0.0000,0.0221,-0.1347,0.9906,-0.2250,-0.1268,0.9661,-0.1000,-0.1574,0.9825,-0.1390,-0.0085,0.3562,Dark,
15.7942,5.7559,6.3981,0.0000,0.0000,0.0212,-0.1351,0.9906,-0.2222,-0.1273,0.9666,-0.0991,-0.1574,0.9826,-0.1390,-0.0085,0.3562,Dark,
15.8050,5.7543,6.4090,0.0000,0.0000,0.0248,-0.1361,0.9904,-0.2169,-0.1286,0.9677,-0.0946,-0.1583,0.9829,-0.1391,-0.0085,0.3563,Dark,
15.8163,5.7531,6.3948,0.0000,0.0000,0.0203,-0.1359,0.9905,-0.2199,-0.1283,0.9670,-0.0984,-0.1579,0.9825,-0.1391,-0.0085,0.3563,Dark,
15.8275,5.7491,6.3762,0.0000,0.0000,0.0185,-0.1364,0.9905,-0.2188,-0.1289,0.9672,-0.0988,-0.1581,0.9825,-0.1391,-0.0085,0.3563,Dark,
15.8386,5.7452,6.3704,0.0000,0.0000,0.0186,-0.1368,0.9904,-0.2177,-0.1294,0.9674,-0.0982,-0.1585,0.9825,-0.1392,-0.0085,0.3563,Dark,
15.8496,5.7427,6.3599,0.0000,0.0000,0.0168,-0.1372,0.9904,-0.2185,-0.1298,0.9672,-0.0995,-0.1587,0.9823,-0.1392,-0.0085,0.3563,Dark,
15.8608,5.7431,6.3487,0.0000,0.0000,0.0160,-0.1377,0.9903,-0.2181,-0.1303,0.9672,-0.0997,-0.1591,0.9822,-0.1392,-0.0085,0.3563,Dark,
15.8719,5.7421,6.3446,0.0000,0.0000,0.0146,-0.1379,0.9903,-0.2191,-0.1305,0.9669,-0.1009,-0.1593,0.9821,-0.1392,-0.0085,0.3563,Dark,
15.8834,5.7414,6.3492,0.0000,0.0000,0.0138,-0.1381,0.9903,-0.2195,-0.1307,0.9668,-0.1015,-0.1594,0.9820,-0.1392,-0.0085,0.3563,Dark,
15.8941,5.7457,6.3649,0.0000,0.0000,0.0129,-0.1379,0.9904,-0.2198,-0.1305,0.9668,-0.1021,-0.1592,0.9820,-0.1393,-0.0085,0.3563,Dark,
15.9054,5.7511,6.3741,0.0000,0.0000,0.0129,-0.1374,0.9904,-0.2197,-0.1301,0.9669,-0.1021,-0.1587,0.9820,-0.1393,-0.0085,0.3563,Dark,
15.9163,5.7557,6.3818,0.0000,0.0000,0.0130,-0.1369,0.9905,-0.2194,-0.1295,0.9670,-0.1019,-0.1581,0.9821,-0.1393,-0.0085,0.3563,Dark,
15.9275,5.7591,6.3847,0.0000,0.0000,0.0135,-0.1372,0.9905,-0.2187,-0.1299,0.9671,-0.1013,-0.1584,0.9822,-0.1394,-0.0085,0.3563,Dark,
15.9387,5.7599,6.3820,0.0000,0.0000,0.0136,-0.1373,0.9904,-0.2185,-0.1300,0.9671,-0.1011,-0.1585,0.9822,-0.1394,-0.0085,0.3563,Dark,
15.9506,5.7602,6.3900,0.0000,0.0000,0.0140,-0.1377,0.9904,-0.2181,-0.1305,0.9672,-0.1007,-0.1590,0.9821,-0.1394,-0.0085,0.3563,Dark,
15.9608,5.7643,6.4105,0.0000,0.0000,0.0145,-0.1383,0.9903,-0.2177,-0.1311,0.9672,-0.1003,-0.1596,0.9821,-0.1394,-0.0085,0.3563,Dark,
15.9722,5.7630,6.4218,0.0000,0.0000,0.0145,-0.1387,0.9902,-0.2177,-0.1316,0.9671,-0.1002,-0.1601,0.9820,-0.1395,-0.0085,0.3563,Dark,
15.9831,5.7617,6.4241,0.0000,0.0000,0.0147,-0.1391,0.9902,-0.2175,-0.1320,0.9671,-0.1001,-0.1605,0.9820,-0.1395,-0.0085,0.3562,Dark,
15.9948,5.7523,6.4220,0.0000,0.0000,0.0143,-0.1399,0.9901,-0.2180,-0.1328,0.9669,-0.1005,-0.1612,0.9818,-0.1395,-0.0086,0.3562,Dark,
16.0054,5.7487,6.4196,0.0000,0.0000,0.0140,-0.1403,0.9900,-0.2183,-0.1332,0.9667,-0.1008,-0.1617,0.9817,-0.1396,-0.0085,0.3562,Dark,
16.0176,5.7420,6.4068,0.0000,0.0000,0.0135,-0.1411,0.9899,-0.2187,-0.1340,0.9666,-0.1012,-0.1625,0.9815,-0.1396,-0.0086,0.3562,Dark,
16.0278,5.7389,6.4187,0.0000,0.0000,0.0133,-0.1414,0.9899,-0.2188,-0.1343,0.9665,-0.1014,-0.1628,0.9814,-0.1396,-0.0086,0.3562,Dark,
16.0391,5.7444,6.4289,0.0000,0.0000,0.0130,-0.1417,0.9898,-0.2192,-0.1347,0.9664,-0.1017,-0.1631,0.9813,-0.1397,-0.0085,0.3562,Dark,
16.0504,5.7719,6.4479,0.0000,0.0000,-0.0016,-0.1444,0.9895,-0.2316,-0.1370,0.9631,-0.1156,-0.1654,0.9794,-0.1397,-0.0085,0.3561,Dark,
16.0613,5.7907,6.4379,0.0000,0.0000,-0.0382,-0.1508,0.9878,-0.2712,-0.1421,0.9520,-0.1544,-0.1716,0.9730,-0.1397,-0.0085,0.3561,Dark,
16.0722,5.7941,6.4277,0.0000,0.0000,-0.0844,-0.1570,0.9840,-0.3132,-0.1469,0.9383,-0.1994,-0.1768,0.9638,-0.1397,-0.0085,0.3561,Dark,
16.0834,5.7951,6.4027,0.0000,0.0000,-0.1185,-0.1605,0.9799,-0.3479,-0.1490,0.9256,-0.2345,-0.1799,0.9553,-0.1397,-0.0085,0.3560,Dark,
16.0953,5.7725,6.3482,0.0000,0.0000,-0.1507,-0.1650,0.9747,-0.3804,-0.1521,0.9122,-0.2676,-0.1840,0.9458,-0.1397,-0.0085,0.3560,Dark,
16.1058,5.7536,6.3222,0.0000,0.0000,-0.1619,-0.1677,0.9724,-0.3923,-0.1542,0.9068,-0.2794,-0.1866,0.9419,-0.1397,-0.0084,0.3561,Dark,
16.1167,5.7398,6.3214,0.0000,0.0000,-0.1681,-0.1692,0.9711,-0.4006,-0.1551,0.9030,-0.2869,-0.1881,0.9393,-0.1397,-0.0084,0.3560,Dark,
16.1280,5.7222,6.3324,0.0000,0.0000,-0.1648,-0.1703,0.9715,-0.4029,-0.1558,0.9019,-0.2865,-0.1897,0.9391,-0.1397,-0.0084,0.3560,Dark,
16.1393,5.7174,6.3411,0.0000,0.0000,-0.1748,-0.1714,0.9696,-0.4143,-0.1562,0.8967,-0.2975,-0.1907,0.9355,-0.1397,-0.0084,0.3561,Dark,
16.1502,5.7190,6.3576,0.0000,0.0000,-0.1659,-0.1707,0.9713,-0.4118,-0.1554,0.8979,-0.2918,-0.1906,0.9373,-0.1397,-0.0084,0.3561,Dark,
16.1615,5.7231,6.3644,0.0000,0.0000,-0.1545,-0.1690,0.9734,-0.4044,-0.1539,0.9015,-0.2823,-0.1894,0.9404,-0.1397,-0.0084,0.3560,Dark,
16.1728,5.7191,6.3696,0.0000,0.0000,-0.1588,-0.1699,0.9726,-0.4104,-0.1544,0.8987,-0.2877,-0.1904,0.9386,-0.1397,-0.0084,0.3561,Dark,
16.1837,5.7177,6.3706,0.0000,0.0000,-0.1556,-0.1697,0.9731,-0.4118,-0.1540,0.8982,-0.2869,-0.1906,0.9388,-0.1397,-0.0083,0.3560,Dark,
16.1952,5.7192,6.3791,0.0000,0.0000,-0.1519,-0.1692,0.9738,-0.4109,-0.1534,0.8987,-0.2846,-0.1904,0.9396,-0.1397,-0.0083,0.3560,Dark,
16.2062,5.7120,6.3858,0.0000,0.0000,-0.1529,-0.1697,0.9736,-0.4137,-0.1537,0.8974,-0.2866,-0.1910,0.9388,-0.1396,-0.0083,0.3560,Dark,
16.2170,5.7077,6.3803,0.0000,0.0000,-0.1501,-0.1692,0.9741,-0.4150,-0.1530,0.8969,-0.2860,-0.1909,0.9390,-0.1396,-0.0083,0.3560,Dark,
16.2287,5.7086,6.3791,0.0000,0.0000,-0.1487,-0.1691,0.9743,-0.4155,-0.1528,0.8967,-0.2855,-0.1910,0.9392,-0.1396,-0.0083,0.3560,Dark,
16.2398,5.7050,6.3776,0.0000,0.0000,-0.1481,-0.1692,0.9744,-0.4166,-0.1528,0.8962,-0.2858,-0.1912,0.9390,-0.1396,-0.0083,0.3560,Dark,
16.2508,5.7068,6.3404,0.0000,0.0000,-0.1465,-0.1690,0.9747,-0.4182,-0.1525,0.8954,-0.2860,-0.1914,0.9389,-0.1396,-0.0083,0.3559,Dark,
16.2624,5.7098,6.3282,0.0000,0.0000,-0.1456,-0.1691,0.9748,-0.4188,-0.1525,0.8952,-0.2859,-0.1916,0.9389,-0.1396,-0.0083,0.3559,Dark,
16.2733,5.7091,6.3367,0.0000,0.0000,-0.1458,-0.1685,0.9749,-0.4202,-0.1519,0.8946,-0.2867,-0.1911,0.9388,-0.1396,-0.0083,0.3559,Dark,
16.2842,5.7080,6.3484,0.0000,0.0000,-0.1449,-0.1683,0.9750,-0.4219,-0.1516,0.8939,-0.2872,-0.1912,0.9386,-0.1396,-0.0083,0.3559,Dark,
16.2953,5.7070,6.3454,0.0000,0.0000,-0.1447,-0.1680,0.9751,-0.4229,-0.1512,0.8935,-0.2876,-0.1910,0.9385,-0.1397,-0.0083,0.3558,Dark,
16.3066,5.6973,6.3416,0.0000,0.0000,-0.1450,-0.1683,0.9750,-0.4243,-0.1513,0.8928,-0.2886,-0.1913,0.9382,-0.1397,-0.0082,0.3558,Dark,
16.3176,5.6837,6.2935,0.0000,0.0000,-0.1431,-0.1680,0.9753,-0.4246,-0.1509,0.8927,-0.2878,-0.1912,0.9384,-0.1397,-0.0082,0.3558,Dark,
16.3297,5.6871,6.2894,0.0000,0.0000,-0.1441,-0.1687,0.9751,-0.4263,-0.1515,0.8918,-0.2893,-0.1920,0.9378,-0.1397,-0.0082,0.3558,Dark,
16.3398,5.6970,6.2882,0.0000,0.0000,-0.1440,-0.1686,0.9751,-0.4270,-0.1514,0.8915,-0.2896,-0.1920,0.9377,-0.1397,-0.0082,0.3558,Dark,
16.3512,5.7024,6.3237,0.0000,0.0000,-0.1351,-0.1674,0.9766,-0.4207,-0.1504,0.8946,-0.2818,-0.1911,0.9403,-0.1397,-0.0082,0.3557,Dark,
16.3626,5.6984,6.3392,0.0000,0.0000,-0.1398,-0.1680,0.9758,-0.4258,-0.1508,0.8922,-0.2869,-0.1917,0.9386,-0.1398,-0.0082,0.3557,Dark,
16.3738,5.6972,6.3247,0.0000,0.0000,-0.1221,-0.1686,0.9781,-0.4113,-0.1521,0.8987,-0.2703,-0.1928,0.9433,-0.1398,-0.0082,0.3558,Dark,
16.3849,5.6934,6.3023,0.0000,0.0000,-0.1231,-0.1687,0.9779,-0.4135,-0.1521,0.8977,-0.2719,-0.1931,0.9428,-0.1398,-0.0082,0.3558,Dark,
16.3955,5.6928,6.2955,0.0000,0.0000,-0.1174,-0.1690,0.9786,-0.4092,-0.1525,0.8996,-0.2668,-0.1936,0.9441,-0.1398,-0.0082,0.3558,Dark,
16.4066,5.6936,6.2711,0.0000,0.0000,-0.1177,-0.1689,0.9786,-0.4101,-0.1523,0.8992,-0.2674,-0.1935,0.9439,-0.1398,-0.0082,0.3558,Dark,
16.4176,5.7063,6.2506,0.0000,0.0000,-0.1100,-0.1688,0.9795,-0.4043,-0.1526,0.9018,-0.2605,-0.1938,0.9458,-0.1398,-0.0082,0.3558,Dark,
16.4291,5.7071,6.2489,0.0000,0.0000,-0.1069,-0.1686,0.9799,-0.4022,-0.1524,0.9028,-0.2578,-0.1936,0.9466,-0.1398,-0.0082,0.3558,Dark,
16.4401,5.7075,6.2381,0.0000,0.0000,-0.1043,-0.1684,0.9802,-0.3999,-0.1524,0.9038,-0.2553,-0.1936,0.9473,-0.1398,-0.0082,0.3559,Dark,
16.4517,5.7068,6.2444,0.0000,0.0000,-0.1007,-0.1676,0.9807,-0.3971,-0.1518,0.9051,-0.2520,-0.1929,0.9483,-0.1398,-0.0082,0.3559,Dark,
16.4623,5.7022,6.2427,0.0000,0.0000,-0.1022,-0.1674,0.9806,-0.3986,-0.1514,0.9045,-0.2535,-0.1926,0.9479,-0.1398,-0.0083,0.3559,Dark,
16.4734,5.6952,6.2403,0.0000,0.0000,-0.1017,-0.1676,0.9806,-0.3984,-0.1517,0.9046,-0.2532,-0.1929,0.9480,-0.1398,-0.0083,0.3559,Dark,
16.4846,5.6796,6.2404,0.0000,0.0000,-0.1008,-0.1682,0.9806,-0.3980,-0.1523,0.9047,-0.2525,-0.1935,0.9480,-0.1398,-0.0083,0.3559,Dark,
16.4957,5.6714,6.2399,0.0000,0.0000,-0.0967,-0.1679,0.9811,-0.3946,-0.1522,0.9062,-0.2486,-0.1934,0.9491,-0.1398,-0.0083,0.3559,Dark,
16.5074,5.6655,6.2288,0.0000,0.0000,-0.0964,-0.1678,0.9811,-0.3943,-0.1521,0.9063,-0.2483,-0.1934,0.9492,-0.1398,-0.0083,0.3560,Dark,
16.5181,5.6892,6.2235,0.0000,0.0000,-0.0963,-0.1680,0.9811,-0.3942,-0.1523,0.9063,-0.2482,-0.1935,0.9492,-0.1398,-0.0083,0.3560,Dark,
16.5289,5.6937,6.2257,0.0000,0.0000,-0.0974,-0.1678,0.9810,-0.3952,-0.1521,0.9059,-0.2493,-0.1933,0.9489,-0.1398,-0.0083,0.3560,Dark,
16.5402,5.6973,6.2278,0.0000,0.0000,-0.0957,-0.1678,0.9812,-0.3937,-0.1522,0.9065,-0.2477,-0.1934,0.9494,-0.1398,-0.0083,0.3560,Dark,
16.5515,5.6970,6.2337,0.0000,0.0000,-0.0957,-0.1678,0.9812,-0.3939,-0.1521,0.9065,-0.2478,-0.1934,0.9493,-0.1398,-0.0083,0.3561,Dark,
16.5625,5.6989,6.2358,0.0000,0.0000,-0.0953,-0.1675,0.9812,-0.3937,-0.1519,0.9066,-0.2475,-0.1931,0.9495,-0.1398,-0.0083,0.3561,Dark,
16.5738,5.7011,6.2593,0.0000,0.0000,-0.0951,-0.1669,0.9814,-0.3936,-0.1512,0.9068,-0.2473,-0.1925,0.9496,-0.1399,-0.0083,0.3561,Dark,
16.5846,5.6946,6.2957,0.0000,0.0000,-0.0946,-0.1661,0.9816,-0.3932,-0.1505,0.9071,-0.2468,-0.1917,0.9499,-0.1399,-0.0083,0.3561,Dark,
16.5958,5.6920,6.3084,0.0000,0.0000,-0.0945,-0.1662,0.9816,-0.3931,-0.1506,0.9071,-0.2468,-0.1918,0.9499,-0.1399,-0.0083,0.3561,Dark,
16.6075,5.7012,6.3103,0.0000,0.0000,-0.0945,-0.1656,0.9817,-0.3932,-0.1500,0.9071,-0.2468,-0.1912,0.9500,-0.1399,-0.0083,0.3562,Dark,
16.6180,5.7011,6.3018,0.0000,0.0000,-0.0939,-0.1652,0.9818,-0.3928,-0.1495,0.9074,-0.2463,-0.1908,0.9502,-0.1400,-0.0083,0.3562,Dark,
16.6292,5.6990,6.2959,0.0000,0.0000,-0.0936,-0.1651,0.9818,-0.3927,-0.1495,0.9075,-0.2461,-0.1908,0.9503,-0.1400,-0.0083,0.3562,Dark,
16.6405,5.6968,6.2949,0.0000,0.0000,-0.0936,-0.1652,0.9818,-0.3927,-0.1496,0.9074,-0.2461,-0.1909,0.9503,-0.1400,-0.0083,0.3562,Dark,
16.6515,5.6885,6.2812,0.0000,0.0000,-0.0929,-0.1654,0.9818,-0.3920,-0.1499,0.9077,-0.2453,-0.1911,0.9504,-0.1401,-0.0084,0.3562,Dark,
16.6628,5.6842,6.2701,0.0000,0.0000,-0.0894,-0.1646,0.9823,-0.3891,-0.1493,0.9090,-0.2420,-0.1904,0.9514,-0.1401,-0.0084,0.3563,Dark,
16.6740,5.6837,6.2700,0.0000,0.0000,-0.0705,-0.1571,0.9851,-0.3739,-0.1426,0.9164,-0.2245,-0.1836,0.9570,-0.1401,-0.0084,0.3563,Dark,
16.6850,5.6863,6.2745,0.0000,0.0000,-0.0593,-0.1519,0.9866,-0.3624,-0.1380,0.9217,-0.2127,-0.1786,0.9607,-0.1402,-0.0084,0.3563,Dark,
16.6962,5.6905,6.2795,0.0000,0.0000,-0.0519,-0.1489,0.9875,-0.3560,-0.1354,0.9246,-0.2056,-0.1758,0.9627,-0.1402,-0.0084,0.3564,Dark,
16.7074,5.6924,6.2809,0.0000,0.0000,-0.0407,-0.1445,0.9887,-0.3415,-0.1317,0.9306,-0.1922,-0.1712,0.9663,-0.1403,-0.0084,0.3564,Dark,
16.7184,5.6906,6.3004,0.0000,0.0000,-0.0384,-0.1431,0.9890,-0.3373,-0.1306,0.9323,-0.1888,-0.1697,0.9672,-0.1403,-0.0085,0.3564,Dark,
16.7298,5.6882,6.3165,0.0000,0.0000,-0.0374,-0.1423,0.9891,-0.3349,-0.1299,0.9332,-0.1870,-0.1688,0.9677,-0.1404,-0.0085,0.3564,Dark,
16.7412,5.6863,6.3104,0.0000,0.0000,-0.0356,-0.1412,0.9893,-0.3310,-0.1291,0.9348,-0.1840,-0.1676,0.9685,-0.1405,-0.0085,0.3564,Dark,
16.7519,5.6869,6.3209,0.0000,0.0000,-0.0382,-0.1417,0.9892,-0.3323,-0.1296,0.9342,-0.1860,-0.1680,0.9681,-0.1406,-0.0085,0.3564,Dark,
16.7630,5.6803,6.3282,0.0000,0.0000,-0.0375,-0.1413,0.9893,-0.3308,-0.1293,0.9348,-0.1848,-0.1675,0.9684,-0.1407,-0.0085,0.3564,Dark,
16.7747,5.6772,6.3248,0.0000,0.0000,-0.0387,-0.1414,0.9892,-0.3298,-0.1295,0.9351,-0.1849,-0.1674,0.9684,-0.1408,-0.0085,0.3563,Dark,
16.7854,5.6796,6.3213,0.0000,0.0000,-0.0411,-0.1419,0.9890,-0.3310,-0.1301,0.9346,-0.1867,-0.1678,0.9680,-0.1409,-0.0085,0.3563,Dark,
16.7964,5.6778,6.3064,0.0000,0.0000,-0.0444,-0.1433,0.9887,-0.3323,-0.1315,0.9340,-0.1890,-0.1690,0.9673,-0.1410,-0.0085,0.3563,Dark,
16.8078,5.6832,6.2984,0.0000,0.0000,-0.0455,-0.1431,0.9887,-0.3326,-0.1314,0.9339,-0.1898,-0.1687,0.9672,-0.1410,-0.0085,0.3563,Dark,
16.8187,5.6870,6.2901,0.0000,0.0000,-0.0464,-0.1428,0.9887,-0.3324,-0.1312,0.9340,-0.1901,-0.1684,0.9672,-0.1411,-0.0085,0.3563,Dark,
16.8297,5.6766,6.2931,0.0000,0.0000,-0.0480,-0.1426,0.9886,-0.3322,-0.1310,0.9341,-0.1908,-0.1679,0.9672,-0.1412,-0.0085,0.3564,Dark,
16.8412,5.6829,6.3015,0.0000,0.0000,-0.0487,-0.1423,0.9886,-0.3321,-0.1307,0.9341,-0.1911,-0.1676,0.9672,-0.1413,-0.0084,0.3564,Dark,
16.8522,5.6880,6.3092,0.0000,0.0000,-0.0489,-0.1424,0.9886,-0.3317,-0.1308,0.9343,-0.1910,-0.1676,0.9672,-0.1413,-0.0084,0.3564,Dark,
16.8633,5.6773,6.3111,0.0000,0.0000,-0.0500,-0.1426,0.9885,-0.3309,-0.1311,0.9345,-0.1911,-0.1676,0.9672,-0.1414,-0.0085,0.3564,Dark,
16.8746,5.6729,6.3160,0.0000,0.0000,-0.0502,-0.1428,0.9885,-0.3304,-0.1313,0.9347,-0.1909,-0.1678,0.9672,-0.1414,-0.0085,0.3564,Dark,
16.8854,5.6688,6.3185,0.0000,0.0000,-0.0517,-0.1433,0.9883,-0.3311,-0.1318,0.9343,-0.1920,-0.1682,0.9669,-0.1415,-0.0085,0.3564,Dark,
16.8964,5.6513,6.3365,0.0000,0.0000,-0.0508,-0.1436,0.9883,-0.3281,-0.1322,0.9353,-0.1900,-0.1683,0.9673,-0.1415,-0.0085,0.3563,Dark,
16.9078,5.6438,6.3514,0.0000,0.0000,-0.0486,-0.1430,0.9885,-0.3256,-0.1317,0.9363,-0.1876,-0.1677,0.9678,-0.1416,-0.0085,0.3564,Dark,
16.9190,5.6380,6.3618,0.0000,0.0000,-0.0515,-0.1434,0.9883,-0.3280,-0.1321,0.9354,-0.1903,-0.1680,0.9672,-0.1416,-0.0085,0.3563,Dark,
16.9300,5.6357,6.3274,0.0000,0.0000,-0.0364,-0.1416,0.9893,-0.3062,-0.1312,0.9429,-0.1712,-0.1658,0.9712,-0.1416,-0.0085,0.3563,Dark,
16.9412,5.6365,6.3174,0.0000,0.0000,-0.0354,-0.1416,0.9893,-0.3026,-0.1315,0.9440,-0.1688,-0.1656,0.9716,-0.1416,-0.0085,0.3563,Dark,
16.9526,5.6375,6.3083,0.0000,0.0000,-0.0405,-0.1423,0.9890,-0.3052,-0.1322,0.9431,-0.1728,-0.1661,0.9708,-0.1417,-0.0086,0.3563,Dark,
16.9634,5.6343,6.3069,0.0000,0.0000,-0.0361,-0.1420,0.9892,-0.2967,-0.1323,0.9458,-0.1662,-0.1655,0.9721,-0.1417,-0.0086,0.3563,Dark,
16.9748,5.6328,6.3064,0.0000,0.0000,-0.0339,-0.1419,0.9893,-0.2924,-0.1325,0.9471,-0.1628,-0.1652,0.9727,-0.1417,-0.0086,0.3563,Dark,
16.9856,5.6163,6.2919,0.0000,0.0000,-0.0312,-0.1421,0.9894,-0.2866,-0.1329,0.9488,-0.1584,-0.1652,0.9735,-0.1417,-0.0087,0.3563,Dark,
16.9969,5.6157,6.2813,0.0000,0.0000,-0.0293,-0.1420,0.9894,-0.2837,-0.1330,0.9496,-0.1560,-0.1651,0.9739,-0.1418,-0.0087,0.3563,Dark,
17.0081,5.6160,6.2770,0.0000,0.0000,-0.0286,-0.1420,0.9895,-0.2819,-0.1331,0.9502,-0.1547,-0.1650,0.9741,-0.1418,-0.0087,0.3562,Dark,
17.0191,5.6019,6.2772,0.0000,0.0000,-0.0288,-0.1422,0.9894,-0.2806,-0.1333,0.9505,-0.1541,-0.1650,0.9742,-0.1418,-0.0087,0.3562,Dark,
17.0302,5.6035,6.2804,0.0000,0.0000,-0.0288,-0.1419,0.9895,-0.2799,-0.1331,0.9508,-0.1538,-0.1647,0.9743,-0.1418,-0.0087,0.3562,Dark,
17.0416,5.6047,6.2657,0.0000,0.0000,-0.0288,-0.1417,0.9895,-0.2794,-0.1328,0.9509,-0.1535,-0.1644,0.9744,-0.1419,-0.0087,0.3562,Dark,
17.0526,5.6033,6.2422,0.0000,0.0000,-0.0290,-0.1409,0.9896,-0.2789,-0.1321,0.9512,-0.1533,-0.1636,0.9745,-0.1419,-0.0087,0.3563,Dark,
17.0636,5.6047,6.2339,0.0000,0.0000,-0.0291,-0.1405,0.9897,-0.2788,-0.1316,0.9513,-0.1533,-0.1631,0.9746,-0.1419,-0.0087,0.3563,Dark,
17.0750,5.6054,6.2274,0.0000,0.0000,-0.0287,-0.1400,0.9897,-0.2783,-0.1311,0.9515,-0.1529,-0.1626,0.9748,-0.1420,-0.0087,0.3563,Dark,
17.0863,5.5866,6.2322,0.0000,0.0000,-0.0281,-0.1397,0.9898,-0.2778,-0.1308,0.9517,-0.1523,-0.1623,0.9749,-0.1421,-0.0087,0.3563,Dark,
17.0970,5.5865,6.2392,0.0000,0.0000,-0.0285,-0.1395,0.9898,-0.2783,-0.1305,0.9516,-0.1527,-0.1620,0.9749,-0.1421,-0.0087,0.3563,Dark,
17.1082,5.5869,6.2355,0.0000,0.0000,-0.0287,-0.1394,0.9898,-0.2786,-0.1304,0.9515,-0.1530,-0.1620,0.9749,-0.1422,-0.0087,0.3563,Dark,
17.1198,5.5878,6.2301,0.0000,0.0000,-0.0285,-0.1394,0.9898,-0.2785,-0.1304,0.9515,-0.1528,-0.1620,0.9749,-0.1423,-0.0087,0.3563,Dark,
17.1307,5.5963,6.2281,0.0000,0.0000,-0.0290,-0.1395,0.9898,-0.2791,-0.1304,0.9514,-0.1534,-0.1621,0.9748,-0.1424,-0.0087,0.3563,Dark,
17.1417,5.6027,6.2360,0.0000,0.0000,-0.0294,-0.1391,0.9898,-0.2797,-0.1300,0.9512,-0.1538,-0.1617,0.9748,-0.1425,-0.0087,0.3563,Dark,
17.1528,5.6429,6.2445,0.0000,0.0000,-0.0583,-0.1421,0.9881,-0.3103,-0.1318,0.9414,-0.1844,-0.1644,0.9690,-0.1426,-0.0087,0.3563,Dark,
17.1638,5.6326,6.2445,0.0000,0.0000,-0.0892,-0.1484,0.9849,-0.3398,-0.1370,0.9305,-0.2153,-0.1701,0.9616,-0.1428,-0.0088,0.3564,Dark,
17.1754,5.6065,6.2235,0.0000,0.0000,-0.1185,-0.1566,0.9805,-0.3708,-0.1438,0.9175,-0.2462,-0.1781,0.9527,-0.1428,-0.0087,0.3564,Dark,
17.1861,5.5926,6.2035,0.0000,0.0000,-0.1256,-0.1603,0.9790,-0.3795,-0.1470,0.9134,-0.2543,-0.1818,0.9499,-0.1430,-0.0088,0.3564,Dark,
17.1974,5.5842,6.1881,0.0000,0.0000,-0.1321,-0.1631,0.9777,-0.3867,-0.1495,0.9100,-0.2613,-0.1846,0.9474,-0.1431,-0.0088,0.3564,Dark,
17.2083,5.5796,6.1880,0.0000,0.0000,-0.1388,-0.1668,0.9762,-0.3962,-0.1525,0.9054,-0.2697,-0.1883,0.9443,-0.1432,-0.0088,0.3564,Dark,
17.2196,5.5796,6.1957,0.0000,0.0000,-0.1410,-0.1681,0.9756,-0.4001,-0.1536,0.9035,-0.2728,-0.1898,0.9432,-0.1433,-0.0088,0.3564,Dark,
17.2308,5.5823,6.2028,0.0000,0.0000,-0.1434,-0.1689,0.9751,-0.4038,-0.1543,0.9018,-0.2760,-0.1907,0.9421,-0.1434,-0.0088,0.3564,Dark,
17.2419,5.6071,6.2567,0.0000,0.0000,-0.1465,-0.1690,0.9747,-0.4076,-0.1542,0.9001,-0.2795,-0.1908,0.9410,-0.1435,-0.0088,0.3564,Dark,
17.2532,5.6261,6.2462,0.0000,0.0000,-0.1637,-0.1702,0.9717,-0.4256,-0.1544,0.8916,-0.2977,-0.1919,0.9352,-0.1436,-0.0089,0.3564,Dark,
17.2641,5.6353,6.2357,0.0000,0.0000,-0.2063,-0.1753,0.9627,-0.4600,-0.1578,0.8738,-0.3370,-0.1956,0.9210,-0.1437,-0.0089,0.3564,Dark,
17.2754,5.6472,6.1734,0.0000,0.0000,-0.2992,-0.1838,0.9363,-0.5208,-0.1640,0.8378,-0.4145,-0.2002,0.8877,-0.1438,-0.0089,0.3564,Dark,
17.2868,5.6498,6.1226,0.0000,0.0000,-0.3697,-0.1864,0.9102,-0.5799,-0.1634,0.7981,-0.4805,-0.2010,0.8537,-0.1439,-0.0089,0.3564,Dark,
17.2977,5.6495,6.0846,0.0000,0.0000,-0.3077,-0.1855,0.9332,-0.5347,-0.1644,0.8289,-0.4263,-0.2021,0.8817,-0.1440,-0.0090,0.3564,Dark,
17.3088,5.6458,5.8930,0.0000,0.0000,-0.4316,-0.1905,0.8817,-0.6398,-0.1629,0.7511,-0.5429,-0.2041,0.8146,-0.1441,-0.0089,0.3565,Dark,
17.3198,5.6645,6.0255,0.0000,0.0000,-0.5840,-0.2051,0.7854,-0.6820,-0.1864,0.7072,-0.6348,-0.2100,0.7436,-0.1441,-0.0090,0.3565,Dark,
17.3312,5.6775,6.2456,0.0000,0.0000,-0.6265,-0.2057,0.7518,-0.6801,-0.1946,0.7068,-0.6536,-0.2082,0.7277,-0.1442,-0.0090,0.3565,Dark,
17.3421,5.6747,6.2860,0.0000,0.0000,-0.6733,-0.2060,0.7101,-0.7139,-0.1962,0.6722,-0.6937,-0.2076,0.6897,-0.1443,-0.0090,0.3565,Dark,
17.3532,5.6826,6.3142,0.0000,0.0000,-0.6938,-0.2058,0.6901,-0.7275,-0.1971,0.6571,-0.7106,-0.2071,0.6724,-0.1443,-0.0090,0.3565,Dark,
17.3645,5.6964,6.5065,0.0000,0.0000,-0.6957,-0.2061,0.6881,-0.7237,-0.1989,0.6608,-0.7096,-0.2072,0.6734,-0.1444,-0.0091,0.3565,Dark,
17.3756,5.7046,6.4925,0.0000,0.0000,-0.6864,-0.2072,0.6971,-0.7133,-0.2005,0.6715,-0.6998,-0.2082,0.6834,-0.1445,-0.0091,0.3565,Dark,
17.3867,5.6933,6.4795,0.0000,0.0000,-0.6597,-0.2093,0.7218,-0.6871,-0.2031,0.6976,-0.6733,-0.2104,0.7088,-0.1445,-0.0091,0.3565,Dark,
17.3978,5.6847,6.4697,0.0000,0.0000,-0.6351,-0.2120,0.7428,-0.6617,-0.2065,0.7208,-0.6483,-0.2132,0.7309,-0.1446,-0.0091,0.3565,Dark,
17.4090,5.6872,6.4350,0.0000,0.0000,-0.6199,-0.2131,0.7552,-0.6466,-0.2078,0.7340,-0.6331,-0.2142,0.7438,-0.1446,-0.0092,0.3565,Dark,
17.4200,5.6944,6.4134,0.0000,0.0000,-0.6082,-0.2141,0.7643,-0.6347,-0.2090,0.7439,-0.6214,-0.2153,0.7534,-0.1447,-0.0092,0.3565,Dark,
17.4313,5.7093,6.4862,0.0000,0.0000,-0.5958,-0.2153,0.7738,-0.6216,-0.2106,0.7545,-0.6086,-0.2165,0.7634,-0.1447,-0.0092,0.3565,Dark,
17.4426,5.7138,6.4316,0.0000,0.0000,-0.5898,-0.2156,0.7782,-0.6154,-0.2110,0.7595,-0.6025,-0.2168,0.7681,-0.1447,-0.0092,0.3565,Dark,
17.4534,5.7169,6.3855,0.0000,0.0000,-0.5860,-0.2154,0.7812,-0.6112,-0.2110,0.7628,-0.5985,-0.2167,0.7713,-0.1448,-0.0092,0.3565,Dark,
17.4647,5.7218,6.3501,0.0000,0.0000,-0.5799,-0.2151,0.7858,-0.6046,-0.2108,0.7681,-0.5921,-0.2163,0.7763,-0.1448,-0.0092,0.3565,Dark,
17.4758,5.7242,6.3272,0.0000,0.0000,-0.5782,-0.2147,0.7871,-0.6027,-0.2105,0.7697,-0.5904,-0.2159,0.7777,-0.1448,-0.0092,0.3565,Dark,
17.4867,5.7246,6.3161,0.0000,0.0000,-0.5779,-0.2146,0.7874,-0.6021,-0.2104,0.7702,-0.5899,-0.2158,0.7781,-0.1449,-0.0092,0.3565,Dark,
17.4982,5.7223,6.2307,0.0000,0.0000,-0.5746,-0.2145,0.7898,-0.5986,-0.2104,0.7729,-0.5865,-0.2157,0.7807,-0.1449,-0.0092,0.3565,Dark,
17.5098,5.7201,6.1916,0.0000,0.0000,-0.5749,-0.2142,0.7897,-0.5986,-0.2102,0.7730,-0.5866,-0.2154,0.7807,-0.1450,-0.0092,0.3565,Dark,
17.5204,5.7085,6.1547,0.0000,0.0000,-0.5736,-0.2143,0.7907,-0.5970,-0.2103,0.7742,-0.5852,-0.2154,0.7818,-0.1450,-0.0092,0.3565,Dark,
17.5313,5.7124,6.1536,0.0000,0.0000,-0.5741,-0.2138,0.7904,-0.5974,-0.2098,0.7740,-0.5857,-0.2149,0.7815,-0.1451,-0.0091,0.3565,Dark,
17.5428,5.7161,6.2568,0.0000,0.0000,-0.5742,-0.2134,0.7905,-0.5973,-0.2095,0.7741,-0.5856,-0.2145,0.7817,-0.1451,-0.0091,0.3565,Dark,
17.5536,5.7041,6.3902,0.0000,0.0000,-0.5736,-0.2136,0.7908,-0.5966,-0.2097,0.7747,-0.5850,-0.2147,0.7821,-0.1452,-0.0092,0.3565,Dark,
17.5648,5.7094,6.4229,0.0000,0.0000,-0.5737,-0.2133,0.7908,-0.5966,-0.2095,0.7747,-0.5850,-0.2145,0.7821,-0.1452,-0.0091,0.3564,Dark,
17.5765,5.7136,6.4150,0.0000,0.0000,-0.5729,-0.2129,0.7914,-0.5958,-0.2091,0.7754,-0.5843,-0.2141,0.7828,-0.1452,-0.0091,0.3564,Dark,
17.5871,5.7163,6.3940,0.0000,0.0000,-0.5723,-0.2129,0.7920,-0.5950,-0.2091,0.7760,-0.5835,-0.2141,0.7834,-0.1453,-0.0091,0.3564,Dark,
17.5987,5.7136,6.3940,0.0000,0.0000,-0.5714,-0.2127,0.7926,-0.5942,-0.2089,0.7767,-0.5827,-0.2138,0.7841,-0.1453,-0.0091,0.3564,Dark,
17.6099,5.7104,6.3518,0.0000,0.0000,-0.5705,-0.2126,0.7933,-0.5933,-0.2089,0.7774,-0.5818,-0.2138,0.7847,-0.1453,-0.0091,0.3564,Dark,
17.6205,5.7098,6.2904,0.0000,0.0000,-0.5692,-0.2128,0.7942,-0.5919,-0.2091,0.7784,-0.5804,-0.2140,0.7857,-0.1453,-0.0091,0.3564,Dark,
17.6318,5.7145,6.2674,0.0000,0.0000,-0.5691,-0.2127,0.7943,-0.5918,-0.2090,0.7785,-0.5803,-0.2139,0.7858,-0.1453,-0.0092,0.3564,Dark,
17.6431,5.7188,6.2087,0.0000,0.0000,-0.5690,-0.2127,0.7944,-0.5916,-0.2090,0.7787,-0.5802,-0.2139,0.7859,-0.1454,-0.0092,0.3564,Dark,
17.6546,5.7052,6.1368,0.0000,0.0000,-0.5682,-0.2130,0.7948,-0.5908,-0.2093,0.7792,-0.5794,-0.2142,0.7864,-0.1454,-0.0093,0.3563,Dark,
17.6654,5.6993,6.1354,0.0000,0.0000,-0.5681,-0.2131,0.7949,-0.5907,-0.2094,0.7793,-0.5793,-0.2142,0.7865,-0.1454,-0.0093,0.3563,Dark,
17.6767,5.6902,6.1356,0.0000,0.0000,-0.5677,-0.2132,0.7951,-0.5903,-0.2095,0.7795,-0.5789,-0.2143,0.7867,-0.1455,-0.0093,0.3563,Dark,
17.6880,5.6908,6.1381,0.0000,0.0000,-0.5675,-0.2131,0.7954,-0.5900,-0.2094,0.7797,-0.5786,-0.2143,0.7869,-0.1455,-0.0093,0.3563,Dark,
17.6988,5.6927,6.0972,0.0000,0.0000,-0.5672,-0.2130,0.7956,-0.5898,-0.2093,0.7800,-0.5784,-0.2141,0.7872,-0.1456,-0.0094,0.3563,Dark,
17.7100,5.6867,6.0615,0.0000,0.0000,-0.5662,-0.2126,0.7964,-0.5888,-0.2089,0.7808,-0.5774,-0.2137,0.7880,-0.1456,-0.0093,0.3563,Dark,
17.7214,5.6677,5.9228,0.0000,0.0000,-0.5499,-0.2108,0.8082,-0.5732,-0.2073,0.7928,-0.5614,-0.2120,0.7999,-0.1456,-0.0093,0.3562,Dark,
17.7320,5.6562,5.9335,0.0000,0.0000,-0.5140,-0.2082,0.8322,-0.5386,-0.2049,0.8173,-0.5262,-0.2096,0.8241,-0.1456,-0.0093,0.3562,Dark,
17.7434,5.6023,5.9546,0.0000,0.0000,-0.4930,-0.2100,0.8443,-0.5184,-0.2068,0.8298,-0.5056,-0.2115,0.8365,-0.1456,-0.0093,0.3562,Dark,
17.7542,5.5806,5.9609,0.0000,0.0000,-0.4546,-0.2133,0.8647,-0.4813,-0.2103,0.8510,-0.4679,-0.2150,0.8573,-0.1457,-0.0093,0.3562,Dark,
17.7655,5.5648,5.9829,0.0000,0.0000,-0.4287,-0.2158,0.8773,-0.4561,-0.2129,0.8641,-0.4423,-0.2175,0.8701,-0.1457,-0.0093,0.3562,Dark,
17.7769,5.5429,5.9959,0.0000,0.0000,-0.3895,-0.2175,0.8950,-0.4239,-0.2143,0.8800,-0.4065,-0.2198,0.8868,-0.1457,-0.0093,0.3562,Dark,
17.7880,5.5463,5.9969,0.0000,0.0000,-0.3763,-0.2176,0.9006,-0.4145,-0.2142,0.8845,-0.3953,-0.2202,0.8918,-0.1457,-0.0093,0.3563,Dark,
17.7992,5.5572,6.0111,0.0000,0.0000,-0.3629,-0.2170,0.9062,-0.4092,-0.2130,0.8872,-0.3859,-0.2202,0.8959,-0.1457,-0.0093,0.3563,Dark,
17.8102,5.5633,6.0169,0.0000,0.0000,-0.3575,-0.2164,0.9085,-0.4083,-0.2121,0.8879,-0.3828,-0.2199,0.8973,-0.1457,-0.0093,0.3563,Dark,
17.8212,5.5664,6.0219,0.0000,0.0000,-0.3533,-0.2162,0.9102,-0.4089,-0.2115,0.8877,-0.3810,-0.2200,0.8980,-0.1457,-0.0093,0.3563,Dark,
17.8322,5.5735,6.0196,0.0000,0.0000,-0.3465,-0.2153,0.9130,-0.4128,-0.2098,0.8864,-0.3796,-0.2199,0.8986,-0.1457,-0.0094,0.3563,Dark,
17.8437,5.5777,6.0204,0.0000,0.0000,-0.3434,-0.2148,0.9143,-0.4155,-0.2088,0.8853,-0.3795,-0.2198,0.8987,-0.1457,-0.0094,0.3563,Dark,
17.8548,5.5851,6.0210,0.0000,0.0000,-0.3401,-0.2140,0.9157,-0.4185,-0.2075,0.8842,-0.3794,-0.2196,0.8988,-0.1457,-0.0094,0.3563,Dark,
17.8657,5.5941,6.0200,0.0000,0.0000,-0.3332,-0.2124,0.9186,-0.4250,-0.2048,0.8817,-0.3793,-0.2189,0.8990,-0.1457,-0.0094,0.3564,Dark,
17.8769,5.5958,6.0211,0.0000,0.0000,-0.3293,-0.2118,0.9202,-0.4285,-0.2036,0.8803,-0.3792,-0.2188,0.8991,-0.1456,-0.0095,0.3564,Dark,
17.8880,5.5905,6.0218,0.0000,0.0000,-0.3264,-0.2119,0.9212,-0.4331,-0.2030,0.8782,-0.3801,-0.2195,0.8985,-0.1456,-0.0095,0.3564,Dark,
17.8992,5.5868,6.0348,0.0000,0.0000,-0.3158,-0.2115,0.9250,-0.4388,-0.2013,0.8757,-0.3780,-0.2203,0.8992,-0.1456,-0.0095,0.3565,Dark,
17.9106,5.5883,6.0521,0.0000,0.0000,-0.3108,-0.2113,0.9267,-0.4424,-0.2005,0.8741,-0.3774,-0.2208,0.8993,-0.1455,-0.0095,0.3565,Dark,
17.9215,5.5994,6.0660,0.0000,0.0000,-0.3061,-0.2102,0.9285,-0.4464,-0.1987,0.8725,-0.3772,-0.2204,0.8995,-0.1455,-0.0096,0.3565,Dark,
17.9325,5.6171,6.0853,0.0000,0.0000,-0.2955,-0.2082,0.9324,-0.4537,-0.1953,0.8695,-0.3760,-0.2198,0.9002,-0.1455,-0.0096,0.3565,Dark,
17.9437,5.6227,6.0840,0.0000,0.0000,-0.2905,-0.2072,0.9342,-0.4577,-0.1936,0.8677,-0.3757,-0.2195,0.9004,-0.1454,-0.0095,0.3566,Dark,
17.9548,5.6230,6.0815,0.0000,0.0000,-0.2851,-0.2065,0.9360,-0.4614,-0.1921,0.8661,-0.3751,-0.2195,0.9006,-0.1454,-0.0096,0.3566,Dark,
17.9659,5.6259,6.0723,0.0000,0.0000,-0.2748,-0.2053,0.9393,-0.4691,-0.1896,0.8625,-0.3744,-0.2198,0.9008,-0.1454,-0.0095,0.3566,Dark,
17.9771,5.6291,6.0890,0.0000,0.0000,-0.2699,-0.2049,0.9408,-0.4730,-0.1885,0.8607,-0.3741,-0.2201,0.9009,-0.1453,-0.0095,0.3566,Dark,
17.9881,5.6286,6.1036,0.0000,0.0000,-0.2649,-0.2042,0.9424,-0.4766,-0.1871,0.8590,-0.3737,-0.2201,0.9011,-0.1453,-0.0095,0.3566,Dark,
17.9995,5.6656,6.1309,0.0000,0.0000,-0.2568,-0.2025,0.9450,-0.4845,-0.1842,0.8552,-0.3742,-0.2197,0.9009,-0.1452,-0.0095,0.3567,Dark,
18.0104,5.6964,6.1334,0.0000,0.0000,-0.2554,-0.2008,0.9457,-0.4907,-0.1818,0.8521,-0.3770,-0.2187,0.9000,-0.1452,-0.0095,0.3567,Dark,
18.0217,5.7169,6.1332,0.0000,0.0000,-0.2552,-0.2006,0.9458,-0.4969,-0.1809,0.8487,-0.3804,-0.2190,0.8985,-0.1452,-0.0096,0.3567,Dark,
18.0329,5.7239,6.1609,0.0000,0.0000,-0.2521,-0.2009,0.9466,-0.5067,-0.1798,0.8432,-0.3844,-0.2202,0.8965,-0.1452,-0.0096,0.3567,Dark,
18.0443,5.7129,6.1543,0.0000,0.0000,-0.2495,-0.2015,0.9472,-0.5103,-0.1798,0.8410,-0.3852,-0.2214,0.8959,-0.1451,-0.0096,0.3567,Dark,
18.0554,5.6920,6.1656,0.0000,0.0000,-0.2463,-0.2026,0.9478,-0.5181,-0.1798,0.8362,-0.3881,-0.2233,0.8942,-0.1451,-0.0096,0.3567,Dark,
18.0661,5.7049,6.1789,0.0000,0.0000,-0.2456,-0.2027,0.9479,-0.5221,-0.1793,0.8338,-0.3901,-0.2238,0.8932,-0.1451,-0.0096,0.3567,Dark,
18.0773,5.7176,6.1707,0.0000,0.0000,-0.2448,-0.2027,0.9482,-0.5259,-0.1788,0.8316,-0.3918,-0.2241,0.8923,-0.1450,-0.0097,0.3567,Dark,
18.0896,5.7376,6.1807,0.0000,0.0000,-0.2438,-0.2030,0.9483,-0.5328,-0.1781,0.8273,-0.3954,-0.2250,0.8905,-0.1451,-0.0097,0.3567,Dark,
18.0995,5.7348,6.1927,0.0000,0.0000,-0.2417,-0.2032,0.9488,-0.5347,-0.1780,0.8261,-0.3955,-0.2256,0.8903,-0.1450,-0.0097,0.3567,Dark,
18.1109,5.7305,6.2124,0.0000,0.0000,-0.2396,-0.2035,0.9493,-0.5366,-0.1779,0.8249,-0.3956,-0.2262,0.8901,-0.1450,-0.0097,0.3567,Dark,
18.1219,5.7309,6.2296,0.0000,0.0000,-0.2394,-0.2038,0.9493,-0.5395,-0.1779,0.8230,-0.3972,-0.2268,0.8893,-0.1450,-0.0097,0.3566,Dark,
18.1331,5.7472,6.2257,0.0000,0.0000,-0.2383,-0.2040,0.9495,-0.5442,-0.1774,0.8200,-0.3995,-0.2274,0.8881,-0.1450,-0.0097,0.3566,Dark,
18.1441,5.7606,6.2276,0.0000,0.0000,-0.2375,-0.2037,0.9498,-0.5462,-0.1768,0.8188,-0.4003,-0.2273,0.8878,-0.1450,-0.0097,0.3566,Dark,
18.1556,5.7731,6.2276,0.0000,0.0000,-0.2357,-0.2035,0.9503,-0.5493,-0.1762,0.8168,-0.4012,-0.2276,0.8872,-0.1450,-0.0097,0.3566,Dark,
18.1665,5.7701,6.2279,0.0000,0.0000,-0.2348,-0.2033,0.9505,-0.5506,-0.1758,0.8160,-0.4016,-0.2276,0.8871,-0.1450,-0.0097,0.3566,Dark,
18.1775,5.7662,6.2296,0.0000,0.0000,-0.2354,-0.2034,0.9504,-0.5529,-0.1756,0.8145,-0.4033,-0.2278,0.8863,-0.1450,-0.0096,0.3567,Dark,
18.1885,5.7700,6.2269,0.0000,0.0000,-0.2332,-0.2031,0.9510,-0.5530,-0.1752,0.8145,-0.4023,-0.2277,0.8867,-0.1450,-0.0096,0.3567,Dark,
18.1996,5.7724,6.2369,0.0000,0.0000,-0.2322,-0.2034,0.9512,-0.5554,-0.1750,0.8130,-0.4033,-0.2283,0.8862,-0.1450,-0.0096,0.3567,Dark,
18.2111,5.7714,6.2135,0.0000,0.0000,-0.2317,-0.2037,0.9512,-0.5564,-0.1751,0.8123,-0.4037,-0.2286,0.8859,-0.1450,-0.0096,0.3567,Dark,
18.2222,5.7707,6.1937,0.0000,0.0000,-0.2316,-0.2040,0.9512,-0.5576,-0.1752,0.8114,-0.4043,-0.2290,0.8855,-0.1449,-0.0097,0.3567,Dark,
18.2332,5.7613,6.1955,0.0000,0.0000,-0.2308,-0.2050,0.9512,-0.5593,-0.1758,0.8101,-0.4050,-0.2302,0.8849,-0.1449,-0.0096,0.3567,Dark,
18.2442,5.7678,6.2115,0.0000,0.0000,-0.2302,-0.2050,0.9513,-0.5600,-0.1757,0.8097,-0.4051,-0.2303,0.8848,-0.1449,-0.0096,0.3567,Dark,
18.2555,5.7796,6.1968,0.0000,0.0000,-0.2291,-0.2055,0.9515,-0.5608,-0.1760,0.8090,-0.4051,-0.2310,0.8846,-0.1449,-0.0096,0.3567,Dark,
18.2665,5.7840,6.2617,0.0000,0.0000,-0.2289,-0.2058,0.9515,-0.5609,-0.1762,0.8089,-0.4051,-0.2312,0.8846,-0.1448,-0.0096,0.3567,Dark,
18.2778,5.8218,6.3139,0.0000,0.0000,-0.2253,-0.2050,0.9525,-0.5594,-0.1755,0.8101,-0.4025,-0.2307,0.8858,-0.1448,-0.0096,0.3567,Dark,
18.2888,5.8275,6.3251,0.0000,0.0000,-0.2033,-0.1998,0.9585,-0.5370,-0.1727,0.8257,-0.3791,-0.2262,0.8973,-0.1448,-0.0096,0.3566,Dark,
18.2999,5.8050,6.3441,0.0000,0.0000,-0.1716,-0.1956,0.9656,-0.4964,-0.1725,0.8508,-0.3406,-0.2220,0.9136,-0.1447,-0.0096,0.3566,Dark,
18.3113,5.7788,6.3538,0.0000,0.0000,-0.1402,-0.1904,0.9716,-0.4707,-0.1695,0.8659,-0.3109,-0.2182,0.9251,-0.1447,-0.0096,0.3566,Dark,
18.3227,5.7583,6.3452,0.0000,0.0000,-0.0506,-0.1736,0.9835,-0.3658,-0.1602,0.9168,-0.2090,-0.2021,0.9568,-0.1447,-0.0096,0.3566,Dark,
18.3334,5.7660,6.3411,0.0000,0.0000,-0.0176,-0.1654,0.9861,-0.3229,-0.1545,0.9337,-0.1696,-0.1937,0.9663,-0.1447,-0.0096,0.3566,Dark,
18.3447,5.7843,6.3362,0.0000,0.0000,0.0075,-0.1593,0.9872,-0.2937,-0.1499,0.9441,-0.1415,-0.1877,0.9720,-0.1447,-0.0096,0.3565,Dark,
18.3560,5.8081,6.3367,0.0000,0.0000,0.0457,-0.1482,0.9879,-0.2466,-0.1406,0.9589,-0.0975,-0.1764,0.9795,-0.1447,-0.0096,0.3565,Dark,
18.3669,5.8130,6.3310,0.0000,0.0000,0.0464,-0.1474,0.9880,-0.2424,-0.1399,0.9600,-0.0950,-0.1752,0.9799,-0.1447,-0.0096,0.3565,Dark,
18.3785,5.8157,6.3266,0.0000,0.0000,0.0608,-0.1433,0.9878,-0.2241,-0.1365,0.9649,-0.0782,-0.1710,0.9822,-0.1447,-0.0095,0.3565,Dark,
18.3891,5.8216,6.3239,0.0000,0.0000,0.0622,-0.1417,0.9880,-0.2180,-0.1351,0.9665,-0.0744,-0.1690,0.9828,-0.1447,-0.0096,0.3564,Dark,
18.4004,5.8250,6.3346,0.0000,0.0000,0.0525,-0.1440,0.9882,-0.2266,-0.1372,0.9643,-0.0839,-0.1711,0.9817,-0.1447,-0.0096,0.3564,Dark,
18.4114,5.8245,6.3442,0.0000,0.0000,0.0579,-0.1427,0.9881,-0.2193,-0.1361,0.9661,-0.0774,-0.1696,0.9825,-0.1447,-0.0095,0.3564,Dark,
18.4227,5.8412,6.3434,0.0000,0.0000,0.0467,-0.1458,0.9882,-0.2288,-0.1389,0.9635,-0.0881,-0.1724,0.9811,-0.1447,-0.0096,0.3564,Dark,
18.4337,5.8557,6.3618,0.0000,0.0000,0.0448,-0.1462,0.9882,-0.2300,-0.1393,0.9632,-0.0897,-0.1727,0.9809,-0.1447,-0.0096,0.3564,Dark,
18.4446,5.8615,6.3763,0.0000,0.0000,0.0433,-0.1465,0.9883,-0.2309,-0.1395,0.9629,-0.0909,-0.1729,0.9807,-0.1447,-0.0096,0.3564,Dark,
18.4559,5.8776,6.3960,0.0000,0.0000,0.0410,-0.1466,0.9883,-0.2322,-0.1396,0.9626,-0.0928,-0.1729,0.9806,-0.1447,-0.0096,0.3564,Dark,
18.4674,5.8859,6.3985,0.0000,0.0000,0.0396,-0.1465,0.9884,-0.2332,-0.1394,0.9624,-0.0941,-0.1727,0.9805,-0.1446,-0.0096,0.3565,Dark,
18.4782,5.8868,6.3984,0.0000,0.0000,0.0395,-0.1461,0.9885,-0.2328,-0.1391,0.9625,-0.0939,-0.1722,0.9806,-0.1446,-0.0096,0.3565,Dark,
18.4891,5.9052,6.3983,0.0000,0.0000,0.0384,-0.1451,0.9887,-0.2328,-0.1381,0.9627,-0.0945,-0.1711,0.9807,-0.1447,-0.0096,0.3565,Dark,
18.5004,5.9188,6.4082,0.0000,0.0000,0.0385,-0.1445,0.9888,-0.2323,-0.1375,0.9629,-0.0942,-0.1705,0.9809,-0.1447,-0.0096,0.3565,Dark,
18.5114,5.9228,6.4168,0.0000,0.0000,0.0387,-0.1441,0.9888,-0.2317,-0.1372,0.9631,-0.0938,-0.1701,0.9810,-0.1447,-0.0096,0.3566,Dark,
18.5226,5.9235,6.4163,0.0000,0.0000,0.0328,-0.1461,0.9887,-0.2371,-0.1391,0.9615,-0.0996,-0.1720,0.9801,-0.1447,-0.0097,0.3566,Dark,
18.5337,5.9203,6.4297,0.0000,0.0000,0.0287,-0.1479,0.9886,-0.2411,-0.1407,0.9603,-0.1037,-0.1737,0.9793,-0.1447,-0.0097,0.3566,Dark,
18.5449,5.9226,6.4403,0.0000,0.0000,0.0252,-0.1491,0.9885,-0.2445,-0.1419,0.9592,-0.1073,-0.1749,0.9787,-0.1447,-0.0097,0.3566,Dark,
18.5560,5.9202,6.4386,0.0000,0.0000,0.0168,-0.1524,0.9882,-0.2525,-0.1450,0.9567,-0.1157,-0.1780,0.9772,-0.1447,-0.0098,0.3567,Dark,
18.5673,5.9159,6.4403,0.0000,0.0000,0.0126,-0.1544,0.9879,-0.2566,-0.1468,0.9553,-0.1200,-0.1799,0.9763,-0.1447,-0.0098,0.3567,Dark,
18.5787,5.9146,6.4404,0.0000,0.0000,0.0084,-0.1563,0.9877,-0.2606,-0.1486,0.9539,-0.1242,-0.1818,0.9755,-0.1447,-0.0099,0.3567,Dark,
18.5895,5.9132,6.4362,0.0000,0.0000,0.0013,-0.1594,0.9872,-0.2672,-0.1515,0.9516,-0.1313,-0.1847,0.9740,-0.1447,-0.0099,0.3568,Dark,
18.6006,5.9139,6.4221,0.0000,0.0000,-0.0015,-0.1609,0.9870,-0.2698,-0.1529,0.9507,-0.1340,-0.1862,0.9733,-0.1447,-0.0099,0.3568,Dark,
18.6117,5.9007,6.4101,0.0000,0.0000,-0.0044,-0.1625,0.9867,-0.2726,-0.1545,0.9497,-0.1370,-0.1877,0.9726,-0.1447,-0.0100,0.3569,Dark,
18.6234,5.8872,6.4024,0.0000,0.0000,-0.0098,-0.1648,0.9863,-0.2776,-0.1566,0.9478,-0.1423,-0.1899,0.9714,-0.1447,-0.0100,0.3569,Dark,
18.6341,5.8860,6.3955,0.0000,0.0000,-0.0119,-0.1659,0.9861,-0.2797,-0.1576,0.9471,-0.1445,-0.1910,0.9709,-0.1447,-0.0100,0.3569,Dark,
18.6451,5.8832,6.3842,0.0000,0.0000,-0.0143,-0.1670,0.9858,-0.2820,-0.1587,0.9462,-0.1469,-0.1921,0.9703,-0.1447,-0.0101,0.3570,Dark,Start Red Sphere at Inferior for 0.5s
18.6567,5.8783,6.3783,0.0000,0.0000,-0.0158,-0.1679,0.9857,-0.2835,-0.1595,0.9456,-0.1484,-0.1929,0.9699,-0.1447,-0.0101,0.3570,Dark,Start Red Sphere at Inferior for 0.5s
18.6675,5.8736,6.3718,0.0000,0.0000,-0.0173,-0.1686,0.9855,-0.2852,-0.1601,0.9450,-0.1501,-0.1936,0.9695,-0.1447,-0.0102,0.3571,Dark,Start Red Sphere at Inferior for 0.5s
18.6787,5.8572,6.3687,0.0000,0.0000,-0.0196,-0.1695,0.9853,-0.2878,-0.1609,0.9441,-0.1526,-0.1945,0.9689,-0.1447,-0.0102,0.3571,Dark,Start Red Sphere at Inferior for 0.5s
18.6897,5.8461,6.3706,0.0000,0.0000,-0.0207,-0.1704,0.9851,-0.2892,-0.1618,0.9435,-0.1539,-0.1955,0.9686,-0.1446,-0.0103,0.3572,Dark,Start Red Sphere at Inferior for 0.5s
18.7009,5.8378,6.3628,0.0000,0.0000,-0.0226,-0.1723,0.9848,-0.2913,-0.1636,0.9425,-0.1560,-0.1973,0.9678,-0.1446,-0.0104,0.3572,Dark,Start Red Sphere at Inferior for 0.5s
18.7121,5.8426,6.3656,0.0000,0.0000,-0.0288,-0.1942,0.9805,-0.2974,-0.1855,0.9366,-0.1621,-0.2193,0.9621,-0.1446,-0.0104,0.3573,Dark,Start Red Sphere at Inferior for 0.5s
18.7232,5.8457,6.3736,0.0000,0.0000,-0.0303,-0.1841,0.9824,-0.2982,-0.1753,0.9383,-0.1634,-0.2090,0.9642,-0.1445,-0.0105,0.3573,Dark,Start Red Sphere at Inferior for 0.5s
18.7348,5.8409,6.3349,0.0000,0.0000,-0.0197,-0.2088,0.9778,-0.2896,-0.2008,0.9358,-0.1534,-0.2345,0.9599,-0.1445,-0.0106,0.3574,Dark,Start Red Sphere at Inferior for 0.5s
18.7458,5.8381,6.3213,0.0000,0.0000,-0.0258,-0.2029,0.9789,-0.2969,-0.1944,0.9349,-0.1604,-0.2285,0.9603,-0.1444,-0.0106,0.3574,Dark,Start Red Sphere at Inferior for 0.5s
18.7566,5.8350,6.3127,0.0000,0.0000,-0.0223,-0.2093,0.9776,-0.2940,-0.2011,0.9344,-0.1570,-0.2351,0.9592,-0.1444,-0.0107,0.3575,Dark,Start Red Sphere at Inferior for 0.5s
18.7679,5.8251,6.3058,0.0000,0.0000,-0.0183,-0.2126,0.9770,-0.2907,-0.2046,0.9347,-0.1533,-0.2385,0.9590,-0.1444,-0.0107,0.3575,Dark,Start Red Sphere at Inferior for 0.5s
18.7791,5.8116,6.2944,0.0000,0.0000,-0.0124,-0.2183,0.9758,-0.2861,-0.2107,0.9348,-0.1478,-0.2446,0.9583,-0.1443,-0.0108,0.3575,Dark,Start Red Sphere at Inferior for 0.5s
18.7901,5.8075,6.2920,0.0000,0.0000,-0.0100,-0.2193,0.9756,-0.2842,-0.2118,0.9351,-0.1456,-0.2457,0.9584,-0.1443,-0.0108,0.3575,Dark,Start Red Sphere at Inferior for 0.5s
18.8014,5.8062,6.2867,0.0000,0.0000,-0.0070,-0.2224,0.9749,-0.2824,-0.2151,0.9349,-0.1432,-0.2490,0.9579,-0.1443,-0.0109,0.3575,Dark,Start Red Sphere at Inferior for 0.5s
18.8123,5.8086,6.2845,0.0000,0.0000,-0.0055,-0.2220,0.9750,-0.2815,-0.2148,0.9352,-0.1419,-0.2488,0.9581,-0.1443,-0.0109,0.3576,Dark,Start Red Sphere at Inferior for 0.5s
18.8234,5.8107,6.2840,0.0000,0.0000,-0.0043,-0.2194,0.9756,-0.2809,-0.2122,0.9360,-0.1410,-0.2462,0.9589,-0.1443,-0.0109,0.3576,Dark,Start Red Sphere at Inferior for 0.5s
18.8349,5.8065,6.2865,0.0000,0.0000,-0.0021,-0.2171,0.9761,-0.2799,-0.2099,0.9368,-0.1393,-0.2441,0.9597,-0.1443,-0.0108,0.3576,Dark,Start Red Sphere at Inferior for 0.5s
18.8458,5.8105,6.2890,0.0000,0.0000,-0.0012,-0.2158,0.9764,-0.2798,-0.2086,0.9371,-0.1388,-0.2428,0.9601,-0.1443,-0.0108,0.3576,Dark,Start Red Sphere at Inferior for 0.5s
18.8568,5.8139,6.2898,0.0000,0.0000,-0.0004,-0.2145,0.9767,-0.2796,-0.2072,0.9375,-0.1383,-0.2415,0.9605,-0.1444,-0.0108,0.3576,Dark,Start Red Sphere at Inferior for 0.5s
18.8681,5.8019,6.2913,0.0000,0.0000,0.0008,-0.2127,0.9771,-0.2796,-0.2053,0.9379,-0.1377,-0.2398,0.9610,-0.1443,-0.0108,0.3576,Dark,Start Red Sphere at Inferior for 0.5s
18.8794,5.8033,6.2919,0.0000,0.0000,0.0013,-0.2121,0.9773,-0.2798,-0.2047,0.9380,-0.1376,-0.2393,0.9612,-0.1443,-0.0108,0.3576,Dark,Start Red Sphere at Inferior for 0.5s
18.8905,5.8043,6.2948,0.0000,0.0000,0.0018,-0.2117,0.9773,-0.2799,-0.2043,0.9380,-0.1373,-0.2390,0.9613,-0.1443,-0.0108,0.3576,Dark,Start Red Sphere at Inferior for 0.5s
18.9017,5.8167,6.2959,0.0000,0.0000,0.0028,-0.2108,0.9775,-0.2802,-0.2033,0.9382,-0.1370,-0.2382,0.9615,-0.1443,-0.0108,0.3576,Dark,Start Red Sphere at Inferior for 0.5s
18.9126,5.8146,6.2945,0.0000,0.0000,0.0036,-0.2104,0.9776,-0.2800,-0.2029,0.9383,-0.1364,-0.2378,0.9617,-0.1443,-0.0108,0.3576,Dark,Start Red Sphere at Inferior for 0.5s
18.9236,5.8119,6.2950,0.0000,0.0000,0.0040,-0.2105,0.9776,-0.2801,-0.2030,0.9383,-0.1363,-0.2380,0.9617,-0.1443,-0.0108,0.3575,Dark,Start Red Sphere at Inferior for 0.5s
18.9351,5.8063,6.2907,0.0000,0.0000,0.0049,-0.2102,0.9776,-0.2801,-0.2027,0.9383,-0.1358,-0.2378,0.9618,-0.1443,-0.0108,0.3575,Dark,Start Red Sphere at Inferior for 0.5s
18.9467,5.8082,6.2871,0.0000,0.0000,0.0053,-0.2103,0.9776,-0.2802,-0.2028,0.9383,-0.1357,-0.2380,0.9618,-0.1442,-0.0108,0.3575,Dark,Start Red Sphere at Inferior for 0.5s
18.9570,5.8106,6.2835,0.0000,0.0000,0.0058,-0.2104,0.9776,-0.2800,-0.2029,0.9383,-0.1353,-0.2382,0.9618,-0.1442,-0.0108,0.3575,Dark,Start Red Sphere at Inferior for 0.5s
18.9684,5.8082,6.2812,0.0000,0.0000,0.0066,-0.2100,0.9777,-0.2799,-0.2026,0.9384,-0.1349,-0.2379,0.9619,-0.1442,-0.0108,0.3574,Dark,Start Red Sphere at Inferior for 0.5s
18.9795,5.8104,6.2822,0.0000,0.0000,0.0075,-0.2097,0.9777,-0.2795,-0.2023,0.9386,-0.1342,-0.2376,0.9620,-0.1442,-0.0108,0.3574,Dark,Start Red Sphere at Inferior for 0.5s
18.9906,5.8121,6.2809,0.0000,0.0000,0.0082,-0.2095,0.9778,-0.2793,-0.2021,0.9387,-0.1337,-0.2375,0.9621,-0.1442,-0.0108,0.3574,Dark,Start Red Sphere at Inferior for 0.5s
19.0019,5.7897,6.2626,0.0000,0.0000,0.0095,-0.2092,0.9778,-0.2790,-0.2019,0.9388,-0.1329,-0.2373,0.9623,-0.1442,-0.0108,0.3573,Dark,Start Red Sphere at Inferior for 0.5s
19.0128,5.7860,6.2481,0.0000,0.0000,0.0102,-0.2089,0.9779,-0.2789,-0.2017,0.9389,-0.1325,-0.2371,0.9624,-0.1442,-0.0108,0.3573,Dark,Start Red Sphere at Inferior for 0.5s
19.0238,5.7833,6.2356,0.0000,0.0000,0.0109,-0.2086,0.9779,-0.2786,-0.2013,0.9391,-0.1320,-0.2369,0.9625,-0.1442,-0.0108,0.3572,Dark,Start Red Sphere at Inferior for 0.5s
19.0357,5.7428,6.2108,0.0000,0.0000,0.0116,-0.2083,0.9780,-0.2788,-0.2010,0.9391,-0.1317,-0.2366,0.9626,-0.1442,-0.0108,0.3572,Dark,Start Red Sphere at Inferior for 0.5s
19.0463,5.7331,6.1996,0.0000,0.0000,0.0122,-0.2081,0.9780,-0.2788,-0.2008,0.9391,-0.1314,-0.2365,0.9627,-0.1442,-0.0108,0.3571,Dark,Start Red Sphere at Inferior for 0.5s
19.0572,5.7257,6.1837,0.0000,0.0000,0.0125,-0.2077,0.9781,-0.2789,-0.2004,0.9392,-0.1313,-0.2362,0.9628,-0.1442,-0.0108,0.3571,Dark,Start Red Sphere at Inferior for 0.5s
19.0685,5.6948,6.1662,0.0000,0.0000,0.0134,-0.2072,0.9782,-0.2789,-0.1999,0.9393,-0.1308,-0.2357,0.9630,-0.1442,-0.0108,0.3571,Dark,Start Red Sphere at Inferior for 0.5s
19.0796,5.6879,6.1638,0.0000,0.0000,0.0137,-0.2069,0.9783,-0.2790,-0.1996,0.9393,-0.1307,-0.2355,0.9630,-0.1442,-0.0108,0.3571,Dark,Start Red Sphere at Inferior for 0.5s
19.0913,5.6825,6.1489,0.0000,0.0000,0.0141,-0.2066,0.9783,-0.2789,-0.1993,0.9394,-0.1304,-0.2353,0.9631,-0.1442,-0.0108,0.3570,Dark,Start Red Sphere at Inferior for 0.5s
19.1022,5.6569,6.1397,0.0000,0.0000,0.0150,-0.2061,0.9784,-0.2788,-0.1988,0.9396,-0.1299,-0.2348,0.9633,-0.1442,-0.0108,0.3570,Dark,Start Red Sphere at Inferior for 0.5s
19.1134,5.6542,6.1421,0.0000,0.0000,0.0154,-0.2054,0.9785,-0.2787,-0.1982,0.9397,-0.1296,-0.2342,0.9635,-0.1442,-0.0108,0.3570,Dark,Start Red Sphere at Inferior for 0.5s
19.1241,5.6525,6.1327,0.0000,0.0000,0.0162,-0.2049,0.9786,-0.2782,-0.1977,0.9400,-0.1290,-0.2338,0.9637,-0.1442,-0.0108,0.3570,Dark,Start Red Sphere at Inferior for 0.5s
19.1355,5.6326,6.1206,0.0000,0.0000,0.0180,-0.2039,0.9788,-0.2771,-0.1967,0.9405,-0.1275,-0.2328,0.9641,-0.1442,-0.0108,0.3570,Dark,Start Red Sphere at Inferior for 0.5s
19.1470,5.6219,6.1157,0.0000,0.0000,0.0189,-0.2032,0.9789,-0.2766,-0.1961,0.9408,-0.1267,-0.2322,0.9644,-0.1442,-0.0108,0.3570,Dark,Stop Red Sphere at Inferior
19.1576,5.6131,6.1041,0.0000,0.0000,0.0201,-0.2026,0.9791,-0.2756,-0.1955,0.9412,-0.1256,-0.2317,0.9646,-0.1442,-0.0108,0.3570,Dark,Stop Red Sphere at Inferior
19.1686,5.5759,6.0969,0.0000,0.0000,0.0225,-0.2014,0.9793,-0.2738,-0.1944,0.9419,-0.1235,-0.2306,0.9652,-0.1442,-0.0108,0.3570,Dark,Stop Red Sphere at Inferior
19.1798,5.5643,6.0983,0.0000,0.0000,0.0236,-0.2007,0.9794,-0.2729,-0.1938,0.9423,-0.1224,-0.2299,0.9655,-0.1442,-0.0108,0.3570,Dark,Stop Red Sphere at Inferior
19.1910,5.5559,6.0787,0.0000,0.0000,0.0259,-0.1999,0.9795,-0.2707,-0.1931,0.9431,-0.1201,-0.2292,0.9660,-0.1442,-0.0108,0.3570,Dark,Stop Red Sphere at Inferior
19.2023,5.5624,6.0564,0.0000,0.0000,0.0314,-0.1973,0.9798,-0.2655,-0.1908,0.9450,-0.1146,-0.2268,0.9672,-0.1442,-0.0108,0.3571,Dark,Stop Red Sphere at Inferior
19.2134,5.5585,6.0516,0.0000,0.0000,0.0323,-0.1955,0.9802,-0.2645,-0.1890,0.9457,-0.1136,-0.2250,0.9677,-0.1442,-0.0108,0.3571,Dark,Stop Red Sphere at Inferior
19.2243,5.5548,6.0297,0.0000,0.0000,0.0394,-0.1888,0.9812,-0.2576,-0.1825,0.9488,-0.1064,-0.2184,0.9700,-0.1442,-0.0109,0.3571,Dark,Stop Red Sphere at Inferior
19.2355,5.5331,6.0134,0.0000,0.0000,0.0398,-0.1838,0.9822,-0.2566,-0.1774,0.9501,-0.1056,-0.2132,0.9713,-0.1442,-0.0108,0.3571,Dark,Stop Red Sphere at Inferior
19.2472,5.4860,5.9827,0.0000,0.0000,0.0390,-0.1742,0.9839,-0.2569,-0.1675,0.9518,-0.1062,-0.2033,0.9733,-0.1442,-0.0109,0.3572,Dark,
19.2577,5.4642,5.9703,0.0000,0.0000,0.0377,-0.1703,0.9847,-0.2579,-0.1635,0.9522,-0.1075,-0.1994,0.9740,-0.1442,-0.0109,0.3572,Dark,
19.2690,5.4397,5.9620,0.0000,0.0000,0.0358,-0.1665,0.9854,-0.2585,-0.1595,0.9528,-0.1088,-0.1953,0.9747,-0.1442,-0.0109,0.3572,Dark,
19.2801,5.4427,5.9625,0.0000,0.0000,0.0329,-0.1646,0.9858,-0.2607,-0.1574,0.9525,-0.1114,-0.1932,0.9748,-0.1442,-0.0109,0.3572,Dark,
19.2913,5.4468,5.9684,0.0000,0.0000,0.0308,-0.1629,0.9862,-0.2622,-0.1556,0.9524,-0.1133,-0.1914,0.9750,-0.1443,-0.0109,0.3573,Dark,
19.3025,5.4634,5.9723,0.0000,0.0000,0.0282,-0.1589,0.9869,-0.2634,-0.1514,0.9527,-0.1153,-0.1871,0.9756,-0.1443,-0.0109,0.3573,Dark,
19.3137,5.4614,5.9708,0.0000,0.0000,0.0268,-0.1572,0.9872,-0.2640,-0.1496,0.9528,-0.1164,-0.1852,0.9758,-0.1443,-0.0109,0.3573,Dark,
19.3249,5.4587,5.9735,0.0000,0.0000,0.0253,-0.1567,0.9873,-0.2649,-0.1491,0.9527,-0.1176,-0.1847,0.9757,-0.1443,-0.0109,0.3574,Dark,
19.3357,5.4455,5.9765,0.0000,0.0000,0.0232,-0.1563,0.9874,-0.2655,-0.1486,0.9526,-0.1191,-0.1840,0.9757,-0.1444,-0.0109,0.3574,Dark,
19.3471,5.4446,5.9775,0.0000,0.0000,0.0223,-0.1557,0.9876,-0.2656,-0.1480,0.9526,-0.1196,-0.1834,0.9758,-0.1444,-0.0109,0.3575,Dark,
19.3585,5.4533,5.9690,0.0000,0.0000,0.0204,-0.1545,0.9878,-0.2665,-0.1468,0.9526,-0.1210,-0.1820,0.9758,-0.1444,-0.0110,0.3575,Dark,
19.3695,5.4605,5.9667,0.0000,0.0000,0.0195,-0.1540,0.9879,-0.2669,-0.1463,0.9525,-0.1217,-0.1815,0.9758,-0.1444,-0.0109,0.3575,Dark,
19.3805,5.4542,5.9652,0.0000,0.0000,0.0182,-0.1539,0.9879,-0.2677,-0.1462,0.9523,-0.1228,-0.1813,0.9757,-0.1444,-0.0110,0.3575,Dark,
19.3914,5.4498,5.9719,0.0000,0.0000,0.0156,-0.1535,0.9880,-0.2694,-0.1457,0.9519,-0.1250,-0.1807,0.9756,-0.1444,-0.0110,0.3575,Dark,
19.4026,5.4511,5.9749,0.0000,0.0000,0.0142,-0.1534,0.9881,-0.2705,-0.1456,0.9517,-0.1263,-0.1806,0.9754,-0.1445,-0.0110,0.3575,Dark,
19.4138,5.4559,5.9770,0.0000,0.0000,0.0125,-0.1533,0.9881,-0.2717,-0.1454,0.9513,-0.1278,-0.1804,0.9753,-0.1445,-0.0110,0.3576,Dark,
19.4248,5.4664,5.9777,0.0000,0.0000,0.0088,-0.1531,0.9882,-0.2746,-0.1452,0.9505,-0.1312,-0.1801,0.9749,-0.1445,-0.0111,0.3576,Dark,
19.4360,5.4699,5.9772,0.0000,0.0000,0.0090,-0.1526,0.9882,-0.2741,-0.1447,0.9508,-0.1308,-0.1796,0.9750,-0.1445,-0.0110,0.3576,Dark,
19.4474,5.4715,5.9757,0.0000,0.0000,0.0071,-0.1528,0.9882,-0.2757,-0.1448,0.9503,-0.1327,-0.1797,0.9747,-0.1445,-0.0111,0.3576,Dark,
19.4583,5.4869,5.9757,0.0000,0.0000,0.0011,-0.1538,0.9881,-0.2810,-0.1455,0.9486,-0.1385,-0.1805,0.9738,-0.1445,-0.0111,0.3576,Dark,
19.4694,5.4935,5.9752,0.0000,0.0000,-0.0012,-0.1540,0.9881,-0.2829,-0.1458,0.9480,-0.1406,-0.1807,0.9734,-0.1445,-0.0111,0.3576,Dark,
19.4806,5.4867,5.9749,0.0000,0.0000,-0.0031,-0.1542,0.9880,-0.2845,-0.1459,0.9475,-0.1425,-0.1808,0.9731,-0.1445,-0.0111,0.3575,Dark,
19.4923,5.4918,5.9726,0.0000,0.0000,-0.0107,-0.1555,0.9878,-0.2911,-0.1470,0.9453,-0.1498,-0.1819,0.9718,-0.1445,-0.0111,0.3575,Dark,
19.5033,5.5008,5.9717,0.0000,0.0000,-0.0093,-0.1545,0.9880,-0.2893,-0.1460,0.9460,-0.1481,-0.1808,0.9723,-0.1445,-0.0111,0.3576,Dark,
19.5140,5.5084,5.9668,0.0000,0.0000,-0.0182,-0.1549,0.9878,-0.2984,-0.1460,0.9432,-0.1574,-0.1811,0.9708,-0.1445,-0.0110,0.3576,Dark,
19.5252,5.5078,5.9508,0.0000,0.0000,-0.0779,-0.1622,0.9837,-0.3547,-0.1507,0.9228,-0.2172,-0.1870,0.9580,-0.1445,-0.0110,0.3576,Dark,
19.5360,5.4964,5.9409,0.0000,0.0000,-0.1210,-0.1694,0.9781,-0.3943,-0.1558,0.9057,-0.2599,-0.1931,0.9461,-0.1445,-0.0110,0.3576,Dark,
19.5478,5.4823,5.9304,0.0000,0.0000,-0.1457,-0.1739,0.9739,-0.4190,-0.1589,0.8940,-0.2853,-0.1972,0.9379,-0.1445,-0.0110,0.3576,Dark,
19.5586,5.4815,5.9223,0.0000,0.0000,-0.1498,-0.1750,0.9731,-0.4238,-0.1596,0.8916,-0.2899,-0.1982,0.9363,-0.1445,-0.0110,0.3576,Dark,
19.5695,5.4756,5.9165,0.0000,0.0000,-0.1554,-0.1766,0.9719,-0.4293,-0.1609,0.8887,-0.2957,-0.1997,0.9342,-0.1445,-0.0110,0.3576,Dark,
19.5808,5.4740,5.9080,0.0000,0.0000,-0.1506,-0.1774,0.9726,-0.4259,-0.1618,0.8902,-0.2914,-0.2007,0.9353,-0.1444,-0.0110,0.3576,Dark,
19.5923,5.4759,5.9075,0.0000,0.0000,-0.1452,-0.1771,0.9734,-0.4215,-0.1617,0.8923,-0.2864,-0.2006,0.9369,-0.1444,-0.0110,0.3575,Dark,
19.6031,5.4730,5.9079,0.0000,0.0000,-0.1460,-0.1777,0.9732,-0.4224,-0.1622,0.8918,-0.2873,-0.2012,0.9365,-0.1444,-0.0109,0.3575,Dark,
19.6149,5.4758,5.9395,0.0000,0.0000,-0.1411,-0.1772,0.9740,-0.4186,-0.1620,0.8936,-0.2828,-0.2009,0.9379,-0.1444,-0.0109,0.3575,Dark,
19.6254,5.4795,5.9364,0.0000,0.0000,-0.1368,-0.1763,0.9748,-0.4148,-0.1613,0.8955,-0.2787,-0.2001,0.9393,-0.1444,-0.0109,0.3575,Dark,
19.6365,5.4829,5.9328,0.0000,0.0000,-0.1356,-0.1760,0.9750,-0.4135,-0.1612,0.8961,-0.2774,-0.1999,0.9397,-0.1444,-0.0109,0.3575,Dark,
19.6477,5.4885,5.9038,0.0000,0.0000,-0.1308,-0.1749,0.9759,-0.4091,-0.1603,0.8983,-0.2726,-0.1989,0.9413,-0.1444,-0.0109,0.3574,Dark,
19.6588,5.4900,5.9007,0.0000,0.0000,-0.1294,-0.1743,0.9762,-0.4078,-0.1598,0.8990,-0.2712,-0.1984,0.9418,-0.1444,-0.0109,0.3574,Dark,
19.6699,5.4896,5.9002,0.0000,0.0000,-0.1285,-0.1741,0.9763,-0.4069,-0.1598,0.8994,-0.2703,-0.1982,0.9421,-0.1444,-0.0109,0.3574,Dark,
19.6809,5.4939,5.8878,0.0000,0.0000,-0.1262,-0.1734,0.9767,-0.4043,-0.1592,0.9007,-0.2678,-0.1975,0.9430,-0.1444,-0.0109,0.3573,Dark,
19.6921,5.4978,5.8930,0.0000,0.0000,-0.1253,-0.1728,0.9769,-0.4034,-0.1588,0.9012,-0.2668,-0.1970,0.9434,-0.1444,-0.0110,0.3573,Dark,
19.7034,5.4927,5.8969,0.0000,0.0000,-0.1246,-0.1726,0.9771,-0.4026,-0.1586,0.9016,-0.2660,-0.1967,0.9437,-0.1445,-0.0109,0.3573,Dark,
19.7146,5.4895,5.8877,0.0000,0.0000,-0.1235,-0.1722,0.9773,-0.4010,-0.1583,0.9023,-0.2646,-0.1963,0.9442,-0.1445,-0.0109,0.3572,Dark,
19.7256,5.4903,5.8980,0.0000,0.0000,-0.1234,-0.1721,0.9773,-0.4009,-0.1582,0.9024,-0.2646,-0.1962,0.9442,-0.1445,-0.0109,0.3572,Dark,
19.7366,5.4913,5.9060,0.0000,0.0000,-0.1229,-0.1719,0.9774,-0.4004,-0.1581,0.9026,-0.2640,-0.1961,0.9444,-0.1446,-0.0109,0.3572,Dark,
19.7477,5.4952,5.9180,0.0000,0.0000,-0.1216,-0.1712,0.9777,-0.3989,-0.1575,0.9034,-0.2626,-0.1954,0.9449,-0.1446,-0.0109,0.3571,Dark,
19.7590,5.4966,5.9231,0.0000,0.0000,-0.1212,-0.1708,0.9778,-0.3985,-0.1571,0.9036,-0.2621,-0.1950,0.9451,-0.1446,-0.0109,0.3571,Dark,
19.7704,5.4971,5.9203,0.0000,0.0000,-0.1197,-0.1702,0.9781,-0.3969,-0.1566,0.9044,-0.2606,-0.1944,0.9457,-0.1446,-0.0109,0.3571,Dark,
19.7812,5.5010,5.9156,0.0000,0.0000,-0.1187,-0.1699,0.9783,-0.3957,-0.1564,0.9050,-0.2594,-0.1941,0.9461,-0.1446,-0.0109,0.3571,Dark,
19.7924,5.5042,5.9155,0.0000,0.0000,-0.1179,-0.1697,0.9784,-0.3949,-0.1562,0.9054,-0.2586,-0.1939,0.9463,-0.1446,-0.0109,0.3572,Dark,
19.8035,5.5087,5.9256,0.0000,0.0000,-0.1159,-0.1693,0.9787,-0.3928,-0.1560,0.9063,-0.2565,-0.1936,0.9470,-0.1447,-0.0109,0.3572,Dark,
19.8146,5.5061,5.9342,0.0000,0.0000,-0.1148,-0.1690,0.9789,-0.3916,-0.1557,0.9069,-0.2553,-0.1933,0.9474,-0.1447,-0.0109,0.3572,Dark,
19.8261,5.5035,5.9370,0.0000,0.0000,-0.1136,-0.1689,0.9791,-0.3904,-0.1557,0.9074,-0.2541,-0.1932,0.9477,-0.1447,-0.0110,0.3572,Dark,
19.8370,5.5025,5.9384,0.0000,0.0000,-0.1123,-0.1688,0.9792,-0.3892,-0.1556,0.9079,-0.2527,-0.1931,0.9481,-0.1447,-0.0110,0.3573,Dark,
19.8480,5.4997,5.9427,0.0000,0.0000,-0.1099,-0.1686,0.9795,-0.3870,-0.1555,0.9089,-0.2504,-0.1930,0.9487,-0.1447,-0.0110,0.3573,Dark,
19.8595,5.4977,5.9454,0.0000,0.0000,-0.1099,-0.1688,0.9795,-0.3870,-0.1557,0.9089,-0.2504,-0.1932,0.9487,-0.1447,-0.0111,0.3574,Dark,
19.8705,5.5634,5.9798,0.0000,0.0000,-0.0913,-0.1640,0.9822,-0.3670,-0.1520,0.9177,-0.2305,-0.1886,0.9546,-0.1446,-0.0111,0.3574,Dark,
19.8817,5.5797,6.0105,0.0000,0.0000,-0.0724,-0.1659,0.9835,-0.3500,-0.1548,0.9239,-0.2120,-0.1910,0.9584,-0.1446,-0.0112,0.3575,Dark,
19.8927,5.5915,6.0347,0.0000,0.0000,-0.0883,-0.1661,0.9822,-0.3654,-0.1542,0.9180,-0.2281,-0.1908,0.9547,-0.1446,-0.0112,0.3575,Dark,
19.9038,5.5929,6.0561,0.0000,0.0000,-0.0580,-0.1673,0.9842,-0.3393,-0.1567,0.9275,-0.1991,-0.1931,0.9608,-0.1446,-0.0112,0.3576,Dark,
19.9150,5.5873,6.0539,0.0000,0.0000,-0.0433,-0.1690,0.9847,-0.3252,-0.1591,0.9322,-0.1842,-0.1951,0.9633,-0.1446,-0.0112,0.3576,Dark,
19.9264,5.5814,6.0508,0.0000,0.0000,-0.0279,-0.1750,0.9842,-0.3111,-0.1658,0.9358,-0.1689,-0.2015,0.9648,-0.1446,-0.0113,0.3577,Dark,
19.9372,5.6049,6.0478,0.0000,0.0000,-0.0182,-0.1731,0.9847,-0.3043,-0.1643,0.9383,-0.1604,-0.2002,0.9665,-0.1446,-0.0113,0.3577,Dark,
19.9482,5.6144,6.0500,0.0000,0.0000,-0.0093,-0.1751,0.9845,-0.2962,-0.1667,0.9405,-0.1516,-0.2024,0.9675,-0.1445,-0.0113,0.3578,Dark,
19.9597,5.6231,6.0609,0.0000,0.0000,-0.0129,-0.1772,0.9841,-0.3008,-0.1685,0.9387,-0.1558,-0.2045,0.9664,-0.1445,-0.0114,0.3578,Dark,
19.9707,5.6154,6.0771,0.0000,0.0000,0.0035,-0.1777,0.9841,-0.2870,-0.1697,0.9428,-0.1402,-0.2056,0.9685,-0.1445,-0.0114,0.3579,Dark,
19.9817,5.6098,6.0734,0.0000,0.0000,0.0071,-0.1788,0.9839,-0.2839,-0.1710,0.9435,-0.1368,-0.2069,0.9688,-0.1445,-0.0114,0.3579,Dark,
19.9929,5.6120,6.0693,0.0000,0.0000,0.0068,-0.1794,0.9838,-0.2849,-0.1716,0.9431,-0.1375,-0.2076,0.9685,-0.1445,-0.0114,0.3580,Dark,
20.0044,5.6185,6.0894,0.0000,0.0000,0.0127,-0.1804,0.9835,-0.2805,-0.1728,0.9442,-0.1321,-0.2088,0.9690,-0.1445,-0.0114,0.3580,Dark,
20.0151,5.6227,6.0871,0.0000,0.0000,0.0133,-0.1806,0.9835,-0.2805,-0.1731,0.9441,-0.1318,-0.2092,0.9690,-0.1445,-0.0115,0.3580,Dark,
20.0263,5.6353,6.0854,0.0000,0.0000,0.0113,-0.1804,0.9835,-0.2832,-0.1727,0.9434,-0.1342,-0.2089,0.9687,-0.1444,-0.0115,0.3581,Dark,
20.0375,5.6244,6.0875,0.0000,0.0000,0.0142,-0.1808,0.9834,-0.2818,-0.1732,0.9437,-0.1320,-0.2096,0.9688,-0.1444,-0.0115,0.3581,Dark,
20.0484,5.6195,6.1037,0.0000,0.0000,0.0143,-0.1809,0.9834,-0.2824,-0.1732,0.9435,-0.1322,-0.2097,0.9688,-0.1444,-0.0116,0.3581,Dark,
20.0602,5.6260,6.1182,0.0000,0.0000,0.0130,-0.1806,0.9835,-0.2843,-0.1728,0.9430,-0.1339,-0.2094,0.9686,-0.1444,-0.0116,0.3582,Dark,
20.0711,5.6224,6.1229,0.0000,0.0000,0.0143,-0.1806,0.9835,-0.2836,-0.1729,0.9432,-0.1328,-0.2095,0.9687,-0.1444,-0.0116,0.3582,Dark,
20.0820,5.6232,6.1306,0.0000,0.0000,0.0131,-0.1800,0.9836,-0.2852,-0.1722,0.9429,-0.1343,-0.2089,0.9687,-0.1444,-0.0117,0.3582,Dark,
20.0933,5.6233,6.1356,0.0000,0.0000,0.0150,-0.1807,0.9834,-0.2835,-0.1730,0.9432,-0.1324,-0.2097,0.9688,-0.1444,-0.0117,0.3582,Dark,
20.1046,5.6209,6.1353,0.0000,0.0000,0.0162,-0.1807,0.9834,-0.2825,-0.1731,0.9435,-0.1313,-0.2098,0.9689,-0.1443,-0.0117,0.3583,Dark,
20.1157,5.6203,6.1395,0.0000,0.0000,0.0169,-0.1808,0.9834,-0.2818,-0.1733,0.9437,-0.1305,-0.2099,0.9690,-0.1443,-0.0118,0.3583,Dark,
20.1267,5.6197,6.1422,0.0000,0.0000,0.0177,-0.1810,0.9833,-0.2810,-0.1735,0.9439,-0.1297,-0.2101,0.9690,-0.1443,-0.0119,0.3583,Dark,
20.1378,5.6097,6.1347,0.0000,0.0000,0.0192,-0.1815,0.9832,-0.2797,-0.1740,0.9442,-0.1283,-0.2107,0.9691,-0.1443,-0.0119,0.3583,Dark,
20.1487,5.6020,6.1354,0.0000,0.0000,0.0196,-0.1819,0.9831,-0.2792,-0.1746,0.9442,-0.1278,-0.2112,0.9691,-0.1442,-0.0119,0.3583,Dark,
20.1599,5.6019,6.1360,0.0000,0.0000,0.0207,-0.1823,0.9830,-0.2782,-0.1750,0.9445,-0.1267,-0.2116,0.9691,-0.1442,-0.0120,0.3584,Dark,
20.1712,5.6056,6.1403,0.0000,0.0000,0.0224,-0.1826,0.9829,-0.2766,-0.1755,0.9448,-0.1250,-0.2120,0.9692,-0.1442,-0.0120,0.3584,Dark,
20.1821,5.6089,6.1489,0.0000,0.0000,0.0231,-0.1825,0.9829,-0.2759,-0.1755,0.9450,-0.1242,-0.2119,0.9694,-0.1441,-0.0120,0.3584,Dark,
20.1937,5.6073,6.1556,0.0000,0.0000,0.0239,-0.1824,0.9829,-0.2752,-0.1755,0.9452,-0.1235,-0.2119,0.9695,-0.1441,-0.0120,0.3584,Dark,
20.2050,5.6039,6.1643,0.0000,0.0000,0.0250,-0.1822,0.9829,-0.2743,-0.1753,0.9455,-0.1225,-0.2117,0.9696,-0.1441,-0.0120,0.3585,Dark,
20.2156,5.6030,6.1827,0.0000,0.0000,0.0257,-0.1819,0.9830,-0.2737,-0.1750,0.9457,-0.1218,-0.2114,0.9698,-0.1441,-0.0120,0.3585,Dark,
20.2268,5.5948,6.1972,0.0000,0.0000,0.0262,-0.1818,0.9830,-0.2734,-0.1748,0.9459,-0.1214,-0.2113,0.9699,-0.1440,-0.0120,0.3586,Dark,
20.2381,5.5841,6.2101,0.0000,0.0000,0.0267,-0.1817,0.9830,-0.2730,-0.1746,0.9460,-0.1209,-0.2112,0.9699,-0.1440,-0.0120,0.3586,Dark,
20.2492,5.5808,6.2081,0.0000,0.0000,0.0268,-0.1820,0.9829,-0.2731,-0.1749,0.9459,-0.1210,-0.2115,0.9699,-0.1439,-0.0120,0.3586,Dark,
20.2607,5.5832,6.2071,0.0000,0.0000,0.0268,-0.1824,0.9829,-0.2734,-0.1752,0.9458,-0.1211,-0.2119,0.9698,-0.1439,-0.0121,0.3586,Dark,
20.2718,5.5832,6.2097,0.0000,0.0000,0.0271,-0.1827,0.9828,-0.2733,-0.1756,0.9458,-0.1209,-0.2122,0.9697,-0.1438,-0.0121,0.3586,Dark,
20.2824,5.5829,6.2102,0.0000,0.0000,0.0275,-0.1829,0.9827,-0.2731,-0.1758,0.9458,-0.1206,-0.2124,0.9697,-0.1438,-0.0121,0.3586,Dark,
20.2939,5.5668,6.2012,0.0000,0.0000,0.0280,-0.1830,0.9827,-0.2729,-0.1759,0.9458,-0.1202,-0.2126,0.9697,-0.1437,-0.0121,0.3586,Dark,
20.3050,5.5596,6.1925,0.0000,0.0000,0.0284,-0.1831,0.9827,-0.2726,-0.1760,0.9459,-0.1199,-0.2127,0.9697,-0.1437,-0.0121,0.3587,Dark,
20.3158,5.5544,6.1884,0.0000,0.0000,0.0289,-0.1832,0.9827,-0.2723,-0.1761,0.9460,-0.1194,-0.2128,0.9698,-0.1436,-0.0121,0.3587,Dark,
20.3272,5.5544,6.1893,0.0000,0.0000,0.0290,-0.1833,0.9826,-0.2727,-0.1763,0.9458,-0.1196,-0.2130,0.9697,-0.1436,-0.0122,0.3587,Dark,
20.3382,5.5532,6.1932,0.0000,0.0000,0.0295,-0.1833,0.9826,-0.2723,-0.1763,0.9459,-0.1192,-0.2131,0.9697,-0.1435,-0.0122,0.3587,Dark,
20.3493,5.5522,6.1800,0.0000,0.0000,0.0296,-0.1836,0.9826,-0.2724,-0.1767,0.9458,-0.1192,-0.2134,0.9697,-0.1435,-0.0122,0.3587,Dark,
20.3603,5.5261,6.1789,0.0000,0.0000,0.0295,-0.1840,0.9825,-0.2728,-0.1772,0.9456,-0.1194,-0.2139,0.9695,-0.1434,-0.0122,0.3586,Dark,
20.3720,5.5252,6.1881,0.0000,0.0000,0.0295,-0.1841,0.9825,-0.2731,-0.1772,0.9455,-0.1195,-0.2140,0.9695,-0.1434,-0.0122,0.3586,Dark,
20.3830,5.5255,6.2025,0.0000,0.0000,0.0293,-0.1840,0.9825,-0.2734,-0.1771,0.9455,-0.1198,-0.2139,0.9695,-0.1434,-0.0122,0.3586,Dark,
20.3938,5.5188,6.2107,0.0000,0.0000,0.0290,-0.1840,0.9825,-0.2742,-0.1771,0.9452,-0.1204,-0.2140,0.9694,-0.1433,-0.0122,0.3586,Dark,
20.4053,5.5187,6.2044,0.0000,0.0000,0.0288,-0.1841,0.9825,-0.2747,-0.1771,0.9451,-0.1207,-0.2141,0.9693,-0.1433,-0.0122,0.3586,Dark,
20.4159,5.5179,6.2174,0.0000,0.0000,0.0289,-0.1840,0.9825,-0.2749,-0.1770,0.9450,-0.1208,-0.2140,0.9693,-0.1433,-0.0122,0.3586,Dark,
20.4274,5.5194,6.2232,0.0000,0.0000,0.0293,-0.1839,0.9825,-0.2750,-0.1769,0.9450,-0.1206,-0.2140,0.9694,-0.1433,-0.0122,0.3586,Dark,
20.4385,5.5098,6.2194,0.0000,0.0000,0.0293,-0.1841,0.9825,-0.2754,-0.1770,0.9449,-0.1208,-0.2141,0.9693,-0.1432,-0.0121,0.3586,Dark,
20.4497,5.5017,6.2086,0.0000,0.0000,0.0293,-0.1840,0.9825,-0.2758,-0.1769,0.9448,-0.1210,-0.2141,0.9693,-0.1432,-0.0121,0.3586,Dark,
20.4605,5.5021,6.1997,0.0000,0.0000,0.0293,-0.1841,0.9825,-0.2760,-0.1769,0.9447,-0.1211,-0.2141,0.9693,-0.1432,-0.0122,0.3586,Dark,
20.4719,5.5043,6.1967,0.0000,0.0000,0.0297,-0.1840,0.9825,-0.2759,-0.1768,0.9448,-0.1209,-0.2141,0.9693,-0.1431,-0.0121,0.3586,Dark,
20.4830,5.5102,6.2023,0.0000,0.0000,0.0298,-0.1839,0.9825,-0.2762,-0.1766,0.9447,-0.1210,-0.2140,0.9693,-0.1431,-0.0121,0.3587,Dark,
20.4941,5.5071,6.2076,0.0000,0.0000,0.0300,-0.1837,0.9825,-0.2761,-0.1765,0.9448,-0.1208,-0.2139,0.9694,-0.1431,-0.0121,0.3587,Dark,
20.5053,5.5034,6.2085,0.0000,0.0000,0.0302,-0.1838,0.9825,-0.2762,-0.1766,0.9447,-0.1208,-0.2139,0.9693,-0.1430,-0.0121,0.3587,Dark,
20.5163,5.4941,6.2203,0.0000,0.0000,0.0301,-0.1839,0.9825,-0.2767,-0.1767,0.9446,-0.1211,-0.2141,0.9693,-0.1430,-0.0121,0.3587,Dark,
20.5274,5.4949,6.2297,0.0000,0.0000,0.0301,-0.1840,0.9825,-0.2769,-0.1769,0.9445,-0.1212,-0.2143,0.9692,-0.1430,-0.0121,0.3588,Dark,
20.5389,5.4962,6.2406,0.0000,0.0000,0.0300,-0.1843,0.9824,-0.2772,-0.1771,0.9443,-0.1214,-0.2146,0.9691,-0.1430,-0.0121,0.3588,Dark,
20.5497,5.4960,6.2416,0.0000,0.0000,0.0288,-0.1850,0.9823,-0.2788,-0.1778,0.9437,-0.1229,-0.2153,0.9688,-0.1429,-0.0122,0.3588,Dark,
20.5609,5.4981,6.2334,0.0000,0.0000,0.0293,-0.1849,0.9823,-0.2785,-0.1777,0.9439,-0.1224,-0.2152,0.9689,-0.1429,-0.0122,0.3589,Dark,
20.5725,5.4996,6.2379,0.0000,0.0000,0.0287,-0.1851,0.9823,-0.2792,-0.1779,0.9436,-0.1231,-0.2155,0.9687,-0.1429,-0.0122,0.3589,Dark,
20.5832,5.5209,6.2405,0.0000,0.0000,0.0279,-0.1857,0.9822,-0.2804,-0.1783,0.9432,-0.1241,-0.2160,0.9685,-0.1428,-0.0122,0.3590,Dark,
20.5943,5.5133,6.2402,0.0000,0.0000,0.0272,-0.1860,0.9822,-0.2812,-0.1786,0.9429,-0.1249,-0.2164,0.9683,-0.1428,-0.0122,0.3591,Dark,
20.6058,5.5058,6.2346,0.0000,0.0000,0.0264,-0.1864,0.9821,-0.2822,-0.1789,0.9425,-0.1258,-0.2168,0.9681,-0.1428,-0.0122,0.3591,Dark,
20.6166,5.4907,6.2228,0.0000,0.0000,0.0248,-0.1873,0.9820,-0.2840,-0.1797,0.9418,-0.1276,-0.2176,0.9677,-0.1427,-0.0122,0.3592,Dark,
20.6279,5.4863,6.2188,0.0000,0.0000,0.0239,-0.1879,0.9819,-0.2850,-0.1801,0.9414,-0.1286,-0.2181,0.9674,-0.1427,-0.0122,0.3593,Dark,
20.6392,5.4845,6.2237,0.0000,0.0000,0.0231,-0.1882,0.9819,-0.2860,-0.1805,0.9411,-0.1295,-0.2185,0.9672,-0.1426,-0.0122,0.3593,Dark,
20.6508,5.4951,6.2259,0.0000,0.0000,0.0221,-0.1888,0.9818,-0.2872,-0.1809,0.9406,-0.1306,-0.2190,0.9669,-0.1426,-0.0122,0.3594,Dark,
20.6615,5.5008,6.2232,0.0000,0.0000,0.0215,-0.1891,0.9817,-0.2879,-0.1811,0.9404,-0.1313,-0.2193,0.9668,-0.1426,-0.0122,0.3595,Dark,
20.6723,5.5051,6.2262,0.0000,0.0000,0.0209,-0.1892,0.9817,-0.2887,-0.1812,0.9401,-0.1321,-0.2194,0.9666,-0.1425,-0.0122,0.3595,Dark,
20.6836,5.4886,6.2065,0.0000,0.0000,0.0197,-0.1900,0.9816,-0.2901,-0.1818,0.9396,-0.1334,-0.2201,0.9663,-0.1424,-0.0122,0.3596,Dark,
20.6947,5.4876,6.1889,0.0000,0.0000,0.0193,-0.1904,0.9815,-0.2905,-0.1822,0.9394,-0.1338,-0.2206,0.9661,-0.1424,-0.0122,0.3597,Dark,
20.7057,5.4852,6.1571,0.0000,0.0000,0.0189,-0.1911,0.9814,-0.2909,-0.1829,0.9391,-0.1343,-0.2213,0.9659,-0.1424,-0.0122,0.3598,Dark,
20.7173,5.4844,6.1555,0.0000,0.0000,0.0186,-0.1914,0.9813,-0.2912,-0.1831,0.9390,-0.1346,-0.2215,0.9658,-0.1423,-0.0122,0.3599,Dark,
20.7280,5.4842,6.1570,0.0000,0.0000,0.0185,-0.1917,0.9813,-0.2913,-0.1834,0.9389,-0.1347,-0.2218,0.9657,-0.1423,-0.0123,0.3599,Dark,
20.7392,5.4861,6.1170,0.0000,0.0000,0.0185,-0.1919,0.9812,-0.2913,-0.1837,0.9388,-0.1347,-0.2221,0.9657,-0.1422,-0.0123,0.3600,Dark,
20.7509,5.4885,6.0896,0.0000,0.0000,0.0188,-0.1922,0.9812,-0.2912,-0.1839,0.9388,-0.1345,-0.2224,0.9656,-0.1422,-0.0123,0.3601,Dark,
20.7614,5.4652,6.0673,0.0000,0.0000,0.0190,-0.1926,0.9811,-0.2911,-0.1843,0.9388,-0.1343,-0.2228,0.9656,-0.1421,-0.0124,0.3602,Dark,
20.7725,5.4098,6.0477,0.0000,0.0000,0.0193,-0.1930,0.9810,-0.2893,-0.1848,0.9392,-0.1333,-0.2230,0.9657,-0.1421,-0.0124,0.3602,Dark,
20.7838,5.3810,6.0401,0.0000,0.0000,0.0185,-0.1935,0.9809,-0.2869,-0.1854,0.9398,-0.1324,-0.2232,0.9657,-0.1420,-0.0125,0.3603,Dark,
20.7952,5.3537,6.0349,0.0000,0.0000,0.0178,-0.1940,0.9808,-0.2849,-0.1859,0.9404,-0.1318,-0.2234,0.9658,-0.1420,-0.0125,0.3604,Dark,
20.8063,5.3208,6.0408,0.0000,0.0000,0.0172,-0.1936,0.9809,-0.2804,-0.1858,0.9417,-0.1298,-0.2225,0.9662,-0.1419,-0.0125,0.3604,Dark,
20.8175,5.3116,6.0282,0.0000,0.0000,0.0166,-0.1939,0.9809,-0.2782,-0.1861,0.9423,-0.1290,-0.2225,0.9664,-0.1419,-0.0126,0.3604,Dark,
20.8285,5.2977,6.0180,0.0000,0.0000,0.0161,-0.1939,0.9809,-0.2762,-0.1862,0.9429,-0.1282,-0.2223,0.9665,-0.1418,-0.0126,0.3605,Dark,
20.8394,5.2893,5.9961,0.0000,0.0000,0.0155,-0.1937,0.9809,-0.2727,-0.1861,0.9439,-0.1268,-0.2216,0.9669,-0.1418,-0.0126,0.3606,Dark,
20.8508,5.2921,6.0050,0.0000,0.0000,0.0157,-0.1933,0.9810,-0.2710,-0.1857,0.9445,-0.1258,-0.2210,0.9671,-0.1417,-0.0126,0.3606,Dark,
20.8618,5.3161,6.0176,0.0000,0.0000,0.0163,-0.1926,0.9811,-0.2682,-0.1852,0.9454,-0.1241,-0.2201,0.9675,-0.1417,-0.0127,0.3607,Dark,
20.8730,5.3266,6.0200,0.0000,0.0000,0.0166,-0.1923,0.9812,-0.2670,-0.1849,0.9458,-0.1233,-0.2197,0.9677,-0.1416,-0.0126,0.3607,Dark,
20.8839,5.3338,6.0247,0.0000,0.0000,0.0172,-0.1918,0.9813,-0.2660,-0.1844,0.9462,-0.1225,-0.2192,0.9680,-0.1415,-0.0127,0.3607,Dark,
20.8955,5.3386,6.0327,0.0000,0.0000,0.0185,-0.1908,0.9814,-0.2642,-0.1834,0.9469,-0.1210,-0.2181,0.9684,-0.1415,-0.0127,0.3608,Dark,
20.9065,5.3385,6.0378,0.0000,0.0000,0.0190,-0.1908,0.9814,-0.2635,-0.1833,0.9471,-0.1203,-0.2180,0.9685,-0.1414,-0.0126,0.3608,Dark,
20.9174,5.3390,6.0425,0.0000,0.0000,0.0198,-0.1903,0.9815,-0.2626,-0.1828,0.9474,-0.1195,-0.2175,0.9687,-0.1413,-0.0127,0.3609,Dark,
20.9287,5.3251,6.0334,0.0000,0.0000,0.0210,-0.1898,0.9816,-0.2613,-0.1822,0.9479,-0.1182,-0.2170,0.9690,-0.1413,-0.0127,0.3609,Dark,
20.9395,5.3202,6.0415,0.0000,0.0000,0.0219,-0.1896,0.9816,-0.2605,-0.1821,0.9481,-0.1174,-0.2168,0.9691,-0.1412,-0.0126,0.3609,Dark,
20.9508,5.3245,6.0479,0.0000,0.0000,0.0226,-0.1895,0.9816,-0.2599,-0.1819,0.9483,-0.1167,-0.2167,0.9692,-0.1412,-0.0127,0.3609,Dark,
20.9618,5.3410,6.0404,0.0000,0.0000,0.0239,-0.1892,0.9816,-0.2591,-0.1816,0.9486,-0.1156,-0.2164,0.9694,-0.1411,-0.0127,0.3609,Dark,
20.9730,5.3518,6.0353,0.0000,0.0000,0.0242,-0.1895,0.9816,-0.2591,-0.1819,0.9486,-0.1154,-0.2168,0.9694,-0.1411,-0.0127,0.3609,Dark,
20.9843,5.3514,6.0302,0.0000,0.0000,0.0247,-0.1898,0.9815,-0.2589,-0.1822,0.9486,-0.1151,-0.2171,0.9693,-0.1410,-0.0127,0.3608,Dark,
20.9953,5.3554,6.0290,0.0000,0.0000,0.0255,-0.1899,0.9815,-0.2586,-0.1822,0.9486,-0.1145,-0.2172,0.9694,-0.1410,-0.0127,0.3608,Dark,
21.0065,5.3597,6.0382,0.0000,0.0000,0.0257,-0.1899,0.9815,-0.2588,-0.1823,0.9486,-0.1145,-0.2173,0.9694,-0.1409,-0.0127,0.3608,Dark,
21.0175,5.3544,6.0459,0.0000,0.0000,0.0258,-0.1901,0.9814,-0.2591,-0.1824,0.9485,-0.1146,-0.2175,0.9693,-0.1409,-0.0127,0.3607,Dark,
21.0288,5.3495,6.0481,0.0000,0.0000,0.0256,-0.1902,0.9814,-0.2599,-0.1825,0.9482,-0.1151,-0.2177,0.9692,-0.1409,-0.0127,0.3607,Dark,
21.0401,5.3482,6.0502,0.0000,0.0000,0.0253,-0.1900,0.9814,-0.2606,-0.1823,0.9481,-0.1156,-0.2176,0.9692,-0.1409,-0.0127,0.3606,Dark,
21.0514,5.3375,6.0513,0.0000,0.0000,0.0249,-0.1901,0.9815,-0.2614,-0.1824,0.9478,-0.1163,-0.2177,0.9691,-0.1408,-0.0127,0.3606,Dark,
21.0626,5.3471,6.0625,0.0000,0.0000,0.0238,-0.1905,0.9814,-0.2633,-0.1826,0.9473,-0.1178,-0.2181,0.9688,-0.1408,-0.0127,0.3606,Dark,
21.0734,5.3622,6.0684,0.0000,0.0000,0.0234,-0.1905,0.9814,-0.2639,-0.1827,0.9471,-0.1183,-0.2181,0.9687,-0.1408,-0.0127,0.3605,Dark,
21.0842,5.3658,6.0727,0.0000,0.0000,0.0231,-0.1907,0.9814,-0.2644,-0.1828,0.9469,-0.1187,-0.2183,0.9686,-0.1408,-0.0127,0.3605,Dark,
21.0956,5.3786,6.0911,0.0000,0.0000,0.0229,-0.1907,0.9814,-0.2652,-0.1827,0.9467,-0.1192,-0.2183,0.9686,-0.1408,-0.0127,0.3604,Dark,
21.1068,5.3850,6.0755,0.0000,0.0000,0.0231,-0.1907,0.9814,-0.2653,-0.1827,0.9467,-0.1191,-0.2184,0.9686,-0.1408,-0.0126,0.3604,Dark,
21.1180,5.3763,6.0618,0.0000,0.0000,0.0234,-0.1907,0.9814,-0.2652,-0.1828,0.9467,-0.1189,-0.2184,0.9686,-0.1408,-0.0127,0.3603,Dark,
21.1291,5.3607,6.0814,0.0000,0.0000,0.0239,-0.1903,0.9814,-0.2653,-0.1824,0.9468,-0.1187,-0.2181,0.9687,-0.1408,-0.0127,0.3603,Dark,
21.1403,5.3530,6.0796,0.0000,0.0000,0.0246,-0.1899,0.9815,-0.2649,-0.1820,0.9470,-0.1182,-0.2178,0.9688,-0.1408,-0.0126,0.3603,Dark,
21.1513,5.3559,6.0793,0.0000,0.0000,0.0250,-0.1897,0.9815,-0.2647,-0.1817,0.9470,-0.1179,-0.2176,0.9689,-0.1408,-0.0126,0.3602,Dark,
21.1629,5.3693,6.0953,0.0000,0.0000,0.0261,-0.1890,0.9816,-0.2642,-0.1810,0.9473,-0.1170,-0.2169,0.9692,-0.1408,-0.0126,0.3602,Dark,
21.1735,5.3771,6.0897,0.0000,0.0000,0.0266,-0.1886,0.9817,-0.2640,-0.1806,0.9475,-0.1167,-0.2165,0.9693,-0.1408,-0.0126,0.3602,Dark,
21.1850,5.3908,6.0856,0.0000,0.0000,0.0278,-0.1878,0.9818,-0.2636,-0.1798,0.9477,-0.1158,-0.2158,0.9695,-0.1408,-0.0126,0.3602,Dark,
21.1961,5.3840,6.0851,0.0000,0.0000,0.0284,-0.1875,0.9819,-0.2634,-0.1795,0.9478,-0.1154,-0.2156,0.9696,-0.1409,-0.0126,0.3602,Dark,
21.2075,5.3777,6.0878,0.0000,0.0000,0.0290,-0.1872,0.9819,-0.2633,-0.1792,0.9479,-0.1151,-0.2153,0.9697,-0.1409,-0.0126,0.3602,Dark,
21.2185,5.3768,6.0909,0.0000,0.0000,0.0296,-0.1868,0.9820,-0.2631,-0.1788,0.9481,-0.1146,-0.2150,0.9699,-0.1409,-0.0126,0.3602,Dark,
21.2294,5.3834,6.0721,0.0000,0.0000,0.0315,-0.1863,0.9820,-0.2619,-0.1784,0.9485,-0.1130,-0.2146,0.9701,-0.1409,-0.0127,0.3602,Dark,
21.2405,5.3901,6.0827,0.0000,0.0000,0.0324,-0.1859,0.9820,-0.2613,-0.1780,0.9487,-0.1122,-0.2142,0.9703,-0.1409,-0.0126,0.3603,Dark,
21.2514,5.3922,6.0918,0.0000,0.0000,0.0334,-0.1857,0.9820,-0.2607,-0.1779,0.9489,-0.1114,-0.2142,0.9704,-0.1409,-0.0126,0.3603,Dark,
21.2635,5.4076,6.0806,0.0000,0.0000,0.0369,-0.1848,0.9821,-0.2578,-0.1771,0.9498,-0.1081,-0.2133,0.9710,-0.1410,-0.0127,0.3603,Dark,
21.2740,5.4192,6.0945,0.0000,0.0000,0.0393,-0.1839,0.9822,-0.2558,-0.1764,0.9505,-0.1058,-0.2126,0.9714,-0.1410,-0.0127,0.3603,Dark,
21.2851,5.4132,6.1049,0.0000,0.0000,0.0405,-0.1834,0.9822,-0.2549,-0.1759,0.9508,-0.1047,-0.2121,0.9716,-0.1410,-0.0127,0.3603,Dark,
21.2963,5.4239,6.1262,0.0000,0.0000,0.0443,-0.1819,0.9823,-0.2517,-0.1745,0.9519,-0.1012,-0.2107,0.9723,-0.1410,-0.0127,0.3604,Dark,
21.3072,5.4365,6.1332,0.0000,0.0000,0.0596,-0.1748,0.9828,-0.2369,-0.1679,0.9569,-0.0856,-0.2039,0.9752,-0.1410,-0.0127,0.3604,Dark,
21.3185,5.4564,6.1185,0.0000,0.0000,0.0721,-0.1677,0.9832,-0.2258,-0.1612,0.9607,-0.0734,-0.1972,0.9776,-0.1411,-0.0127,0.3604,Dark,
21.3296,5.4649,6.1028,0.0000,0.0000,0.0723,-0.1678,0.9832,-0.2267,-0.1612,0.9605,-0.0737,-0.1974,0.9776,-0.1411,-0.0128,0.3604,Dark,
21.3409,5.4695,6.1069,0.0000,0.0000,0.0735,-0.1676,0.9831,-0.2264,-0.1610,0.9606,-0.0729,-0.1972,0.9776,-0.1411,-0.0127,0.3605,Dark,
21.3521,5.4580,6.1068,0.0000,0.0000,0.0716,-0.1693,0.9830,-0.2306,-0.1626,0.9594,-0.0760,-0.1992,0.9770,-0.1412,-0.0128,0.3605,Dark,
21.3631,5.4539,6.1040,0.0000,0.0000,0.0707,-0.1704,0.9828,-0.2326,-0.1636,0.9587,-0.0775,-0.2004,0.9766,-0.1412,-0.0128,0.3605,Dark,
21.3746,5.4508,6.1018,0.0000,0.0000,0.0673,-0.1729,0.9826,-0.2373,-0.1660,0.9572,-0.0817,-0.2030,0.9758,-0.1412,-0.0128,0.3606,Dark,
21.3854,5.4530,6.0904,0.0000,0.0000,0.0653,-0.1742,0.9825,-0.2418,-0.1671,0.9558,-0.0850,-0.2045,0.9752,-0.1413,-0.0128,0.3606,Dark,
21.3963,5.4558,6.0846,0.0000,0.0000,0.0644,-0.1753,0.9824,-0.2439,-0.1682,0.9551,-0.0865,-0.2057,0.9748,-0.1413,-0.0129,0.3606,Dark,
21.4076,5.4580,6.0879,0.0000,0.0000,0.0637,-0.1763,0.9823,-0.2458,-0.1691,0.9545,-0.0878,-0.2068,0.9744,-0.1414,-0.0129,0.3606,Dark,
21.4190,5.4818,6.0968,0.0000,0.0000,0.0626,-0.1771,0.9822,-0.2491,-0.1697,0.9535,-0.0901,-0.2078,0.9740,-0.1414,-0.0129,0.3607,Dark,
21.4297,5.4712,6.1019,0.0000,0.0000,0.0619,-0.1779,0.9821,-0.2510,-0.1705,0.9528,-0.0914,-0.2087,0.9737,-0.1415,-0.0130,0.3607,Dark,
21.4408,5.4616,6.1078,0.0000,0.0000,0.0615,-0.1785,0.9820,-0.2527,-0.1711,0.9523,-0.0924,-0.2095,0.9734,-0.1415,-0.0129,0.3607,Dark,
21.4519,5.4621,6.1141,0.0000,0.0000,0.0610,-0.1795,0.9819,-0.2552,-0.1719,0.9515,-0.0940,-0.2106,0.9730,-0.1416,-0.0130,0.3607,Dark,
21.4633,5.4619,6.1128,0.0000,0.0000,0.0602,-0.1801,0.9818,-0.2570,-0.1726,0.9509,-0.0953,-0.2114,0.9727,-0.1417,-0.0131,0.3607,Dark,
21.4746,5.4951,6.1046,0.0000,0.0000,0.0583,-0.1807,0.9818,-0.2607,-0.1730,0.9498,-0.0982,-0.2121,0.9723,-0.1417,-0.0130,0.3608,Dark,
21.4853,5.5048,6.0990,0.0000,0.0000,0.0581,-0.1810,0.9818,-0.2617,-0.1733,0.9495,-0.0988,-0.2125,0.9721,-0.1418,-0.0131,0.3608,Dark,
21.4966,5.5108,6.1010,0.0000,0.0000,0.0577,-0.1808,0.9818,-0.2628,-0.1731,0.9492,-0.0996,-0.2124,0.9721,-0.1418,-0.0132,0.3608,Dark,
21.5080,5.5048,6.1054,0.0000,0.0000,0.0559,-0.1815,0.9818,-0.2659,-0.1736,0.9482,-0.1021,-0.2132,0.9717,-0.1419,-0.0132,0.3608,Dark,
21.5188,5.5078,6.1074,0.0000,0.0000,0.0551,-0.1819,0.9818,-0.2675,-0.1741,0.9477,-0.1033,-0.2137,0.9714,-0.1419,-0.0132,0.3608,Dark,
21.5298,5.5109,6.1125,0.0000,0.0000,0.0542,-0.1823,0.9818,-0.2691,-0.1743,0.9472,-0.1046,-0.2141,0.9712,-0.1420,-0.0133,0.3608,Dark,
21.5410,5.5089,6.1050,0.0000,0.0000,0.0519,-0.1833,0.9817,-0.2727,-0.1753,0.9460,-0.1076,-0.2153,0.9706,-0.1420,-0.0132,0.3609,Dark,
21.5521,5.5043,6.0958,0.0000,0.0000,0.0509,-0.1837,0.9817,-0.2742,-0.1756,0.9455,-0.1090,-0.2157,0.9704,-0.1421,-0.0132,0.3609,Dark,
21.5634,5.4998,6.0902,0.0000,0.0000,0.0500,-0.1841,0.9816,-0.2756,-0.1759,0.9450,-0.1101,-0.2161,0.9701,-0.1421,-0.0133,0.3609,Dark,
21.5746,5.4814,6.0918,0.0000,0.0000,0.0477,-0.1853,0.9815,-0.2788,-0.1770,0.9439,-0.1130,-0.2174,0.9695,-0.1422,-0.0132,0.3610,Dark,
21.5860,5.4904,6.0981,0.0000,0.0000,0.0465,-0.1858,0.9815,-0.2804,-0.1773,0.9434,-0.1144,-0.2178,0.9693,-0.1422,-0.0133,0.3610,Dark,
21.5966,5.4987,6.0984,0.0000,0.0000,0.0454,-0.1862,0.9815,-0.2817,-0.1777,0.9429,-0.1157,-0.2183,0.9690,-0.1423,-0.0133,0.3610,Dark,
21.6081,5.4833,6.0951,0.0000,0.0000,0.0428,-0.1879,0.9813,-0.2848,-0.1792,0.9417,-0.1186,-0.2199,0.9683,-0.1423,-0.0133,0.3610,Dark,
21.6195,5.4823,6.0921,0.0000,0.0000,0.0414,-0.1889,0.9811,-0.2864,-0.1801,0.9410,-0.1201,-0.2209,0.9679,-0.1423,-0.0133,0.3611,Dark,
21.6301,5.4807,6.0914,0.0000,0.0000,0.0403,-0.1898,0.9810,-0.2876,-0.1811,0.9405,-0.1214,-0.2219,0.9675,-0.1424,-0.0134,0.3611,Dark,
21.6417,5.4790,6.0984,0.0000,0.0000,0.0385,-0.1911,0.9808,-0.2897,-0.1823,0.9396,-0.1234,-0.2232,0.9669,-0.1424,-0.0133,0.3611,Dark,
21.6525,5.4794,6.1041,0.0000,0.0000,0.0370,-0.1918,0.9807,-0.2913,-0.1830,0.9390,-0.1250,-0.2239,0.9666,-0.1425,-0.0134,0.3611,Dark,
21.6636,5.4792,6.1077,0.0000,0.0000,0.0360,-0.1923,0.9807,-0.2922,-0.1833,0.9386,-0.1260,-0.2243,0.9663,-0.1425,-0.0134,0.3611,Dark,
21.6755,5.4830,6.1048,0.0000,0.0000,0.0336,-0.1934,0.9806,-0.2947,-0.1844,0.9376,-0.1286,-0.2254,0.9658,-0.1425,-0.0134,0.3611,Dark,
21.6865,5.4873,6.0997,0.0000,0.0000,0.0321,-0.1942,0.9804,-0.2963,-0.1851,0.9370,-0.1301,-0.2262,0.9654,-0.1425,-0.0134,0.3611,Dark,
21.6969,5.4908,6.1006,0.0000,0.0000,0.0310,-0.1947,0.9804,-0.2974,-0.1857,0.9365,-0.1314,-0.2267,0.9651,-0.1426,-0.0134,0.3611,Dark,
21.7083,5.4906,6.1046,0.0000,0.0000,0.0291,-0.1954,0.9803,-0.2993,-0.1864,0.9358,-0.1333,-0.2274,0.9646,-0.1426,-0.0134,0.3611,Dark,
21.7197,5.5057,6.1073,0.0000,0.0000,0.0279,-0.1958,0.9802,-0.3004,-0.1868,0.9354,-0.1345,-0.2278,0.9644,-0.1427,-0.0134,0.3611,Dark,
21.7304,5.5094,6.1108,0.0000,0.0000,0.0260,-0.1964,0.9802,-0.3021,-0.1873,0.9347,-0.1364,-0.2284,0.9640,-0.1427,-0.0135,0.3610,Dark,
21.7420,5.5015,6.0943,0.0000,0.0000,0.0259,-0.1966,0.9801,-0.3021,-0.1876,0.9347,-0.1364,-0.2286,0.9639,-0.1428,-0.0134,0.3610,Dark,
21.7529,5.5002,6.0805,0.0000,0.0000,0.0254,-0.1967,0.9801,-0.3024,-0.1877,0.9345,-0.1368,-0.2287,0.9638,-0.1428,-0.0134,0.3610,Dark,
21.7640,5.4687,6.0773,0.0000,0.0000,0.0221,-0.1963,0.9803,-0.3053,-0.1871,0.9337,-0.1400,-0.2282,0.9635,-0.1429,-0.0134,0.3610,Dark,
21.7760,5.4457,6.0585,0.0000,0.0000,0.0161,-0.1902,0.9816,-0.3123,-0.1804,0.9327,-0.1468,-0.2219,0.9640,-0.1429,-0.0134,0.3610,Dark,
21.7861,5.4227,6.0443,0.0000,0.0000,0.0104,-0.1871,0.9823,-0.3168,-0.1770,0.9318,-0.1522,-0.2185,0.9639,-0.1430,-0.0134,0.3609,Dark,
21.7975,5.3829,6.0460,0.0000,0.0000,0.0019,-0.1810,0.9835,-0.3231,-0.1705,0.9309,-0.1600,-0.2119,0.9641,-0.1430,-0.0134,0.3609,Dark,
21.8087,5.3684,6.0530,0.0000,0.0000,-0.0003,-0.1789,0.9839,-0.3238,-0.1684,0.9310,-0.1614,-0.2096,0.9644,-0.1430,-0.0134,0.3609,Dark,
21.8197,5.3743,6.0604,0.0000,0.0000,-0.0038,-0.1769,0.9842,-0.3254,-0.1663,0.9308,-0.1641,-0.2073,0.9644,-0.1431,-0.0134,0.3609,Dark,
21.8308,5.3875,6.0671,0.0000,0.0000,-0.0063,-0.1738,0.9848,-0.3233,-0.1633,0.9321,-0.1643,-0.2037,0.9651,-0.1431,-0.0134,0.3609,Dark,
21.8427,5.3937,6.0660,0.0000,0.0000,-0.0074,-0.1728,0.9849,-0.3223,-0.1623,0.9326,-0.1644,-0.2025,0.9654,-0.1431,-0.0134,0.3609,Dark,
21.8530,5.4003,6.0741,0.0000,0.0000,-0.0100,-0.1706,0.9853,-0.3212,-0.1601,0.9334,-0.1652,-0.1998,0.9658,-0.1431,-0.0134,0.3609,Dark,
21.8640,5.4003,6.0823,0.0000,0.0000,-0.0115,-0.1694,0.9855,-0.3208,-0.1590,0.9337,-0.1657,-0.1984,0.9660,-0.1432,-0.0134,0.3610,Dark,
21.8756,5.4001,6.0894,0.0000,0.0000,-0.0158,-0.1674,0.9858,-0.3233,-0.1569,0.9332,-0.1693,-0.1962,0.9659,-0.1431,-0.0134,0.3610,Dark,
21.8863,5.3976,6.0793,0.0000,0.0000,-0.0129,-0.1678,0.9857,-0.3185,-0.1576,0.9347,-0.1653,-0.1965,0.9665,-0.1432,-0.0134,0.3610,Dark,
21.8978,5.3941,6.0830,0.0000,0.0000,-0.0175,-0.1649,0.9862,-0.3194,-0.1547,0.9349,-0.1681,-0.1931,0.9667,-0.1432,-0.0135,0.3610,Dark,
21.9093,5.4063,6.0830,0.0000,0.0000,-0.0176,-0.1642,0.9863,-0.3181,-0.1541,0.9355,-0.1675,-0.1922,0.9669,-0.1432,-0.0135,0.3610,Dark,
21.9202,5.4142,6.0764,0.0000,0.0000,-0.0151,-0.1642,0.9863,-0.3125,-0.1544,0.9373,-0.1633,-0.1920,0.9677,-0.1432,-0.0135,0.3610,Dark,
21.9308,5.4151,6.0702,0.0000,0.0000,-0.0154,-0.1640,0.9863,-0.3111,-0.1544,0.9377,-0.1627,-0.1917,0.9679,-0.1433,-0.0136,0.3611,Dark,
21.9422,5.4151,6.0792,0.0000,0.0000,-0.0158,-0.1636,0.9864,-0.3100,-0.1540,0.9382,-0.1624,-0.1911,0.9680,-0.1433,-0.0135,0.3611,Dark,
21.9534,5.4221,6.0872,0.0000,0.0000,-0.0163,-0.1632,0.9865,-0.3091,-0.1537,0.9385,-0.1621,-0.1906,0.9682,-0.1433,-0.0136,0.3611,Dark,
21.9641,5.4315,6.0908,0.0000,0.0000,-0.0172,-0.1613,0.9867,-0.3076,-0.1519,0.9393,-0.1618,-0.1885,0.9686,-0.1433,-0.0136,0.3611,Dark,
21.9760,5.4309,6.0882,0.0000,0.0000,-0.0171,-0.1612,0.9868,-0.3062,-0.1518,0.9398,-0.1611,-0.1882,0.9688,-0.1433,-0.0135,0.3611,Dark,
21.9865,5.4372,6.0877,0.0000,0.0000,-0.0171,-0.1612,0.9868,-0.3039,-0.1520,0.9405,-0.1599,-0.1880,0.9691,-0.1433,-0.0136,0.3611,Dark,
21.9979,5.4422,6.0890,0.0000,0.0000,-0.0173,-0.1608,0.9868,-0.3031,-0.1516,0.9408,-0.1596,-0.1875,0.9692,-0.1433,-0.0136,0.3611,Dark,
22.0091,5.4446,6.0909,0.0000,0.0000,-0.0174,-0.1607,0.9868,-0.3022,-0.1516,0.9411,-0.1592,-0.1874,0.9693,-0.1434,-0.0136,0.3611,Dark,
22.0200,5.4464,6.1026,0.0000,0.0000,-0.0176,-0.1605,0.9869,-0.3008,-0.1514,0.9416,-0.1586,-0.1870,0.9695,-0.1434,-0.0136,0.3611,Dark,
22.0315,5.4453,6.1019,0.0000,0.0000,-0.0177,-0.1603,0.9869,-0.3002,-0.1513,0.9418,-0.1583,-0.1867,0.9696,-0.1434,-0.0136,0.3611,Dark,
22.0429,5.4426,6.1008,0.0000,0.0000,-0.0177,-0.1599,0.9870,-0.2994,-0.1509,0.9421,-0.1579,-0.1862,0.9697,-0.1434,-0.0135,0.3611,Dark,
22.0536,5.4406,6.1159,0.0000,0.0000,-0.0179,-0.1594,0.9870,-0.2983,-0.1505,0.9425,-0.1574,-0.1857,0.9699,-0.1434,-0.0135,0.3611,Dark,
22.0644,5.4407,6.1238,0.0000,0.0000,-0.0177,-0.1589,0.9871,-0.2975,-0.1500,0.9429,-0.1569,-0.1851,0.9701,-0.1434,-0.0135,0.3612,Dark,
22.0760,5.4478,6.1302,0.0000,0.0000,-0.0181,-0.1585,0.9872,-0.2971,-0.1497,0.9430,-0.1569,-0.1846,0.9702,-0.1434,-0.0135,0.3612,Dark,
22.0869,5.4605,6.1158,0.0000,0.0000,-0.0237,-0.1552,0.9876,-0.3006,-0.1462,0.9425,-0.1616,-0.1809,0.9701,-0.1434,-0.0135,0.3612,Dark,
22.0980,5.4656,6.1026,0.0000,0.0000,-0.0262,-0.1540,0.9877,-0.3018,-0.1450,0.9423,-0.1635,-0.1796,0.9701,-0.1434,-0.0135,0.3612,Dark,
22.1095,5.4726,6.0971,0.0000,0.0000,-0.0327,-0.1528,0.9877,-0.3048,-0.1437,0.9415,-0.1684,-0.1779,0.9695,-0.1435,-0.0135,0.3612,Dark,
22.1204,5.4737,6.1032,0.0000,0.0000,-0.0355,-0.1528,0.9876,-0.3061,-0.1437,0.9411,-0.1706,-0.1778,0.9692,-0.1435,-0.0135,0.3612,Dark,
22.1316,5.4744,6.1018,0.0000,0.0000,-0.0369,-0.1528,0.9876,-0.3064,-0.1436,0.9410,-0.1714,-0.1776,0.9691,-0.1435,-0.0135,0.3612,Dark,
22.1431,5.4751,6.0909,0.0000,0.0000,-0.0389,-0.1527,0.9875,-0.3063,-0.1436,0.9410,-0.1724,-0.1774,0.9689,-0.1435,-0.0135,0.3612,Dark,
22.1541,5.4784,6.0818,0.0000,0.0000,-0.0391,-0.1528,0.9875,-0.3055,-0.1437,0.9413,-0.1721,-0.1773,0.9690,-0.1435,-0.0135,0.3612,Dark,Start Blue Sphere at Center for 0.5s
22.1648,5.4812,6.0801,0.0000,0.0000,-0.0399,-0.1523,0.9875,-0.3057,-0.1433,0.9413,-0.1726,-0.1768,0.9690,-0.1435,-0.0135,0.3612,Dark,Start Blue Sphere at Center for 0.5s
22.1763,5.4705,6.0741,0.0000,0.0000,-0.0405,-0.1529,0.9874,-0.3051,-0.1439,0.9414,-0.1726,-0.1773,0.9689,-0.1435,-0.0135,0.3612,Dark,Start Blue Sphere at Center for 0.5s
22.1877,5.4819,6.0698,0.0000,0.0000,-0.0413,-0.1531,0.9873,-0.3053,-0.1441,0.9413,-0.1731,-0.1774,0.9688,-0.1435,-0.0135,0.3612,Dark,Start Blue Sphere at Center for 0.5s
22.1982,5.4915,6.0651,0.0000,0.0000,-0.0410,-0.1531,0.9874,-0.3045,-0.1441,0.9416,-0.1725,-0.1773,0.9689,-0.1435,-0.0136,0.3612,Dark,Start Blue Sphere at Center for 0.5s
22.2097,5.5030,6.0680,0.0000,0.0000,-0.0423,-0.1526,0.9874,-0.3047,-0.1437,0.9415,-0.1733,-0.1768,0.9689,-0.1435,-0.0135,0.3612,Dark,Start Blue Sphere at Center for 0.5s
22.2208,5.4993,6.0749,0.0000,0.0000,-0.0428,-0.1526,0.9874,-0.3049,-0.1437,0.9415,-0.1736,-0.1767,0.9688,-0.1435,-0.0135,0.3612,Dark,Start Blue Sphere at Center for 0.5s
22.2316,5.4946,6.0632,0.0000,0.0000,-0.0430,-0.1524,0.9874,-0.3048,-0.1436,0.9415,-0.1737,-0.1765,0.9689,-0.1436,-0.0135,0.3612,Dark,Start Blue Sphere at Center for 0.5s
22.2433,5.4823,6.0546,0.0000,0.0000,-0.0433,-0.1520,0.9874,-0.3046,-0.1431,0.9417,-0.1737,-0.1760,0.9689,-0.1435,-0.0135,0.3612,Dark,Start Blue Sphere at Center for 0.5s
22.2540,5.4879,6.0556,0.0000,0.0000,-0.0437,-0.1514,0.9875,-0.3048,-0.1425,0.9417,-0.1741,-0.1754,0.9690,-0.1435,-0.0135,0.3612,Dark,Start Blue Sphere at Center for 0.5s
22.2651,5.4934,6.0555,0.0000,0.0000,-0.0437,-0.1509,0.9876,-0.3046,-0.1419,0.9419,-0.1740,-0.1748,0.9691,-0.1435,-0.0135,0.3612,Dark,Start Blue Sphere at Center for 0.5s
22.2763,5.4810,6.0630,0.0000,0.0000,-0.0391,-0.1483,0.9882,-0.2976,-0.1396,0.9444,-0.1680,-0.1721,0.9706,-0.1435,-0.0134,0.3612,Dark,Start Blue Sphere at Center for 0.5s
22.2875,5.4755,6.0670,0.0000,0.0000,-0.0241,-0.1450,0.9891,-0.2825,-0.1369,0.9495,-0.1526,-0.1690,0.9737,-0.1435,-0.0134,0.3612,Dark,Start Blue Sphere at Center for 0.5s
22.2986,5.4706,6.0599,0.0000,0.0000,-0.0140,-0.1437,0.9895,-0.2704,-0.1360,0.9531,-0.1412,-0.1676,0.9757,-0.1435,-0.0134,0.3612,Dark,Start Blue Sphere at Center for 0.5s
22.3097,5.4636,6.0504,0.0000,0.0000,-0.0083,-0.1445,0.9895,-0.2631,-0.1372,0.9549,-0.1345,-0.1685,0.9765,-0.1435,-0.0134,0.3612,Dark,Start Blue Sphere at Center for 0.5s
22.3207,5.4640,6.0475,0.0000,0.0000,-0.0066,-0.1443,0.9895,-0.2610,-0.1371,0.9555,-0.1325,-0.1683,0.9768,-0.1435,-0.0134,0.3612,Dark,Start Blue Sphere at Center for 0.5s
22.3318,5.4796,6.0466,0.0000,0.0000,-0.0048,-0.1437,0.9896,-0.2583,-0.1366,0.9564,-0.1302,-0.1676,0.9772,-0.1435,-0.0134,0.3612,Dark,Start Blue Sphere at Center for 0.5s
22.3432,5.4922,6.0490,0.0000,0.0000,-0.0031,-0.1434,0.9897,-0.2558,-0.1364,0.9570,-0.1281,-0.1672,0.9776,-0.1435,-0.0134,0.3612,Dark,Start Blue Sphere at Center for 0.5s
22.3543,5.5023,6.0508,0.0000,0.0000,0.0012,-0.1424,0.9898,-0.2508,-0.1357,0.9585,-0.1234,-0.1663,0.9783,-0.1435,-0.0134,0.3612,Dark,Start Blue Sphere at Center for 0.5s
22.3653,5.4960,6.0610,0.0000,0.0000,0.0057,-0.1426,0.9898,-0.2461,-0.1360,0.9596,-0.1186,-0.1665,0.9789,-0.1435,-0.0134,0.3612,Dark,Start Blue Sphere at Center for 0.5s
22.3765,5.4883,6.0683,0.0000,0.0000,0.0070,-0.1430,0.9897,-0.2450,-0.1365,0.9599,-0.1174,-0.1670,0.9789,-0.1435,-0.0134,0.3611,Dark,Start Blue Sphere at Center for 0.5s
22.3875,5.4805,6.0689,0.0000,0.0000,0.0074,-0.1435,0.9896,-0.2447,-0.1371,0.9598,-0.1170,-0.1676,0.9789,-0.1435,-0.0134,0.3611,Dark,Start Blue Sphere at Center for 0.5s
22.3987,5.4827,6.0731,0.0000,0.0000,0.0062,-0.1445,0.9895,-0.2463,-0.1381,0.9593,-0.1184,-0.1686,0.9785,-0.1436,-0.0135,0.3611,Dark,Start Blue Sphere at Center for 0.5s
22.4099,5.4887,6.0759,0.0000,0.0000,0.0049,-0.1449,0.9894,-0.2479,-0.1385,0.9588,-0.1199,-0.1691,0.9783,-0.1436,-0.0134,0.3611,Dark,Start Blue Sphere at Center for 0.5s
22.4211,5.4937,6.0719,0.0000,0.0000,0.0033,-0.1454,0.9894,-0.2497,-0.1390,0.9583,-0.1217,-0.1696,0.9780,-0.1436,-0.0135,0.3611,Dark,Start Blue Sphere at Center for 0.5s
22.4320,5.4843,6.0755,0.0000,0.0000,-0.0008,-0.1465,0.9892,-0.2544,-0.1400,0.9569,-0.1262,-0.1707,0.9772,-0.1437,-0.0135,0.3610,Dark,Start Blue Sphere at Center for 0.5s
22.4434,5.4886,6.0809,0.0000,0.0000,-0.0016,-0.1469,0.9891,-0.2555,-0.1403,0.9566,-0.1271,-0.1711,0.9770,-0.1437,-0.0135,0.3610,Dark,Start Blue Sphere at Center for 0.5s
22.4546,5.4923,6.0853,0.0000,0.0000,-0.0034,-0.1475,0.9891,-0.2574,-0.1409,0.9560,-0.1290,-0.1717,0.9767,-0.1437,-0.0135,0.3610,Dark,Start Blue Sphere at Center for 0.5s
22.4661,5.4960,6.0907,0.0000,0.0000,-0.0067,-0.1483,0.9889,-0.2608,-0.1416,0.9549,-0.1325,-0.1725,0.9761,-0.1438,-0.0135,0.3610,Dark,Start Blue Sphere at Center for 0.5s
22.4767,5.5045,6.0911,0.0000,0.0000,-0.0084,-0.1486,0.9889,-0.2626,-0.1419,0.9544,-0.1342,-0.1728,0.9758,-0.1438,-0.0135,0.3609,Dark,Start Blue Sphere at Center for 0.5s
22.4877,5.5106,6.0909,0.0000,0.0000,-0.0098,-0.1488,0.9888,-0.2641,-0.1420,0.9540,-0.1357,-0.1730,0.9755,-0.1438,-0.0135,0.3609,Dark,Start Blue Sphere at Center for 0.5s
22.4990,5.5131,6.0900,0.0000,0.0000,-0.0125,-0.1498,0.9886,-0.2669,-0.1429,0.9531,-0.1386,-0.1739,0.9750,-0.1439,-0.0135,0.3609,Dark,Start Blue Sphere at Center for 0.5s
22.5102,5.5123,6.0895,0.0000,0.0000,-0.0139,-0.1503,0.9885,-0.2684,-0.1434,0.9526,-0.1400,-0.1744,0.9747,-0.1439,-0.0134,0.3608,Dark,Start Blue Sphere at Center for 0.5s
22.5211,5.5110,6.0967,0.0000,0.0000,-0.0155,-0.1508,0.9884,-0.2700,-0.1438,0.9521,-0.1416,-0.1749,0.9743,-0.1439,-0.0134,0.3608,Dark,Start Blue Sphere at Center for 0.5s
22.5324,5.5136,6.1110,0.0000,0.0000,-0.0187,-0.1523,0.9882,-0.2732,-0.1451,0.9509,-0.1450,-0.1763,0.9736,-0.1439,-0.0134,0.3608,Dark,Start Blue Sphere at Center for 0.5s
22.5438,5.5219,6.1176,0.0000,0.0000,-0.0204,-0.1529,0.9880,-0.2749,-0.1456,0.9504,-0.1467,-0.1768,0.9733,-0.1439,-0.0134,0.3608,Dark,Start Blue Sphere at Center for 0.5s
22.5547,5.5288,6.1194,0.0000,0.0000,-0.0220,-0.1536,0.9879,-0.2764,-0.1463,0.9498,-0.1483,-0.1775,0.9729,-0.1439,-0.0134,0.3608,Dark,Start Blue Sphere at Center for 0.5s
22.5657,5.5379,6.1359,0.0000,0.0000,-0.0249,-0.1555,0.9875,-0.2788,-0.1480,0.9489,-0.1510,-0.1793,0.9721,-0.1439,-0.0134,0.3608,Dark,Start Blue Sphere at Center for 0.5s
22.5771,5.5353,6.1490,0.0000,0.0000,-0.0252,-0.1584,0.9871,-0.2792,-0.1509,0.9483,-0.1514,-0.1822,0.9715,-0.1439,-0.0133,0.3607,Dark,Start Blue Sphere at Center for 0.5s
22.5881,5.5323,6.1627,0.0000,0.0000,-0.0215,-0.1627,0.9864,-0.2729,-0.1556,0.9494,-0.1462,-0.1865,0.9715,-0.1439,-0.0133,0.3607,Dark,Start Blue Sphere at Center for 0.5s
22.5993,5.5436,6.1844,0.0000,0.0000,-0.0105,-0.1688,0.9856,-0.2569,-0.1625,0.9527,-0.1324,-0.1923,0.9724,-0.1438,-0.0133,0.3607,Dark,Start Blue Sphere at Center for 0.5s
22.6107,5.5359,6.1914,0.0000,0.0000,-0.0072,-0.1711,0.9852,-0.2508,-0.1651,0.9539,-0.1276,-0.1944,0.9726,-0.1438,-0.0133,0.3607,Dark,Start Blue Sphere at Center for 0.5s
22.6216,5.5295,6.1976,0.0000,0.0000,-0.0041,-0.1724,0.9850,-0.2440,-0.1667,0.9553,-0.1226,-0.1955,0.9730,-0.1438,-0.0133,0.3608,Dark,Start Blue Sphere at Center for 0.5s
22.6328,5.5179,6.2100,0.0000,0.0000,-0.0012,-0.1731,0.9849,-0.2346,-0.1678,0.9575,-0.1163,-0.1957,0.9738,-0.1438,-0.0133,0.3608,Dark,Start Blue Sphere at Center for 0.5s
22.6438,5.5086,6.2159,0.0000,0.0000,0.0003,-0.1735,0.9848,-0.2303,-0.1684,0.9584,-0.1134,-0.1958,0.9741,-0.1438,-0.0133,0.3608,Dark,Start Blue Sphere at Center for 0.5s
22.6549,5.5250,6.2405,0.0000,0.0000,0.0026,-0.1735,0.9848,-0.2225,-0.1687,0.9602,-0.1083,-0.1953,0.9747,-0.1438,-0.0133,0.3608,Dark,Stop Blue Sphere at Center
22.6660,5.5443,6.2424,0.0000,0.0000,0.0018,-0.1721,0.9851,-0.2208,-0.1673,0.9609,-0.1078,-0.1936,0.9751,-0.1438,-0.0133,0.3608,Dark,Stop Blue Sphere at Center
22.6771,5.5364,6.2430,0.0000,0.0000,0.0021,-0.1729,0.9849,-0.2185,-0.1682,0.9613,-0.1065,-0.1942,0.9752,-0.1437,-0.0133,0.3609,Dark,Stop Blue Sphere at Center
22.6881,5.5355,6.2468,0.0000,0.0000,0.0016,-0.1733,0.9849,-0.2157,-0.1687,0.9618,-0.1054,-0.1943,0.9753,-0.1437,-0.0133,0.3609,Dark,Stop Blue Sphere at Center
22.6996,5.5394,6.2464,0.0000,0.0000,0.0002,-0.1732,0.9849,-0.2159,-0.1686,0.9618,-0.1062,-0.1941,0.9752,-0.1437,-0.0133,0.3609,Dark,Stop Blue Sphere at Center
22.7107,5.5428,6.2466,0.0000,0.0000,-0.0011,-0.1733,0.9849,-0.2162,-0.1686,0.9617,-0.1071,-0.1940,0.9751,-0.1437,-0.0133,0.3609,Dark,Stop Blue Sphere at Center
22.7216,5.5599,6.2211,0.0000,0.0000,-0.0019,-0.1741,0.9847,-0.2150,-0.1695,0.9618,-0.1069,-0.1947,0.9750,-0.1437,-0.0133,0.3610,Dark,Stop Blue Sphere at Center
22.7328,5.5687,6.2373,0.0000,0.0000,-0.0045,-0.1708,0.9853,-0.2180,-0.1660,0.9617,-0.1098,-0.1913,0.9754,-0.1437,-0.0133,0.3610,Dark,Stop Blue Sphere at Center
22.7445,5.5832,6.2517,0.0000,0.0000,-0.0229,-0.1688,0.9854,-0.2334,-0.1634,0.9586,-0.1270,-0.1887,0.9738,-0.1437,-0.0133,0.3610,Dark,Stop Blue Sphere at Center
22.7553,5.5898,6.2096,0.0000,0.0000,-0.0709,-0.1671,0.9834,-0.2834,-0.1598,0.9456,-0.1769,-0.1864,0.9664,-0.1437,-0.0133,0.3610,Dark,
22.7666,5.5845,6.1999,0.0000,0.0000,-0.0794,-0.1668,0.9828,-0.2946,-0.1590,0.9423,-0.1869,-0.1862,0.9646,-0.1437,-0.0133,0.3611,Dark,
22.7777,5.5812,6.1910,0.0000,0.0000,-0.0814,-0.1670,0.9826,-0.2985,-0.1590,0.9411,-0.1899,-0.1865,0.9639,-0.1437,-0.0133,0.3611,Dark,
22.7885,5.5677,6.1545,0.0000,0.0000,-0.0825,-0.1672,0.9825,-0.3041,-0.1589,0.9393,-0.1933,-0.1871,0.9631,-0.1437,-0.0134,0.3611,Dark,
22.7998,5.5603,6.1421,0.0000,0.0000,-0.0825,-0.1676,0.9824,-0.3065,-0.1591,0.9385,-0.1946,-0.1877,0.9628,-0.1437,-0.0134,0.3612,Dark,
22.8110,5.5529,6.1320,0.0000,0.0000,-0.0826,-0.1681,0.9823,-0.3085,-0.1596,0.9377,-0.1957,-0.1884,0.9624,-0.1437,-0.0134,0.3612,Dark,
22.8227,5.5436,6.1114,0.0000,0.0000,-0.0823,-0.1684,0.9823,-0.3120,-0.1597,0.9366,-0.1974,-0.1890,0.9619,-0.1437,-0.0134,0.3612,Dark,
22.8332,5.5419,6.1032,0.0000,0.0000,-0.0949,-0.1669,0.9814,-0.3255,-0.1576,0.9323,-0.2107,-0.1874,0.9594,-0.1437,-0.0134,0.3612,Dark,
22.8444,5.5551,6.1092,0.0000,0.0000,-0.0925,-0.1676,0.9815,-0.3262,-0.1583,0.9320,-0.2098,-0.1885,0.9594,-0.1438,-0.0134,0.3612,Dark,
22.8570,5.5531,6.1223,0.0000,0.0000,-0.0812,-0.1677,0.9825,-0.3168,-0.1587,0.9351,-0.1993,-0.1889,0.9616,-0.1438,-0.0135,0.3612,Dark,
22.8666,5.5509,6.1336,0.0000,0.0000,-0.0896,-0.1680,0.9817,-0.3260,-0.1586,0.9320,-0.2083,-0.1891,0.9596,-0.1438,-0.0135,0.3613,Dark,
22.8781,5.5460,6.1498,0.0000,0.0000,-0.0868,-0.1678,0.9820,-0.3254,-0.1585,0.9322,-0.2065,-0.1892,0.9600,-0.1438,-0.0135,0.3613,Dark,
22.8888,5.5436,6.1483,0.0000,0.0000,-0.0858,-0.1678,0.9821,-0.3256,-0.1585,0.9321,-0.2061,-0.1894,0.9600,-0.1438,-0.0135,0.3613,Dark,
22.9001,5.5498,6.1460,0.0000,0.0000,-0.0847,-0.1675,0.9822,-0.3255,-0.1582,0.9322,-0.2056,-0.1892,0.9602,-0.1438,-0.0135,0.3613,Dark,
22.9114,5.5536,6.1182,0.0000,0.0000,-0.0825,-0.1672,0.9825,-0.3252,-0.1579,0.9324,-0.2043,-0.1891,0.9605,-0.1439,-0.0134,0.3612,Dark,
22.9222,5.5512,6.1063,0.0000,0.0000,-0.0813,-0.1675,0.9825,-0.3249,-0.1582,0.9324,-0.2035,-0.1895,0.9606,-0.1439,-0.0135,0.3612,Dark,
22.9336,5.5441,6.0976,0.0000,0.0000,-0.0807,-0.1675,0.9826,-0.3251,-0.1582,0.9324,-0.2033,-0.1896,0.9606,-0.1439,-0.0134,0.3612,Dark,
22.9447,5.5368,6.0848,0.0000,0.0000,-0.0797,-0.1677,0.9826,-0.3254,-0.1584,0.9322,-0.2029,-0.1899,0.9606,-0.1439,-0.0134,0.3612,Dark,
22.9559,5.5372,6.0862,0.0000,0.0000,-0.0792,-0.1677,0.9826,-0.3257,-0.1584,0.9321,-0.2028,-0.1900,0.9606,-0.1439,-0.0134,0.3612,Dark,
22.9669,5.5433,6.0877,0.0000,0.0000,-0.0789,-0.1676,0.9827,-0.3260,-0.1582,0.9320,-0.2029,-0.1899,0.9606,-0.1439,-0.0134,0.3612,Dark,
22.9780,5.5511,6.0839,0.0000,0.0000,-0.0785,-0.1675,0.9827,-0.3267,-0.1580,0.9318,-0.2030,-0.1899,0.9606,-0.1439,-0.0134,0.3612,Dark,
22.9894,5.5523,6.0874,0.0000,0.0000,-0.0779,-0.1672,0.9828,-0.3266,-0.1577,0.9319,-0.2026,-0.1897,0.9607,-0.1439,-0.0134,0.3613,Dark,
23.0002,5.5512,6.0902,0.0000,0.0000,-0.0782,-0.1672,0.9828,-0.3273,-0.1575,0.9317,-0.2031,-0.1897,0.9606,-0.1438,-0.0134,0.3613,Dark,
23.0118,5.5447,6.0894,0.0000,0.0000,-0.0782,-0.1672,0.9828,-0.3281,-0.1574,0.9315,-0.2036,-0.1896,0.9605,-0.1438,-0.0133,0.3613,Dark,
23.0226,5.5408,6.0932,0.0000,0.0000,-0.0785,-0.1673,0.9828,-0.3286,-0.1574,0.9312,-0.2040,-0.1898,0.9604,-0.1437,-0.0133,0.3612,Dark,
23.0335,5.5431,6.0990,0.0000,0.0000,-0.0790,-0.1673,0.9827,-0.3296,-0.1573,0.9309,-0.2048,-0.1897,0.9602,-0.1437,-0.0134,0.3612,Dark,
23.0448,5.5321,6.1017,0.0000,0.0000,-0.0795,-0.1677,0.9826,-0.3303,-0.1576,0.9306,-0.2054,-0.1902,0.9600,-0.1436,-0.0133,0.3612,Dark,
23.0558,5.5231,6.1019,0.0000,0.0000,-0.0797,-0.1681,0.9825,-0.3308,-0.1579,0.9304,-0.2058,-0.1905,0.9599,-0.1436,-0.0133,0.3612,Dark,
23.0671,5.5374,6.1063,0.0000,0.0000,-0.0795,-0.1680,0.9826,-0.3309,-0.1578,0.9304,-0.2057,-0.1904,0.9599,-0.1435,-0.0133,0.3612,Dark,
23.0785,5.5352,6.1101,0.0000,0.0000,-0.0790,-0.1678,0.9826,-0.3307,-0.1576,0.9305,-0.2054,-0.1903,0.9600,-0.1434,-0.0133,0.3611,Dark,
23.0892,5.5339,6.1269,0.0000,0.0000,-0.0711,-0.1665,0.9835,-0.3206,-0.1568,0.9342,-0.1961,-0.1889,0.9622,-0.1434,-0.0133,0.3611,Dark,
23.1004,5.5196,6.1362,0.0000,0.0000,-0.0387,-0.1624,0.9860,-0.2877,-0.1541,0.9452,-0.1627,-0.1853,0.9691,-0.1433,-0.0132,0.3611,Dark,
23.1116,5.5036,6.1310,0.0000,0.0000,-0.0329,-0.1632,0.9861,-0.2822,-0.1551,0.9467,-0.1569,-0.1862,0.9699,-0.1432,-0.0132,0.3611,Dark,
23.1228,5.4915,6.1232,0.0000,0.0000,-0.0284,-0.1639,0.9861,-0.2775,-0.1562,0.9479,-0.1522,-0.1871,0.9705,-0.1432,-0.0133,0.3610,Dark,
23.1339,5.4865,6.1161,0.0000,0.0000,-0.0249,-0.1644,0.9861,-0.2743,-0.1568,0.9488,-0.1487,-0.1877,0.9709,-0.1432,-0.0132,0.3610,Dark,
23.1455,5.4794,6.0916,0.0000,0.0000,-0.0216,-0.1658,0.9859,-0.2709,-0.1584,0.9495,-0.1453,-0.1892,0.9711,-0.1431,-0.0132,0.3609,Dark,
23.1562,5.4768,6.0882,0.0000,0.0000,-0.0200,-0.1661,0.9859,-0.2692,-0.1586,0.9499,-0.1436,-0.1894,0.9713,-0.1431,-0.0132,0.3609,Dark,
23.1673,5.4785,6.0818,0.0000,0.0000,-0.0197,-0.1659,0.9859,-0.2690,-0.1585,0.9500,-0.1434,-0.1892,0.9714,-0.1431,-0.0132,0.3609,Dark,
23.1791,5.4743,6.0789,0.0000,0.0000,-0.0200,-0.1662,0.9859,-0.2694,-0.1587,0.9499,-0.1438,-0.1895,0.9713,-0.1431,-0.0132,0.3609,Dark,
23.1896,5.4710,6.0877,0.0000,0.0000,-0.0215,-0.1663,0.9858,-0.2708,-0.1587,0.9495,-0.1452,-0.1895,0.9711,-0.1431,-0.0132,0.3608,Dark,
23.2007,5.4672,6.1030,0.0000,0.0000,-0.0228,-0.1664,0.9858,-0.2722,-0.1588,0.9490,-0.1466,-0.1896,0.9708,-0.1431,-0.0131,0.3608,Dark,
23.2119,5.4751,6.1095,0.0000,0.0000,-0.0234,-0.1662,0.9858,-0.2730,-0.1586,0.9489,-0.1473,-0.1895,0.9708,-0.1430,-0.0131,0.3608,Dark,
23.2233,5.4822,6.1104,0.0000,0.0000,-0.0238,-0.1662,0.9858,-0.2734,-0.1585,0.9488,-0.1477,-0.1894,0.9707,-0.1430,-0.0131,0.3608,Dark,
23.2342,5.4775,6.1053,0.0000,0.0000,-0.0245,-0.1663,0.9858,-0.2743,-0.1585,0.9485,-0.1485,-0.1895,0.9706,-0.1430,-0.0131,0.3608,Dark,
23.2455,5.4833,6.1014,0.0000,0.0000,-0.0248,-0.1664,0.9857,-0.2748,-0.1586,0.9483,-0.1490,-0.1897,0.9705,-0.1430,-0.0131,0.3608,Dark,
23.2564,5.4876,6.1022,0.0000,0.0000,-0.0248,-0.1666,0.9857,-0.2749,-0.1588,0.9483,-0.1490,-0.1898,0.9704,-0.1430,-0.0131,0.3608,Dark,
23.2676,5.4890,6.1116,0.0000,0.0000,-0.0246,-0.1668,0.9857,-0.2749,-0.1590,0.9482,-0.1489,-0.1900,0.9704,-0.1430,-0.0131,0.3608,Dark,
23.2789,5.4898,6.1185,0.0000,0.0000,-0.0245,-0.1667,0.9857,-0.2750,-0.1589,0.9482,-0.1489,-0.1900,0.9704,-0.1430,-0.0131,0.3608,Dark,
23.2900,5.4777,6.1137,0.0000,0.0000,-0.0244,-0.1670,0.9857,-0.2751,-0.1592,0.9481,-0.1489,-0.1903,0.9704,-0.1430,-0.0131,0.3608,Dark,
23.3009,5.4681,6.1102,0.0000,0.0000,-0.0245,-0.1673,0.9856,-0.2753,-0.1596,0.9480,-0.1491,-0.1907,0.9703,-0.1429,-0.0131,0.3608,Dark,
23.3122,5.4608,6.1070,0.0000,0.0000,-0.0249,-0.1672,0.9856,-0.2758,-0.1595,0.9479,-0.1495,-0.1906,0.9702,-0.1429,-0.0131,0.3608,Dark,
23.3234,5.4756,6.1131,0.0000,0.0000,-0.0250,-0.1678,0.9855,-0.2758,-0.1600,0.9478,-0.1496,-0.1911,0.9701,-0.1429,-0.0131,0.3608,Dark,
23.3342,5.4714,6.1216,0.0000,0.0000,-0.0256,-0.1699,0.9851,-0.2766,-0.1621,0.9472,-0.1502,-0.1933,0.9696,-0.1429,-0.0131,0.3608,Dark,
23.3455,5.4685,6.1270,0.0000,0.0000,-0.0254,-0.1694,0.9852,-0.2766,-0.1616,0.9473,-0.1502,-0.1928,0.9697,-0.1429,-0.0131,0.3609,Dark,
23.3567,5.4506,6.1345,0.0000,0.0000,-0.0083,-0.1703,0.9854,-0.2601,-0.1632,0.9517,-0.1330,-0.1941,0.9719,-0.1429,-0.0131,0.3609,Dark,
23.3676,5.4339,6.1363,0.0000,0.0000,0.0035,-0.1696,0.9855,-0.2485,-0.1631,0.9548,-0.1209,-0.1937,0.9736,-0.1429,-0.0131,0.3609,Dark,
23.3790,5.4216,6.1410,0.0000,0.0000,0.0050,-0.1696,0.9855,-0.2472,-0.1631,0.9551,-0.1195,-0.1937,0.9737,-0.1429,-0.0131,0.3609,Dark,
23.3899,5.4324,6.1565,0.0000,0.0000,0.0182,-0.1685,0.9855,-0.2322,-0.1626,0.9590,-0.1051,-0.1927,0.9756,-0.1429,-0.0131,0.3609,Dark,
23.4010,5.4419,6.1657,0.0000,0.0000,0.0229,-0.1677,0.9856,-0.2257,-0.1620,0.9606,-0.0994,-0.1918,0.9764,-0.1429,-0.0131,0.3609,Dark,
23.4121,5.4501,6.1758,0.0000,0.0000,0.0256,-0.1668,0.9857,-0.2205,-0.1614,0.9619,-0.0953,-0.1907,0.9770,-0.1428,-0.0131,0.3610,Dark,
23.4234,5.4508,6.1797,0.0000,0.0000,0.0300,-0.1665,0.9856,-0.2118,-0.1614,0.9639,-0.0887,-0.1900,0.9778,-0.1428,-0.0131,0.3610,Dark,
23.4348,5.4468,6.1756,0.0000,0.0000,0.0303,-0.1664,0.9856,-0.2097,-0.1614,0.9644,-0.0875,-0.1898,0.9779,-0.1428,-0.0131,0.3610,Dark,
23.4458,5.4433,6.1785,0.0000,0.0000,0.0310,-0.1665,0.9855,-0.2068,-0.1617,0.9649,-0.0857,-0.1898,0.9781,-0.1428,-0.0131,0.3610,Dark,
23.4567,5.4409,6.1685,0.0000,0.0000,0.0322,-0.1664,0.9855,-0.2020,-0.1617,0.9659,-0.0827,-0.1893,0.9784,-0.1428,-0.0131,0.3611,Dark,
23.4679,5.4442,6.1586,0.0000,0.0000,0.0335,-0.1664,0.9855,-0.1992,-0.1618,0.9665,-0.0806,-0.1892,0.9786,-0.1428,-0.0131,0.3611,Dark,
23.4794,5.4479,6.1763,0.0000,0.0000,0.0340,-0.1659,0.9856,-0.1953,-0.1614,0.9674,-0.0784,-0.1884,0.9790,-0.1427,-0.0131,0.3611,Dark,
23.4915,5.4482,6.1947,0.0000,0.0000,0.0345,-0.1657,0.9856,-0.1931,-0.1613,0.9678,-0.0771,-0.1880,0.9791,-0.1427,-0.0132,0.3612,Dark,
23.5014,5.4478,6.2108,0.0000,0.0000,0.0348,-0.1655,0.9856,-0.1914,-0.1613,0.9682,-0.0760,-0.1878,0.9793,-0.1427,-0.0132,0.3612,Dark,
23.5125,5.4491,6.2168,0.0000,0.0000,0.0355,-0.1652,0.9856,-0.1879,-0.1610,0.9689,-0.0740,-0.1871,0.9795,-0.1426,-0.0133,0.3613,Dark,
23.5237,5.4509,6.2249,0.0000,0.0000,0.0354,-0.1652,0.9856,-0.1866,-0.1611,0.9691,-0.0734,-0.1870,0.9796,-0.1426,-0.0133,0.3613,Dark,
23.5348,5.4419,6.2308,0.0000,0.0000,0.0356,-0.1656,0.9856,-0.1853,-0.1615,0.9693,-0.0726,-0.1873,0.9796,-0.1426,-0.0134,0.3613,Dark,
23.5459,5.4324,6.2374,0.0000,0.0000,0.0360,-0.1658,0.9855,-0.1830,-0.1618,0.9697,-0.0713,-0.1873,0.9797,-0.1425,-0.0134,0.3614,Dark,
23.5571,5.4312,6.2418,0.0000,0.0000,0.0363,-0.1660,0.9855,-0.1818,-0.1620,0.9699,-0.0706,-0.1874,0.9797,-0.1425,-0.0135,0.3614,Dark,
23.5683,5.4358,6.2445,0.0000,0.0000,0.0367,-0.1658,0.9855,-0.1806,-0.1619,0.9701,-0.0697,-0.1872,0.9798,-0.1425,-0.0135,0.3614,Dark,
23.5793,5.4372,6.2556,0.0000,0.0000,0.0375,-0.1655,0.9855,-0.1784,-0.1617,0.9706,-0.0683,-0.1868,0.9800,-0.1425,-0.0135,0.3614,Dark,
23.5908,5.4337,6.2618,0.0000,0.0000,0.0380,-0.1653,0.9855,-0.1772,-0.1615,0.9708,-0.0674,-0.1865,0.9801,-0.1425,-0.0136,0.3614,Dark,
23.6016,5.4271,6.2665,0.0000,0.0000,0.0382,-0.1654,0.9855,-0.1764,-0.1616,0.9710,-0.0669,-0.1865,0.9802,-0.1424,-0.0136,0.3614,Dark,
23.6127,5.4350,6.2579,0.0000,0.0000,0.0267,-0.1678,0.9855,-0.1854,-0.1638,0.9689,-0.0774,-0.1886,0.9790,-0.1424,-0.0136,0.3614,Dark,
23.6238,5.4474,6.2502,0.0000,0.0000,0.0032,-0.1665,0.9860,-0.2108,-0.1615,0.9641,-0.1022,-0.1870,0.9770,-0.1424,-0.0136,0.3614,Dark,
23.6351,5.4621,6.2440,0.0000,0.0000,-0.0194,-0.1648,0.9861,-0.2314,-0.1591,0.9598,-0.1242,-0.1847,0.9749,-0.1424,-0.0135,0.3614,Dark,
23.6460,5.4651,6.1915,0.0000,0.0000,-0.0295,-0.1656,0.9857,-0.2415,-0.1596,0.9572,-0.1345,-0.1854,0.9734,-0.1424,-0.0135,0.3614,Dark,
23.6573,5.4557,6.1834,0.0000,0.0000,-0.0326,-0.1657,0.9856,-0.2454,-0.1596,0.9562,-0.1381,-0.1855,0.9729,-0.1424,-0.0135,0.3614,Dark,
23.6683,5.4423,6.1771,0.0000,0.0000,-0.0361,-0.1643,0.9858,-0.2507,-0.1579,0.9551,-0.1425,-0.1842,0.9725,-0.1423,-0.0135,0.3615,Dark,
23.6794,5.4384,6.1782,0.0000,0.0000,-0.0371,-0.1634,0.9859,-0.2529,-0.1569,0.9547,-0.1442,-0.1833,0.9724,-0.1423,-0.0135,0.3615,Dark,
23.6913,5.4369,6.1899,0.0000,0.0000,-0.0369,-0.1626,0.9860,-0.2543,-0.1560,0.9545,-0.1448,-0.1827,0.9724,-0.1423,-0.0135,0.3615,Dark,
23.7019,5.4360,6.2042,0.0000,0.0000,-0.0493,-0.1624,0.9855,-0.2690,-0.1552,0.9506,-0.1586,-0.1825,0.9703,-0.1423,-0.0134,0.3615,Dark,
23.7129,5.4257,6.1986,0.0000,0.0000,-0.0384,-0.1631,0.9859,-0.2596,-0.1561,0.9530,-0.1482,-0.1834,0.9718,-0.1423,-0.0134,0.3615,Dark,
23.7240,5.4172,6.1981,0.0000,0.0000,-0.0384,-0.1633,0.9858,-0.2611,-0.1563,0.9526,-0.1490,-0.1838,0.9716,-0.1422,-0.0134,0.3615,Dark,
23.7354,5.4068,6.1955,0.0000,0.0000,-0.0440,-0.1627,0.9857,-0.2691,-0.1554,0.9505,-0.1560,-0.1834,0.9706,-0.1422,-0.0133,0.3614,Dark,
23.7464,5.4092,6.1953,0.0000,0.0000,-0.0384,-0.1635,0.9858,-0.2649,-0.1563,0.9515,-0.1509,-0.1843,0.9712,-0.1422,-0.0133,0.3614,Dark,
23.7577,5.4124,6.1958,0.0000,0.0000,-0.0442,-0.1625,0.9857,-0.2719,-0.1549,0.9498,-0.1575,-0.1833,0.9704,-0.1422,-0.0133,0.3614,Dark,
23.7686,5.4221,6.1862,0.0000,0.0000,-0.0418,-0.1626,0.9858,-0.2718,-0.1551,0.9498,-0.1562,-0.1837,0.9705,-0.1421,-0.0132,0.3614,Dark,
23.7796,5.4267,6.1856,0.0000,0.0000,-0.0407,-0.1626,0.9858,-0.2718,-0.1550,0.9498,-0.1557,-0.1838,0.9706,-0.1421,-0.0132,0.3614,Dark,
23.7910,5.4302,6.1854,0.0000,0.0000,-0.0397,-0.1625,0.9859,-0.2718,-0.1549,0.9498,-0.1551,-0.1838,0.9707,-0.1421,-0.0132,0.3613,Dark,
23.8021,5.4403,6.1952,0.0000,0.0000,-0.0379,-0.1620,0.9861,-0.2719,-0.1544,0.9499,-0.1543,-0.1835,0.9708,-0.1421,-0.0132,0.3613,Dark,
23.8133,5.4466,6.1931,0.0000,0.0000,-0.0372,-0.1614,0.9862,-0.2726,-0.1538,0.9498,-0.1543,-0.1831,0.9709,-0.1420,-0.0131,0.3613,Dark,
23.8244,5.4430,6.1907,0.0000,0.0000,-0.0416,-0.1619,0.9859,-0.2770,-0.1541,0.9484,-0.1587,-0.1835,0.9701,-0.1420,-0.0132,0.3612,Dark,
23.8355,5.4427,6.1688,0.0000,0.0000,-0.0508,-0.1653,0.9849,-0.2881,-0.1570,0.9446,-0.1691,-0.1869,0.9677,-0.1420,-0.0131,0.3612,Dark,
23.8467,5.4449,6.1542,0.0000,0.0000,-0.0548,-0.1667,0.9845,-0.2938,-0.1582,0.9427,-0.1741,-0.1884,0.9665,-0.1420,-0.0131,0.3612,Dark,
23.8578,5.4454,6.1434,0.0000,0.0000,-0.0579,-0.1676,0.9841,-0.2980,-0.1590,0.9412,-0.1778,-0.1894,0.9657,-0.1420,-0.0131,0.3611,Dark,
23.8689,5.4533,6.1316,0.0000,0.0000,-0.0614,-0.1688,0.9837,-0.3040,-0.1598,0.9392,-0.1827,-0.1907,0.9645,-0.1420,-0.0131,0.3611,Dark,
23.8803,5.4584,6.1287,0.0000,0.0000,-0.0621,-0.1688,0.9837,-0.3059,-0.1597,0.9386,-0.1840,-0.1908,0.9642,-0.1420,-0.0131,0.3611,Dark,
23.8916,5.4646,6.1269,0.0000,0.0000,-0.0638,-0.1691,0.9835,-0.3084,-0.1599,0.9377,-0.1861,-0.1912,0.9637,-0.1420,-0.0131,0.3610,Dark,
23.9026,5.4664,6.1196,0.0000,0.0000,-0.0666,-0.1696,0.9833,-0.3129,-0.1602,0.9362,-0.1899,-0.1918,0.9629,-0.1420,-0.0131,0.3610,Dark,
23.9135,5.4630,6.1196,0.0000,0.0000,-0.0674,-0.1697,0.9832,-0.3144,-0.1602,0.9357,-0.1911,-0.1919,0.9626,-0.1421,-0.0131,0.3610,Dark,
23.9245,5.4624,6.1199,0.0000,0.0000,-0.0682,-0.1698,0.9831,-0.3158,-0.1604,0.9352,-0.1923,-0.1921,0.9624,-0.1421,-0.0131,0.3609,Dark,
23.9362,5.4635,6.1221,0.0000,0.0000,-0.0693,-0.1698,0.9830,-0.3183,-0.1602,0.9344,-0.1941,-0.1922,0.9620,-0.1421,-0.0130,0.3609,Dark,
23.9470,5.4654,6.1248,0.0000,0.0000,-0.0706,-0.1699,0.9829,-0.3203,-0.1603,0.9336,-0.1958,-0.1924,0.9616,-0.1421,-0.0130,0.3609,Dark,
23.9580,5.4735,6.1211,0.0000,0.0000,-0.0715,-0.1702,0.9828,-0.3228,-0.1604,0.9328,-0.1975,-0.1928,0.9612,-0.1421,-0.0130,0.3609,Dark,
23.9692,5.4707,6.1163,0.0000,0.0000,-0.0720,-0.1704,0.9827,-0.3240,-0.1606,0.9323,-0.1984,-0.1931,0.9609,-0.1422,-0.0131,0.3609,Dark,
23.9806,5.4681,6.1126,0.0000,0.0000,-0.0718,-0.1706,0.9827,-0.3245,-0.1608,0.9321,-0.1986,-0.1933,0.9608,-0.1422,-0.0131,0.3608,Dark,
23.9915,5.4752,6.1041,0.0000,0.0000,-0.0717,-0.1706,0.9827,-0.3257,-0.1608,0.9317,-0.1991,-0.1935,0.9607,-0.1422,-0.0131,0.3608,Dark,
24.0032,5.4776,6.1001,0.0000,0.0000,-0.0720,-0.1709,0.9827,-0.3265,-0.1611,0.9314,-0.1997,-0.1939,0.9605,-0.1422,-0.0131,0.3608,Dark,
24.0137,5.4798,6.1000,0.0000,0.0000,-0.0719,-0.1709,0.9827,-0.3269,-0.1612,0.9312,-0.1998,-0.1940,0.9604,-0.1422,-0.0131,0.3608,Dark,
24.0247,5.4741,6.0970,0.0000,0.0000,-0.0721,-0.1712,0.9826,-0.3280,-0.1615,0.9308,-0.2005,-0.1944,0.9602,-0.1422,-0.0131,0.3608,Dark,
24.0361,5.4658,6.0947,0.0000,0.0000,-0.0721,-0.1716,0.9825,-0.3284,-0.1620,0.9306,-0.2007,-0.1949,0.9601,-0.1422,-0.0132,0.3608,Dark,
24.0470,5.4591,6.0959,0.0000,0.0000,-0.0721,-0.1716,0.9825,-0.3287,-0.1621,0.9304,-0.2008,-0.1950,0.9600,-0.1422,-0.0132,0.3608,Dark,
24.0585,5.4608,6.0918,0.0000,0.0000,-0.0726,-0.1716,0.9825,-0.3297,-0.1621,0.9300,-0.2016,-0.1951,0.9598,-0.1422,-0.0132,0.3608,Dark,
24.0694,5.4668,6.0878,0.0000,0.0000,-0.0727,-0.1717,0.9825,-0.3301,-0.1622,0.9299,-0.2018,-0.1952,0.9598,-0.1422,-0.0132,0.3608,Dark,
24.0804,5.4721,6.0803,0.0000,0.0000,-0.0725,-0.1714,0.9825,-0.3301,-0.1621,0.9299,-0.2017,-0.1951,0.9598,-0.1422,-0.0132,0.3608,Dark,
24.0915,5.4617,6.0772,0.0000,0.0000,-0.0729,-0.1715,0.9825,-0.3309,-0.1623,0.9296,-0.2024,-0.1952,0.9597,-0.1422,-0.0132,0.3609,Dark,
24.1028,5.4642,6.0806,0.0000,0.0000,-0.0728,-0.1716,0.9825,-0.3310,-0.1625,0.9295,-0.2024,-0.1954,0.9596,-0.1422,-0.0132,0.3609,Dark,
24.1142,5.4664,6.0777,0.0000,0.0000,-0.0717,-0.1713,0.9826,-0.3301,-0.1623,0.9299,-0.2014,-0.1951,0.9599,-0.1421,-0.0132,0.3609,Dark,
24.1250,5.4630,6.0724,0.0000,0.0000,-0.0707,-0.1709,0.9828,-0.3295,-0.1621,0.9302,-0.2005,-0.1949,0.9601,-0.1420,-0.0132,0.3609,Dark,
24.1364,5.4592,6.0695,0.0000,0.0000,-0.0689,-0.1705,0.9830,-0.3280,-0.1619,0.9307,-0.1988,-0.1946,0.9605,-0.1419,-0.0132,0.3610,Dark,
24.1474,5.4554,6.0852,0.0000,0.0000,-0.0641,-0.1691,0.9835,-0.3229,-0.1609,0.9326,-0.1938,-0.1933,0.9618,-0.1418,-0.0133,0.3611,Dark,
24.1585,5.4228,6.0906,0.0000,0.0000,-0.0346,-0.1655,0.9856,-0.2957,-0.1588,0.9420,-0.1647,-0.1906,0.9678,-0.1417,-0.0133,0.3611,Dark,
24.1699,5.4090,6.0825,0.0000,0.0000,-0.0215,-0.1665,0.9858,-0.2842,-0.1605,0.9452,-0.1520,-0.1921,0.9695,-0.1415,-0.0133,0.3612,Dark,
24.1806,5.3988,6.0761,0.0000,0.0000,-0.0158,-0.1675,0.9857,-0.2793,-0.1620,0.9464,-0.1466,-0.1935,0.9701,-0.1413,-0.0133,0.3612,Dark,
24.1916,5.3967,6.0586,0.0000,0.0000,-0.0093,-0.1666,0.9860,-0.2747,-0.1616,0.9479,-0.1409,-0.1930,0.9710,-0.1411,-0.0134,0.3613,Dark,
24.2031,5.3999,6.0514,0.0000,0.0000,-0.0046,-0.1663,0.9861,-0.2711,-0.1617,0.9489,-0.1367,-0.1930,0.9716,-0.1410,-0.0134,0.3614,Dark,
24.2141,5.4051,6.0366,0.0000,0.0000,0.0061,-0.1653,0.9862,-0.2620,-0.1615,0.9515,-0.1265,-0.1925,0.9731,-0.1408,-0.0135,0.3614,Dark,
24.2256,5.3998,6.0314,0.0000,0.0000,0.0104,-0.1654,0.9862,-0.2585,-0.1621,0.9523,-0.1225,-0.1929,0.9735,-0.1407,-0.0136,0.3615,Dark,
24.2364,5.3946,6.0317,0.0000,0.0000,0.0132,-0.1655,0.9861,-0.2562,-0.1625,0.9529,-0.1199,-0.1932,0.9738,-0.1405,-0.0136,0.3615,Dark,
24.2476,5.3947,6.0363,0.0000,0.0000,0.0163,-0.1652,0.9861,-0.2537,-0.1627,0.9535,-0.1170,-0.1933,0.9741,-0.1404,-0.0137,0.3616,Dark,
24.2586,5.3988,6.0395,0.0000,0.0000,0.0175,-0.1652,0.9861,-0.2528,-0.1630,0.9537,-0.1159,-0.1934,0.9742,-0.1403,-0.0138,0.3616,Dark,
24.2702,5.4027,6.0372,0.0000,0.0000,0.0187,-0.1651,0.9861,-0.2519,-0.1634,0.9539,-0.1148,-0.1936,0.9743,-0.1401,-0.0138,0.3617,Dark,
24.2809,5.4056,6.0231,0.0000,0.0000,0.0185,-0.1647,0.9862,-0.2524,-0.1634,0.9537,-0.1151,-0.1935,0.9743,-0.1400,-0.0139,0.3617,Dark,
24.2920,5.3996,6.0178,0.0000,0.0000,0.0196,-0.1647,0.9861,-0.2515,-0.1639,0.9539,-0.1141,-0.1937,0.9744,-0.1399,-0.0140,0.3618,Dark,
24.3033,5.3944,6.0203,0.0000,0.0000,0.0199,-0.1648,0.9861,-0.2514,-0.1645,0.9538,-0.1139,-0.1941,0.9744,-0.1398,-0.0141,0.3618,Dark,
24.3147,5.3768,6.0308,0.0000,0.0000,0.0200,-0.1646,0.9862,-0.2516,-0.1648,0.9537,-0.1139,-0.1942,0.9743,-0.1398,-0.0142,0.3619,Dark,
24.3255,5.3737,6.0373,0.0000,0.0000,0.0205,-0.1645,0.9862,-0.2512,-0.1652,0.9537,-0.1134,-0.1943,0.9744,-0.1397,-0.0142,0.3619,Dark,
24.3366,5.3721,6.0348,0.0000,0.0000,0.0213,-0.1644,0.9862,-0.2505,-0.1655,0.9539,-0.1126,-0.1944,0.9744,-0.1398,-0.0142,0.3620,Dark,
24.3481,5.3651,6.0211,0.0000,0.0000,0.0216,-0.1641,0.9862,-0.2503,-0.1656,0.9539,-0.1123,-0.1943,0.9745,-0.1397,-0.0142,0.3620,Dark,
24.3588,5.3684,6.0121,0.0000,0.0000,0.0224,-0.1641,0.9862,-0.2497,-0.1661,0.9540,-0.1116,-0.1946,0.9745,-0.1398,-0.0142,0.3620,Dark,
24.3700,5.3712,6.0219,0.0000,0.0000,0.0228,-0.1643,0.9861,-0.2496,-0.1667,0.9539,-0.1113,-0.1950,0.9745,-0.1398,-0.0142,0.3621,Dark,
24.3814,5.4378,6.0696,0.0000,0.0000,0.0277,-0.1721,0.9847,-0.2453,-0.1751,0.9535,-0.1066,-0.2032,0.9733,-0.1398,-0.0142,0.3621,Dark,
24.3922,5.4589,6.1013,0.0000,0.0000,0.0300,-0.1819,0.9829,-0.2438,-0.1854,0.9519,-0.1045,-0.2134,0.9714,-0.1398,-0.0143,0.3621,Dark,
24.4036,5.4815,6.1327,0.0000,0.0000,0.0353,-0.1982,0.9795,-0.2396,-0.2023,0.9495,-0.0996,-0.2301,0.9680,-0.1399,-0.0143,0.3621,Dark,
24.4150,5.4841,6.1324,0.0000,0.0000,0.0372,-0.2043,0.9782,-0.2386,-0.2089,0.9484,-0.0980,-0.2366,0.9666,-0.1400,-0.0143,0.3621,Dark,
24.4260,5.4931,6.1293,0.0000,0.0000,0.0383,-0.2083,0.9773,-0.2386,-0.2130,0.9475,-0.0974,-0.2408,0.9657,-0.1400,-0.0143,0.3621,Dark,
24.4372,5.5032,6.1380,0.0000,0.0000,0.0401,-0.2122,0.9764,-0.2388,-0.2171,0.9465,-0.0965,-0.2450,0.9647,-0.1401,-0.0143,0.3621,Dark,
24.4484,5.5046,6.1425,0.0000,0.0000,0.0409,-0.2150,0.9758,-0.2388,-0.2199,0.9458,-0.0962,-0.2480,0.9640,-0.1402,-0.0144,0.3621,Dark,
24.4593,5.5088,6.1462,0.0000,0.0000,0.0420,-0.2178,0.9751,-0.2387,-0.2228,0.9452,-0.0955,-0.2509,0.9633,-0.1403,-0.0144,0.3620,Dark,
24.4703,5.5141,6.1496,0.0000,0.0000,0.0432,-0.2193,0.9747,-0.2397,-0.2242,0.9446,-0.0954,-0.2527,0.9628,-0.1404,-0.0144,0.3620,Dark,
24.4817,5.5167,6.1462,0.0000,0.0000,0.0436,-0.2187,0.9748,-0.2404,-0.2236,0.9446,-0.0956,-0.2522,0.9630,-0.1405,-0.0145,0.3619,Dark,
24.4925,5.5165,6.1435,0.0000,0.0000,0.0448,-0.2221,0.9740,-0.2404,-0.2269,0.9438,-0.0949,-0.2556,0.9621,-0.1406,-0.0146,0.3619,Dark,
24.5037,5.5262,6.1435,0.0000,0.0000,0.0462,-0.2238,0.9735,-0.2410,-0.2286,0.9432,-0.0945,-0.2576,0.9616,-0.1407,-0.0145,0.3618,Dark,
24.5150,5.5348,6.1556,0.0000,0.0000,0.0463,-0.2230,0.9737,-0.2417,-0.2277,0.9432,-0.0948,-0.2569,0.9618,-0.1408,-0.0146,0.3618,Dark,
24.5259,5.5348,6.1659,0.0000,0.0000,0.0468,-0.2236,0.9736,-0.2421,-0.2282,0.9430,-0.0947,-0.2575,0.9616,-0.1408,-0.0146,0.3617,Dark,
24.5371,5.5251,6.1749,0.0000,0.0000,0.0482,-0.2252,0.9731,-0.2427,-0.2299,0.9425,-0.0943,-0.2594,0.9612,-0.1409,-0.0145,0.3617,Dark,
24.5484,5.5164,6.1848,0.0000,0.0000,0.0488,-0.2252,0.9731,-0.2431,-0.2298,0.9424,-0.0942,-0.2594,0.9612,-0.1410,-0.0146,0.3616,Dark,
24.5595,5.5138,6.1919,0.0000,0.0000,0.0495,-0.2256,0.9730,-0.2434,-0.2301,0.9422,-0.0939,-0.2600,0.9610,-0.1411,-0.0146,0.3616,Dark,
24.5708,5.5038,6.2075,0.0000,0.0000,0.0508,-0.2262,0.9728,-0.2441,-0.2307,0.9419,-0.0936,-0.2608,0.9609,-0.1412,-0.0145,0.3615,Dark,
24.5817,5.4969,6.2130,0.0000,0.0000,0.0511,-0.2272,0.9725,-0.2448,-0.2317,0.9415,-0.0938,-0.2619,0.9605,-0.1413,-0.0146,0.3615,Dark,
24.5927,5.4910,6.2067,0.0000,0.0000,0.0522,-0.2274,0.9724,-0.2457,-0.2319,0.9412,-0.0937,-0.2623,0.9604,-0.1414,-0.0146,0.3614,Dark,
24.6039,5.4937,6.1959,0.0000,0.0000,0.0529,-0.2276,0.9723,-0.2460,-0.2321,0.9411,-0.0935,-0.2627,0.9603,-0.1415,-0.0145,0.3614,Dark,
24.6156,5.4969,6.1866,0.0000,0.0000,0.0529,-0.2278,0.9723,-0.2468,-0.2322,0.9408,-0.0939,-0.2629,0.9602,-0.1416,-0.0145,0.3614,Dark,
24.6263,5.4859,6.1664,0.0000,0.0000,0.0540,-0.2280,0.9722,-0.2474,-0.2325,0.9406,-0.0936,-0.2634,0.9601,-0.1417,-0.0145,0.3613,Dark,
24.6373,5.4771,6.1586,0.0000,0.0000,0.0543,-0.2290,0.9719,-0.2478,-0.2335,0.9403,-0.0936,-0.2645,0.9598,-0.1417,-0.0145,0.3613,Dark,
24.6484,5.4697,6.1533,0.0000,0.0000,0.0546,-0.2286,0.9720,-0.2483,-0.2331,0.9402,-0.0937,-0.2641,0.9599,-0.1418,-0.0145,0.3613,Dark,
24.6600,5.4639,6.1671,0.0000,0.0000,0.0551,-0.2295,0.9717,-0.2491,-0.2340,0.9398,-0.0938,-0.2653,0.9596,-0.1419,-0.0145,0.3613,Dark,
24.6712,5.4590,6.1680,0.0000,0.0000,0.0548,-0.2297,0.9717,-0.2502,-0.2341,0.9395,-0.0945,-0.2655,0.9595,-0.1419,-0.0145,0.3613,Dark,
24.6822,5.4552,6.1684,0.0000,0.0000,0.0553,-0.2297,0.9717,-0.2502,-0.2342,0.9394,-0.0943,-0.2656,0.9595,-0.1420,-0.0145,0.3613,Dark,
24.6929,5.4419,6.1534,0.0000,0.0000,0.0557,-0.2302,0.9715,-0.2505,-0.2347,0.9392,-0.0942,-0.2662,0.9593,-0.1421,-0.0145,0.3613,Dark,
24.7045,5.4225,6.1349,0.0000,0.0000,0.0568,-0.2306,0.9714,-0.2505,-0.2352,0.9391,-0.0936,-0.2667,0.9592,-0.1421,-0.0145,0.3613,Dark,
24.7155,5.4166,6.1290,0.0000,0.0000,0.0567,-0.2309,0.9713,-0.2512,-0.2355,0.9389,-0.0940,-0.2671,0.9591,-0.1422,-0.0145,0.3613,Dark,
24.7265,5.4094,6.1220,0.0000,0.0000,0.0576,-0.2307,0.9713,-0.2508,-0.2353,0.9390,-0.0933,-0.2670,0.9592,-0.1422,-0.0145,0.3613,Dark,
24.7376,5.4022,6.1100,0.0000,0.0000,0.0585,-0.2311,0.9712,-0.2510,-0.2358,0.9388,-0.0929,-0.2676,0.9590,-0.1422,-0.0145,0.3613,Dark,
24.7489,5.3967,6.1035,0.0000,0.0000,0.0593,-0.2311,0.9711,-0.2507,-0.2359,0.9389,-0.0924,-0.2677,0.9591,-0.1423,-0.0145,0.3613,Dark,
24.7604,5.3873,6.0908,0.0000,0.0000,0.0606,-0.2308,0.9711,-0.2503,-0.2356,0.9391,-0.0915,-0.2675,0.9592,-0.1423,-0.0145,0.3614,Dark,
24.7711,5.3840,6.0850,0.0000,0.0000,0.0616,-0.2306,0.9711,-0.2498,-0.2355,0.9392,-0.0907,-0.2674,0.9593,-0.1423,-0.0145,0.3614,Dark,
24.7827,5.3680,6.0809,0.0000,0.0000,0.0624,-0.2305,0.9711,-0.2494,-0.2353,0.9394,-0.0901,-0.2672,0.9594,-0.1423,-0.0145,0.3614,Dark,
24.7934,5.3353,6.0635,0.0000,0.0000,0.0639,-0.2302,0.9710,-0.2485,-0.2350,0.9397,-0.0888,-0.2671,0.9596,-0.1424,-0.0145,0.3615,Dark,
24.8044,5.3196,6.0602,0.0000,0.0000,0.0646,-0.2302,0.9710,-0.2482,-0.2350,0.9398,-0.0883,-0.2671,0.9596,-0.1423,-0.0145,0.3615,Dark,
24.8155,5.3018,6.0582,0.0000,0.0000,0.0654,-0.2301,0.9710,-0.2478,-0.2349,0.9399,-0.0877,-0.2671,0.9597,-0.1423,-0.0145,0.3615,Dark,
24.8268,5.2769,6.0436,0.0000,0.0000,0.0670,-0.2301,0.9709,-0.2470,-0.2348,0.9401,-0.0865,-0.2671,0.9598,-0.1423,-0.0145,0.3615,Dark,
24.8381,5.2682,6.0204,0.0000,0.0000,0.0674,-0.2302,0.9708,-0.2469,-0.2349,0.9401,-0.0862,-0.2672,0.9598,-0.1423,-0.0145,0.3616,Dark,
24.8489,5.2495,6.0012,0.0000,0.0000,0.0681,-0.2304,0.9707,-0.2467,-0.2350,0.9402,-0.0857,-0.2674,0.9598,-0.1423,-0.0145,0.3616,Dark,
24.8601,5.2331,5.9810,0.0000,0.0000,0.0691,-0.2305,0.9706,-0.2464,-0.2351,0.9402,-0.0850,-0.2676,0.9598,-0.1422,-0.0145,0.3616,Dark,
24.8715,5.2329,5.9812,0.0000,0.0000,0.0696,-0.2306,0.9706,-0.2463,-0.2351,0.9402,-0.0848,-0.2677,0.9598,-0.1422,-0.0145,0.3617,Dark,
24.8824,5.2317,5.9834,0.0000,0.0000,0.0702,-0.2305,0.9705,-0.2462,-0.2349,0.9403,-0.0844,-0.2676,0.9598,-0.1422,-0.0146,0.3617,Dark,
24.8937,5.2242,5.9920,0.0000,0.0000,0.0711,-0.2302,0.9705,-0.2459,-0.2346,0.9405,-0.0838,-0.2674,0.9599,-0.1421,-0.0146,0.3617,Dark,
24.9047,5.2170,5.9780,0.0000,0.0000,0.0715,-0.2302,0.9705,-0.2460,-0.2347,0.9404,-0.0836,-0.2675,0.9599,-0.1421,-0.0146,0.3618,Dark,
24.9158,5.2110,5.9658,0.0000,0.0000,0.0719,-0.2304,0.9704,-0.2458,-0.2349,0.9404,-0.0833,-0.2677,0.9599,-0.1421,-0.0146,0.3618,Dark,
24.9271,5.2027,5.9708,0.0000,0.0000,0.0729,-0.2301,0.9704,-0.2455,-0.2346,0.9406,-0.0826,-0.2675,0.9600,-0.1421,-0.0146,0.3618,Dark,
24.9381,5.2004,5.9739,0.0000,0.0000,0.0735,-0.2300,0.9704,-0.2451,-0.2345,0.9407,-0.0821,-0.2675,0.9601,-0.1421,-0.0146,0.3618,Dark,
24.9491,5.1972,5.9776,0.0000,0.0000,0.0740,-0.2301,0.9704,-0.2448,-0.2346,0.9408,-0.0817,-0.2675,0.9601,-0.1421,-0.0147,0.3618,Dark,
24.9606,5.2029,5.9835,0.0000,0.0000,0.0752,-0.2297,0.9704,-0.2443,-0.2342,0.9410,-0.0808,-0.2673,0.9602,-0.1421,-0.0147,0.3618,Dark,
24.9716,5.2102,5.9781,0.0000,0.0000,0.0757,-0.2294,0.9704,-0.2440,-0.2340,0.9411,-0.0803,-0.2671,0.9603,-0.1421,-0.0147,0.3618,Dark,
24.9829,5.1853,5.9626,0.0000,0.0000,0.0768,-0.2292,0.9703,-0.2435,-0.2339,0.9413,-0.0795,-0.2670,0.9604,-0.1420,-0.0147,0.3618,Dark,
24.9941,5.1809,5.9538,0.0000,0.0000,0.0771,-0.2291,0.9703,-0.2435,-0.2338,0.9413,-0.0793,-0.2669,0.9605,-0.1420,-0.0147,0.3618,Dark,
25.0048,5.1772,5.9528,0.0000,0.0000,0.0776,-0.2289,0.9704,-0.2432,-0.2336,0.9414,-0.0789,-0.2667,0.9605,-0.1420,-0.0147,0.3618,Dark,
25.0159,5.1877,5.9492,0.0000,0.0000,0.0787,-0.2282,0.9704,-0.2426,-0.2329,0.9418,-0.0780,-0.2660,0.9608,-0.1420,-0.0147,0.3618,Dark,
25.0274,5.1840,5.9465,0.0000,0.0000,0.0790,-0.2277,0.9705,-0.2426,-0.2324,0.9419,-0.0779,-0.2656,0.9609,-0.1419,-0.0147,0.3618,Dark,
25.0385,5.1800,5.9453,0.0000,0.0000,0.0794,-0.2273,0.9706,-0.2425,-0.2319,0.9420,-0.0776,-0.2652,0.9611,-0.1419,-0.0146,0.3618,Dark,
25.0494,5.1724,5.9382,0.0000,0.0000,0.0802,-0.2267,0.9707,-0.2422,-0.2313,0.9423,-0.0770,-0.2647,0.9613,-0.1418,-0.0146,0.3618,Dark,
25.0607,5.1662,5.9340,0.0000,0.0000,0.0807,-0.2264,0.9707,-0.2420,-0.2308,0.9424,-0.0766,-0.2643,0.9614,-0.1418,-0.0146,0.3618,Dark,
25.0716,5.1622,5.9406,0.0000,0.0000,0.0812,-0.2259,0.9708,-0.2417,-0.2302,0.9426,-0.0763,-0.2638,0.9616,-0.1417,-0.0145,0.3618,Dark,
25.0830,5.1530,5.9466,0.0000,0.0000,0.0824,-0.2254,0.9708,-0.2410,-0.2298,0.9429,-0.0753,-0.2634,0.9618,-0.1416,-0.0145,0.3619,Dark,
25.0945,5.1618,5.9467,0.0000,0.0000,0.0825,-0.2254,0.9708,-0.2410,-0.2297,0.9429,-0.0752,-0.2633,0.9618,-0.1416,-0.0145,0.3619,Dark,
25.1053,5.1696,5.9522,0.0000,0.0000,0.0829,-0.2253,0.9708,-0.2409,-0.2295,0.9430,-0.0750,-0.2632,0.9618,-0.1416,-0.0145,0.3618,Dark,
25.1164,5.1736,5.9580,0.0000,0.0000,0.0838,-0.2252,0.9707,-0.2403,-0.2294,0.9432,-0.0742,-0.2631,0.9619,-0.1415,-0.0145,0.3618,Dark,
25.1274,5.1791,5.9594,0.0000,0.0000,0.0846,-0.2251,0.9706,-0.2396,-0.2293,0.9434,-0.0734,-0.2631,0.9620,-0.1414,-0.0145,0.3618,Dark,
25.1385,5.1826,5.9696,0.0000,0.0000,0.0854,-0.2251,0.9706,-0.2389,-0.2293,0.9436,-0.0726,-0.2631,0.9620,-0.1414,-0.0145,0.3618,Dark,
25.1496,5.1749,5.9873,0.0000,0.0000,0.0864,-0.2248,0.9706,-0.2381,-0.2289,0.9439,-0.0717,-0.2628,0.9622,-0.1414,-0.0145,0.3618,Dark,
25.1607,5.1777,5.9951,0.0000,0.0000,0.0865,-0.2250,0.9705,-0.2382,-0.2292,0.9438,-0.0717,-0.2630,0.9621,-0.1413,-0.0146,0.3617,Dark,
25.1721,5.1814,5.9919,0.0000,0.0000,0.0876,-0.2247,0.9705,-0.2373,-0.2289,0.9441,-0.0707,-0.2628,0.9623,-0.1413,-0.0146,0.3617,Dark,
25.1831,5.1860,5.9829,0.0000,0.0000,0.0881,-0.2246,0.9705,-0.2369,-0.2288,0.9442,-0.0702,-0.2627,0.9623,-0.1413,-0.0146,0.3617,Dark,
25.1944,5.1903,5.9730,0.0000,0.0000,0.0886,-0.2244,0.9705,-0.2364,-0.2288,0.9443,-0.0697,-0.2626,0.9624,-0.1412,-0.0146,0.3616,Dark,
25.2056,5.1965,5.9656,0.0000,0.0000,0.0898,-0.2239,0.9705,-0.2353,-0.2283,0.9447,-0.0685,-0.2621,0.9626,-0.1412,-0.0146,0.3616,Dark,
25.2164,5.2029,5.9677,0.0000,0.0000,0.0904,-0.2237,0.9705,-0.2348,-0.2281,0.9449,-0.0679,-0.2619,0.9627,-0.1412,-0.0146,0.3616,Dark,
25.2275,5.2079,5.9640,0.0000,0.0000,0.0910,-0.2236,0.9704,-0.2343,-0.2280,0.9451,-0.0673,-0.2618,0.9628,-0.1411,-0.0146,0.3615,Dark,
25.2389,5.1992,5.9733,0.0000,0.0000,0.0922,-0.2234,0.9704,-0.2333,-0.2279,0.9453,-0.0662,-0.2617,0.9629,-0.1411,-0.0146,0.3615,Dark,
25.2498,5.2023,5.9834,0.0000,0.0000,0.0927,-0.2236,0.9703,-0.2328,-0.2281,0.9454,-0.0657,-0.2619,0.9629,-0.1411,-0.0147,0.3615,Dark,
25.2610,5.2049,5.9978,0.0000,0.0000,0.0929,-0.2239,0.9702,-0.2327,-0.2284,0.9453,-0.0655,-0.2622,0.9628,-0.1411,-0.0147,0.3614,Dark,
25.2724,5.2088,6.0072,0.0000,0.0000,0.0936,-0.2238,0.9701,-0.2322,-0.2283,0.9455,-0.0649,-0.2621,0.9629,-0.1411,-0.0147,0.3614,Dark,
25.2833,5.1944,6.0029,0.0000,0.0000,0.0936,-0.2236,0.9702,-0.2321,-0.2281,0.9456,-0.0648,-0.2619,0.9629,-0.1410,-0.0148,0.3614,Dark,
25.2949,5.1816,5.9809,0.0000,0.0000,0.0939,-0.2232,0.9702,-0.2319,-0.2277,0.9457,-0.0646,-0.2615,0.9630,-0.1410,-0.0148,0.3614,Dark,
25.3056,5.1600,5.9583,0.0000,0.0000,0.0935,-0.2217,0.9706,-0.2319,-0.2260,0.9461,-0.0648,-0.2599,0.9635,-0.1411,-0.0147,0.3614,Dark,
25.3167,5.1548,5.9571,0.0000,0.0000,0.0931,-0.2212,0.9708,-0.2318,-0.2254,0.9463,-0.0650,-0.2592,0.9636,-0.1410,-0.0148,0.3614,Dark,
25.3285,5.1524,5.9622,0.0000,0.0000,0.0928,-0.2206,0.9709,-0.2319,-0.2247,0.9464,-0.0652,-0.2586,0.9638,-0.1410,-0.0148,0.3615,Dark,
25.3393,5.1602,5.9752,0.0000,0.0000,0.0922,-0.2193,0.9713,-0.2319,-0.2234,0.9468,-0.0655,-0.2572,0.9641,-0.1411,-0.0148,0.3615,Dark,
25.3502,5.1710,5.9800,0.0000,0.0000,0.0918,-0.2190,0.9714,-0.2319,-0.2230,0.9468,-0.0657,-0.2568,0.9642,-0.1411,-0.0149,0.3615,Dark,
25.3613,5.1797,5.9838,0.0000,0.0000,0.0918,-0.2190,0.9714,-0.2318,-0.2229,0.9469,-0.0657,-0.2568,0.9642,-0.1410,-0.0150,0.3615,Dark,
25.3740,5.1970,5.9878,0.0000,0.0000,0.0914,-0.2184,0.9716,-0.2319,-0.2223,0.9470,-0.0659,-0.2561,0.9644,-0.1411,-0.0151,0.3615,Dark,
25.3835,5.2018,5.9887,0.0000,0.0000,0.0915,-0.2186,0.9715,-0.2316,-0.2225,0.9470,-0.0657,-0.2563,0.9644,-0.1410,-0.0153,0.3616,Dark,
25.3951,5.2034,5.9966,0.0000,0.0000,0.0915,-0.2188,0.9715,-0.2313,-0.2226,0.9471,-0.0656,-0.2563,0.9644,-0.1410,-0.0155,0.3616,Dark,
25.4059,5.2020,6.0052,0.0000,0.0000,0.0917,-0.2200,0.9712,-0.2309,-0.2237,0.9469,-0.0653,-0.2575,0.9641,-0.1410,-0.0156,0.3617,Dark,
25.4169,5.2040,6.0122,0.0000,0.0000,0.0920,-0.2216,0.9708,-0.2305,-0.2254,0.9466,-0.0650,-0.2592,0.9636,-0.1409,-0.0159,0.3618,Dark,
25.4286,5.2052,6.0219,0.0000,0.0000,0.0920,-0.2232,0.9704,-0.2301,-0.2268,0.9464,-0.0648,-0.2606,0.9633,-0.1408,-0.0163,0.3618,Dark,
25.4400,5.2047,6.0243,0.0000,0.0000,0.0927,-0.2262,0.9697,-0.2292,-0.2297,0.9459,-0.0640,-0.2635,0.9625,-0.1407,-0.0166,0.3619,Dark,
25.4505,5.2147,6.0256,0.0000,0.0000,0.0933,-0.2297,0.9688,-0.2284,-0.2332,0.9452,-0.0633,-0.2670,0.9616,-0.1406,-0.0171,0.3621,Dark,
25.4615,5.2268,6.0298,0.0000,0.0000,0.0936,-0.2334,0.9679,-0.2277,-0.2368,0.9445,-0.0628,-0.2706,0.9606,-0.1405,-0.0177,0.3622,Dark,
25.4728,5.2299,6.0349,0.0000,0.0000,0.0946,-0.2383,0.9666,-0.2265,-0.2416,0.9436,-0.0617,-0.2755,0.9593,-0.1404,-0.0184,0.3624,Dark,
25.4837,5.2351,6.0389,0.0000,0.0000,0.0957,-0.2436,0.9651,-0.2251,-0.2469,0.9425,-0.0605,-0.2808,0.9579,-0.1403,-0.0192,0.3627,Dark,
25.4952,5.2407,6.0527,0.0000,0.0000,0.0970,-0.2503,0.9633,-0.2234,-0.2535,0.9412,-0.0589,-0.2874,0.9560,-0.1401,-0.0203,0.3629,Dark,
25.5063,5.2426,6.0515,0.0000,0.0000,0.0987,-0.2579,0.9611,-0.2216,-0.2611,0.9395,-0.0572,-0.2950,0.9538,-0.1400,-0.0214,0.3630,Dark,
25.5174,5.2327,6.0498,0.0000,0.0000,0.1000,-0.2666,0.9586,-0.2200,-0.2698,0.9374,-0.0557,-0.3037,0.9511,-0.1398,-0.0226,0.3632,Dark,
25.5284,5.2274,6.0455,0.0000,0.0000,0.1015,-0.2751,0.9560,-0.2181,-0.2783,0.9354,-0.0540,-0.3122,0.9485,-0.1396,-0.0239,0.3634,Dark,
25.5402,5.2309,6.0460,0.0000,0.0000,0.1026,-0.2842,0.9533,-0.2168,-0.2872,0.9330,-0.0528,-0.3212,0.9455,-0.1395,-0.0252,0.3637,Dark,
25.5508,5.2303,6.0471,0.0000,0.0000,0.1038,-0.2931,0.9504,-0.2154,-0.2959,0.9306,-0.0515,-0.3300,0.9426,-0.1394,-0.0265,0.3640,Dark,
25.5618,5.2407,6.0450,0.0000,0.0000,0.1049,-0.3012,0.9478,-0.2137,-0.3040,0.9284,-0.0501,-0.3380,0.9398,-0.1392,-0.0279,0.3644,Dark,
25.5730,5.2483,6.0538,0.0000,0.0000,0.1062,-0.3097,0.9449,-0.2121,-0.3124,0.9260,-0.0486,-0.3464,0.9368,-0.1391,-0.0292,0.3649,Dark,
25.5841,5.2565,6.0610,0.0000,0.0000,0.1076,-0.3186,0.9418,-0.2106,-0.3212,0.9233,-0.0472,-0.3553,0.9336,-0.1389,-0.0308,0.3652,Dark,
25.5954,5.2671,6.0496,0.0000,0.0000,0.1088,-0.3271,0.9387,-0.2091,-0.3296,0.9207,-0.0458,-0.3637,0.9304,-0.1388,-0.0324,0.3656,Dark,
25.6065,5.2691,6.0450,0.0000,0.0000,0.1104,-0.3362,0.9353,-0.2073,-0.3387,0.9178,-0.0440,-0.3728,0.9269,-0.1386,-0.0338,0.3660,Dark,
25.6177,5.2620,6.0265,0.0000,0.0000,0.1113,-0.3432,0.9327,-0.2060,-0.3457,0.9154,-0.0430,-0.3797,0.9241,-0.1385,-0.0351,0.3665,Dark,
25.6289,5.2701,6.0114,0.0000,0.0000,0.1122,-0.3493,0.9303,-0.2048,-0.3517,0.9134,-0.0420,-0.3857,0.9217,-0.1383,-0.0364,0.3670,Dark,
25.6400,5.2771,6.0007,0.0000,0.0000,0.1139,-0.3565,0.9273,-0.2028,-0.3591,0.9110,-0.0400,-0.3930,0.9187,-0.1382,-0.0375,0.3676,Dark,
25.6509,5.2725,5.9647,0.0000,0.0000,0.1147,-0.3624,0.9249,-0.2012,-0.3649,0.9090,-0.0389,-0.3987,0.9162,-0.1380,-0.0388,0.3682,Dark,
25.6622,5.2706,5.9658,0.0000,0.0000,0.1159,-0.3685,0.9224,-0.1997,-0.3711,0.9069,-0.0375,-0.4048,0.9136,-0.1378,-0.0400,0.3688,Dark,Start Blue Sphere at Nasal for 0.5s
25.6732,5.2778,5.9685,0.0000,0.0000,0.1155,-0.3780,0.9186,-0.2004,-0.3805,0.9028,-0.0382,-0.4143,0.9093,-0.1376,-0.0414,0.3693,Dark,Start Blue Sphere at Nasal for 0.5s
25.6844,5.2937,6.0101,0.0000,0.0000,0.1106,-0.4040,0.9080,-0.2072,-0.4061,0.8900,-0.0442,-0.4403,0.8968,-0.1373,-0.0428,0.3697,Dark,Start Blue Sphere at Nasal for 0.5s
25.6955,5.3033,6.0383,0.0000,0.0000,0.1104,-0.4248,0.8985,-0.2074,-0.4272,0.8801,-0.0445,-0.4611,0.8862,-0.1371,-0.0443,0.3700,Dark,Start Blue Sphere at Nasal for 0.5s
25.7067,5.3209,6.0595,0.0000,0.0000,0.1115,-0.4381,0.8920,-0.2067,-0.4407,0.8735,-0.0436,-0.4745,0.8792,-0.1369,-0.0456,0.3705,Dark,Start Blue Sphere at Nasal for 0.5s
25.7180,5.3502,6.0897,0.0000,0.0000,0.1122,-0.4512,0.8854,-0.2066,-0.4539,0.8667,-0.0431,-0.4877,0.8720,-0.1366,-0.0469,0.3710,Dark,Start Blue Sphere at Nasal for 0.5s
25.7287,5.3622,6.0865,0.0000,0.0000,0.1145,-0.4584,0.8813,-0.2045,-0.4615,0.8633,-0.0409,-0.4950,0.8679,-0.1365,-0.0482,0.3716,Dark,Start Blue Sphere at Nasal for 0.5s
25.7400,5.3696,6.0823,0.0000,0.0000,0.1159,-0.4655,0.8774,-0.2031,-0.4686,0.8597,-0.0395,-0.5021,0.8639,-0.1363,-0.0494,0.3722,Dark,Start Blue Sphere at Nasal for 0.5s
25.7515,5.3773,6.1101,0.0000,0.0000,0.1171,-0.4727,0.8734,-0.2019,-0.4758,0.8560,-0.0383,-0.5092,0.8598,-0.1361,-0.0508,0.3727,Dark,Start Blue Sphere at Nasal for 0.5s
25.7624,5.3791,6.1175,0.0000,0.0000,0.1188,-0.4794,0.8695,-0.2000,-0.4827,0.8527,-0.0365,-0.5160,0.8558,-0.1359,-0.0523,0.3732,Dark,Start Blue Sphere at Nasal for 0.5s
25.7735,5.3825,6.1385,0.0000,0.0000,0.1204,-0.4865,0.8654,-0.1983,-0.4899,0.8489,-0.0348,-0.5230,0.8516,-0.1357,-0.0537,0.3736,Dark,Start Blue Sphere at Nasal for 0.5s
25.7847,5.3808,6.1488,0.0000,0.0000,0.1209,-0.4937,0.8612,-0.1976,-0.4972,0.8448,-0.0342,-0.5302,0.8472,-0.1355,-0.0550,0.3740,Dark,Start Blue Sphere at Nasal for 0.5s
25.7959,5.3791,6.1589,0.0000,0.0000,0.1215,-0.4993,0.8579,-0.1970,-0.5028,0.8416,-0.0336,-0.5358,0.8437,-0.1353,-0.0562,0.3746,Dark,Start Blue Sphere at Nasal for 0.5s
25.8071,5.3946,6.1574,0.0000,0.0000,0.1210,-0.5042,0.8551,-0.1971,-0.5076,0.8388,-0.0339,-0.5405,0.8406,-0.1351,-0.0573,0.3752,Dark,Start Blue Sphere at Nasal for 0.5s
25.8183,5.4023,6.1481,0.0000,0.0000,0.1217,-0.5095,0.8518,-0.1961,-0.5130,0.8357,-0.0331,-0.5458,0.8373,-0.1350,-0.0585,0.3758,Dark,Start Blue Sphere at Nasal for 0.5s
25.8292,5.4086,6.1440,0.0000,0.0000,0.1225,-0.5142,0.8489,-0.1952,-0.5177,0.8330,-0.0322,-0.5504,0.8343,-0.1349,-0.0597,0.3764,Dark,Start Blue Sphere at Nasal for 0.5s
25.8403,5.4132,6.1308,0.0000,0.0000,0.1231,-0.5191,0.8458,-0.1942,-0.5226,0.8301,-0.0315,-0.5553,0.8311,-0.1347,-0.0610,0.3769,Dark,Start Blue Sphere at Nasal for 0.5s
25.8521,5.4263,6.1237,0.0000,0.0000,0.1239,-0.5255,0.8418,-0.1934,-0.5290,0.8263,-0.0307,-0.5616,0.8268,-0.1346,-0.0623,0.3774,Dark,Start Blue Sphere at Nasal for 0.5s
25.8628,5.4372,6.1415,0.0000,0.0000,0.1253,-0.5314,0.8378,-0.1918,-0.5352,0.8227,-0.0291,-0.5676,0.8228,-0.1344,-0.0636,0.3778,Dark,Start Blue Sphere at Nasal for 0.5s
25.8737,5.4590,6.1551,0.0000,0.0000,0.1269,-0.5369,0.8341,-0.1895,-0.5409,0.8194,-0.0272,-0.5730,0.8191,-0.1343,-0.0649,0.3782,Dark,Start Blue Sphere at Nasal for 0.5s
25.8849,5.4698,6.1539,0.0000,0.0000,0.1285,-0.5421,0.8304,-0.1876,-0.5463,0.8163,-0.0254,-0.5783,0.8155,-0.1341,-0.0660,0.3787,Dark,Start Blue Sphere at Nasal for 0.5s
25.8960,5.4771,6.1675,0.0000,0.0000,0.1297,-0.5467,0.8272,-0.1862,-0.5510,0.8135,-0.0240,-0.5828,0.8123,-0.1341,-0.0672,0.3792,Dark,Start Blue Sphere at Nasal for 0.5s
25.9074,5.4957,6.1713,0.0000,0.0000,0.1318,-0.5503,0.8245,-0.1839,-0.5548,0.8114,-0.0218,-0.5864,0.8097,-0.1339,-0.0684,0.3797,Dark,Start Blue Sphere at Nasal for 0.5s
25.9185,5.4870,6.1670,0.0000,0.0000,0.1333,-0.5548,0.8212,-0.1825,-0.5595,0.8085,-0.0203,-0.5910,0.8064,-0.1338,-0.0696,0.3802,Dark,Start Blue Sphere at Nasal for 0.5s
25.9297,5.4806,6.1558,0.0000,0.0000,0.1359,-0.5590,0.8180,-0.1797,-0.5640,0.8060,-0.0175,-0.5953,0.8033,-0.1337,-0.0710,0.3807,Dark,Start Blue Sphere at Nasal for 0.5s
25.9404,5.4819,6.1488,0.0000,0.0000,0.1379,-0.5637,0.8144,-0.1777,-0.5691,0.8028,-0.0155,-0.6001,0.7998,-0.1336,-0.0721,0.3811,Dark,Start Blue Sphere at Nasal for 0.5s
25.9522,5.4793,6.1445,0.0000,0.0000,0.1395,-0.5677,0.8113,-0.1761,-0.5735,0.8000,-0.0138,-0.6043,0.7966,-0.1335,-0.0733,0.3815,Dark,Start Blue Sphere at Nasal for 0.5s
25.9630,5.4820,6.1472,0.0000,0.0000,0.1414,-0.5704,0.8091,-0.1739,-0.5766,0.7983,-0.0117,-0.6071,0.7945,-0.1334,-0.0743,0.3820,Dark,Start Blue Sphere at Nasal for 0.5s
25.9747,5.4843,6.1487,0.0000,0.0000,0.1424,-0.5729,0.8072,-0.1729,-0.5794,0.7965,-0.0107,-0.6097,0.7926,-0.1334,-0.0752,0.3826,Dark,Start Blue Sphere at Nasal for 0.5s
25.9855,5.4853,6.1524,0.0000,0.0000,0.1442,-0.5741,0.8060,-0.1710,-0.5810,0.7957,-0.0087,-0.6111,0.7915,-0.1333,-0.0760,0.3833,Dark,Start Blue Sphere at Nasal for 0.5s
25.9960,5.4909,6.1716,0.0000,0.0000,0.1459,-0.5740,0.8058,-0.1693,-0.5814,0.7958,-0.0070,-0.6112,0.7914,-0.1332,-0.0769,0.3839,Dark,Start Blue Sphere at Nasal for 0.5s
26.0073,5.4948,6.1845,0.0000,0.0000,0.1475,-0.5759,0.8041,-0.1677,-0.5838,0.7944,-0.0053,-0.6134,0.7898,-0.1331,-0.0776,0.3846,Dark,Start Blue Sphere at Nasal for 0.5s
26.0187,5.4974,6.1810,0.0000,0.0000,0.1495,-0.5776,0.8025,-0.1657,-0.5860,0.7932,-0.0033,-0.6153,0.7883,-0.1330,-0.0785,0.3851,Dark,Start Blue Sphere at Nasal for 0.5s
26.0298,5.5054,6.1692,0.0000,0.0000,0.1523,-0.5790,0.8010,-0.1630,-0.5881,0.7922,-0.0005,-0.6170,0.7870,-0.1329,-0.0794,0.3855,Dark,Start Blue Sphere at Nasal for 0.5s
26.0410,5.5039,6.1618,0.0000,0.0000,0.1546,-0.5812,0.7989,-0.1606,-0.5908,0.7906,0.0020,-0.6194,0.7850,-0.1328,-0.0800,0.3859,Dark,Start Blue Sphere at Nasal for 0.5s
26.0523,5.5153,6.1640,0.0000,0.0000,0.1572,-0.5830,0.7971,-0.1581,-0.5932,0.7894,0.0046,-0.6215,0.7834,-0.1327,-0.0808,0.3863,Dark,Start Blue Sphere at Nasal for 0.5s
26.0633,5.5263,6.1600,0.0000,0.0000,0.1591,-0.5847,0.7955,-0.1562,-0.5954,0.7881,0.0065,-0.6234,0.7819,-0.1326,-0.0815,0.3867,Dark,Start Blue Sphere at Nasal for 0.5s
26.0741,5.5236,6.1567,0.0000,0.0000,0.1610,-0.5862,0.7940,-0.1544,-0.5974,0.7869,0.0085,-0.6251,0.7805,-0.1325,-0.0820,0.3871,Dark,Start Blue Sphere at Nasal for 0.5s
26.0853,5.5210,6.1650,0.0000,0.0000,0.1626,-0.5879,0.7924,-0.1527,-0.5996,0.7856,0.0101,-0.6271,0.7789,-0.1324,-0.0827,0.3876,Dark,Start Blue Sphere at Nasal for 0.5s
26.0965,5.5201,6.1731,0.0000,0.0000,0.1645,-0.5897,0.7907,-0.1509,-0.6019,0.7842,0.0121,-0.6291,0.7772,-0.1323,-0.0835,0.3880,Dark,Start Blue Sphere at Nasal for 0.5s
26.1075,5.5147,6.1802,0.0000,0.0000,0.1659,-0.5924,0.7884,-0.1495,-0.6050,0.7820,0.0135,-0.6320,0.7749,-0.1321,-0.0842,0.3883,Dark,Start Blue Sphere at Nasal for 0.5s
26.1187,5.5241,6.2055,0.0000,0.0000,0.1667,-0.5959,0.7855,-0.1487,-0.6088,0.7793,0.0143,-0.6355,0.7719,-0.1320,-0.0849,0.3885,Dark,Start Blue Sphere at Nasal for 0.5s
26.1302,5.5346,6.2069,0.0000,0.0000,0.1685,-0.5991,0.7827,-0.1468,-0.6123,0.7768,0.0162,-0.6388,0.7692,-0.1319,-0.0857,0.3886,Dark,Start Blue Sphere at Nasal for 0.5s
26.1409,5.5563,6.2069,0.0000,0.0000,0.1697,-0.6025,0.7799,-0.1456,-0.6160,0.7742,0.0174,-0.6423,0.7663,-0.1318,-0.0863,0.3888,Dark,Start Blue Sphere at Nasal for 0.5s
26.1520,5.6042,6.2111,0.0000,0.0000,0.1704,-0.6063,0.7768,-0.1456,-0.6198,0.7711,0.0177,-0.6461,0.7630,-0.1317,-0.0870,0.3889,Dark,Start Blue Sphere at Nasal for 0.5s
26.1632,5.6272,6.2057,0.0000,0.0000,0.1717,-0.6086,0.7747,-0.1446,-0.6224,0.7693,0.0189,-0.6486,0.7609,-0.1317,-0.0876,0.3891,Dark,Stop Blue Sphere at Nasal
26.1742,5.6318,6.2016,0.0000,0.0000,0.1726,-0.6111,0.7725,-0.1440,-0.6251,0.7672,0.0197,-0.6512,0.7587,-0.1316,-0.0882,0.3894,Dark,Stop Blue Sphere at Nasal
26.1858,5.6311,6.2379,0.0000,0.0000,0.1735,-0.6138,0.7702,-0.1442,-0.6278,0.7649,0.0200,-0.6540,0.7563,-0.1315,-0.0888,0.3896,Dark,Stop Blue Sphere at Nasal
26.1966,5.6282,6.2511,0.0000,0.0000,0.1744,-0.6159,0.7683,-0.1436,-0.6300,0.7632,0.0208,-0.6561,0.7544,-0.1315,-0.0894,0.3897,Dark,Stop Blue Sphere at Nasal
26.2076,5.6257,6.2616,0.0000,0.0000,0.1749,-0.6175,0.7668,-0.1432,-0.6318,0.7618,0.0212,-0.6578,0.7529,-0.1315,-0.0898,0.3899,Dark,Stop Blue Sphere at Nasal
26.2190,5.6307,6.2715,0.0000,0.0000,0.1755,-0.6183,0.7661,-0.1429,-0.6327,0.7611,0.0217,-0.6587,0.7521,-0.1316,-0.0901,0.3901,Dark,Stop Blue Sphere at Nasal
26.2301,5.6356,6.2790,0.0000,0.0000,0.1758,-0.6187,0.7657,-0.1427,-0.6331,0.7608,0.0220,-0.6591,0.7517,-0.1316,-0.0904,0.3904,Dark,Stop Blue Sphere at Nasal
26.2413,5.6271,6.2853,0.0000,0.0000,0.1761,-0.6189,0.7655,-0.1425,-0.6334,0.7606,0.0222,-0.6593,0.7515,-0.1317,-0.0907,0.3905,Dark,Stop Blue Sphere at Nasal
26.2524,5.6189,6.2800,0.0000,0.0000,0.1761,-0.6190,0.7654,-0.1427,-0.6334,0.7605,0.0221,-0.6594,0.7514,-0.1318,-0.0908,0.3908,Dark,Stop Blue Sphere at Nasal
26.2634,5.6186,6.2716,0.0000,0.0000,0.1759,-0.6185,0.7658,-0.1429,-0.6331,0.7608,0.0220,-0.6590,0.7518,-0.1318,-0.0909,0.3910,Dark,
26.2747,5.6194,6.2641,0.0000,0.0000,0.1755,-0.6179,0.7664,-0.1433,-0.6324,0.7613,0.0216,-0.6584,0.7523,-0.1320,-0.0907,0.3913,Dark,
26.2860,5.6298,6.2456,0.0000,0.0000,0.1750,-0.6173,0.7670,-0.1438,-0.6317,0.7617,0.0211,-0.6578,0.7529,-0.1321,-0.0907,0.3914,Dark,
26.2970,5.6363,6.2509,0.0000,0.0000,0.1745,-0.6159,0.7683,-0.1442,-0.6303,0.7629,0.0206,-0.6564,0.7542,-0.1322,-0.0906,0.3916,Dark,
26.3080,5.6440,6.2563,0.0000,0.0000,0.1740,-0.6143,0.7696,-0.1446,-0.6287,0.7641,0.0201,-0.6548,0.7555,-0.1324,-0.0902,0.3918,Dark,
26.3193,5.6539,6.2698,0.0000,0.0000,0.1734,-0.6117,0.7718,-0.1450,-0.6260,0.7662,0.0196,-0.6522,0.7578,-0.1325,-0.0899,0.3920,Dark,
26.3303,5.6563,6.2818,0.0000,0.0000,0.1728,-0.6084,0.7746,-0.1455,-0.6226,0.7689,0.0191,-0.6489,0.7607,-0.1326,-0.0895,0.3922,Dark,
26.3416,5.6557,6.2905,0.0000,0.0000,0.1717,-0.6042,0.7781,-0.1464,-0.6183,0.7722,0.0180,-0.6446,0.7643,-0.1328,-0.0887,0.3926,Dark,
26.3532,5.6566,6.2846,0.0000,0.0000,0.1704,-0.5997,0.7819,-0.1476,-0.6136,0.7757,0.0168,-0.6400,0.7682,-0.1330,-0.0880,0.3928,Dark,
26.3640,5.6583,6.2697,0.0000,0.0000,0.1695,-0.5951,0.7856,-0.1483,-0.6089,0.7793,0.0160,-0.6354,0.7720,-0.1332,-0.0873,0.3930,Dark,
26.3749,5.6613,6.2570,0.0000,0.0000,0.1684,-0.5902,0.7895,-0.1494,-0.6038,0.7830,0.0148,-0.6306,0.7760,-0.1334,-0.0864,0.3933,Dark,
26.3862,5.6581,6.2766,0.0000,0.0000,0.1673,-0.5842,0.7941,-0.1504,-0.5977,0.7875,0.0138,-0.6246,0.7808,-0.1336,-0.0854,0.3936,Dark,
26.3971,5.6530,6.2706,0.0000,0.0000,0.1657,-0.5774,0.7995,-0.1519,-0.5905,0.7926,0.0122,-0.6176,0.7864,-0.1339,-0.0844,0.3939,Dark,
26.4087,5.6521,6.2659,0.0000,0.0000,0.1633,-0.5690,0.8059,-0.1542,-0.5817,0.7986,0.0099,-0.6092,0.7930,-0.1342,-0.0830,0.3944,Dark,
26.4194,5.6559,6.2442,0.0000,0.0000,0.1603,-0.5601,0.8128,-0.1572,-0.5722,0.8049,0.0068,-0.6000,0.7999,-0.1345,-0.0816,0.3947,Dark,
26.4310,5.6602,6.2340,0.0000,0.0000,0.1573,-0.5506,0.8198,-0.1600,-0.5620,0.8115,0.0038,-0.5903,0.8072,-0.1349,-0.0800,0.3951,Dark,
26.4416,5.6541,6.2227,0.0000,0.0000,0.1539,-0.5415,0.8265,-0.1632,-0.5522,0.8176,0.0005,-0.5809,0.8139,-0.1352,-0.0785,0.3954,Dark,
26.4530,5.6559,6.2275,0.0000,0.0000,0.1500,-0.5321,0.8333,-0.1664,-0.5420,0.8237,-0.0032,-0.5711,0.8209,-0.1356,-0.0767,0.3958,Dark,
26.4641,5.6624,6.2308,0.0000,0.0000,0.1471,-0.5203,0.8412,-0.1690,-0.5297,0.8312,-0.0060,-0.5592,0.8290,-0.1360,-0.0748,0.3960,Dark,
26.4752,5.6643,6.2297,0.0000,0.0000,0.1423,-0.5095,0.8486,-0.1729,-0.5179,0.8378,-0.0105,-0.5479,0.8365,-0.1364,-0.0728,0.3963,Dark,
26.4862,5.6669,6.2279,0.0000,0.0000,0.1380,-0.4968,0.8568,-0.1768,-0.5043,0.8452,-0.0148,-0.5348,0.8449,-0.1368,-0.0705,0.3966,Dark,
26.4977,5.6679,6.2254,0.0000,0.0000,0.1345,-0.4839,0.8647,-0.1800,-0.4908,0.8525,-0.0181,-0.5216,0.8530,-0.1372,-0.0683,0.3966,Dark,
26.5085,5.6641,6.2439,0.0000,0.0000,0.1299,-0.4722,0.8719,-0.1839,-0.4783,0.8587,-0.0225,-0.5096,0.8601,-0.1376,-0.0662,0.3966,Dark,
26.5195,5.6669,6.2550,0.0000,0.0000,0.1248,-0.4598,0.8792,-0.1888,-0.4651,0.8649,-0.0277,-0.4968,0.8674,-0.1381,-0.0638,0.3966,Dark,
26.5309,5.6692,6.2638,0.0000,0.0000,0.1213,-0.4449,0.8873,-0.1920,-0.4496,0.8723,-0.0311,-0.4816,0.8758,-0.1385,-0.0613,0.3964,Dark,
26.5421,5.6459,6.2564,0.0000,0.0000,0.1165,-0.4306,0.8950,-0.1966,-0.4347,0.8789,-0.0359,-0.4671,0.8835,-0.1389,-0.0589,0.3964,Dark,
26.5530,5.6374,6.2609,0.0000,0.0000,0.1121,-0.4151,0.9028,-0.2007,-0.4184,0.8858,-0.0403,-0.4512,0.8915,-0.1394,-0.0562,0.3963,Dark,
26.5642,5.6429,6.2649,0.0000,0.0000,0.1077,-0.3989,0.9106,-0.2049,-0.4015,0.8927,-0.0447,-0.4347,0.8995,-0.1398,-0.0535,0.3960,Dark,
26.5755,5.6540,6.2656,0.0000,0.0000,0.1028,-0.3823,0.9183,-0.2097,-0.3839,0.8992,-0.0497,-0.4177,0.9072,-0.1402,-0.0506,0.3957,Dark,
26.5866,5.6603,6.2667,0.0000,0.0000,0.0985,-0.3650,0.9258,-0.2141,-0.3659,0.9057,-0.0542,-0.4000,0.9149,-0.1406,-0.0477,0.3953,Dark,
26.5978,5.6603,6.2668,0.0000,0.0000,0.0943,-0.3475,0.9329,-0.2184,-0.3478,0.9118,-0.0586,-0.3823,0.9222,-0.1410,-0.0449,0.3947,Dark,
26.6088,5.6467,6.2615,0.0000,0.0000,0.0895,-0.3301,0.9397,-0.2233,-0.3297,0.9173,-0.0636,-0.3646,0.9290,-0.1413,-0.0420,0.3941,Dark,
26.6199,5.6367,6.2516,0.0000,0.0000,0.0853,-0.3121,0.9462,-0.2275,-0.3112,0.9227,-0.0679,-0.3463,0.9356,-0.1417,-0.0390,0.3935,Dark,
26.6311,5.6360,6.2434,0.0000,0.0000,0.0812,-0.2924,0.9529,-0.2317,-0.2909,0.9283,-0.0722,-0.3263,0.9425,-0.1421,-0.0359,0.3926,Dark,
26.6425,5.6358,6.2252,0.0000,0.0000,0.0765,-0.2709,0.9596,-0.2363,-0.2689,0.9337,-0.0770,-0.3045,0.9494,-0.1424,-0.0326,0.3917,Dark,
26.6534,5.6360,6.2303,0.0000,0.0000,0.0725,-0.2473,0.9662,-0.2403,-0.2452,0.9392,-0.0811,-0.2808,0.9563,-0.1428,-0.0289,0.3909,Dark,
26.6649,5.6406,6.2353,0.0000,0.0000,0.0683,-0.2204,0.9730,-0.2447,-0.2185,0.9447,-0.0855,-0.2539,0.9634,-0.1432,-0.0251,0.3899,Dark,
26.6758,5.6370,6.2347,0.0000,0.0000,0.0650,-0.1924,0.9792,-0.2480,-0.1910,0.9497,-0.0889,-0.2260,0.9701,-0.1435,-0.0210,0.3889,Dark,
26.6867,5.6342,6.2483,0.0000,0.0000,0.0624,-0.1658,0.9842,-0.2509,-0.1648,0.9539,-0.0917,-0.1996,0.9756,-0.1438,-0.0169,0.3876,Dark,
26.6979,5.6407,6.2588,0.0000,0.0000,0.0599,-0.1401,0.9883,-0.2537,-0.1395,0.9572,-0.0944,-0.1739,0.9802,-0.1441,-0.0132,0.3862,Dark,
26.7093,5.6506,6.2509,0.0000,0.0000,0.0578,-0.1151,0.9917,-0.2557,-0.1148,0.9599,-0.0966,-0.1489,0.9841,-0.1443,-0.0093,0.3845,Dark,
26.7203,5.6543,6.2650,0.0000,0.0000,0.0565,-0.0896,0.9944,-0.2575,-0.0896,0.9621,-0.0982,-0.1233,0.9875,-0.1445,-0.0053,0.3827,Dark,
26.7315,5.6651,6.2878,0.0000,0.0000,0.0552,-0.0641,0.9964,-0.2605,-0.0642,0.9633,-0.1004,-0.0978,0.9901,-0.1447,-0.0014,0.3809,Dark,
26.7428,5.6518,6.2980,0.0000,0.0000,0.0543,-0.0383,0.9978,-0.2629,-0.0386,0.9641,-0.1021,-0.0720,0.9922,-0.1448,0.0025,0.3789,Dark,
26.7535,5.6406,6.2770,0.0000,0.0000,0.0558,-0.0137,0.9983,-0.2617,-0.0143,0.9650,-0.1008,-0.0474,0.9938,-0.1449,0.0063,0.3769,Dark,
26.7646,5.6223,6.2195,0.0000,0.0000,0.0607,0.0141,0.9981,-0.2575,0.0135,0.9662,-0.0961,-0.0193,0.9952,-0.1449,0.0099,0.3746,Dark,
26.7759,5.6211,6.1892,0.0000,0.0000,0.0597,0.0405,0.9974,-0.2581,0.0399,0.9653,-0.0969,0.0075,0.9953,-0.1450,0.0134,0.3722,Dark,
26.7870,5.6219,6.1778,0.0000,0.0000,0.0581,0.0624,0.9964,-0.2593,0.0619,0.9638,-0.0985,0.0299,0.9947,-0.1450,0.0170,0.3697,Dark,
26.7980,5.6292,6.1858,0.0000,0.0000,0.0568,0.0855,0.9947,-0.2598,0.0853,0.9619,-0.0995,0.0535,0.9936,-0.1450,0.0202,0.3672,Dark,
26.8096,5.6304,6.1982,0.0000,0.0000,0.0559,0.1057,0.9928,-0.2603,0.1058,0.9597,-0.1003,0.0742,0.9922,-0.1450,0.0232,0.3646,Dark,
26.8203,5.6309,6.2104,0.0000,0.0000,0.0556,0.1233,0.9908,-0.2601,0.1240,0.9576,-0.1006,0.0924,0.9906,-0.1448,0.0262,0.3619,Dark,
26.8316,5.6279,6.2303,0.0000,0.0000,0.0552,0.1426,0.9882,-0.2597,0.1440,0.9549,-0.1006,0.1125,0.9885,-0.1447,0.0289,0.3591,Dark,
26.8428,5.6307,6.2387,0.0000,0.0000,0.0554,0.1631,0.9851,-0.2593,0.1650,0.9516,-0.1004,0.1336,0.9859,-0.1446,0.0318,0.3563,Dark,
26.8542,5.6333,6.2479,0.0000,0.0000,0.0558,0.1837,0.9814,-0.2592,0.1862,0.9477,-0.1003,0.1548,0.9828,-0.1445,0.0349,0.3536,Dark,
26.8649,5.6384,6.2634,0.0000,0.0000,0.0561,0.2035,0.9775,-0.2592,0.2066,0.9435,-0.1003,0.1753,0.9794,-0.1444,0.0377,0.3507,Dark,
26.8762,5.6347,6.2694,0.0000,0.0000,0.0562,0.2231,0.9732,-0.2591,0.2267,0.9389,-0.1004,0.1955,0.9756,-0.1442,0.0403,0.3478,Dark,
26.8873,5.6312,6.2799,0.0000,0.0000,0.0571,0.2423,0.9685,-0.2585,0.2465,0.9340,-0.0997,0.2154,0.9714,-0.1440,0.0432,0.3449,Dark,
26.8984,5.6191,6.2894,0.0000,0.0000,0.0579,0.2614,0.9635,-0.2581,0.2660,0.9288,-0.0992,0.2350,0.9669,-0.1438,0.0457,0.3419,Dark,
26.9096,5.6151,6.2897,0.0000,0.0000,0.0588,0.2790,0.9585,-0.2574,0.2839,0.9237,-0.0985,0.2532,0.9624,-0.1437,0.0481,0.3390,Dark,
26.9205,5.6243,6.2890,0.0000,0.0000,0.0595,0.2969,0.9531,-0.2569,0.3021,0.9180,-0.0980,0.2716,0.9574,-0.1436,0.0507,0.3360,Dark,
26.9316,5.6167,6.2579,0.0000,0.0000,0.0609,0.3148,0.9472,-0.2554,0.3202,0.9123,-0.0966,0.2900,0.9521,-0.1433,0.0530,0.3329,Dark,
26.9430,5.6140,6.2458,0.0000,0.0000,0.0620,0.3314,0.9415,-0.2543,0.3370,0.9065,-0.0955,0.3071,0.9469,-0.1431,0.0552,0.3300,Dark,
26.9540,5.6116,6.2371,0.0000,0.0000,0.0635,0.3471,0.9357,-0.2528,0.3530,0.9008,-0.0941,0.3234,0.9416,-0.1429,0.0575,0.3270,Dark,
26.9651,5.6157,6.2444,0.0000,0.0000,0.0655,0.3612,0.9302,-0.2505,0.3675,0.8957,-0.0920,0.3380,0.9366,-0.1426,0.0594,0.3242,Dark,
26.9763,5.6228,6.2371,0.0000,0.0000,0.0674,0.3746,0.9248,-0.2484,0.3812,0.8905,-0.0901,0.3519,0.9317,-0.1424,0.0612,0.3214,Dark,
26.9874,5.6286,6.2435,0.0000,0.0000,0.0684,0.3842,0.9207,-0.2472,0.3911,0.8866,-0.0890,0.3619,0.9279,-0.1421,0.0630,0.3187,Dark,
26.9986,5.6359,6.2539,0.0000,0.0000,0.0708,0.3961,0.9155,-0.2448,0.4035,0.8817,-0.0866,0.3744,0.9232,-0.1419,0.0646,0.3160,Dark,
27.0099,5.6412,6.2722,0.0000,0.0000,0.0722,0.4055,0.9112,-0.2433,0.4132,0.8775,-0.0852,0.3843,0.9193,-0.1417,0.0660,0.3135,Dark,
27.0208,5.6517,6.2940,0.0000,0.0000,0.0723,0.4130,0.9079,-0.2433,0.4208,0.8739,-0.0852,0.3920,0.9160,-0.1415,0.0673,0.3111,Dark,
27.0319,5.6552,6.2965,0.0000,0.0000,0.0734,0.4209,0.9041,-0.2422,0.4290,0.8702,-0.0842,0.4003,0.9125,-0.1413,0.0685,0.3088,Dark,
27.0432,5.6563,6.3059,0.0000,0.0000,0.0744,0.4283,0.9006,-0.2414,0.4367,0.8666,-0.0833,0.4080,0.9092,-0.1410,0.0695,0.3066,Dark,
27.0541,5.6654,6.3128,0.0000,0.0000,0.0757,0.4353,0.8971,-0.2404,0.4442,0.8631,-0.0823,0.4155,0.9059,-0.1408,0.0707,0.3045,Dark,
27.0652,5.6643,6.3129,0.0000,0.0000,0.0775,0.4428,0.8933,-0.2386,0.4522,0.8594,-0.0805,0.4234,0.9023,-0.1406,0.0718,0.3024,Dark,
27.0766,5.6632,6.3131,0.0000,0.0000,0.0797,0.4504,0.8893,-0.2366,0.4603,0.8557,-0.0784,0.4315,0.8987,-0.1403,0.0731,0.3005,Dark,
27.0876,5.6418,6.2717,0.0000,0.0000,0.0807,0.4577,0.8854,-0.2357,0.4680,0.8517,-0.0776,0.4392,0.8950,-0.1400,0.0742,0.2986,Dark,
27.0988,5.6058,6.2385,0.0000,0.0000,0.0778,0.4725,0.8779,-0.2378,0.4827,0.8429,-0.0803,0.4545,0.8871,-0.1398,0.0752,0.2968,Dark,
27.1104,5.5381,6.1743,0.0000,0.0000,0.0689,0.5077,0.8587,-0.2438,0.5170,0.8205,-0.0883,0.4905,0.8670,-0.1395,0.0760,0.2950,Dark,
27.1210,5.5085,6.1564,0.0000,0.0000,0.0635,0.5323,0.8442,-0.2477,0.5409,0.8038,-0.0933,0.5156,0.8517,-0.1393,0.0770,0.2933,Dark,
27.1320,5.4925,6.1463,0.0000,0.0000,0.0654,0.5324,0.8440,-0.2446,0.5416,0.8043,-0.0908,0.5160,0.8517,-0.1391,0.0776,0.2918,Dark,
27.1434,5.4832,6.1493,0.0000,0.0000,0.0633,0.5454,0.8358,-0.2456,0.5545,0.7951,-0.0926,0.5295,0.8433,-0.1389,0.0783,0.2903,Dark,
27.1546,5.4710,6.1555,0.0000,0.0000,0.0588,0.5590,0.8271,-0.2463,0.5677,0.7856,-0.0954,0.5435,0.8340,-0.1387,0.0788,0.2889,Dark,
27.1656,5.4798,6.1572,0.0000,0.0000,0.0582,0.5630,0.8244,-0.2452,0.5719,0.7828,-0.0952,0.5478,0.8311,-0.1385,0.0792,0.2877,Dark,
27.1770,5.4916,6.1588,0.0000,0.0000,0.0563,0.5692,0.8203,-0.2438,0.5781,0.7787,-0.0955,0.5544,0.8267,-0.1383,0.0797,0.2864,Dark,
27.1882,5.4955,6.1532,0.0000,0.0000,0.0563,0.5701,0.8196,-0.2421,0.5794,0.7782,-0.0947,0.5556,0.8260,-0.1382,0.0801,0.2854,Dark,
27.1991,5.4925,6.1486,0.0000,0.0000,0.0555,0.5737,0.8172,-0.2412,0.5832,0.7757,-0.0947,0.5595,0.8234,-0.1380,0.0805,0.2845,Dark,
27.2102,5.4862,6.1600,0.0000,0.0000,0.0549,0.5756,0.8159,-0.2388,0.5854,0.7748,-0.0938,0.5617,0.8220,-0.1379,0.0811,0.2834,Dark,
27.2216,5.4845,6.1634,0.0000,0.0000,0.0550,0.5773,0.8147,-0.2375,0.5873,0.7737,-0.0932,0.5636,0.8208,-0.1378,0.0815,0.2826,Dark,
27.2326,5.4846,6.1663,0.0000,0.0000,0.0539,0.5811,0.8120,-0.2375,0.5911,0.7709,-0.0938,0.5676,0.8179,-0.1377,0.0819,0.2819,Dark,
27.2437,5.4944,6.1600,0.0000,0.0000,0.0545,0.5821,0.8113,-0.2348,0.5924,0.7707,-0.0921,0.5689,0.8172,-0.1376,0.0823,0.2811,Dark,
27.2550,5.5017,6.1610,0.0000,0.0000,0.0547,0.5840,0.8099,-0.2335,0.5944,0.7695,-0.0913,0.5710,0.8159,-0.1376,0.0826,0.2804,Dark,
27.2659,5.5036,6.1622,0.0000,0.0000,0.0549,0.5854,0.8089,-0.2323,0.5960,0.7687,-0.0906,0.5726,0.8148,-0.1375,0.0829,0.2798,Dark,
27.2770,5.5048,6.1756,0.0000,0.0000,0.0549,0.5881,0.8070,-0.2306,0.5987,0.7671,-0.0897,0.5754,0.8129,-0.1374,0.0832,0.2790,Dark,
27.2883,5.5044,6.1788,0.0000,0.0000,0.0555,0.5897,0.8057,-0.2291,0.6004,0.7662,-0.0887,0.5771,0.8118,-0.1374,0.0835,0.2785,Dark,
27.2996,5.5187,6.1806,0.0000,0.0000,0.0559,0.5912,0.8046,-0.2280,0.6020,0.7652,-0.0879,0.5788,0.8107,-0.1374,0.0838,0.2779,Dark,
27.3104,5.5271,6.1954,0.0000,0.0000,0.0567,0.5923,0.8037,-0.2260,0.6032,0.7649,-0.0864,0.5800,0.8100,-0.1373,0.0840,0.2772,Dark,
27.3216,5.5231,6.2037,0.0000,0.0000,0.0574,0.5934,0.8028,-0.2245,0.6044,0.7644,-0.0853,0.5813,0.8092,-0.1372,0.0843,0.2767,Dark,
27.3327,5.5249,6.2103,0.0000,0.0000,0.0577,0.5944,0.8021,-0.2235,0.6054,0.7639,-0.0846,0.5823,0.8086,-0.1372,0.0846,0.2762,Dark,
27.3438,5.5279,6.2237,0.0000,0.0000,0.0580,0.5955,0.8013,-0.2217,0.6065,0.7635,-0.0835,0.5835,0.8078,-0.1370,0.0848,0.2756,Dark,
27.3551,5.5311,6.2277,0.0000,0.0000,0.0584,0.5966,0.8004,-0.2204,0.6076,0.7631,-0.0826,0.5847,0.8071,-0.1369,0.0851,0.2752,Dark,
27.3661,5.5376,6.2305,0.0000,0.0000,0.0588,0.5974,0.7998,-0.2191,0.6085,0.7627,-0.0817,0.5856,0.8065,-0.1369,0.0853,0.2748,Dark,
27.3772,5.5507,6.2373,0.0000,0.0000,0.0595,0.5982,0.7991,-0.2169,0.6093,0.7627,-0.0802,0.5865,0.8060,-0.1368,0.0856,0.2745,Dark,
27.3884,5.5574,6.2421,0.0000,0.0000,0.0601,0.5990,0.7985,-0.2154,0.6103,0.7623,-0.0792,0.5875,0.8054,-0.1366,0.0856,0.2739,Dark,
27.3995,5.5737,6.2489,0.0000,0.0000,0.0616,0.5998,0.7978,-0.2121,0.6113,0.7625,-0.0766,0.5884,0.8049,-0.1365,0.0859,0.2736,Dark,
27.4106,5.5729,6.2511,0.0000,0.0000,0.0624,0.6004,0.7972,-0.2104,0.6121,0.7623,-0.0753,0.5892,0.8045,-0.1363,0.0859,0.2731,Dark,
27.4220,5.5712,6.2523,0.0000,0.0000,0.0619,0.6007,0.7970,-0.2102,0.6123,0.7622,-0.0755,0.5895,0.8042,-0.1362,0.0861,0.2730,Dark,
27.4334,5.5801,6.2418,0.0000,0.0000,0.0633,0.6009,0.7968,-0.2068,0.6128,0.7627,-0.0730,0.5899,0.8041,-0.1361,0.0863,0.2728,Dark,
27.4440,5.5830,6.2479,0.0000,0.0000,0.0643,0.6011,0.7966,-0.2048,0.6133,0.7629,-0.0715,0.5903,0.8040,-0.1359,0.0862,0.2724,Dark,
27.4555,5.5828,6.2533,0.0000,0.0000,0.0653,0.6010,0.7966,-0.2028,0.6133,0.7634,-0.0699,0.5903,0.8042,-0.1358,0.0863,0.2724,Dark,
27.4664,5.5882,6.2753,0.0000,0.0000,0.0622,0.5997,0.7978,-0.2041,0.6116,0.7644,-0.0722,0.5889,0.8050,-0.1357,0.0865,0.2724,Dark,
27.4774,5.5918,6.2752,0.0000,0.0000,0.0641,0.5996,0.7977,-0.2010,0.6120,0.7649,-0.0696,0.5891,0.8051,-0.1355,0.0864,0.2722,Dark,
27.4886,5.5919,6.2736,0.0000,0.0000,0.0476,0.5962,0.8014,-0.2150,0.6060,0.7658,-0.0853,0.5844,0.8070,-0.1354,0.0865,0.2722,Dark,
27.4998,5.6040,6.2546,0.0000,0.0000,0.0311,0.5931,0.8045,-0.2308,0.6004,0.7656,-0.1019,0.5799,0.8083,-0.1353,0.0866,0.2723,Dark,
27.5113,5.6135,6.2527,0.0000,0.0000,0.0273,0.5923,0.8053,-0.2358,0.5990,0.7652,-0.1064,0.5787,0.8086,-0.1351,0.0864,0.2722,Dark,
27.5223,5.6143,6.2473,0.0000,0.0000,0.0202,0.5916,0.8059,-0.2448,0.5972,0.7638,-0.1147,0.5774,0.8084,-0.1349,0.0865,0.2723,Dark,
27.5332,5.6104,6.2434,0.0000,0.0000,0.0176,0.5906,0.8068,-0.2482,0.5957,0.7639,-0.1178,0.5760,0.8089,-0.1348,0.0866,0.2725,Dark,
27.5443,5.6061,6.2552,0.0000,0.0000,0.0166,0.5899,0.8073,-0.2506,0.5950,0.7637,-0.1196,0.5752,0.8092,-0.1346,0.0864,0.2725,Dark,
27.5558,5.6029,6.2661,0.0000,0.0000,0.0162,0.5895,0.8076,-0.2533,0.5944,0.7632,-0.1213,0.5746,0.8094,-0.1344,0.0865,0.2726,Dark,
27.5668,5.6042,6.2672,0.0000,0.0000,0.0154,0.5889,0.8080,-0.2551,0.5938,0.7631,-0.1226,0.5740,0.8097,-0.1342,0.0866,0.2728,Dark,
27.5778,5.6056,6.2575,0.0000,0.0000,0.0165,0.5885,0.8083,-0.2550,0.5935,0.7633,-0.1220,0.5736,0.8100,-0.1340,0.0864,0.2728,Dark,
27.5889,5.6018,6.2571,0.0000,0.0000,0.0178,0.5880,0.8086,-0.2555,0.5933,0.7634,-0.1217,0.5731,0.8104,-0.1338,0.0865,0.2730,Dark,
27.6001,5.6064,6.2658,0.0000,0.0000,0.0178,0.5875,0.8090,-0.2561,0.5928,0.7635,-0.1220,0.5725,0.8107,-0.1336,0.0866,0.2732,Dark,
27.6114,5.6102,6.2774,0.0000,0.0000,0.0187,0.5870,0.8094,-0.2559,0.5924,0.7639,-0.1214,0.5721,0.8112,-0.1334,0.0863,0.2732,Dark,
27.6222,5.6288,6.3000,0.0000,0.0000,0.0212,0.5870,0.8093,-0.2546,0.5929,0.7640,-0.1195,0.5722,0.8113,-0.1332,0.0863,0.2735,Dark,
27.6336,5.6325,6.3084,0.0000,0.0000,0.0213,0.5861,0.8099,-0.2547,0.5921,0.7646,-0.1195,0.5714,0.8119,-0.1330,0.0863,0.2737,Dark,
27.6446,5.6344,6.3043,0.0000,0.0000,0.0228,0.5851,0.8106,-0.2537,0.5913,0.7655,-0.1182,0.5705,0.8128,-0.1328,0.0860,0.2738,Dark,
27.6558,5.6390,6.2970,0.0000,0.0000,0.0229,0.5837,0.8117,-0.2542,0.5899,0.7664,-0.1184,0.5689,0.8138,-0.1326,0.0859,0.2740,Dark,
27.6671,5.6402,6.2942,0.0000,0.0000,0.0233,0.5819,0.8129,-0.2540,0.5882,0.7678,-0.1182,0.5672,0.8151,-0.1324,0.0859,0.2743,Dark,
27.6779,5.6414,6.3051,0.0000,0.0000,0.0235,0.5795,0.8146,-0.2540,0.5860,0.7695,-0.1180,0.5648,0.8168,-0.1322,0.0854,0.2744,Dark,
27.6892,5.6475,6.3123,0.0000,0.0000,0.0233,0.5763,0.8169,-0.2545,0.5827,0.7718,-0.1184,0.5614,0.8190,-0.1320,0.0851,0.2748,Dark,
27.7003,5.6511,6.3092,0.0000,0.0000,0.0236,0.5727,0.8194,-0.2543,0.5793,0.7745,-0.1181,0.5578,0.8215,-0.1319,0.0849,0.2752,Dark,
27.7114,5.6577,6.2858,0.0000,0.0000,0.0243,0.5689,0.8221,-0.2534,0.5757,0.7774,-0.1173,0.5540,0.8242,-0.1317,0.0842,0.2754,Dark,
27.7227,5.6606,6.2794,0.0000,0.0000,0.0245,0.5646,0.8250,-0.2530,0.5716,0.7806,-0.1170,0.5497,0.8272,-0.1316,0.0839,0.2759,Dark,
27.7339,5.6658,6.2758,0.0000,0.0000,0.0241,0.5600,0.8282,-0.2532,0.5670,0.7838,-0.1173,0.5449,0.8302,-0.1315,0.0836,0.2764,Dark,
27.7448,5.6728,6.2660,0.0000,0.0000,0.0238,0.5547,0.8317,-0.2531,0.5619,0.7875,-0.1174,0.5396,0.8337,-0.1314,0.0828,0.2768,Dark,
27.7558,5.6748,6.2646,0.0000,0.0000,0.0237,0.5493,0.8353,-0.2529,0.5566,0.7914,-0.1173,0.5341,0.8373,-0.1313,0.0823,0.2773,Dark,
27.7673,5.6701,6.2633,0.0000,0.0000,0.0234,0.5432,0.8393,-0.2528,0.5506,0.7955,-0.1173,0.5279,0.8411,-0.1312,0.0818,0.2780,Dark,
27.7782,5.6618,6.2446,0.0000,0.0000,0.0237,0.5368,0.8434,-0.2517,0.5444,0.8002,-0.1166,0.5215,0.8453,-0.1311,0.0809,0.2785,Dark,
27.7893,5.6588,6.2794,0.0000,0.0000,0.0252,0.5301,0.8475,-0.2493,0.5381,0.8052,-0.1145,0.5148,0.8496,-0.1311,0.0803,0.2793,Dark,
27.8004,5.6413,6.3096,0.0000,0.0000,0.0337,0.5252,0.8503,-0.2415,0.5344,0.8100,-0.1061,0.5104,0.8534,-0.1311,0.0796,0.2800,Dark,
27.8116,5.6216,6.3264,0.0000,0.0000,0.0490,0.5189,0.8534,-0.2268,0.5304,0.8169,-0.0906,0.5051,0.8583,-0.1311,0.0785,0.2807,Dark,
27.8227,5.6176,6.3182,0.0000,0.0000,0.0400,0.5086,0.8601,-0.2358,0.5187,0.8218,-0.0998,0.4938,0.8638,-0.1310,0.0777,0.2816,Dark,
27.8339,5.6093,6.3009,0.0000,0.0000,0.0531,0.5009,0.8639,-0.2220,0.5129,0.8293,-0.0859,0.4869,0.8692,-0.1310,0.0768,0.2824,Dark,
27.8450,5.5977,6.2584,0.0000,0.0000,0.0549,0.4913,0.8692,-0.2181,0.5035,0.8360,-0.0829,0.4773,0.8748,-0.1310,0.0756,0.2832,Dark,
27.8561,5.5924,6.2596,0.0000,0.0000,0.0554,0.4824,0.8742,-0.2161,0.4946,0.8418,-0.0816,0.4683,0.8798,-0.1309,0.0747,0.2842,Dark,
27.8676,5.5880,6.2652,0.0000,0.0000,0.0571,0.4724,0.8795,-0.2131,0.4847,0.8483,-0.0791,0.4581,0.8854,-0.1309,0.0737,0.2852,Dark,
27.8788,5.5827,6.2652,0.0000,0.0000,0.0576,0.4652,0.8833,-0.2108,0.4774,0.8530,-0.0776,0.4508,0.8893,-0.1308,0.0725,0.2862,Dark,
27.8895,5.5796,6.2654,0.0000,0.0000,0.0587,0.4560,0.8880,-0.2089,0.4682,0.8586,-0.0760,0.4414,0.8941,-0.1308,0.0715,0.2872,Dark,
27.9007,5.5775,6.2653,0.0000,0.0000,0.0642,0.4459,0.8928,-0.2027,0.4585,0.8653,-0.0699,0.4313,0.8995,-0.1307,0.0706,0.2883,Dark,
27.9119,5.5603,6.2523,0.0000,0.0000,0.0656,0.4377,0.8967,-0.2000,0.4503,0.8702,-0.0678,0.4230,0.9036,-0.1306,0.0695,0.2894,Dark,
27.9230,5.5581,6.2440,0.0000,0.0000,0.0662,0.4285,0.9011,-0.1990,0.4409,0.8752,-0.0669,0.4136,0.9080,-0.1306,0.0684,0.2905,Dark,
27.9348,5.5573,6.2349,0.0000,0.0000,0.0667,0.4189,0.9056,-0.1981,0.4312,0.8803,-0.0661,0.4037,0.9125,-0.1305,0.0674,0.2916,Dark,
27.9454,5.5476,6.2204,0.0000,0.0000,0.0663,0.4098,0.9098,-0.1978,0.4217,0.8849,-0.0661,0.3942,0.9166,-0.1304,0.0660,0.2928,Dark,
27.9563,5.5475,6.2166,0.0000,0.0000,0.0667,0.4004,0.9139,-0.1970,0.4121,0.8896,-0.0655,0.3846,0.9208,-0.1303,0.0650,0.2940,Dark,
27.9679,5.5473,6.2121,0.0000,0.0000,0.0670,0.3910,0.9180,-0.1965,0.4026,0.8940,-0.0651,0.3750,0.9248,-0.1302,0.0640,0.2952,Dark,
27.9791,5.5540,6.2250,0.0000,0.0000,0.0669,0.3820,0.9218,-0.1956,0.3934,0.8983,-0.0646,0.3657,0.9285,-0.1301,0.0625,0.2965,Dark,
27.9902,5.5549,6.2387,0.0000,0.0000,0.0708,0.3725,0.9253,-0.1929,0.3843,0.9028,-0.0612,0.3562,0.9324,-0.1300,0.0615,0.2977,Dark,
28.0015,5.5551,6.2598,0.0000,0.0000,0.0842,0.3621,0.9283,-0.1770,0.3753,0.9099,-0.0461,0.3465,0.9369,-0.1299,0.0605,0.2989,Dark,
28.0123,5.5329,6.2828,0.0000,0.0000,0.1063,0.3486,0.9312,-0.1509,0.3637,0.9192,-0.0214,0.3339,0.9424,-0.1298,0.0591,0.3001,Dark,
28.0233,5.5231,6.2852,0.0000,0.0000,0.1145,0.3372,0.9344,-0.1406,0.3529,0.9250,-0.0118,0.3227,0.9464,-0.1297,0.0581,0.3014,Dark,
28.0347,5.5158,6.2716,0.0000,0.0000,0.1210,0.3256,0.9378,-0.1310,0.3417,0.9306,-0.0036,0.3113,0.9503,-0.1295,0.0570,0.3026,Dark,
28.0457,5.4961,6.2463,0.0000,0.0000,0.1273,0.3139,0.9409,-0.1197,0.3303,0.9363,0.0053,0.3000,0.9539,-0.1294,0.0556,0.3038,Dark,
28.0566,5.4920,6.2368,0.0000,0.0000,0.1308,0.3035,0.9438,-0.1140,0.3199,0.9406,0.0100,0.2896,0.9571,-0.1293,0.0545,0.3051,Dark,
28.0680,5.4801,6.2358,0.0000,0.0000,0.1305,0.2932,0.9471,-0.1104,0.3093,0.9445,0.0117,0.2793,0.9601,-0.1292,0.0534,0.3063,Dark,
28.0794,5.4733,6.2401,0.0000,0.0000,0.1309,0.2828,0.9502,-0.1078,0.2986,0.9483,0.0132,0.2688,0.9631,-0.1291,0.0519,0.3076,Dark,
28.0905,5.4608,6.2438,0.0000,0.0000,0.1322,0.2723,0.9531,-0.1048,0.2879,0.9519,0.0154,0.2582,0.9660,-0.1290,0.0508,0.3089,Dark,
28.1015,5.4450,6.2311,0.0000,0.0000,0.1310,0.2621,0.9561,-0.1030,0.2773,0.9552,0.0156,0.2479,0.9687,-0.1290,0.0497,0.3102,Dark,
28.1126,5.4416,6.2370,0.0000,0.0000,0.1289,0.2523,0.9590,-0.1040,0.2671,0.9580,0.0141,0.2379,0.9712,-0.1289,0.0482,0.3114,Dark,
28.1235,5.4300,6.2423,0.0000,0.0000,0.1302,0.2416,0.9616,-0.1016,0.2562,0.9613,0.0160,0.2270,0.9738,-0.1289,0.0470,0.3127,Dark,
28.1349,5.4199,6.2319,0.0000,0.0000,0.1274,0.2320,0.9643,-0.1028,0.2463,0.9637,0.0140,0.2173,0.9760,-0.1289,0.0458,0.3140,Dark,
28.1466,5.4192,6.2311,0.0000,0.0000,0.1262,0.2222,0.9668,-0.1032,0.2363,0.9662,0.0132,0.2073,0.9782,-0.1289,0.0443,0.3153,Dark,
28.1568,5.4142,6.2297,0.0000,0.0000,0.1257,0.2124,0.9691,-0.1031,0.2262,0.9686,0.0129,0.1973,0.9803,-0.1290,0.0431,0.3166,Dark,
28.1681,5.3929,6.2216,0.0000,0.0000,0.1246,0.2021,0.9714,-0.1032,0.2157,0.9710,0.0123,0.1869,0.9823,-0.1290,0.0418,0.3179,Dark,
28.1795,5.3776,6.1994,0.0000,0.0000,0.1238,0.1914,0.9737,-0.1036,0.2047,0.9733,0.0117,0.1760,0.9843,-0.1290,0.0402,0.3191,Dark,
28.1906,5.3680,6.1808,0.0000,0.0000,0.1233,0.1807,0.9758,-0.1038,0.1937,0.9756,0.0114,0.1650,0.9862,-0.1291,0.0389,0.3204,Dark,
28.2020,5.3829,6.2029,0.0000,0.0000,0.1191,0.1688,0.9784,-0.1076,0.1815,0.9775,0.0073,0.1529,0.9882,-0.1291,0.0375,0.3216,Dark,
28.2127,5.4024,6.2097,0.0000,0.0000,0.1097,0.1552,0.9818,-0.1184,0.1674,0.9788,-0.0029,0.1388,0.9903,-0.1291,0.0358,0.3229,Dark,
28.2236,5.4124,6.2162,0.0000,0.0000,0.0930,0.1386,0.9860,-0.1353,0.1499,0.9794,-0.0200,0.1216,0.9924,-0.1292,0.0344,0.3241,Dark,
28.2351,5.4141,6.2050,0.0000,0.0000,0.0754,0.1228,0.9896,-0.1515,0.1333,0.9794,-0.0372,0.1055,0.9937,-0.1292,0.0331,0.3253,Dark,
28.2464,5.4076,6.1926,0.0000,0.0000,0.0680,0.1109,0.9915,-0.1597,0.1212,0.9797,-0.0452,0.0932,0.9946,-0.1293,0.0315,0.3265,Dark,
28.2573,5.3839,6.1832,0.0000,0.0000,0.0646,0.0996,0.9929,-0.1635,0.1098,0.9804,-0.0489,0.0818,0.9955,-0.1294,0.0303,0.3277,Dark,
28.2685,5.3580,6.1719,0.0000,0.0000,0.0590,0.0896,0.9942,-0.1709,0.0997,0.9802,-0.0555,0.0715,0.9959,-0.1295,0.0290,0.3289,Dark,
28.2797,5.3537,6.1710,0.0000,0.0000,0.0565,0.0801,0.9952,-0.1746,0.0902,0.9805,-0.0586,0.0617,0.9964,-0.1295,0.0273,0.3300,Dark,
28.2908,5.3389,6.1659,0.0000,0.0000,0.0542,0.0704,0.9961,-0.1790,0.0805,0.9805,-0.0620,0.0517,0.9967,-0.1296,0.0260,0.3311,Dark,
28.3019,5.3269,6.1619,0.0000,0.0000,0.0528,0.0609,0.9967,-0.1813,0.0710,0.9809,-0.0639,0.0421,0.9971,-0.1297,0.0247,0.3321,Dark,
28.3131,5.3166,6.1557,0.0000,0.0000,0.0516,0.0520,0.9973,-0.1836,0.0621,0.9810,-0.0656,0.0330,0.9973,-0.1298,0.0232,0.3331,Dark,
28.3241,5.3182,6.1470,0.0000,0.0000,0.0436,0.0419,0.9982,-0.1938,0.0519,0.9797,-0.0749,0.0226,0.9969,-0.1299,0.0221,0.3341,Dark,
28.3354,5.3150,6.1361,0.0000,0.0000,0.0509,0.0356,0.9981,-0.1873,0.0457,0.9812,-0.0678,0.0162,0.9976,-0.1300,0.0210,0.3350,Dark,
28.3466,5.3129,6.1307,0.0000,0.0000,0.0506,0.0285,0.9983,-0.1885,0.0385,0.9813,-0.0685,0.0089,0.9976,-0.1300,0.0199,0.3359,Dark,
28.3575,5.3252,6.1269,0.0000,0.0000,0.0503,0.0221,0.9985,-0.1904,0.0321,0.9812,-0.0696,0.0022,0.9976,-0.1301,0.0189,0.3368,Dark,
28.3686,5.3173,6.1276,0.0000,0.0000,0.0500,0.0152,0.9986,-0.1914,0.0250,0.9812,-0.0703,-0.0049,0.9975,-0.1302,0.0180,0.3377,Dark,
28.3798,5.3108,6.1288,0.0000,0.0000,0.0474,0.0084,0.9988,-0.1946,0.0182,0.9807,-0.0732,-0.0118,0.9972,-0.1303,0.0168,0.3385,Dark,
28.3910,5.3038,6.1379,0.0000,0.0000,0.0481,0.0023,0.9988,-0.1951,0.0118,0.9807,-0.0730,-0.0182,0.9972,-0.1304,0.0159,0.3393,Dark,
28.4021,5.3077,6.1333,0.0000,0.0000,0.0485,-0.0037,0.9988,-0.1952,0.0057,0.9808,-0.0728,-0.0244,0.9970,-0.1305,0.0149,0.3401,Dark,
28.4136,5.3121,6.1289,0.0000,0.0000,0.0481,-0.0105,0.9988,-0.1960,-0.0013,0.9806,-0.0734,-0.0313,0.9968,-0.1306,0.0138,0.3408,Dark,
28.4242,5.3328,6.1338,0.0000,0.0000,0.0479,-0.0161,0.9987,-0.1971,-0.0071,0.9804,-0.0740,-0.0372,0.9966,-0.1306,0.0129,0.3415,Dark,
28.4356,5.3395,6.1397,0.0000,0.0000,0.0482,-0.0227,0.9986,-0.1972,-0.0137,0.9803,-0.0739,-0.0439,0.9963,-0.1307,0.0120,0.3421,Dark,
28.4469,5.3261,6.1451,0.0000,0.0000,0.0483,-0.0287,0.9984,-0.1975,-0.0198,0.9801,-0.0740,-0.0500,0.9960,-0.1308,0.0110,0.3427,Dark,
28.4582,5.3094,6.1438,0.0000,0.0000,0.0484,-0.0345,0.9982,-0.1982,-0.0256,0.9798,-0.0743,-0.0559,0.9957,-0.1308,0.0102,0.3433,Dark,
28.4688,5.3062,6.1388,0.0000,0.0000,0.0487,-0.0400,0.9980,-0.1983,-0.0313,0.9796,-0.0741,-0.0616,0.9953,-0.1309,0.0095,0.3438,Dark,
28.4800,5.3085,6.1337,0.0000,0.0000,0.0492,-0.0448,0.9978,-0.1981,-0.0362,0.9795,-0.0738,-0.0666,0.9950,-0.1309,0.0086,0.3444,Dark,
28.4912,5.3264,6.1073,0.0000,0.0000,0.0487,-0.0504,0.9975,-0.1986,-0.0419,0.9792,-0.0743,-0.0722,0.9946,-0.1310,0.0080,0.3449,Dark,
28.5025,5.3374,6.0929,0.0000,0.0000,0.0453,-0.0559,0.9974,-0.2032,-0.0476,0.9780,-0.0784,-0.0780,0.9939,-0.1310,0.0074,0.3454,Dark,
28.5134,5.3362,6.0819,0.0000,0.0000,0.0393,-0.0615,0.9973,-0.2089,-0.0533,0.9765,-0.0843,-0.0836,0.9929,-0.1311,0.0068,0.3458,Dark,
28.5246,5.3204,6.0466,0.0000,0.0000,0.0299,-0.0676,0.9973,-0.2194,-0.0593,0.9738,-0.0945,-0.0898,0.9915,-0.1311,0.0063,0.3463,Dark,
28.5359,5.3085,6.0478,0.0000,0.0000,0.0277,-0.0703,0.9971,-0.2221,-0.0620,0.9731,-0.0970,-0.0925,0.9910,-0.1312,0.0059,0.3466,Dark,
28.5472,5.3168,6.0379,0.0000,0.0000,0.0249,-0.0723,0.9971,-0.2262,-0.0639,0.9720,-0.1006,-0.0947,0.9904,-0.1313,0.0055,0.3470,Dark,
28.5581,5.3137,6.0283,0.0000,0.0000,0.0236,-0.0738,0.9970,-0.2283,-0.0654,0.9714,-0.1023,-0.0963,0.9901,-0.1313,0.0051,0.3474,Dark,
28.5691,5.3116,6.0227,0.0000,0.0000,0.0239,-0.0742,0.9970,-0.2286,-0.0658,0.9713,-0.1023,-0.0968,0.9900,-0.1314,0.0048,0.3477,Dark,
28.5812,5.2661,6.0086,0.0000,0.0000,0.0272,-0.0724,0.9970,-0.2265,-0.0641,0.9719,-0.0996,-0.0951,0.9905,-0.1314,0.0045,0.3480,Dark,
28.5914,5.2456,6.0028,0.0000,0.0000,0.0293,-0.0725,0.9969,-0.2248,-0.0642,0.9723,-0.0976,-0.0953,0.9907,-0.1315,0.0043,0.3482,Dark,
28.6026,5.2307,6.0052,0.0000,0.0000,0.0313,-0.0735,0.9968,-0.2230,-0.0652,0.9726,-0.0956,-0.0963,0.9907,-0.1316,0.0041,0.3484,Dark,
28.6137,5.2111,6.0140,0.0000,0.0000,0.0353,-0.0746,0.9966,-0.2190,-0.0663,0.9735,-0.0916,-0.0974,0.9910,-0.1316,0.0039,0.3486,Dark,
28.6249,5.2250,6.0199,0.0000,0.0000,0.0362,-0.0761,0.9964,-0.2175,-0.0679,0.9737,-0.0903,-0.0989,0.9910,-0.1316,0.0037,0.3488,Dark,
28.6358,5.2370,6.0185,0.0000,0.0000,0.0372,-0.0768,0.9963,-0.2157,-0.0686,0.9740,-0.0889,-0.0995,0.9911,-0.1317,0.0036,0.3489,Dark,
28.6470,5.2865,6.0154,0.0000,0.0000,0.0398,-0.0783,0.9961,-0.2124,-0.0702,0.9747,-0.0859,-0.1010,0.9912,-0.1317,0.0034,0.3491,Dark,
28.6584,5.2962,6.0144,0.0000,0.0000,0.0403,-0.0800,0.9960,-0.2116,-0.0718,0.9747,-0.0852,-0.1026,0.9911,-0.1318,0.0033,0.3492,Dark,
28.6692,5.3015,6.0121,0.0000,0.0000,0.0410,-0.0827,0.9957,-0.2105,-0.0746,0.9748,-0.0843,-0.1053,0.9909,-0.1319,0.0032,0.3493,Dark,
28.6806,5.2876,6.0207,0.0000,0.0000,0.0425,-0.0864,0.9954,-0.2085,-0.0784,0.9749,-0.0825,-0.1091,0.9906,-0.1319,0.0030,0.3495,Dark,
28.6916,5.2915,6.0289,0.0000,0.0000,0.0430,-0.0887,0.9951,-0.2080,-0.0807,0.9748,-0.0820,-0.1114,0.9904,-0.1320,0.0029,0.3496,Dark,
28.7028,5.2959,6.0434,0.0000,0.0000,0.0442,-0.0903,0.9949,-0.2069,-0.0823,0.9749,-0.0808,-0.1130,0.9903,-0.1320,0.0028,0.3496,Dark,
28.7138,5.3020,6.0671,0.0000,0.0000,0.0459,-0.0929,0.9946,-0.2057,-0.0849,0.9749,-0.0793,-0.1156,0.9901,-0.1320,0.0026,0.3497,Dark,
28.7248,5.3045,6.0755,0.0000,0.0000,0.0466,-0.0945,0.9944,-0.2052,-0.0865,0.9749,-0.0787,-0.1173,0.9900,-0.1321,0.0025,0.3497,Dark,
28.7360,5.3055,6.0713,0.0000,0.0000,0.0471,-0.0957,0.9943,-0.2050,-0.0879,0.9748,-0.0783,-0.1186,0.9899,-0.1322,0.0024,0.3497,Dark,
28.7476,5.3051,6.0677,0.0000,0.0000,0.0487,-0.0973,0.9941,-0.2038,-0.0896,0.9749,-0.0769,-0.1203,0.9898,-0.1322,0.0023,0.3498,Dark,
28.7584,5.2997,6.0687,0.0000,0.0000,0.0493,-0.0985,0.9939,-0.2036,-0.0909,0.9748,-0.0764,-0.1216,0.9896,-0.1323,0.0022,0.3498,Dark,
28.7695,5.3104,6.0788,0.0000,0.0000,0.0498,-0.0999,0.9937,-0.2037,-0.0924,0.9747,-0.0762,-0.1232,0.9895,-0.1324,0.0021,0.3498,Dark,
28.7807,5.3232,6.0874,0.0000,0.0000,0.0499,-0.1004,0.9937,-0.2038,-0.0930,0.9746,-0.0762,-0.1237,0.9894,-0.1325,0.0020,0.3499,Dark,
28.7920,5.3226,6.0937,0.0000,0.0000,0.0501,-0.1011,0.9936,-0.2038,-0.0938,0.9745,-0.0761,-0.1245,0.9893,-0.1326,0.0019,0.3498,Dark,
28.8030,5.3205,6.1051,0.0000,0.0000,0.0512,-0.1024,0.9934,-0.2033,-0.0952,0.9745,-0.0753,-0.1259,0.9892,-0.1327,0.0019,0.3498,Dark,
28.8140,5.3347,6.1168,0.0000,0.0000,0.0514,-0.1016,0.9935,-0.2033,-0.0945,0.9745,-0.0752,-0.1252,0.9893,-0.1328,0.0018,0.3498,Dark,
28.8251,5.3448,6.1260,0.0000,0.0000,0.0513,-0.1024,0.9934,-0.2037,-0.0954,0.9744,-0.0754,-0.1261,0.9892,-0.1329,0.0018,0.3498,Dark,
28.8363,5.3336,6.1327,0.0000,0.0000,0.0513,-0.1025,0.9934,-0.2040,-0.0956,0.9743,-0.0755,-0.1263,0.9891,-0.1330,0.0018,0.3497,Dark,
28.8474,5.3399,6.1316,0.0000,0.0000,0.0509,-0.1027,0.9934,-0.2046,-0.0957,0.9742,-0.0760,-0.1264,0.9891,-0.1331,0.0018,0.3498,Dark,
28.8585,5.3442,6.1307,0.0000,0.0000,0.0510,-0.1028,0.9934,-0.2047,-0.0960,0.9741,-0.0760,-0.1266,0.9890,-0.1332,0.0018,0.3497,Dark,
28.8698,5.3527,6.1251,0.0000,0.0000,0.0499,-0.1031,0.9934,-0.2060,-0.0963,0.9738,-0.0772,-0.1270,0.9889,-0.1333,0.0018,0.3497,Dark,
28.8809,5.3523,6.1223,0.0000,0.0000,0.0492,-0.1033,0.9934,-0.2069,-0.0964,0.9736,-0.0780,-0.1271,0.9888,-0.1334,0.0018,0.3498,Dark,
28.8921,5.3506,6.1277,0.0000,0.0000,0.0485,-0.1035,0.9934,-0.2076,-0.0967,0.9734,-0.0787,-0.1274,0.9887,-0.1335,0.0018,0.3497,Dark,
28.9035,5.3412,6.1427,0.0000,0.0000,0.0472,-0.1042,0.9934,-0.2090,-0.0974,0.9731,-0.0801,-0.1282,0.9885,-0.1336,0.0017,0.3497,Dark,
28.9142,5.3407,6.1514,0.0000,0.0000,0.0464,-0.1045,0.9934,-0.2098,-0.0978,0.9728,-0.0809,-0.1285,0.9884,-0.1337,0.0017,0.3497,Dark,
28.9253,5.3410,6.1623,0.0000,0.0000,0.0456,-0.1050,0.9934,-0.2106,-0.0983,0.9726,-0.0817,-0.1290,0.9883,-0.1338,0.0017,0.3497,Dark,
28.9367,5.3445,6.1671,0.0000,0.0000,0.0437,-0.1061,0.9934,-0.2128,-0.0994,0.9720,-0.0838,-0.1302,0.9879,-0.1339,0.0016,0.3497,Dark,
28.9478,5.3565,6.1635,0.0000,0.0000,0.0362,-0.1084,0.9934,-0.2195,-0.1016,0.9703,-0.0911,-0.1323,0.9870,-0.1340,0.0015,0.3498,Dark,
28.9590,5.3661,6.1604,0.0000,0.0000,0.0246,-0.1104,0.9936,-0.2311,-0.1033,0.9674,-0.1030,-0.1342,0.9856,-0.1340,0.0014,0.3497,Dark,
28.9702,5.3859,6.1574,0.0000,0.0000,0.0072,-0.1126,0.9936,-0.2476,-0.1050,0.9632,-0.1203,-0.1361,0.9834,-0.1341,0.0013,0.3497,Dark,
28.9810,5.3880,6.1580,0.0000,0.0000,0.0011,-0.1142,0.9935,-0.2532,-0.1065,0.9615,-0.1263,-0.1376,0.9824,-0.1341,0.0013,0.3498,Dark,
28.9921,5.3883,6.1509,0.0000,0.0000,-0.0030,-0.1159,0.9933,-0.2574,-0.1082,0.9602,-0.1305,-0.1393,0.9816,-0.1342,0.0011,0.3498,Dark,
29.0036,5.4078,6.1471,0.0000,0.0000,-0.0084,-0.1177,0.9930,-0.2629,-0.1098,0.9586,-0.1361,-0.1410,0.9806,-0.1342,0.0010,0.3498,Dark,
29.0145,5.4071,6.1493,0.0000,0.0000,-0.0113,-0.1191,0.9928,-0.2658,-0.1111,0.9576,-0.1391,-0.1425,0.9800,-0.1343,0.0009,0.3498,Dark,
29.0256,5.4014,6.1359,0.0000,0.0000,-0.0121,-0.1207,0.9926,-0.2668,-0.1128,0.9571,-0.1400,-0.1441,0.9796,-0.1343,0.0008,0.3498,Dark,
29.0368,5.3964,6.1464,0.0000,0.0000,-0.0126,-0.1213,0.9925,-0.2674,-0.1134,0.9569,-0.1405,-0.1447,0.9794,-0.1343,0.0006,0.3498,Dark,
29.0478,5.4112,6.1548,0.0000,0.0000,-0.0129,-0.1216,0.9925,-0.2677,-0.1137,0.9568,-0.1409,-0.1450,0.9793,-0.1344,0.0006,0.3499,Dark,
29.0591,5.4332,6.1640,0.0000,0.0000,-0.0122,-0.1213,0.9925,-0.2671,-0.1135,0.9569,-0.1402,-0.1448,0.9795,-0.1344,0.0005,0.3499,Dark,
29.0705,5.4398,6.1680,0.0000,0.0000,-0.0120,-0.1211,0.9926,-0.2669,-0.1134,0.9570,-0.1400,-0.1446,0.9795,-0.1344,0.0004,0.3500,Dark,
29.0827,5.4374,6.1698,0.0000,0.0000,-0.0121,-0.1211,0.9926,-0.2670,-0.1134,0.9570,-0.1401,-0.1447,0.9795,-0.1344,0.0004,0.3501,Dark,
29.0930,5.4440,6.1765,0.0000,0.0000,-0.0108,-0.1201,0.9927,-0.2660,-0.1125,0.9574,-0.1388,-0.1437,0.9798,-0.1344,0.0003,0.3502,Dark,
29.1039,5.4536,6.1764,0.0000,0.0000,-0.0097,-0.1196,0.9928,-0.2650,-0.1120,0.9577,-0.1378,-0.1432,0.9800,-0.1344,0.0002,0.3502,Dark,
29.1152,5.4544,6.1760,0.0000,0.0000,-0.0091,-0.1197,0.9928,-0.2645,-0.1121,0.9578,-0.1373,-0.1433,0.9801,-0.1344,0.0002,0.3503,Dark,
29.1260,5.4613,6.1986,0.0000,0.0000,-0.0073,-0.1188,0.9929,-0.2630,-0.1111,0.9584,-0.1355,-0.1424,0.9805,-0.1343,0.0001,0.3504,Dark,
29.1374,5.4653,6.2072,0.0000,0.0000,-0.0063,-0.1191,0.9929,-0.2621,-0.1114,0.9586,-0.1346,-0.1427,0.9806,-0.1343,-0.0001,0.3505,Dark,
29.1481,5.4684,6.2138,0.0000,0.0000,-0.0052,-0.1196,0.9928,-0.2612,-0.1119,0.9588,-0.1336,-0.1432,0.9806,-0.1342,-0.0002,0.3506,Dark,
29.1592,5.4768,6.2104,0.0000,0.0000,-0.0031,-0.1200,0.9928,-0.2594,-0.1123,0.9592,-0.1316,-0.1437,0.9808,-0.1342,-0.0003,0.3507,Dark,
29.1707,5.4803,6.2277,0.0000,0.0000,-0.0017,-0.1207,0.9927,-0.2582,-0.1130,0.9595,-0.1302,-0.1444,0.9809,-0.1341,-0.0005,0.3508,Dark,Start Blue Sphere at Temporal for 0.5s
29.1815,5.4784,6.2424,0.0000,0.0000,-0.0005,-0.1216,0.9926,-0.2572,-0.1139,0.9596,-0.1291,-0.1453,0.9809,-0.1340,-0.0006,0.3508,Dark,Start Blue Sphere at Temporal for 0.5s
29.1926,5.4807,6.2623,0.0000,0.0000,0.0017,-0.1224,0.9925,-0.2553,-0.1147,0.9600,-0.1271,-0.1462,0.9811,-0.1339,-0.0008,0.3509,Dark,Start Blue Sphere at Temporal for 0.5s
29.2039,5.4842,6.2645,0.0000,0.0000,0.0033,-0.1236,0.9923,-0.2539,-0.1158,0.9603,-0.1255,-0.1473,0.9811,-0.1338,-0.0010,0.3510,Dark,Start Blue Sphere at Temporal for 0.5s
29.2152,5.4866,6.2608,0.0000,0.0000,0.0053,-0.1244,0.9922,-0.2523,-0.1167,0.9606,-0.1237,-0.1482,0.9812,-0.1337,-0.0012,0.3511,Dark,Start Blue Sphere at Temporal for 0.5s
29.2260,5.4926,6.2479,0.0000,0.0000,0.0072,-0.1263,0.9920,-0.2505,-0.1186,0.9608,-0.1218,-0.1501,0.9811,-0.1336,-0.0015,0.3511,Dark,Start Blue Sphere at Temporal for 0.5s
29.2374,5.4969,6.2551,0.0000,0.0000,0.0094,-0.1281,0.9917,-0.2483,-0.1203,0.9612,-0.1195,-0.1519,0.9811,-0.1335,-0.0017,0.3512,Dark,Start Blue Sphere at Temporal for 0.5s
29.2483,5.4818,6.2837,0.0000,0.0000,0.0220,-0.1338,0.9908,-0.2351,-0.1266,0.9637,-0.1063,-0.1578,0.9817,-0.1334,-0.0019,0.3512,Dark,Start Blue Sphere at Temporal for 0.5s
29.2594,5.4881,6.3017,0.0000,0.0000,0.0297,-0.1371,0.9901,-0.2274,-0.1302,0.9651,-0.0984,-0.1613,0.9820,-0.1332,-0.0022,0.3513,Dark,Start Blue Sphere at Temporal for 0.5s
29.2709,5.4934,6.3159,0.0000,0.0000,0.0237,-0.1370,0.9903,-0.2321,-0.1299,0.9640,-0.1039,-0.1609,0.9815,-0.1331,-0.0025,0.3513,Dark,Start Blue Sphere at Temporal for 0.5s
29.2818,5.5007,6.3000,0.0000,0.0000,0.0371,-0.1428,0.9891,-0.2177,-0.1362,0.9665,-0.0897,-0.1669,0.9819,-0.1330,-0.0027,0.3513,Dark,Start Blue Sphere at Temporal for 0.5s
29.2929,5.5037,6.3032,0.0000,0.0000,0.0441,-0.1471,0.9881,-0.2103,-0.1407,0.9675,-0.0823,-0.1712,0.9818,-0.1329,-0.0031,0.3512,Dark,Start Blue Sphere at Temporal for 0.5s
29.3046,5.5032,6.3047,0.0000,0.0000,0.0506,-0.1515,0.9872,-0.2037,-0.1453,0.9682,-0.0756,-0.1757,0.9815,-0.1327,-0.0034,0.3512,Dark,Start Blue Sphere at Temporal for 0.5s
29.3155,5.5031,6.3123,0.0000,0.0000,0.0590,-0.1562,0.9860,-0.1954,-0.1504,0.9691,-0.0670,-0.1807,0.9813,-0.1326,-0.0038,0.3511,Dark,Start Blue Sphere at Temporal for 0.5s
29.3264,5.4957,6.3056,0.0000,0.0000,0.0625,-0.1601,0.9851,-0.1922,-0.1545,0.9691,-0.0636,-0.1847,0.9807,-0.1324,-0.0042,0.3510,Dark,Start Blue Sphere at Temporal for 0.5s
29.3376,5.4897,6.2986,0.0000,0.0000,0.0674,-0.1652,0.9840,-0.1875,-0.1599,0.9692,-0.0587,-0.1899,0.9800,-0.1323,-0.0047,0.3510,Dark,Start Blue Sphere at Temporal for 0.5s
29.3487,5.4948,6.2948,0.0000,0.0000,0.0732,-0.1709,0.9826,-0.1822,-0.1658,0.9692,-0.0530,-0.1958,0.9792,-0.1321,-0.0052,0.3508,Dark,Start Blue Sphere at Temporal for 0.5s
29.3597,5.4971,6.2947,0.0000,0.0000,0.0774,-0.1768,0.9812,-0.1785,-0.1718,0.9688,-0.0490,-0.2018,0.9782,-0.1319,-0.0058,0.3506,Dark,Start Blue Sphere at Temporal for 0.5s
29.3712,5.5036,6.2957,0.0000,0.0000,0.0806,-0.1830,0.9798,-0.1756,-0.1782,0.9682,-0.0459,-0.2082,0.9770,-0.1317,-0.0065,0.3504,Dark,Start Blue Sphere at Temporal for 0.5s
29.3821,5.5079,6.3121,0.0000,0.0000,0.0780,-0.1879,0.9791,-0.1791,-0.1828,0.9667,-0.0490,-0.2131,0.9758,-0.1315,-0.0072,0.3503,Dark,Start Blue Sphere at Temporal for 0.5s
29.3931,5.5117,6.3290,0.0000,0.0000,0.0867,-0.1952,0.9769,-0.1717,-0.1904,0.9666,-0.0408,-0.2207,0.9745,-0.1312,-0.0080,0.3501,Dark,Start Blue Sphere at Temporal for 0.5s
29.4047,5.5077,6.3314,0.0000,0.0000,0.0892,-0.2015,0.9754,-0.1700,-0.1967,0.9656,-0.0387,-0.2271,0.9731,-0.1309,-0.0089,0.3499,Dark,Start Blue Sphere at Temporal for 0.5s
29.4160,5.5308,6.3362,0.0000,0.0000,0.0956,-0.2115,0.9727,-0.1654,-0.2071,0.9642,-0.0330,-0.2375,0.9708,-0.1306,-0.0097,0.3497,Dark,Start Blue Sphere at Temporal for 0.5s
29.4267,5.5535,6.3344,0.0000,0.0000,0.1044,-0.2247,0.9688,-0.1568,-0.2209,0.9626,-0.0241,-0.2510,0.9677,-0.1302,-0.0105,0.3496,Dark,Start Blue Sphere at Temporal for 0.5s
29.4379,5.5660,6.3335,0.0000,0.0000,0.1119,-0.2385,0.9647,-0.1508,-0.2354,0.9601,-0.0172,-0.2654,0.9640,-0.1299,-0.0113,0.3495,Dark,Start Blue Sphere at Temporal for 0.5s
29.4490,5.5745,6.3706,0.0000,0.0000,0.1207,-0.2570,0.9588,-0.1458,-0.2549,0.9559,-0.0101,-0.2849,0.9585,-0.1296,-0.0119,0.3495,Dark,Start Blue Sphere at Temporal for 0.5s
29.4604,5.5708,6.3593,0.0000,0.0000,0.1236,-0.2653,0.9562,-0.1453,-0.2636,0.9536,-0.0083,-0.2936,0.9559,-0.1292,-0.0125,0.3494,Dark,Start Blue Sphere at Temporal for 0.5s
29.4716,5.5631,6.3489,0.0000,0.0000,0.1279,-0.2720,0.9537,-0.1437,-0.2708,0.9518,-0.0052,-0.3010,0.9536,-0.1289,-0.0130,0.3494,Dark,Start Blue Sphere at Temporal for 0.5s
29.4829,5.5588,6.3254,0.0000,0.0000,0.1310,-0.2774,0.9518,-0.1459,-0.2762,0.9500,-0.0047,-0.3069,0.9517,-0.1285,-0.0134,0.3494,Dark,Start Blue Sphere at Temporal for 0.5s
29.4935,5.5604,6.3241,0.0000,0.0000,0.1334,-0.2793,0.9509,-0.1456,-0.2782,0.9494,-0.0034,-0.3092,0.9510,-0.1282,-0.0137,0.3494,Dark,Start Blue Sphere at Temporal for 0.5s
29.5048,5.5645,6.3259,0.0000,0.0000,0.1349,-0.2779,0.9511,-0.1461,-0.2767,0.9498,-0.0029,-0.3079,0.9514,-0.1278,-0.0140,0.3494,Dark,Start Blue Sphere at Temporal for 0.5s
29.5159,5.5641,6.3290,0.0000,0.0000,0.1388,-0.2804,0.9498,-0.1450,-0.2791,0.9492,-0.0003,-0.3108,0.9505,-0.1274,-0.0143,0.3494,Dark,Start Blue Sphere at Temporal for 0.5s
29.5270,5.5605,6.3372,0.0000,0.0000,0.1408,-0.2805,0.9495,-0.1442,-0.2790,0.9494,0.0011,-0.3109,0.9505,-0.1270,-0.0146,0.3495,Dark,Start Blue Sphere at Temporal for 0.5s
29.5385,5.5482,6.3431,0.0000,0.0000,0.1427,-0.2825,0.9486,-0.1432,-0.2809,0.9490,0.0026,-0.3129,0.9498,-0.1265,-0.0150,0.3495,Dark,Start Blue Sphere at Temporal for 0.5s
29.5497,5.5321,6.3455,0.0000,0.0000,0.1438,-0.2839,0.9480,-0.1430,-0.2820,0.9487,0.0032,-0.3143,0.9493,-0.1261,-0.0154,0.3495,Dark,Start Blue Sphere at Temporal for 0.5s
29.5604,5.5097,6.3478,0.0000,0.0000,0.1472,-0.2908,0.9454,-0.1410,-0.2888,0.9469,0.0059,-0.3214,0.9469,-0.1256,-0.0160,0.3494,Dark,Start Blue Sphere at Temporal for 0.5s
29.5716,5.5116,6.3473,0.0000,0.0000,0.1489,-0.2963,0.9434,-0.1400,-0.2943,0.9454,0.0073,-0.3269,0.9450,-0.1251,-0.0167,0.3493,Dark,Start Blue Sphere at Temporal for 0.5s
29.5831,5.5146,6.3476,0.0000,0.0000,0.1512,-0.3029,0.9410,-0.1383,-0.3008,0.9436,0.0093,-0.3335,0.9427,-0.1247,-0.0174,0.3490,Dark,Start Blue Sphere at Temporal for 0.5s
29.5936,5.5136,6.3455,0.0000,0.0000,0.1524,-0.3096,0.9386,-0.1381,-0.3073,0.9415,0.0099,-0.3403,0.9403,-0.1242,-0.0181,0.3488,Dark,Start Blue Sphere at Temporal for 0.5s
29.6057,5.5176,6.3435,0.0000,0.0000,0.1541,-0.3163,0.9361,-0.1368,-0.3140,0.9395,0.0114,-0.3470,0.9378,-0.1237,-0.0189,0.3487,Dark,Start Blue Sphere at Temporal for 0.5s
29.6160,5.5208,6.3418,0.0000,0.0000,0.1557,-0.3229,0.9335,-0.1358,-0.3205,0.9375,0.0127,-0.3536,0.9353,-0.1233,-0.0195,0.3486,Dark,Start Blue Sphere at Temporal for 0.5s
29.6271,5.5216,6.3406,0.0000,0.0000,0.1576,-0.3288,0.9312,-0.1343,-0.3264,0.9356,0.0144,-0.3596,0.9330,-0.1228,-0.0202,0.3485,Dark,Start Blue Sphere at Temporal for 0.5s
29.6388,5.5256,6.3398,0.0000,0.0000,0.1598,-0.3357,0.9283,-0.1329,-0.3334,0.9334,0.0162,-0.3666,0.9302,-0.1223,-0.0209,0.3485,Dark,Start Blue Sphere at Temporal for 0.5s
29.6495,5.5416,6.3746,0.0000,0.0000,0.1724,-0.3590,0.9173,-0.1216,-0.3583,0.9256,0.0285,-0.3909,0.9200,-0.1219,-0.0214,0.3485,Dark,Start Blue Sphere at Temporal for 0.5s
29.6604,5.5525,6.3911,0.0000,0.0000,0.1884,-0.3712,0.9092,-0.1033,-0.3727,0.9222,0.0461,-0.4039,0.9136,-0.1215,-0.0218,0.3486,Dark,Start Blue Sphere at Temporal for 0.5s
29.6720,5.5449,6.4039,0.0000,0.0000,0.2020,-0.3831,0.9013,-0.0901,-0.3864,0.9179,0.0599,-0.4167,0.9071,-0.1212,-0.0222,0.3486,Dark,Stop Blue Sphere at Temporal
29.6834,5.5418,6.4209,0.0000,0.0000,0.2251,-0.3966,0.8899,-0.0673,-0.4030,0.9127,0.0835,-0.4318,0.8981,-0.1208,-0.0225,0.3487,Dark,Stop Blue Sphere at Temporal
29.6938,5.5449,6.4216,0.0000,0.0000,0.2349,-0.3996,0.8861,-0.0576,-0.4071,0.9116,0.0934,-0.4354,0.8954,-0.1205,-0.0228,0.3488,Dark,Stop Blue Sphere at Temporal
29.7050,5.5435,6.4217,0.0000,0.0000,0.2427,-0.4012,0.8832,-0.0505,-0.4096,0.9109,0.1011,-0.4375,0.8935,-0.1202,-0.0231,0.3490,Dark,Stop Blue Sphere at Temporal
29.7162,5.5450,6.4198,0.0000,0.0000,0.2488,-0.3976,0.8832,-0.0470,-0.4063,0.9126,0.1061,-0.4344,0.8945,-0.1199,-0.0234,0.3490,Dark,Stop Blue Sphere at Temporal
29.7274,5.5452,6.4213,0.0000,0.0000,0.2548,-0.3987,0.8810,-0.0411,-0.4078,0.9121,0.1121,-0.4358,0.8931,-0.1196,-0.0237,0.3491,Dark,Stop Blue Sphere at Temporal
29.7386,5.5443,6.4228,0.0000,0.0000,0.2576,-0.3983,0.8804,-0.0389,-0.4074,0.9124,0.1146,-0.4355,0.8929,-0.1193,-0.0241,0.3492,Dark,Stop Blue Sphere at Temporal
29.7498,5.5439,6.4259,0.0000,0.0000,0.2628,-0.3985,0.8787,-0.0349,-0.4080,0.9123,0.1194,-0.4361,0.8920,-0.1189,-0.0245,0.3493,Dark,Stop Blue Sphere at Temporal
29.7607,5.5438,6.4203,0.0000,0.0000,0.2648,-0.3995,0.8776,-0.0335,-0.4090,0.9119,0.1211,-0.4371,0.8912,-0.1186,-0.0249,0.3494,Dark,Stop Blue Sphere at Temporal
29.7722,5.5472,6.4154,0.0000,0.0000,0.2683,-0.4015,0.8757,-0.0305,-0.4112,0.9110,0.1244,-0.4393,0.8897,-0.1184,-0.0254,0.3495,Dark,
29.7830,5.5603,6.4273,0.0000,0.0000,0.2702,-0.4015,0.8751,-0.0294,-0.4111,0.9111,0.1259,-0.4394,0.8894,-0.1181,-0.0259,0.3496,Dark,
29.7941,5.5687,6.4264,0.0000,0.0000,0.2730,-0.4038,0.8732,-0.0269,-0.4135,0.9101,0.1285,-0.4418,0.8879,-0.1178,-0.0264,0.3497,Dark,
29.8052,5.5645,6.4258,0.0000,0.0000,0.2755,-0.4067,0.8710,-0.0246,-0.4166,0.9088,0.1310,-0.4448,0.8860,-0.1176,-0.0270,0.3498,Dark,
29.8165,5.5553,6.4231,0.0000,0.0000,0.2781,-0.4087,0.8693,-0.0228,-0.4187,0.9079,0.1332,-0.4469,0.8846,-0.1173,-0.0275,0.3499,Dark,
29.8274,5.5510,6.4284,0.0000,0.0000,0.2805,-0.4114,0.8672,-0.0207,-0.4216,0.9065,0.1355,-0.4498,0.8828,-0.1171,-0.0282,0.3500,Dark,
29.8388,5.5470,6.4245,0.0000,0.0000,0.2835,-0.4136,0.8652,-0.0182,-0.4241,0.9054,0.1383,-0.4522,0.8811,-0.1170,-0.0288,0.3500,Dark,
29.8499,5.5587,6.4166,0.0000,0.0000,0.2856,-0.4161,0.8633,-0.0163,-0.4270,0.9041,0.1403,-0.4550,0.8794,-0.1169,-0.0294,0.3502,Dark,
29.8608,5.5685,6.4121,0.0000,0.0000,0.2879,-0.4178,0.8617,-0.0141,-0.4291,0.9032,0.1426,-0.4569,0.8780,-0.1168,-0.0300,0.3503,Dark,
29.8721,5.5551,6.4128,0.0000,0.0000,0.2906,-0.4186,0.8604,-0.0115,-0.4302,0.9026,0.1453,-0.4579,0.8771,-0.1168,-0.0305,0.3505,Dark,
29.8834,5.6083,6.4180,0.0000,0.0000,0.2922,-0.4206,0.8589,-0.0098,-0.4325,0.9016,0.1469,-0.4600,0.8757,-0.1168,-0.0310,0.3507,Dark,
29.8947,5.6522,6.4824,0.0000,0.0000,0.2949,-0.4247,0.8560,-0.0044,-0.4373,0.8993,0.1510,-0.4641,0.8728,-0.1168,-0.0315,0.3509,Dark,
29.9057,5.7155,6.5825,0.0000,0.0000,0.3216,-0.4641,0.8254,0.0326,-0.4832,0.8749,0.1832,-0.5052,0.8433,-0.1169,-0.0320,0.3511,Dark,
29.9171,5.7511,6.6175,0.0000,0.0000,0.3429,-0.4930,0.7996,0.0597,-0.5177,0.8535,0.2077,-0.5359,0.8183,-0.1169,-0.0324,0.3514,Dark,
29.9277,5.7740,6.6412,0.0000,0.0000,0.3441,-0.5250,0.7784,0.0654,-0.5522,0.8311,0.2108,-0.5681,0.7955,-0.1170,-0.0328,0.3516,Dark,
29.9391,5.7866,6.6549,0.0000,0.0000,0.3428,-0.5353,0.7720,0.0623,-0.5631,0.8241,0.2086,-0.5787,0.7884,-0.1170,-0.0332,0.3518,Dark,
29.9500,5.7846,6.6550,0.0000,0.0000,0.3507,-0.5344,0.7690,0.0693,-0.5637,0.8230,0.2163,-0.5788,0.7863,-0.1171,-0.0336,0.3520,Dark,
29.9614,5.7813,6.6492,0.0000,0.0000,0.3476,-0.5423,0.7650,0.0639,-0.5716,0.8180,0.2119,-0.5867,0.7816,-0.1172,-0.0340,0.3522,Dark,
29.9725,5.7919,6.6405,0.0000,0.0000,0.3620,-0.5562,0.7480,0.0790,-0.5894,0.8039,0.2269,-0.6023,0.7653,-0.1173,-0.0344,0.3524,Dark,
29.9835,5.7967,6.6312,0.0000,0.0000,0.3620,-0.5614,0.7441,0.0778,-0.5951,0.7999,0.2264,-0.6078,0.7612,-0.1173,-0.0347,0.3526,Dark,
29.9950,5.8058,6.6241,0.0000,0.0000,0.3631,-0.5640,0.7417,0.0776,-0.5980,0.7977,0.2268,-0.6106,0.7587,-0.1174,-0.0352,0.3528,Dark,
30.0060,5.8086,6.6389,0.0000,0.0000,0.3635,-0.5639,0.7415,0.0757,-0.5981,0.7978,0.2262,-0.6109,0.7587,-0.1174,-0.0357,0.3529,Dark,
30.0171,5.8031,6.6521,0.0000,0.0000,0.3647,-0.5635,0.7413,0.0759,-0.5979,0.7980,0.2269,-0.6108,0.7586,-0.1174,-0.0360,0.3530,Dark,
30.0283,5.7949,6.6665,0.0000,0.0000,0.3643,-0.5497,0.7517,0.0728,-0.5829,0.8092,0.2254,-0.5970,0.7699,-0.1174,-0.0364,0.3531,Dark,
30.0395,5.7786,6.6859,0.0000,0.0000,0.3681,-0.5574,0.7442,0.0763,-0.5920,0.8023,0.2291,-0.6053,0.7623,-0.1175,-0.0367,0.3533,Dark,
30.0509,5.7739,6.6909,0.0000,0.0000,0.3695,-0.5556,0.7449,0.0770,-0.5902,0.8035,0.2302,-0.6036,0.7633,-0.1175,-0.0370,0.3535,Dark,
30.0619,5.7663,6.6941,0.0000,0.0000,0.3712,-0.5532,0.7458,0.0781,-0.5881,0.8050,0.2316,-0.6015,0.7646,-0.1175,-0.0373,0.3537,Dark,
30.0729,5.7556,6.6846,0.0000,0.0000,0.3728,-0.5483,0.7486,0.0783,-0.5831,0.8086,0.2327,-0.5969,0.7679,-0.1176,-0.0375,0.3539,Dark,
30.0837,5.7521,6.6743,0.0000,0.0000,0.3742,-0.5464,0.7493,0.0791,-0.5814,0.8098,0.2338,-0.5951,0.7689,-0.1176,-0.0376,0.3541,Dark,
30.0953,5.7361,6.6658,0.0000,0.0000,0.3755,-0.5443,0.7502,0.0800,-0.5794,0.8111,0.2350,-0.5932,0.7700,-0.1177,-0.0378,0.3542,Dark,
30.1061,5.7322,6.6575,0.0000,0.0000,0.3753,-0.5431,0.7511,0.0789,-0.5780,0.8122,0.2344,-0.5921,0.7711,-0.1178,-0.0379,0.3544,Dark,
30.1174,5.7318,6.6622,0.0000,0.0000,0.3774,-0.5405,0.7519,0.0809,-0.5758,0.8136,0.2364,-0.5897,0.7722,-0.1177,-0.0379,0.3546,Dark,
30.1284,5.7509,6.6669,0.0000,0.0000,0.3800,-0.5392,0.7516,0.0829,-0.5750,0.8139,0.2389,-0.5888,0.7722,-0.1178,-0.0379,0.3548,Dark,
30.1395,5.7661,6.7021,0.0000,0.0000,0.3813,-0.5420,0.7489,0.0842,-0.5784,0.8114,0.2402,-0.5918,0.7695,-0.1179,-0.0379,0.3550,Dark,
30.1506,5.7627,6.6978,0.0000,0.0000,0.3811,-0.5469,0.7454,0.0848,-0.5837,0.8075,0.2403,-0.5967,0.7657,-0.1180,-0.0379,0.3551,Dark,
30.1617,5.7715,6.6916,0.0000,0.0000,0.3840,-0.5475,0.7435,0.0884,-0.5850,0.8062,0.2436,-0.5975,0.7640,-0.1181,-0.0379,0.3553,Dark,
30.1728,5.7756,6.6970,0.0000,0.0000,0.3852,-0.5513,0.7401,0.0895,-0.5895,0.8028,0.2448,-0.6016,0.7604,-0.1182,-0.0378,0.3554,Dark,
30.1839,5.7750,6.6957,0.0000,0.0000,0.3854,-0.5534,0.7384,0.0896,-0.5919,0.8010,0.2449,-0.6038,0.7586,-0.1183,-0.0378,0.3555,Dark,
30.1951,5.7621,6.6959,0.0000,0.0000,0.3877,-0.5531,0.7374,0.0919,-0.5923,0.8004,0.2473,-0.6039,0.7577,-0.1185,-0.0377,0.3557,Dark,
30.2061,5.7416,6.6839,0.0000,0.0000,0.3897,-0.5545,0.7353,0.0927,-0.5945,0.7988,0.2488,-0.6058,0.7558,-0.1187,-0.0377,0.3558,Dark,
30.2174,5.7357,6.6773,0.0000,0.0000,0.3893,-0.5561,0.7343,0.0915,-0.5963,0.7975,0.2480,-0.6076,0.7546,-0.1188,-0.0376,0.3559,Dark,
30.2284,5.7321,6.6725,0.0000,0.0000,0.3914,-0.5551,0.7340,0.0927,-0.5959,0.7977,0.2498,-0.6069,0.7545,-0.1190,-0.0375,0.3560,Dark,
30.2398,5.7286,6.6750,0.0000,0.0000,0.3938,-0.5546,0.7330,0.0933,-0.5961,0.7974,0.2514,-0.6070,0.7538,-0.1192,-0.0375,0.3561,Dark,
30.2507,5.7268,6.6792,0.0000,0.0000,0.3936,-0.5547,0.7331,0.0920,-0.5964,0.7974,0.2508,-0.6073,0.7538,-0.1194,-0.0374,0.3562,Dark,
30.2617,5.7164,6.6826,0.0000,0.0000,0.3947,-0.5537,0.7333,0.0923,-0.5958,0.7978,0.2515,-0.6066,0.7541,-0.1197,-0.0374,0.3562,Dark,
30.2729,5.7011,6.6977,0.0000,0.0000,0.3950,-0.5542,0.7327,0.0904,-0.5967,0.7973,0.2508,-0.6076,0.7536,-0.1199,-0.0374,0.3562,Dark,
30.2843,5.6962,6.6984,0.0000,0.0000,0.3941,-0.5548,0.7327,0.0884,-0.5974,0.7970,0.2495,-0.6084,0.7534,-0.1201,-0.0373,0.3563,Dark,
30.2951,5.6998,6.6985,0.0000,0.0000,0.3945,-0.5539,0.7332,0.0877,-0.5968,0.7976,0.2494,-0.6078,0.7539,-0.1204,-0.0373,0.3563,Dark,
30.3064,5.6981,6.6941,0.0000,0.0000,0.3948,-0.5543,0.7327,0.0857,-0.5977,0.7971,0.2487,-0.6087,0.7534,-0.1206,-0.0373,0.3563,Dark,
30.3174,5.6930,6.6960,0.0000,0.0000,0.3945,-0.5550,0.7324,0.0844,-0.5986,0.7966,0.2479,-0.6096,0.7530,-0.1208,-0.0373,0.3563,Dark,
30.3302,5.6825,6.7025,0.0000,0.0000,0.3957,-0.5543,0.7323,0.0838,-0.5983,0.7969,0.2484,-0.6093,0.7530,-0.1211,-0.0374,0.3563,Dark,
30.3397,5.6648,6.7062,0.0000,0.0000,0.3962,-0.5538,0.7324,0.0835,-0.5981,0.7971,0.2486,-0.6091,0.7532,-0.1213,-0.0373,0.3562,Dark,
30.3510,5.6512,6.7065,0.0000,0.0000,0.3952,-0.5551,0.7319,0.0816,-0.5996,0.7962,0.2472,-0.6105,0.7524,-0.1216,-0.0374,0.3562,Dark,
30.3623,5.6727,6.7182,0.0000,0.0000,0.3955,-0.5557,0.7313,0.0803,-0.6005,0.7956,0.2468,-0.6115,0.7518,-0.1218,-0.0374,0.3561,Dark,
30.3734,5.6742,6.7281,0.0000,0.0000,0.3958,-0.5553,0.7314,0.0799,-0.6004,0.7957,0.2469,-0.6113,0.7519,-0.1221,-0.0374,0.3561,Dark,
30.3843,5.6758,6.7093,0.0000,0.0000,0.3948,-0.5566,0.7310,0.0779,-0.6017,0.7949,0.2454,-0.6127,0.7513,-0.1223,-0.0374,0.3560,Dark,
30.3956,5.6567,6.6915,0.0000,0.0000,0.3950,-0.5573,0.7303,0.0764,-0.6028,0.7942,0.2449,-0.6138,0.7505,-0.1225,-0.0375,0.3559,Dark,
30.4071,5.6473,6.6901,0.0000,0.0000,0.3952,-0.5570,0.7304,0.0758,-0.6027,0.7943,0.2447,-0.6137,0.7506,-0.1227,-0.0375,0.3559,Dark,
30.4178,5.6410,6.6964,0.0000,0.0000,0.3942,-0.5578,0.7304,0.0739,-0.6035,0.7939,0.2433,-0.6146,0.7504,-0.1230,-0.0375,0.3558,Dark,
30.4289,5.6423,6.7052,0.0000,0.0000,0.3948,-0.5579,0.7300,0.0729,-0.6040,0.7936,0.2433,-0.6151,0.7500,-0.1232,-0.0375,0.3558,Dark,
30.4403,5.6450,6.7045,0.0000,0.0000,0.3951,-0.5576,0.7301,0.0726,-0.6039,0.7937,0.2433,-0.6149,0.7501,-0.1234,-0.0375,0.3557,Dark,
30.4513,5.6470,6.6997,0.0000,0.0000,0.3944,-0.5579,0.7302,0.0712,-0.6043,0.7936,0.2423,-0.6154,0.7501,-0.1236,-0.0375,0.3557,Dark,
30.4628,5.6515,6.6971,0.0000,0.0000,0.3951,-0.5574,0.7302,0.0708,-0.6040,0.7938,0.2426,-0.6151,0.7502,-0.1239,-0.0375,0.3557,Dark,
30.4737,5.6506,6.6997,0.0000,0.0000,0.3953,-0.5566,0.7307,0.0706,-0.6033,0.7943,0.2426,-0.6145,0.7507,-0.1241,-0.0375,0.3556,Dark,
30.4846,5.6497,6.7070,0.0000,0.0000,0.3946,-0.5566,0.7311,0.0693,-0.6034,0.7944,0.2417,-0.6145,0.7510,-0.1244,-0.0374,0.3556,Dark,
30.4957,5.6429,6.7154,0.0000,0.0000,0.3951,-0.5557,0.7315,0.0693,-0.6029,0.7948,0.2420,-0.6139,0.7513,-0.1246,-0.0374,0.3556,Dark,
30.5073,5.6343,6.7166,0.0000,0.0000,0.3956,-0.5543,0.7323,0.0697,-0.6016,0.7957,0.2425,-0.6126,0.7522,-0.1249,-0.0374,0.3555,Dark,
30.5181,5.6276,6.7166,0.0000,0.0000,0.3948,-0.5545,0.7326,0.0685,-0.6019,0.7956,0.2416,-0.6129,0.7523,-0.1251,-0.0372,0.3555,Dark,
30.5290,5.6429,6.7157,0.0000,0.0000,0.3952,-0.5536,0.7331,0.0687,-0.6012,0.7961,0.2419,-0.6121,0.7529,-0.1254,-0.0372,0.3554,Dark,
30.5404,5.6342,6.7155,0.0000,0.0000,0.3956,-0.5523,0.7338,0.0691,-0.6001,0.7969,0.2424,-0.6110,0.7536,-0.1256,-0.0371,0.3554,Dark,
30.5514,5.6270,6.7127,0.0000,0.0000,0.3948,-0.5523,0.7342,0.0681,-0.6002,0.7970,0.2415,-0.6110,0.7539,-0.1258,-0.0369,0.3554,Dark,
30.5626,5.6323,6.7084,0.0000,0.0000,0.3956,-0.5508,0.7350,0.0686,-0.5989,0.7979,0.2422,-0.6096,0.7548,-0.1261,-0.0369,0.3554,Dark,
30.5740,5.6221,6.6980,0.0000,0.0000,0.3951,-0.5510,0.7351,0.0680,-0.5993,0.7976,0.2417,-0.6099,0.7547,-0.1263,-0.0367,0.3554,Dark,
30.5848,5.6104,6.5976,0.0000,0.0000,0.3953,-0.5431,0.7408,0.0643,-0.5911,0.8040,0.2403,-0.6026,0.7610,-0.1265,-0.0366,0.3554,Dark,
30.5960,5.5315,6.5621,0.0000,0.0000,0.3841,-0.5261,0.7587,0.0472,-0.5705,0.8200,0.2262,-0.5848,0.7790,-0.1267,-0.0365,0.3554,Dark,
30.6073,5.4654,6.4835,0.0000,0.0000,0.3662,-0.4960,0.7873,0.0167,-0.5343,0.8451,0.2021,-0.5538,0.8077,-0.1269,-0.0364,0.3554,Dark,
30.6182,5.3262,6.3867,0.0000,0.0000,0.2461,-0.3521,0.9030,-0.1178,-0.3611,0.9250,0.0701,-0.3979,0.9148,-0.1271,-0.0362,0.3555,Dark,
30.6293,5.2946,6.3630,0.0000,0.0000,0.2709,-0.3883,0.8808,-0.0811,-0.4028,0.9117,0.1019,-0.4353,0.8945,-0.1272,-0.0361,0.3555,Dark,
30.6405,5.2864,6.3415,0.0000,0.0000,0.2317,-0.3493,0.9079,-0.1137,-0.3573,0.9271,0.0642,-0.3921,0.9177,-0.1274,-0.0360,0.3555,Dark,
30.6516,5.3026,6.3450,0.0000,0.0000,0.2284,-0.3555,0.9063,-0.0997,-0.3638,0.9261,0.0694,-0.3962,0.9155,-0.1276,-0.0359,0.3555,Dark,
30.6627,5.3140,6.3580,0.0000,0.0000,0.1948,-0.3167,0.9283,-0.1273,-0.3205,0.9387,0.0375,-0.3543,0.9344,-0.1277,-0.0359,0.3555,Dark,
30.6741,5.3124,6.3641,0.0000,0.0000,0.2228,-0.3598,0.9060,-0.0912,-0.3682,0.9253,0.0706,-0.3988,0.9143,-0.1278,-0.0358,0.3555,Dark,
30.6851,5.3117,6.3838,0.0000,0.0000,0.2175,-0.3637,0.9058,-0.0856,-0.3720,0.9243,0.0705,-0.4013,0.9133,-0.1279,-0.0357,0.3555,Dark,
30.6961,5.3132,6.3945,0.0000,0.0000,0.1830,-0.3206,0.9294,-0.1170,-0.3242,0.9387,0.0363,-0.3554,0.9340,-0.1280,-0.0357,0.3555,Dark,
30.7075,5.3144,6.4011,0.0000,0.0000,0.1827,-0.3245,0.9281,-0.1134,-0.3282,0.9378,0.0380,-0.3588,0.9326,-0.1281,-0.0357,0.3555,Dark,
30.7185,5.3425,6.4101,0.0000,0.0000,0.2103,-0.3677,0.9058,-0.0777,-0.3756,0.9235,0.0705,-0.4032,0.9124,-0.1282,-0.0356,0.3556,Dark,
30.7296,5.3515,6.4117,0.0000,0.0000,0.1916,-0.3462,0.9184,-0.0944,-0.3516,0.9314,0.0522,-0.3801,0.9235,-0.1283,-0.0356,0.3555,Dark,
30.7408,5.3575,6.4189,0.0000,0.0000,0.1939,-0.3521,0.9157,-0.0893,-0.3579,0.9295,0.0560,-0.3859,0.9208,-0.1283,-0.0356,0.3555,Dark,
30.7518,5.3768,6.4282,0.0000,0.0000,0.2011,-0.3655,0.9088,-0.0771,-0.3725,0.9248,0.0658,-0.3993,0.9145,-0.1284,-0.0356,0.3555,Dark,
30.7629,5.3747,6.4306,0.0000,0.0000,0.2003,-0.3667,0.9085,-0.0759,-0.3737,0.9244,0.0660,-0.4002,0.9140,-0.1284,-0.0356,0.3556,Dark,
30.7742,5.3728,6.4278,0.0000,0.0000,0.2021,-0.3719,0.9060,-0.0720,-0.3792,0.9225,0.0689,-0.4053,0.9116,-0.1284,-0.0356,0.3556,Dark,
30.7856,5.3664,6.4267,0.0000,0.0000,0.2014,-0.3745,0.9051,-0.0694,-0.3819,0.9216,0.0697,-0.4076,0.9105,-0.1285,-0.0355,0.3556,Dark,
30.7966,5.3693,6.4288,0.0000,0.0000,0.2013,-0.3761,0.9044,-0.0681,-0.3836,0.9210,0.0703,-0.4090,0.9098,-0.1285,-0.0356,0.3556,Dark,
30.8080,5.3726,6.4302,0.0000,0.0000,0.1997,-0.3762,0.9048,-0.0686,-0.3835,0.9210,0.0692,-0.4089,0.9100,-0.1285,-0.0356,0.3556,Dark,
30.8189,5.3804,6.4262,0.0000,0.0000,0.1976,-0.3773,0.9048,-0.0684,-0.3845,0.9206,0.0682,-0.4097,0.9097,-0.1285,-0.0354,0.3556,Dark,
30.8300,5.3712,6.4213,0.0000,0.0000,0.1957,-0.3777,0.9050,-0.0689,-0.3847,0.9205,0.0669,-0.4098,0.9097,-0.1285,-0.0354,0.3556,Dark,
30.8416,5.3628,6.4067,0.0000,0.0000,0.1929,-0.3756,0.9065,-0.0714,-0.3823,0.9213,0.0642,-0.4075,0.9109,-0.1285,-0.0354,0.3556,Dark,
30.8523,5.3400,6.3915,0.0000,0.0000,0.1873,-0.3725,0.9089,-0.0759,-0.3786,0.9224,0.0590,-0.4040,0.9129,-0.1286,-0.0354,0.3556,Dark,
30.8636,5.3446,6.3898,0.0000,0.0000,0.1844,-0.3708,0.9102,-0.0783,-0.3765,0.9231,0.0562,-0.4020,0.9139,-0.1286,-0.0354,0.3556,Dark,
30.8748,5.3499,6.3937,0.0000,0.0000,0.1820,-0.3683,0.9117,-0.0807,-0.3737,0.9240,0.0538,-0.3994,0.9152,-0.1286,-0.0354,0.3556,Dark,
30.8858,5.3576,6.4067,0.0000,0.0000,0.1784,-0.3657,0.9135,-0.0839,-0.3707,0.9249,0.0503,-0.3965,0.9167,-0.1286,-0.0354,0.3556,Dark,
30.8970,5.3657,6.4133,0.0000,0.0000,0.1766,-0.3645,0.9143,-0.0853,-0.3693,0.9254,0.0487,-0.3952,0.9173,-0.1287,-0.0355,0.3555,Dark,
30.9081,5.3768,6.3931,0.0000,0.0000,0.1753,-0.3625,0.9153,-0.0859,-0.3672,0.9261,0.0476,-0.3931,0.9183,-0.1287,-0.0354,0.3555,Dark,
30.9191,5.3814,6.3918,0.0000,0.0000,0.1744,-0.3613,0.9160,-0.0864,-0.3660,0.9266,0.0470,-0.3918,0.9189,-0.1288,-0.0354,0.3555,Dark,
30.9301,5.3998,6.3909,0.0000,0.0000,0.1730,-0.3600,0.9168,-0.0873,-0.3645,0.9271,0.0458,-0.3903,0.9195,-0.1288,-0.0355,0.3555,Dark,
30.9412,5.4244,6.3624,0.0000,0.0000,0.1726,-0.3583,0.9175,-0.0863,-0.3629,0.9278,0.0460,-0.3885,0.9203,-0.1289,-0.0354,0.3555,Dark,
30.9524,5.4316,6.3506,0.0000,0.0000,0.1717,-0.3578,0.9179,-0.0866,-0.3624,0.9280,0.0455,-0.3880,0.9206,-0.1290,-0.0354,0.3554,Dark,
30.9635,5.4289,6.3408,0.0000,0.0000,0.1711,-0.3574,0.9182,-0.0866,-0.3619,0.9282,0.0451,-0.3874,0.9208,-0.1290,-0.0355,0.3554,Dark,
30.9750,5.4221,6.3402,0.0000,0.0000,0.1704,-0.3567,0.9186,-0.0863,-0.3612,0.9285,0.0449,-0.3866,0.9212,-0.1290,-0.0355,0.3554,Dark,
30.9861,5.4202,6.3384,0.0000,0.0000,0.1697,-0.3559,0.9190,-0.0865,-0.3604,0.9288,0.0445,-0.3858,0.9215,-0.1291,-0.0354,0.3554,Dark,
30.9969,5.4182,6.3369,0.0000,0.0000,0.1694,-0.3553,0.9193,-0.0864,-0.3598,0.9290,0.0443,-0.3851,0.9218,-0.1292,-0.0355,0.3554,Dark,
31.0083,5.4164,6.3335,0.0000,0.0000,0.1689,-0.3542,0.9198,-0.0860,-0.3588,0.9294,0.0443,-0.3840,0.9223,-0.1292,-0.0355,0.3554,Dark,
31.0193,5.4156,6.3139,0.0000,0.0000,0.1685,-0.3535,0.9201,-0.0861,-0.3581,0.9297,0.0440,-0.3832,0.9226,-0.1293,-0.0354,0.3555,Dark,
31.0308,5.4177,6.2982,0.0000,0.0000,0.1679,-0.3527,0.9205,-0.0862,-0.3573,0.9300,0.0437,-0.3824,0.9230,-0.1294,-0.0354,0.3555,Dark,
31.0415,5.4292,6.2942,0.0000,0.0000,0.1674,-0.3519,0.9209,-0.0862,-0.3566,0.9303,0.0434,-0.3815,0.9233,-0.1294,-0.0354,0.3555,Dark,
31.0530,5.4370,6.2976,0.0000,0.0000,0.1669,-0.3515,0.9212,-0.0864,-0.3561,0.9304,0.0431,-0.3810,0.9236,-0.1296,-0.0353,0.3554,Dark,
31.0638,5.4413,6.3020,0.0000,0.0000,0.1667,-0.3515,0.9212,-0.0865,-0.3561,0.9304,0.0429,-0.3810,0.9236,-0.1296,-0.0354,0.3554,Dark,
31.0751,5.4462,6.2989,0.0000,0.0000,0.1661,-0.3507,0.9217,-0.0866,-0.3553,0.9307,0.0426,-0.3802,0.9239,-0.1297,-0.0354,0.3554,Dark,
31.0866,5.4473,6.2914,0.0000,0.0000,0.1662,-0.3499,0.9219,-0.0864,-0.3546,0.9310,0.0427,-0.3794,0.9243,-0.1298,-0.0353,0.3555,Dark,
31.0973,5.4432,6.2852,0.0000,0.0000,0.1657,-0.3494,0.9222,-0.0867,-0.3541,0.9312,0.0423,-0.3789,0.9245,-0.1298,-0.0353,0.3555,Dark,
31.1084,5.4606,6.2627,0.0000,0.0000,0.1652,-0.3488,0.9225,-0.0869,-0.3534,0.9314,0.0419,-0.3782,0.9248,-0.1299,-0.0353,0.3555,Dark,
31.1199,5.4778,6.2567,0.0000,0.0000,0.1647,-0.3486,0.9227,-0.0873,-0.3531,0.9315,0.0415,-0.3780,0.9249,-0.1299,-0.0353,0.3555,Dark,
31.1308,5.4718,6.2495,0.0000,0.0000,0.1639,-0.3490,0.9227,-0.0879,-0.3534,0.9313,0.0408,-0.3783,0.9248,-0.1300,-0.0354,0.3555,Dark,
31.1421,5.4834,6.2478,0.0000,0.0000,0.1632,-0.3490,0.9228,-0.0885,-0.3534,0.9313,0.0401,-0.3783,0.9248,-0.1300,-0.0354,0.3555,Dark,
31.1530,5.4914,6.2474,0.0000,0.0000,0.1635,-0.3488,0.9228,-0.0881,-0.3532,0.9314,0.0405,-0.3780,0.9249,-0.1300,-0.0354,0.3556,Dark,
31.1640,5.4988,6.2703,0.0000,0.0000,0.1617,-0.3496,0.9228,-0.0899,-0.3538,0.9310,0.0386,-0.3787,0.9247,-0.1300,-0.0355,0.3556,Dark,
31.1753,5.5044,6.2812,0.0000,0.0000,0.1613,-0.3499,0.9228,-0.0903,-0.3541,0.9308,0.0382,-0.3791,0.9246,-0.1300,-0.0356,0.3556,Dark,
31.1863,5.5074,6.2898,0.0000,0.0000,0.1618,-0.3496,0.9228,-0.0898,-0.3538,0.9310,0.0387,-0.3788,0.9247,-0.1300,-0.0355,0.3556,Dark,
31.1981,5.4982,6.2813,0.0000,0.0000,0.1615,-0.3501,0.9227,-0.0899,-0.3542,0.9308,0.0385,-0.3792,0.9245,-0.1300,-0.0356,0.3556,Dark,
31.2089,5.4902,6.2793,0.0000,0.0000,0.1613,-0.3500,0.9228,-0.0902,-0.3542,0.9308,0.0383,-0.3791,0.9246,-0.1300,-0.0355,0.3555,Dark,
31.2196,5.4869,6.2775,0.0000,0.0000,0.1613,-0.3500,0.9227,-0.0900,-0.3541,0.9308,0.0384,-0.3791,0.9246,-0.1300,-0.0355,0.3555,Dark,
31.2310,5.4918,6.2781,0.0000,0.0000,0.1616,-0.3498,0.9228,-0.0895,-0.3539,0.9310,0.0387,-0.3789,0.9246,-0.1300,-0.0356,0.3555,Dark,
31.2419,5.4989,6.2890,0.0000,0.0000,0.1620,-0.3495,0.9228,-0.0888,-0.3536,0.9312,0.0393,-0.3785,0.9248,-0.1300,-0.0355,0.3555,Dark,
31.2534,5.5128,6.2971,0.0000,0.0000,0.1626,-0.3490,0.9229,-0.0881,-0.3532,0.9314,0.0399,-0.3780,0.9249,-0.1299,-0.0356,0.3555,Dark,
31.2642,5.5272,6.3136,0.0000,0.0000,0.1628,-0.3487,0.9230,-0.0875,-0.3529,0.9316,0.0403,-0.3777,0.9251,-0.1299,-0.0356,0.3555,Dark,
31.2755,5.5289,6.3181,0.0000,0.0000,0.1633,-0.3482,0.9231,-0.0869,-0.3525,0.9318,0.0409,-0.3772,0.9252,-0.1299,-0.0356,0.3555,Dark,
31.2869,5.5301,6.3207,0.0000,0.0000,0.1634,-0.3479,0.9232,-0.0866,-0.3522,0.9319,0.0411,-0.3769,0.9253,-0.1299,-0.0355,0.3555,Dark,
31.2976,5.5318,6.3169,0.0000,0.0000,0.1638,-0.3473,0.9233,-0.0857,-0.3515,0.9322,0.0418,-0.3762,0.9256,-0.1299,-0.0356,0.3555,Dark,
31.3088,5.5333,6.3131,0.0000,0.0000,0.1640,-0.3470,0.9234,-0.0852,-0.3512,0.9324,0.0421,-0.3758,0.9257,-0.1299,-0.0355,0.3555,Dark,
31.3198,5.5386,6.3101,0.0000,0.0000,0.1641,-0.3467,0.9235,-0.0850,-0.3508,0.9326,0.0423,-0.3755,0.9259,-0.1299,-0.0355,0.3554,Dark,
31.3311,5.5518,6.3149,0.0000,0.0000,0.1643,-0.3462,0.9237,-0.0845,-0.3504,0.9328,0.0426,-0.3750,0.9260,-0.1299,-0.0355,0.3554,Dark,
31.3422,5.5590,6.3229,0.0000,0.0000,0.1640,-0.3462,0.9237,-0.0828,-0.3504,0.9329,0.0433,-0.3748,0.9261,-0.1299,-0.0354,0.3554,Dark,
31.3534,5.5579,6.3295,0.0000,0.0000,0.1644,-0.3462,0.9236,-0.0812,-0.3505,0.9330,0.0443,-0.3747,0.9261,-0.1299,-0.0354,0.3554,Dark,
31.3647,5.5553,6.3712,0.0000,0.0000,0.1653,-0.3462,0.9235,-0.0782,-0.3506,0.9333,0.0463,-0.3745,0.9261,-0.1299,-0.0355,0.3554,Dark,
31.3761,5.5542,6.3844,0.0000,0.0000,0.1659,-0.3463,0.9233,-0.0765,-0.3508,0.9333,0.0475,-0.3745,0.9260,-0.1299,-0.0355,0.3554,Dark,
31.3872,5.5532,6.3939,0.0000,0.0000,0.1669,-0.3463,0.9231,-0.0751,-0.3509,0.9334,0.0487,-0.3745,0.9259,-0.1299,-0.0354,0.3554,Dark,
31.3980,5.5673,6.3988,0.0000,0.0000,0.1686,-0.3464,0.9228,-0.0717,-0.3511,0.9336,0.0513,-0.3744,0.9258,-0.1299,-0.0355,0.3554,Dark,
31.4094,5.5791,6.4091,0.0000,0.0000,0.1695,-0.3463,0.9227,-0.0702,-0.3512,0.9337,0.0525,-0.3744,0.9258,-0.1299,-0.0354,0.3553,Dark,
31.4202,5.6046,6.4166,0.0000,0.0000,0.1714,-0.3460,0.9224,-0.0673,-0.3510,0.9339,0.0549,-0.3741,0.9258,-0.1299,-0.0354,0.3553,Dark,
31.4315,5.6049,6.4152,0.0000,0.0000,0.1724,-0.3458,0.9223,-0.0661,-0.3509,0.9341,0.0560,-0.3739,0.9258,-0.1299,-0.0354,0.3553,Dark,
31.4425,5.6033,6.4213,0.0000,0.0000,0.1733,-0.3456,0.9222,-0.0650,-0.3508,0.9342,0.0570,-0.3737,0.9258,-0.1299,-0.0354,0.3553,Dark,
31.4537,5.6010,6.4293,0.0000,0.0000,0.1751,-0.3454,0.9220,-0.0630,-0.3507,0.9343,0.0590,-0.3735,0.9257,-0.1299,-0.0354,0.3553,Dark,
31.4648,5.5936,6.4328,0.0000,0.0000,0.1759,-0.3453,0.9219,-0.0622,-0.3508,0.9344,0.0598,-0.3735,0.9257,-0.1300,-0.0355,0.3553,Dark,
31.4759,5.5881,6.4409,0.0000,0.0000,0.1767,-0.3453,0.9217,-0.0614,-0.3508,0.9344,0.0606,-0.3735,0.9256,-0.1300,-0.0355,0.3553,Dark,
31.4875,5.5965,6.4323,0.0000,0.0000,0.1778,-0.3454,0.9215,-0.0603,-0.3510,0.9344,0.0617,-0.3737,0.9255,-0.1300,-0.0354,0.3553,Dark,
31.4985,5.6027,6.4200,0.0000,0.0000,0.1783,-0.3456,0.9213,-0.0598,-0.3514,0.9343,0.0623,-0.3740,0.9253,-0.1300,-0.0355,0.3553,Dark,
31.5096,5.6081,6.4284,0.0000,0.0000,0.1787,-0.3458,0.9211,-0.0595,-0.3516,0.9343,0.0627,-0.3742,0.9252,-0.1300,-0.0354,0.3553,Dark,
31.5204,5.6016,6.4339,0.0000,0.0000,0.1795,-0.3461,0.9209,-0.0587,-0.3519,0.9342,0.0634,-0.3745,0.9251,-0.1300,-0.0355,0.3553,Dark,
31.5316,5.6080,6.4332,0.0000,0.0000,0.1797,-0.3461,0.9208,-0.0584,-0.3520,0.9342,0.0637,-0.3745,0.9250,-0.1301,-0.0355,0.3553,Dark,
31.5436,5.6135,6.4361,0.0000,0.0000,0.1799,-0.3461,0.9208,-0.0582,-0.3520,0.9342,0.0639,-0.3745,0.9250,-0.1301,-0.0354,0.3553,Dark,
31.5538,5.6115,6.4306,0.0000,0.0000,0.1801,-0.3466,0.9206,-0.0580,-0.3526,0.9340,0.0642,-0.3751,0.9248,-0.1301,-0.0355,0.3553,Dark,
31.5651,5.6149,6.4262,0.0000,0.0000,0.1802,-0.3466,0.9205,-0.0579,-0.3525,0.9340,0.0643,-0.3750,0.9248,-0.1302,-0.0355,0.3553,Dark,
31.5762,5.6169,6.4338,0.0000,0.0000,0.1804,-0.3466,0.9205,-0.0577,-0.3526,0.9340,0.0645,-0.3751,0.9247,-0.1302,-0.0354,0.3554,Dark,
31.5875,5.6248,6.4353,0.0000,0.0000,0.1804,-0.3471,0.9203,-0.0579,-0.3530,0.9338,0.0643,-0.3756,0.9246,-0.1302,-0.0354,0.3554,Dark,
31.5986,5.6333,6.4312,0.0000,0.0000,0.1802,-0.3473,0.9203,-0.0582,-0.3532,0.9337,0.0641,-0.3758,0.9245,-0.1302,-0.0355,0.3554,Dark,
31.6096,5.6397,6.4304,0.0000,0.0000,0.1801,-0.3473,0.9203,-0.0584,-0.3532,0.9337,0.0639,-0.3758,0.9245,-0.1302,-0.0354,0.3554,Dark,
31.6206,5.6350,6.4274,0.0000,0.0000,0.1807,-0.3475,0.9201,-0.0580,-0.3535,0.9336,0.0645,-0.3761,0.9243,-0.1302,-0.0354,0.3554,Dark,
31.6318,5.6289,6.4317,0.0000,0.0000,0.1803,-0.3478,0.9201,-0.0586,-0.3537,0.9335,0.0639,-0.3764,0.9243,-0.1302,-0.0354,0.3554,Dark,
31.6430,5.6237,6.4317,0.0000,0.0000,0.1803,-0.3480,0.9200,-0.0588,-0.3539,0.9334,0.0638,-0.3765,0.9242,-0.1303,-0.0354,0.3554,Dark,
31.6540,5.6173,6.4304,0.0000,0.0000,0.1806,-0.3481,0.9199,-0.0587,-0.3540,0.9334,0.0640,-0.3767,0.9241,-0.1303,-0.0353,0.3554,Dark,
31.6653,5.6164,6.4346,0.0000,0.0000,0.1805,-0.3482,0.9199,-0.0590,-0.3541,0.9333,0.0639,-0.3768,0.9241,-0.1303,-0.0354,0.3555,Dark,
31.6764,5.6016,6.4123,0.0000,0.0000,0.1767,-0.3501,0.9199,-0.0632,-0.3557,0.9325,0.0598,-0.3786,0.9236,-0.1303,-0.0354,0.3555,Dark,
31.6875,5.5925,6.4046,0.0000,0.0000,0.1788,-0.3492,0.9198,-0.0608,-0.3549,0.9329,0.0621,-0.3777,0.9238,-0.1303,-0.0353,0.3555,Dark,
31.6988,5.5852,6.3916,0.0000,0.0000,0.1721,-0.3516,0.9202,-0.0687,-0.3568,0.9317,0.0546,-0.3800,0.9234,-0.1303,-0.0353,0.3555,Dark,
31.7099,5.5820,6.3650,0.0000,0.0000,0.1520,-0.3588,0.9209,-0.0897,-0.3624,0.9277,0.0337,-0.3864,0.9217,-0.1304,-0.0351,0.3556,Dark,
31.7212,5.5823,6.3538,0.0000,0.0000,0.1439,-0.3616,0.9212,-0.0979,-0.3644,0.9261,0.0253,-0.3888,0.9210,-0.1304,-0.0351,0.3556,Dark,
31.7330,5.5835,6.3565,0.0000,0.0000,0.1395,-0.3624,0.9215,-0.1025,-0.3649,0.9254,0.0207,-0.3895,0.9208,-0.1305,-0.0350,0.3557,Dark,
31.7434,5.5862,6.3597,0.0000,0.0000,0.1340,-0.3636,0.9219,-0.1081,-0.3656,0.9245,0.0151,-0.3905,0.9205,-0.1305,-0.0350,0.3557,Dark,
31.7544,5.5804,6.3597,0.0000,0.0000,0.1305,-0.3641,0.9222,-0.1115,-0.3658,0.9240,0.0115,-0.3908,0.9204,-0.1306,-0.0349,0.3557,Dark,
31.7657,5.5756,6.3633,0.0000,0.0000,0.1309,-0.3629,0.9226,-0.1110,-0.3646,0.9245,0.0120,-0.3896,0.9209,-0.1307,-0.0349,0.3558,Dark,
31.7769,5.5562,6.3620,0.0000,0.0000,0.1306,-0.3623,0.9229,-0.1114,-0.3640,0.9247,0.0116,-0.3890,0.9212,-0.1307,-0.0347,0.3558,Dark,
31.7878,5.5601,6.3595,0.0000,0.0000,0.1291,-0.3618,0.9233,-0.1129,-0.3634,0.9248,0.0101,-0.3885,0.9214,-0.1308,-0.0346,0.3559,Dark,
31.7994,5.5644,6.3500,0.0000,0.0000,0.1290,-0.3607,0.9237,-0.1130,-0.3623,0.9252,0.0100,-0.3874,0.9219,-0.1309,-0.0345,0.3559,Dark,
31.8113,5.5600,6.3418,0.0000,0.0000,0.1288,-0.3602,0.9239,-0.1132,-0.3617,0.9254,0.0098,-0.3868,0.9221,-0.1310,-0.0343,0.3559,Dark,
31.8226,5.5567,6.3426,0.0000,0.0000,0.1294,-0.3596,0.9241,-0.1126,-0.3612,0.9257,0.0105,-0.3862,0.9223,-0.1311,-0.0341,0.3559,Dark,
31.8326,5.5533,6.3511,0.0000,0.0000,0.1278,-0.3593,0.9244,-0.1142,-0.3607,0.9256,0.0088,-0.3859,0.9225,-0.1312,-0.0340,0.3559,Dark,
31.8439,5.5396,6.3663,0.0000,0.0000,0.1277,-0.3589,0.9246,-0.1145,-0.3604,0.9258,0.0086,-0.3855,0.9227,-0.1313,-0.0339,0.3559,Dark,
31.8548,5.5506,6.3716,0.0000,0.0000,0.1274,-0.3582,0.9249,-0.1148,-0.3598,0.9260,0.0083,-0.3849,0.9229,-0.1313,-0.0337,0.3558,Dark,
31.8661,5.5603,6.3790,0.0000,0.0000,0.1267,-0.3577,0.9252,-0.1156,-0.3593,0.9261,0.0076,-0.3844,0.9231,-0.1315,-0.0336,0.3558,Dark,
31.8778,5.5653,6.3835,0.0000,0.0000,0.1263,-0.3572,0.9255,-0.1162,-0.3587,0.9262,0.0071,-0.3839,0.9233,-0.1316,-0.0334,0.3558,Dark,
31.8884,5.5699,6.3823,0.0000,0.0000,0.1256,-0.3564,0.9258,-0.1169,-0.3579,0.9264,0.0064,-0.3831,0.9237,-0.1317,-0.0333,0.3557,Dark,
31.8995,5.5725,6.3957,0.0000,0.0000,0.1249,-0.3558,0.9262,-0.1177,-0.3573,0.9266,0.0056,-0.3825,0.9240,-0.1318,-0.0331,0.3557,Dark,
31.9111,5.5588,6.4136,0.0000,0.0000,0.1240,-0.3551,0.9266,-0.1187,-0.3566,0.9267,0.0047,-0.3818,0.9242,-0.1319,-0.0330,0.3556,Dark,
31.9219,5.5828,6.4190,0.0000,0.0000,0.1213,-0.3548,0.9270,-0.1208,-0.3562,0.9266,0.0022,-0.3814,0.9244,-0.1319,-0.0328,0.3555,Dark,
31.9331,5.6029,6.4051,0.0000,0.0000,0.1165,-0.3522,0.9286,-0.1281,-0.3531,0.9268,-0.0039,-0.3788,0.9255,-0.1321,-0.0326,0.3554,Dark,
31.9439,5.6056,6.3848,0.0000,0.0000,0.0745,-0.3522,0.9330,-0.1726,-0.3493,0.9210,-0.0481,-0.3773,0.9248,-0.1322,-0.0324,0.3553,Dark,
31.9555,5.5911,6.3800,0.0000,0.0000,0.0768,-0.3505,0.9334,-0.1732,-0.3477,0.9215,-0.0473,-0.3760,0.9254,-0.1323,-0.0321,0.3552,Dark,
31.9668,5.5767,6.3567,0.0000,0.0000,0.0636,-0.3501,0.9345,-0.1905,-0.3460,0.9187,-0.0628,-0.3755,0.9247,-0.1324,-0.0319,0.3551,Dark,
31.9779,5.5463,6.3315,0.0000,0.0000,0.0511,-0.3517,0.9347,-0.2080,-0.3461,0.9148,-0.0782,-0.3769,0.9229,-0.1325,-0.0316,0.3549,Dark,
31.9888,5.5487,6.3259,0.0000,0.0000,0.0448,-0.3502,0.9356,-0.2161,-0.3440,0.9137,-0.0856,-0.3754,0.9229,-0.1326,-0.0313,0.3548,Dark,
31.9997,5.5526,6.3189,0.0000,0.0000,0.0417,-0.3487,0.9363,-0.2212,-0.3422,0.9132,-0.0898,-0.3740,0.9231,-0.1328,-0.0310,0.3547,Dark,
32.0108,5.5516,6.3368,0.0000,0.0000,0.0356,-0.3477,0.9369,-0.2304,-0.3405,0.9116,-0.0976,-0.3730,0.9227,-0.1329,-0.0307,0.3546,Dark,
32.0220,5.5573,6.3546,0.0000,0.0000,0.0318,-0.3455,0.9379,-0.2357,-0.3379,0.9112,-0.1023,-0.3708,0.9231,-0.1330,-0.0303,0.3544,Dark,
32.0328,5.5613,6.3644,0.0000,0.0000,0.0330,-0.3432,0.9387,-0.2363,-0.3356,0.9119,-0.1020,-0.3688,0.9239,-0.1331,-0.0299,0.3543,Dark,
32.0447,5.5507,6.3759,0.0000,0.0000,0.0340,-0.3415,0.9393,-0.2384,-0.3338,0.9120,-0.1025,-0.3674,0.9244,-0.1333,-0.0296,0.3542,Dark,
32.0554,5.5539,6.3771,0.0000,0.0000,0.0332,-0.3393,0.9401,-0.2403,-0.3316,0.9123,-0.1039,-0.3654,0.9250,-0.1333,-0.0291,0.3540,Dark,
32.0662,5.5562,6.3873,0.0000,0.0000,0.0333,-0.3369,0.9410,-0.2413,-0.3291,0.9129,-0.1044,-0.3631,0.9259,-0.1334,-0.0287,0.3538,Dark,
32.0777,5.5460,6.4092,0.0000,0.0000,0.0363,-0.3326,0.9424,-0.2392,-0.3251,0.9149,-0.1018,-0.3590,0.9278,-0.1335,-0.0284,0.3536,Dark,
32.0884,5.4998,6.4193,0.0000,0.0000,0.0435,-0.3221,0.9457,-0.2339,-0.3153,0.9197,-0.0954,-0.3491,0.9322,-0.1336,-0.0280,0.3534,Dark,
32.0996,5.4609,6.3672,0.0000,0.0000,0.0664,-0.2985,0.9521,-0.2097,-0.2938,0.9326,-0.0712,-0.3263,0.9426,-0.1337,-0.0276,0.3532,Dark,
32.1109,5.3559,6.2490,0.0000,0.0000,0.1135,-0.2416,0.9637,-0.1564,-0.2406,0.9580,-0.0195,-0.2703,0.9626,-0.1337,-0.0272,0.3531,Dark,
32.1219,5.3112,6.1908,0.0000,0.0000,0.1334,-0.2166,0.9671,-0.1322,-0.2165,0.9673,0.0032,-0.2451,0.9695,-0.1338,-0.0267,0.3528,Dark,
32.1330,5.2804,6.1326,0.0000,0.0000,0.1318,-0.2142,0.9679,-0.1275,-0.2140,0.9685,0.0046,-0.2420,0.9703,-0.1338,-0.0264,0.3526,Dark,
32.1444,5.2261,6.0515,0.0000,0.0000,0.1322,-0.2077,0.9692,-0.1174,-0.2076,0.9711,0.0099,-0.2344,0.9721,-0.1338,-0.0260,0.3524,Dark,
32.1556,5.1887,6.0219,0.0000,0.0000,0.1355,-0.2006,0.9703,-0.1098,-0.2006,0.9735,0.0154,-0.2268,0.9738,-0.1338,-0.0257,0.3522,Dark,
32.1666,5.1597,6.0031,0.0000,0.0000,0.1309,-0.2028,0.9704,-0.1103,-0.2026,0.9730,0.0127,-0.2285,0.9735,-0.1338,-0.0254,0.3520,Dark,
32.1777,5.0991,5.9700,0.0000,0.0000,0.1302,-0.2006,0.9710,-0.1039,-0.2004,0.9742,0.0155,-0.2255,0.9741,-0.1338,-0.0251,0.3518,Dark,
32.1886,5.0697,5.9554,0.0000,0.0000,0.1287,-0.1995,0.9714,-0.1026,-0.1993,0.9746,0.0153,-0.2240,0.9745,-0.1337,-0.0248,0.3516,Dark,
32.1998,5.0486,5.9117,0.0000,0.0000,0.1282,-0.1973,0.9719,-0.1006,-0.1970,0.9752,0.0161,-0.2215,0.9750,-0.1337,-0.0245,0.3514,Dark,
32.2114,4.9776,5.8366,0.0000,0.0000,0.1300,-0.1926,0.9726,-0.0946,-0.1923,0.9768,0.0199,-0.2163,0.9761,-0.1337,-0.0243,0.3513,Dark,
32.2222,4.9433,5.8070,0.0000,0.0000,0.1278,-0.1930,0.9728,-0.0953,-0.1926,0.9766,0.0185,-0.2165,0.9761,-0.1337,-0.0239,0.3511,Dark,
32.2332,4.9176,5.7655,0.0000,0.0000,0.1282,-0.1911,0.9732,-0.0934,-0.1907,0.9772,0.0196,-0.2144,0.9766,-0.1337,-0.0237,0.3510,Dark,
32.2443,4.8662,5.7001,0.0000,0.0000,0.1286,-0.1887,0.9736,-0.0905,-0.1883,0.9779,0.0212,-0.2117,0.9771,-0.1337,-0.0233,0.3508,Dark,
32.2557,4.8536,5.6732,0.0000,0.0000,0.1309,-0.1844,0.9741,-0.0872,-0.1841,0.9790,0.0241,-0.2073,0.9780,-0.1337,-0.0231,0.3507,Dark,
32.2668,4.8149,5.6215,0.0000,0.0000,0.1289,-0.1851,0.9742,-0.0877,-0.1847,0.9789,0.0228,-0.2078,0.9779,-0.1337,-0.0228,0.3506,Dark,
32.2781,4.7983,5.5848,0.0000,0.0000,0.1290,-0.1836,0.9745,-0.0869,-0.1832,0.9792,0.0232,-0.2063,0.9782,-0.1337,-0.0225,0.3505,Dark,
32.2888,4.7871,5.5568,0.0000,0.0000,0.1295,-0.1815,0.9748,-0.0858,-0.1811,0.9797,0.0240,-0.2041,0.9787,-0.1337,-0.0223,0.3504,Dark,
32.3002,4.7134,5.5119,0.0000,0.0000,0.1294,-0.1814,0.9749,-0.0849,-0.1811,0.9798,0.0244,-0.2039,0.9787,-0.1337,-0.0221,0.3503,Dark,
32.3118,4.6796,5.4999,0.0000,0.0000,0.1294,-0.1801,0.9751,-0.0845,-0.1797,0.9801,0.0246,-0.2026,0.9790,-0.1337,-0.0219,0.3502,Dark,
32.3229,4.6547,5.4825,0.0000,0.0000,0.1295,-0.1788,0.9753,-0.0841,-0.1784,0.9804,0.0248,-0.2012,0.9792,-0.1337,-0.0216,0.3501,Dark,
32.3335,4.6133,5.4540,0.0000,0.0000,0.1294,-0.1778,0.9755,-0.0835,-0.1774,0.9806,0.0251,-0.2001,0.9794,-0.1337,-0.0214,0.3500,Dark,
32.3447,4.5948,5.4453,0.0000,0.0000,0.1295,-0.1767,0.9757,-0.0832,-0.1762,0.9808,0.0253,-0.1989,0.9797,-0.1337,-0.0212,0.3499,Dark,
32.3560,4.5827,5.4282,0.0000,0.0000,0.1296,-0.1755,0.9759,-0.0830,-0.1750,0.9811,0.0254,-0.1977,0.9799,-0.1337,-0.0208,0.3498,Dark,
32.3689,4.5484,5.3866,0.0000,0.0000,0.1298,-0.1753,0.9759,-0.0823,-0.1748,0.9812,0.0259,-0.1975,0.9800,-0.1337,-0.0206,0.3497,Dark,
32.3790,4.5386,5.3687,0.0000,0.0000,0.1303,-0.1743,0.9760,-0.0816,-0.1737,0.9814,0.0265,-0.1964,0.9802,-0.1337,-0.0204,0.3497,Dark,
32.3897,4.5321,5.3553,0.0000,0.0000,0.1302,-0.1728,0.9763,-0.0816,-0.1722,0.9817,0.0264,-0.1949,0.9805,-0.1337,-0.0201,0.3496,Dark,
32.4004,4.5188,5.3364,0.0000,0.0000,0.1305,-0.1729,0.9763,-0.0811,-0.1722,0.9817,0.0268,-0.1949,0.9805,-0.1337,-0.0199,0.3495,Dark,
32.4126,4.5119,5.3300,0.0000,0.0000,0.1307,-0.1726,0.9763,-0.0808,-0.1717,0.9818,0.0270,-0.1946,0.9805,-0.1336,-0.0197,0.3494,Dark,
32.4231,4.5063,5.3335,0.0000,0.0000,0.1317,-0.1730,0.9761,-0.0791,-0.1722,0.9819,0.0283,-0.1949,0.9804,-0.1336,-0.0195,0.3494,Dark,
32.4341,4.5222,5.3533,0.0000,0.0000,0.1457,-0.1864,0.9716,-0.0652,-0.1863,0.9803,0.0426,-0.2087,0.9770,-0.1336,-0.0193,0.3493,Dark,
32.4451,4.5318,5.3668,0.0000,0.0000,0.1503,-0.1911,0.9700,-0.0610,-0.1912,0.9797,0.0471,-0.2136,0.9758,-0.1335,-0.0191,0.3492,Dark,
32.4562,4.5397,5.3830,0.0000,0.0000,0.1572,-0.1989,0.9673,-0.0528,-0.1995,0.9785,0.0547,-0.2216,0.9736,-0.1335,-0.0189,0.3491,Dark,
32.4673,4.5253,5.3901,0.0000,0.0000,0.1627,-0.2112,0.9638,-0.0454,-0.2123,0.9762,0.0612,-0.2339,0.9703,-0.1335,-0.0188,0.3490,Dark,
32.4784,4.5162,5.3902,0.0000,0.0000,0.1661,-0.2123,0.9630,-0.0412,-0.2135,0.9761,0.0651,-0.2350,0.9698,-0.1334,-0.0186,0.3489,Dark,
32.4896,4.5090,5.3813,0.0000,0.0000,0.1682,-0.2164,0.9617,-0.0380,-0.2177,0.9753,0.0677,-0.2391,0.9686,-0.1334,-0.0186,0.3488,Dark,
32.5006,4.5108,5.3728,0.0000,0.0000,0.1656,-0.2185,0.9617,-0.0398,-0.2198,0.9747,0.0654,-0.2410,0.9683,-0.1334,-0.0185,0.3487,Dark,
32.5118,4.5110,5.3732,0.0000,0.0000,0.1704,-0.2233,0.9598,-0.0342,-0.2249,0.9738,0.0707,-0.2459,0.9667,-0.1333,-0.0185,0.3487,Dark,
32.5231,4.5113,5.3736,0.0000,0.0000,0.1710,-0.2253,0.9592,-0.0328,-0.2270,0.9733,0.0717,-0.2479,0.9661,-0.1333,-0.0184,0.3486,Dark,
32.5341,4.5034,5.3789,0.0000,0.0000,0.1709,-0.2278,0.9586,-0.0319,-0.2296,0.9728,0.0721,-0.2504,0.9655,-0.1332,-0.0183,0.3485,Dark,
32.5454,4.5144,5.3821,0.0000,0.0000,0.1707,-0.2283,0.9585,-0.0316,-0.2301,0.9726,0.0721,-0.2508,0.9654,-0.1332,-0.0183,0.3484,Dark,
32.5564,4.5246,5.3826,0.0000,0.0000,0.1704,-0.2285,0.9585,-0.0315,-0.2303,0.9726,0.0720,-0.2510,0.9653,-0.1332,-0.0183,0.3484,Dark,
32.5675,4.5446,5.3853,0.0000,0.0000,0.1692,-0.2276,0.9589,-0.0319,-0.2293,0.9728,0.0712,-0.2499,0.9656,-0.1331,-0.0183,0.3483,Dark,
32.5788,4.5552,5.3871,0.0000,0.0000,0.1695,-0.2286,0.9587,-0.0314,-0.2303,0.9726,0.0716,-0.2509,0.9654,-0.1331,-0.0182,0.3482,Dark,
32.5900,4.5622,5.3908,0.0000,0.0000,0.1689,-0.2270,0.9591,-0.0316,-0.2287,0.9730,0.0712,-0.2492,0.9658,-0.1331,-0.0182,0.3482,Dark,
32.6009,4.5620,5.3970,0.0000,0.0000,0.1693,-0.2280,0.9588,-0.0307,-0.2297,0.9728,0.0718,-0.2501,0.9655,-0.1331,-0.0182,0.3481,Dark,
32.6122,4.5690,5.3991,0.0000,0.0000,0.1694,-0.2277,0.9589,-0.0304,-0.2295,0.9728,0.0720,-0.2499,0.9656,-0.1330,-0.0182,0.3481,Dark,
32.6234,4.5799,5.3831,0.0000,0.0000,0.1707,-0.2282,0.9585,-0.0286,-0.2299,0.9728,0.0735,-0.2503,0.9654,-0.1330,-0.0182,0.3480,Dark,
32.6344,4.5842,5.3869,0.0000,0.0000,0.1765,-0.2279,0.9576,-0.0198,-0.2299,0.9730,0.0809,-0.2498,0.9649,-0.1330,-0.0182,0.3480,Dark,
32.6455,4.5875,5.3906,0.0000,0.0000,0.1759,-0.2282,0.9576,-0.0181,-0.2302,0.9730,0.0814,-0.2498,0.9649,-0.1329,-0.0182,0.3480,Dark,
32.6567,4.5656,5.4007,0.0000,0.0000,0.2000,-0.2282,0.9528,0.0141,-0.2313,0.9728,0.1098,-0.2496,0.9621,-0.1328,-0.0182,0.3480,Dark,
32.6678,4.5458,5.3790,0.0000,0.0000,0.2062,-0.2313,0.9508,0.0233,-0.2348,0.9718,0.1175,-0.2526,0.9604,-0.1328,-0.0183,0.3480,Dark,
32.6790,4.5174,5.3597,0.0000,0.0000,0.2114,-0.2326,0.9493,0.0295,-0.2364,0.9712,0.1232,-0.2539,0.9593,-0.1328,-0.0183,0.3480,Dark,Start Blue Sphere at Superior for 0.5s
32.6901,4.4750,5.3301,0.0000,0.0000,0.2194,-0.2349,0.9469,0.0393,-0.2391,0.9702,0.1322,-0.2564,0.9575,-0.1327,-0.0183,0.3480,Dark,Start Blue Sphere at Superior for 0.5s
32.7012,4.4616,5.3161,0.0000,0.0000,0.2221,-0.2358,0.9461,0.0425,-0.2401,0.9698,0.1352,-0.2572,0.9568,-0.1327,-0.0184,0.3479,Dark,Start Blue Sphere at Superior for 0.5s
32.7124,4.4426,5.3074,0.0000,0.0000,0.2251,-0.2366,0.9452,0.0457,-0.2410,0.9694,0.1383,-0.2581,0.9562,-0.1326,-0.0185,0.3479,Dark,Start Blue Sphere at Superior for 0.5s
32.7238,4.4047,5.2797,0.0000,0.0000,0.2262,-0.2374,0.9447,0.0472,-0.2419,0.9692,0.1396,-0.2589,0.9558,-0.1326,-0.0185,0.3479,Dark,Start Blue Sphere at Superior for 0.5s
32.7347,4.3862,5.2473,0.0000,0.0000,0.2267,-0.2377,0.9445,0.0481,-0.2422,0.9690,0.1403,-0.2592,0.9556,-0.1325,-0.0186,0.3480,Dark,Start Blue Sphere at Superior for 0.5s
32.7459,4.3575,5.2217,0.0000,0.0000,0.2270,-0.2380,0.9444,0.0487,-0.2425,0.9689,0.1408,-0.2594,0.9555,-0.1325,-0.0186,0.3480,Dark,Start Blue Sphere at Superior for 0.5s
32.7568,4.3095,5.1728,0.0000,0.0000,0.2266,-0.2384,0.9444,0.0487,-0.2428,0.9689,0.1406,-0.2597,0.9554,-0.1324,-0.0186,0.3480,Dark,Start Blue Sphere at Superior for 0.5s
32.7681,4.2900,5.1459,0.0000,0.0000,0.2268,-0.2386,0.9442,0.0492,-0.2430,0.9688,0.1409,-0.2599,0.9553,-0.1324,-0.0187,0.3480,Dark,Start Blue Sphere at Superior for 0.5s
32.7793,4.2684,5.1265,0.0000,0.0000,0.2269,-0.2388,0.9442,0.0494,-0.2431,0.9687,0.1410,-0.2600,0.9553,-0.1324,-0.0187,0.3480,Dark,Start Blue Sphere at Superior for 0.5s
32.7915,4.2425,5.1055,0.0000,0.0000,0.2265,-0.2386,0.9443,0.0494,-0.2429,0.9688,0.1408,-0.2598,0.9553,-0.1323,-0.0187,0.3481,Dark,Start Blue Sphere at Superior for 0.5s
32.8015,4.2357,5.0937,0.0000,0.0000,0.2263,-0.2383,0.9445,0.0495,-0.2426,0.9689,0.1407,-0.2594,0.9555,-0.1323,-0.0187,0.3481,Dark,Start Blue Sphere at Superior for 0.5s
32.8126,4.2235,5.0854,0.0000,0.0000,0.2264,-0.2381,0.9445,0.0499,-0.2423,0.9689,0.1410,-0.2591,0.9555,-0.1323,-0.0187,0.3481,Dark,Start Blue Sphere at Superior for 0.5s
32.8236,4.2045,5.0456,0.0000,0.0000,0.2261,-0.2375,0.9447,0.0502,-0.2417,0.9691,0.1410,-0.2585,0.9557,-0.1322,-0.0187,0.3482,Dark,Start Blue Sphere at Superior for 0.5s
32.8348,4.1969,5.0308,0.0000,0.0000,0.2262,-0.2371,0.9448,0.0505,-0.2413,0.9691,0.1412,-0.2581,0.9558,-0.1322,-0.0188,0.3482,Dark,Start Blue Sphere at Superior for 0.5s
32.8461,4.1793,5.0201,0.0000,0.0000,0.2263,-0.2368,0.9448,0.0509,-0.2409,0.9692,0.1414,-0.2577,0.9558,-0.1322,-0.0188,0.3482,Dark,Start Blue Sphere at Superior for 0.5s
32.8571,4.1517,4.9934,0.0000,0.0000,0.2267,-0.2364,0.9448,0.0518,-0.2405,0.9693,0.1420,-0.2572,0.9558,-0.1322,-0.0188,0.3483,Dark,Start Blue Sphere at Superior for 0.5s
32.8685,4.1410,4.9748,0.0000,0.0000,0.2268,-0.2365,0.9448,0.0521,-0.2405,0.9692,0.1423,-0.2573,0.9558,-0.1322,-0.0189,0.3483,Dark,Start Blue Sphere at Superior for 0.5s
32.8796,4.1297,4.9599,0.0000,0.0000,0.2273,-0.2366,0.9447,0.0527,-0.2407,0.9692,0.1428,-0.2574,0.9557,-0.1321,-0.0189,0.3483,Dark,Start Blue Sphere at Superior for 0.5s
32.8904,4.1156,4.9490,0.0000,0.0000,0.2270,-0.2369,0.9446,0.0526,-0.2410,0.9691,0.1426,-0.2577,0.9557,-0.1321,-0.0189,0.3484,Dark,Start Blue Sphere at Superior for 0.5s
32.9017,4.1110,4.9461,0.0000,0.0000,0.2276,-0.2367,0.9446,0.0532,-0.2408,0.9691,0.1432,-0.2574,0.9556,-0.1321,-0.0190,0.3484,Dark,Start Blue Sphere at Superior for 0.5s
32.9129,4.1024,4.9448,0.0000,0.0000,0.2280,-0.2366,0.9445,0.0538,-0.2407,0.9691,0.1437,-0.2573,0.9556,-0.1321,-0.0190,0.3484,Dark,Start Blue Sphere at Superior for 0.5s
32.9241,4.0885,4.9442,0.0000,0.0000,0.2286,-0.2359,0.9445,0.0545,-0.2400,0.9692,0.1443,-0.2567,0.9557,-0.1321,-0.0191,0.3485,Dark,Start Blue Sphere at Superior for 0.5s
32.9352,4.0830,4.9356,0.0000,0.0000,0.2292,-0.2354,0.9445,0.0550,-0.2395,0.9693,0.1449,-0.2561,0.9557,-0.1322,-0.0191,0.3486,Dark,Start Blue Sphere at Superior for 0.5s
32.9466,4.0743,4.9287,0.0000,0.0000,0.2293,-0.2349,0.9446,0.0551,-0.2390,0.9694,0.1450,-0.2557,0.9558,-0.1322,-0.0192,0.3486,Dark,Start Blue Sphere at Superior for 0.5s
32.9573,4.0689,4.9119,0.0000,0.0000,0.2298,-0.2344,0.9446,0.0556,-0.2386,0.9695,0.1455,-0.2552,0.9559,-0.1322,-0.0192,0.3486,Dark,Start Blue Sphere at Superior for 0.5s
32.9686,4.0703,4.9105,0.0000,0.0000,0.2301,-0.2340,0.9446,0.0559,-0.2382,0.9696,0.1458,-0.2548,0.9559,-0.1322,-0.0193,0.3487,Dark,Start Blue Sphere at Superior for 0.5s
32.9800,4.0796,4.9105,0.0000,0.0000,0.2305,-0.2336,0.9446,0.0563,-0.2378,0.9697,0.1463,-0.2544,0.9560,-0.1323,-0.0194,0.3487,Dark,Start Blue Sphere at Superior for 0.5s
32.9907,4.0849,4.9191,0.0000,0.0000,0.2309,-0.2326,0.9448,0.0566,-0.2368,0.9699,0.1466,-0.2534,0.9562,-0.1323,-0.0194,0.3488,Dark,Start Blue Sphere at Superior for 0.5s
33.0020,4.0815,4.9282,0.0000,0.0000,0.2311,-0.2321,0.9448,0.0566,-0.2364,0.9700,0.1467,-0.2530,0.9563,-0.1324,-0.0195,0.3488,Dark,Start Blue Sphere at Superior for 0.5s
33.0133,4.0758,4.9353,0.0000,0.0000,0.2312,-0.2316,0.9449,0.0566,-0.2359,0.9701,0.1468,-0.2525,0.9564,-0.1324,-0.0195,0.3489,Dark,Start Blue Sphere at Superior for 0.5s
33.0240,4.0692,4.9361,0.0000,0.0000,0.2322,-0.2313,0.9448,0.0573,-0.2356,0.9702,0.1477,-0.2522,0.9563,-0.1325,-0.0196,0.3490,Dark,Start Blue Sphere at Superior for 0.5s
33.0355,4.0691,4.9313,0.0000,0.0000,0.2334,-0.2309,0.9446,0.0587,-0.2352,0.9702,0.1490,-0.2518,0.9562,-0.1326,-0.0197,0.3490,Dark,Start Blue Sphere at Superior for 0.5s
33.0466,4.0725,4.9263,0.0000,0.0000,0.2347,-0.2305,0.9443,0.0598,-0.2349,0.9702,0.1502,-0.2515,0.9561,-0.1326,-0.0198,0.3491,Dark,Start Blue Sphere at Superior for 0.5s
33.0575,4.0970,4.9188,0.0000,0.0000,0.2363,-0.2295,0.9442,0.0626,-0.2340,0.9702,0.1524,-0.2504,0.9561,-0.1327,-0.0199,0.3491,Dark,Start Blue Sphere at Superior for 0.5s
33.0686,4.1147,4.9172,0.0000,0.0000,0.2352,-0.2300,0.9444,0.0619,-0.2345,0.9702,0.1515,-0.2508,0.9561,-0.1327,-0.0200,0.3491,Dark,Start Blue Sphere at Superior for 0.5s
33.0800,4.1232,4.9259,0.0000,0.0000,0.2368,-0.2292,0.9441,0.0649,-0.2338,0.9701,0.1538,-0.2500,0.9560,-0.1328,-0.0200,0.3491,Dark,Start Blue Sphere at Superior for 0.5s
33.0912,4.1377,4.9293,0.0000,0.0000,0.2379,-0.2292,0.9439,0.0667,-0.2338,0.9700,0.1552,-0.2499,0.9557,-0.1328,-0.0201,0.3491,Dark,Start Blue Sphere at Superior for 0.5s
33.1024,4.1480,4.9318,0.0000,0.0000,0.2378,-0.2295,0.9438,0.0672,-0.2342,0.9699,0.1554,-0.2502,0.9556,-0.1328,-0.0203,0.3491,Dark,Start Blue Sphere at Superior for 0.5s
33.1135,4.1571,4.9565,0.0000,0.0000,0.2390,-0.2291,0.9436,0.0697,-0.2338,0.9698,0.1572,-0.2497,0.9555,-0.1329,-0.0203,0.3491,Dark,Start Blue Sphere at Superior for 0.5s
33.1243,4.1874,4.9683,0.0000,0.0000,0.2380,-0.2294,0.9438,0.0697,-0.2340,0.9697,0.1567,-0.2498,0.9555,-0.1329,-0.0204,0.3491,Dark,Start Blue Sphere at Superior for 0.5s
33.1356,4.2125,4.9775,0.0000,0.0000,0.2391,-0.2294,0.9435,0.0718,-0.2342,0.9695,0.1583,-0.2498,0.9553,-0.1329,-0.0205,0.3491,Dark,Start Blue Sphere at Superior for 0.5s
33.1470,4.2338,4.9852,0.0000,0.0000,0.2276,-0.2276,0.9468,0.0579,-0.2318,0.9710,0.1455,-0.2479,0.9578,-0.1329,-0.0205,0.3491,Dark,Start Blue Sphere at Superior for 0.5s
33.1578,4.2349,4.9943,0.0000,0.0000,0.2048,-0.2292,0.9516,0.0314,-0.2325,0.9721,0.1207,-0.2493,0.9609,-0.1329,-0.0206,0.3491,Dark,Start Blue Sphere at Superior for 0.5s
33.1690,4.2363,5.0016,0.0000,0.0000,0.2008,-0.2296,0.9524,0.0267,-0.2328,0.9722,0.1163,-0.2497,0.9613,-0.1329,-0.0207,0.3490,Dark,Start Blue Sphere at Superior for 0.5s
33.1805,4.2467,5.0118,0.0000,0.0000,0.1828,-0.2322,0.9553,0.0053,-0.2347,0.9721,0.0964,-0.2523,0.9628,-0.1328,-0.0207,0.3490,Dark,Stop Blue Sphere at Superior
33.1915,4.2581,5.0158,0.0000,0.0000,0.1793,-0.2338,0.9556,0.0004,-0.2362,0.9717,0.0922,-0.2539,0.9628,-0.1328,-0.0208,0.3490,Dark,Stop Blue Sphere at Superior
33.2026,4.2671,5.0182,0.0000,0.0000,0.1745,-0.2348,0.9562,-0.0054,-0.2371,0.9715,0.0868,-0.2550,0.9630,-0.1327,-0.0208,0.3490,Dark,Stop Blue Sphere at Superior
33.2137,4.2826,5.0484,0.0000,0.0000,0.1718,-0.2365,0.9563,-0.0100,-0.2386,0.9711,0.0831,-0.2568,0.9629,-0.1327,-0.0209,0.3489,Dark,Stop Blue Sphere at Superior
33.2246,4.2886,5.0684,0.0000,0.0000,0.1743,-0.2369,0.9558,-0.0081,-0.2392,0.9709,0.0853,-0.2574,0.9625,-0.1327,-0.0209,0.3489,Dark,Stop Blue Sphere at Superior
33.2358,4.2937,5.0840,0.0000,0.0000,0.1723,-0.2374,0.9560,-0.0109,-0.2396,0.9708,0.0830,-0.2579,0.9626,-0.1327,-0.0209,0.3489,Dark,Stop Blue Sphere at Superior
33.2474,4.3179,5.1127,0.0000,0.0000,0.1760,-0.2378,0.9553,-0.0084,-0.2401,0.9707,0.0861,-0.2585,0.9622,-0.1326,-0.0209,0.3489,Dark,Stop Blue Sphere at Superior
33.2582,4.3340,5.1296,0.0000,0.0000,0.1775,-0.2377,0.9550,-0.0075,-0.2400,0.9707,0.0873,-0.2585,0.9621,-0.1326,-0.0209,0.3489,Dark,Stop Blue Sphere at Superior
33.2697,4.3509,5.1424,0.0000,0.0000,0.1775,-0.2378,0.9550,-0.0083,-0.2401,0.9707,0.0869,-0.2587,0.9620,-0.1326,-0.0209,0.3489,Dark,Stop Blue Sphere at Superior
33.2805,4.3780,5.1641,0.0000,0.0000,0.1786,-0.2382,0.9547,-0.0085,-0.2405,0.9706,0.0874,-0.2592,0.9618,-0.1326,-0.0209,0.3489,Dark,
33.2914,4.3875,5.1759,0.0000,0.0000,0.1785,-0.2387,0.9546,-0.0092,-0.2410,0.9705,0.0870,-0.2598,0.9617,-0.1326,-0.0209,0.3489,Dark,
33.3028,4.4052,5.1844,0.0000,0.0000,0.1779,-0.2393,0.9545,-0.0103,-0.2415,0.9703,0.0862,-0.2604,0.9616,-0.1327,-0.0209,0.3489,Dark,
33.3140,4.4322,5.2168,0.0000,0.0000,0.1771,-0.2402,0.9544,-0.0124,-0.2424,0.9701,0.0847,-0.2615,0.9615,-0.1327,-0.0209,0.3490,Dark,
33.3248,4.4419,5.2378,0.0000,0.0000,0.1765,-0.2406,0.9544,-0.0135,-0.2428,0.9700,0.0838,-0.2619,0.9615,-0.1327,-0.0209,0.3490,Dark,
33.3360,4.4506,5.2540,0.0000,0.0000,0.1764,-0.2410,0.9544,-0.0141,-0.2431,0.9699,0.0835,-0.2623,0.9614,-0.1328,-0.0210,0.3490,Dark,
33.3477,4.4647,5.2736,0.0000,0.0000,0.1756,-0.2420,0.9542,-0.0159,-0.2441,0.9696,0.0822,-0.2635,0.9612,-0.1328,-0.0210,0.3490,Dark,
33.3585,4.4712,5.2947,0.0000,0.0000,0.1755,-0.2424,0.9542,-0.0165,-0.2446,0.9695,0.0819,-0.2639,0.9611,-0.1329,-0.0210,0.3490,Dark,
33.3697,4.4946,5.3310,0.0000,0.0000,0.1754,-0.2426,0.9541,-0.0174,-0.2448,0.9694,0.0814,-0.2642,0.9610,-0.1329,-0.0211,0.3491,Dark,
33.3810,4.5029,5.3466,0.0000,0.0000,0.1754,-0.2426,0.9541,-0.0178,-0.2448,0.9694,0.0812,-0.2642,0.9610,-0.1330,-0.0212,0.3491,Dark,
33.3918,4.5087,5.3536,0.0000,0.0000,0.1756,-0.2425,0.9541,-0.0179,-0.2447,0.9694,0.0813,-0.2642,0.9610,-0.1330,-0.0212,0.3491,Dark,
33.4030,4.5280,5.3576,0.0000,0.0000,0.1744,-0.2433,0.9541,-0.0198,-0.2455,0.9692,0.0797,-0.2650,0.9609,-0.1331,-0.0212,0.3491,Dark,
33.4145,4.5345,5.3574,0.0000,0.0000,0.1739,-0.2437,0.9541,-0.0206,-0.2459,0.9691,0.0790,-0.2655,0.9609,-0.1331,-0.0212,0.3492,Dark,
33.4253,4.5394,5.3716,0.0000,0.0000,0.1739,-0.2439,0.9541,-0.0209,-0.2461,0.9690,0.0789,-0.2657,0.9608,-0.1332,-0.0213,0.3492,Dark,
33.4363,4.5504,5.3838,0.0000,0.0000,0.1739,-0.2437,0.9541,-0.0212,-0.2460,0.9690,0.0787,-0.2656,0.9609,-0.1332,-0.0213,0.3492,Dark,
33.4479,4.5608,5.3904,0.0000,0.0000,0.1739,-0.2437,0.9541,-0.0216,-0.2459,0.9690,0.0786,-0.2656,0.9609,-0.1333,-0.0213,0.3492,Dark,
33.4591,4.5621,5.3849,0.0000,0.0000,0.1739,-0.2438,0.9541,-0.0219,-0.2461,0.9690,0.0785,-0.2658,0.9608,-0.1333,-0.0213,0.3493,Dark,
33.4700,4.5525,5.3789,0.0000,0.0000,0.1738,-0.2439,0.9541,-0.0222,-0.2462,0.9690,0.0782,-0.2659,0.9608,-0.1334,-0.0214,0.3493,Dark,
33.4811,4.5225,5.3557,0.0000,0.0000,0.1739,-0.2441,0.9540,-0.0224,-0.2464,0.9689,0.0782,-0.2661,0.9608,-0.1334,-0.0214,0.3493,Dark,
33.4919,4.5057,5.3391,0.0000,0.0000,0.1743,-0.2441,0.9539,-0.0222,-0.2465,0.9689,0.0785,-0.2662,0.9607,-0.1335,-0.0214,0.3493,Dark,
33.5031,4.4742,5.2924,0.0000,0.0000,0.1746,-0.2443,0.9539,-0.0220,-0.2466,0.9689,0.0788,-0.2664,0.9606,-0.1335,-0.0215,0.3494,Dark,
33.5146,4.4626,5.2655,0.0000,0.0000,0.1748,-0.2441,0.9539,-0.0220,-0.2465,0.9689,0.0789,-0.2663,0.9607,-0.1336,-0.0215,0.3494,Dark,
33.5255,4.4548,5.2304,0.0000,0.0000,0.1750,-0.2439,0.9539,-0.0218,-0.2463,0.9689,0.0790,-0.2661,0.9607,-0.1337,-0.0215,0.3494,Dark,
33.5366,4.4233,5.2037,0.0000,0.0000,0.1748,-0.2442,0.9538,-0.0220,-0.2466,0.9689,0.0789,-0.2663,0.9606,-0.1337,-0.0216,0.3495,Dark,
33.5480,4.3673,5.1624,0.0000,0.0000,0.1745,-0.2441,0.9539,-0.0224,-0.2466,0.9689,0.0785,-0.2664,0.9607,-0.1338,-0.0216,0.3495,Dark,
33.5590,4.3437,5.1426,0.0000,0.0000,0.1742,-0.2439,0.9540,-0.0227,-0.2464,0.9689,0.0782,-0.2661,0.9608,-0.1338,-0.0216,0.3495,Dark,
33.5708,4.2956,5.1002,0.0000,0.0000,0.1740,-0.2437,0.9541,-0.0231,-0.2462,0.9689,0.0779,-0.2659,0.9608,-0.1339,-0.0216,0.3496,Dark,
33.5816,4.2833,5.0782,0.0000,0.0000,0.1739,-0.2437,0.9541,-0.0232,-0.2462,0.9689,0.0778,-0.2659,0.9608,-0.1340,-0.0217,0.3496,Dark,
33.5924,4.2750,5.0554,0.0000,0.0000,0.1736,-0.2437,0.9542,-0.0235,-0.2463,0.9689,0.0775,-0.2660,0.9609,-0.1340,-0.0217,0.3496,Dark,
33.6034,4.2639,5.0386,0.0000,0.0000,0.1732,-0.2438,0.9542,-0.0240,-0.2463,0.9689,0.0771,-0.2661,0.9609,-0.1341,-0.0218,0.3496,Dark,
33.6149,4.2204,4.9897,0.0000,0.0000,0.1719,-0.2439,0.9544,-0.0253,-0.2464,0.9688,0.0757,-0.2661,0.9610,-0.1341,-0.0218,0.3496,Dark,
33.6261,4.1911,4.9646,0.0000,0.0000,0.1711,-0.2439,0.9546,-0.0262,-0.2464,0.9688,0.0749,-0.2662,0.9610,-0.1342,-0.0218,0.3497,Dark,
33.6369,4.1748,4.9454,0.0000,0.0000,0.1700,-0.2442,0.9547,-0.0274,-0.2466,0.9687,0.0737,-0.2664,0.9610,-0.1342,-0.0219,0.3497,Dark,
33.6493,4.1514,4.9008,0.0000,0.0000,0.1689,-0.2444,0.9549,-0.0284,-0.2467,0.9687,0.0727,-0.2666,0.9611,-0.1343,-0.0218,0.3497,Dark,
33.6603,4.1443,4.8871,0.0000,0.0000,0.1680,-0.2445,0.9550,-0.0294,-0.2468,0.9686,0.0717,-0.2667,0.9611,-0.1343,-0.0219,0.3498,Dark,
33.6704,4.1356,4.8777,0.0000,0.0000,0.1674,-0.2447,0.9550,-0.0300,-0.2470,0.9685,0.0711,-0.2669,0.9611,-0.1344,-0.0220,0.3498,Dark,
33.6825,4.1091,4.8410,0.0000,0.0000,0.1665,-0.2452,0.9551,-0.0307,-0.2475,0.9684,0.0703,-0.2673,0.9610,-0.1344,-0.0220,0.3498,Dark,
33.6926,4.0945,4.8301,0.0000,0.0000,0.1660,-0.2458,0.9550,-0.0312,-0.2480,0.9683,0.0698,-0.2679,0.9609,-0.1344,-0.0220,0.3498,Dark,
33.7036,4.0758,4.8131,0.0000,0.0000,0.1656,-0.2464,0.9549,-0.0314,-0.2486,0.9681,0.0694,-0.2684,0.9608,-0.1344,-0.0221,0.3498,Dark,
33.7151,4.0510,4.7837,0.0000,0.0000,0.1649,-0.2470,0.9549,-0.0318,-0.2492,0.9679,0.0689,-0.2690,0.9607,-0.1344,-0.0221,0.3498,Dark,
33.7259,4.0440,4.7786,0.0000,0.0000,0.1648,-0.2473,0.9548,-0.0318,-0.2495,0.9678,0.0689,-0.2693,0.9606,-0.1344,-0.0222,0.3498,Dark,
33.7369,4.0370,4.7753,0.0000,0.0000,0.1647,-0.2477,0.9547,-0.0317,-0.2499,0.9678,0.0689,-0.2696,0.9605,-0.1344,-0.0222,0.3498,Dark,
33.7481,4.0305,4.7647,0.0000,0.0000,0.1639,-0.2482,0.9547,-0.0321,-0.2504,0.9676,0.0682,-0.2702,0.9604,-0.1344,-0.0222,0.3498,Dark,
33.7596,4.0295,4.7576,0.0000,0.0000,0.1637,-0.2485,0.9547,-0.0322,-0.2508,0.9675,0.0681,-0.2705,0.9603,-0.1344,-0.0223,0.3498,Dark,
33.7704,4.0169,4.7480,0.0000,0.0000,0.1630,-0.2485,0.9548,-0.0325,-0.2507,0.9675,0.0676,-0.2704,0.9604,-0.1344,-0.0223,0.3498,Dark,
33.7815,4.0123,4.7457,0.0000,0.0000,0.1628,-0.2484,0.9549,-0.0325,-0.2506,0.9675,0.0675,-0.2703,0.9604,-0.1344,-0.0223,0.3498,Dark,
33.7925,4.0086,4.7449,0.0000,0.0000,0.1625,-0.2486,0.9549,-0.0325,-0.2508,0.9675,0.0673,-0.2704,0.9604,-0.1344,-0.0223,0.3498,Dark,
33.8038,4.0054,4.7417,0.0000,0.0000,0.1628,-0.2480,0.9550,-0.0317,-0.2502,0.9677,0.0678,-0.2697,0.9605,-0.1344,-0.0223,0.3498,Dark,
33.8152,4.0058,4.7439,0.0000,0.0000,0.1622,-0.2481,0.9551,-0.0321,-0.2502,0.9676,0.0673,-0.2698,0.9606,-0.1344,-0.0223,0.3499,Dark,
33.8263,4.0137,4.7458,0.0000,0.0000,0.1622,-0.2477,0.9552,-0.0319,-0.2499,0.9678,0.0674,-0.2694,0.9607,-0.1344,-0.0223,0.3499,Dark,
33.8371,4.0121,4.7409,0.0000,0.0000,0.1627,-0.2472,0.9552,-0.0308,-0.2494,0.9679,0.0682,-0.2688,0.9608,-0.1344,-0.0223,0.3499,Dark,
33.8484,4.0141,4.7434,0.0000,0.0000,0.1626,-0.2470,0.9553,-0.0308,-0.2493,0.9679,0.0682,-0.2687,0.9608,-0.1344,-0.0223,0.3498,Dark,
33.8596,4.0155,4.7359,0.0000,0.0000,0.1625,-0.2470,0.9553,-0.0306,-0.2493,0.9679,0.0682,-0.2686,0.9608,-0.1345,-0.0223,0.3498,Dark,
33.8708,4.0367,4.7394,0.0000,0.0000,0.1608,-0.2477,0.9554,-0.0321,-0.2499,0.9677,0.0666,-0.2693,0.9608,-0.1345,-0.0224,0.3498,Dark,
33.8817,4.0481,4.7482,0.0000,0.0000,0.1590,-0.2485,0.9555,-0.0338,-0.2507,0.9675,0.0648,-0.2701,0.9607,-0.1345,-0.0224,0.3498,Dark,
33.8930,4.0567,4.7545,0.0000,0.0000,0.1605,-0.2479,0.9554,-0.0320,-0.2501,0.9677,0.0664,-0.2694,0.9607,-0.1345,-0.0224,0.3498,Dark,
33.9041,4.0478,4.7565,0.0000,0.0000,0.1576,-0.2495,0.9555,-0.0348,-0.2516,0.9672,0.0636,-0.2710,0.9605,-0.1345,-0.0224,0.3498,Dark,
33.9154,4.0423,4.7572,0.0000,0.0000,0.1559,-0.2506,0.9555,-0.0365,-0.2526,0.9669,0.0618,-0.2720,0.9603,-0.1345,-0.0224,0.3498,Dark,
33.9270,4.0543,4.7629,0.0000,0.0000,0.1510,-0.2534,0.9555,-0.0415,-0.2552,0.9660,0.0568,-0.2747,0.9598,-0.1345,-0.0224,0.3498,Dark,
33.9378,4.0922,4.7725,0.0000,0.0000,0.1507,-0.2535,0.9555,-0.0417,-0.2553,0.9660,0.0565,-0.2748,0.9598,-0.1344,-0.0224,0.3498,Dark,
33.9486,4.1070,4.7741,0.0000,0.0000,0.1486,-0.2546,0.9556,-0.0438,-0.2563,0.9656,0.0544,-0.2758,0.9597,-0.1344,-0.0224,0.3498,Dark,
33.9596,4.1122,4.7818,0.0000,0.0000,0.1454,-0.2563,0.9556,-0.0471,-0.2579,0.9650,0.0512,-0.2775,0.9594,-0.1344,-0.0224,0.3498,Dark,
33.9710,4.1241,4.7910,0.0000,0.0000,0.1437,-0.2571,0.9556,-0.0486,-0.2587,0.9647,0.0495,-0.2782,0.9592,-0.1344,-0.0224,0.3498,Dark,
33.9821,4.1369,4.8019,0.0000,0.0000,0.1428,-0.2575,0.9557,-0.0495,-0.2590,0.9646,0.0486,-0.2786,0.9592,-0.1344,-0.0224,0.3498,Dark,
33.9932,4.1477,4.8107,0.0000,0.0000,0.1420,-0.2582,0.9556,-0.0502,-0.2598,0.9644,0.0478,-0.2793,0.9590,-0.1344,-0.0225,0.3498,Dark,
34.0043,4.1541,4.8304,0.0000,0.0000,0.1394,-0.2596,0.9556,-0.0528,-0.2610,0.9639,0.0452,-0.2806,0.9587,-0.1344,-0.0225,0.3498,Dark,
34.0154,4.1546,4.8361,0.0000,0.0000,0.1384,-0.2601,0.9556,-0.0537,-0.2615,0.9637,0.0443,-0.2812,0.9586,-0.1344,-0.0225,0.3498,Dark,
34.0266,4.1660,4.8398,0.0000,0.0000,0.1383,-0.2605,0.9555,-0.0538,-0.2619,0.9636,0.0441,-0.2815,0.9585,-0.1344,-0.0226,0.3499,Dark,
34.0377,4.2062,4.8619,0.0000,0.0000,0.1397,-0.2598,0.9555,-0.0522,-0.2612,0.9639,0.0456,-0.2808,0.9587,-0.1344,-0.0226,0.3499,Dark,
34.0494,4.2211,4.8717,0.0000,0.0000,0.1403,-0.2596,0.9555,-0.0515,-0.2610,0.9640,0.0463,-0.2806,0.9587,-0.1344,-0.0226,0.3499,Dark,
34.0598,4.2230,4.8793,0.0000,0.0000,0.1399,-0.2599,0.9554,-0.0519,-0.2613,0.9638,0.0459,-0.2809,0.9586,-0.1344,-0.0227,0.3499,Dark,
34.0713,4.2345,4.8878,0.0000,0.0000,0.1382,-0.2606,0.9555,-0.0537,-0.2619,0.9636,0.0441,-0.2816,0.9585,-0.1344,-0.0227,0.3500,Dark,
34.0822,4.2435,4.9123,0.0000,0.0000,0.1373,-0.2610,0.9555,-0.0547,-0.2624,0.9634,0.0431,-0.2820,0.9584,-0.1344,-0.0227,0.3500,Dark,
34.0938,4.2610,4.9325,0.0000,0.0000,0.1361,-0.2616,0.9555,-0.0560,-0.2629,0.9632,0.0419,-0.2826,0.9583,-0.1344,-0.0227,0.3500,Dark,
34.1047,4.2909,4.9579,0.0000,0.0000,0.1334,-0.2628,0.9556,-0.0590,-0.2640,0.9627,0.0390,-0.2837,0.9581,-0.1344,-0.0228,0.3501,Dark,
34.1156,4.3012,4.9721,0.0000,0.0000,0.1320,-0.2637,0.9555,-0.0605,-0.2649,0.9624,0.0376,-0.2847,0.9579,-0.1344,-0.0228,0.3501,Dark,
34.1270,4.3098,4.9814,0.0000,0.0000,0.1308,-0.2646,0.9555,-0.0619,-0.2656,0.9621,0.0362,-0.2855,0.9577,-0.1344,-0.0229,0.3501,Dark,
34.1382,4.3263,5.0030,0.0000,0.0000,0.1302,-0.2649,0.9554,-0.0628,-0.2659,0.9619,0.0354,-0.2858,0.9576,-0.1343,-0.0230,0.3502,Dark,
34.1490,4.3346,5.0121,0.0000,0.0000,0.1318,-0.2646,0.9553,-0.0614,-0.2657,0.9621,0.0370,-0.2856,0.9576,-0.1343,-0.0230,0.3503,Dark,
34.1600,4.3466,5.0186,0.0000,0.0000,0.1334,-0.2645,0.9551,-0.0599,-0.2656,0.9622,0.0385,-0.2855,0.9576,-0.1342,-0.0231,0.3504,Dark,
34.1717,4.3668,5.0548,0.0000,0.0000,0.1355,-0.2636,0.9551,-0.0582,-0.2650,0.9625,0.0405,-0.2848,0.9577,-0.1342,-0.0232,0.3504,Dark,
34.1826,4.3747,5.0659,0.0000,0.0000,0.1373,-0.2630,0.9550,-0.0565,-0.2646,0.9627,0.0423,-0.2843,0.9578,-0.1341,-0.0232,0.3506,Dark,
34.1937,4.3798,5.0740,0.0000,0.0000,0.1390,-0.2624,0.9549,-0.0548,-0.2642,0.9629,0.0440,-0.2838,0.9579,-0.1340,-0.0233,0.3507,Dark,
34.2049,4.4044,5.0963,0.0000,0.0000,0.1419,-0.2612,0.9548,-0.0521,-0.2632,0.9633,0.0468,-0.2827,0.9581,-0.1340,-0.0233,0.3508,Dark,
34.2159,4.4215,5.1073,0.0000,0.0000,0.1432,-0.2611,0.9546,-0.0509,-0.2632,0.9634,0.0481,-0.2827,0.9580,-0.1339,-0.0233,0.3510,Dark,
34.2271,4.4424,5.1160,0.0000,0.0000,0.1441,-0.2610,0.9545,-0.0501,-0.2632,0.9634,0.0490,-0.2827,0.9580,-0.1339,-0.0234,0.3511,Dark,
34.2385,4.4738,5.1401,0.0000,0.0000,0.1459,-0.2605,0.9544,-0.0486,-0.2627,0.9636,0.0506,-0.2822,0.9580,-0.1338,-0.0235,0.3512,Dark,
34.2495,4.4838,5.1587,0.0000,0.0000,0.1466,-0.2605,0.9543,-0.0483,-0.2627,0.9637,0.0512,-0.2822,0.9580,-0.1337,-0.0236,0.3513,Dark,
34.2604,4.5299,5.1732,0.0000,0.0000,0.1460,-0.2602,0.9545,-0.0485,-0.2623,0.9638,0.0508,-0.2818,0.9581,-0.1337,-0.0237,0.3515,Dark,
34.2718,4.5854,5.1885,0.0000,0.0000,0.1298,-0.2579,0.9574,-0.0702,-0.2590,0.9633,0.0316,-0.2796,0.9596,-0.1336,-0.0238,0.3516,Dark,
34.2826,4.5978,5.1883,0.0000,0.0000,0.1078,-0.2612,0.9592,-0.0960,-0.2609,0.9606,0.0073,-0.2827,0.9592,-0.1335,-0.0239,0.3518,Dark,
34.2937,4.6033,5.1869,0.0000,0.0000,0.0956,-0.2632,0.9600,-0.1098,-0.2621,0.9588,-0.0058,-0.2844,0.9587,-0.1335,-0.0240,0.3519,Dark,
34.3052,4.5921,5.1768,0.0000,0.0000,0.0859,-0.2650,0.9604,-0.1228,-0.2632,0.9569,-0.0174,-0.2863,0.9580,-0.1334,-0.0241,0.3520,Dark,
34.3166,4.5835,5.1820,0.0000,0.0000,0.0834,-0.2663,0.9603,-0.1271,-0.2642,0.9561,-0.0209,-0.2876,0.9575,-0.1334,-0.0242,0.3522,Dark,
34.3273,4.5835,5.1869,0.0000,0.0000,0.0851,-0.2673,0.9599,-0.1271,-0.2651,0.9558,-0.0200,-0.2887,0.9572,-0.1333,-0.0243,0.3523,Dark,
34.3388,4.5829,5.1807,0.0000,0.0000,0.0832,-0.2685,0.9597,-0.1324,-0.2661,0.9548,-0.0237,-0.2903,0.9567,-0.1333,-0.0244,0.3524,Dark,
34.3497,4.5825,5.1828,0.0000,0.0000,0.0845,-0.2690,0.9594,-0.1327,-0.2666,0.9546,-0.0231,-0.2909,0.9565,-0.1332,-0.0245,0.3524,Dark,
34.3605,4.5867,5.1841,0.0000,0.0000,0.0880,-0.2690,0.9591,-0.1304,-0.2666,0.9549,-0.0202,-0.2910,0.9565,-0.1331,-0.0246,0.3525,Dark,
34.3722,4.5800,5.1802,0.0000,0.0000,0.0875,-0.2696,0.9590,-0.1331,-0.2671,0.9544,-0.0218,-0.2919,0.9562,-0.1331,-0.0248,0.3526,Dark,
34.3830,4.5718,5.1838,0.0000,0.0000,0.0900,-0.2695,0.9588,-0.1318,-0.2670,0.9546,-0.0199,-0.2919,0.9562,-0.1330,-0.0248,0.3526,Dark,
34.3939,4.5662,5.1866,0.0000,0.0000,0.0918,-0.2690,0.9587,-0.1311,-0.2665,0.9549,-0.0186,-0.2915,0.9564,-0.1330,-0.0249,0.3526,Dark,
34.4056,4.5453,5.2258,0.0000,0.0000,0.1099,-0.2646,0.9581,-0.1148,-0.2631,0.9579,-0.0010,-0.2878,0.9577,-0.1329,-0.0249,0.3526,Dark,
34.4162,4.5329,5.2299,0.0000,0.0000,0.1282,-0.2607,0.9569,-0.0950,-0.2603,0.9609,0.0184,-0.2843,0.9586,-0.1329,-0.0249,0.3526,Dark,
34.4274,4.5288,5.2317,0.0000,0.0000,0.1412,-0.2585,0.9556,-0.0821,-0.2588,0.9624,0.0316,-0.2825,0.9588,-0.1329,-0.0250,0.3526,Dark,
34.4387,4.5107,5.2137,0.0000,0.0000,0.1531,-0.2575,0.9541,-0.0677,-0.2585,0.9636,0.0450,-0.2816,0.9585,-0.1329,-0.0250,0.3527,Dark,
34.4514,4.4991,5.2073,0.0000,0.0000,0.1557,-0.2582,0.9535,-0.0638,-0.2593,0.9637,0.0483,-0.2822,0.9581,-0.1329,-0.0250,0.3526,Dark,
34.4609,4.4890,5.2036,0.0000,0.0000,0.1589,-0.2579,0.9530,-0.0600,-0.2593,0.9639,0.0518,-0.2820,0.9580,-0.1329,-0.0250,0.3526,Dark,
34.4721,4.4866,5.2016,0.0000,0.0000,0.1630,-0.2577,0.9524,-0.0543,-0.2592,0.9643,0.0568,-0.2816,0.9578,-0.1329,-0.0250,0.3526,Dark,
34.4832,4.4930,5.2042,0.0000,0.0000,0.1620,-0.2581,0.9524,-0.0546,-0.2595,0.9642,0.0561,-0.2819,0.9578,-0.1329,-0.0250,0.3526,Dark,
34.4941,4.4917,5.2061,0.0000,0.0000,0.1636,-0.2580,0.9522,-0.0525,-0.2595,0.9643,0.0580,-0.2818,0.9577,-0.1329,-0.0250,0.3525,Dark,
34.5057,4.4980,5.2166,0.0000,0.0000,0.1633,-0.2582,0.9522,-0.0521,-0.2597,0.9643,0.0580,-0.2819,0.9577,-0.1329,-0.0250,0.3525,Dark,
34.5165,4.5036,5.2243,0.0000,0.0000,0.1612,-0.2585,0.9525,-0.0539,-0.2598,0.9642,0.0560,-0.2821,0.9578,-0.1329,-0.0249,0.3524,Dark,
34.5275,4.5095,5.2302,0.0000,0.0000,0.1604,-0.2586,0.9526,-0.0545,-0.2598,0.9641,0.0553,-0.2821,0.9578,-0.1329,-0.0249,0.3524,Dark,
34.5390,4.5186,5.2422,0.0000,0.0000,0.1590,-0.2588,0.9527,-0.0556,-0.2600,0.9640,0.0540,-0.2823,0.9578,-0.1328,-0.0249,0.3523,Dark,
34.5502,4.5206,5.2473,0.0000,0.0000,0.1583,-0.2589,0.9528,-0.0561,-0.2601,0.9640,0.0534,-0.2824,0.9578,-0.1328,-0.0248,0.3523,Dark,
34.5610,4.5249,5.2508,0.0000,0.0000,0.1588,-0.2589,0.9528,-0.0553,-0.2600,0.9640,0.0540,-0.2823,0.9578,-0.1328,-0.0248,0.3522,Dark,
34.5726,4.5382,5.2735,0.0000,0.0000,0.1583,-0.2587,0.9529,-0.0556,-0.2597,0.9641,0.0536,-0.2820,0.9579,-0.1328,-0.0248,0.3522,Dark,
34.5834,4.5463,5.2770,0.0000,0.0000,0.1585,-0.2583,0.9530,-0.0552,-0.2594,0.9642,0.0539,-0.2817,0.9580,-0.1328,-0.0248,0.3521,Dark,
34.5946,4.5571,5.2791,0.0000,0.0000,0.1591,-0.2581,0.9529,-0.0546,-0.2592,0.9643,0.0545,-0.2814,0.9580,-0.1328,-0.0247,0.3521,Dark,
34.6058,4.5668,5.2723,0.0000,0.0000,0.1598,-0.2578,0.9529,-0.0536,-0.2590,0.9644,0.0554,-0.2812,0.9581,-0.1328,-0.0246,0.3518,Dark,
34.6169,4.5672,5.2827,0.0000,0.0000,0.1605,-0.2575,0.9528,-0.0528,-0.2588,0.9645,0.0562,-0.2809,0.9581,-0.1328,-0.0246,0.3518,Dark,
34.6278,4.5745,5.2920,0.0000,0.0000,0.1611,-0.2574,0.9528,-0.0522,-0.2587,0.9645,0.0567,-0.2808,0.9581,-0.1328,-0.0246,0.3517,Dark,
34.6393,4.5845,5.3172,0.0000,0.0000,0.1623,-0.2571,0.9526,-0.0509,-0.2586,0.9647,0.0581,-0.2806,0.9581,-0.1328,-0.0246,0.3516,Dark,
34.6505,4.5879,5.3311,0.0000,0.0000,0.1622,-0.2575,0.9526,-0.0510,-0.2589,0.9646,0.0579,-0.2809,0.9580,-0.1329,-0.0245,0.3514,Dark,
34.6613,4.6029,5.3407,0.0000,0.0000,0.1625,-0.2576,0.9525,-0.0508,-0.2590,0.9645,0.0582,-0.2810,0.9579,-0.1330,-0.0246,0.3513,Dark,
34.6740,4.6201,5.3677,0.0000,0.0000,0.1626,-0.2576,0.9525,-0.0508,-0.2590,0.9645,0.0583,-0.2811,0.9579,-0.1330,-0.0245,0.3513,Dark,
34.6839,4.6240,5.3783,0.0000,0.0000,0.1626,-0.2576,0.9525,-0.0508,-0.2590,0.9645,0.0582,-0.2811,0.9579,-0.1331,-0.0244,0.3512,Dark,
34.6949,4.6320,5.3859,0.0000,0.0000,0.1622,-0.2576,0.9526,-0.0513,-0.2591,0.9645,0.0578,-0.2811,0.9579,-0.1331,-0.0244,0.3511,Dark,
34.7061,4.6403,5.4041,0.0000,0.0000,0.1619,-0.2576,0.9526,-0.0517,-0.2591,0.9645,0.0575,-0.2811,0.9579,-0.1332,-0.0244,0.3511,Dark,
34.7177,4.6426,5.4109,0.0000,0.0000,0.1618,-0.2577,0.9526,-0.0514,-0.2593,0.9644,0.0576,-0.2813,0.9579,-0.1333,-0.0243,0.3510,Dark,
