timestamp_sec,left_pupil_mm,right_pupil_mm,left_blink,right_blink,left_gaze_x,left_gaze_y,left_gaze_z,right_gaze_x,right_gaze_y,right_gaze_z,combined_gaze_x,combined_gaze_y,combined_gaze_z,origin_x,origin_y,origin_z,light_condition,stimulus_event
0.0000,6.2138,7.4151,0.0000,0.0000,NaN,NaN,NaN,NaN,NaN,NaN,0.0000,0.0000,0.0000,0.0000,0.0000,0.0000,Dark,Experiment session started
0.0000,6.2300,7.4192,0.0000,0.0000,NaN,NaN,NaN,NaN,NaN,NaN,0.0000,0.0000,0.0000,0.0000,0.0000,0.0000,Dark,Experiment session started
0.0200,6.2333,7.4207,0.0000,0.0000,NaN,NaN,NaN,NaN,NaN,NaN,0.0000,0.0000,0.0000,0.0000,0.0000,0.0000,Dark,Experiment session started
0.0276,6.2351,7.4217,0.0000,0.0000,NaN,NaN,NaN,NaN,NaN,NaN,0.0000,0.0000,0.0000,0.0000,0.0000,0.0000,Dark,Experiment session started
0.0387,6.2396,7.4233,0.0000,0.0000,NaN,NaN,NaN,NaN,NaN,NaN,0.0000,0.0000,0.0000,0.0000,0.0000,0.0000,Dark,Experiment session started
0.0501,6.2426,7.4240,0.0000,0.0000,NaN,NaN,NaN,NaN,NaN,NaN,0.0000,0.0000,0.0000,0.0000,0.0000,0.0000,Dark,Experiment session started
0.0611,6.2480,7.4252,0.0000,0.0000,NaN,NaN,NaN,NaN,NaN,NaN,0.0000,0.0000,0.0000,0.0000,0.0000,0.0000,Dark,Experiment session started
0.0721,6.2498,7.4298,0.0000,0.0000,NaN,NaN,NaN,NaN,NaN,NaN,0.0000,0.0000,0.0000,0.0000,0.0000,0.0000,Dark,Experiment session started
0.0833,6.2532,7.4335,0.0000,0.0000,NaN,NaN,NaN,NaN,NaN,NaN,0.0000,0.0000,0.0000,0.0000,0.0000,0.0000,Dark,Experiment session started
0.0944,6.2467,7.4334,0.0000,0.0000,NaN,NaN,NaN,NaN,NaN,NaN,0.0000,0.0000,0.0000,0.0000,0.0000,0.0000,Dark,Experiment session started
0.1056,6.2439,7.4371,0.0000,0.0000,NaN,NaN,NaN,NaN,NaN,NaN,0.0000,0.0000,0.0000,0.0000,0.0000,0.0000,Dark,Experiment session started
0.1168,6.2498,7.4400,0.0000,0.0000,NaN,NaN,NaN,NaN,NaN,NaN,0.0000,0.0000,0.0000,0.0000,0.0000,0.0000,Dark,
0.1281,6.2594,7.4424,0.0000,0.0000,NaN,NaN,NaN,NaN,NaN,NaN,0.0000,0.0000,0.0000,0.0000,0.0000,0.0000,Dark,
0.1427,6.2635,7.4370,0.0000,0.0000,NaN,NaN,NaN,NaN,NaN,NaN,0.0000,0.0000,0.0000,0.0000,0.0000,0.0000,Dark,
0.1501,6.2699,7.4314,0.0000,0.0000,NaN,NaN,NaN,NaN,NaN,NaN,0.0000,0.0000,0.0000,0.0000,0.0000,0.0000,Dark,
0.1615,6.2759,7.4339,0.0000,0.0000,NaN,NaN,NaN,NaN,NaN,NaN,0.0000,0.0000,0.0000,0.0000,0.0000,0.0000,Dark,
0.1725,6.2771,7.4247,0.0000,0.0000,NaN,NaN,NaN,NaN,NaN,NaN,0.0000,0.0000,0.0000,0.0000,0.0000,0.0000,Dark,
0.1842,6.2826,7.4175,0.0000,0.0000,NaN,NaN,NaN,NaN,NaN,NaN,0.0000,0.0000,0.0000,0.0000,0.0000,0.0000,Dark,
0.1952,6.2873,7.4057,0.0000,0.0000,NaN,NaN,NaN,NaN,NaN,NaN,0.0000,0.0000,0.0000,0.0000,0.0000,0.0000,Dark,
0.2060,6.2875,7.4216,0.0000,0.0000,NaN,NaN,NaN,NaN,NaN,NaN,0.0000,0.0000,0.0000,0.0000,0.0000,0.0000,Dark,
0.2175,6.2911,7.4362,0.0000,0.0000,NaN,NaN,NaN,NaN,NaN,NaN,0.0000,0.0000,0.0000,0.0000,0.0000,0.0000,Dark,
0.2285,6.2973,7.4601,0.0000,0.0000,NaN,NaN,NaN,NaN,NaN,NaN,0.0000,0.0000,0.0000,0.0000,0.0000,0.0000,Dark,
0.2392,6.3005,7.4657,0.0000,0.0000,NaN,NaN,NaN,NaN,NaN,NaN,0.0000,0.0000,0.0000,0.0000,0.0000,0.0000,Dark,
0.2503,6.2904,7.4681,0.0000,0.0000,NaN,NaN,NaN,NaN,NaN,NaN,0.0000,0.0000,0.0000,0.0000,0.0000,0.0000,Dark,
0.2617,6.2880,7.4659,0.0000,0.0000,NaN,NaN,NaN,NaN,NaN,NaN,0.0000,0.0000,0.0000,0.0000,0.0000,0.0000,Dark,
0.2726,6.2939,7.4651,0.0000,0.0000,NaN,NaN,NaN,NaN,NaN,NaN,0.0000,0.0000,0.0000,0.0000,0.0000,0.0000,Dark,
0.2837,6.2946,7.4646,0.0000,0.0000,NaN,NaN,NaN,NaN,NaN,NaN,0.0000,0.0000,0.0000,0.0000,0.0000,0.0000,Dark,
0.2950,6.3051,7.4651,0.0000,0.0000,NaN,NaN,NaN,NaN,NaN,NaN,0.0000,0.0000,0.0000,0.0000,0.0000,0.0000,Dark,
0.3060,6.3116,7.4621,0.0000,0.0000,NaN,NaN,NaN,NaN,NaN,NaN,0.0000,0.0000,0.0000,0.0000,0.0000,0.0000,Dark,
0.3172,6.3081,7.4595,0.0000,0.0000,NaN,NaN,NaN,NaN,NaN,NaN,0.0000,0.0000,0.0000,0.0000,0.0000,0.0000,Dark,
0.3283,6.3038,7.4566,0.0000,0.0000,NaN,NaN,NaN,NaN,NaN,NaN,0.0000,0.0000,0.0000,0.0000,0.0000,0.0000,Dark,
0.3394,6.3021,7.4580,0.0000,0.0000,NaN,NaN,NaN,NaN,NaN,NaN,0.0000,0.0000,0.0000,0.0000,0.0000,0.0000,Dark,
0.3505,6.3113,7.4596,0.0000,0.0000,NaN,NaN,NaN,NaN,NaN,NaN,0.0000,0.0000,0.0000,0.0000,0.0000,0.0000,Dark,
0.3617,6.3227,7.4641,0.0000,0.0000,NaN,NaN,NaN,NaN,NaN,NaN,0.0000,0.0000,0.0000,0.0000,0.0000,0.0000,Dark,
0.3728,6.3246,7.4632,0.0000,0.0000,NaN,NaN,NaN,NaN,NaN,NaN,0.0000,0.0000,0.0000,0.0000,0.0000,0.0000,Dark,
0.3839,6.3039,7.4622,0.0000,0.0000,NaN,NaN,NaN,NaN,NaN,NaN,0.0000,0.0000,0.0000,0.0000,0.0000,0.0000,Dark,
0.3952,6.2984,7.4465,0.0000,0.0000,NaN,NaN,NaN,NaN,NaN,NaN,0.0000,0.0000,0.0000,0.0000,0.0000,0.0000,Dark,
0.4062,6.3108,7.4804,0.0000,0.0000,NaN,NaN,NaN,NaN,NaN,NaN,0.0000,0.0000,0.0000,0.0000,0.0000,0.0000,Dark,
0.4175,6.3518,7.5093,0.0000,0.0000,NaN,NaN,NaN,NaN,NaN,NaN,0.0000,0.0000,0.0000,0.0000,0.0000,0.0000,Dark,
0.4286,6.4211,7.5891,0.0000,0.0000,NaN,NaN,NaN,NaN,NaN,NaN,0.0000,0.0000,0.0000,0.0000,0.0000,0.0000,Dark,
0.4397,6.4448,7.6231,0.0000,0.0000,NaN,NaN,NaN,NaN,NaN,NaN,0.0000,0.0000,0.0000,0.0000,0.0000,0.0000,Dark,
0.4508,6.4604,7.6459,0.0000,0.0000,NaN,NaN,NaN,NaN,NaN,NaN,0.0000,0.0000,0.0000,0.0000,0.0000,0.0000,Dark,
0.4620,6.4844,7.6730,0.0000,0.0000,NaN,NaN,NaN,NaN,NaN,NaN,0.0000,0.0000,0.0000,0.0000,0.0000,0.0000,Dark,
0.4733,6.4957,7.6790,0.0000,0.0000,NaN,NaN,NaN,NaN,NaN,NaN,0.0000,0.0000,0.0000,0.0000,0.0000,0.0000,Dark,
0.4842,6.4970,7.6851,0.0000,0.0000,NaN,NaN,NaN,NaN,NaN,NaN,0.0000,0.0000,0.0000,0.0000,0.0000,0.0000,Dark,
0.4957,6.5025,7.6863,0.0000,0.0000,NaN,NaN,NaN,NaN,NaN,NaN,0.0000,0.0000,0.0000,0.0000,0.0000,0.0000,Dark,
0.5065,6.5063,7.6980,0.0000,0.0000,NaN,NaN,NaN,NaN,NaN,NaN,0.0000,0.0000,0.0000,0.0000,0.0000,0.0000,Dark,
0.5180,6.5264,7.7000,0.0000,0.0000,NaN,NaN,NaN,NaN,NaN,NaN,0.0000,0.0000,0.0000,0.0000,0.0000,0.0000,Dark,
0.5292,6.5289,7.6929,0.0000,0.0000,NaN,NaN,NaN,NaN,NaN,NaN,0.0000,0.0000,0.0000,0.0000,0.0000,0.0000,Dark,
0.5399,6.5298,7.6865,0.0000,0.0000,NaN,NaN,NaN,NaN,NaN,NaN,0.0000,0.0000,0.0000,0.0000,0.0000,0.0000,Dark,
0.5510,6.5338,7.6724,0.0000,0.0000,NaN,NaN,NaN,NaN,NaN,NaN,0.0000,0.0000,0.0000,0.0000,0.0000,0.0000,Dark,
0.5622,6.5317,7.6724,0.0000,0.0000,NaN,NaN,NaN,NaN,NaN,NaN,0.0000,0.0000,0.0000,0.0000,0.0000,0.0000,Dark,
0.5739,6.5305,7.6746,0.0000,0.0000,NaN,NaN,NaN,NaN,NaN,NaN,0.0000,0.0000,0.0000,0.0000,0.0000,0.0000,Dark,
0.5850,6.5388,7.6693,0.0000,0.0000,NaN,NaN,NaN,NaN,NaN,NaN,0.0000,0.0000,0.0000,0.0000,0.0000,0.0000,Dark,
0.5961,6.5459,7.6695,0.0000,0.0000,NaN,NaN,NaN,NaN,NaN,NaN,0.0000,0.0000,0.0000,0.0000,0.0000,0.0000,Dark,
0.6068,6.5394,7.6689,0.0000,0.0000,NaN,NaN,NaN,NaN,NaN,NaN,0.0000,0.0000,0.0000,0.0000,0.0000,0.0000,Dark,
0.6179,6.5298,7.6810,0.0000,0.0000,NaN,NaN,NaN,NaN,NaN,NaN,0.0000,0.0000,0.0000,0.0000,0.0000,0.0000,Dark,
0.6295,6.5262,7.6848,0.0000,0.0000,NaN,NaN,NaN,NaN,NaN,NaN,0.0000,0.0000,0.0000,0.0000,0.0000,0.0000,Dark,
0.6406,6.5250,7.6809,0.0000,0.0000,NaN,NaN,NaN,NaN,NaN,NaN,0.0000,0.0000,0.0000,0.0000,0.0000,0.0000,Dark,
0.6515,6.5183,7.6751,0.0000,0.0000,NaN,NaN,NaN,NaN,NaN,NaN,0.0000,0.0000,0.0000,0.0000,0.0000,0.0000,Dark,
0.6629,6.5125,7.6669,0.0000,0.0000,NaN,NaN,NaN,NaN,NaN,NaN,0.0000,0.0000,0.0000,0.0000,0.0000,0.0000,Dark,
0.6736,6.5203,7.6560,0.0000,0.0000,NaN,NaN,NaN,NaN,NaN,NaN,0.0000,0.0000,0.0000,0.0000,0.0000,0.0000,Dark,
0.6852,6.5172,7.6529,0.0000,0.0000,NaN,NaN,NaN,NaN,NaN,NaN,0.0000,0.0000,0.0000,0.0000,0.0000,0.0000,Dark,
0.6962,6.5151,7.6532,0.0000,0.0000,NaN,NaN,NaN,NaN,NaN,NaN,0.0000,0.0000,0.0000,0.0000,0.0000,0.0000,Dark,
0.7071,6.5221,7.6509,0.0000,0.0000,NaN,NaN,NaN,NaN,NaN,NaN,0.0000,0.0000,0.0000,0.0000,0.0000,0.0000,Dark,
0.7181,6.5298,7.6484,0.0000,0.0000,NaN,NaN,NaN,NaN,NaN,NaN,0.0000,0.0000,0.0000,0.0000,0.0000,0.0000,Dark,
0.7293,6.5367,7.6547,0.0000,0.0000,NaN,NaN,NaN,NaN,NaN,NaN,0.0000,0.0000,0.0000,0.0000,0.0000,0.0000,Dark,
0.7405,6.5394,7.6633,0.0000,0.0000,NaN,NaN,NaN,NaN,NaN,NaN,0.0000,0.0000,0.0000,0.0000,0.0000,0.0000,Dark,
0.7515,6.5399,7.6661,0.0000,0.0000,NaN,NaN,NaN,NaN,NaN,NaN,0.0000,0.0000,0.0000,0.0000,0.0000,0.0000,Dark,
0.7626,6.5398,7.6728,0.0000,0.0000,NaN,NaN,NaN,NaN,NaN,NaN,0.0000,0.0000,0.0000,0.0000,0.0000,0.0000,Dark,
0.7739,6.5182,7.6816,0.0000,0.0000,NaN,NaN,NaN,NaN,NaN,NaN,0.0000,0.0000,0.0000,0.0000,0.0000,0.0000,Dark,
0.7851,6.5126,7.6849,0.0000,0.0000,NaN,NaN,NaN,NaN,NaN,NaN,0.0000,0.0000,0.0000,0.0000,0.0000,0.0000,Dark,
0.7960,6.5084,7.6764,0.0000,0.0000,NaN,NaN,NaN,NaN,NaN,NaN,0.0000,0.0000,0.0000,0.0000,0.0000,0.0000,Dark,
0.8072,6.5166,7.6608,0.0000,0.0000,NaN,NaN,NaN,NaN,NaN,NaN,0.0000,0.0000,0.0000,0.0000,0.0000,0.0000,Dark,
0.8184,6.5139,7.6547,0.0000,0.0000,NaN,NaN,NaN,NaN,NaN,NaN,0.0000,0.0000,0.0000,0.0000,0.0000,0.0000,Dark,
0.8296,6.5111,7.6463,0.0000,0.0000,NaN,NaN,NaN,NaN,NaN,NaN,0.0000,0.0000,0.0000,0.0000,0.0000,0.0000,Dark,
0.8408,6.4664,7.6056,0.0000,0.0000,NaN,NaN,NaN,NaN,NaN,NaN,0.0000,0.0000,0.0000,0.0000,0.0000,0.0000,Dark,
0.8518,6.4258,7.5769,0.0000,0.0000,NaN,NaN,NaN,NaN,NaN,NaN,0.0000,0.0000,0.0000,0.0000,0.0000,0.0000,Dark,
0.8629,6.3939,7.5326,0.0000,0.0000,NaN,NaN,NaN,NaN,NaN,NaN,0.0000,0.0000,0.0000,0.0000,0.0000,0.0000,Dark,
0.8742,6.3968,7.4547,0.0000,0.0000,NaN,NaN,NaN,NaN,NaN,NaN,0.0000,0.0000,0.0000,0.0000,0.0000,0.0000,Dark,
0.8942,6.3093,7.3974,0.0000,0.0000,NaN,NaN,NaN,NaN,NaN,NaN,0.0000,0.0000,0.0000,0.0000,0.0000,0.0000,Dark,
0.9053,6.2798,7.3793,0.0000,0.0000,NaN,NaN,NaN,NaN,NaN,NaN,0.0000,0.0000,0.0000,0.0000,0.0000,0.0000,Dark,
0.9187,6.2191,7.3625,0.0000,0.0000,NaN,NaN,NaN,NaN,NaN,NaN,0.0000,0.0000,0.0000,0.0000,0.0000,0.0000,Dark,
0.9260,6.2427,7.3784,0.0000,0.0000,NaN,NaN,NaN,NaN,NaN,NaN,0.0000,0.0000,0.0000,0.0000,0.0000,0.0000,Dark,
0.9299,6.2427,7.3784,0.0000,0.0000,NaN,NaN,NaN,NaN,NaN,NaN,0.0000,0.0000,0.0000,0.0000,0.0000,0.0000,Dark,
0.9415,6.2705,7.4146,0.0000,0.0000,NaN,NaN,NaN,NaN,NaN,NaN,0.0000,0.0000,0.0000,0.0000,0.0000,0.0000,Dark,
0.9521,6.3230,7.4743,0.0000,0.0000,NaN,NaN,NaN,NaN,NaN,NaN,0.0000,0.0000,0.0000,0.0000,0.0000,0.0000,Dark,
0.9631,6.3537,7.4958,0.0000,0.0000,NaN,NaN,NaN,NaN,NaN,NaN,0.0000,0.0000,0.0000,0.0000,0.0000,0.0000,Dark,
0.9743,6.3761,7.5215,0.0000,0.0000,NaN,NaN,NaN,NaN,NaN,NaN,0.0000,0.0000,0.0000,0.0000,0.0000,0.0000,Dark,
0.9856,6.3998,7.5533,0.0000,0.0000,NaN,NaN,NaN,NaN,NaN,NaN,0.0000,0.0000,0.0000,0.0000,0.0000,0.0000,Dark,
0.9965,6.3821,7.5651,0.0000,0.0000,NaN,NaN,NaN,NaN,NaN,NaN,0.0000,0.0000,0.0000,0.0000,0.0000,0.0000,Dark,
1.0077,6.3474,7.5433,0.0000,0.0000,NaN,NaN,NaN,NaN,NaN,NaN,0.0000,0.0000,0.0000,0.0000,0.0000,0.0000,Dark,
1.0188,6.3332,7.5473,0.0000,0.0000,NaN,NaN,NaN,NaN,NaN,NaN,0.0000,0.0000,0.0000,0.0000,0.0000,0.0000,Dark,
1.0300,6.3300,7.5510,0.0000,0.0000,NaN,NaN,NaN,NaN,NaN,NaN,0.0000,0.0000,0.0000,0.0000,0.0000,0.0000,Dark,
1.0412,6.3319,7.5477,0.0000,0.0000,NaN,NaN,NaN,NaN,NaN,NaN,0.0000,0.0000,0.0000,0.0000,0.0000,0.0000,Dark,
1.0524,6.3334,7.5514,0.0000,0.0000,NaN,NaN,NaN,NaN,NaN,NaN,0.0000,0.0000,0.0000,0.0000,0.0000,0.0000,Dark,
1.0633,6.3465,7.5532,0.0000,0.0000,NaN,NaN,NaN,NaN,NaN,NaN,0.0000,0.0000,0.0000,0.0000,0.0000,0.0000,Dark,
1.0746,6.3671,7.5174,0.0000,0.0000,NaN,NaN,NaN,NaN,NaN,NaN,0.0000,0.0000,0.0000,0.0000,0.0000,0.0000,Dark,
1.0858,6.3753,7.5188,0.0000,0.0000,NaN,NaN,NaN,NaN,NaN,NaN,0.0000,0.0000,0.0000,0.0000,0.0000,0.0000,Dark,
1.0970,6.3732,7.5207,0.0000,0.0000,NaN,NaN,NaN,NaN,NaN,NaN,0.0000,0.0000,0.0000,0.0000,0.0000,0.0000,Dark,
1.1081,6.3752,7.5229,0.0000,0.0000,NaN,NaN,NaN,NaN,NaN,NaN,0.0000,0.0000,0.0000,0.0000,0.0000,0.0000,Dark,
1.1191,6.3796,7.5271,0.0000,0.0000,NaN,NaN,NaN,NaN,NaN,NaN,0.0000,0.0000,0.0000,0.0000,0.0000,0.0000,Dark,
1.1301,6.3784,7.5293,0.0000,0.0000,NaN,NaN,NaN,NaN,NaN,NaN,0.0000,0.0000,0.0000,0.0000,0.0000,0.0000,Dark,
1.1416,6.3761,7.5391,0.0000,0.0000,NaN,NaN,NaN,NaN,NaN,NaN,0.0000,0.0000,0.0000,0.0000,0.0000,0.0000,Dark,
1.1525,6.3740,7.5418,0.0000,0.0000,NaN,NaN,NaN,NaN,NaN,NaN,0.0000,0.0000,0.0000,0.0000,0.0000,0.0000,Dark,
1.1635,6.3788,7.5437,0.0000,0.0000,NaN,NaN,NaN,NaN,NaN,NaN,0.0000,0.0000,0.0000,0.0000,0.0000,0.0000,Dark,
1.1748,6.3854,7.5341,0.0000,0.0000,NaN,NaN,NaN,NaN,NaN,NaN,0.0000,0.0000,0.0000,0.0000,0.0000,0.0000,Dark,
1.1861,6.3869,7.5335,0.0000,0.0000,NaN,NaN,NaN,NaN,NaN,NaN,0.0000,0.0000,0.0000,0.0000,0.0000,0.0000,Dark,
1.1972,6.3766,7.5301,0.0000,0.0000,NaN,NaN,NaN,NaN,NaN,NaN,0.0000,0.0000,0.0000,0.0000,0.0000,0.0000,Dark,
1.2082,6.3717,7.5279,0.0000,0.0000,NaN,NaN,NaN,NaN,NaN,NaN,0.0000,0.0000,0.0000,0.0000,0.0000,0.0000,Dark,
1.2194,6.3620,7.5303,0.0000,0.0000,NaN,NaN,NaN,NaN,NaN,NaN,0.0000,0.0000,0.0000,0.0000,0.0000,0.0000,Dark,
1.2305,6.3424,7.5340,0.0000,0.0000,NaN,NaN,NaN,NaN,NaN,NaN,0.0000,0.0000,0.0000,0.0000,0.0000,0.0000,Dark,
1.2417,6.3429,7.5358,0.0000,0.0000,NaN,NaN,NaN,NaN,NaN,NaN,0.0000,0.0000,0.0000,0.0000,0.0000,0.0000,Dark,
1.2529,6.3441,7.5375,0.0000,0.0000,NaN,NaN,NaN,NaN,NaN,NaN,0.0000,0.0000,0.0000,0.0000,0.0000,0.0000,Dark,
1.2639,6.3354,7.5284,0.0000,0.0000,NaN,NaN,NaN,NaN,NaN,NaN,0.0000,0.0000,0.0000,0.0000,0.0000,0.0000,Dark,
1.2750,6.3328,7.5248,0.0000,0.0000,NaN,NaN,NaN,NaN,NaN,NaN,0.0000,0.0000,0.0000,0.0000,0.0000,0.0000,Dark,
1.2862,6.3280,7.5224,0.0000,0.0000,NaN,NaN,NaN,NaN,NaN,NaN,0.0000,0.0000,0.0000,0.0000,0.0000,0.0000,Dark,
1.2975,6.3164,7.5201,0.0000,0.0000,NaN,NaN,NaN,NaN,NaN,NaN,0.0000,0.0000,0.0000,0.0000,0.0000,0.0000,Dark,
1.3085,6.3136,7.5186,0.0000,0.0000,NaN,NaN,NaN,NaN,NaN,NaN,0.0000,0.0000,0.0000,0.0000,0.0000,0.0000,Dark,
1.3196,6.3262,7.5172,0.0000,0.0000,NaN,NaN,NaN,NaN,NaN,NaN,0.0000,0.0000,0.0000,0.0000,0.0000,0.0000,Dark,
1.3308,6.3562,7.5118,0.0000,0.0000,NaN,NaN,NaN,NaN,NaN,NaN,0.0000,0.0000,0.0000,0.0000,0.0000,0.0000,Dark,
1.3419,6.3715,7.5229,0.0000,0.0000,NaN,NaN,NaN,NaN,NaN,NaN,0.0000,0.0000,0.0000,0.0000,0.0000,0.0000,Dark,
1.3530,6.3876,7.5325,0.0000,0.0000,NaN,NaN,NaN,NaN,NaN,NaN,0.0000,0.0000,0.0000,0.0000,0.0000,0.0000,Dark,
1.3641,6.4081,7.5522,0.0000,0.0000,NaN,NaN,NaN,NaN,NaN,NaN,0.0000,0.0000,0.0000,0.0000,0.0000,0.0000,Dark,
1.3753,6.4146,7.5531,0.0000,0.0000,NaN,NaN,NaN,NaN,NaN,NaN,0.0000,0.0000,0.0000,0.0000,0.0000,0.0000,Dark,
1.3865,6.4212,7.5522,0.0000,0.0000,NaN,NaN,NaN,NaN,NaN,NaN,0.0000,0.0000,0.0000,0.0000,0.0000,0.0000,Dark,
1.3976,6.4272,7.5450,0.0000,0.0000,NaN,NaN,NaN,NaN,NaN,NaN,0.0000,0.0000,0.0000,0.0000,0.0000,0.0000,Dark,
1.4088,6.4277,7.5471,0.0000,0.0000,NaN,NaN,NaN,NaN,NaN,NaN,0.0000,0.0000,0.0000,0.0000,0.0000,0.0000,Dark,
1.4198,6.4352,7.5590,0.0000,0.0000,NaN,NaN,NaN,NaN,NaN,NaN,0.0000,0.0000,0.0000,0.0000,0.0000,0.0000,Dark,
1.4310,6.4348,7.5668,0.0000,0.0000,NaN,NaN,NaN,NaN,NaN,NaN,0.0000,0.0000,0.0000,0.0000,0.0000,0.0000,Dark,
1.4421,6.4344,7.5752,0.0000,0.0000,NaN,NaN,NaN,NaN,NaN,NaN,0.0000,0.0000,0.0000,0.0000,0.0000,0.0000,Dark,
1.4533,6.4328,7.5886,0.0000,0.0000,NaN,NaN,NaN,NaN,NaN,NaN,0.0000,0.0000,0.0000,0.0000,0.0000,0.0000,Dark,
1.4645,6.4353,7.5938,0.0000,0.0000,NaN,NaN,NaN,NaN,NaN,NaN,0.0000,0.0000,0.0000,0.0000,0.0000,0.0000,Dark,
1.4755,6.4377,7.5904,0.0000,0.0000,NaN,NaN,NaN,NaN,NaN,NaN,0.0000,0.0000,0.0000,0.0000,0.0000,0.0000,Dark,
1.4866,6.4328,7.5871,0.0000,0.0000,NaN,NaN,NaN,NaN,NaN,NaN,0.0000,0.0000,0.0000,0.0000,0.0000,0.0000,Dark,
1.4980,6.4248,7.5812,0.0000,0.0000,NaN,NaN,NaN,NaN,NaN,NaN,0.0000,0.0000,0.0000,0.0000,0.0000,0.0000,Dark,
1.5092,6.4216,7.5812,0.0000,0.0000,NaN,NaN,NaN,NaN,NaN,NaN,0.0000,0.0000,0.0000,0.0000,0.0000,0.0000,Dark,
1.5201,6.4366,7.5800,0.0000,0.0000,NaN,NaN,NaN,NaN,NaN,NaN,0.0000,0.0000,0.0000,0.0000,0.0000,0.0000,Dark,
1.5315,6.4485,7.5784,0.0000,0.0000,NaN,NaN,NaN,NaN,NaN,NaN,0.0000,0.0000,0.0000,0.0000,0.0000,0.0000,Dark,
1.5423,6.4578,7.5816,0.0000,0.0000,NaN,NaN,NaN,NaN,NaN,NaN,0.0000,0.0000,0.0000,0.0000,0.0000,0.0000,Dark,
1.5536,6.4601,7.5842,0.0000,0.0000,NaN,NaN,NaN,NaN,NaN,NaN,0.0000,0.0000,0.0000,0.0000,0.0000,0.0000,Dark,
1.5654,6.4558,7.5891,0.0000,0.0000,NaN,NaN,NaN,NaN,NaN,NaN,0.0000,0.0000,0.0000,0.0000,0.0000,0.0000,Dark,
1.5761,6.4515,7.5949,0.0000,0.0000,NaN,NaN,NaN,NaN,NaN,NaN,0.0000,0.0000,0.0000,0.0000,0.0000,0.0000,Dark,
1.5874,6.4222,7.5960,0.0000,0.0000,NaN,NaN,NaN,NaN,NaN,NaN,0.0000,0.0000,0.0000,0.0000,0.0000,0.0000,Dark,
1.5981,6.4326,7.5931,0.0000,0.0000,NaN,NaN,NaN,NaN,NaN,NaN,0.0000,0.0000,0.0000,0.0000,0.0000,0.0000,Dark,
1.6092,6.4424,7.5928,0.0000,0.0000,NaN,NaN,NaN,NaN,NaN,NaN,0.0000,0.0000,0.0000,0.0000,0.0000,0.0000,Dark,
1.6204,6.4410,7.5979,0.0000,0.0000,NaN,NaN,NaN,NaN,NaN,NaN,0.0000,0.0000,0.0000,0.0000,0.0000,0.0000,Dark,
1.6317,6.4458,7.6029,0.0000,0.0000,NaN,NaN,NaN,NaN,NaN,NaN,0.0000,0.0000,0.0000,0.0000,0.0000,0.0000,Dark,
1.6426,6.4482,7.5973,0.0000,0.0000,NaN,NaN,NaN,NaN,NaN,NaN,0.0000,0.0000,0.0000,0.0000,0.0000,0.0000,Dark,
1.6537,6.4294,7.5926,0.0000,0.0000,NaN,NaN,NaN,NaN,NaN,NaN,0.0000,0.0000,0.0000,0.0000,0.0000,0.0000,Dark,
1.6650,6.4382,7.5929,0.0000,0.0000,NaN,NaN,NaN,NaN,NaN,NaN,0.0000,0.0000,0.0000,0.0000,0.0000,0.0000,Dark,
1.6760,6.4456,7.5967,0.0000,0.0000,NaN,NaN,NaN,NaN,NaN,NaN,0.0000,0.0000,0.0000,0.0000,0.0000,0.0000,Dark,
1.6871,6.4620,7.6041,0.0000,0.0000,NaN,NaN,NaN,NaN,NaN,NaN,0.0000,0.0000,0.0000,0.0000,0.0000,0.0000,Dark,
1.6986,6.4642,7.6061,0.0000,0.0000,NaN,NaN,NaN,NaN,NaN,NaN,0.0000,0.0000,0.0000,0.0000,0.0000,0.0000,Dark,
1.7095,6.4644,7.6039,0.0000,0.0000,NaN,NaN,NaN,NaN,NaN,NaN,0.0000,0.0000,0.0000,0.0000,0.0000,0.0000,Dark,
1.7205,6.4455,7.6044,0.0000,0.0000,NaN,NaN,NaN,NaN,NaN,NaN,0.0000,0.0000,0.0000,0.0000,0.0000,0.0000,Dark,
1.7317,6.4388,7.6069,0.0000,0.0000,NaN,NaN,NaN,NaN,NaN,NaN,0.0000,0.0000,0.0000,0.0000,0.0000,0.0000,Dark,
1.7428,6.4341,7.6063,0.0000,0.0000,NaN,NaN,NaN,NaN,NaN,NaN,0.0000,0.0000,0.0000,0.0000,0.0000,0.0000,Dark,
1.7540,6.4409,7.6039,0.0000,0.0000,NaN,NaN,NaN,NaN,NaN,NaN,0.0000,0.0000,0.0000,0.0000,0.0000,0.0000,Dark,
1.7654,6.4358,7.6019,0.0000,0.0000,NaN,NaN,NaN,NaN,NaN,NaN,0.0000,0.0000,0.0000,0.0000,0.0000,0.0000,Dark,
1.7763,6.4312,7.6092,0.0000,0.0000,NaN,NaN,NaN,NaN,NaN,NaN,0.0000,0.0000,0.0000,0.0000,0.0000,0.0000,Dark,
1.7874,6.4189,7.6122,0.0000,0.0000,NaN,NaN,NaN,NaN,NaN,NaN,0.0000,0.0000,0.0000,0.0000,0.0000,0.0000,Dark,
1.7985,6.4133,7.6089,0.0000,0.0000,NaN,NaN,NaN,NaN,NaN,NaN,0.0000,0.0000,0.0000,0.0000,0.0000,0.0000,Dark,
1.8097,6.4084,7.6028,0.0000,0.0000,NaN,NaN,NaN,NaN,NaN,NaN,0.0000,0.0000,0.0000,0.0000,0.0000,0.0000,Dark,
1.8208,6.4114,7.5998,0.0000,0.0000,NaN,NaN,NaN,NaN,NaN,NaN,0.0000,0.0000,0.0000,0.0000,0.0000,0.0000,Dark,
1.8322,6.4144,7.5981,0.0000,0.0000,NaN,NaN,NaN,NaN,NaN,NaN,0.0000,0.0000,0.0000,0.0000,0.0000,0.0000,Dark,
1.8431,6.4222,7.5978,0.0000,0.0000,NaN,NaN,NaN,NaN,NaN,NaN,0.0000,0.0000,0.0000,0.0000,0.0000,0.0000,Dark,
1.8542,6.4331,7.5977,0.0000,0.0000,NaN,NaN,NaN,NaN,NaN,NaN,0.0000,0.0000,0.0000,0.0000,0.0000,0.0000,Dark,
1.8655,6.4416,7.6132,0.0000,0.0000,NaN,NaN,NaN,NaN,NaN,NaN,0.0000,0.0000,0.0000,0.0000,0.0000,0.0000,Dark,
1.8764,6.4810,7.6352,0.0000,0.0000,NaN,NaN,NaN,NaN,NaN,NaN,0.0000,0.0000,0.0000,0.0000,0.0000,0.0000,Dark,
1.8876,6.4733,7.6419,0.0000,0.0000,NaN,NaN,NaN,NaN,NaN,NaN,0.0000,0.0000,0.0000,0.0000,0.0000,0.0000,Dark,
1.8987,6.4652,7.6444,0.0000,0.0000,NaN,NaN,NaN,NaN,NaN,NaN,0.0000,0.0000,0.0000,0.0000,0.0000,0.0000,Dark,
1.9099,6.4797,7.6378,0.0000,0.0000,NaN,NaN,NaN,NaN,NaN,NaN,0.0000,0.0000,0.0000,0.0000,0.0000,0.0000,Dark,
1.9212,6.4756,7.6322,0.0000,0.0000,NaN,NaN,NaN,NaN,NaN,NaN,0.0000,0.0000,0.0000,0.0000,0.0000,0.0000,Dark,
1.9322,6.4736,7.6394,0.0000,0.0000,NaN,NaN,NaN,NaN,NaN,NaN,0.0000,0.0000,0.0000,0.0000,0.0000,0.0000,Dark,
1.9433,6.4734,7.6429,0.0000,0.0000,NaN,NaN,NaN,NaN,NaN,NaN,0.0000,0.0000,0.0000,0.0000,0.0000,0.0000,Dark,
1.9544,6.4661,7.6404,0.0000,0.0000,NaN,NaN,NaN,NaN,NaN,NaN,0.0000,0.0000,0.0000,0.0000,0.0000,0.0000,Dark,
1.9658,6.4736,7.6375,0.0000,0.0000,NaN,NaN,NaN,NaN,NaN,NaN,0.0000,0.0000,0.0000,0.0000,0.0000,0.0000,Dark,
1.9768,6.4844,7.6328,0.0000,0.0000,NaN,NaN,NaN,NaN,NaN,NaN,0.0000,0.0000,0.0000,0.0000,0.0000,0.0000,Dark,
1.9879,6.4871,7.6299,0.0000,0.0000,NaN,NaN,NaN,NaN,NaN,NaN,0.0000,0.0000,0.0000,0.0000,0.0000,0.0000,Dark,
1.9990,6.4891,7.6229,0.0000,0.0000,NaN,NaN,NaN,NaN,NaN,NaN,0.0000,0.0000,0.0000,0.0000,0.0000,0.0000,Dark,
2.0103,6.4739,7.6170,0.0000,0.0000,NaN,NaN,NaN,NaN,NaN,NaN,0.0000,0.0000,0.0000,0.0000,0.0000,0.0000,Dark,
2.0215,6.4682,7.6175,0.0000,0.0000,NaN,NaN,NaN,NaN,NaN,NaN,0.0000,0.0000,0.0000,0.0000,0.0000,0.0000,Dark,
2.0325,6.4566,7.6202,0.0000,0.0000,NaN,NaN,NaN,NaN,NaN,NaN,0.0000,0.0000,0.0000,0.0000,0.0000,0.0000,Dark,
2.0437,6.4509,7.6248,0.0000,0.0000,NaN,NaN,NaN,NaN,NaN,NaN,0.0000,0.0000,0.0000,0.0000,0.0000,0.0000,Dark,
2.0547,6.4604,7.6281,0.0000,0.0000,NaN,NaN,NaN,NaN,NaN,NaN,0.0000,0.0000,0.0000,0.0000,0.0000,0.0000,Dark,
2.0660,6.4689,7.6277,0.0000,0.0000,NaN,NaN,NaN,NaN,NaN,NaN,0.0000,0.0000,0.0000,0.0000,0.0000,0.0000,Dark,
2.0772,6.4693,7.6212,0.0000,0.0000,NaN,NaN,NaN,NaN,NaN,NaN,0.0000,0.0000,0.0000,0.0000,0.0000,0.0000,Dark,
2.0881,6.4634,7.6155,0.0000,0.0000,NaN,NaN,NaN,NaN,NaN,NaN,0.0000,0.0000,0.0000,0.0000,0.0000,0.0000,Dark,
2.0993,6.4571,7.6171,0.0000,0.0000,NaN,NaN,NaN,NaN,NaN,NaN,0.0000,0.0000,0.0000,0.0000,0.0000,0.0000,Dark,
2.1105,6.4579,7.6200,0.0000,0.0000,NaN,NaN,NaN,NaN,NaN,NaN,0.0000,0.0000,0.0000,0.0000,0.0000,0.0000,Dark,
2.1215,6.4653,7.6227,0.0000,0.0000,NaN,NaN,NaN,NaN,NaN,NaN,0.0000,0.0000,0.0000,0.0000,0.0000,0.0000,Dark,
2.1326,6.4656,7.6080,0.0000,0.0000,NaN,NaN,NaN,NaN,NaN,NaN,0.0000,0.0000,0.0000,0.0000,0.0000,0.0000,Dark,
2.1439,6.4595,7.6043,0.0000,0.0000,NaN,NaN,NaN,NaN,NaN,NaN,0.0000,0.0000,0.0000,0.0000,0.0000,0.0000,Dark,
2.1550,6.4664,7.6016,0.0000,0.0000,NaN,NaN,NaN,NaN,NaN,NaN,0.0000,0.0000,0.0000,0.0000,0.0000,0.0000,Dark,
2.1661,6.4843,7.5975,0.0000,0.0000,NaN,NaN,NaN,NaN,NaN,NaN,0.0000,0.0000,0.0000,0.0000,0.0000,0.0000,Dark,
2.1775,6.4950,7.6032,0.0000,0.0000,NaN,NaN,NaN,NaN,NaN,NaN,0.0000,0.0000,0.0000,0.0000,0.0000,0.0000,Dark,
2.1884,6.4950,7.6077,0.0000,0.0000,NaN,NaN,NaN,NaN,NaN,NaN,0.0000,0.0000,0.0000,0.0000,0.0000,0.0000,Dark,
2.1994,6.4738,7.5996,0.0000,0.0000,NaN,NaN,NaN,NaN,NaN,NaN,0.0000,0.0000,0.0000,0.0000,0.0000,0.0000,Dark,
2.2107,6.4574,7.5972,0.0000,0.0000,NaN,NaN,NaN,NaN,NaN,NaN,0.0000,0.0000,0.0000,0.0000,0.0000,0.0000,Dark,
2.2218,6.4511,7.5949,0.0000,0.0000,NaN,NaN,NaN,NaN,NaN,NaN,0.0000,0.0000,0.0000,0.0000,0.0000,0.0000,Dark,
2.2330,6.4486,7.5890,0.0000,0.0000,NaN,NaN,NaN,NaN,NaN,NaN,0.0000,0.0000,0.0000,0.0000,0.0000,0.0000,Dark,
2.2441,6.4505,7.5881,0.0000,0.0000,NaN,NaN,NaN,NaN,NaN,NaN,0.0000,0.0000,0.0000,0.0000,0.0000,0.0000,Dark,
2.2551,6.4528,7.5802,0.0000,0.0000,NaN,NaN,NaN,NaN,NaN,NaN,0.0000,0.0000,0.0000,0.0000,0.0000,0.0000,Dark,
2.2662,6.4485,7.5752,0.0000,0.0000,NaN,NaN,NaN,NaN,NaN,NaN,0.0000,0.0000,0.0000,0.0000,0.0000,0.0000,Dark,
2.2775,6.4448,7.5715,0.0000,0.0000,NaN,NaN,NaN,NaN,NaN,NaN,0.0000,0.0000,0.0000,0.0000,0.0000,0.0000,Dark,
2.2886,6.4439,7.5717,0.0000,0.0000,NaN,NaN,NaN,NaN,NaN,NaN,0.0000,0.0000,0.0000,0.0000,0.0000,0.0000,Dark,
2.2997,6.4441,7.5748,0.0000,0.0000,NaN,NaN,NaN,NaN,NaN,NaN,0.0000,0.0000,0.0000,0.0000,0.0000,0.0000,Dark,
2.3108,6.4429,7.5780,0.0000,0.0000,NaN,NaN,NaN,NaN,NaN,NaN,0.0000,0.0000,0.0000,0.0000,0.0000,0.0000,Dark,
2.3220,6.4472,7.5844,0.0000,0.0000,NaN,NaN,NaN,NaN,NaN,NaN,0.0000,0.0000,0.0000,0.0000,0.0000,0.0000,Dark,
2.3332,6.4512,7.5670,0.0000,0.0000,NaN,NaN,NaN,NaN,NaN,NaN,0.0000,0.0000,0.0000,0.0000,0.0000,0.0000,Dark,
2.3442,6.4227,7.5522,0.0000,0.0000,NaN,NaN,NaN,NaN,NaN,NaN,0.0000,0.0000,0.0000,0.0000,0.0000,0.0000,Dark,
2.3554,6.3932,7.5261,0.0000,0.0000,NaN,NaN,NaN,NaN,NaN,NaN,0.0000,0.0000,0.0000,0.0000,0.0000,0.0000,Dark,
2.3665,6.3896,7.5194,0.0000,0.0000,NaN,NaN,NaN,NaN,NaN,NaN,0.0000,0.0000,0.0000,0.0000,0.0000,0.0000,Dark,
2.3777,6.3852,7.5161,0.0000,0.0000,NaN,NaN,NaN,NaN,NaN,NaN,0.0000,0.0000,0.0000,0.0000,0.0000,0.0000,Dark,
2.3890,6.3798,7.5241,0.0000,0.0000,NaN,NaN,NaN,NaN,NaN,NaN,0.0000,0.0000,0.0000,0.0000,0.0000,0.0000,Dark,
2.3999,6.3747,7.5246,0.0000,0.0000,NaN,NaN,NaN,NaN,NaN,NaN,0.0000,0.0000,0.0000,0.0000,0.0000,0.0000,Dark,
2.4111,6.3828,7.5246,0.0000,0.0000,NaN,NaN,NaN,NaN,NaN,NaN,0.0000,0.0000,0.0000,0.0000,0.0000,0.0000,Dark,
2.4222,6.3902,7.5164,0.0000,0.0000,NaN,NaN,NaN,NaN,NaN,NaN,0.0000,0.0000,0.0000,0.0000,0.0000,0.0000,Dark,
2.4334,6.3902,7.5160,0.0000,0.0000,NaN,NaN,NaN,NaN,NaN,NaN,0.0000,0.0000,0.0000,0.0000,0.0000,0.0000,Dark,
2.4445,6.3975,7.5161,0.0000,0.0000,NaN,NaN,NaN,NaN,NaN,NaN,0.0000,0.0000,0.0000,0.0000,0.0000,0.0000,Dark,
2.4558,6.4075,7.5159,0.0000,0.0000,NaN,NaN,NaN,NaN,NaN,NaN,0.0000,0.0000,0.0000,0.0000,0.0000,0.0000,Dark,
2.4668,6.4121,7.5128,0.0000,0.0000,NaN,NaN,NaN,NaN,NaN,NaN,0.0000,0.0000,0.0000,0.0000,0.0000,0.0000,Dark,
2.4780,6.4006,7.5083,0.0000,0.0000,NaN,NaN,NaN,NaN,NaN,NaN,0.0000,0.0000,0.0000,0.0000,0.0000,0.0000,Dark,
2.4893,6.3863,7.5073,0.0000,0.0000,NaN,NaN,NaN,NaN,NaN,NaN,0.0000,0.0000,0.0000,0.0000,0.0000,0.0000,Dark,
2.5001,6.3747,7.5029,0.0000,0.0000,NaN,NaN,NaN,NaN,NaN,NaN,0.0000,0.0000,0.0000,0.0000,0.0000,0.0000,Dark,
2.5113,6.3714,7.5016,0.0000,0.0000,NaN,NaN,NaN,NaN,NaN,NaN,0.0000,0.0000,0.0000,0.0000,0.0000,0.0000,Dark,
2.5226,6.3752,7.5033,0.0000,0.0000,NaN,NaN,NaN,NaN,NaN,NaN,0.0000,0.0000,0.0000,0.0000,0.0000,0.0000,Dark,
2.5336,6.3790,7.5088,0.0000,0.0000,NaN,NaN,NaN,NaN,NaN,NaN,0.0000,0.0000,0.0000,0.0000,0.0000,0.0000,Dark,
2.5449,6.4095,7.5147,0.0000,0.0000,NaN,NaN,NaN,NaN,NaN,NaN,0.0000,0.0000,0.0000,0.0000,0.0000,0.0000,Dark,
2.5560,6.3995,7.5150,0.0000,0.0000,NaN,NaN,NaN,NaN,NaN,NaN,0.0000,0.0000,0.0000,0.0000,0.0000,0.0000,Dark,
2.5670,6.3902,7.5120,0.0000,0.0000,NaN,NaN,NaN,NaN,NaN,NaN,0.0000,0.0000,0.0000,0.0000,0.0000,0.0000,Dark,
2.5781,6.3623,7.5156,0.0000,0.0000,NaN,NaN,NaN,NaN,NaN,NaN,0.0000,0.0000,0.0000,0.0000,0.0000,0.0000,Dark,
2.5896,6.3644,7.5214,0.0000,0.0000,NaN,NaN,NaN,NaN,NaN,NaN,0.0000,0.0000,0.0000,0.0000,0.0000,0.0000,Dark,
2.6004,6.3687,7.5172,0.0000,0.0000,NaN,NaN,NaN,NaN,NaN,NaN,0.0000,0.0000,0.0000,0.0000,0.0000,0.0000,Dark,
2.6115,6.3743,7.5132,0.0000,0.0000,NaN,NaN,NaN,NaN,NaN,NaN,0.0000,0.0000,0.0000,0.0000,0.0000,0.0000,Dark,
2.6229,6.3932,7.5125,0.0000,0.0000,NaN,NaN,NaN,NaN,NaN,NaN,0.0000,0.0000,0.0000,0.0000,0.0000,0.0000,Dark,
2.6339,6.4077,7.5050,0.0000,0.0000,NaN,NaN,NaN,NaN,NaN,NaN,0.0000,0.0000,0.0000,0.0000,0.0000,0.0000,Dark,
2.6451,6.3901,7.5069,0.0000,0.0000,NaN,NaN,NaN,NaN,NaN,NaN,0.0000,0.0000,0.0000,0.0000,0.0000,0.0000,Dark,
2.6562,6.3789,7.5130,0.0000,0.0000,NaN,NaN,NaN,NaN,NaN,NaN,0.0000,0.0000,0.0000,0.0000,0.0000,0.0000,Dark,
2.6672,6.3689,7.5216,0.0000,0.0000,NaN,NaN,NaN,NaN,NaN,NaN,0.0000,0.0000,0.0000,0.0000,0.0000,0.0000,Dark,
2.6784,6.3594,7.5349,0.0000,0.0000,NaN,NaN,NaN,NaN,NaN,NaN,0.0000,0.0000,0.0000,0.0000,0.0000,0.0000,Dark,
2.6897,6.3599,7.5339,0.0000,0.0000,NaN,NaN,NaN,NaN,NaN,NaN,0.0000,0.0000,0.0000,0.0000,0.0000,0.0000,Dark,
2.7008,6.3674,7.5260,0.0000,0.0000,NaN,NaN,NaN,NaN,NaN,NaN,0.0000,0.0000,0.0000,0.0000,0.0000,0.0000,Dark,
2.7119,6.3706,7.5227,0.0000,0.0000,NaN,NaN,NaN,NaN,NaN,NaN,0.0000,0.0000,0.0000,0.0000,0.0000,0.0000,Dark,
2.7229,6.3709,7.5197,0.0000,0.0000,NaN,NaN,NaN,NaN,NaN,NaN,0.0000,0.0000,0.0000,0.0000,0.0000,0.0000,Dark,
2.7341,6.3704,7.5354,0.0000,0.0000,NaN,NaN,NaN,NaN,NaN,NaN,0.0000,0.0000,0.0000,0.0000,0.0000,0.0000,Dark,
2.7453,6.3683,7.5503,0.0000,0.0000,NaN,NaN,NaN,NaN,NaN,NaN,0.0000,0.0000,0.0000,0.0000,0.0000,0.0000,Dark,
2.7564,6.3666,7.5425,0.0000,0.0000,NaN,NaN,NaN,NaN,NaN,NaN,0.0000,0.0000,0.0000,0.0000,0.0000,0.0000,Dark,
2.7676,6.3604,7.5210,0.0000,0.0000,NaN,NaN,NaN,NaN,NaN,NaN,0.0000,0.0000,0.0000,0.0000,0.0000,0.0000,Dark,
2.7786,6.3678,7.5116,0.0000,0.0000,NaN,NaN,NaN,NaN,NaN,NaN,0.0000,0.0000,0.0000,0.0000,0.0000,0.0000,Dark,
2.7899,6.3742,7.5269,0.0000,0.0000,NaN,NaN,NaN,NaN,NaN,NaN,0.0000,0.0000,0.0000,0.0000,0.0000,0.0000,Dark,
2.8010,6.3689,7.5433,0.0000,0.0000,NaN,NaN,NaN,NaN,NaN,NaN,0.0000,0.0000,0.0000,0.0000,0.0000,0.0000,Dark,
2.8120,6.3837,7.5434,0.0000,0.0000,NaN,NaN,NaN,NaN,NaN,NaN,0.0000,0.0000,0.0000,0.0000,0.0000,0.0000,Dark,
2.8232,6.3954,7.5704,0.0000,0.0000,NaN,NaN,NaN,NaN,NaN,NaN,0.0000,0.0000,0.0000,0.0000,0.0000,0.0000,Dark,
2.8343,6.4484,7.5931,0.0000,0.0000,NaN,NaN,NaN,NaN,NaN,NaN,0.0000,0.0000,0.0000,0.0000,0.0000,0.0000,Dark,
2.8455,6.4623,7.5948,0.0000,0.0000,NaN,NaN,NaN,NaN,NaN,NaN,0.0000,0.0000,0.0000,0.0000,0.0000,0.0000,Dark,
2.8566,6.4708,7.6006,0.0000,0.0000,NaN,NaN,NaN,NaN,NaN,NaN,0.0000,0.0000,0.0000,0.0000,0.0000,0.0000,Dark,
2.8677,6.4828,7.6075,0.0000,0.0000,NaN,NaN,NaN,NaN,NaN,NaN,0.0000,0.0000,0.0000,0.0000,0.0000,0.0000,Dark,
2.8788,6.4810,7.6124,0.0000,0.0000,NaN,NaN,NaN,NaN,NaN,NaN,0.0000,0.0000,0.0000,0.0000,0.0000,0.0000,Dark,
2.8900,6.4799,7.6156,0.0000,0.0000,NaN,NaN,NaN,NaN,NaN,NaN,0.0000,0.0000,0.0000,0.0000,0.0000,0.0000,Dark,
2.9012,6.4614,7.6156,0.0000,0.0000,NaN,NaN,NaN,NaN,NaN,NaN,0.0000,0.0000,0.0000,0.0000,0.0000,0.0000,Dark,
2.9122,6.4669,7.6135,0.0000,0.0000,NaN,NaN,NaN,NaN,NaN,NaN,0.0000,0.0000,0.0000,0.0000,0.0000,0.0000,Dark,
2.9234,6.4791,7.5968,0.0000,0.0000,NaN,NaN,NaN,NaN,NaN,NaN,0.0000,0.0000,0.0000,0.0000,0.0000,0.0000,Dark,
2.9347,6.4851,7.5989,0.0000,0.0000,NaN,NaN,NaN,NaN,NaN,NaN,0.0000,0.0000,0.0000,0.0000,0.0000,0.0000,Dark,
2.9457,6.4870,7.6013,0.0000,0.0000,NaN,NaN,NaN,NaN,NaN,NaN,0.0000,0.0000,0.0000,0.0000,0.0000,0.0000,Dark,
2.9570,6.4813,7.6026,0.0000,0.0000,NaN,NaN,NaN,NaN,NaN,NaN,0.0000,0.0000,0.0000,0.0000,0.0000,0.0000,Dark,
2.9680,6.4765,7.6133,0.0000,0.0000,NaN,NaN,NaN,NaN,NaN,NaN,0.0000,0.0000,0.0000,0.0000,0.0000,0.0000,Dark,
2.9791,6.4810,7.6214,0.0000,0.0000,NaN,NaN,NaN,NaN,NaN,NaN,0.0000,0.0000,0.0000,0.0000,0.0000,0.0000,Dark,
2.9903,6.4854,7.6189,0.0000,0.0000,NaN,NaN,NaN,NaN,NaN,NaN,0.0000,0.0000,0.0000,0.0000,0.0000,0.0000,Dark,
3.0016,6.4953,7.6156,0.0000,0.0000,NaN,NaN,NaN,NaN,NaN,NaN,0.0000,0.0000,0.0000,0.0000,0.0000,0.0000,Dark,
3.0126,6.4969,7.6141,0.0000,0.0000,NaN,NaN,NaN,NaN,NaN,NaN,0.0000,0.0000,0.0000,0.0000,0.0000,0.0000,Dark,
3.0237,6.4973,7.6106,0.0000,0.0000,NaN,NaN,NaN,NaN,NaN,NaN,0.0000,0.0000,0.0000,0.0000,0.0000,0.0000,Dark,
3.0349,6.4977,7.6175,0.0000,0.0000,NaN,NaN,NaN,NaN,NaN,NaN,0.0000,0.0000,0.0000,0.0000,0.0000,0.0000,Dark,
3.0460,6.4956,7.6250,0.0000,0.0000,NaN,NaN,NaN,NaN,NaN,NaN,0.0000,0.0000,0.0000,0.0000,0.0000,0.0000,Dark,
3.0572,6.5036,7.6168,0.0000,0.0000,NaN,NaN,NaN,NaN,NaN,NaN,0.0000,0.0000,0.0000,0.0000,0.0000,0.0000,Dark,
3.0683,6.5117,7.6172,0.0000,0.0000,NaN,NaN,NaN,NaN,NaN,NaN,0.0000,0.0000,0.0000,0.0000,0.0000,0.0000,Dark,
3.0794,6.5091,7.6170,0.0000,0.0000,NaN,NaN,NaN,NaN,NaN,NaN,0.0000,0.0000,0.0000,0.0000,0.0000,0.0000,Dark,
3.0905,6.5066,7.6069,0.0000,0.0000,NaN,NaN,NaN,NaN,NaN,NaN,0.0000,0.0000,0.0000,0.0000,0.0000,0.0000,Dark,
3.1017,6.4947,7.6072,0.0000,0.0000,NaN,NaN,NaN,NaN,NaN,NaN,0.0000,0.0000,0.0000,0.0000,0.0000,0.0000,Dark,
3.1128,6.4936,7.6138,0.0000,0.0000,NaN,NaN,NaN,NaN,NaN,NaN,0.0000,0.0000,0.0000,0.0000,0.0000,0.0000,Dark,
3.1239,6.4940,7.6106,0.0000,0.0000,NaN,NaN,NaN,NaN,NaN,NaN,0.0000,0.0000,0.0000,0.0000,0.0000,0.0000,Dark,
3.1350,6.5107,7.6273,0.0000,0.0000,NaN,NaN,NaN,NaN,NaN,NaN,0.0000,0.0000,0.0000,0.0000,0.0000,0.0000,Dark,
3.1462,6.5102,7.6423,0.0000,0.0000,NaN,NaN,NaN,NaN,NaN,NaN,0.0000,0.0000,0.0000,0.0000,0.0000,0.0000,Dark,
3.1574,6.5089,7.6427,0.0000,0.0000,NaN,NaN,NaN,NaN,NaN,NaN,0.0000,0.0000,0.0000,0.0000,0.0000,0.0000,Dark,
3.1685,6.5250,7.6427,0.0000,0.0000,NaN,NaN,NaN,NaN,NaN,NaN,0.0000,0.0000,0.0000,0.0000,0.0000,0.0000,Dark,
3.1796,6.5089,7.6409,0.0000,0.0000,NaN,NaN,NaN,NaN,NaN,NaN,0.0000,0.0000,0.0000,0.0000,0.0000,0.0000,Dark,
3.1907,6.4992,7.6300,0.0000,0.0000,NaN,NaN,NaN,NaN,NaN,NaN,0.0000,0.0000,0.0000,0.0000,0.0000,0.0000,Dark,
3.2019,6.5021,7.6304,0.0000,0.0000,NaN,NaN,NaN,NaN,NaN,NaN,0.0000,0.0000,0.0000,0.0000,0.0000,0.0000,Dark,
3.2131,6.5017,7.6309,0.0000,0.0000,NaN,NaN,NaN,NaN,NaN,NaN,0.0000,0.0000,0.0000,0.0000,0.0000,0.0000,Dark,
3.2241,6.5110,7.6357,0.0000,0.0000,NaN,NaN,NaN,NaN,NaN,NaN,0.0000,0.0000,0.0000,0.0000,0.0000,0.0000,Dark,
3.2353,6.5162,7.6347,0.0000,0.0000,NaN,NaN,NaN,NaN,NaN,NaN,0.0000,0.0000,0.0000,0.0000,0.0000,0.0000,Dark,
3.2465,6.5175,7.6335,0.0000,0.0000,NaN,NaN,NaN,NaN,NaN,NaN,0.0000,0.0000,0.0000,0.0000,0.0000,0.0000,Dark,
3.2576,6.5183,7.6267,0.0000,0.0000,NaN,NaN,NaN,NaN,NaN,NaN,0.0000,0.0000,0.0000,0.0000,0.0000,0.0000,Dark,
3.2688,6.5175,7.6371,0.0000,0.0000,NaN,NaN,NaN,NaN,NaN,NaN,0.0000,0.0000,0.0000,0.0000,0.0000,0.0000,Dark,
3.2798,6.5186,7.6461,0.0000,0.0000,NaN,NaN,NaN,NaN,NaN,NaN,0.0000,0.0000,0.0000,0.0000,0.0000,0.0000,Dark,
3.2909,6.5203,7.6436,0.0000,0.0000,NaN,NaN,NaN,NaN,NaN,NaN,0.0000,0.0000,0.0000,0.0000,0.0000,0.0000,Dark,
3.3021,6.5208,7.6442,0.0000,0.0000,NaN,NaN,NaN,NaN,NaN,NaN,0.0000,0.0000,0.0000,0.0000,0.0000,0.0000,Dark,
3.3133,6.5303,7.6437,0.0000,0.0000,NaN,NaN,NaN,NaN,NaN,NaN,0.0000,0.0000,0.0000,0.0000,0.0000,0.0000,Dark,
3.3243,6.5362,7.6669,0.0000,0.0000,NaN,NaN,NaN,NaN,NaN,NaN,0.0000,0.0000,0.0000,0.0000,0.0000,0.0000,Dark,
3.3355,6.5344,7.6689,0.0000,0.0000,NaN,NaN,NaN,NaN,NaN,NaN,0.0000,0.0000,0.0000,0.0000,0.0000,0.0000,Dark,
3.3467,6.5433,7.6696,0.0000,0.0000,NaN,NaN,NaN,NaN,NaN,NaN,0.0000,0.0000,0.0000,0.0000,0.0000,0.0000,Dark,
3.3578,6.5549,7.6871,0.0000,0.0000,NaN,NaN,NaN,NaN,NaN,NaN,0.0000,0.0000,0.0000,0.0000,0.0000,0.0000,Dark,
3.3690,6.5495,7.6917,0.0000,0.0000,NaN,NaN,NaN,NaN,NaN,NaN,0.0000,0.0000,0.0000,0.0000,0.0000,0.0000,Dark,
3.3801,6.5451,7.6851,0.0000,0.0000,NaN,NaN,NaN,NaN,NaN,NaN,0.0000,0.0000,0.0000,0.0000,0.0000,0.0000,Dark,
3.3912,6.5672,7.6927,0.0000,0.0000,NaN,NaN,NaN,NaN,NaN,NaN,0.0000,0.0000,0.0000,0.0000,0.0000,0.0000,Dark,
3.4024,6.5647,7.7026,0.0000,0.0000,NaN,NaN,NaN,NaN,NaN,NaN,0.0000,0.0000,0.0000,0.0000,0.0000,0.0000,Dark,
3.4137,6.5681,7.7032,0.0000,0.0000,NaN,NaN,NaN,NaN,NaN,NaN,0.0000,0.0000,0.0000,0.0000,0.0000,0.0000,Dark,
3.4246,6.5713,7.7023,0.0000,0.0000,NaN,NaN,NaN,NaN,NaN,NaN,0.0000,0.0000,0.0000,0.0000,0.0000,0.0000,Dark,
3.4357,6.5723,7.7000,0.0000,0.0000,NaN,NaN,NaN,NaN,NaN,NaN,0.0000,0.0000,0.0000,0.0000,0.0000,0.0000,Dark,
3.4469,6.5758,7.7113,0.0000,0.0000,NaN,NaN,NaN,NaN,NaN,NaN,0.0000,0.0000,0.0000,0.0000,0.0000,0.0000,Dark,
3.4580,6.5765,7.7147,0.0000,0.0000,NaN,NaN,NaN,NaN,NaN,NaN,0.0000,0.0000,0.0000,0.0000,0.0000,0.0000,Dark,
3.4693,6.5790,7.7172,0.0000,0.0000,NaN,NaN,NaN,NaN,NaN,NaN,0.0000,0.0000,0.0000,0.0000,0.0000,0.0000,Dark,
3.4805,6.5634,7.7440,0.0000,0.0000,NaN,NaN,NaN,NaN,NaN,NaN,0.0000,0.0000,0.0000,0.0000,0.0000,0.0000,Dark,
3.4914,6.5485,7.7204,0.0000,0.0000,NaN,NaN,NaN,NaN,NaN,NaN,0.0000,0.0000,0.0000,0.0000,0.0000,0.0000,Dark,
3.5026,6.5499,7.7002,0.0000,0.0000,NaN,NaN,NaN,NaN,NaN,NaN,0.0000,0.0000,0.0000,0.0000,0.0000,0.0000,Dark,
3.5140,6.5516,7.6789,0.0000,0.0000,NaN,NaN,NaN,NaN,NaN,NaN,0.0000,0.0000,0.0000,0.0000,0.0000,0.0000,Dark,
3.5248,6.5528,7.6749,0.0000,0.0000,NaN,NaN,NaN,NaN,NaN,NaN,0.0000,0.0000,0.0000,0.0000,0.0000,0.0000,Dark,
3.5360,6.5470,7.6748,0.0000,0.0000,NaN,NaN,NaN,NaN,NaN,NaN,0.0000,0.0000,0.0000,0.0000,0.0000,0.0000,Dark,
3.5472,6.5315,7.6808,0.0000,0.0000,NaN,NaN,NaN,NaN,NaN,NaN,0.0000,0.0000,0.0000,0.0000,0.0000,0.0000,Dark,
3.5583,6.5245,7.6777,0.0000,0.0000,NaN,NaN,NaN,NaN,NaN,NaN,0.0000,0.0000,0.0000,0.0000,0.0000,0.0000,Dark,
3.5694,6.5304,7.6747,0.0000,0.0000,NaN,NaN,NaN,NaN,NaN,NaN,0.0000,0.0000,0.0000,0.0000,0.0000,0.0000,Dark,
3.5806,6.5411,7.6681,0.0000,0.0000,NaN,NaN,NaN,NaN,NaN,NaN,0.0000,0.0000,0.0000,0.0000,0.0000,0.0000,Dark,
3.5916,6.5446,7.6709,0.0000,0.0000,NaN,NaN,NaN,NaN,NaN,NaN,0.0000,0.0000,0.0000,0.0000,0.0000,0.0000,Dark,
3.6028,6.5484,7.6737,0.0000,0.0000,NaN,NaN,NaN,NaN,NaN,NaN,0.0000,0.0000,0.0000,0.0000,0.0000,0.0000,Dark,
3.6140,6.5532,7.6701,0.0000,0.0000,NaN,NaN,NaN,NaN,NaN,NaN,0.0000,0.0000,0.0000,0.0000,0.0000,0.0000,Dark,
3.6253,6.5556,7.6693,0.0000,0.0000,NaN,NaN,NaN,NaN,NaN,NaN,0.0000,0.0000,0.0000,0.0000,0.0000,0.0000,Dark,
3.6362,6.5518,7.6692,0.0000,0.0000,NaN,NaN,NaN,NaN,NaN,NaN,0.0000,0.0000,0.0000,0.0000,0.0000,0.0000,Dark,
3.6474,6.5554,7.6703,0.0000,0.0000,NaN,NaN,NaN,NaN,NaN,NaN,0.0000,0.0000,0.0000,0.0000,0.0000,0.0000,Dark,
3.6585,6.5584,7.6742,0.0000,0.0000,NaN,NaN,NaN,NaN,NaN,NaN,0.0000,0.0000,0.0000,0.0000,0.0000,0.0000,Dark,
3.6697,6.5515,7.6777,0.0000,0.0000,NaN,NaN,NaN,NaN,NaN,NaN,0.0000,0.0000,0.0000,0.0000,0.0000,0.0000,Dark,
3.6809,6.5538,7.6778,0.0000,0.0000,NaN,NaN,NaN,NaN,NaN,NaN,0.0000,0.0000,0.0000,0.0000,0.0000,0.0000,Dark,
3.6919,6.5553,7.6756,0.0000,0.0000,NaN,NaN,NaN,NaN,NaN,NaN,0.0000,0.0000,0.0000,0.0000,0.0000,0.0000,Dark,
3.7031,6.5535,7.6710,0.0000,0.0000,NaN,NaN,NaN,NaN,NaN,NaN,0.0000,0.0000,0.0000,0.0000,0.0000,0.0000,Dark,
3.7142,6.5547,7.6691,0.0000,0.0000,NaN,NaN,NaN,NaN,NaN,NaN,0.0000,0.0000,0.0000,0.0000,0.0000,0.0000,Dark,
3.7256,6.5553,7.6690,0.0000,0.0000,NaN,NaN,NaN,NaN,NaN,NaN,0.0000,0.0000,0.0000,0.0000,0.0000,0.0000,Dark,
3.7365,6.5574,7.6764,0.0000,0.0000,NaN,NaN,NaN,NaN,NaN,NaN,0.0000,0.0000,0.0000,0.0000,0.0000,0.0000,Dark,
3.7476,6.5585,7.6825,0.0000,0.0000,NaN,NaN,NaN,NaN,NaN,NaN,0.0000,0.0000,0.0000,0.0000,0.0000,0.0000,Dark,
3.7588,6.5517,7.6813,0.0000,0.0000,NaN,NaN,NaN,NaN,NaN,NaN,0.0000,0.0000,0.0000,0.0000,0.0000,0.0000,Dark,
3.7699,6.5515,7.6756,0.0000,0.0000,NaN,NaN,NaN,NaN,NaN,NaN,0.0000,0.0000,0.0000,0.0000,0.0000,0.0000,Dark,
3.7811,6.5516,7.6716,0.0000,0.0000,NaN,NaN,NaN,NaN,NaN,NaN,0.0000,0.0000,0.0000,0.0000,0.0000,0.0000,Dark,
3.7921,6.5520,7.6679,0.0000,0.0000,NaN,NaN,NaN,NaN,NaN,NaN,0.0000,0.0000,0.0000,0.0000,0.0000,0.0000,Dark,
3.8033,6.5567,7.6690,0.0000,0.0000,NaN,NaN,NaN,NaN,NaN,NaN,0.0000,0.0000,0.0000,0.0000,0.0000,0.0000,Dark,
3.8144,6.5592,7.6729,0.0000,0.0000,NaN,NaN,NaN,NaN,NaN,NaN,0.0000,0.0000,0.0000,0.0000,0.0000,0.0000,Dark,
3.8257,6.5544,7.6760,0.0000,0.0000,NaN,NaN,NaN,NaN,NaN,NaN,0.0000,0.0000,0.0000,0.0000,0.0000,0.0000,Dark,
3.8367,6.5496,7.6752,0.0000,0.0000,NaN,NaN,NaN,NaN,NaN,NaN,0.0000,0.0000,0.0000,0.0000,0.0000,0.0000,Dark,
3.8479,6.5455,7.6592,0.0000,0.0000,NaN,NaN,NaN,NaN,NaN,NaN,0.0000,0.0000,0.0000,0.0000,0.0000,0.0000,Dark,
3.8591,6.5370,7.6392,0.0000,0.0000,NaN,NaN,NaN,NaN,NaN,NaN,0.0000,0.0000,0.0000,0.0000,0.0000,0.0000,Dark,
3.8701,6.5324,7.6348,0.0000,0.0000,NaN,NaN,NaN,NaN,NaN,NaN,0.0000,0.0000,0.0000,0.0000,0.0000,0.0000,Dark,
3.8814,6.5290,7.6390,0.0000,0.0000,NaN,NaN,NaN,NaN,NaN,NaN,0.0000,0.0000,0.0000,0.0000,0.0000,0.0000,Dark,
3.8926,6.5372,7.6488,0.0000,0.0000,NaN,NaN,NaN,NaN,NaN,NaN,0.0000,0.0000,0.0000,0.0000,0.0000,0.0000,Dark,
3.9035,6.5315,7.6522,0.0000,0.0000,NaN,NaN,NaN,NaN,NaN,NaN,0.0000,0.0000,0.0000,0.0000,0.0000,0.0000,Dark,
3.9147,6.5267,7.6492,0.0000,0.0000,NaN,NaN,NaN,NaN,NaN,NaN,0.0000,0.0000,0.0000,0.0000,0.0000,0.0000,Dark,
3.9260,6.5329,7.6439,0.0000,0.0000,NaN,NaN,NaN,NaN,NaN,NaN,0.0000,0.0000,0.0000,0.0000,0.0000,0.0000,Dark,
3.9370,6.5141,7.6425,0.0000,0.0000,NaN,NaN,NaN,NaN,NaN,NaN,0.0000,0.0000,0.0000,0.0000,0.0000,0.0000,Dark,
3.9481,6.4990,7.6413,0.0000,0.0000,NaN,NaN,NaN,NaN,NaN,NaN,0.0000,0.0000,0.0000,0.0000,0.0000,0.0000,Dark,
3.9594,6.5185,7.6435,0.0000,0.0000,NaN,NaN,NaN,NaN,NaN,NaN,0.0000,0.0000,0.0000,0.0000,0.0000,0.0000,Dark,
3.9703,6.5207,7.6457,0.0000,0.0000,NaN,NaN,NaN,NaN,NaN,NaN,0.0000,0.0000,0.0000,0.0000,0.0000,0.0000,Dark,
3.9816,6.5237,7.6488,0.0000,0.0000,NaN,NaN,NaN,NaN,NaN,NaN,0.0000,0.0000,0.0000,0.0000,0.0000,0.0000,Dark,
3.9927,6.5486,7.6573,0.0000,0.0000,NaN,NaN,NaN,NaN,NaN,NaN,0.0000,0.0000,0.0000,0.0000,0.0000,0.0000,Dark,
4.0037,6.5584,7.6620,0.0000,0.0000,NaN,NaN,NaN,NaN,NaN,NaN,0.0000,0.0000,0.0000,0.0000,0.0000,0.0000,Dark,
4.0148,6.5666,7.6649,0.0000,0.0000,NaN,NaN,NaN,NaN,NaN,NaN,0.0000,0.0000,0.0000,0.0000,0.0000,0.0000,Dark,
4.0263,6.5313,7.6626,0.0000,0.0000,NaN,NaN,NaN,NaN,NaN,NaN,0.0000,0.0000,0.0000,0.0000,0.0000,0.0000,Dark,
4.0373,6.5414,7.6587,0.0000,0.0000,NaN,NaN,NaN,NaN,NaN,NaN,0.0000,0.0000,0.0000,0.0000,0.0000,0.0000,Dark,
4.0483,6.5507,7.6561,0.0000,0.0000,NaN,NaN,NaN,NaN,NaN,NaN,0.0000,0.0000,0.0000,0.0000,0.0000,0.0000,Dark,
4.0596,6.5361,7.6603,0.0000,0.0000,NaN,NaN,NaN,NaN,NaN,NaN,0.0000,0.0000,0.0000,0.0000,0.0000,0.0000,Dark,
4.0707,6.5419,7.6659,0.0000,0.0000,NaN,NaN,NaN,NaN,NaN,NaN,0.0000,0.0000,0.0000,0.0000,0.0000,0.0000,Dark,
4.0818,6.5449,7.6647,0.0000,0.0000,NaN,NaN,NaN,NaN,NaN,NaN,0.0000,0.0000,0.0000,0.0000,0.0000,0.0000,Dark,
4.0932,6.5287,7.6676,0.0000,0.0000,NaN,NaN,NaN,NaN,NaN,NaN,0.0000,0.0000,0.0000,0.0000,0.0000,0.0000,Dark,
4.1043,6.5323,7.6708,0.0000,0.0000,NaN,NaN,NaN,NaN,NaN,NaN,0.0000,0.0000,0.0000,0.0000,0.0000,0.0000,Dark,
4.1152,6.5334,7.6621,0.0000,0.0000,NaN,NaN,NaN,NaN,NaN,NaN,0.0000,0.0000,0.0000,0.0000,0.0000,0.0000,Dark,
4.1280,6.5329,7.6653,0.0000,0.0000,0.2791,-0.4798,0.8318,-0.0411,-0.4842,0.8740,0.1244,-0.5071,0.8529,-0.1660,-0.0320,0.4334,Dark,
4.1376,6.5333,7.6676,0.0000,0.0000,0.2812,-0.4787,0.8317,-0.0391,-0.4833,0.8746,0.1265,-0.5061,0.8532,-0.1656,-0.0319,0.4334,Dark,
4.1487,6.5308,7.6624,0.0000,0.0000,0.2832,-0.4778,0.8316,-0.0372,-0.4826,0.8750,0.1284,-0.5053,0.8533,-0.1653,-0.0317,0.4334,Dark,
4.1600,6.5326,7.6632,0.0000,0.0000,0.2854,-0.4769,0.8313,-0.0349,-0.4820,0.8755,0.1307,-0.5045,0.8534,-0.1650,-0.0316,0.4334,Dark,
4.1712,6.5437,7.6636,0.0000,0.0000,0.2870,-0.4758,0.8314,-0.0333,-0.4810,0.8761,0.1323,-0.5034,0.8538,-0.1646,-0.0314,0.4334,Dark,
4.1838,6.5450,7.6479,0.0000,0.0000,0.2887,-0.4741,0.8318,-0.0318,-0.4795,0.8769,0.1339,-0.5019,0.8545,-0.1643,-0.0311,0.4334,Dark,
4.1943,6.5377,7.6106,0.0000,0.0000,0.2932,-0.4699,0.8326,-0.0262,-0.4760,0.8790,0.1391,-0.4979,0.8560,-0.1640,-0.0308,0.4334,Dark,
4.2048,6.4797,7.5797,0.0000,0.0000,0.3029,-0.4574,0.8361,-0.0156,-0.4647,0.8853,0.1495,-0.4860,0.8611,-0.1637,-0.0305,0.4335,Dark,
4.2155,6.4312,7.5118,0.0000,0.0000,0.3143,-0.4336,0.8446,-0.0037,-0.4418,0.8971,0.1616,-0.4627,0.8717,-0.1634,-0.0301,0.4335,Dark,
4.2267,6.3774,7.4106,0.0000,0.0000,0.3228,-0.3683,0.8719,0.0017,-0.3754,0.9269,0.1691,-0.3971,0.9021,-0.1631,-0.0297,0.4336,Dark,
4.2378,6.2921,7.3772,0.0000,0.0000,0.3148,-0.3490,0.8827,-0.0073,-0.3544,0.9351,0.1603,-0.3770,0.9122,-0.1628,-0.0292,0.4336,Dark,
4.2492,6.2262,7.3180,0.0000,0.0000,0.3201,-0.3141,0.8938,-0.0012,-0.3191,0.9477,0.1662,-0.3417,0.9250,-0.1626,-0.0288,0.4336,Dark,
4.2601,6.1601,7.1330,0.0000,0.0000,0.3465,-0.2700,0.8984,0.0341,-0.2764,0.9604,0.1981,-0.2974,0.9340,-0.1623,-0.0282,0.4336,Dark,
4.2713,5.8610,7.0186,0.0000,0.0000,0.3235,-0.2637,0.9087,0.0235,-0.2681,0.9631,0.1801,-0.2888,0.9403,-0.1620,-0.0277,0.4337,Dark,
4.2824,5.2436,6.8196,0.0000,0.0000,0.2707,-0.2611,0.9266,0.0063,-0.2622,0.9650,0.1428,-0.2814,0.9489,-0.1618,-0.0272,0.4337,Dark,
4.2936,4.9451,6.8315,0.0000,0.0000,0.2547,-0.2732,0.9276,0.0093,-0.2739,0.9617,0.1357,-0.2917,0.9468,-0.1615,-0.0266,0.4336,Dark,
4.3052,4.5942,6.8553,0.0000,0.0000,0.2349,-0.2739,0.9326,0.0158,-0.2740,0.9616,0.1283,-0.2899,0.9484,-0.1613,-0.0258,0.4337,Dark,
4.3158,4.3609,6.6877,0.0064,0.0000,0.2235,-0.2580,0.9399,0.0454,-0.2584,0.9650,0.1368,-0.2709,0.9528,-0.1611,-0.0251,0.4336,Dark,
4.3270,4.3994,7.1192,0.0213,0.0000,0.2162,-0.2574,0.9418,0.0418,-0.2575,0.9654,0.1312,-0.2699,0.9539,-0.1607,-0.0244,0.4336,Dark,
4.3382,4.4646,7.4784,0.0331,0.0000,0.2131,-0.2296,0.9497,0.0387,-0.2294,0.9726,0.1281,-0.2419,0.9618,-0.1605,-0.0236,0.4336,Dark,
4.3494,3.5958,6.6738,0.0557,0.0000,0.1456,-0.1703,0.9746,-0.0288,-0.1677,0.9854,0.0597,-0.1812,0.9816,-0.1603,-0.0229,0.4335,Dark,
4.3606,3.2423,6.3594,0.0634,0.0000,0.1525,-0.1767,0.9724,-0.0221,-0.1743,0.9845,0.0666,-0.1877,0.9800,-0.1600,-0.0221,0.4334,Dark,
4.3715,2.9643,6.3120,0.0696,0.0000,0.1387,-0.1544,0.9782,-0.0355,-0.1517,0.9878,0.0529,-0.1652,0.9848,-0.1598,-0.0213,0.4333,Dark,
4.3826,3.7335,6.3400,0.0445,0.0000,0.1473,-0.1509,0.9775,-0.0270,-0.1483,0.9886,0.0615,-0.1618,0.9849,-0.1596,-0.0204,0.4331,Dark,
4.3938,4.5289,6.4905,0.0445,0.0000,0.1709,-0.1499,0.9738,-0.0036,-0.1479,0.9890,0.0853,-0.1611,0.9832,-0.1593,-0.0196,0.4330,Dark,
4.4051,5.2078,6.6711,0.0445,0.0000,0.2136,-0.1659,0.9627,0.0394,-0.1650,0.9855,0.1286,-0.1777,0.9756,-0.1591,-0.0187,0.4328,Dark,
4.4163,5.2041,6.8516,0.0445,0.0000,0.2183,-0.1656,0.9617,0.0442,-0.1647,0.9854,0.1334,-0.1774,0.9751,-0.1590,-0.0178,0.4326,Dark,
4.4272,4.9524,6.8909,0.0445,0.0000,0.2262,-0.1676,0.9596,0.0522,-0.1668,0.9846,0.1415,-0.1795,0.9735,-0.1587,-0.0169,0.4324,Dark,
4.4384,4.6987,6.9848,0.0445,0.0000,0.2303,-0.1791,0.9565,0.0563,-0.1785,0.9823,0.1456,-0.1911,0.9707,-0.1586,-0.0159,0.4322,Dark,
4.4496,4.7001,7.1219,0.0356,0.0000,0.1971,-0.1890,0.9620,0.1030,-0.1887,0.9766,0.1511,-0.1954,0.9690,-0.1584,-0.0150,0.4320,Dark,
4.4605,4.9768,7.1743,0.0356,0.0000,0.1865,-0.1935,0.9632,0.1029,-0.1930,0.9758,0.1456,-0.1990,0.9691,-0.1584,-0.0141,0.4318,Dark,
4.4718,5.2442,7.2264,0.0285,0.0000,0.1776,-0.1928,0.9650,0.0958,-0.1922,0.9767,0.1375,-0.1981,0.9705,-0.1583,-0.0132,0.4315,Dark,
4.4828,5.8109,7.2715,0.0228,0.0000,0.1824,-0.1992,0.9628,0.0944,-0.1985,0.9755,0.1393,-0.2049,0.9688,-0.1582,-0.0123,0.4312,Dark,
4.4941,6.0160,7.2774,0.0182,0.0000,0.1841,-0.2066,0.9610,0.0912,-0.2058,0.9743,0.1386,-0.2125,0.9673,-0.1581,-0.0115,0.4309,Dark,
4.5053,6.2315,7.3300,0.0146,0.0000,0.1886,-0.2212,0.9568,0.0846,-0.2202,0.9718,0.1377,-0.2279,0.9639,-0.1580,-0.0106,0.4305,Dark,
4.5162,6.2706,7.3477,0.0117,0.0000,0.1925,-0.2191,0.9565,0.0825,-0.2181,0.9724,0.1386,-0.2262,0.9642,-0.1579,-0.0098,0.4301,Dark,
4.5273,6.2697,7.3615,0.0093,0.0000,0.1964,-0.2208,0.9553,0.0804,-0.2197,0.9723,0.1396,-0.2283,0.9635,-0.1578,-0.0090,0.4298,Dark,
4.5388,6.2567,7.3894,0.0075,0.0000,0.2021,-0.2251,0.9532,0.0732,-0.2238,0.9719,0.1390,-0.2334,0.9624,-0.1577,-0.0082,0.4293,Dark,
4.5496,6.2546,7.3897,0.0048,0.0000,0.2064,-0.2258,0.9521,0.0711,-0.2244,0.9719,0.1402,-0.2346,0.9619,-0.1575,-0.0075,0.4289,Dark,
4.5610,6.2657,7.3894,0.0038,0.0000,0.2112,-0.2247,0.9513,0.0694,-0.2232,0.9723,0.1419,-0.2339,0.9619,-0.1574,-0.0068,0.4286,Dark,
4.5719,6.2820,7.4124,0.0031,0.0000,0.2179,-0.2237,0.9500,0.0628,-0.2220,0.9730,0.1421,-0.2338,0.9619,-0.1573,-0.0061,0.4282,Dark,
4.5829,6.2851,7.4086,0.0020,0.0000,0.2221,-0.2230,0.9492,0.0604,-0.2212,0.9734,0.1431,-0.2336,0.9618,-0.1572,-0.0054,0.4278,Dark,
4.5941,6.2724,7.4053,0.0016,0.0000,0.2262,-0.2211,0.9487,0.0578,-0.2191,0.9740,0.1439,-0.2320,0.9620,-0.1572,-0.0048,0.4275,Dark,
4.6054,6.2566,7.4251,0.0013,0.0000,0.2331,-0.2194,0.9474,0.0519,-0.2172,0.9747,0.1446,-0.2312,0.9621,-0.1571,-0.0042,0.4271,Dark,
4.6164,6.2545,7.4277,0.0010,0.0000,0.2365,-0.2167,0.9472,0.0491,-0.2144,0.9755,0.1450,-0.2289,0.9626,-0.1571,-0.0036,0.4267,Dark,
4.6276,6.2498,7.4303,0.0006,0.0000,0.2394,-0.2156,0.9467,0.0459,-0.2132,0.9759,0.1449,-0.2283,0.9628,-0.1570,-0.0031,0.4263,Dark,
4.6388,6.2583,7.4536,0.0005,0.0000,0.2457,-0.2125,0.9458,0.0406,-0.2100,0.9769,0.1456,-0.2260,0.9632,-0.1569,-0.0026,0.4258,Dark,
4.6500,6.2673,7.4478,0.0004,0.0000,0.2503,-0.2095,0.9452,0.0399,-0.2070,0.9775,0.1477,-0.2234,0.9635,-0.1568,-0.0021,0.4254,Dark,
4.6611,6.2771,7.4427,0.0003,0.0000,0.2541,-0.2067,0.9448,0.0386,-0.2042,0.9782,0.1491,-0.2210,0.9638,-0.1568,-0.0016,0.4251,Dark,
4.6722,6.2834,7.4491,0.0002,0.0000,0.2597,-0.2031,0.9441,0.0346,-0.2006,0.9791,0.1500,-0.2182,0.9643,-0.1567,-0.0011,0.4247,Dark,
4.6833,6.2806,7.4454,0.0002,0.0000,0.2636,-0.1991,0.9439,0.0341,-0.1965,0.9799,0.1518,-0.2144,0.9649,-0.1567,-0.0005,0.4243,Dark,
4.6948,6.2748,7.4542,0.0001,0.0000,0.2693,-0.1958,0.9429,0.0318,-0.1931,0.9807,0.1537,-0.2117,0.9652,-0.1566,0.0000,0.4239,Dark,
4.7056,6.2890,7.4629,0.0001,0.0000,0.2724,-0.1916,0.9429,0.0312,-0.1888,0.9815,0.1551,-0.2078,0.9658,-0.1566,0.0006,0.4236,Dark,
4.7171,6.3016,7.4632,0.0001,0.0000,0.2758,-0.1869,0.9429,0.0312,-0.1841,0.9824,0.1569,-0.2033,0.9665,-0.1566,0.0012,0.4232,Dark,
4.7280,6.3458,7.4589,0.0000,0.0000,0.2825,-0.1813,0.9420,0.0316,-0.1786,0.9834,0.1606,-0.1983,0.9669,-0.1565,0.0019,0.4229,Dark,
4.7391,6.3523,7.4541,0.0000,0.0000,0.2801,-0.1800,0.9430,0.0262,-0.1770,0.9839,0.1567,-0.1970,0.9678,-0.1565,0.0025,0.4226,Dark,
4.7502,6.3552,7.4492,0.0000,0.0000,0.2843,-0.1741,0.9428,0.0278,-0.1712,0.9848,0.1598,-0.1914,0.9684,-0.1565,0.0032,0.4222,Dark,
4.7615,6.3466,7.4633,0.0000,0.0000,0.2851,-0.1716,0.9430,0.0238,-0.1685,0.9854,0.1582,-0.1891,0.9691,-0.1565,0.0038,0.4218,Dark,
4.7724,6.3417,7.4665,0.0000,0.0000,0.2837,-0.1699,0.9437,0.0201,-0.1667,0.9858,0.1556,-0.1875,0.9699,-0.1566,0.0043,0.4215,Dark,
4.7836,6.3295,7.4693,0.0000,0.0000,0.2815,-0.1688,0.9446,0.0158,-0.1653,0.9861,0.1524,-0.1865,0.9706,-0.1566,0.0049,0.4211,Dark,
4.7947,6.3347,7.4734,0.0000,0.0000,0.2812,-0.1681,0.9448,0.0119,-0.1644,0.9863,0.1502,-0.1859,0.9710,-0.1566,0.0054,0.4208,Dark,
4.8059,6.3474,7.4901,0.0000,0.0000,0.2833,-0.1648,0.9448,0.0124,-0.1611,0.9869,0.1516,-0.1827,0.9714,-0.1566,0.0059,0.4205,Dark,
4.8172,6.3834,7.5074,0.0000,0.0000,0.2878,-0.1607,0.9441,0.0141,-0.1572,0.9875,0.1549,-0.1789,0.9716,-0.1567,0.0064,0.4202,Dark,
4.8281,6.3951,7.5091,0.0000,0.0000,0.2874,-0.1586,0.9446,0.0123,-0.1550,0.9878,0.1538,-0.1768,0.9721,-0.1568,0.0069,0.4199,Dark,
4.8393,6.4021,7.5101,0.0000,0.0000,0.2903,-0.1553,0.9443,0.0142,-0.1517,0.9883,0.1563,-0.1736,0.9723,-0.1569,0.0073,0.4196,Dark,
4.8506,6.3964,7.5049,0.0000,0.0000,0.2959,-0.1519,0.9431,0.0180,-0.1484,0.9888,0.1612,-0.1704,0.9721,-0.1569,0.0076,0.4194,Dark,
4.8621,6.4027,7.5019,0.0000,0.0000,0.2987,-0.1497,0.9426,0.0200,-0.1463,0.9890,0.1637,-0.1683,0.9721,-0.1570,0.0078,0.4191,Dark,
4.8727,6.4084,7.4896,0.0000,0.0000,0.3014,-0.1475,0.9420,0.0221,-0.1442,0.9893,0.1662,-0.1662,0.9720,-0.1571,0.0081,0.4188,Dark,
4.8840,6.4320,7.4746,0.0000,0.0000,0.3061,-0.1453,0.9408,0.0258,-0.1422,0.9895,0.1705,-0.1642,0.9716,-0.1571,0.0084,0.4185,Dark,
4.8950,6.4471,7.4715,0.0000,0.0000,0.3078,-0.1436,0.9406,0.0270,-0.1405,0.9897,0.1720,-0.1625,0.9716,-0.1572,0.0086,0.4183,Dark,
4.9062,6.4582,7.4833,0.0000,0.0000,0.3094,-0.1419,0.9403,0.0282,-0.1390,0.9899,0.1735,-0.1609,0.9716,-0.1573,0.0088,0.4181,Dark,
4.9175,6.4704,7.5197,0.0000,0.0000,0.3123,-0.1404,0.9396,0.0302,-0.1377,0.9900,0.1761,-0.1596,0.9714,-0.1573,0.0090,0.4178,Dark,
4.9284,6.4753,7.5399,0.0000,0.0000,0.3132,-0.1395,0.9394,0.0307,-0.1369,0.9901,0.1768,-0.1588,0.9713,-0.1573,0.0091,0.4176,Dark,
4.9395,6.4786,7.5471,0.0000,0.0000,0.3142,-0.1389,0.9392,0.0313,-0.1363,0.9902,0.1776,-0.1582,0.9713,-0.1574,0.0092,0.4174,Dark,
4.9509,6.4610,7.5433,0.0000,0.0000,0.3159,-0.1384,0.9386,0.0322,-0.1360,0.9902,0.1791,-0.1579,0.9711,-0.1574,0.0093,0.4171,Dark,
4.9620,6.4436,7.5356,0.0000,0.0000,0.3169,-0.1375,0.9384,0.0329,-0.1351,0.9903,0.1799,-0.1570,0.9711,-0.1575,0.0093,0.4169,Dark,
4.9730,6.4294,7.5108,0.0000,0.0000,0.3259,-0.1291,0.9365,0.0431,-0.1270,0.9910,0.1898,-0.1487,0.9705,-0.1576,0.0095,0.4167,Dark,
4.9842,6.3738,7.4562,0.0000,0.0000,0.3483,-0.1011,0.9319,0.0689,-0.0994,0.9927,0.2147,-0.1205,0.9692,-0.1577,0.0096,0.4165,Dark,
4.9953,6.3392,7.4287,0.0000,0.0000,0.3502,-0.0867,0.9327,0.0724,-0.0849,0.9938,0.2175,-0.1059,0.9703,-0.1578,0.0097,0.4164,Dark,
5.0063,6.3127,7.4302,0.0000,0.0000,0.3544,-0.0722,0.9323,0.0800,-0.0702,0.9943,0.2235,-0.0910,0.9704,-0.1579,0.0099,0.4162,Dark,
5.0175,6.3008,7.4190,0.0000,0.0000,0.3570,-0.0506,0.9327,0.0886,-0.0482,0.9949,0.2292,-0.0686,0.9710,-0.1580,0.0100,0.4160,Dark,
5.0298,6.3010,7.4073,0.0000,0.0000,0.3566,-0.0418,0.9333,0.0908,-0.0392,0.9951,0.2300,-0.0595,0.9714,-0.1580,0.0101,0.4159,Dark,
5.0396,6.3026,7.4088,0.0000,0.0000,0.3544,-0.0355,0.9344,0.0908,-0.0327,0.9953,0.2289,-0.0528,0.9720,-0.1581,0.0103,0.4157,Dark,
5.0508,6.2910,7.4039,0.0000,0.0000,0.3536,-0.0247,0.9351,0.0939,-0.0216,0.9953,0.2300,-0.0415,0.9723,-0.1581,0.0105,0.4156,Dark,
5.0622,6.2996,7.4017,0.0000,0.0000,0.3511,-0.0225,0.9361,0.0929,-0.0193,0.9955,0.2281,-0.0391,0.9728,-0.1582,0.0107,0.4154,Dark,
5.0731,6.2924,7.4255,0.0000,0.0000,0.3480,-0.0183,0.9373,0.0924,-0.0149,0.9956,0.2262,-0.0346,0.9735,-0.1582,0.0109,0.4153,Dark,
5.0843,6.2801,7.4230,0.0000,0.0000,0.3462,-0.0181,0.9380,0.0917,-0.0147,0.9957,0.2249,-0.0343,0.9738,-0.1582,0.0110,0.4151,Dark,
5.0954,6.2805,7.4206,0.0000,0.0000,0.3446,-0.0165,0.9386,0.0913,-0.0131,0.9957,0.2238,-0.0326,0.9741,-0.1582,0.0111,0.4150,Dark,
5.1065,6.2925,7.4045,0.0000,0.0000,0.3426,-0.0136,0.9394,0.0912,-0.0101,0.9958,0.2226,-0.0295,0.9745,-0.1582,0.0112,0.4148,Dark,
5.1179,6.3044,7.3983,0.0000,0.0000,0.3415,-0.0132,0.9398,0.0910,-0.0096,0.9958,0.2220,-0.0289,0.9746,-0.1582,0.0114,0.4147,Dark,
5.1288,6.2985,7.3945,0.0000,0.0000,0.3403,-0.0139,0.9402,0.0906,-0.0103,0.9958,0.2211,-0.0296,0.9748,-0.1582,0.0115,0.4146,Dark,
5.1399,6.2983,7.3973,0.0000,0.0000,0.3391,-0.0116,0.9407,0.0909,-0.0078,0.9958,0.2206,-0.0271,0.9750,-0.1582,0.0117,0.4144,Dark,
5.1511,6.3033,7.4018,0.0000,0.0000,0.3382,-0.0117,0.9410,0.0907,-0.0078,0.9959,0.2200,-0.0271,0.9751,-0.1582,0.0118,0.4143,Dark,
5.1623,6.2960,7.4052,0.0000,0.0000,0.3376,-0.0110,0.9412,0.0907,-0.0070,0.9959,0.2197,-0.0262,0.9752,-0.1582,0.0120,0.4141,Dark,
5.1735,6.2788,7.3753,0.0000,0.0000,0.3360,-0.0091,0.9418,0.0908,-0.0050,0.9959,0.2188,-0.0242,0.9755,-0.1581,0.0121,0.4140,Dark,
5.1846,6.2676,7.3261,0.0000,0.0000,0.3334,-0.0005,0.9428,0.0891,0.0038,0.9960,0.2166,-0.0153,0.9761,-0.1581,0.0122,0.4139,Dark,
5.1962,6.1860,7.2544,0.0000,0.0000,0.3298,0.0034,0.9441,0.0888,0.0078,0.9960,0.2145,-0.0111,0.9767,-0.1581,0.0122,0.4138,Dark,
5.2072,6.1155,7.2117,0.0000,0.0000,0.3065,0.0655,0.9496,0.0686,0.0706,0.9951,0.1923,0.0522,0.9799,-0.1580,0.0123,0.4137,Dark,
5.2181,6.0597,7.1818,0.0000,0.0000,0.3156,0.0371,0.9482,0.0811,0.0419,0.9958,0.2032,0.0236,0.9789,-0.1580,0.0125,0.4136,Dark,
5.2293,5.9840,7.0780,0.0000,0.0000,0.2947,0.0825,0.9520,0.0671,0.0875,0.9939,0.1852,0.0700,0.9802,-0.1579,0.0126,0.4135,Dark,
5.2402,5.9635,7.0460,0.0000,0.0000,0.2860,0.1029,0.9527,0.0617,0.1078,0.9923,0.1780,0.0908,0.9798,-0.1579,0.0128,0.4134,Dark,
5.2514,5.9441,7.0239,0.0000,0.0000,0.2798,0.1173,0.9529,0.0591,0.1221,0.9908,0.1735,0.1055,0.9792,-0.1578,0.0129,0.4134,Dark,
5.2627,5.9271,7.0187,0.0000,0.0000,0.2711,0.1372,0.9527,0.0563,0.1419,0.9883,0.1675,0.1260,0.9778,-0.1579,0.0131,0.4131,Dark,
5.2740,5.9222,7.0329,0.0000,0.0000,0.2707,0.1392,0.9526,0.0585,0.1439,0.9879,0.1683,0.1281,0.9774,-0.1578,0.0133,0.4130,Dark,
5.2849,5.9198,7.0441,0.0000,0.0000,0.2671,0.1482,0.9522,0.0576,0.1528,0.9866,0.1660,0.1374,0.9765,-0.1578,0.0135,0.4129,Dark,
5.2961,5.9307,7.0694,0.0000,0.0000,0.2659,0.1517,0.9520,0.0609,0.1563,0.9858,0.1670,0.1411,0.9758,-0.1578,0.0138,0.4128,Dark,
5.3071,5.9409,7.0767,0.0000,0.0000,0.2681,0.1472,0.9521,0.0649,0.1517,0.9863,0.1701,0.1366,0.9759,-0.1578,0.0141,0.4126,Dark,
5.3182,5.9416,7.0814,0.0000,0.0000,0.2658,0.1538,0.9517,0.0644,0.1583,0.9853,0.1686,0.1434,0.9752,-0.1578,0.0144,0.4125,Dark,
5.3298,5.9512,7.0897,0.0000,0.0000,0.2661,0.1526,0.9518,0.0678,0.1571,0.9853,0.1704,0.1424,0.9750,-0.1578,0.0147,0.4122,Dark,
5.3405,5.9583,7.0975,0.0000,0.0000,0.2668,0.1517,0.9517,0.0698,0.1562,0.9853,0.1718,0.1415,0.9749,-0.1578,0.0151,0.4120,Dark,
5.3516,5.9654,7.1038,0.0000,0.0000,0.2669,0.1541,0.9513,0.0711,0.1585,0.9848,0.1724,0.1440,0.9744,-0.1578,0.0156,0.4118,Dark,
5.3628,5.9798,7.1189,0.0000,0.0000,0.2666,0.1567,0.9510,0.0730,0.1611,0.9842,0.1732,0.1467,0.9739,-0.1578,0.0161,0.4114,Dark,
5.3738,5.9854,7.1352,0.0000,0.0000,0.2666,0.1603,0.9504,0.0739,0.1647,0.9836,0.1737,0.1504,0.9733,-0.1578,0.0168,0.4111,Dark,
5.3850,5.9897,7.1478,0.0000,0.0000,0.2663,0.1651,0.9496,0.0746,0.1694,0.9827,0.1738,0.1552,0.9725,-0.1578,0.0174,0.4108,Dark,
5.3968,6.0032,7.1493,0.0000,0.0000,0.2663,0.1689,0.9490,0.0763,0.1731,0.9819,0.1747,0.1591,0.9717,-0.1578,0.0180,0.4103,Dark,
5.4078,6.0115,7.1629,0.0000,0.0000,0.2666,0.1741,0.9480,0.0774,0.1782,0.9809,0.1754,0.1643,0.9707,-0.1578,0.0187,0.4099,Dark,
5.4184,6.0267,7.1733,0.0000,0.0000,0.2669,0.1806,0.9466,0.0784,0.1847,0.9797,0.1761,0.1709,0.9694,-0.1578,0.0196,0.4094,Dark,
5.4301,6.0521,7.2197,0.0000,0.0000,0.2670,0.1885,0.9451,0.0795,0.1925,0.9781,0.1767,0.1789,0.9679,-0.1579,0.0206,0.4089,Dark,
5.4409,6.0619,7.2284,0.0000,0.0000,0.2670,0.1977,0.9432,0.0798,0.2017,0.9762,0.1768,0.1882,0.9661,-0.1579,0.0218,0.4083,Dark,
5.4521,6.0771,7.2081,0.0000,0.0000,0.2668,0.2068,0.9413,0.0802,0.2107,0.9743,0.1770,0.1973,0.9642,-0.1580,0.0230,0.4078,Dark,
5.4635,6.0484,7.1858,0.0000,0.0000,0.2669,0.2174,0.9389,0.0807,0.2212,0.9719,0.1773,0.2080,0.9619,-0.1581,0.0242,0.4071,Dark,
5.4744,6.0238,7.1275,0.0000,0.0000,0.2675,0.2344,0.9346,0.0818,0.2381,0.9678,0.1782,0.2250,0.9579,-0.1582,0.0257,0.4064,Dark,
5.4856,5.8836,7.0412,0.0000,0.0000,0.2700,0.2623,0.9264,0.0857,0.2663,0.9601,0.1814,0.2534,0.9502,-0.1584,0.0272,0.4057,Dark,
5.4970,5.8489,7.0128,0.0000,0.0000,0.2635,0.2879,0.9207,0.0815,0.2915,0.9531,0.1760,0.2792,0.9440,-0.1586,0.0287,0.4048,Dark,
5.5080,5.8267,6.9779,0.0000,0.0000,0.2575,0.3158,0.9132,0.0780,0.3192,0.9445,0.1712,0.3074,0.9360,-0.1587,0.0301,0.4040,Dark,
5.5188,5.8149,6.9540,0.0000,0.0000,0.2535,0.3346,0.9076,0.0777,0.3377,0.9380,0.1690,0.3264,0.9300,-0.1589,0.0317,0.4030,Dark,
5.5301,5.8153,6.9561,0.0000,0.0000,0.2489,0.3538,0.9016,0.0765,0.3567,0.9311,0.1660,0.3458,0.9235,-0.1591,0.0332,0.4019,Dark,
5.5413,5.8141,6.9761,0.0000,0.0000,0.2442,0.3721,0.8955,0.0744,0.3747,0.9242,0.1626,0.3643,0.9170,-0.1593,0.0350,0.4008,Dark,
5.5522,5.8404,7.0129,0.0000,0.0000,0.2375,0.3886,0.8903,0.0732,0.3908,0.9175,0.1585,0.3810,0.9109,-0.1596,0.0368,0.3997,Dark,
5.5639,5.8647,7.0262,0.0000,0.0000,0.2346,0.4019,0.8851,0.0725,0.4040,0.9119,0.1567,0.3944,0.9055,-0.1599,0.0386,0.3983,Dark,
5.5744,5.8844,7.0491,0.0000,0.0000,0.2321,0.4154,0.8795,0.0719,0.4173,0.9059,0.1551,0.4080,0.8997,-0.1602,0.0404,0.3970,Dark,
5.5856,5.9359,7.1139,0.0000,0.0000,0.2286,0.4277,0.8745,0.0713,0.4294,0.9003,0.1530,0.4205,0.8943,-0.1605,0.0423,0.3956,Dark,
5.5971,5.9769,7.1525,0.0000,0.0000,0.2269,0.4414,0.8682,0.0706,0.4429,0.8938,0.1518,0.4342,0.8879,-0.1607,0.0442,0.3939,Dark,
5.6081,6.0372,7.1894,0.0000,0.0000,0.2252,0.4533,0.8624,0.0704,0.4547,0.8879,0.1508,0.4462,0.8821,-0.1611,0.0462,0.3923,Dark,
5.6189,6.0578,7.1904,0.0000,0.0000,0.2211,0.4759,0.8512,0.0671,0.4771,0.8763,0.1472,0.4690,0.8709,-0.1615,0.0482,0.3906,Dark,
5.6303,6.0706,7.2003,0.0000,0.0000,0.2198,0.4878,0.8448,0.0661,0.4889,0.8698,0.1460,0.4809,0.8645,-0.1618,0.0501,0.3887,Dark,
5.6412,6.0744,7.2247,0.0000,0.0000,0.2200,0.4919,0.8424,0.0658,0.4930,0.8675,0.1459,0.4851,0.8622,-0.1622,0.0519,0.3869,Dark,
5.6525,6.0993,7.2425,0.0000,0.0000,0.2185,0.5055,0.8347,0.0640,0.5065,0.8598,0.1443,0.4987,0.8547,-0.1626,0.0537,0.3851,Dark,
5.6637,6.1194,7.2792,0.0000,0.0000,0.2183,0.5153,0.8287,0.0634,0.5164,0.8540,0.1439,0.5086,0.8489,-0.1630,0.0553,0.3830,Dark,
5.6750,6.1678,7.3272,0.0000,0.0000,0.2188,0.5248,0.8226,0.0621,0.5258,0.8483,0.1436,0.5180,0.8432,-0.1634,0.0569,0.3811,Dark,
5.6858,6.1836,7.3684,0.0000,0.0000,0.2194,0.5339,0.8166,0.0619,0.5350,0.8426,0.1439,0.5272,0.8374,-0.1637,0.0585,0.3792,Dark,
5.6973,6.1957,7.3985,0.0000,0.0000,0.2199,0.5428,0.8106,0.0611,0.5439,0.8369,0.1437,0.5362,0.8317,-0.1641,0.0600,0.3771,Dark,
5.7081,6.2307,7.4277,0.0000,0.0000,0.2222,0.5481,0.8063,0.0608,0.5494,0.8334,0.1449,0.5415,0.8281,-0.1645,0.0616,0.3750,Dark,
5.7192,6.2536,7.4073,0.0000,0.0000,0.2232,0.5564,0.8004,0.0604,0.5578,0.8278,0.1452,0.5499,0.8225,-0.1650,0.0632,0.3730,Dark,
5.7306,6.2481,7.3875,0.0000,0.0000,0.2237,0.5604,0.7975,0.0596,0.5618,0.8252,0.1451,0.5539,0.8199,-0.1654,0.0646,0.3708,Dark,
5.7417,6.1904,7.2629,0.0000,0.0000,0.2229,0.5567,0.8003,0.0570,0.5578,0.8280,0.1434,0.5499,0.8228,-0.1658,0.0661,0.3687,Dark,
5.7530,6.1460,7.2179,0.0000,0.0000,0.2205,0.5691,0.7921,0.0548,0.5702,0.8197,0.1411,0.5624,0.8147,-0.1663,0.0675,0.3666,Dark,
5.7641,6.0669,7.1862,0.0000,0.0000,0.2186,0.5839,0.7819,0.0535,0.5849,0.8093,0.1395,0.5774,0.8044,-0.1667,0.0687,0.3645,Dark,
5.7752,5.9535,7.1523,0.0000,0.0000,0.2158,0.6108,0.7618,0.0541,0.6121,0.7889,0.1384,0.6049,0.7842,-0.1672,0.0698,0.3625,Dark,
5.7861,5.9170,7.1719,0.0000,0.0000,0.2147,0.6287,0.7475,0.0554,0.6302,0.7744,0.1385,0.6232,0.7697,-0.1676,0.0709,0.3604,Dark,
5.7974,5.9099,7.1936,0.0000,0.0000,0.2143,0.6474,0.7314,0.0597,0.6495,0.7580,0.1404,0.6426,0.7533,-0.1681,0.0719,0.3584,Dark,
5.8083,5.9422,7.1968,0.0000,0.0000,0.2174,0.6623,0.7170,0.0652,0.6650,0.7440,0.1448,0.6580,0.7390,-0.1685,0.0730,0.3565,Dark,
5.8196,5.9694,7.2237,0.0000,0.0000,0.2215,0.6769,0.7020,0.0720,0.6804,0.7293,0.1502,0.6733,0.7240,-0.1690,0.0740,0.3546,Dark,
5.8307,6.0515,7.2541,0.0000,0.0000,0.2245,0.6894,0.6887,0.0791,0.6936,0.7160,0.1553,0.6863,0.7105,-0.1693,0.0749,0.3527,Dark,
5.8421,6.0815,7.2620,0.0000,0.0000,0.2275,0.6996,0.6773,0.0836,0.7044,0.7048,0.1591,0.6970,0.6992,-0.1698,0.0758,0.3509,Dark,
5.8530,6.1022,7.2898,0.0000,0.0000,0.2312,0.7080,0.6673,0.0885,0.7134,0.6951,0.1634,0.7058,0.6893,-0.1702,0.0767,0.3491,Dark,
5.8641,6.0949,7.3291,0.0000,0.0000,0.2308,0.7098,0.6656,0.0891,0.7152,0.6932,0.1634,0.7076,0.6874,-0.1705,0.0775,0.3473,Dark,
5.8752,6.1296,7.3439,0.0000,0.0000,0.2300,0.7135,0.6618,0.0881,0.7190,0.6894,0.1626,0.7114,0.6837,-0.1708,0.0783,0.3456,Dark,
5.8862,6.1588,7.3674,0.0000,0.0000,0.2293,0.7168,0.6585,0.0874,0.7223,0.6861,0.1619,0.7148,0.6804,-0.1712,0.0790,0.3439,Dark,
5.8976,6.1686,7.3951,0.0000,0.0000,0.2275,0.7156,0.6605,0.0848,0.7207,0.6880,0.1596,0.7133,0.6824,-0.1716,0.0797,0.3423,Dark,
5.9088,6.2175,7.4028,0.0000,0.0000,0.2268,0.7189,0.6571,0.0832,0.7240,0.6847,0.1585,0.7166,0.6792,-0.1719,0.0805,0.3406,Dark,
5.9197,6.2545,7.4157,0.0000,0.0000,0.2265,0.7226,0.6531,0.0822,0.7278,0.6808,0.1579,0.7205,0.6753,-0.1722,0.0812,0.3390,Dark,
5.9311,6.3060,7.4299,0.0000,0.0000,0.2263,0.7227,0.6530,0.0799,0.7279,0.6810,0.1567,0.7205,0.6755,-0.1726,0.0818,0.3374,Dark,
5.9423,6.3301,7.4335,0.0000,0.0000,0.2265,0.7259,0.6494,0.0792,0.7311,0.6776,0.1565,0.7237,0.6721,-0.1729,0.0825,0.3358,Dark,
5.9531,6.3448,7.4523,0.0000,0.0000,0.2267,0.7289,0.6460,0.0785,0.7343,0.6743,0.1562,0.7268,0.6688,-0.1731,0.0832,0.3342,Dark,
5.9642,6.3951,7.4691,0.0000,0.0000,0.2284,0.7298,0.6444,0.0787,0.7353,0.6731,0.1573,0.7277,0.6676,-0.1734,0.0838,0.3325,Dark,
5.9753,6.4228,7.4698,0.0000,0.0000,0.2293,0.7327,0.6408,0.0789,0.7384,0.6697,0.1578,0.7308,0.6641,-0.1736,0.0844,0.3310,Dark,
5.9864,6.4440,7.4988,0.0000,0.0000,0.2302,0.7356,0.6371,0.0794,0.7415,0.6662,0.1586,0.7338,0.6606,-0.1738,0.0849,0.3295,Dark,
5.9976,6.4733,7.5354,0.0000,0.0000,0.2322,0.7362,0.6357,0.0804,0.7423,0.6652,0.1601,0.7345,0.6595,-0.1739,0.0854,0.3280,Dark,
6.0092,6.4677,7.5463,0.0000,0.0000,0.2333,0.7388,0.6322,0.0812,0.7451,0.6620,0.1611,0.7372,0.6562,-0.1741,0.0858,0.3265,Dark,
6.0199,6.4616,7.5416,0.0000,0.0000,0.2338,0.7418,0.6286,0.0814,0.7482,0.6584,0.1614,0.7403,0.6526,-0.1743,0.0863,0.3252,Dark,
6.0314,6.3715,7.5043,0.0000,0.0000,0.2304,0.7424,0.6291,0.0768,0.7483,0.6588,0.1574,0.7406,0.6532,-0.1745,0.0867,0.3239,Dark,
6.0420,6.3391,7.4801,0.0000,0.0000,0.2330,0.7448,0.6253,0.0799,0.7511,0.6553,0.1603,0.7433,0.6495,-0.1747,0.0872,0.3225,Dark,
6.0534,6.2453,7.4113,0.0000,0.0000,0.2293,0.7471,0.6239,0.0761,0.7530,0.6536,0.1565,0.7454,0.6480,-0.1748,0.0878,0.3212,Dark,
6.0642,6.2181,7.3905,0.0000,0.0000,0.2262,0.7503,0.6212,0.0733,0.7559,0.6506,0.1535,0.7485,0.6451,-0.1750,0.0882,0.3199,Dark,
6.0756,6.2032,7.3960,0.0000,0.0000,0.2231,0.7535,0.6184,0.0696,0.7588,0.6476,0.1501,0.7516,0.6423,-0.1753,0.0887,0.3187,Dark,
6.0867,6.1805,7.4157,0.0000,0.0000,0.2163,0.7569,0.6167,0.0628,0.7612,0.6454,0.1432,0.7546,0.6404,-0.1755,0.0892,0.3175,Dark,
6.0978,6.1863,7.4262,0.0000,0.0000,0.2131,0.7612,0.6125,0.0597,0.7652,0.6410,0.1401,0.7588,0.6361,-0.1757,0.0897,0.3163,Dark,
6.1091,6.1913,7.4359,0.0000,0.0000,0.2102,0.7658,0.6077,0.0568,0.7694,0.6362,0.1372,0.7633,0.6313,-0.1759,0.0903,0.3152,Dark,
6.1201,6.2236,7.4499,0.0000,0.0000,0.2075,0.7719,0.6009,0.0542,0.7752,0.6294,0.1345,0.7693,0.6246,-0.1762,0.0908,0.3141,Dark,
6.1311,6.2386,7.4565,0.0000,0.0000,0.2059,0.7766,0.5955,0.0526,0.7796,0.6240,0.1330,0.7739,0.6192,-0.1764,0.0913,0.3130,Dark,
6.1422,6.2495,7.4669,0.0000,0.0000,0.2035,0.7801,0.5916,0.0502,0.7828,0.6202,0.1306,0.7773,0.6154,-0.1767,0.0917,0.3120,Dark,
6.1539,6.2604,7.4895,0.0000,0.0000,0.2028,0.7845,0.5860,0.0491,0.7871,0.6149,0.1297,0.7818,0.6100,-0.1770,0.0921,0.3111,Dark,
6.1645,6.2792,7.5006,0.0000,0.0000,0.2017,0.7880,0.5818,0.0476,0.7904,0.6108,0.1285,0.7852,0.6058,-0.1773,0.0925,0.3100,Dark,
6.1756,6.2944,7.4998,0.0000,0.0000,0.2010,0.7911,0.5777,0.0468,0.7935,0.6068,0.1277,0.7884,0.6018,-0.1776,0.0929,0.3091,Dark,
6.1870,6.3258,7.5154,0.0000,0.0000,0.2011,0.7938,0.5740,0.0463,0.7961,0.6034,0.1275,0.7910,0.5983,-0.1779,0.0932,0.3083,Dark,
6.1979,6.3461,7.5293,0.0000,0.0000,0.2003,0.7965,0.5705,0.0452,0.7987,0.6000,0.1266,0.7937,0.5949,-0.1782,0.0936,0.3073,Dark,
6.2097,6.3787,7.5486,0.0000,0.0000,0.2000,0.7988,0.5674,0.0442,0.8010,0.5971,0.1260,0.7961,0.5920,-0.1785,0.0939,0.3065,Dark,
6.2206,6.3924,7.5736,0.0000,0.0000,0.1991,0.8011,0.5644,0.0429,0.8031,0.5942,0.1249,0.7983,0.5891,-0.1788,0.0941,0.3058,Dark,
6.2314,6.3985,7.5923,0.0000,0.0000,0.1983,0.8031,0.5618,0.0416,0.8051,0.5917,0.1239,0.8003,0.5866,-0.1790,0.0944,0.3048,Dark,
6.2430,6.3990,7.6139,0.0000,0.0000,0.1982,0.8047,0.5596,0.0409,0.8066,0.5897,0.1235,0.8019,0.5845,-0.1793,0.0946,0.3041,Dark,
6.2539,6.3957,7.6101,0.0000,0.0000,0.1965,0.8058,0.5587,0.0389,0.8075,0.5886,0.1217,0.8029,0.5836,-0.1795,0.0949,0.3034,Dark,
6.2648,6.3606,7.6049,0.0000,0.0000,0.1943,0.8064,0.5585,0.0365,0.8079,0.5882,0.1194,0.8035,0.5833,-0.1798,0.0952,0.3025,Dark,
6.2759,6.2696,7.5157,0.0000,0.0000,0.1817,0.8058,0.5636,0.0239,0.8055,0.5921,0.1066,0.8019,0.5878,-0.1800,0.0954,0.3018,Dark,
6.2871,6.2197,7.4553,0.0000,0.0000,0.1736,0.8093,0.5611,0.0160,0.8081,0.5888,0.0985,0.8051,0.5850,-0.1801,0.0957,0.3012,Dark,
6.2982,6.1693,7.4084,0.0000,0.0000,0.1653,0.8127,0.5587,0.0099,0.8107,0.5854,0.0912,0.8081,0.5819,-0.1803,0.0960,0.3003,Dark,
6.3093,6.1112,7.3712,0.0000,0.0000,0.1491,0.8211,0.5509,-0.0019,0.8177,0.5757,0.0770,0.8160,0.5728,-0.1804,0.0961,0.2996,Dark,
6.3211,6.0983,7.3812,0.0000,0.0000,0.1444,0.8245,0.5472,-0.0042,0.8207,0.5713,0.0734,0.8193,0.5686,-0.1805,0.0963,0.2990,Dark,
6.3318,6.0447,7.3948,0.0000,0.0000,0.1363,0.8283,0.5434,-0.0069,0.8242,0.5663,0.0678,0.8231,0.5639,-0.1805,0.0964,0.2983,Dark,
6.3427,6.0457,7.3952,0.0000,0.0000,0.1333,0.8302,0.5413,-0.0082,0.8259,0.5637,0.0656,0.8250,0.5614,-0.1806,0.0965,0.2977,Dark,
6.3542,6.0480,7.3888,0.0000,0.0000,0.1310,0.8318,0.5394,-0.0088,0.8274,0.5615,0.0641,0.8265,0.5593,-0.1807,0.0966,0.2971,Dark,
6.3652,6.0690,7.3765,0.0000,0.0000,0.1222,0.8345,0.5373,-0.0151,0.8294,0.5584,0.0564,0.8289,0.5565,-0.1808,0.0967,0.2963,Dark,
6.3761,6.0818,7.3833,0.0000,0.0000,0.1257,0.8349,0.5359,-0.0104,0.8304,0.5571,0.0605,0.8296,0.5551,-0.1808,0.0968,0.2957,Dark,
6.3873,6.0900,7.3934,0.0000,0.0000,0.1244,0.8360,0.5344,-0.0105,0.8315,0.5554,0.0598,0.8308,0.5534,-0.1809,0.0969,0.2951,Dark,
6.3984,6.0961,7.4062,0.0000,0.0000,0.1228,0.8371,0.5332,-0.0099,0.8326,0.5538,0.0592,0.8319,0.5518,-0.1810,0.0970,0.2944,Dark,
6.4096,6.0958,7.4086,0.0000,0.0000,0.1217,0.8381,0.5318,-0.0100,0.8336,0.5522,0.0586,0.8329,0.5503,-0.1810,0.0971,0.2939,Dark,
6.4210,6.0954,7.4107,0.0000,0.0000,0.1205,0.8392,0.5303,-0.0104,0.8347,0.5505,0.0578,0.8341,0.5486,-0.1810,0.0972,0.2933,Dark,
6.4318,6.0934,7.4108,0.0000,0.0000,0.1173,0.8425,0.5257,-0.0120,0.8379,0.5456,0.0553,0.8374,0.5438,-0.1811,0.0974,0.2926,Dark,
6.4430,6.0923,7.4314,0.0000,0.0000,0.1181,0.8448,0.5219,-0.0105,0.8404,0.5418,0.0565,0.8398,0.5399,-0.1812,0.0975,0.2921,Dark,
6.4542,6.0914,7.4489,0.0000,0.0000,0.1181,0.8469,0.5184,-0.0098,0.8427,0.5383,0.0568,0.8421,0.5364,-0.1812,0.0976,0.2916,Dark,
6.4654,6.0940,7.4581,0.0000,0.0000,0.1220,0.8506,0.5115,-0.0046,0.8470,0.5316,0.0614,0.8461,0.5295,-0.1814,0.0977,0.2910,Dark,
6.4764,6.0967,7.4711,0.0000,0.0000,0.1220,0.8515,0.5100,-0.0041,0.8480,0.5300,0.0617,0.8471,0.5279,-0.1814,0.0977,0.2906,Dark,
6.4877,6.1348,7.4800,0.0000,0.0000,0.1226,0.8532,0.5070,-0.0031,0.8498,0.5270,0.0624,0.8489,0.5249,-0.1814,0.0978,0.2903,Dark,
6.4991,6.1762,7.4934,0.0000,0.0000,0.1251,0.8560,0.5016,0.0001,0.8531,0.5217,0.0653,0.8520,0.5195,-0.1816,0.0978,0.2898,Dark,
6.5098,6.1820,7.4947,0.0000,0.0000,0.1257,0.8575,0.4989,0.0009,0.8547,0.5192,0.0660,0.8535,0.5168,-0.1816,0.0979,0.2895,Dark,
6.5211,6.1948,7.4944,0.0000,0.0000,0.1253,0.8583,0.4976,0.0006,0.8555,0.5179,0.0657,0.8543,0.5155,-0.1817,0.0980,0.2893,Dark,
6.5320,6.1984,7.5021,0.0000,0.0000,0.1260,0.8598,0.4949,0.0013,0.8570,0.5152,0.0664,0.8559,0.5129,-0.1818,0.0980,0.2890,Dark,
6.5432,6.1962,7.5079,0.0000,0.0000,0.1261,0.8602,0.4942,0.0014,0.8574,0.5147,0.0664,0.8563,0.5122,-0.1819,0.0980,0.2890,Dark,
6.5544,6.1908,7.5187,0.0000,0.0000,0.1269,0.8602,0.4939,0.0021,0.8575,0.5145,0.0673,0.8563,0.5120,-0.1818,0.0978,0.2892,Dark,
6.5658,6.2073,7.5228,0.0000,0.0000,0.1275,0.8591,0.4957,0.0025,0.8564,0.5164,0.0678,0.8552,0.5138,-0.1819,0.0976,0.2894,Dark,
6.5766,6.2218,7.5135,0.0000,0.0000,0.1279,0.8575,0.4984,0.0026,0.8547,0.5192,0.0680,0.8535,0.5166,-0.1819,0.0975,0.2899,Dark,
6.5878,6.2115,7.5015,0.0000,0.0000,0.1282,0.8559,0.5010,0.0026,0.8530,0.5219,0.0682,0.8519,0.5193,-0.1819,0.0973,0.2906,Dark,
6.5990,6.2181,7.4988,0.0000,0.0000,0.1280,0.8534,0.5053,0.0021,0.8503,0.5263,0.0679,0.8492,0.5237,-0.1819,0.0971,0.2913,Dark,
6.6100,6.2223,7.5008,0.0000,0.0000,0.1277,0.8503,0.5105,0.0016,0.8471,0.5315,0.0674,0.8461,0.5288,-0.1819,0.0969,0.2923,Dark,
6.6214,6.2068,7.5160,0.0000,0.0000,0.1275,0.8476,0.5150,0.0009,0.8442,0.5360,0.0670,0.8432,0.5334,-0.1819,0.0967,0.2934,Dark,
6.6323,6.1883,7.5257,0.0000,0.0000,0.1272,0.8444,0.5204,0.0003,0.8408,0.5413,0.0666,0.8398,0.5387,-0.1819,0.0964,0.2945,Dark,
6.6434,6.1721,7.5181,0.0000,0.0000,0.1268,0.8408,0.5263,-0.0003,0.8371,0.5471,0.0660,0.8361,0.5445,-0.1819,0.0961,0.2958,Dark,
6.6547,6.1469,7.4887,0.0000,0.0000,0.1265,0.8376,0.5315,-0.0009,0.8337,0.5522,0.0656,0.8328,0.5497,-0.1818,0.0958,0.2972,Dark,
6.6659,6.1460,7.4701,0.0000,0.0000,0.1264,0.8334,0.5380,-0.0011,0.8294,0.5586,0.0654,0.8285,0.5562,-0.1818,0.0953,0.2987,Dark,
6.6769,6.1469,7.4646,0.0000,0.0000,0.1262,0.8291,0.5447,-0.0014,0.8250,0.5652,0.0652,0.8241,0.5627,-0.1817,0.0949,0.3004,Dark,
6.6881,6.1308,7.4685,0.0000,0.0000,0.1259,0.8255,0.5502,-0.0017,0.8212,0.5706,0.0649,0.8203,0.5682,-0.1817,0.0944,0.3020,Dark,
6.6995,6.1107,7.4746,0.0000,0.0000,0.1253,0.8208,0.5572,-0.0022,0.8164,0.5774,0.0644,0.8156,0.5751,-0.1816,0.0939,0.3037,Dark,
6.7103,6.0941,7.4427,0.0000,0.0000,0.1250,0.8160,0.5644,-0.0024,0.8115,0.5844,0.0640,0.8106,0.5822,-0.1815,0.0933,0.3055,Dark,
6.7217,6.1280,7.3972,0.0000,0.0000,0.1245,0.8118,0.5705,-0.0024,0.8072,0.5902,0.0638,0.8063,0.5880,-0.1814,0.0927,0.3074,Dark,
6.7326,6.1623,7.3841,0.0000,0.0000,0.1239,0.8066,0.5780,-0.0026,0.8019,0.5974,0.0634,0.8010,0.5953,-0.1814,0.0921,0.3092,Dark,
6.7439,6.2134,7.3733,0.0000,0.0000,0.1235,0.8020,0.5844,-0.0021,0.7974,0.6035,0.0634,0.7964,0.6014,-0.1812,0.0913,0.3111,Dark,
6.7553,6.2279,7.3628,0.0000,0.0000,0.1234,0.7960,0.5925,-0.0017,0.7914,0.6113,0.0636,0.7903,0.6094,-0.1811,0.0904,0.3132,Dark,
6.7663,6.1876,7.3534,0.0000,0.0000,0.1233,0.7895,0.6012,-0.0013,0.7849,0.6197,0.0637,0.7837,0.6178,-0.1810,0.0895,0.3152,Dark,
6.7772,6.1520,7.3450,0.0000,0.0000,0.1232,0.7823,0.6106,-0.0008,0.7776,0.6287,0.0638,0.7764,0.6270,-0.1809,0.0885,0.3173,Dark,
6.7883,6.1540,7.3283,0.0000,0.0000,0.1227,0.7770,0.6175,-0.0001,0.7723,0.6353,0.0639,0.7711,0.6335,-0.1807,0.0875,0.3194,Dark,
6.7994,6.0960,7.3070,0.0000,0.0000,0.1224,0.7690,0.6274,0.0001,0.7643,0.6449,0.0638,0.7630,0.6432,-0.1807,0.0863,0.3216,Dark,
6.8105,6.0337,7.2928,0.0000,0.0000,0.1219,0.7624,0.6355,0.0011,0.7577,0.6525,0.0640,0.7564,0.6510,-0.1806,0.0852,0.3238,Dark,
6.8218,6.0193,7.2720,0.0000,0.0000,0.1216,0.7526,0.6472,0.0014,0.7479,0.6638,0.0640,0.7465,0.6624,-0.1804,0.0840,0.3261,Dark,
6.8335,6.0194,7.2560,0.0000,0.0000,0.1200,0.7432,0.6582,0.0020,0.7385,0.6742,0.0634,0.7370,0.6729,-0.1804,0.0827,0.3285,Dark,
6.8439,6.0347,7.2696,0.0000,0.0000,0.1167,0.7352,0.6678,0.0031,0.7306,0.6828,0.0622,0.7291,0.6816,-0.1802,0.0816,0.3309,Dark,
6.8552,6.0400,7.2639,0.0000,0.0000,0.1155,0.7259,0.6781,0.0032,0.7213,0.6926,0.0616,0.7197,0.6915,-0.1801,0.0804,0.3333,Dark,
6.8662,6.0524,7.2602,0.0000,0.0000,0.1126,0.7160,0.6890,0.0034,0.7115,0.7027,0.0602,0.7099,0.7018,-0.1801,0.0792,0.3358,Dark,
6.8774,6.0640,7.2346,0.0000,0.0000,0.1090,0.7059,0.6998,0.0019,0.7014,0.7128,0.0576,0.6998,0.7120,-0.1801,0.0779,0.3383,Dark,
6.8886,6.0657,7.2216,0.0000,0.0000,0.1074,0.6948,0.7111,0.0000,0.6901,0.7237,0.0558,0.6885,0.7231,-0.1800,0.0764,0.3408,Dark,
6.9002,6.0595,7.2126,0.0000,0.0000,0.1052,0.6824,0.7233,-0.0022,0.6776,0.7354,0.0535,0.6759,0.7350,-0.1800,0.0748,0.3434,Dark,
6.9107,6.0599,7.2371,0.0000,0.0000,0.1028,0.6684,0.7367,-0.0055,0.6633,0.7483,0.0507,0.6616,0.7481,-0.1799,0.0731,0.3460,Dark,
6.9220,6.0663,7.2483,0.0000,0.0000,0.1026,0.6568,0.7471,-0.0064,0.6517,0.7584,0.0501,0.6499,0.7583,-0.1799,0.0713,0.3487,Dark,
6.9333,6.0724,7.2661,0.0000,0.0000,0.0999,0.6399,0.7620,-0.0101,0.6346,0.7728,0.0469,0.6327,0.7729,-0.1799,0.0694,0.3513,Dark,
6.9443,6.0724,7.3285,0.0000,0.0000,0.1046,0.5957,0.7964,-0.0112,0.5901,0.8073,0.0488,0.5878,0.8075,-0.1799,0.0675,0.3540,Dark,
6.9555,6.0942,7.3476,0.0000,0.0000,0.0998,0.5902,0.8011,-0.0186,0.5841,0.8114,0.0426,0.5820,0.8121,-0.1800,0.0655,0.3568,Dark,
6.9668,6.1109,7.3637,0.0000,0.0000,0.1072,0.5590,0.8222,-0.0138,0.5532,0.8329,0.0489,0.5506,0.8333,-0.1801,0.0633,0.3595,Dark,
6.9779,6.2068,7.3778,0.0000,0.0000,0.1291,0.5093,0.8508,0.0009,0.5043,0.8635,0.0674,0.5006,0.8631,-0.1802,0.0611,0.3623,Dark,
6.9892,6.2637,7.3776,0.0000,0.0000,0.1370,0.4728,0.8705,0.0046,0.4678,0.8838,0.0733,0.4636,0.8830,-0.1804,0.0588,0.3650,Dark,
7.0000,6.3020,7.4506,0.0000,0.0000,0.1416,0.4401,0.8867,0.0056,0.4352,0.9003,0.0761,0.4306,0.8993,-0.1805,0.0564,0.3677,Dark,
7.0111,6.3846,7.5378,0.0000,0.0000,0.1501,0.3957,0.9060,0.0057,0.3905,0.9206,0.0806,0.3853,0.9193,-0.1807,0.0540,0.3704,Dark,
7.0222,6.4143,7.5561,0.0000,0.0000,0.1531,0.3605,0.9201,0.0037,0.3552,0.9348,0.0812,0.3496,0.9334,-0.1809,0.0514,0.3730,Dark,
7.0338,6.4354,7.6020,0.0000,0.0000,0.1573,0.3217,0.9337,0.0033,0.3162,0.9487,0.0832,0.3101,0.9471,-0.1811,0.0488,0.3756,Dark,
7.0448,6.4782,7.6710,0.0000,0.0000,0.1718,0.2568,0.9511,0.0079,0.2510,0.9680,0.0930,0.2441,0.9653,-0.1814,0.0461,0.3782,Dark,
7.0556,6.5166,7.7029,0.0000,0.0000,0.1791,0.2082,0.9615,0.0098,0.2020,0.9793,0.0978,0.1947,0.9760,-0.1817,0.0434,0.3807,Dark,
7.0668,6.5470,7.7518,0.0000,0.0000,0.1854,0.1569,0.9701,0.0113,0.1502,0.9886,0.1018,0.1426,0.9845,-0.1820,0.0406,0.3831,Dark,
7.0779,6.6522,7.8543,0.0000,0.0000,0.1788,0.0585,0.9821,-0.0074,0.0500,0.9987,0.0892,0.0421,0.9951,-0.1824,0.0378,0.3856,Dark,
7.0894,6.7117,7.9064,0.0000,0.0000,0.1673,0.0047,0.9859,-0.0259,-0.0045,0.9997,0.0741,-0.0127,0.9972,-0.1829,0.0349,0.3880,Dark,
7.1002,6.7562,7.9826,0.0000,0.0000,0.1463,-0.0489,0.9880,-0.0538,-0.0584,0.9968,0.0495,-0.0672,0.9965,-0.1832,0.0318,0.3902,Dark,
7.1114,6.8218,8.0833,0.0000,0.0000,0.1577,-0.0996,0.9825,-0.0572,-0.1100,0.9923,0.0538,-0.1195,0.9914,-0.1837,0.0288,0.3924,Dark,
7.1225,6.8624,8.1115,0.0000,0.0000,0.1473,-0.1445,0.9785,-0.0755,-0.1549,0.9850,0.0394,-0.1651,0.9855,-0.1843,0.0257,0.3946,Dark,
7.1337,6.8928,8.1680,0.0000,0.0000,0.1668,-0.1643,0.9722,-0.0645,-0.1757,0.9823,0.0551,-0.1861,0.9810,-0.1848,0.0226,0.3966,Dark,
7.1449,6.9432,8.2375,0.0000,0.0000,0.1815,-0.1910,0.9647,-0.0681,-0.2038,0.9766,0.0612,-0.2150,0.9747,-0.1854,0.0194,0.3987,Dark,
7.1560,6.9459,8.2573,0.0000,0.0000,0.1689,-0.2265,0.9593,-0.0902,-0.2389,0.9668,0.0438,-0.2512,0.9669,-0.1862,0.0162,0.4007,Dark,
7.1673,6.9433,8.2213,0.0000,0.0000,0.1778,-0.2534,0.9509,-0.0987,-0.2667,0.9587,0.0445,-0.2800,0.9590,-0.1870,0.0128,0.4026,Dark,
7.1783,6.9417,8.2009,0.0000,0.0000,0.1866,-0.2735,0.9436,-0.0978,-0.2875,0.9528,0.0498,-0.3013,0.9522,-0.1879,0.0094,0.4043,Dark,
7.1899,6.9172,8.1858,0.0000,0.0000,0.1759,-0.3043,0.9362,-0.1163,-0.3176,0.9410,0.0351,-0.3325,0.9425,-0.1888,0.0060,0.4059,Dark,
7.2005,6.8566,8.1412,0.0000,0.0000,0.1788,-0.3241,0.9290,-0.1264,-0.3378,0.9327,0.0319,-0.3537,0.9348,-0.1897,0.0025,0.4075,Dark,
7.2117,6.8230,8.0958,0.0000,0.0000,0.1801,-0.3403,0.9229,-0.1296,-0.3543,0.9261,0.0312,-0.3705,0.9283,-0.1908,-0.0006,0.4091,Dark,
7.2227,6.7689,8.0589,0.0000,0.0000,0.1694,-0.3611,0.9170,-0.1442,-0.3740,0.9161,0.0185,-0.3913,0.9201,-0.1919,-0.0037,0.4107,Dark,
7.2342,6.6862,7.9737,0.0000,0.0000,0.1593,-0.3683,0.9160,-0.1571,-0.3798,0.9116,0.0069,-0.3981,0.9173,-0.1929,-0.0066,0.4122,Dark,
7.2455,6.6562,7.9411,0.0000,0.0000,0.1521,-0.3800,0.9124,-0.1630,-0.3905,0.9060,0.0003,-0.4093,0.9124,-0.1942,-0.0097,0.4138,Dark,
7.2569,6.6375,7.9188,0.0000,0.0000,0.1459,-0.3890,0.9096,-0.1671,-0.3985,0.9018,-0.0048,-0.4176,0.9086,-0.1954,-0.0129,0.4152,Dark,
7.2672,6.6495,7.9426,0.0000,0.0000,0.1560,-0.3771,0.9129,-0.1497,-0.3874,0.9097,0.0095,-0.4055,0.9140,-0.1968,-0.0163,0.4165,Dark,
7.2785,6.6707,7.9640,0.0000,0.0000,0.1789,-0.3746,0.9098,-0.1214,-0.3873,0.9139,0.0361,-0.4038,0.9141,-0.1981,-0.0196,0.4176,Dark,
7.2897,6.7096,7.9815,0.0000,0.0000,0.1686,-0.3995,0.9011,-0.1293,-0.4116,0.9021,0.0268,-0.4283,0.9033,-0.1994,-0.0228,0.4187,Dark,
7.3010,6.7751,8.0506,0.0000,0.0000,0.1820,-0.4233,0.8875,-0.1119,-0.4380,0.8920,0.0428,-0.4530,0.8905,-0.2007,-0.0261,0.4198,Dark,
7.3118,6.7996,8.0698,0.0000,0.0000,0.1877,-0.4452,0.8755,-0.1046,-0.4616,0.8809,0.0496,-0.4756,0.8783,-0.2021,-0.0290,0.4209,Dark,
7.3230,6.8127,8.0835,0.0000,0.0000,0.1700,-0.4717,0.8652,-0.1237,-0.4866,0.8648,0.0309,-0.5014,0.8646,-0.2035,-0.0320,0.4220,Dark,
7.3340,6.8205,8.0593,0.0000,0.0000,0.1648,-0.4924,0.8546,-0.1308,-0.5072,0.8518,0.0249,-0.5222,0.8524,-0.2048,-0.0352,0.4231,Dark,
7.3457,6.8191,8.0257,0.0000,0.0000,0.1697,-0.5023,0.8479,-0.1253,-0.5182,0.8460,0.0305,-0.5326,0.8458,-0.2063,-0.0384,0.4240,Dark,
7.3565,6.7988,7.9989,0.0000,0.0000,0.1561,-0.5204,0.8396,-0.1407,-0.5347,0.8332,0.0159,-0.5501,0.8349,-0.2077,-0.0416,0.4247,Dark,
7.3674,6.7558,7.9475,0.0000,0.0000,0.1551,-0.5284,0.8347,-0.1407,-0.5431,0.8278,0.0156,-0.5583,0.8295,-0.2092,-0.0449,0.4254,Dark,
7.3786,6.7350,7.9343,0.0000,0.0000,0.1572,-0.5458,0.8230,-0.1370,-0.5622,0.8156,0.0189,-0.5762,0.8171,-0.2108,-0.0479,0.4260,Dark,
7.3898,6.7038,7.9313,0.0000,0.0000,0.1465,-0.5459,0.8249,-0.1475,-0.5609,0.8146,0.0082,-0.5757,0.8176,-0.2123,-0.0507,0.4266,Dark,
7.4009,6.6970,7.9564,0.0000,0.0000,0.1407,-0.5645,0.8134,-0.1500,-0.5798,0.8008,0.0041,-0.5941,0.8044,-0.2138,-0.0537,0.4274,Dark,
7.4121,6.7172,7.9786,0.0000,0.0000,0.1292,-0.5750,0.8079,-0.1597,-0.5891,0.7921,-0.0067,-0.6038,0.7971,-0.2154,-0.0564,0.4282,Dark,
7.4236,6.7511,8.0115,0.0000,0.0000,0.1067,-0.5952,0.7965,-0.1826,-0.6062,0.7741,-0.0298,-0.6225,0.7821,-0.2171,-0.0591,0.4290,Dark,
7.4344,6.7630,8.0337,0.0000,0.0000,0.1038,-0.6002,0.7931,-0.1858,-0.6109,0.7696,-0.0326,-0.6274,0.7780,-0.2186,-0.0620,0.4297,Dark,
7.4458,6.7866,8.0452,0.0000,0.0000,0.0873,-0.6197,0.7800,-0.2020,-0.6283,0.7513,-0.0493,-0.6457,0.7620,-0.2203,-0.0647,0.4301,Dark,
7.4569,6.8423,8.0961,0.0000,0.0000,0.0709,-0.6648,0.7437,-0.2196,-0.6719,0.7073,-0.0665,-0.6899,0.7208,-0.2219,-0.0674,0.4305,Dark,
7.4678,6.8604,8.1151,0.0000,0.0000,0.0629,-0.6665,0.7428,-0.2300,-0.6722,0.7037,-0.0756,-0.6913,0.7186,-0.2234,-0.0701,0.4308,Dark,
7.4789,6.8953,8.1261,0.0000,0.0000,0.0536,-0.6849,0.7267,-0.2387,-0.6896,0.6837,-0.0846,-0.7090,0.7001,-0.2251,-0.0726,0.4312,Dark,
7.4903,6.9165,8.2009,0.0000,0.0000,0.0388,-0.7093,0.7039,-0.2562,-0.7115,0.6544,-0.1010,-0.7322,0.6735,-0.2268,-0.0751,0.4316,Dark,
7.5014,6.9090,8.1834,0.0000,0.0000,0.0262,-0.7237,0.6896,-0.2705,-0.7235,0.6351,-0.1145,-0.7456,0.6565,-0.2283,-0.0775,0.4321,Dark,
7.5123,6.8836,8.1663,0.0000,0.0000,0.0081,-0.7368,0.6760,-0.2902,-0.7328,0.6154,-0.1337,-0.7570,0.6396,-0.2300,-0.0798,0.4324,Dark,
7.5236,6.8355,8.1149,0.0000,0.0000,-0.0069,-0.7501,0.6613,-0.3079,-0.7427,0.5946,-0.1501,-0.7689,0.6215,-0.2317,-0.0821,0.4327,Dark,
7.5346,6.8176,8.0813,0.0000,0.0000,-0.0154,-0.7545,0.6561,-0.3172,-0.7455,0.5862,-0.1590,-0.7726,0.6146,-0.2333,-0.0844,0.4331,Dark,
7.5459,6.8267,8.0585,0.0000,0.0000,-0.0272,-0.7610,0.6482,-0.3292,-0.7497,0.5741,-0.1710,-0.7781,0.6045,-0.2349,-0.0864,0.4332,Dark,
7.5573,6.8575,8.0635,0.0000,0.0000,-0.0403,-0.7681,0.6390,-0.3435,-0.7537,0.5603,-0.1848,-0.7839,0.5928,-0.2363,-0.0883,0.4334,Dark,
7.5680,6.8746,8.0549,0.0000,0.0000,-0.0458,-0.7720,0.6340,-0.3498,-0.7565,0.5526,-0.1906,-0.7873,0.5863,-0.2379,-0.0901,0.4336,Dark,
7.5822,6.8821,8.0427,0.0000,0.0000,-0.0526,-0.7743,0.6306,-0.3585,-0.7572,0.5460,-0.1984,-0.7891,0.5813,-0.2395,-0.0916,0.4338,Dark,
7.5903,6.8688,8.0373,0.0000,0.0000,-0.0617,-0.7790,0.6239,-0.3682,-0.7598,0.5358,-0.2079,-0.7929,0.5728,-0.2411,-0.0931,0.4341,Dark,
7.6014,6.8570,8.0249,0.0000,0.0000,-0.0671,-0.7810,0.6209,-0.3733,-0.7610,0.5306,-0.2130,-0.7945,0.5687,-0.2422,-0.0944,0.4346,Dark,
7.6123,6.8420,8.0161,0.0000,0.0000,-0.0752,-0.7832,0.6172,-0.3810,-0.7616,0.5242,-0.2210,-0.7960,0.5636,-0.2437,-0.0956,0.4349,Dark,
7.6237,6.8148,7.9948,0.0000,0.0000,-0.0832,-0.7835,0.6158,-0.3866,-0.7607,0.5214,-0.2279,-0.7956,0.5614,-0.2451,-0.0967,0.4353,Dark,
7.6347,6.8029,7.9792,0.0000,0.0000,-0.0889,-0.7838,0.6146,-0.3895,-0.7605,0.5196,-0.2322,-0.7953,0.5600,-0.2464,-0.0977,0.4355,Dark,
7.6459,6.7959,7.9673,0.0000,0.0000,-0.0970,-0.7856,0.6110,-0.3956,-0.7608,0.5145,-0.2393,-0.7963,0.5556,-0.2477,-0.0985,0.4356,Dark,
7.6574,6.7742,7.9848,0.0000,0.0000,-0.1038,-0.7849,0.6109,-0.3978,-0.7597,0.5145,-0.2439,-0.7949,0.5555,-0.2490,-0.0992,0.4358,Dark,
7.6682,6.7611,7.9689,0.0000,0.0000,-0.1083,-0.7844,0.6108,-0.3995,-0.7589,0.5142,-0.2470,-0.7941,0.5554,-0.2499,-0.0996,0.4362,Dark,
7.6794,6.7524,7.9557,0.0000,0.0000,-0.1140,-0.7844,0.6097,-0.4026,-0.7584,0.5126,-0.2515,-0.7936,0.5541,-0.2509,-0.0998,0.4366,Dark,
7.6907,6.7404,7.9350,0.0000,0.0000,-0.1186,-0.7803,0.6140,-0.4017,-0.7550,0.5183,-0.2534,-0.7894,0.5592,-0.2518,-0.0999,0.4371,Dark,
7.7019,6.7373,7.9184,0.0000,0.0000,-0.1220,-0.7771,0.6175,-0.4019,-0.7521,0.5223,-0.2553,-0.7860,0.5631,-0.2523,-0.0999,0.4379,Dark,
7.7132,6.7299,7.9072,0.0000,0.0000,-0.1268,-0.7743,0.6200,-0.4046,-0.7490,0.5246,-0.2591,-0.7830,0.5656,-0.2532,-0.0999,0.4385,Dark,
7.7241,6.7327,7.9019,0.0000,0.0000,-0.1333,-0.7700,0.6240,-0.4089,-0.7442,0.5282,-0.2646,-0.7783,0.5695,-0.2540,-0.0998,0.4392,Dark,
7.7352,6.7407,7.9021,0.0000,0.0000,-0.1361,-0.7662,0.6281,-0.4102,-0.7406,0.5323,-0.2666,-0.7744,0.5737,-0.2546,-0.0998,0.4398,Dark,
7.7462,6.7499,7.9030,0.0000,0.0000,-0.1400,-0.7634,0.6306,-0.4131,-0.7375,0.5342,-0.2702,-0.7715,0.5760,-0.2554,-0.0998,0.4403,Dark,
7.7577,6.7501,7.9088,0.0000,0.0000,-0.1425,-0.7591,0.6352,-0.4136,-0.7336,0.5393,-0.2716,-0.7672,0.5810,-0.2561,-0.0997,0.4409,Dark,
7.7685,6.7421,7.9107,0.0000,0.0000,-0.1440,-0.7568,0.6376,-0.4136,-0.7316,0.5420,-0.2724,-0.7650,0.5836,-0.2567,-0.0997,0.4413,Dark,
7.7795,6.7501,7.9120,0.0000,0.0000,-0.1464,-0.7549,0.6393,-0.4151,-0.7297,0.5434,-0.2743,-0.7631,0.5852,-0.2573,-0.0996,0.4417,Dark,
7.7910,6.7617,7.9339,0.0000,0.0000,-0.1466,-0.7515,0.6432,-0.4142,-0.7270,0.5477,-0.2740,-0.7599,0.5895,-0.2578,-0.0995,0.4422,Dark,
7.8019,6.7660,7.9379,0.0000,0.0000,-0.1476,-0.7488,0.6461,-0.4142,-0.7250,0.5503,-0.2744,-0.7575,0.5923,-0.2585,-0.0994,0.4426,Dark,
7.8131,6.7691,7.9406,0.0000,0.0000,-0.1507,-0.7461,0.6485,-0.4164,-0.7226,0.5518,-0.2770,-0.7550,0.5944,-0.2593,-0.0992,0.4429,Dark,
7.8243,6.7633,7.9150,0.0000,0.0000,-0.1553,-0.7435,0.6504,-0.4190,-0.7203,0.5528,-0.2806,-0.7524,0.5960,-0.2602,-0.0989,0.4433,Dark,
7.8355,6.7579,7.9148,0.0000,0.0000,-0.1612,-0.7409,0.6520,-0.4233,-0.7175,0.5532,-0.2858,-0.7496,0.5970,-0.2613,-0.0986,0.4436,Dark,
7.8464,6.7473,7.9159,0.0000,0.0000,-0.1684,-0.7386,0.6528,-0.4289,-0.7149,0.5522,-0.2922,-0.7471,0.5970,-0.2625,-0.0983,0.4437,Dark,
7.8577,6.7457,7.9214,0.0000,0.0000,-0.1769,-0.7367,0.6527,-0.4337,-0.7128,0.5512,-0.2990,-0.7448,0.5966,-0.2639,-0.0980,0.4439,Dark,
7.8688,6.7525,7.9299,0.0000,0.0000,-0.1859,-0.7349,0.6521,-0.4406,-0.7104,0.5489,-0.3070,-0.7426,0.5952,-0.2652,-0.0977,0.4439,Dark,
7.8802,6.7554,7.9358,0.0000,0.0000,-0.1952,-0.7332,0.6514,-0.4479,-0.7078,0.5462,-0.3153,-0.7404,0.5936,-0.2666,-0.0973,0.4438,Dark,
7.8910,6.7581,7.9574,0.0000,0.0000,-0.2051,-0.7311,0.6507,-0.4553,-0.7049,0.5438,-0.3241,-0.7378,0.5921,-0.2679,-0.0969,0.4438,Dark,
7.9021,6.7570,7.9520,0.0000,0.0000,-0.2150,-0.7285,0.6504,-0.4631,-0.7016,0.5415,-0.3329,-0.7348,0.5909,-0.2693,-0.0964,0.4436,Dark,
7.9136,6.7912,7.9464,0.0000,0.0000,-0.2264,-0.7248,0.6507,-0.4721,-0.6971,0.5395,-0.3433,-0.7306,0.5902,-0.2708,-0.0959,0.4435,Dark,
7.9246,6.7575,7.8154,0.0000,0.0000,-0.2728,-0.7141,0.6447,-0.5160,-0.6779,0.5237,-0.3894,-0.7160,0.5793,-0.2722,-0.0953,0.4434,Dark,
7.9356,6.7034,7.7597,0.0000,0.0000,-0.3192,-0.6994,0.6395,-0.5636,-0.6532,0.5055,-0.4376,-0.6973,0.5677,-0.2737,-0.0946,0.4433,Dark,
7.9466,6.6324,7.7184,0.0000,0.0000,-0.3830,-0.6820,0.6230,-0.6200,-0.6238,0.4759,-0.4994,-0.6741,0.5443,-0.2752,-0.0939,0.4431,Dark,
7.9579,6.5090,7.5824,0.0000,0.0000,-0.5309,-0.6268,0.5703,-0.7441,-0.5396,0.3940,-0.6397,-0.6043,0.4751,-0.2768,-0.0931,0.4430,Dark,
7.9690,6.4659,7.5353,0.0000,0.0000,-0.5756,-0.6025,0.5528,-0.7816,-0.5064,0.3642,-0.6822,-0.5758,0.4507,-0.2783,-0.0923,0.4427,Dark,
7.9801,6.4391,7.4997,0.0000,0.0000,-0.6369,-0.5716,0.5174,-0.8229,-0.4680,0.3222,-0.7345,-0.5401,0.4108,-0.2798,-0.0915,0.4425,Dark,
7.9912,6.4069,7.4698,0.0000,0.0000,-0.7216,-0.5191,0.4581,-0.8792,-0.4042,0.2524,-0.8066,-0.4807,0.3440,-0.2811,-0.0906,0.4423,Dark,
8.0024,6.3979,7.4837,0.0000,0.0000,-0.7554,-0.4919,0.4329,-0.9016,-0.3724,0.2202,-0.8354,-0.4509,0.3142,-0.2824,-0.0898,0.4420,Dark,
8.0136,6.3925,7.4916,0.0000,0.0000,-0.8184,-0.4576,0.3477,-0.8695,-0.4135,0.2700,-0.8435,-0.4420,0.3051,-0.2837,-0.0888,0.4418,Dark,
8.0251,6.3816,7.4864,0.0000,0.0000,-0.8262,-0.4509,0.3378,-0.8663,-0.4162,0.2761,-0.8456,-0.4387,0.3041,-0.2848,-0.0879,0.4416,Dark,
8.0358,6.3729,7.4855,0.0000,0.0000,-0.8420,-0.4352,0.3188,-0.8740,-0.4061,0.2670,-0.8573,-0.4249,0.2905,-0.2858,-0.0870,0.4413,Dark,
8.0469,6.3890,7.4917,0.0000,0.0000,-0.8315,-0.4464,0.3306,-0.8584,-0.4236,0.2893,-0.8443,-0.4384,0.3081,-0.2867,-0.0862,0.4412,Dark,
8.0583,6.4035,7.4996,0.0000,0.0000,-0.8326,-0.4435,0.3317,-0.8574,-0.4227,0.2936,-0.8444,-0.4362,0.3110,-0.2873,-0.0854,0.4412,Dark,
8.0694,6.4158,7.5229,0.0000,0.0000,-0.8327,-0.4409,0.3350,-0.8560,-0.4215,0.2993,-0.8437,-0.4341,0.3157,-0.2878,-0.0845,0.4413,Dark,
8.0802,6.4599,7.5547,0.0000,0.0000,-0.8557,-0.4142,0.3102,-0.8745,-0.3970,0.2785,-0.8646,-0.4082,0.2930,-0.2882,-0.0835,0.4416,Dark,
8.0915,6.4725,7.5398,0.0000,0.0000,-0.8472,-0.4187,0.3270,-0.8662,-0.4024,0.2963,-0.8562,-0.4131,0.3104,-0.2883,-0.0824,0.4421,Dark,
8.1025,6.4769,7.5248,0.0000,0.0000,-0.8297,-0.4303,0.3556,-0.8495,-0.4149,0.3258,-0.8391,-0.4250,0.3395,-0.2881,-0.0814,0.4428,Dark,
8.1136,6.4674,7.5293,0.0000,0.0000,-0.8122,-0.4390,0.3841,-0.8377,-0.4209,0.3479,-0.8244,-0.4330,0.3645,-0.2878,-0.0805,0.4436,Dark,
8.1251,6.4614,7.5194,0.0000,0.0000,-0.7991,-0.4443,0.4051,-0.8282,-0.4248,0.3654,-0.8130,-0.4379,0.3837,-0.2871,-0.0795,0.4444,Dark,
8.1360,6.4742,7.5170,0.0000,0.0000,-0.7793,-0.4545,0.4315,-0.8160,-0.4319,0.3842,-0.7969,-0.4472,0.4060,-0.2862,-0.0787,0.4455,Dark,
8.1474,6.4764,7.5194,0.0000,0.0000,-0.7670,-0.4578,0.4496,-0.8083,-0.4336,0.3982,-0.7870,-0.4501,0.4220,-0.2850,-0.0779,0.4467,Dark,
8.1583,6.4784,7.5371,0.0000,0.0000,-0.7603,-0.4580,0.4606,-0.8058,-0.4321,0.4049,-0.7823,-0.4499,0.4307,-0.2838,-0.0771,0.4478,Dark,
8.1697,6.4829,7.5672,0.0000,0.0000,-0.7432,-0.4647,0.4813,-0.7985,-0.4349,0.4163,-0.7702,-0.4556,0.4464,-0.2821,-0.0764,0.4494,Dark,
8.1808,6.4756,7.5774,0.0000,0.0000,-0.7368,-0.4637,0.4921,-0.7970,-0.4318,0.4222,-0.7663,-0.4540,0.4546,-0.2802,-0.0759,0.4511,Dark,
8.1919,6.4698,7.5854,0.0000,0.0000,-0.7276,-0.4634,0.5058,-0.7935,-0.4295,0.4312,-0.7600,-0.4533,0.4657,-0.2782,-0.0752,0.4529,Dark,
8.2031,6.4831,7.5978,0.0000,0.0000,-0.7107,-0.4679,0.5253,-0.7886,-0.4294,0.4403,-0.7493,-0.4566,0.4797,-0.2756,-0.0747,0.4551,Dark,
8.2142,6.4853,7.6039,0.0000,0.0000,-0.6939,-0.4707,0.5450,-0.7794,-0.4302,0.4554,-0.7365,-0.4591,0.4969,-0.2726,-0.0742,0.4576,Dark,
8.2254,6.4872,7.5744,0.0000,0.0000,-0.6658,-0.4774,0.5735,-0.7609,-0.4360,0.4806,-0.7133,-0.4659,0.5236,-0.2693,-0.0735,0.4602,Dark,
8.2364,6.4419,7.5135,0.0000,0.0000,-0.6229,-0.4867,0.6124,-0.7370,-0.4425,0.5109,-0.6802,-0.4753,0.5581,-0.2658,-0.0731,0.4629,Dark,
8.2473,6.3852,7.4849,0.0000,0.0000,-0.5616,-0.4953,0.6628,-0.6935,-0.4528,0.5604,-0.6277,-0.4859,0.6082,-0.2617,-0.0727,0.4658,Dark,
8.2586,6.3397,7.4974,0.0000,0.0000,-0.4912,-0.4960,0.7160,-0.6407,-0.4573,0.6168,-0.5659,-0.4894,0.6635,-0.2576,-0.0723,0.4686,Dark,
8.2700,6.4388,7.4850,0.0000,0.0000,-0.3578,-0.4707,0.8065,-0.5387,-0.4409,0.7179,-0.4473,-0.4705,0.7606,-0.2530,-0.0720,0.4716,Dark,
8.2809,6.4071,7.4619,0.0000,0.0000,-0.2790,-0.4562,0.8450,-0.4751,-0.4316,0.7668,-0.3755,-0.4594,0.8050,-0.2479,-0.0718,0.4747,Dark,
8.2919,6.3803,7.4113,0.0000,0.0000,-0.1896,-0.4352,0.8801,-0.3908,-0.4182,0.8200,-0.2876,-0.4422,0.8496,-0.2429,-0.0714,0.4774,Dark,
8.3031,6.3178,7.2041,0.0000,0.0000,-0.0793,-0.3877,0.9184,-0.2696,-0.3794,0.8851,-0.1708,-0.3977,0.9015,-0.2375,-0.0712,0.4804,Dark,
8.3142,6.1106,7.0743,0.0000,0.0000,-0.0233,-0.3578,0.9335,-0.2069,-0.3522,0.9128,-0.1112,-0.3685,0.9230,-0.2317,-0.0710,0.4834,Dark,
8.3257,5.9468,6.9950,0.0000,0.0000,-0.0007,-0.3349,0.9422,-0.1220,-0.3326,0.9352,-0.0590,-0.3423,0.9377,-0.2258,-0.0707,0.4864,Dark,
8.3368,5.5746,6.6278,0.0000,0.0000,0.0257,-0.2958,0.9549,-0.0507,-0.2945,0.9543,-0.0112,-0.3004,0.9538,-0.2200,-0.0703,0.4890,Dark,
8.3479,5.5025,6.3813,0.0000,0.0000,0.0695,-0.2664,0.9614,0.0042,-0.2657,0.9640,0.0380,-0.2705,0.9620,-0.2139,-0.0698,0.4919,Dark,
8.3588,5.4669,6.4558,0.0000,0.0000,0.1176,-0.2442,0.9626,0.0602,-0.2442,0.9679,0.0899,-0.2481,0.9645,-0.2080,-0.0692,0.4941,Dark,
8.3699,5.5464,6.8123,0.0000,0.0000,0.1721,-0.2321,0.9573,0.1247,-0.2326,0.9645,0.1493,-0.2356,0.9603,-0.2017,-0.0687,0.4968,Dark,
8.3811,5.6858,7.0632,0.0000,0.0000,0.2291,-0.2190,0.9484,0.1858,-0.2201,0.9576,0.2082,-0.2226,0.9524,-0.1953,-0.0680,0.4994,Dark,
8.3921,5.7948,7.2790,0.0000,0.0000,0.2840,-0.2178,0.9338,0.2441,-0.2193,0.9446,0.2648,-0.2214,0.9386,-0.1890,-0.0672,0.5020,Dark,
8.4033,5.9431,7.4191,0.0000,0.0000,0.3424,-0.2071,0.9164,0.3059,-0.2089,0.9289,0.3249,-0.2107,0.9220,-0.1832,-0.0660,0.5042,Dark,
8.4144,6.1094,7.4349,0.0000,0.0000,0.4209,-0.2062,0.8834,0.3895,-0.2085,0.8971,0.4058,-0.2098,0.8896,-0.1770,-0.0648,0.5068,Dark,
8.4258,6.1382,7.4908,0.0000,0.0000,0.4685,-0.2030,0.8598,0.4394,-0.2056,0.8744,0.4546,-0.2066,0.8664,-0.1713,-0.0633,0.5090,Dark,
8.4370,6.1659,7.5404,0.0000,0.0000,0.5094,-0.1981,0.8374,0.4822,-0.2009,0.8527,0.4963,-0.2017,0.8444,-0.1655,-0.0619,0.5115,Dark,
8.4480,6.2005,7.5975,0.0000,0.0000,0.5501,-0.1977,0.8114,0.5253,-0.2008,0.8269,0.5382,-0.2014,0.8184,-0.1599,-0.0605,0.5139,Dark,
8.4590,6.2170,7.6675,0.0000,0.0000,0.5725,-0.1944,0.7965,0.5486,-0.1976,0.8124,0.5610,-0.1981,0.8038,-0.1543,-0.0590,0.5162,Dark,
8.4705,6.2743,7.7651,0.0000,0.0000,0.5675,-0.2085,0.7965,0.5434,-0.2119,0.8123,0.5559,-0.2123,0.8037,-0.1491,-0.0577,0.5185,Dark,
8.4813,6.2985,7.8038,0.0000,0.0000,0.5783,-0.2117,0.7878,0.5545,-0.2152,0.8039,0.5668,-0.2155,0.7951,-0.1439,-0.0563,0.5209,Dark,
8.4929,6.3164,7.8450,0.0000,0.0000,0.5813,-0.2173,0.7841,0.5574,-0.2208,0.8003,0.5698,-0.2211,0.7915,-0.1393,-0.0551,0.5233,Dark,
8.5039,6.4035,7.8889,0.0000,0.0000,0.5607,-0.2398,0.7925,0.5359,-0.2434,0.8085,0.5486,-0.2436,0.7998,-0.1345,-0.0539,0.5258,Dark,
8.5151,6.4726,7.8995,0.0000,0.0000,0.5605,-0.2443,0.7913,0.5355,-0.2479,0.8074,0.5483,-0.2481,0.7986,-0.1300,-0.0529,0.5284,Dark,
8.5261,6.5272,7.8881,0.0000,0.0000,0.5529,-0.2556,0.7931,0.5274,-0.2592,0.8091,0.5405,-0.2595,0.8004,-0.1255,-0.0520,0.5309,Dark,
8.5374,6.5710,7.8526,0.0000,0.0000,0.5263,-0.2871,0.8004,0.4999,-0.2907,0.8158,0.5134,-0.2909,0.8074,-0.1210,-0.0512,0.5336,Dark,
8.5483,6.5747,7.8328,0.0000,0.0000,0.5372,-0.2821,0.7949,0.5111,-0.2856,0.8107,0.5244,-0.2859,0.8020,-0.1169,-0.0506,0.5363,Dark,
8.5594,6.5738,7.8271,0.0000,0.0000,0.5289,-0.2976,0.7948,0.4999,-0.3014,0.8119,0.5147,-0.3017,0.8025,-0.1130,-0.0501,0.5392,Dark,
8.5711,6.5732,7.8374,0.0000,0.0000,0.5229,-0.3057,0.7957,0.4882,-0.3100,0.8158,0.5059,-0.3105,0.8048,-0.1090,-0.0497,0.5422,Dark,
8.5817,6.6048,7.8487,0.0000,0.0000,0.5312,-0.2981,0.7931,0.4936,-0.3026,0.8154,0.5127,-0.3032,0.8032,-0.1053,-0.0494,0.5451,Dark,
8.5929,6.6311,7.8615,0.0000,0.0000,0.5344,-0.3006,0.7900,0.4936,-0.3053,0.8143,0.5144,-0.3061,0.8011,-0.1018,-0.0492,0.5481,Dark,
8.6043,6.6785,7.8944,0.0000,0.0000,0.5339,-0.3039,0.7890,0.4862,-0.3091,0.8173,0.5106,-0.3102,0.8019,-0.0979,-0.0492,0.5511,Dark,
8.6152,6.6952,7.9130,0.0000,0.0000,0.5277,-0.3137,0.7894,0.4757,-0.3190,0.8197,0.5022,-0.3203,0.8032,-0.0946,-0.0494,0.5541,Dark,
8.6262,6.7055,7.9316,0.0000,0.0000,0.5275,-0.3183,0.7877,0.4710,-0.3238,0.8205,0.4998,-0.3253,0.8027,-0.0914,-0.0499,0.5573,Dark,
8.6376,6.7287,7.9701,0.0000,0.0000,0.5293,-0.3197,0.7859,0.4632,-0.3258,0.8242,0.4970,-0.3278,0.8035,-0.0881,-0.0504,0.5606,Dark,
8.6489,6.7402,7.9880,0.0000,0.0000,0.5316,-0.3222,0.7833,0.4604,-0.3285,0.8247,0.4968,-0.3308,0.8024,-0.0852,-0.0509,0.5639,Dark,
8.6597,6.7490,7.9850,0.0000,0.0000,0.5288,-0.3303,0.7818,0.4516,-0.3367,0.8263,0.4911,-0.3394,0.8023,-0.0825,-0.0515,0.5672,Dark,
8.6707,6.7764,7.9851,0.0000,0.0000,0.5308,-0.3327,0.7794,0.4415,-0.3395,0.8306,0.4872,-0.3430,0.8031,-0.0796,-0.0520,0.5706,Dark,
8.6822,6.7730,7.9876,0.0000,0.0000,0.5339,-0.3340,0.7768,0.4381,-0.3408,0.8318,0.4872,-0.3449,0.8023,-0.0772,-0.0527,0.5740,Dark,
8.6932,6.7691,7.9736,0.0000,0.0000,0.5330,-0.3387,0.7754,0.4303,-0.3455,0.8339,0.4830,-0.3501,0.8026,-0.0748,-0.0534,0.5775,Dark,
8.7039,6.7722,7.9536,0.0000,0.0000,0.5355,-0.3405,0.7729,0.4189,-0.3475,0.8389,0.4788,-0.3531,0.8038,-0.0721,-0.0540,0.5812,Dark,
8.7152,6.7775,7.9456,0.0000,0.0000,0.5366,-0.3426,0.7712,0.4130,-0.3497,0.8409,0.4766,-0.3559,0.8039,-0.0700,-0.0547,0.5849,Dark,
8.7263,6.7828,7.9477,0.0000,0.0000,0.5384,-0.3439,0.7694,0.4078,-0.3511,0.8429,0.4751,-0.3578,0.8039,-0.0679,-0.0555,0.5886,Dark,
8.7379,6.7840,7.9342,0.0000,0.0000,0.5411,-0.3469,0.7660,0.3968,-0.3547,0.8466,0.4713,-0.3623,0.8041,-0.0660,-0.0565,0.5925,Dark,
8.7492,6.7964,7.9197,0.0000,0.0000,0.5412,-0.3506,0.7643,0.3903,-0.3583,0.8481,0.4683,-0.3665,0.8040,-0.0642,-0.0575,0.5963,Dark,
8.7598,6.8064,7.9122,0.0000,0.0000,0.5423,-0.3542,0.7619,0.3853,-0.3620,0.8489,0.4665,-0.3706,0.8031,-0.0624,-0.0586,0.6000,Dark,
8.7708,6.7963,7.9082,0.0000,0.0000,0.5392,-0.3617,0.7605,0.3702,-0.3694,0.8524,0.4577,-0.3791,0.8043,-0.0604,-0.0597,0.6041,Dark,
8.7820,6.8048,7.9121,0.0000,0.0000,0.5346,-0.3685,0.7605,0.3596,-0.3760,0.8540,0.4502,-0.3863,0.8051,-0.0587,-0.0608,0.6080,Dark,
8.7933,6.8110,7.9179,0.0000,0.0000,0.5365,-0.3707,0.7581,0.3566,-0.3785,0.8541,0.4498,-0.3891,0.8039,-0.0571,-0.0620,0.6119,Dark,
8.8045,6.8057,7.9198,0.0000,0.0000,0.5305,-0.3792,0.7581,0.3411,-0.3868,0.8568,0.4392,-0.3982,0.8053,-0.0554,-0.0633,0.6160,Dark,
8.8157,6.8121,7.9169,0.0000,0.0000,0.5250,-0.3859,0.7586,0.3309,-0.3931,0.8579,0.4314,-0.4051,0.8061,-0.0539,-0.0646,0.6201,Dark,
8.8268,6.8165,7.9286,0.0000,0.0000,0.5198,-0.3916,0.7593,0.3214,-0.3984,0.8590,0.4240,-0.4110,0.8070,-0.0524,-0.0659,0.6242,Dark,
8.8378,6.8082,7.9239,0.0000,0.0000,0.5209,-0.3928,0.7578,0.3160,-0.3998,0.8604,0.4221,-0.4128,0.8071,-0.0508,-0.0674,0.6286,Dark,
8.8491,6.8164,7.9114,0.0000,0.0000,0.5208,-0.3949,0.7568,0.3130,-0.4019,0.8605,0.4206,-0.4152,0.8066,-0.0493,-0.0688,0.6328,Dark,
8.8604,6.8229,7.9184,0.0000,0.0000,0.5207,-0.3969,0.7559,0.3101,-0.4040,0.8606,0.4192,-0.4175,0.8062,-0.0476,-0.0701,0.6371,Dark,
8.8716,6.8005,7.9278,0.0000,0.0000,0.5156,-0.4031,0.7561,0.2994,-0.4097,0.8617,0.4114,-0.4239,0.8069,-0.0460,-0.0715,0.6416,Dark,
8.8826,6.7926,7.9195,0.0000,0.0000,0.5159,-0.4055,0.7546,0.2972,-0.4120,0.8613,0.4105,-0.4265,0.8060,-0.0445,-0.0727,0.6461,Dark,
8.8943,6.7716,7.8892,0.0000,0.0000,0.5228,-0.4021,0.7517,0.3003,-0.4089,0.8617,0.4158,-0.4237,0.8048,-0.0430,-0.0740,0.6504,Dark,
8.9048,6.7694,7.8667,0.0000,0.0000,0.5187,-0.4088,0.7509,0.2936,-0.4150,0.8611,0.4103,-0.4303,0.8040,-0.0417,-0.0751,0.6546,Dark,
8.9159,6.7702,7.8406,0.0000,0.0000,0.5191,-0.4111,0.7493,0.2916,-0.4174,0.8607,0.4096,-0.4329,0.8030,-0.0406,-0.0761,0.6586,Dark,
8.9270,6.7626,7.8047,0.0000,0.0000,0.5211,-0.4124,0.7473,0.2893,-0.4190,0.8607,0.4096,-0.4347,0.8020,-0.0393,-0.0771,0.6625,Dark,
8.9383,6.7521,7.7935,0.0000,0.0000,0.5213,-0.4145,0.7460,0.2874,-0.4215,0.8600,0.4089,-0.4373,0.8010,-0.0381,-0.0778,0.6663,Dark,
8.9510,6.7425,7.7648,0.0000,0.0000,0.5217,-0.4165,0.7446,0.2862,-0.4239,0.8593,0.4085,-0.4396,0.7999,-0.0371,-0.0786,0.6701,Dark,
8.9604,6.7129,7.7422,0.0000,0.0000,0.5218,-0.4188,0.7432,0.2848,-0.4266,0.8584,0.4080,-0.4423,0.7987,-0.0359,-0.0794,0.6738,Dark,
8.9717,6.6892,7.7302,0.0000,0.0000,0.5215,-0.4211,0.7421,0.2833,-0.4294,0.8576,0.4071,-0.4449,0.7977,-0.0350,-0.0803,0.6773,Dark,
8.9834,6.6892,7.7174,0.0000,0.0000,0.5212,-0.4228,0.7413,0.2806,-0.4315,0.8574,0.4058,-0.4470,0.7972,-0.0341,-0.0812,0.6806,Dark,
8.9942,6.6927,7.7159,0.0000,0.0000,0.5198,-0.4261,0.7404,0.2781,-0.4351,0.8564,0.4038,-0.4505,0.7962,-0.0333,-0.0821,0.6838,Dark,
9.0052,6.6973,7.7175,0.0000,0.0000,0.5182,-0.4286,0.7401,0.2755,-0.4375,0.8560,0.4017,-0.4531,0.7958,-0.0324,-0.0830,0.6871,Dark,
9.0161,6.7055,7.7182,0.0000,0.0000,0.5170,-0.4305,0.7398,0.2727,-0.4393,0.8559,0.3998,-0.4551,0.7957,-0.0316,-0.0838,0.6903,Dark,
9.0277,6.7055,7.7182,0.0000,0.0000,0.5155,-0.4318,0.7401,0.2704,-0.4403,0.8562,0.3978,-0.4563,0.7959,-0.0308,-0.0847,0.6935,Dark,
9.0390,6.7055,7.7182,0.0000,0.0000,0.5142,-0.4326,0.7406,0.2684,-0.4410,0.8564,0.3962,-0.4571,0.7963,-0.0300,-0.0855,0.6966,Dark,
9.0499,6.7055,7.7182,0.0000,0.0000,0.5133,-0.4336,0.7406,0.2664,-0.4420,0.8566,0.3947,-0.4582,0.7964,-0.0292,-0.0863,0.6996,Dark,
9.0609,6.7055,7.7182,0.0000,0.0000,0.5122,-0.4351,0.7405,0.2647,-0.4434,0.8563,0.3933,-0.4597,0.7962,-0.0284,-0.0873,0.7025,Dark,
9.0727,6.7055,7.7182,0.0000,0.0000,0.5110,-0.4371,0.7401,0.2630,-0.4455,0.8558,0.3920,-0.4618,0.7957,-0.0275,-0.0885,0.7052,Dark,
9.0830,6.7055,7.7182,0.0000,0.0000,0.5099,-0.4394,0.7396,0.2611,-0.4478,0.8552,0.3904,-0.4641,0.7951,-0.0268,-0.0896,0.7078,Dark,
9.0958,6.7055,7.7182,0.0000,0.0000,0.5080,-0.4422,0.7392,0.2588,-0.4505,0.8545,0.3883,-0.4669,0.7945,-0.0262,-0.0907,0.7103,Dark,
9.1060,6.7055,7.7182,0.0000,0.0000,0.5062,-0.4449,0.7388,0.2565,-0.4531,0.8538,0.3862,-0.4696,0.7939,-0.0255,-0.0919,0.7129,Dark,
9.1161,6.7055,7.7182,0.0000,0.0000,0.5044,-0.4479,0.7382,0.2541,-0.4560,0.8530,0.3841,-0.4725,0.7932,-0.0249,-0.0931,0.7152,Dark,
9.1275,6.7055,7.7182,0.0000,0.0000,0.5028,-0.4505,0.7377,0.2521,-0.4587,0.8521,0.3824,-0.4753,0.7924,-0.0244,-0.0943,0.7176,Dark,
9.1386,6.7055,7.7182,0.0000,0.0000,0.5018,-0.4521,0.7374,0.2506,-0.4605,0.8515,0.3811,-0.4770,0.7920,-0.0237,-0.0955,0.7200,Dark,
9.1511,6.7055,7.7182,0.0000,0.0000,0.5010,-0.4530,0.7374,0.2495,-0.4618,0.8512,0.3802,-0.4781,0.7918,-0.0231,-0.0966,0.7224,Dark,
9.1615,6.7055,7.7182,0.0000,0.0000,0.5004,-0.4532,0.7377,0.2486,-0.4623,0.8512,0.3794,-0.4784,0.7919,-0.0224,-0.0978,0.7248,Dark,
9.1721,6.7055,7.7182,0.0000,0.0000,0.4998,-0.4538,0.7377,0.2479,-0.4630,0.8510,0.3788,-0.4791,0.7918,-0.0216,-0.0990,0.7272,Dark,
9.1831,6.7055,7.7182,0.0000,0.0000,0.4995,-0.4549,0.7373,0.2473,-0.4642,0.8505,0.3783,-0.4803,0.7913,-0.0209,-0.1003,0.7294,Dark,
9.1945,6.7055,7.7182,0.0000,0.0000,0.4993,-0.4567,0.7363,0.2471,-0.4661,0.8495,0.3781,-0.4821,0.7903,-0.0202,-0.1018,0.7314,Dark,
9.2057,6.7055,7.7182,0.0000,0.0000,0.4991,-0.4587,0.7352,0.2468,-0.4683,0.8484,0.3779,-0.4842,0.7891,-0.0193,-0.1032,0.7336,Dark,
9.2176,6.7055,7.7182,0.0000,0.0000,0.4991,-0.4610,0.7337,0.2467,-0.4708,0.8471,0.3778,-0.4866,0.7877,-0.0185,-0.1046,0.7355,Dark,
9.2281,6.7055,7.7182,0.0000,0.0000,0.4991,-0.4637,0.7320,0.2467,-0.4735,0.8455,0.3778,-0.4893,0.7860,-0.0175,-0.1061,0.7374,Dark,
9.2395,6.7055,7.7182,0.0000,0.0000,0.4995,-0.4666,0.7300,0.2472,-0.4764,0.8438,0.3782,-0.4922,0.7841,-0.0163,-0.1076,0.7393,Dark,
9.2507,6.7055,7.7182,0.0000,0.0000,0.5004,-0.4695,0.7275,0.2483,-0.4792,0.8419,0.3792,-0.4951,0.7818,-0.0150,-0.1091,0.7409,Dark,
9.2611,6.7055,7.7182,0.0000,0.0000,0.5026,-0.4725,0.7240,0.2509,-0.4819,0.8395,0.3815,-0.4979,0.7788,-0.0135,-0.1105,0.7423,Dark,
9.2735,6.7055,7.7182,0.0000,0.0000,0.5064,-0.4751,0.7196,0.2555,-0.4841,0.8369,0.3856,-0.5003,0.7752,-0.0116,-0.1119,0.7438,Dark,
9.2833,6.7055,7.7182,0.0000,0.0000,0.5112,-0.4773,0.7147,0.2611,-0.4863,0.8339,0.3908,-0.5026,0.7712,-0.0096,-0.1132,0.7450,Dark,
9.2948,6.7055,7.7182,0.0000,0.0000,0.5169,-0.4792,0.7093,0.2678,-0.4883,0.8305,0.3970,-0.5045,0.7667,-0.0074,-0.1145,0.7461,Dark,
9.3099,6.7055,7.7182,0.0000,0.0000,0.5242,-0.4815,0.7024,0.2764,-0.4907,0.8263,0.4049,-0.5068,0.7610,-0.0047,-0.1156,0.7471,Dark,
9.3173,6.7055,7.7182,0.0000,0.0000,0.5317,-0.4839,0.6951,0.2853,-0.4932,0.8218,0.4130,-0.5092,0.7551,-0.0021,-0.1169,0.7478,Dark,
9.3465,6.7055,7.7182,0.0000,0.0000,0.5480,-0.4888,0.6788,0.3049,-0.4983,0.8116,0.4309,-0.5143,0.7415,0.0034,-0.1193,0.7491,Dark,
9.3493,6.7055,7.7182,0.0000,0.0000,0.5414,-0.4859,0.6862,0.2969,-0.4954,0.8164,0.4236,-0.5114,0.7477,0.0007,-0.1178,0.7479,Dark,
9.3658,6.7055,7.7182,0.0000,0.0000,0.5498,-0.4879,0.6780,0.3069,-0.4976,0.8113,0.4327,-0.5134,0.7410,0.0035,-0.1189,0.7484,Dark,
9.3770,6.7055,7.7182,0.0000,0.0000,0.5583,-0.4895,0.6698,0.3172,-0.4994,0.8062,0.4421,-0.5152,0.7343,0.0063,-0.1199,0.7490,Dark,
9.3854,6.7055,7.7182,0.0000,0.0000,0.5674,-0.4909,0.6612,0.3282,-0.5010,0.8008,0.4520,-0.5166,0.7272,0.0092,-0.1210,0.7494,Dark,
9.3953,6.7055,7.7182,0.0000,0.0000,0.5764,-0.4919,0.6525,0.3391,-0.5023,0.7954,0.4620,-0.5178,0.7200,0.0121,-0.1219,0.7497,Dark,
9.4096,6.7055,7.7182,0.0000,0.0000,0.5853,-0.4927,0.6439,0.3500,-0.5036,0.7899,0.4718,-0.5189,0.7129,0.0150,-0.1228,0.7501,Dark,
9.4179,6.7055,7.7182,0.0000,0.0000,0.5936,-0.4934,0.6358,0.3600,-0.5047,0.7846,0.4810,-0.5197,0.7061,0.0177,-0.1237,0.7504,Dark,
9.4303,6.7055,7.7182,0.0000,0.0000,0.6013,-0.4938,0.6281,0.3695,-0.5056,0.7797,0.4896,-0.5203,0.6997,0.0204,-0.1246,0.7507,Dark,
9.4411,6.7055,7.7182,0.0000,0.0000,0.6083,-0.4941,0.6212,0.3781,-0.5062,0.7751,0.4973,-0.5208,0.6939,0.0230,-0.1255,0.7511,Dark,
9.4516,6.7055,7.7182,0.0000,0.0000,0.6148,-0.4940,0.6148,0.3862,-0.5065,0.7710,0.5046,-0.5209,0.6886,0.0254,-0.1263,0.7515,Dark,
9.4693,6.7055,7.7182,0.0000,0.0000,0.6209,-0.4936,0.6090,0.3936,-0.5065,0.7671,0.5113,-0.5207,0.6837,0.0279,-0.1271,0.7519,Dark,
9.4735,6.7055,7.7182,0.0000,0.0000,0.6264,-0.4932,0.6037,0.4004,-0.5066,0.7636,0.5174,-0.5205,0.6792,0.0304,-0.1279,0.7524,Dark,
9.4841,6.7055,7.7182,0.0000,0.0000,0.6313,-0.4928,0.5989,0.4064,-0.5068,0.7603,0.5229,-0.5204,0.6751,0.0328,-0.1288,0.7528,Dark,
9.4966,6.7055,7.7182,0.0000,0.0000,0.6356,-0.4927,0.5944,0.4117,-0.5071,0.7572,0.5277,-0.5205,0.6712,0.0351,-0.1297,0.7533,Dark,
9.5065,6.7055,7.7182,0.0000,0.0000,0.6395,-0.4929,0.5900,0.4166,-0.5077,0.7541,0.5321,-0.5209,0.6675,0.0375,-0.1306,0.7539,Dark,
9.5183,6.7055,7.7182,0.0000,0.0000,0.6431,-0.4932,0.5858,0.4212,-0.5082,0.7513,0.5361,-0.5213,0.6639,0.0398,-0.1315,0.7543,Dark,
9.5299,6.7055,7.7182,0.0000,0.0000,0.6465,-0.4936,0.5818,0.4255,-0.5087,0.7484,0.5400,-0.5218,0.6604,0.0421,-0.1325,0.7546,Dark,
9.5438,6.7055,7.7182,0.0000,0.0000,0.6495,-0.4941,0.5779,0.4294,-0.5094,0.7457,0.5434,-0.5223,0.6571,0.0445,-0.1334,0.7553,Dark,
9.5512,6.7055,7.7182,0.0000,0.0000,0.6522,-0.4947,0.5744,0.4329,-0.5102,0.7432,0.5465,-0.5230,0.6541,0.0468,-0.1343,0.7557,Dark,
9.5631,6.7055,7.7182,0.0000,0.0000,0.6543,-0.4956,0.5712,0.4357,-0.5111,0.7409,0.5489,-0.5239,0.6513,0.0490,-0.1353,0.7561,Dark,
9.5740,6.7055,7.7182,0.0000,0.0000,0.6559,-0.4967,0.5684,0.4378,-0.5122,0.7389,0.5507,-0.5250,0.6489,0.0513,-0.1362,0.7568,Dark,
9.5846,6.7055,7.7182,0.0000,0.0000,0.6572,-0.4980,0.5658,0.4397,-0.5133,0.7370,0.5523,-0.5262,0.6466,0.0534,-0.1370,0.7572,Dark,
9.5997,6.7055,7.7182,0.0000,0.0000,0.6583,-0.4995,0.5632,0.4414,-0.5147,0.7351,0.5536,-0.5277,0.6442,0.0556,-0.1379,0.7578,Dark,
9.6104,6.7055,7.7182,0.0000,0.0000,0.6594,-0.5011,0.5605,0.4430,-0.5161,0.7331,0.5550,-0.5292,0.6419,0.0578,-0.1387,0.7583,Dark,
9.6192,6.7055,7.7182,0.0000,0.0000,0.6604,-0.5028,0.5577,0.4446,-0.5178,0.7310,0.5562,-0.5308,0.6394,0.0599,-0.1395,0.7586,Dark,
9.6338,6.7055,7.7182,0.0000,0.0000,0.6612,-0.5047,0.5550,0.4458,-0.5197,0.7288,0.5572,-0.5328,0.6369,0.0621,-0.1404,0.7592,Dark,
9.6439,6.7055,7.7182,0.0000,0.0000,0.6619,-0.5066,0.5525,0.4469,-0.5217,0.7268,0.5580,-0.5347,0.6346,0.0640,-0.1411,0.7595,Dark,
9.6515,6.7055,7.7182,0.0000,0.0000,0.6624,-0.5085,0.5502,0.4477,-0.5235,0.7249,0.5586,-0.5366,0.6325,0.0659,-0.1418,0.7598,Dark,
9.6631,6.7055,7.7182,0.0000,0.0000,0.6628,-0.5101,0.5482,0.4484,-0.5252,0.7233,0.5591,-0.5382,0.6306,0.0678,-0.1424,0.7601,Dark,
9.6744,6.7055,7.7182,0.0000,0.0000,0.6631,-0.5117,0.5463,0.4490,-0.5268,0.7218,0.5596,-0.5398,0.6289,0.0696,-0.1430,0.7605,Dark,
9.6854,6.7055,7.7182,0.0000,0.0000,0.6633,-0.5131,0.5448,0.4494,-0.5281,0.7205,0.5599,-0.5412,0.6274,0.0714,-0.1435,0.7607,Dark,
9.6964,6.7055,7.7182,0.0000,0.0000,0.6635,-0.5144,0.5434,0.4498,-0.5294,0.7193,0.5601,-0.5425,0.6261,0.0731,-0.1440,0.7608,Dark,
9.7077,6.7055,7.7182,0.0000,0.0000,0.6636,-0.5156,0.5421,0.4501,-0.5306,0.7183,0.5603,-0.5436,0.6249,0.0748,-0.1445,0.7610,Dark,
9.7190,6.7055,7.7182,0.0000,0.0000,0.6637,-0.5167,0.5408,0.4504,-0.5317,0.7172,0.5605,-0.5448,0.6238,0.0765,-0.1449,0.7610,Dark,
9.7302,6.7055,7.7182,0.0000,0.0000,0.6639,-0.5180,0.5394,0.4509,-0.5329,0.7161,0.5608,-0.5460,0.6225,0.0782,-0.1453,0.7610,Dark,
9.7416,6.7055,7.7182,0.0000,0.0000,0.6642,-0.5192,0.5379,0.4513,-0.5341,0.7148,0.5611,-0.5472,0.6210,0.0798,-0.1457,0.7613,Dark,
9.7521,6.7055,7.7182,0.0000,0.0000,0.6644,-0.5205,0.5363,0.4519,-0.5354,0.7136,0.5615,-0.5485,0.6196,0.0814,-0.1461,0.7611,Dark,
9.7672,6.7055,7.7182,0.0000,0.0000,0.6648,-0.5217,0.5347,0.4525,-0.5365,0.7123,0.5620,-0.5496,0.6181,0.0830,-0.1464,0.7610,Dark,
9.7771,6.7055,7.7182,0.0000,0.0000,0.6654,-0.5227,0.5330,0.4534,-0.5375,0.7110,0.5627,-0.5506,0.6166,0.0847,-0.1468,0.7607,Dark,
9.7859,6.7055,7.7182,0.0000,0.0000,0.6661,-0.5236,0.5311,0.4546,-0.5382,0.7097,0.5636,-0.5515,0.6150,0.0864,-0.1471,0.7604,Dark,
9.7972,6.7055,7.7182,0.0000,0.0000,0.6672,-0.5244,0.5291,0.4561,-0.5389,0.7082,0.5649,-0.5522,0.6132,0.0881,-0.1474,0.7600,Dark,
9.8115,6.7055,7.7182,0.0000,0.0000,0.6684,-0.5252,0.5267,0.4579,-0.5398,0.7064,0.5663,-0.5530,0.6111,0.0900,-0.1477,0.7599,Dark,
9.8207,6.7055,7.7182,0.0000,0.0000,0.6697,-0.5262,0.5241,0.4598,-0.5407,0.7044,0.5679,-0.5540,0.6088,0.0918,-0.1480,0.7593,Dark,
9.8320,6.7055,7.7182,0.0000,0.0000,0.6712,-0.5272,0.5211,0.4619,-0.5418,0.7022,0.5696,-0.5550,0.6062,0.0936,-0.1484,0.7587,Dark,
9.8416,6.7055,7.7182,0.0000,0.0000,0.6729,-0.5284,0.5177,0.4643,-0.5430,0.6997,0.5717,-0.5562,0.6032,0.0956,-0.1488,0.7583,Dark,
9.8525,6.7055,7.7182,0.0000,0.0000,0.6748,-0.5295,0.5141,0.4670,-0.5443,0.6969,0.5739,-0.5574,0.5999,0.0975,-0.1491,0.7575,Dark,
9.8634,6.7055,7.7182,0.0000,0.0000,0.6767,-0.5308,0.5102,0.4697,-0.5456,0.6940,0.5762,-0.5587,0.5965,0.0994,-0.1495,0.7566,Dark,
9.8768,6.7055,7.7182,0.0000,0.0000,0.6785,-0.5323,0.5063,0.4724,-0.5470,0.6911,0.5784,-0.5602,0.5930,0.1015,-0.1499,0.7560,Dark,
9.8865,6.7055,7.7182,0.0000,0.0000,0.6802,-0.5338,0.5023,0.4750,-0.5485,0.6881,0.5805,-0.5616,0.5895,0.1034,-0.1503,0.7551,Dark,
9.8991,6.7055,7.7182,0.0000,0.0000,0.6819,-0.5354,0.4983,0.4776,-0.5500,0.6851,0.5826,-0.5632,0.5860,0.1053,-0.1506,0.7541,Dark,
9.9094,6.7055,7.7182,0.0000,0.0000,0.6836,-0.5371,0.4942,0.4802,-0.5517,0.6820,0.5847,-0.5649,0.5823,0.1073,-0.1510,0.7533,Dark,
9.9205,6.7055,7.7182,0.0000,0.0000,0.6852,-0.5386,0.4903,0.4826,-0.5532,0.6790,0.5866,-0.5664,0.5788,0.1092,-0.1513,0.7523,Dark,
9.9313,6.7055,7.7182,0.0000,0.0000,0.6866,-0.5400,0.4867,0.4848,-0.5548,0.6762,0.5884,-0.5679,0.5756,0.1111,-0.1516,0.7513,Dark,
9.9421,6.7055,7.7182,0.0000,0.0000,0.6878,-0.5415,0.4834,0.4867,-0.5562,0.6736,0.5899,-0.5694,0.5726,0.1130,-0.1520,0.7505,Dark,
9.9533,6.7055,7.7182,0.0000,0.0000,0.6887,-0.5430,0.4805,0.4882,-0.5575,0.6714,0.5910,-0.5707,0.5700,0.1148,-0.1523,0.7495,Dark,
9.9673,6.7055,7.7182,0.0000,0.0000,0.6892,-0.5444,0.4781,0.4893,-0.5588,0.6696,0.5918,-0.5721,0.5679,0.1167,-0.1525,0.7485,Dark,
9.9763,6.7055,7.7182,0.0000,0.0000,0.6894,-0.5460,0.4760,0.4900,-0.5601,0.6680,0.5921,-0.5735,0.5661,0.1185,-0.1528,0.7478,Dark,
9.9868,6.7055,7.7182,0.0000,0.0000,0.6891,-0.5477,0.4745,0.4900,-0.5614,0.6669,0.5920,-0.5750,0.5647,0.1202,-0.1531,0.7468,Dark,
9.9986,6.7055,7.7182,0.0000,0.0000,0.6883,-0.5496,0.4735,0.4894,-0.5628,0.6661,0.5912,-0.5767,0.5638,0.1219,-0.1533,0.7459,Dark,
10.0082,6.7055,7.7182,0.0000,0.0000,0.6868,-0.5518,0.4730,0.4880,-0.5645,0.6658,0.5897,-0.5786,0.5634,0.1235,-0.1536,0.7452,Dark,
10.0200,6.7055,7.7182,0.0000,0.0000,0.6848,-0.5543,0.4731,0.4859,-0.5662,0.6658,0.5876,-0.5808,0.5634,0.1250,-0.1539,0.7443,Dark,
10.0316,6.7055,7.7182,0.0000,0.0000,0.6824,-0.5569,0.4735,0.4834,-0.5680,0.6661,0.5850,-0.5830,0.5638,0.1265,-0.1543,0.7434,Dark,
10.0417,6.7055,7.7182,0.0000,0.0000,0.6796,-0.5598,0.4741,0.4805,-0.5698,0.6667,0.5821,-0.5853,0.5644,0.1280,-0.1546,0.7428,Dark,
10.0528,6.7055,7.7182,0.0000,0.0000,0.6766,-0.5626,0.4751,0.4772,-0.5716,0.6675,0.5788,-0.5877,0.5653,0.1294,-0.1549,0.7419,Dark,
10.0645,6.7055,7.7182,0.0000,0.0000,0.6732,-0.5656,0.4763,0.4736,-0.5734,0.6685,0.5752,-0.5901,0.5665,0.1308,-0.1553,0.7411,Dark,
10.0762,6.7055,7.7182,0.0000,0.0000,0.6694,-0.5689,0.4778,0.4695,-0.5754,0.6697,0.5712,-0.5927,0.5679,0.1323,-0.1558,0.7406,Dark,
10.0875,6.7055,7.7182,0.0000,0.0000,0.6653,-0.5723,0.4794,0.4651,-0.5774,0.6710,0.5668,-0.5954,0.5693,0.1337,-0.1562,0.7398,Dark,
10.0992,6.7055,7.7182,0.0000,0.0000,0.6614,-0.5757,0.4808,0.4609,-0.5795,0.6721,0.5626,-0.5982,0.5706,0.1351,-0.1566,0.7391,Dark,
10.1095,6.7055,7.3347,0.0000,0.0000,0.6573,-0.5796,0.4817,0.4567,-0.5823,0.6726,0.5584,-0.6015,0.5713,0.1366,-0.1571,0.7385,Dark,
10.1206,6.7055,7.0151,0.0000,0.0000,0.6538,-0.5829,0.4825,0.4532,-0.5846,0.6730,0.5548,-0.6043,0.5719,0.1381,-0.1576,0.7377,Dark,
10.1310,6.3233,6.7595,0.0000,0.0000,0.6496,-0.5887,0.4810,0.4487,-0.5896,0.6715,0.5504,-0.6098,0.5703,0.1396,-0.1582,0.7368,Dark,
10.1438,5.7501,6.4399,0.0000,0.0000,0.6469,-0.5915,0.4813,0.4454,-0.5914,0.6722,0.5472,-0.6121,0.5708,0.1410,-0.1589,0.7362,Dark,
10.1544,5.5590,6.3284,0.0000,0.0000,0.6416,-0.6016,0.4759,0.4406,-0.6011,0.6668,0.5420,-0.6219,0.5652,0.1425,-0.1596,0.7353,Dark,
10.1643,5.4316,6.2887,0.0000,0.0000,0.6384,-0.6041,0.4770,0.4372,-0.6024,0.6678,0.5386,-0.6239,0.5663,0.1439,-0.1604,0.7344,Dark,
10.1762,5.3576,6.2570,0.0000,0.0000,0.6330,-0.6145,0.4709,0.4319,-0.6124,0.6621,0.5330,-0.6340,0.5602,0.1454,-0.1612,0.7337,Dark,
10.1876,5.3421,6.2217,0.0000,0.0000,0.6293,-0.6234,0.4640,0.4298,-0.6216,0.6549,0.5300,-0.6429,0.5530,0.1468,-0.1620,0.7328,Dark,
10.1987,5.3647,6.2153,0.0000,0.0000,0.6247,-0.6474,0.4366,0.4278,-0.6488,0.6294,0.5265,-0.6682,0.5257,0.1482,-0.1628,0.7319,Dark,
10.2096,5.3843,6.2165,0.0000,0.0000,0.6220,-0.6433,0.4464,0.4219,-0.6423,0.6399,0.5222,-0.6633,0.5361,0.1495,-0.1636,0.7312,Dark,
10.2215,5.4290,6.3151,0.0000,0.0000,0.6259,-0.7181,0.3041,0.4507,-0.7414,0.4973,0.5380,-0.7471,0.3903,0.1508,-0.1644,0.7303,Dark,
10.2325,5.4499,6.3505,0.0000,0.0000,0.6208,-0.7108,0.3307,0.4369,-0.7284,0.5278,0.5286,-0.7381,0.4193,0.1520,-0.1652,0.7295,Dark,
10.2434,5.4639,6.3771,0.0000,0.0000,0.6152,-0.7025,0.3578,0.4228,-0.7140,0.5581,0.5189,-0.7278,0.4484,0.1532,-0.1658,0.7288,Dark,
10.2540,5.4321,6.3246,0.0000,0.0000,0.5877,-0.7575,0.2841,0.4019,-0.7790,0.4813,0.4939,-0.7860,0.3718,0.1544,-0.1665,0.7279,Dark,
10.2657,5.3982,6.2959,0.0000,0.0000,0.5883,-0.7568,0.2849,0.3985,-0.7776,0.4863,0.4926,-0.7855,0.3745,0.1556,-0.1671,0.7270,Dark,
10.2762,5.3692,6.2743,0.0000,0.0000,0.5885,-0.7565,0.2852,0.3952,-0.7768,0.4903,0.4911,-0.7855,0.3765,0.1568,-0.1677,0.7263,Dark,
10.2882,5.3329,6.2243,0.0000,0.0000,0.5808,-0.7704,0.2630,0.3885,-0.7936,0.4682,0.4837,-0.8005,0.3539,0.1579,-0.1682,0.7254,Dark,
10.2992,5.3384,6.2140,0.0000,0.0000,0.5855,-0.7684,0.2585,0.3906,-0.7926,0.4682,0.4873,-0.7994,0.3513,0.1590,-0.1687,0.7246,Dark,
10.3099,5.3489,6.2063,0.0000,0.0000,0.5784,-0.7782,0.2446,0.3816,-0.8040,0.4561,0.4792,-0.8101,0.3379,0.1601,-0.1691,0.7240,Dark,
10.3220,5.3638,6.2265,0.0000,0.0000,0.5792,-0.7813,0.2328,0.3779,-0.8090,0.4502,0.4779,-0.8147,0.3285,0.1611,-0.1695,0.7233,Dark,
10.3333,5.3604,6.2367,0.0000,0.0000,0.5872,-0.7738,0.2376,0.3819,-0.8011,0.4608,0.4842,-0.8078,0.3360,0.1621,-0.1698,0.7227,Dark,
10.3438,5.3561,6.2443,0.0000,0.0000,0.5813,-0.7823,0.2239,0.3744,-0.8113,0.4490,0.4774,-0.8172,0.3229,0.1631,-0.1701,0.7221,Dark,
10.3546,5.3398,6.2410,0.0000,0.0000,0.5901,-0.7702,0.2420,0.3722,-0.7957,0.4779,0.4813,-0.8053,0.3463,0.1640,-0.1704,0.7215,Dark,
10.3678,5.3310,6.2370,0.0000,0.0000,0.5865,-0.7780,0.2252,0.3681,-0.8065,0.4627,0.4774,-0.8144,0.3298,0.1649,-0.1706,0.7210,Dark,
10.3765,5.3247,6.2341,0.0000,0.0000,0.5842,-0.7826,0.2150,0.3644,-0.8128,0.4545,0.4745,-0.8199,0.3202,0.1658,-0.1709,0.7205,Dark,
10.3878,5.3196,6.2125,0.0000,0.0000,0.5874,-0.7742,0.2358,0.3560,-0.7990,0.4847,0.4723,-0.8108,0.3459,0.1666,-0.1712,0.7200,Dark,
10.3997,5.3193,6.2058,0.0000,0.0000,0.5854,-0.7795,0.2230,0.3541,-0.8068,0.4730,0.4704,-0.8172,0.3331,0.1673,-0.1714,0.7195,Dark,
10.4100,5.3200,6.2007,0.0000,0.0000,0.5837,-0.7836,0.2129,0.3522,-0.8128,0.4640,0.4685,-0.8222,0.3233,0.1680,-0.1716,0.7191,Dark,
10.4217,5.3189,6.1903,0.0000,0.0000,0.5863,-0.7765,0.2310,0.3459,-0.8010,0.4886,0.4670,-0.8142,0.3448,0.1685,-0.1718,0.7186,Dark,
10.4323,5.3174,6.1884,0.0000,0.0000,0.5838,-0.7810,0.2219,0.3438,-0.8073,0.4797,0.4647,-0.8194,0.3356,0.1690,-0.1719,0.7181,Dark,
10.4458,5.3150,6.1886,0.0000,0.0000,0.5820,-0.7812,0.2257,0.3372,-0.8059,0.4866,0.4606,-0.8195,0.3409,0.1694,-0.1719,0.7177,Dark,
10.4547,5.3108,6.1903,0.0000,0.0000,0.5838,-0.7782,0.2313,0.3366,-0.8016,0.4941,0.4613,-0.8163,0.3475,0.1697,-0.1720,0.7173,Dark,
10.4668,5.3075,6.1920,0.0000,0.0000,0.5818,-0.7813,0.2260,0.3345,-0.8057,0.4889,0.4593,-0.8198,0.3420,0.1700,-0.1719,0.7169,Dark,
10.4757,5.3051,6.1822,0.0000,0.0000,0.5810,-0.7801,0.2322,0.3305,-0.8026,0.4966,0.4570,-0.8181,0.3491,0.1704,-0.1718,0.7166,Dark,
10.4883,5.3222,6.1668,0.0000,0.0000,0.5807,-0.7796,0.2344,0.3283,-0.8015,0.4997,0.4558,-0.8176,0.3518,0.1705,-0.1716,0.7162,Dark,
10.4988,5.3222,6.1668,0.0000,0.0000,0.5798,-0.7799,0.2359,0.3270,-0.8014,0.5008,0.4547,-0.8177,0.3530,0.1706,-0.1713,0.7159,Dark,
10.5109,5.3516,6.1575,0.0000,0.0000,0.5773,-0.7833,0.2305,0.3257,-0.8061,0.4940,0.4527,-0.8214,0.3468,0.1707,-0.1709,0.7156,Dark,
10.5215,5.3616,6.1704,0.0000,0.0000,0.5711,-0.7852,0.2394,0.3146,-0.8045,0.5039,0.4440,-0.8221,0.3565,0.1706,-0.1705,0.7153,Dark,
10.5338,5.3605,6.1926,0.0000,0.0000,0.5672,-0.7856,0.2472,0.3065,-0.8019,0.5129,0.4379,-0.8215,0.3652,0.1706,-0.1701,0.7150,Dark,
10.5435,5.3512,6.2046,0.0000,0.0000,0.5381,-0.7981,0.2709,0.2656,-0.8025,0.5343,0.4020,-0.8289,0.3890,0.1705,-0.1696,0.7148,Dark,
10.5542,5.3438,6.2134,0.0000,0.0000,0.5490,-0.7930,0.2640,0.2785,-0.8013,0.5294,0.4144,-0.8258,0.3826,0.1703,-0.1690,0.7145,Dark,
10.5684,5.3503,6.2212,0.0000,0.0000,0.5465,-0.7928,0.2697,0.2725,-0.7990,0.5360,0.4102,-0.8249,0.3889,0.1701,-0.1683,0.7144,Dark,
10.5772,5.3542,6.2256,0.0000,0.0000,0.5304,-0.7998,0.2812,0.2502,-0.7998,0.5457,0.3904,-0.8292,0.4001,0.1699,-0.1677,0.7142,Dark,
10.5876,5.3585,6.2288,0.0000,0.0000,0.5347,-0.7965,0.2823,0.2537,-0.7971,0.5479,0.3946,-0.8264,0.4017,0.1695,-0.1670,0.7140,Dark,
10.5998,5.3768,6.2321,0.0000,0.0000,0.5319,-0.7963,0.2880,0.2478,-0.7949,0.5539,0.3902,-0.8255,0.4077,0.1691,-0.1662,0.7139,Dark,
10.6112,5.3818,6.2424,0.0000,0.0000,0.5267,-0.7980,0.2929,0.2400,-0.7944,0.5580,0.3836,-0.8263,0.4124,0.1687,-0.1654,0.7139,Dark,
10.6214,5.3856,6.2508,0.0000,0.0000,0.5252,-0.7967,0.2990,0.2362,-0.7914,0.5638,0.3810,-0.8244,0.4186,0.1682,-0.1645,0.7138,Dark,
10.6330,5.3919,6.2618,0.0000,0.0000,0.5232,-0.7958,0.3049,0.2315,-0.7888,0.5694,0.3776,-0.8229,0.4245,0.1676,-0.1637,0.7138,Dark,
10.6443,5.3928,6.2875,0.0000,0.0000,0.5236,-0.7951,0.3060,0.2313,-0.7883,0.5701,0.3779,-0.8224,0.4253,0.1669,-0.1627,0.7138,Dark,
10.6554,5.3934,6.3078,0.0000,0.0000,0.5176,-0.7952,0.3159,0.2218,-0.7850,0.5785,0.3700,-0.8210,0.4348,0.1661,-0.1617,0.7139,Dark,
10.6669,5.4098,6.3341,0.0000,0.0000,0.5176,-0.7933,0.3205,0.2199,-0.7824,0.5826,0.3692,-0.8190,0.4393,0.1653,-0.1607,0.7139,Dark,
10.6777,5.4155,6.3442,0.0000,0.0000,0.5229,-0.7904,0.3191,0.2261,-0.7819,0.5810,0.3753,-0.8172,0.4374,0.1643,-0.1597,0.7140,Dark,
10.6892,5.4197,6.3501,0.0000,0.0000,0.5164,-0.7901,0.3303,0.2159,-0.7781,0.5898,0.3668,-0.8154,0.4479,0.1632,-0.1586,0.7142,Dark,
10.6989,5.4001,6.3531,0.0000,0.0000,0.5127,-0.7888,0.3390,0.2115,-0.7752,0.5953,0.3627,-0.8131,0.4553,0.1620,-0.1574,0.7144,Dark,
10.7100,5.3914,6.2756,0.0000,0.0000,0.5199,-0.7749,0.3595,0.2117,-0.7574,0.6177,0.3669,-0.7985,0.4773,0.1608,-0.1561,0.7147,Dark,
10.7217,5.3849,6.2106,0.0000,0.0000,0.5134,-0.7771,0.3639,0.2010,-0.7581,0.6204,0.3583,-0.8002,0.4810,0.1594,-0.1547,0.7149,Dark,
10.7348,5.1838,6.1191,0.0000,0.0000,0.5009,-0.7620,0.4105,0.1843,-0.7312,0.6569,0.3430,-0.7793,0.5245,0.1578,-0.1532,0.7152,Dark,
10.7444,5.1130,5.8984,0.0000,0.0000,0.4893,-0.7081,0.5091,0.1469,-0.6496,0.7460,0.3170,-0.7147,0.6235,0.1560,-0.1517,0.7155,Dark,
10.7552,5.0599,5.7232,0.0000,0.0000,0.4904,-0.7307,0.4750,0.1516,-0.6821,0.7153,0.3209,-0.7417,0.5890,0.1541,-0.1500,0.7157,Dark,
10.7668,4.8886,5.4962,0.0000,0.0000,0.4533,-0.6903,0.5640,0.1213,-0.6239,0.7720,0.2848,-0.6901,0.6654,0.1520,-0.1482,0.7160,Dark,
10.7777,4.8456,5.3019,0.0000,0.0000,0.3346,-0.6069,0.7209,-0.0157,-0.4968,0.8677,0.1490,-0.5833,0.7985,0.1497,-0.1464,0.7162,Dark,
10.7876,4.8134,5.1615,0.0000,0.0000,0.3721,-0.6347,0.6773,0.0166,-0.5352,0.8445,0.1868,-0.6181,0.7636,0.1471,-0.1445,0.7163,Dark,
10.7997,4.6481,5.0104,0.0000,0.0000,0.2912,-0.5724,0.7665,-0.0378,-0.4658,0.8841,0.1163,-0.5472,0.8289,0.1442,-0.1424,0.7163,Dark,
10.8109,4.5997,5.0115,0.0000,0.0000,0.2413,-0.5221,0.8181,-0.0891,-0.4079,0.9087,0.0632,-0.4920,0.8683,0.1413,-0.1402,0.7163,Dark,
10.8223,4.5634,5.0269,0.0000,0.0000,0.2437,-0.5241,0.8161,-0.0940,-0.4096,0.9074,0.0622,-0.4946,0.8669,0.1382,-0.1380,0.7163,Dark,
10.8415,4.7143,5.0785,0.0000,0.0000,0.1834,-0.4778,0.8591,-0.1297,-0.3670,0.9211,0.0137,-0.4470,0.8944,0.1348,-0.1355,0.7161,Dark,
10.8627,4.8674,5.1007,0.0000,0.0000,0.1466,-0.4587,0.8764,-0.1485,-0.3549,0.9230,-0.0129,-0.4296,0.9029,0.1278,-0.1306,0.7155,Dark,
10.9160,4.8163,5.4826,0.0000,0.0000,-0.0954,-0.3488,0.9323,-0.1452,-0.3299,0.9328,-0.1213,-0.3429,0.9315,0.1165,-0.1226,0.7133,Dark,
10.9227,4.8333,5.5105,0.0000,0.0000,-0.1268,-0.3366,0.9331,-0.1728,-0.3194,0.9317,-0.1507,-0.3313,0.9314,0.1044,-0.1145,0.7097,Dark,
10.9384,4.8710,5.6085,0.0000,0.0000,-0.1168,-0.3403,0.9330,-0.1579,-0.3253,0.9323,-0.1381,-0.3357,0.9318,0.1002,-0.1117,0.7081,Dark,
10.9464,4.8897,5.6500,0.0000,0.0000,-0.0797,-0.3663,0.9271,-0.1204,-0.3522,0.9281,-0.1006,-0.3621,0.9267,0.0958,-0.1089,0.7063,Dark,
10.9553,4.9035,5.6768,0.0000,0.0000,-0.1355,-0.3200,0.9377,-0.1729,-0.3067,0.9360,-0.1547,-0.3160,0.9360,0.0916,-0.1061,0.7044,Dark,
10.9677,4.9125,5.6960,0.0000,0.0000,-0.1796,-0.2829,0.9422,-0.2143,-0.2704,0.9386,-0.1975,-0.2792,0.9397,0.0873,-0.1032,0.7024,Dark,
10.9769,4.9355,5.7076,0.0000,0.0000,-0.1270,-0.3214,0.9384,-0.1628,-0.3093,0.9369,-0.1454,-0.3179,0.9369,0.0829,-0.1004,0.7002,Dark,
10.9880,4.9533,5.7209,0.0000,0.0000,-0.0975,-0.3365,0.9366,-0.1333,-0.3250,0.9363,-0.1158,-0.3333,0.9357,0.0785,-0.0976,0.6978,Dark,
10.9997,5.0142,5.7418,0.0000,0.0000,-0.1198,-0.3110,0.9428,-0.1610,-0.2977,0.9410,-0.1410,-0.3072,0.9411,0.0741,-0.0948,0.6954,Dark,
11.0264,5.0371,5.7762,0.0000,0.0000,-0.0408,-0.3573,0.9331,-0.0926,-0.3425,0.9349,-0.0672,-0.3535,0.9330,0.0651,-0.0894,0.6898,Dark,
11.0301,5.0371,5.7762,0.0000,0.0000,-0.0494,-0.3520,0.9347,-0.1012,-0.3374,0.9359,-0.0758,-0.3483,0.9343,0.0606,-0.0868,0.6869,Dark,
11.0453,5.0446,5.7958,0.0000,0.0000,-0.0383,-0.3525,0.9350,-0.0995,-0.3357,0.9367,-0.0695,-0.3483,0.9348,0.0559,-0.0843,0.6838,Dark,
11.0553,5.0441,5.8018,0.0000,0.0000,-0.0556,-0.3382,0.9394,-0.1212,-0.3203,0.9395,-0.0891,-0.3337,0.9384,0.0505,-0.0814,0.6802,Dark,
11.0668,5.0826,5.8053,0.0000,0.0000,-0.0337,-0.3457,0.9377,-0.1111,-0.3254,0.9390,-0.0731,-0.3409,0.9372,0.0459,-0.0791,0.6770,Dark,
11.0785,5.0968,5.8155,0.0000,0.0000,-0.0120,-0.3553,0.9347,-0.0955,-0.3345,0.9376,-0.0544,-0.3506,0.9349,0.0412,-0.0769,0.6737,Dark,
11.0880,5.1075,5.8239,0.0000,0.0000,-0.0186,-0.3482,0.9373,-0.1074,-0.3261,0.9392,-0.0638,-0.3433,0.9371,0.0365,-0.0748,0.6704,Dark,
11.0999,5.1316,5.8356,0.0000,0.0000,0.0039,-0.3540,0.9353,-0.0988,-0.3296,0.9389,-0.0483,-0.3489,0.9359,0.0318,-0.0727,0.6670,Dark,
11.1106,5.1366,5.8540,0.0000,0.0000,0.0188,-0.3581,0.9335,-0.0900,-0.3332,0.9385,-0.0364,-0.3533,0.9348,0.0272,-0.0708,0.6634,Dark,
11.1219,5.1403,5.8682,0.0000,0.0000,0.0191,-0.3562,0.9342,-0.0956,-0.3304,0.9390,-0.0390,-0.3513,0.9354,0.0225,-0.0690,0.6599,Dark,
11.1414,5.1630,5.8964,0.0000,0.0000,0.0531,-0.3619,0.9307,-0.0821,-0.3332,0.9393,-0.0153,-0.3571,0.9339,0.0179,-0.0672,0.6563,Dark,
11.1445,5.1630,5.8964,0.0000,0.0000,0.0471,-0.3591,0.9321,-0.0883,-0.3306,0.9396,-0.0214,-0.3544,0.9348,0.0132,-0.0655,0.6526,Dark,
11.1553,5.1668,5.9036,0.0000,0.0000,0.0526,-0.3598,0.9316,-0.0884,-0.3308,0.9396,-0.0186,-0.3553,0.9346,0.0085,-0.0638,0.6490,Dark,
11.1680,5.1891,5.9101,0.0000,0.0000,0.0704,-0.3605,0.9301,-0.0853,-0.3298,0.9402,-0.0081,-0.3563,0.9343,0.0038,-0.0622,0.6452,Dark,
11.1779,5.1958,5.9245,0.0000,0.0000,0.0730,-0.3558,0.9317,-0.0879,-0.3248,0.9417,-0.0081,-0.3519,0.9360,-0.0008,-0.0606,0.6415,Dark,
11.1884,5.2008,5.9360,0.0000,0.0000,0.0811,-0.3574,0.9304,-0.0848,-0.3264,0.9414,-0.0023,-0.3539,0.9353,-0.0054,-0.0591,0.6378,Dark,
11.1995,5.2396,5.9506,0.0000,0.0000,0.0901,-0.3565,0.9300,-0.0876,-0.3242,0.9419,0.0008,-0.3533,0.9355,-0.0100,-0.0577,0.6339,Dark,
11.2109,5.2519,5.9270,0.0000,0.0000,0.0722,-0.3500,0.9340,-0.1123,-0.3159,0.9421,-0.0206,-0.3464,0.9379,-0.0145,-0.0563,0.6300,Dark,
11.2222,5.2611,5.9059,0.0000,0.0000,0.0911,-0.3515,0.9317,-0.1002,-0.3181,0.9428,-0.0048,-0.3488,0.9372,-0.0191,-0.0549,0.6261,Dark,
11.2364,5.2654,5.8735,0.0000,0.0000,0.0829,-0.3485,0.9336,-0.1182,-0.3134,0.9422,-0.0181,-0.3458,0.9381,-0.0237,-0.0534,0.6220,Dark,
11.2443,5.2636,5.8825,0.0000,0.0000,0.0379,-0.3393,0.9399,-0.1684,-0.3009,0.9387,-0.0664,-0.3353,0.9398,-0.0282,-0.0520,0.6180,Dark,
11.2565,5.2622,5.8931,0.0000,0.0000,0.0636,-0.3400,0.9383,-0.1493,-0.3031,0.9412,-0.0435,-0.3373,0.9404,-0.0327,-0.0507,0.6140,Dark,
11.2666,5.2517,5.9143,0.0000,0.0000,0.0511,-0.3362,0.9404,-0.1712,-0.2973,0.9393,-0.0610,-0.3332,0.9409,-0.0373,-0.0493,0.6099,Dark,
11.2807,5.2483,5.9368,0.0000,0.0000,0.0194,-0.3224,0.9464,-0.2078,-0.2833,0.9362,-0.0955,-0.3197,0.9427,-0.0519,-0.0453,0.5969,Dark,
11.2886,5.2458,5.9535,0.0000,0.0000,0.0409,-0.3243,0.9451,-0.1928,-0.2864,0.9385,-0.0769,-0.3228,0.9434,-0.0565,-0.0442,0.5927,Dark,
11.3015,5.2458,5.9535,0.0000,0.0000,0.0391,-0.3229,0.9456,-0.1946,-0.2856,0.9384,-0.0786,-0.3216,0.9436,-0.0610,-0.0431,0.5883,Dark,
11.3114,5.2565,5.9863,0.0000,0.0000,0.0083,-0.3175,0.9482,-0.2294,-0.2778,0.9329,-0.1121,-0.3153,0.9423,-0.0655,-0.0420,0.5839,Dark,
11.3224,5.2659,6.0128,0.0000,0.0000,0.0223,-0.3180,0.9478,-0.2214,-0.2790,0.9344,-0.1008,-0.3167,0.9431,-0.0699,-0.0409,0.5796,Dark,
11.3336,5.2803,6.0465,0.0000,0.0000,0.0267,-0.3155,0.9486,-0.2266,-0.2758,0.9341,-0.1013,-0.3146,0.9438,-0.0743,-0.0398,0.5750,Dark,
11.3443,5.2844,6.0538,0.0000,0.0000,0.0283,-0.3131,0.9493,-0.2294,-0.2737,0.9341,-0.1019,-0.3128,0.9444,-0.0786,-0.0388,0.5707,Dark,
11.3562,5.2864,6.0575,0.0000,0.0000,0.0303,-0.3111,0.9499,-0.2314,-0.2721,0.9340,-0.1019,-0.3113,0.9448,-0.0828,-0.0379,0.5664,Dark,
11.3662,5.2864,6.0575,0.0000,0.0000,0.0324,-0.3093,0.9504,-0.2331,-0.2707,0.9340,-0.1017,-0.3100,0.9453,-0.0869,-0.0370,0.5620,Dark,
11.3777,5.2864,6.0575,0.0000,0.0000,0.0367,-0.3083,0.9506,-0.2356,-0.2696,0.9337,-0.1008,-0.3095,0.9455,-0.0910,-0.0362,0.5577,Dark,
11.3899,5.2864,6.0575,0.0000,0.0000,0.0393,-0.3083,0.9505,-0.2359,-0.2699,0.9335,-0.0996,-0.3100,0.9455,-0.0950,-0.0356,0.5533,Dark,
11.3999,5.2864,6.0575,0.0000,0.0000,0.0433,-0.3085,0.9502,-0.2371,-0.2701,0.9332,-0.0983,-0.3106,0.9455,-0.0990,-0.0349,0.5487,Dark,
11.4162,5.2864,6.0575,0.0000,0.0000,0.0462,-0.3084,0.9501,-0.2366,-0.2706,0.9332,-0.0965,-0.3109,0.9455,-0.1029,-0.0343,0.5441,Dark,
11.4219,5.2864,6.0575,0.0000,0.0000,0.0489,-0.3074,0.9503,-0.2361,-0.2704,0.9333,-0.0948,-0.3106,0.9458,-0.1067,-0.0337,0.5396,Dark,
11.4336,5.2864,6.0575,0.0000,0.0000,0.0524,-0.3060,0.9506,-0.2362,-0.2697,0.9335,-0.0931,-0.3098,0.9462,-0.1105,-0.0329,0.5350,Dark,
11.4445,5.2864,6.0575,0.0000,0.0000,0.0546,-0.3044,0.9510,-0.2357,-0.2691,0.9338,-0.0917,-0.3089,0.9467,-0.1143,-0.0321,0.5306,Dark,
11.4554,5.2864,6.0575,0.0000,0.0000,0.0569,-0.3030,0.9513,-0.2350,-0.2687,0.9341,-0.0901,-0.3081,0.9471,-0.1180,-0.0314,0.5262,Dark,
11.4667,5.2864,6.0575,0.0000,0.0000,0.0593,-0.3018,0.9515,-0.2340,-0.2685,0.9344,-0.0883,-0.3075,0.9475,-0.1214,-0.0304,0.5217,Dark,
11.4775,5.2864,6.0575,0.0000,0.0000,0.0614,-0.3012,0.9516,-0.2321,-0.2688,0.9348,-0.0863,-0.3073,0.9477,-0.1250,-0.0294,0.5175,Dark,
11.4885,5.2864,6.0575,0.0000,0.0000,0.0634,-0.3013,0.9514,-0.2301,-0.2699,0.9350,-0.0842,-0.3079,0.9477,-0.1284,-0.0283,0.5132,Dark,
11.4996,5.2864,6.0575,0.0000,0.0000,0.0654,-0.3018,0.9511,-0.2283,-0.2711,0.9351,-0.0822,-0.3088,0.9476,-0.1315,-0.0269,0.5090,Dark,
11.5107,5.2864,6.0575,0.0000,0.0000,0.0670,-0.3021,0.9509,-0.2267,-0.2722,0.9351,-0.0806,-0.3095,0.9475,-0.1348,-0.0254,0.5048,Dark,
11.5223,5.2864,6.0575,0.0000,0.0000,0.0681,-0.3019,0.9509,-0.2257,-0.2730,0.9352,-0.0794,-0.3098,0.9475,-0.1380,-0.0239,0.5008,Dark,
11.5332,5.2864,6.0575,0.0000,0.0000,0.0685,-0.3012,0.9511,-0.2254,-0.2733,0.9351,-0.0790,-0.3096,0.9476,-0.1411,-0.0223,0.4969,Dark,
11.5441,5.2864,6.0575,0.0000,0.0000,0.0685,-0.2999,0.9515,-0.2255,-0.2732,0.9352,-0.0790,-0.3089,0.9478,-0.1441,-0.0208,0.4931,Dark,
11.5553,5.2864,6.0575,0.0000,0.0000,0.0685,-0.2986,0.9519,-0.2256,-0.2729,0.9352,-0.0790,-0.3081,0.9481,-0.1467,-0.0196,0.4900,Dark,
11.5666,5.2864,6.0575,0.0000,0.0000,0.0684,-0.2972,0.9524,-0.2258,-0.2726,0.9353,-0.0790,-0.3072,0.9484,-0.1493,-0.0182,0.4864,Dark,
11.5777,5.2864,6.0575,0.0000,0.0000,0.0683,-0.2965,0.9526,-0.2260,-0.2729,0.9351,-0.0791,-0.3070,0.9484,-0.1520,-0.0170,0.4828,Dark,
11.5887,5.2864,6.0575,0.0000,0.0000,0.0680,-0.2970,0.9525,-0.2263,-0.2743,0.9346,-0.0794,-0.3080,0.9481,-0.1547,-0.0159,0.4790,Dark,
11.6038,5.2864,6.0575,0.0000,0.0000,0.0679,-0.2978,0.9522,-0.2264,-0.2760,0.9341,-0.0794,-0.3092,0.9477,-0.1572,-0.0150,0.4753,Bright,
11.6114,5.2864,6.0575,0.0000,0.0000,0.0674,-0.2977,0.9523,-0.2269,-0.2768,0.9338,-0.0798,-0.3096,0.9475,-0.1596,-0.0140,0.4717,Bright,
11.6223,5.2864,6.0575,0.0000,0.0000,0.0665,-0.2960,0.9529,-0.2279,-0.2761,0.9337,-0.0807,-0.3084,0.9478,-0.1619,-0.0128,0.4683,Bright,
11.6339,5.2864,6.0575,0.0000,0.0000,0.0650,-0.2934,0.9538,-0.2294,-0.2745,0.9338,-0.0821,-0.3062,0.9484,-0.1642,-0.0117,0.4649,Bright,
11.6446,5.2864,6.0575,0.0000,0.0000,0.0631,-0.2895,0.9551,-0.2313,-0.2716,0.9342,-0.0840,-0.3029,0.9493,-0.1664,-0.0107,0.4617,Bright,
11.6562,5.2864,6.0575,0.0000,0.0000,0.0611,-0.2853,0.9565,-0.2333,-0.2683,0.9347,-0.0859,-0.2991,0.9504,-0.1684,-0.0098,0.4587,Bright,
11.6670,5.2864,6.0575,0.0000,0.0000,0.0593,-0.2811,0.9578,-0.2351,-0.2650,0.9351,-0.0877,-0.2953,0.9514,-0.1703,-0.0089,0.4556,Bright,
11.6780,5.2864,6.0575,0.0000,0.0000,0.0575,-0.2773,0.9591,-0.2368,-0.2620,0.9356,-0.0894,-0.2919,0.9523,-0.1721,-0.0082,0.4528,Bright,
11.6896,5.2864,6.0575,0.0000,0.0000,0.0561,-0.2744,0.9600,-0.2382,-0.2597,0.9359,-0.0907,-0.2893,0.9529,-0.1737,-0.0076,0.4500,Bright,
11.7004,5.2864,6.0575,0.0000,0.0000,0.0549,-0.2726,0.9606,-0.2394,-0.2584,0.9359,-0.0919,-0.2877,0.9533,-0.1754,-0.0071,0.4469,Bright,
11.7122,5.2864,6.0575,0.0000,0.0000,0.0539,-0.2721,0.9608,-0.2404,-0.2584,0.9356,-0.0929,-0.2875,0.9533,-0.1769,-0.0068,0.4439,Bright,
11.7230,5.2864,6.0575,0.0000,0.0000,0.0529,-0.2719,0.9609,-0.2414,-0.2588,0.9353,-0.0939,-0.2876,0.9532,-0.1782,-0.0066,0.4410,Bright,
11.7338,5.2864,6.0575,0.0000,0.0000,0.0518,-0.2710,0.9612,-0.2424,-0.2582,0.9352,-0.0949,-0.2868,0.9533,-0.1796,-0.0062,0.4380,Bright,
11.7450,5.2864,6.0575,0.0000,0.0000,0.0507,-0.2694,0.9617,-0.2435,-0.2569,0.9353,-0.0960,-0.2853,0.9536,-0.1808,-0.0057,0.4352,Bright,
11.7561,5.2864,6.0575,0.0000,0.0000,0.0497,-0.2672,0.9624,-0.2445,-0.2551,0.9355,-0.0970,-0.2833,0.9541,-0.1820,-0.0053,0.4327,Bright,
11.7674,5.2864,6.0575,0.0000,0.0000,0.0489,-0.2648,0.9631,-0.2453,-0.2531,0.9358,-0.0978,-0.2811,0.9547,-0.1830,-0.0048,0.4301,Bright,
11.7781,5.2864,6.0575,0.0000,0.0000,0.0484,-0.2623,0.9638,-0.2458,-0.2513,0.9362,-0.0982,-0.2790,0.9553,-0.1840,-0.0043,0.4277,Bright,
11.7894,5.2864,6.0575,0.0000,0.0000,0.0479,-0.2602,0.9644,-0.2462,-0.2500,0.9364,-0.0986,-0.2773,0.9557,-0.1849,-0.0038,0.4256,Bright,
11.8006,5.2864,6.0575,0.0000,0.0000,0.0476,-0.2583,0.9649,-0.2465,-0.2487,0.9367,-0.0989,-0.2756,0.9562,-0.1858,-0.0034,0.4234,Bright,
11.8116,5.2864,6.0575,0.0000,0.0000,0.0475,-0.2574,0.9651,-0.2466,-0.2484,0.9367,-0.0989,-0.2751,0.9563,-0.1864,-0.0030,0.4215,Bright,
11.8231,5.2864,6.0575,0.0000,0.0000,0.0476,-0.2568,0.9653,-0.2466,-0.2483,0.9368,-0.0989,-0.2747,0.9564,-0.1871,-0.0026,0.4196,Bright,
11.8339,5.2864,6.0575,0.0000,0.0000,0.0478,-0.2570,0.9652,-0.2464,-0.2488,0.9367,-0.0987,-0.2750,0.9564,-0.1877,-0.0022,0.4177,Bright,
11.8451,5.2864,6.0575,0.0000,0.0000,0.0483,-0.2577,0.9650,-0.2459,-0.2497,0.9366,-0.0981,-0.2758,0.9562,-0.1881,-0.0020,0.4162,Bright,
11.8561,5.2864,6.0575,0.0000,0.0000,0.0488,-0.2592,0.9646,-0.2454,-0.2513,0.9363,-0.0976,-0.2774,0.9558,-0.1884,-0.0018,0.4146,Bright,
11.8673,5.2864,6.0575,0.0000,0.0000,0.0494,-0.2617,0.9639,-0.2448,-0.2539,0.9357,-0.0970,-0.2799,0.9551,-0.1887,-0.0018,0.4129,Bright,
11.8783,5.2864,6.0575,0.0000,0.0000,0.0501,-0.2646,0.9631,-0.2441,-0.2568,0.9351,-0.0963,-0.2829,0.9543,-0.1889,-0.0019,0.4115,Bright,
11.8897,5.2864,6.0575,0.0000,0.0000,0.0506,-0.2676,0.9622,-0.2437,-0.2598,0.9344,-0.0958,-0.2859,0.9535,-0.1891,-0.0019,0.4102,Bright,
11.9012,5.2864,6.0575,0.0000,0.0000,0.0509,-0.2703,0.9614,-0.2434,-0.2627,0.9337,-0.0955,-0.2887,0.9527,-0.1894,-0.0020,0.4087,Bright,
11.9118,5.2864,6.0575,0.0000,0.0000,0.0511,-0.2733,0.9606,-0.2432,-0.2658,0.9328,-0.0953,-0.2918,0.9517,-0.1895,-0.0022,0.4077,Bright,
11.9229,5.2864,6.0575,0.0000,0.0000,0.0512,-0.2767,0.9596,-0.2431,-0.2694,0.9318,-0.0951,-0.2953,0.9507,-0.1896,-0.0025,0.4067,Bright,
11.9347,5.2864,6.0575,0.0000,0.0000,0.0514,-0.2802,0.9586,-0.2429,-0.2731,0.9308,-0.0949,-0.2989,0.9495,-0.1898,-0.0029,0.4056,Bright,
11.9455,5.2864,6.0575,0.0000,0.0000,0.0515,-0.2847,0.9572,-0.2428,-0.2778,0.9294,-0.0948,-0.3035,0.9481,-0.1899,-0.0034,0.4047,Bright,
11.9565,5.2864,6.0575,0.0000,0.0000,0.0516,-0.2899,0.9557,-0.2426,-0.2830,0.9279,-0.0946,-0.3088,0.9464,-0.1898,-0.0041,0.4039,Bright,
11.9678,5.2864,6.0575,0.0000,0.0000,0.0519,-0.2951,0.9540,-0.2424,-0.2883,0.9264,-0.0944,-0.3140,0.9447,-0.1898,-0.0048,0.4029,Bright,
11.9786,5.2864,6.0575,0.0000,0.0000,0.0523,-0.3011,0.9522,-0.2420,-0.2943,0.9246,-0.0940,-0.3200,0.9427,-0.1896,-0.0057,0.4022,Bright,
11.9898,5.2864,6.0575,0.0000,0.0000,0.0526,-0.3073,0.9502,-0.2418,-0.3004,0.9227,-0.0937,-0.3262,0.9406,-0.1893,-0.0066,0.4016,Bright,
12.0016,5.2864,6.0575,0.0000,0.0000,0.0528,-0.3142,0.9479,-0.2415,-0.3070,0.9205,-0.0935,-0.3330,0.9383,-0.1892,-0.0076,0.4009,Bright,
12.0120,5.2864,6.0575,0.0000,0.0000,0.0531,-0.3218,0.9453,-0.2412,-0.3143,0.9182,-0.0932,-0.3405,0.9356,-0.1889,-0.0087,0.4004,Bright,
12.0235,5.2864,6.0575,0.0000,0.0000,0.0536,-0.3309,0.9421,-0.2407,-0.3229,0.9153,-0.0927,-0.3494,0.9324,-0.1885,-0.0101,0.4000,Bright,
12.0344,5.2864,6.0575,0.0000,0.0000,0.0544,-0.3411,0.9385,-0.2399,-0.3326,0.9120,-0.0919,-0.3593,0.9287,-0.1882,-0.0117,0.3994,Bright,
12.0455,5.2864,6.0575,0.0000,0.0000,0.0555,-0.3517,0.9345,-0.2389,-0.3426,0.9086,-0.0909,-0.3697,0.9247,-0.1876,-0.0133,0.3991,Bright,
12.0572,5.2864,6.0575,0.0000,0.0000,0.0567,-0.3635,0.9299,-0.2377,-0.3536,0.9047,-0.0897,-0.3812,0.9202,-0.1870,-0.0153,0.3990,Bright,
12.0677,5.2864,6.0575,0.0000,0.0000,0.0582,-0.3757,0.9249,-0.2363,-0.3651,0.9005,-0.0883,-0.3930,0.9153,-0.1864,-0.0173,0.3987,Bright,
12.0795,5.2864,6.0575,0.0000,0.0000,0.0598,-0.3886,0.9195,-0.2347,-0.3772,0.8959,-0.0867,-0.4055,0.9100,-0.1856,-0.0196,0.3986,Bright,
12.0901,5.2864,6.0575,0.0000,0.0000,0.0614,-0.4018,0.9137,-0.2332,-0.3896,0.8910,-0.0852,-0.4184,0.9043,-0.1849,-0.0219,0.3986,Bright,
12.1017,5.2864,6.0575,0.0000,0.0000,0.0630,-0.4164,0.9070,-0.2316,-0.4033,0.8853,-0.0837,-0.4326,0.8977,-0.1842,-0.0245,0.3985,Bright,
12.1124,5.2864,6.0575,0.0000,0.0000,0.0644,-0.4318,0.8997,-0.2303,-0.4180,0.8788,-0.0823,-0.4477,0.8904,-0.1835,-0.0273,0.3986,Bright,
12.1238,5.2864,6.0575,0.0000,0.0000,0.0657,-0.4477,0.8917,-0.2289,-0.4331,0.8718,-0.0810,-0.4632,0.8826,-0.1827,-0.0302,0.3987,Bright,
12.1350,5.2864,6.0575,0.0000,0.0000,0.0672,-0.4647,0.8829,-0.2275,-0.4490,0.8641,-0.0796,-0.4797,0.8738,-0.1821,-0.0334,0.3987,Bright,
12.1458,5.2864,6.0575,0.0000,0.0000,0.0688,-0.4820,0.8735,-0.2258,-0.4653,0.8558,-0.0780,-0.4964,0.8646,-0.1814,-0.0366,0.3988,Bright,
12.1571,5.2864,6.0575,0.0000,0.0000,0.0707,-0.4991,0.8637,-0.2240,-0.4816,0.8473,-0.0762,-0.5131,0.8549,-0.1805,-0.0399,0.3990,Bright,
12.1686,5.2864,6.0575,0.0000,0.0000,0.0727,-0.5164,0.8532,-0.2220,-0.4981,0.8382,-0.0742,-0.5300,0.8448,-0.1797,-0.0434,0.3992,Bright,
12.1794,5.2864,6.0575,0.0000,0.0000,0.0749,-0.5336,0.8424,-0.2199,-0.5145,0.8289,-0.0721,-0.5467,0.8342,-0.1788,-0.0471,0.3995,Bright,
12.1909,5.2864,6.0575,0.0000,0.0000,0.0770,-0.5508,0.8311,-0.2177,-0.5309,0.8190,-0.0700,-0.5636,0.8231,-0.1779,-0.0507,0.3999,Bright,
12.2014,5.2864,6.0575,0.0000,0.0000,0.0790,-0.5677,0.8194,-0.2158,-0.5471,0.8088,-0.0681,-0.5800,0.8117,-0.1771,-0.0543,0.4002,Bright,
12.2130,5.2864,6.0575,0.0000,0.0000,0.0808,-0.5841,0.8077,-0.2139,-0.5627,0.7985,-0.0663,-0.5960,0.8003,-0.1761,-0.0579,0.4007,Bright,
12.2237,5.2864,6.0575,0.0000,0.0000,0.0827,-0.5999,0.7958,-0.2121,-0.5778,0.7881,-0.0645,-0.6114,0.7887,-0.1752,-0.0615,0.4013,Bright,
12.2352,5.2864,6.0575,0.0000,0.0000,0.0845,-0.6146,0.7843,-0.2103,-0.5919,0.7781,-0.0628,-0.6257,0.7775,-0.1743,-0.0649,0.4018,Bright,
12.2460,5.2864,6.0575,0.0000,0.0000,0.0865,-0.6286,0.7729,-0.2083,-0.6052,0.7684,-0.0608,-0.6393,0.7666,-0.1733,-0.0684,0.4026,Bright,
12.2573,5.2864,6.0575,0.0000,0.0000,0.0885,-0.6423,0.7614,-0.2062,-0.6183,0.7584,-0.0588,-0.6526,0.7554,-0.1722,-0.0719,0.4035,Bright,
12.2688,5.2864,6.0575,0.0000,0.0000,0.0910,-0.6556,0.7496,-0.2036,-0.6311,0.7485,-0.0563,-0.6656,0.7442,-0.1711,-0.0752,0.4042,Bright,
12.2798,5.2864,6.0575,0.0000,0.0000,0.0932,-0.6693,0.7371,-0.2014,-0.6444,0.7377,-0.0542,-0.6790,0.7321,-0.1700,-0.0786,0.4050,Bright,
12.2909,5.2864,6.0575,0.0000,0.0000,0.0953,-0.6826,0.7246,-0.1993,-0.6572,0.7269,-0.0521,-0.6919,0.7201,-0.1690,-0.0819,0.4058,Bright,
12.3018,5.2864,6.0575,0.0000,0.0000,0.0973,-0.6946,0.7128,-0.1973,-0.6690,0.7166,-0.0502,-0.7038,0.7087,-0.1680,-0.0849,0.4066,Bright,
12.3132,5.2864,6.0575,0.0000,0.0000,0.0988,-0.7050,0.7023,-0.1957,-0.6794,0.7072,-0.0486,-0.7141,0.6984,-0.1671,-0.0876,0.4077,Bright,
12.3239,5.2864,6.0575,0.0000,0.0000,0.1000,-0.7137,0.6933,-0.1945,-0.6881,0.6991,-0.0475,-0.7227,0.6895,-0.1662,-0.0902,0.4090,Bright,
12.3351,5.2864,6.0575,0.0000,0.0000,0.1010,-0.7208,0.6858,-0.1935,-0.6953,0.6922,-0.0465,-0.7298,0.6821,-0.1654,-0.0926,0.4103,Bright,
12.3462,5.2864,6.0575,0.0000,0.0000,0.1018,-0.7273,0.6787,-0.1927,-0.7019,0.6858,-0.0457,-0.7363,0.6752,-0.1645,-0.0949,0.4118,Bright,
12.3579,5.2864,6.0575,0.0000,0.0000,0.1027,-0.7330,0.6724,-0.1918,-0.7074,0.6803,-0.0448,-0.7418,0.6691,-0.1638,-0.0970,0.4134,Bright,
12.3690,5.2864,6.0575,0.0000,0.0000,0.1035,-0.7388,0.6660,-0.1909,-0.7131,0.6746,-0.0440,-0.7475,0.6628,-0.1630,-0.0991,0.4148,Bright,
12.3796,5.2864,6.0575,0.0000,0.0000,0.1043,-0.7449,0.6590,-0.1901,-0.7191,0.6684,-0.0432,-0.7534,0.6561,-0.1623,-0.1010,0.4162,Bright,
12.3908,5.2864,6.0575,0.0000,0.0000,0.1050,-0.7507,0.6522,-0.1894,-0.7249,0.6623,-0.0425,-0.7592,0.6495,-0.1616,-0.1028,0.4175,Bright,
12.4019,5.2864,6.0575,0.0000,0.0000,0.1051,-0.7558,0.6463,-0.1892,-0.7299,0.6569,-0.0424,-0.7642,0.6436,-0.1611,-0.1045,0.4187,Bright,
12.4132,5.2864,6.0575,0.0000,0.0000,0.1049,-0.7608,0.6405,-0.1894,-0.7346,0.6516,-0.0426,-0.7690,0.6379,-0.1606,-0.1060,0.4200,Bright,
12.4244,5.2864,6.0575,0.0000,0.0000,0.1044,-0.7650,0.6355,-0.1899,-0.7385,0.6470,-0.0432,-0.7730,0.6330,-0.1601,-0.1075,0.4213,Bright,
12.4355,5.2864,6.0575,0.0000,0.0000,0.1038,-0.7689,0.6309,-0.1904,-0.7420,0.6428,-0.0438,-0.7766,0.6285,-0.1597,-0.1089,0.4224,Bright,
12.4467,5.2864,6.0575,0.0000,0.0000,0.1030,-0.7726,0.6264,-0.1911,-0.7452,0.6389,-0.0446,-0.7800,0.6241,-0.1593,-0.1103,0.4236,Bright,
12.4576,5.2864,6.0575,0.0000,0.0000,0.1023,-0.7764,0.6219,-0.1917,-0.7484,0.6349,-0.0453,-0.7835,0.6198,-0.1589,-0.1116,0.4247,Bright,
12.4689,5.2864,6.0575,0.0000,0.0000,0.1018,-0.7799,0.6176,-0.1922,-0.7515,0.6311,-0.0459,-0.7867,0.6156,-0.1585,-0.1129,0.4257,Bright,
12.4798,5.2864,6.0575,0.0000,0.0000,0.1012,-0.7833,0.6133,-0.1927,-0.7546,0.6272,-0.0464,-0.7900,0.6114,-0.1582,-0.1140,0.4266,Bright,
12.4910,5.2864,6.0575,0.0000,0.0000,0.1005,-0.7867,0.6090,-0.1934,-0.7576,0.6234,-0.0471,-0.7931,0.6073,-0.1580,-0.1151,0.4274,Bright,
12.5024,5.2864,6.0575,0.0000,0.0000,0.0999,-0.7897,0.6052,-0.1939,-0.7603,0.6200,-0.0478,-0.7959,0.6035,-0.1579,-0.1161,0.4281,Bright,
12.5136,4.8835,6.0575,0.0000,0.0000,0.0950,-0.7926,0.6023,-0.2021,-0.7611,0.6164,-0.0545,-0.7980,0.6001,-0.1578,-0.1170,0.4289,Bright,
12.5244,4.5477,5.6559,0.0000,0.0000,0.1031,-0.7959,0.5965,-0.1930,-0.7664,0.6126,-0.0457,-0.8022,0.5953,-0.1577,-0.1178,0.4296,Bright,
12.5360,4.0900,5.0345,0.0000,0.0000,0.1326,-0.7977,0.5882,-0.1607,-0.7758,0.6101,-0.0137,-0.8075,0.5897,-0.1576,-0.1186,0.4303,Bright,
12.5470,3.9590,4.8178,0.0000,0.0000,0.1452,-0.7991,0.5834,-0.1462,-0.7805,0.6078,0.0002,-0.8103,0.5860,-0.1576,-0.1192,0.4309,Bright,
12.5583,3.8942,4.6774,0.0000,0.0000,0.1557,-0.8001,0.5793,-0.1312,-0.7847,0.6058,0.0134,-0.8124,0.5830,-0.1577,-0.1199,0.4315,Bright,
12.5697,3.8980,4.6028,0.0000,0.0000,0.1676,-0.8029,0.5721,-0.1115,-0.7916,0.6008,0.0295,-0.8164,0.5768,-0.1577,-0.1205,0.4320,Bright,
12.5806,3.8948,4.6019,0.0000,0.0000,0.1672,-0.8064,0.5673,-0.1081,-0.7957,0.5959,0.0311,-0.8198,0.5719,-0.1578,-0.1210,0.4325,Bright,
12.5913,3.8922,4.5978,0.0000,0.0000,0.1716,-0.8072,0.5648,-0.0991,-0.7982,0.5941,0.0379,-0.8210,0.5697,-0.1579,-0.1215,0.4329,Bright,
12.6025,3.9164,4.6361,0.0000,0.0000,0.1821,-0.8138,0.5519,-0.0807,-0.8085,0.5829,0.0526,-0.8285,0.5575,-0.1581,-0.1221,0.4333,Bright,
12.6138,3.9688,4.6718,0.0000,0.0000,0.2025,-0.8236,0.5298,-0.0582,-0.8238,0.5640,0.0746,-0.8406,0.5366,-0.1582,-0.1226,0.4336,Bright,
12.6247,4.0549,4.7837,0.0000,0.0000,0.2342,-0.8605,0.4525,-0.0190,-0.8713,0.4903,0.1108,-0.8810,0.4599,-0.1583,-0.1231,0.4339,Bright,
12.6358,4.0865,4.8470,0.0000,0.0000,0.2528,-0.8793,0.4035,0.0079,-0.8968,0.4423,0.1337,-0.9018,0.4110,-0.1586,-0.1236,0.4342,Bright,
12.6470,4.1348,4.8927,0.0000,0.0000,0.2820,-0.8873,0.3648,0.0405,-0.9130,0.4059,0.1651,-0.9131,0.3729,-0.1586,-0.1241,0.4343,Bright,
12.6581,4.2034,4.9821,0.0000,0.0000,0.3250,-0.8979,0.2969,0.0957,-0.9360,0.3386,0.2145,-0.9279,0.3050,-0.1586,-0.1245,0.4346,Bright,
12.6694,4.2289,5.0012,0.0000,0.0000,0.3257,-0.8987,0.2937,0.0941,-0.9371,0.3362,0.2141,-0.9290,0.3020,-0.1586,-0.1249,0.4348,Bright,
12.6806,4.2461,5.0129,0.0000,0.0000,0.3546,-0.8959,0.2677,0.1259,-0.9418,0.3118,0.2447,-0.9293,0.2765,-0.1584,-0.1253,0.4349,Bright,
12.6915,4.2562,4.9970,0.0000,0.0000,0.3599,-0.8922,0.2730,0.1309,-0.9388,0.3187,0.2500,-0.9261,0.2825,-0.1582,-0.1255,0.4353,Bright,
12.7027,4.2544,4.9990,0.0000,0.0000,0.3627,-0.8915,0.2715,0.1335,-0.9385,0.3183,0.2527,-0.9257,0.2815,-0.1576,-0.1256,0.4355,Bright,
12.7140,4.2486,5.0020,0.0000,0.0000,0.3694,-0.8886,0.2720,0.1409,-0.9368,0.3203,0.2597,-0.9233,0.2828,-0.1568,-0.1257,0.4357,Bright,
12.7252,4.2441,5.0251,0.0000,0.0000,0.3726,-0.8864,0.2748,0.1514,-0.9341,0.3234,0.2662,-0.9205,0.2861,-0.1555,-0.1257,0.4362,Bright,
12.7365,4.2449,5.0340,0.0000,0.0000,0.3761,-0.8854,0.2731,0.1610,-0.9329,0.3222,0.2725,-0.9190,0.2850,-0.1538,-0.1254,0.4365,Bright,
12.7472,4.2504,5.0396,0.0000,0.0000,0.3897,-0.8793,0.2738,0.1814,-0.9283,0.3245,0.2893,-0.9133,0.2867,-0.1518,-0.1251,0.4366,Bright,
12.7583,4.2626,5.0501,0.0000,0.0000,0.3981,-0.8758,0.2730,0.2015,-0.9243,0.3242,0.3030,-0.9088,0.2867,-0.1491,-0.1246,0.4367,Bright,
12.7696,4.2682,5.0524,0.0000,0.0000,0.4042,-0.8764,0.2617,0.2138,-0.9249,0.3143,0.3118,-0.9090,0.2764,-0.1462,-0.1241,0.4365,Bright,
12.7806,4.2753,5.0543,0.0000,0.0000,0.4228,-0.8704,0.2524,0.2401,-0.9208,0.3075,0.3339,-0.9035,0.2686,-0.1429,-0.1235,0.4359,Bright,
12.7921,4.2871,5.0782,0.0000,0.0000,0.4291,-0.8679,0.2502,0.2534,-0.9174,0.3068,0.3434,-0.9003,0.2675,-0.1397,-0.1228,0.4354,Bright,
12.8030,4.2920,5.0862,0.0000,0.0000,0.4527,-0.8599,0.2360,0.2837,-0.9121,0.2960,0.3701,-0.8933,0.2552,-0.1360,-0.1217,0.4347,Bright,
12.8146,4.3037,5.0952,0.0000,0.0000,0.4572,-0.8573,0.2365,0.2899,-0.9089,0.2999,0.3752,-0.8905,0.2575,-0.1320,-0.1206,0.4337,Bright,
12.8253,4.3105,5.1141,0.0000,0.0000,0.4553,-0.8594,0.2327,0.2898,-0.9094,0.2985,0.3738,-0.8917,0.2551,-0.1281,-0.1194,0.4328,Bright,
12.8365,4.3076,5.1186,0.0000,0.0000,0.4860,-0.8457,0.2202,0.3272,-0.8994,0.2900,0.4077,-0.8797,0.2448,-0.1237,-0.1178,0.4315,Bright,
12.8475,4.3043,5.1215,0.0000,0.0000,0.4994,-0.8394,0.2144,0.3439,-0.8937,0.2881,0.4225,-0.8737,0.2410,-0.1191,-0.1161,0.4300,Bright,
12.8587,4.2072,5.1062,0.0000,0.0000,0.5898,-0.7735,0.2321,0.4442,-0.8383,0.3161,0.5184,-0.8135,0.2636,-0.1143,-0.1141,0.4283,Bright,
12.8705,4.1574,5.0914,0.0000,0.0000,0.5749,-0.7910,0.2092,0.4277,-0.8541,0.2960,0.5022,-0.8301,0.2422,-0.1095,-0.1121,0.4264,Bright,
12.8812,4.0849,5.0691,0.0000,0.0000,0.6423,-0.7375,0.2088,0.5056,-0.8076,0.3035,0.5751,-0.7804,0.2456,-0.1046,-0.1101,0.4243,Bright,
12.8921,4.0621,5.0793,0.0000,0.0000,0.6877,-0.6946,0.2112,0.6070,-0.7446,0.2778,0.6472,-0.7243,0.2377,-0.0998,-0.1076,0.4221,Bright,
12.9035,4.0428,5.0897,0.0000,0.0000,0.7272,-0.6553,0.2044,0.6709,-0.6951,0.2582,0.6986,-0.6789,0.2261,-0.0946,-0.1051,0.4196,Bright,
12.9146,4.0174,5.1360,0.0000,0.0000,0.8107,-0.5566,0.1817,0.7795,-0.5859,0.2215,0.7946,-0.5738,0.1981,-0.0894,-0.1024,0.4166,Bright,
12.9256,4.0068,5.1916,0.0000,0.0000,0.8483,-0.5081,0.1491,0.8247,-0.5344,0.1854,0.8360,-0.5236,0.1642,-0.0844,-0.0994,0.4136,Bright,
12.9368,4.0052,5.2353,0.0000,0.0000,0.8839,-0.4527,0.1171,0.8662,-0.4764,0.1505,0.8746,-0.4667,0.1311,-0.0793,-0.0965,0.4101,Bright,
12.9493,4.0046,5.3046,0.0000,0.0000,0.9176,-0.3928,0.0612,0.9064,-0.4128,0.0895,0.9115,-0.4047,0.0732,-0.0743,-0.0936,0.4065,Bright,
12.9589,4.0044,5.3624,0.0000,0.0000,0.9331,-0.3594,0.0115,0.9250,-0.3781,0.0379,0.9286,-0.3705,0.0227,-0.0694,-0.0907,0.4026,Bright,
12.9704,4.0223,5.4055,0.0000,0.0000,0.9448,-0.3260,-0.0334,0.9391,-0.3435,-0.0084,0.9414,-0.3364,-0.0227,-0.0649,-0.0878,0.3988,Bright,
12.9816,4.0430,5.4957,0.0000,0.0000,0.9499,-0.3009,-0.0848,0.9464,-0.3170,-0.0622,0.9476,-0.3105,-0.0752,-0.0604,-0.0850,0.3945,Bright,
12.9923,4.0473,5.4894,0.0000,0.0000,0.9474,-0.2950,-0.1239,0.9450,-0.3107,-0.1019,0.9456,-0.3044,-0.1145,-0.0564,-0.0823,0.3905,Bright,
13.0035,4.0510,5.4786,0.0000,0.0000,0.9437,-0.2944,-0.1509,0.9420,-0.3098,-0.1290,0.9422,-0.3036,-0.1415,-0.0524,-0.0795,0.3859,Bright,
13.0148,4.0561,5.4471,0.0000,0.0000,0.9347,-0.3063,-0.1802,0.9335,-0.3214,-0.1588,0.9335,-0.3153,-0.1709,-0.0484,-0.0768,0.3812,Bright,
13.0261,4.0598,5.3982,0.0000,0.0000,0.9241,-0.3235,-0.2033,0.9232,-0.3387,-0.1816,0.9230,-0.3325,-0.1938,-0.0449,-0.0743,0.3768,Bright,
13.0373,4.0656,5.3613,0.0000,0.0000,0.9160,-0.3428,-0.2082,0.9150,-0.3582,-0.1858,0.9147,-0.3520,-0.1984,-0.0415,-0.0719,0.3719,Bright,
13.0480,4.0943,5.2921,0.0000,0.0000,0.8976,-0.3947,-0.1962,0.8955,-0.4103,-0.1726,0.8957,-0.4039,-0.1857,-0.0383,-0.0695,0.3670,Bright,
13.0590,4.1138,5.2675,0.0000,0.0000,0.8863,-0.4172,-0.2010,0.8840,-0.4328,-0.1767,0.8843,-0.4264,-0.1901,-0.0352,-0.0676,0.3624,Bright,
13.0702,4.1467,5.2518,0.0000,0.0000,0.8799,-0.4316,-0.1989,0.8775,-0.4470,-0.1738,0.8778,-0.4408,-0.1876,-0.0325,-0.0656,0.3573,Bright,
13.0816,4.1871,5.2099,0.0000,0.0000,0.8647,-0.4739,-0.1667,0.8611,-0.4887,-0.1403,0.8620,-0.4828,-0.1547,-0.0299,-0.0636,0.3523,Bright,
13.0924,4.1957,5.1870,0.0000,0.0000,0.8545,-0.4929,-0.1642,0.8508,-0.5073,-0.1371,0.8517,-0.5015,-0.1518,-0.0274,-0.0617,0.3472,Bright,
13.1035,4.1902,5.1692,0.0000,0.0000,0.8502,-0.4998,-0.1653,0.8467,-0.5138,-0.1378,0.8475,-0.5083,-0.1528,-0.0253,-0.0602,0.3427,Bright,
13.1149,4.1978,5.1677,0.0000,0.0000,0.8441,-0.5160,-0.1461,0.8393,-0.5319,-0.1123,0.8406,-0.5257,-0.1306,-0.0232,-0.0585,0.3376,Bright,
13.1259,4.2104,5.2012,0.0000,0.0000,0.8422,-0.5159,-0.1567,0.8377,-0.5328,-0.1197,0.8387,-0.5263,-0.1397,-0.0213,-0.0569,0.3326,Bright,
13.1371,4.2059,5.2298,0.0000,0.0000,0.8441,-0.5057,-0.1780,0.8406,-0.5239,-0.1377,0.8410,-0.5170,-0.1594,-0.0197,-0.0556,0.3281,Bright,
13.1487,4.1923,5.2707,0.0000,0.0000,0.8468,-0.4788,-0.2315,0.8457,-0.5004,-0.1852,0.8448,-0.4922,-0.2102,-0.0182,-0.0544,0.3234,Bright,
13.1596,4.1827,5.3082,0.0000,0.0000,0.8410,-0.4669,-0.2733,0.8422,-0.4902,-0.2247,0.8399,-0.4812,-0.2509,-0.0169,-0.0536,0.3194,Bright,
13.1704,4.1600,5.3362,0.0000,0.0000,0.8417,-0.4408,-0.3119,0.8456,-0.4657,-0.2608,0.8419,-0.4561,-0.2883,-0.0156,-0.0525,0.3151,Bright,
13.1817,4.1445,5.3989,0.0000,0.0000,0.8351,-0.4052,-0.3720,0.8417,-0.4264,-0.3312,0.8369,-0.4183,-0.3531,-0.0145,-0.0515,0.3109,Bright,
13.1929,4.1469,5.3907,0.0000,0.0000,0.8275,-0.4002,-0.3938,0.8349,-0.4198,-0.3560,0.8297,-0.4123,-0.3762,-0.0133,-0.0506,0.3072,Bright,
13.2042,4.1528,5.3798,0.0000,0.0000,0.8265,-0.3841,-0.4116,0.8346,-0.4024,-0.3762,0.8291,-0.3955,-0.3951,-0.0123,-0.0497,0.3035,Bright,
13.2156,4.1442,5.3566,0.0000,0.0000,0.8266,-0.3805,-0.4147,0.8345,-0.3970,-0.3820,0.8293,-0.3908,-0.3995,-0.0116,-0.0489,0.3000,Bright,
13.2261,4.1307,5.3316,0.0000,0.0000,0.8202,-0.3913,-0.4173,0.8281,-0.4071,-0.3854,0.8229,-0.4012,-0.4024,-0.0105,-0.0482,0.2970,Bright,
13.2374,4.1369,5.2884,0.0000,0.0000,0.8228,-0.3977,-0.4061,0.8302,-0.4123,-0.3752,0.8253,-0.4069,-0.3917,-0.0098,-0.0476,0.2939,Bright,
13.2485,4.1426,5.2681,0.0000,0.0000,0.8250,-0.3962,-0.4030,0.8324,-0.4103,-0.3725,0.8275,-0.4051,-0.3887,-0.0093,-0.0470,0.2911,Bright,
13.2608,4.1488,5.2525,0.0000,0.0000,0.8233,-0.4072,-0.3954,0.8305,-0.4207,-0.3650,0.8258,-0.4158,-0.3811,-0.0085,-0.0466,0.2890,Bright,
13.2710,4.1639,5.2111,0.0000,0.0000,0.8268,-0.4182,-0.3762,0.8334,-0.4309,-0.3461,0.8289,-0.4264,-0.3620,-0.0079,-0.0460,0.2867,Bright,
13.2822,4.1513,5.1869,0.0000,0.0000,0.8276,-0.4178,-0.3748,0.8343,-0.4301,-0.3450,0.8298,-0.4258,-0.3607,-0.0074,-0.0455,0.2845,Bright,
13.2934,4.1405,5.1743,0.0000,0.0000,0.8249,-0.4273,-0.3702,0.8319,-0.4403,-0.3377,0.8272,-0.4358,-0.3548,-0.0069,-0.0450,0.2830,Bright,
13.3040,4.1277,5.1501,0.0000,0.0000,0.8245,-0.4265,-0.3719,0.8327,-0.4414,-0.3343,0.8272,-0.4362,-0.3542,-0.0064,-0.0447,0.2814,Bright,
13.3152,4.1239,5.1400,0.0000,0.0000,0.8280,-0.4261,-0.3645,0.8367,-0.4418,-0.3238,0.8309,-0.4364,-0.3453,-0.0059,-0.0443,0.2797,Bright,
13.3269,4.1113,5.1234,0.0000,0.0000,0.8247,-0.4277,-0.3701,0.8342,-0.4442,-0.3267,0.8279,-0.4386,-0.3496,-0.0054,-0.0439,0.2783,Bright,
13.3377,4.0873,5.0964,0.0000,0.0000,0.8251,-0.4278,-0.3689,0.8359,-0.4462,-0.3195,0.8288,-0.4400,-0.3456,-0.0048,-0.0434,0.2772,Bright,
13.3485,4.0839,5.0872,0.0000,0.0000,0.8258,-0.4260,-0.3695,0.8375,-0.4453,-0.3168,0.8299,-0.4389,-0.3446,-0.0044,-0.0430,0.2758,Bright,
13.3606,4.0822,5.0819,0.0000,0.0000,0.8269,-0.4319,-0.3601,0.8389,-0.4518,-0.3036,0.8310,-0.4452,-0.3334,-0.0040,-0.0428,0.2747,Bright,
13.3709,4.0637,5.0451,0.0000,0.0000,0.8244,-0.4292,-0.3690,0.8382,-0.4512,-0.3064,0.8293,-0.4440,-0.3394,-0.0036,-0.0426,0.2735,Bright,
13.3827,4.0505,5.0229,0.0000,0.0000,0.8235,-0.4292,-0.3711,0.8381,-0.4521,-0.3052,0.8286,-0.4447,-0.3400,-0.0032,-0.0423,0.2722,Bright,
13.3932,4.0396,5.0058,0.0000,0.0000,0.8223,-0.4308,-0.3717,0.8378,-0.4545,-0.3025,0.8279,-0.4469,-0.3390,-0.0028,-0.0420,0.2710,Bright,
13.4043,4.0279,4.9770,0.0000,0.0000,0.8216,-0.4298,-0.3745,0.8386,-0.4553,-0.2990,0.8277,-0.4472,-0.3389,-0.0024,-0.0416,0.2701,Bright,
13.4156,4.0263,4.9667,0.0000,0.0000,0.8215,-0.4311,-0.3731,0.8392,-0.4573,-0.2943,0.8279,-0.4491,-0.3360,-0.0021,-0.0414,0.2690,Bright,
13.4269,4.0255,4.9612,0.0000,0.0000,0.8202,-0.4307,-0.3765,0.8388,-0.4576,-0.2950,0.8270,-0.4492,-0.3381,-0.0017,-0.0411,0.2680,Bright,
13.4377,4.0204,4.9451,0.0000,0.0000,0.8190,-0.4306,-0.3792,0.8390,-0.4591,-0.2922,0.8263,-0.4503,-0.3383,-0.0014,-0.0409,0.2670,Bright,
13.4488,4.0158,4.9333,0.0000,0.0000,0.8183,-0.4306,-0.3808,0.8391,-0.4596,-0.2911,0.8260,-0.4507,-0.3386,-0.0011,-0.0406,0.2661,Bright,
13.4603,4.0110,4.9249,0.0000,0.0000,0.8180,-0.4298,-0.3822,0.8396,-0.4592,-0.2901,0.8261,-0.4503,-0.3389,-0.0007,-0.0403,0.2653,Bright,
13.4715,4.0062,4.9032,0.0000,0.0000,0.8187,-0.4275,-0.3833,0.8415,-0.4580,-0.2865,0.8273,-0.4489,-0.3377,-0.0004,-0.0399,0.2645,Bright,
13.4822,4.0058,4.8865,0.0000,0.0000,0.8194,-0.4263,-0.3831,0.8428,-0.4571,-0.2840,0.8283,-0.4480,-0.3364,-0.0001,-0.0395,0.2639,Bright,
13.4938,3.9744,4.8624,0.0000,0.0000,0.8208,-0.4250,-0.3816,0.8450,-0.4566,-0.2784,0.8300,-0.4474,-0.3331,0.0001,-0.0391,0.2636,Bright,
13.5046,3.9608,4.8542,0.0000,0.0000,0.8224,-0.4239,-0.3795,0.8469,-0.4555,-0.2743,0.8318,-0.4464,-0.3300,0.0003,-0.0385,0.2632,Bright,
13.5156,3.9502,4.8464,0.0000,0.0000,0.8250,-0.4223,-0.3755,0.8498,-0.4536,-0.2684,0.8345,-0.4448,-0.3251,0.0006,-0.0376,0.2630,Bright,
13.5269,3.9201,4.8349,0.0000,0.0000,0.8286,-0.4195,-0.3707,0.8537,-0.4508,-0.2606,0.8383,-0.4422,-0.3189,0.0009,-0.0366,0.2632,Bright,
13.5380,3.9165,4.8301,0.0000,0.0000,0.8334,-0.4153,-0.3647,0.8585,-0.4460,-0.2532,0.8431,-0.4379,-0.3122,0.0011,-0.0354,0.2634,Bright,
13.5492,3.9144,4.8103,0.0000,0.0000,0.8388,-0.4109,-0.3571,0.8637,-0.4410,-0.2439,0.8485,-0.4333,-0.3037,0.0013,-0.0340,0.2639,Bright,
13.5606,3.8972,4.7794,0.0000,0.0000,0.8455,-0.4054,-0.3475,0.8701,-0.4348,-0.2321,0.8551,-0.4276,-0.2931,0.0015,-0.0323,0.2647,Bright,
13.5714,3.8786,4.7684,0.0000,0.0000,0.8533,-0.3991,-0.3356,0.8772,-0.4271,-0.2192,0.8627,-0.4207,-0.2807,0.0017,-0.0304,0.2655,Bright,
13.5826,3.8632,4.7428,0.0000,0.0000,0.8631,-0.3924,-0.3179,0.8859,-0.4185,-0.2002,0.8721,-0.4132,-0.2622,0.0019,-0.0280,0.2670,Bright,
13.5937,3.8465,4.6769,0.0000,0.0000,0.8823,-0.3764,-0.2826,0.9025,-0.3994,-0.1612,0.8903,-0.3960,-0.2250,0.0021,-0.0254,0.2690,Bright,
13.6048,3.7479,4.6396,0.0000,0.0000,0.9054,-0.3570,-0.2299,0.9206,-0.3754,-0.1079,0.9112,-0.3743,-0.1718,0.0021,-0.0228,0.2713,Bright,
13.6160,3.6671,4.5973,0.0000,0.0000,0.9264,-0.3325,-0.1767,0.9366,-0.3467,-0.0508,0.9302,-0.3481,-0.1165,0.0019,-0.0201,0.2738,Bright,
13.6269,3.5841,4.5292,0.0000,0.0000,0.9575,-0.2734,-0.0924,0.9589,-0.2814,0.0360,0.9577,-0.2861,-0.0306,0.0015,-0.0172,0.2768,Bright,
13.6381,3.5530,4.5030,0.0000,0.0000,0.9711,-0.2359,-0.0351,0.9666,-0.2392,0.0919,0.9688,-0.2463,0.0264,0.0009,-0.0140,0.2800,Bright,
13.6494,3.5369,4.4771,0.0000,0.0000,0.9780,-0.2082,0.0095,0.9686,-0.2076,0.1368,0.9736,-0.2168,0.0714,0.0002,-0.0106,0.2832,Bright,
13.6609,3.5022,4.4285,0.0000,0.0000,0.9839,-0.1687,0.0589,0.9693,-0.1641,0.1832,0.9772,-0.1751,0.1197,-0.0010,-0.0070,0.2866,Bright,
13.6715,3.4872,4.4063,0.0000,0.0000,0.9847,-0.1348,0.1101,0.9647,-0.1267,0.2309,0.9756,-0.1393,0.1696,-0.0024,-0.0034,0.2904,Bright,
13.6827,3.4766,4.3835,0.0000,0.0000,0.9821,-0.1034,0.1572,0.9565,-0.0918,0.2770,0.9705,-0.1062,0.2165,-0.0041,0.0003,0.2942,Bright,
13.6941,3.4408,4.3528,0.0000,0.0000,0.9758,-0.0703,0.2071,0.9446,-0.0557,0.3234,0.9616,-0.0714,0.2650,-0.0062,0.0045,0.2981,Bright,
13.7051,3.4316,4.3436,0.0000,0.0000,0.9654,-0.0383,0.2579,0.9280,-0.0207,0.3720,0.9483,-0.0379,0.3151,-0.0087,0.0087,0.3021,Bright,
13.7162,3.4248,4.3321,0.0000,0.0000,0.9530,-0.0113,0.3029,0.9098,0.0089,0.4149,0.9332,-0.0096,0.3593,-0.0116,0.0129,0.3062,Bright,
13.7276,3.4035,4.3103,0.0000,0.0000,0.9355,0.0268,0.3523,0.8868,0.0488,0.4596,0.9131,0.0296,0.4068,-0.0148,0.0171,0.3102,Bright,
13.7388,3.3922,4.2999,0.0000,0.0000,0.9135,0.0625,0.4021,0.8596,0.0858,0.5037,0.8885,0.0663,0.4540,-0.0183,0.0217,0.3140,Bright,
13.7496,3.3831,4.2780,0.0000,0.0000,0.8878,0.0996,0.4493,0.8289,0.1239,0.5456,0.8604,0.1041,0.4989,-0.0224,0.0263,0.3178,Bright,
13.7611,3.3734,4.2583,0.0000,0.0000,0.8583,0.1381,0.4942,0.7963,0.1627,0.5826,0.8293,0.1432,0.5401,-0.0267,0.0309,0.3214,Bright,
13.7720,3.3747,4.2577,0.0000,0.0000,0.8261,0.1748,0.5358,0.7603,0.1998,0.6181,0.7952,0.1803,0.5789,-0.0308,0.0353,0.3239,Bright,
13.7834,3.3766,4.2799,0.0000,0.0000,0.7916,0.2090,0.5743,0.7222,0.2342,0.6508,0.7589,0.2148,0.6148,-0.0359,0.0396,0.3269,Bright,
13.7944,3.4292,4.3065,0.0000,0.0000,0.7536,0.2428,0.6109,0.6810,0.2679,0.6816,0.7192,0.2488,0.6487,-0.0410,0.0436,0.3296,Bright,
13.8055,3.4488,4.3102,0.0000,0.0000,0.7145,0.2752,0.6433,0.6382,0.3002,0.7089,0.6783,0.2813,0.6788,-0.0461,0.0473,0.3317,Bright,
13.8167,3.4686,4.2732,0.0000,0.0000,0.6672,0.3037,0.6802,0.5861,0.3284,0.7407,0.6285,0.3097,0.7134,-0.0516,0.0509,0.3337,Bright,
13.8277,3.4700,4.2653,0.0000,0.0000,0.6192,0.3321,0.7116,0.5323,0.3567,0.7677,0.5776,0.3381,0.7430,-0.0571,0.0545,0.3354,Bright,
13.8390,3.4601,4.2609,0.0000,0.0000,0.5659,0.3618,0.7408,0.4747,0.3856,0.7912,0.5221,0.3675,0.7696,-0.0623,0.0580,0.3361,Bright,
13.8499,3.4614,4.2587,0.0000,0.0000,0.5077,0.3907,0.7679,0.4112,0.4135,0.8124,0.4611,0.3959,0.7941,-0.0680,0.0613,0.3372,Bright,
13.8610,3.4702,4.2528,0.0000,0.0000,0.4500,0.4219,0.7871,0.3481,0.4436,0.8259,0.4006,0.4266,0.8109,-0.0737,0.0645,0.3380,Bright,
13.8720,3.4783,4.2470,0.0000,0.0000,0.4153,0.4463,0.7927,0.3095,0.4678,0.8278,0.3640,0.4509,0.8150,-0.0793,0.0676,0.3384,Bright,
13.8832,3.4650,4.2270,0.0000,0.0000,0.2933,0.4912,0.8202,0.1826,0.5071,0.8424,0.2390,0.4932,0.8364,-0.0851,0.0706,0.3385,Bright,
13.8943,3.4683,4.2070,0.0000,0.0000,0.2266,0.5190,0.8242,0.1128,0.5323,0.8390,0.1705,0.5199,0.8371,-0.0909,0.0733,0.3383,Bright,
13.9056,3.4697,4.1915,0.0000,0.0000,0.1984,0.5325,0.8229,0.0848,0.5453,0.8339,0.1424,0.5332,0.8339,-0.0966,0.0756,0.3382,Bright,
13.9165,3.4613,4.1853,0.0000,0.0000,0.0961,0.5676,0.8177,-0.0194,0.5748,0.8181,0.0386,0.5657,0.8237,-0.1022,0.0780,0.3375,Bright,
13.9276,3.4713,4.2195,0.0000,0.0000,0.0694,0.5882,0.8058,-0.0471,0.5945,0.8027,0.0113,0.5859,0.8103,-0.1077,0.0801,0.3366,Bright,
13.9393,3.4772,4.2492,0.0000,0.0000,-0.0009,0.5994,0.8005,-0.1165,0.6020,0.7900,-0.0588,0.5954,0.8013,-0.1131,0.0820,0.3357,Bright,
13.9501,3.5160,4.2861,0.0000,0.0000,0.0658,0.6275,0.7758,-0.0577,0.6357,0.7698,0.0043,0.6263,0.7796,-0.1183,0.0838,0.3345,Bright,
13.9612,3.5361,4.2921,0.0000,0.0000,-0.0341,0.6386,0.7688,-0.1538,0.6401,0.7527,-0.0943,0.6342,0.7674,-0.1234,0.0855,0.3330,Bright,
13.9722,3.5487,4.3272,0.0000,0.0000,-0.0408,0.6541,0.7553,-0.1599,0.6558,0.7378,-0.1006,0.6500,0.7532,-0.1283,0.0869,0.3317,Bright,
13.9837,3.5730,4.3811,0.0000,0.0000,0.0969,0.6551,0.7493,-0.0291,0.6691,0.7426,0.0346,0.6569,0.7532,-0.1332,0.0882,0.3300,Bright,
13.9945,3.5817,4.4041,0.0000,0.0000,0.0120,0.6762,0.7366,-0.1161,0.6839,0.7203,-0.0519,0.6751,0.7359,-0.1381,0.0895,0.3283,Bright,
14.0061,3.5870,4.4389,0.0000,0.0000,0.0318,0.6817,0.7309,-0.0930,0.6919,0.7160,-0.0303,0.6820,0.7308,-0.1430,0.0905,0.3268,Bright,
14.0171,3.6074,4.3747,0.0000,0.0000,0.0224,0.6918,0.7217,-0.0940,0.7017,0.7062,-0.0355,0.6922,0.7208,-0.1475,0.0916,0.3249,Bright,
14.0282,3.6091,4.3473,0.0000,0.0000,0.0039,0.7017,0.7125,-0.1035,0.7104,0.6961,-0.0496,0.7019,0.7106,-0.1520,0.0926,0.3230,Bright,
14.0394,3.6091,4.3079,0.0000,0.0000,-0.0266,0.7137,0.7000,-0.1321,0.7206,0.6807,-0.0792,0.7131,0.6966,-0.1563,0.0935,0.3209,Bright,
14.0502,3.5579,4.2359,0.0000,0.0000,-0.0975,0.7310,0.6754,-0.1974,0.7330,0.6510,-0.1477,0.7283,0.6692,-0.1605,0.0944,0.3189,Bright,
14.0614,3.5504,4.2097,0.0000,0.0000,-0.1621,0.7415,0.6511,-0.2575,0.7393,0.6222,-0.2103,0.7369,0.6425,-0.1647,0.0952,0.3168,Bright,
14.0725,3.5461,4.1892,0.0000,0.0000,-0.2293,0.7490,0.6217,-0.3257,0.7416,0.5864,-0.2784,0.7418,0.6101,-0.1686,0.0957,0.3148,Bright,
14.0836,3.5574,4.1643,0.0000,0.0000,-0.3117,0.7517,0.5811,-0.4009,0.7387,0.5418,-0.3576,0.7419,0.5672,-0.1724,0.0963,0.3126,Bright,
14.0947,3.5740,4.1577,0.0000,0.0000,-0.3996,0.7444,0.5349,-0.4690,0.7290,0.4986,-0.4355,0.7339,0.5213,-0.1760,0.0969,0.3105,Bright,
14.1059,3.5863,4.1619,0.0000,0.0000,-0.4644,0.7358,0.4929,-0.5307,0.7162,0.4532,-0.4990,0.7232,0.4775,-0.1792,0.0972,0.3087,Bright,
14.1171,3.5569,4.1828,0.0000,0.0000,-0.5296,0.7207,0.4473,-0.5930,0.6966,0.4039,-0.5630,0.7057,0.4301,-0.1823,0.0977,0.3067,Bright,
14.1282,3.5654,4.1971,0.0000,0.0000,-0.5464,0.7161,0.4343,-0.6107,0.6902,0.3882,-0.5804,0.7002,0.4158,-0.1852,0.0981,0.3048,Bright,
14.1397,3.5727,4.2205,0.0000,0.0000,-0.5693,0.7109,0.4129,-0.6337,0.6826,0.3639,-0.6036,0.6937,0.3931,-0.1879,0.0979,0.3031,Bright,
14.1504,3.5840,4.2759,0.0000,0.0000,-0.5541,0.7153,0.4258,-0.6260,0.6855,0.3716,-0.5924,0.6971,0.4039,-0.1906,0.0981,0.3013,Bright,
14.1616,3.5765,4.3049,0.0000,0.0000,-0.5522,0.7167,0.4259,-0.6278,0.6858,0.3681,-0.5925,0.6978,0.4025,-0.1931,0.0983,0.2995,Bright,
14.1727,3.5680,4.3259,0.0000,0.0000,-0.5478,0.7185,0.4286,-0.6268,0.6870,0.3676,-0.5899,0.6992,0.4039,-0.1953,0.0982,0.2978,Bright,
14.1839,3.5886,4.3582,0.0000,0.0000,-0.5184,0.7266,0.4509,-0.6067,0.6954,0.3850,-0.5653,0.7073,0.4244,-0.1976,0.0983,0.2962,Bright,
14.1950,3.6050,4.3700,0.0000,0.0000,-0.5143,0.7291,0.4516,-0.6065,0.6972,0.3823,-0.5634,0.7093,0.4236,-0.1997,0.0984,0.2947,Bright,
14.2061,3.6191,4.3775,0.0000,0.0000,-0.5071,0.7326,0.4541,-0.6022,0.7007,0.3825,-0.5577,0.7128,0.4253,-0.2015,0.0981,0.2931,Bright,
14.2174,3.6512,4.3936,0.0000,0.0000,-0.4830,0.7404,0.4674,-0.5856,0.7094,0.3921,-0.5375,0.7210,0.4373,-0.2034,0.0980,0.2919,Bright,
14.2283,3.6482,4.4013,0.0000,0.0000,-0.4845,0.7406,0.4656,-0.5898,0.7087,0.3873,-0.5404,0.7207,0.4343,-0.2052,0.0978,0.2907,Bright,
14.2395,3.6444,4.4115,0.0000,0.0000,-0.4849,0.7402,0.4658,-0.5913,0.7082,0.3857,-0.5415,0.7202,0.4337,-0.2068,0.0972,0.2896,Bright,
14.2513,3.6603,4.4284,0.0000,0.0000,-0.4861,0.7396,0.4655,-0.5951,0.7069,0.3824,-0.5441,0.7192,0.4322,-0.2085,0.0971,0.2886,Bright,
14.2618,3.6588,4.4349,0.0000,0.0000,-0.4912,0.7388,0.4614,-0.6014,0.7050,0.3759,-0.5500,0.7178,0.4270,-0.2101,0.0969,0.2876,Bright,
14.2737,3.6581,4.4361,0.0000,0.0000,-0.4963,0.7377,0.4578,-0.6056,0.7036,0.3718,-0.5546,0.7166,0.4231,-0.2113,0.0963,0.2866,Bright,
14.2843,3.6659,4.4424,0.0000,0.0000,-0.4981,0.7374,0.4563,-0.6078,0.7031,0.3691,-0.5566,0.7161,0.4211,-0.2126,0.0961,0.2859,Bright,
14.2951,3.6727,4.4473,0.0000,0.0000,-0.4997,0.7366,0.4557,-0.6102,0.7020,0.3672,-0.5587,0.7152,0.4200,-0.2138,0.0959,0.2854,Bright,
14.3063,3.6787,4.4538,0.0000,0.0000,-0.5034,0.7355,0.4535,-0.6133,0.7007,0.3645,-0.5621,0.7140,0.4175,-0.2149,0.0956,0.2846,Bright,
14.3178,3.7045,4.4526,0.0000,0.0000,-0.5049,0.7353,0.4521,-0.6152,0.7002,0.3623,-0.5638,0.7136,0.4157,-0.2158,0.0955,0.2843,Bright,
14.3288,3.6980,4.4462,0.0000,0.0000,-0.5072,0.7342,0.4513,-0.6177,0.6989,0.3606,-0.5663,0.7124,0.4145,-0.2168,0.0953,0.2840,Bright,
14.3399,3.6933,4.4480,0.0000,0.0000,-0.5066,0.7334,0.4533,-0.6165,0.6986,0.3631,-0.5653,0.7119,0.4167,-0.2176,0.0950,0.2835,Bright,
14.3511,3.6946,4.4526,0.0000,0.0000,-0.5080,0.7320,0.4540,-0.6164,0.6978,0.3650,-0.5658,0.7107,0.4179,-0.2182,0.0948,0.2835,Bright,
14.3623,3.6845,4.4573,0.0000,0.0000,-0.5089,0.7304,0.4557,-0.6165,0.6965,0.3672,-0.5662,0.7093,0.4198,-0.2187,0.0946,0.2836,Bright,
14.3773,3.6835,4.4550,0.0000,0.0000,-0.5068,0.7292,0.4599,-0.6111,0.6972,0.3748,-0.5623,0.7091,0.4254,-0.2193,0.0942,0.2835,Bright,
14.3844,3.6884,4.4549,0.0000,0.0000,-0.5069,0.7277,0.4621,-0.6092,0.6966,0.3789,-0.5613,0.7081,0.4284,-0.2196,0.0940,0.2838,Bright,
14.3955,3.6730,4.4548,0.0000,0.0000,-0.5065,0.7259,0.4653,-0.6072,0.6957,0.3838,-0.5600,0.7068,0.4323,-0.2199,0.0937,0.2841,Bright,
14.4067,3.6548,4.4668,0.0000,0.0000,-0.5044,0.7252,0.4688,-0.6027,0.6964,0.3896,-0.5565,0.7068,0.4367,-0.2201,0.0936,0.2841,Bright,
14.4180,3.6498,4.4688,0.0000,0.0000,-0.5041,0.7239,0.4710,-0.6014,0.6958,0.3928,-0.5556,0.7059,0.4393,-0.2203,0.0934,0.2844,Bright,
14.4289,3.6460,4.4699,0.0000,0.0000,-0.5033,0.7230,0.4731,-0.5996,0.6955,0.3959,-0.5543,0.7054,0.4419,-0.2204,0.0933,0.2844,Bright,
14.4400,3.6457,4.4809,0.0000,0.0000,-0.4997,0.7238,0.4759,-0.5945,0.6973,0.4004,-0.5498,0.7067,0.4453,-0.2204,0.0933,0.2848,Bright,
14.4514,3.6460,4.4720,0.0000,0.0000,-0.4984,0.7231,0.4783,-0.5927,0.6971,0.4034,-0.5482,0.7062,0.4480,-0.2202,0.0932,0.2853,Bright,
14.4625,3.6431,4.4647,0.0000,0.0000,-0.4962,0.7223,0.4818,-0.5901,0.6968,0.4078,-0.5457,0.7057,0.4518,-0.2201,0.0931,0.2857,Bright,
14.4736,3.6348,4.4565,0.0000,0.0000,-0.4926,0.7221,0.4857,-0.5857,0.6974,0.4130,-0.5417,0.7059,0.4563,-0.2198,0.0930,0.2863,Bright,
14.4848,3.6301,4.4510,0.0000,0.0000,-0.4893,0.7209,0.4908,-0.5823,0.6967,0.4190,-0.5383,0.7050,0.4618,-0.2195,0.0929,0.2871,Bright,
14.4958,3.6335,4.4477,0.0000,0.0000,-0.4883,0.7173,0.4969,-0.5811,0.6935,0.4259,-0.5371,0.7016,0.4683,-0.2191,0.0928,0.2880,Bright,
14.5071,3.6287,4.4390,0.0000,0.0000,-0.4882,0.7118,0.5049,-0.5804,0.6884,0.4349,-0.5367,0.6962,0.4767,-0.2188,0.0927,0.2889,Bright,
14.5183,3.6219,4.4352,0.0000,0.0000,-0.4861,0.7070,0.5136,-0.5785,0.6840,0.4445,-0.5346,0.6916,0.4858,-0.2182,0.0925,0.2903,Bright,
14.5293,3.6165,4.4325,0.0000,0.0000,-0.4777,0.7054,0.5236,-0.5706,0.6831,0.4559,-0.5263,0.6903,0.4965,-0.2177,0.0922,0.2916,Bright,
14.5405,3.6007,4.4076,0.0000,0.0000,-0.4824,0.6932,0.5355,-0.5749,0.6708,0.4685,-0.5307,0.6779,0.5086,-0.2170,0.0917,0.2934,Bright,
14.5515,3.5894,4.3992,0.0000,0.0000,-0.4745,0.6888,0.5482,-0.5675,0.6672,0.4825,-0.5230,0.6739,0.5219,-0.2163,0.0911,0.2954,Bright,
14.5627,3.5769,4.3892,0.0000,0.0000,-0.4734,0.6777,0.5627,-0.5663,0.6566,0.4982,-0.5217,0.6630,0.5369,-0.2156,0.0904,0.2975,Bright,
14.5738,3.5736,4.3798,0.0000,0.0000,-0.4685,0.6679,0.5783,-0.5620,0.6475,0.5148,-0.5170,0.6534,0.5530,-0.2147,0.0896,0.2999,Bright,
14.5850,3.5635,4.3736,0.0000,0.0000,-0.4641,0.6573,0.5938,-0.5573,0.6378,0.5317,-0.5124,0.6432,0.5690,-0.2138,0.0888,0.3023,Bright,
14.5960,3.5571,4.3703,0.0000,0.0000,-0.4590,0.6458,0.6102,-0.5526,0.6271,0.5490,-0.5074,0.6320,0.5858,-0.2133,0.0879,0.3046,Bright,
14.6071,3.5517,4.3464,0.0000,0.0000,-0.4577,0.6320,0.6254,-0.5473,0.6148,0.5679,-0.5040,0.6190,0.6024,-0.2124,0.0869,0.3073,Bright,
14.6182,3.5381,4.3292,0.0000,0.0000,-0.4541,0.6176,0.6421,-0.5415,0.6017,0.5871,-0.4991,0.6053,0.6202,-0.2115,0.0858,0.3100,Bright,
14.6296,3.5240,4.3080,0.0000,0.0000,-0.4538,0.5980,0.6607,-0.5380,0.5834,0.6085,-0.4970,0.5863,0.6397,-0.2108,0.0844,0.3126,Bright,
14.6412,3.5085,4.2973,0.0000,0.0000,-0.4397,0.5755,0.6896,-0.5237,0.5626,0.6397,-0.4827,0.5645,0.6696,-0.2099,0.0829,0.3154,Bright,
14.6517,3.4962,4.3152,0.0000,0.0000,-0.4246,0.5538,0.7162,-0.5007,0.5438,0.6735,-0.4633,0.5446,0.6991,-0.2088,0.0813,0.3183,Bright,
14.6631,3.4874,4.3330,0.0000,0.0000,-0.4322,0.5397,0.7224,-0.5015,0.5306,0.6834,-0.4674,0.5312,0.7067,-0.2078,0.0797,0.3212,Bright,
14.6741,3.4748,4.3396,0.0000,0.0000,-0.3871,0.4899,0.7811,-0.4547,0.4837,0.7478,-0.4211,0.4828,0.7678,-0.2065,0.0779,0.3241,Bright,
14.6852,3.4775,4.3403,0.0000,0.0000,-0.3856,0.4813,0.7872,-0.4533,0.4754,0.7540,-0.4197,0.4743,0.7739,-0.2051,0.0761,0.3271,Bright,
14.6963,3.4817,4.3681,0.0000,0.0000,-0.3650,0.4495,0.8153,-0.4306,0.4449,0.7853,-0.3979,0.4432,0.8033,-0.2036,0.0743,0.3299,Bright,
14.7074,3.5318,4.4198,0.0000,0.0000,-0.3375,0.4116,0.8466,-0.4066,0.4079,0.8175,-0.3720,0.4055,0.8350,-0.2023,0.0722,0.3328,Bright,
14.7185,3.5674,4.4456,0.0000,0.0000,-0.3156,0.3793,0.8698,-0.3876,0.3763,0.8415,-0.3515,0.3733,0.8585,-0.2008,0.0700,0.3356,Bright,
14.7299,3.5939,4.4932,0.0000,0.0000,-0.2897,0.3471,0.8920,-0.3610,0.3450,0.8664,-0.3251,0.3416,0.8818,-0.1993,0.0678,0.3384,Bright,
14.7409,3.6243,4.5509,0.0000,0.0000,-0.2492,0.3015,0.9203,-0.3233,0.3002,0.8974,-0.2859,0.2961,0.9114,-0.1976,0.0656,0.3411,Bright,
14.7519,3.6298,4.5662,0.0000,0.0000,-0.2229,0.2660,0.9378,-0.2993,0.2652,0.9166,-0.2606,0.2606,0.9296,-0.1958,0.0634,0.3438,Bright,
14.7636,3.6325,4.5915,0.0000,0.0000,-0.2010,0.2310,0.9520,-0.2784,0.2304,0.9324,-0.2391,0.2256,0.9444,-0.1941,0.0612,0.3464,Bright,
14.7742,3.6598,4.6274,0.0000,0.0000,-0.1750,0.1879,0.9665,-0.2549,0.1874,0.9486,-0.2142,0.1824,0.9596,-0.1924,0.0591,0.3489,Bright,
14.7854,3.6905,4.6415,0.0000,0.0000,-0.1535,0.1572,0.9756,-0.2353,0.1569,0.9592,-0.1936,0.1516,0.9693,-0.1908,0.0568,0.3512,Bright,
14.7966,3.7152,4.6387,0.0000,0.0000,-0.1422,0.1353,0.9805,-0.2267,0.1350,0.9646,-0.1836,0.1295,0.9744,-0.1894,0.0547,0.3534,Bright,
14.8078,3.7176,4.6188,0.0000,0.0000,-0.1332,0.1115,0.9848,-0.2232,0.1112,0.9684,-0.1773,0.1053,0.9785,-0.1878,0.0525,0.3555,Bright,
14.8187,3.7085,4.6061,0.0000,0.0000,-0.1248,0.0932,0.9878,-0.2180,0.0928,0.9715,-0.1704,0.0867,0.9816,-0.1863,0.0504,0.3574,Bright,
14.8301,3.6995,4.5931,0.0000,0.0000,-0.1186,0.0780,0.9899,-0.2163,0.0777,0.9732,-0.1664,0.0713,0.9835,-0.1847,0.0483,0.3594,Bright,
14.8416,3.6890,4.5781,0.0000,0.0000,-0.1232,0.0733,0.9897,-0.2287,0.0729,0.9708,-0.1749,0.0660,0.9824,-0.1832,0.0463,0.3613,Bright,
14.8520,3.6662,4.5741,0.0000,0.0000,-0.1187,0.0666,0.9907,-0.2273,0.0663,0.9716,-0.1719,0.0592,0.9833,-0.1817,0.0445,0.3632,Dark,
14.8635,3.6476,4.5492,0.0000,0.0000,-0.1133,0.0591,0.9918,-0.2264,0.0590,0.9722,-0.1687,0.0515,0.9843,-0.1802,0.0428,0.3651,Dark,
14.8755,3.6352,4.5213,0.0000,0.0000,-0.1217,0.0657,0.9904,-0.2419,0.0659,0.9681,-0.1807,0.0577,0.9818,-0.1789,0.0413,0.3668,Dark,
14.8856,3.6333,4.5164,0.0000,0.0000,-0.1232,0.0709,0.9899,-0.2458,0.0713,0.9667,-0.1835,0.0628,0.9810,-0.1775,0.0396,0.3684,Dark,
14.8966,3.6338,4.5076,0.0000,0.0000,-0.1231,0.0639,0.9903,-0.2501,0.0645,0.9661,-0.1856,0.0557,0.9810,-0.1762,0.0379,0.3699,Dark,
14.9077,3.6269,4.4983,0.0000,0.0000,-0.1366,0.0730,0.9879,-0.2692,0.0737,0.9603,-0.2020,0.0644,0.9773,-0.1748,0.0362,0.3713,Dark,
14.9189,3.6728,4.4945,0.0000,0.0000,-0.1340,0.0684,0.9886,-0.2695,0.0693,0.9605,-0.2010,0.0597,0.9778,-0.1734,0.0345,0.3728,Dark,
14.9301,3.7113,4.5460,0.0000,0.0000,-0.1239,0.0557,0.9907,-0.2623,0.0570,0.9633,-0.1923,0.0470,0.9802,-0.1720,0.0330,0.3741,Dark,
14.9414,3.7826,4.6410,0.0000,0.0000,-0.1040,0.0260,0.9942,-0.2494,0.0277,0.9680,-0.1758,0.0170,0.9843,-0.1706,0.0313,0.3752,Dark,
14.9523,3.7918,4.6809,0.0000,0.0000,-0.0967,0.0122,0.9952,-0.2452,0.0142,0.9694,-0.1700,0.0031,0.9854,-0.1693,0.0300,0.3764,Dark,
14.9635,3.8086,4.7509,0.0000,0.0000,-0.0789,-0.0169,0.9967,-0.2326,-0.0146,0.9725,-0.1546,-0.0263,0.9876,-0.1683,0.0286,0.3775,Dark,
14.9747,3.8208,4.7606,0.0000,0.0000,-0.0688,-0.0316,0.9971,-0.2249,-0.0287,0.9740,-0.1457,-0.0408,0.9885,-0.1672,0.0273,0.3786,Dark,
14.9857,3.8260,4.7663,0.0000,0.0000,-0.0588,-0.0454,0.9972,-0.2168,-0.0421,0.9753,-0.1367,-0.0546,0.9891,-0.1663,0.0260,0.3796,Dark,
14.9972,3.8383,4.7724,0.0000,0.0000,-0.0501,-0.0591,0.9970,-0.2114,-0.0553,0.9758,-0.1296,-0.0683,0.9892,-0.1653,0.0248,0.3807,Dark,
15.0080,3.8427,4.7687,0.0000,0.0000,-0.0421,-0.0669,0.9969,-0.2050,-0.0629,0.9767,-0.1224,-0.0761,0.9896,-0.1642,0.0234,0.3816,Dark,
15.0193,3.8411,4.7659,0.0000,0.0000,-0.0355,-0.0777,0.9963,-0.1993,-0.0734,0.9772,-0.1162,-0.0869,0.9894,-0.1633,0.0222,0.3826,Dark,
15.0303,3.8428,4.7483,0.0000,0.0000,-0.0330,-0.0832,0.9960,-0.1971,-0.0786,0.9772,-0.1139,-0.0923,0.9892,-0.1625,0.0211,0.3835,Dark,
15.0416,3.8449,4.7404,0.0000,0.0000,-0.0316,-0.0875,0.9957,-0.1961,-0.0827,0.9771,-0.1128,-0.0965,0.9889,-0.1616,0.0197,0.3844,Dark,
15.0526,3.8440,4.7213,0.0000,0.0000,-0.0347,-0.0935,0.9950,-0.1984,-0.0885,0.9761,-0.1155,-0.1024,0.9880,-0.1611,0.0186,0.3853,Dark,
15.0637,3.8380,4.7111,0.0000,0.0000,-0.0360,-0.0983,0.9945,-0.1984,-0.0930,0.9757,-0.1162,-0.1070,0.9874,-0.1603,0.0174,0.3861,Dark,
15.0749,3.8328,4.7167,0.0000,0.0000,-0.0363,-0.1051,0.9938,-0.1993,-0.0995,0.9749,-0.1168,-0.1136,0.9866,-0.1600,0.0163,0.3869,Dark,
15.0860,3.8674,4.7220,0.0000,0.0000,-0.0315,-0.1139,0.9930,-0.1953,-0.1080,0.9748,-0.1124,-0.1224,0.9861,-0.1596,0.0152,0.3876,Dark,
15.0974,3.9254,4.7865,0.0000,0.0000,-0.0211,-0.1288,0.9914,-0.1834,-0.1228,0.9753,-0.1012,-0.1372,0.9854,-0.1590,0.0139,0.3884,Dark,
15.1083,3.9477,4.8105,0.0000,0.0000,-0.0226,-0.1335,0.9908,-0.1851,-0.1270,0.9745,-0.1029,-0.1416,0.9846,-0.1584,0.0127,0.3890,Dark,
15.1195,3.9450,4.8352,0.0000,0.0000,-0.0019,-0.1509,0.9886,-0.1649,-0.1445,0.9757,-0.0823,-0.1591,0.9838,-0.1579,0.0116,0.3896,Dark,
15.1307,3.9302,4.8735,0.0000,0.0000,0.0083,-0.1584,0.9873,-0.1531,-0.1521,0.9764,-0.0712,-0.1665,0.9835,-0.1570,0.0104,0.3902,Dark,
15.1417,3.9241,4.8817,0.0000,0.0000,0.0070,-0.1632,0.9866,-0.1541,-0.1565,0.9756,-0.0725,-0.1711,0.9826,-0.1564,0.0096,0.3908,Dark,
15.1532,3.9113,4.8661,0.0000,0.0000,0.0224,-0.1675,0.9856,-0.1386,-0.1611,0.9771,-0.0569,-0.1756,0.9828,-0.1558,0.0088,0.3913,Dark,
15.1640,3.9098,4.8535,0.0000,0.0000,0.0260,-0.1737,0.9845,-0.1347,-0.1673,0.9767,-0.0532,-0.1817,0.9819,-0.1551,0.0081,0.3919,Dark,
15.1753,3.9066,4.8428,0.0000,0.0000,0.0329,-0.1758,0.9839,-0.1275,-0.1695,0.9772,-0.0460,-0.1839,0.9819,-0.1547,0.0076,0.3924,Dark,
15.1864,3.8920,4.8191,0.0000,0.0000,0.0386,-0.1756,0.9837,-0.1196,-0.1695,0.9782,-0.0393,-0.1836,0.9822,-0.1542,0.0071,0.3929,Dark,
15.1975,3.8875,4.8103,0.0000,0.0000,0.0433,-0.1757,0.9835,-0.1145,-0.1695,0.9789,-0.0343,-0.1837,0.9824,-0.1537,0.0066,0.3934,Dark,
15.2086,3.8845,4.8005,0.0000,0.0000,0.0463,-0.1740,0.9837,-0.1098,-0.1677,0.9797,-0.0305,-0.1817,0.9829,-0.1533,0.0063,0.3939,Dark,
15.2196,3.8837,4.7978,0.0000,0.0000,0.0494,-0.1741,0.9835,-0.1054,-0.1677,0.9802,-0.0268,-0.1818,0.9830,-0.1528,0.0060,0.3943,Dark,
15.2309,3.8837,4.7981,0.0000,0.0000,0.0531,-0.1744,0.9832,-0.1011,-0.1680,0.9806,-0.0228,-0.1820,0.9830,-0.1521,0.0055,0.3948,Dark,
15.2422,3.8862,4.8007,0.0000,0.0000,0.0541,-0.1742,0.9832,-0.0983,-0.1677,0.9809,-0.0209,-0.1816,0.9831,-0.1516,0.0051,0.3952,Dark,
15.2533,3.8859,4.8023,0.0000,0.0000,0.0577,-0.1757,0.9827,-0.0937,-0.1693,0.9811,-0.0168,-0.1831,0.9829,-0.1510,0.0047,0.3955,Dark,
15.2645,3.8855,4.8084,0.0000,0.0000,0.0620,-0.1775,0.9822,-0.0889,-0.1713,0.9812,-0.0123,-0.1849,0.9827,-0.1505,0.0043,0.3958,Dark,
15.2756,3.9036,4.8184,0.0000,0.0000,0.0644,-0.1791,0.9817,-0.0855,-0.1729,0.9812,-0.0095,-0.1865,0.9824,-0.1498,0.0036,0.3961,Dark,
15.2865,3.9093,4.8223,0.0000,0.0000,0.0684,-0.1820,0.9809,-0.0809,-0.1760,0.9811,-0.0051,-0.1894,0.9819,-0.1493,0.0031,0.3963,Dark,
15.2981,3.9136,4.8281,0.0000,0.0000,0.0727,-0.1846,0.9801,-0.0766,-0.1788,0.9809,-0.0008,-0.1921,0.9814,-0.1486,0.0025,0.3965,Dark,
15.3089,3.9298,4.8374,0.0000,0.0000,0.0752,-0.1872,0.9794,-0.0737,-0.1816,0.9806,0.0019,-0.1948,0.9808,-0.1481,0.0020,0.3967,Dark,
15.3199,3.9429,4.8414,0.0000,0.0000,0.0801,-0.1907,0.9784,-0.0690,-0.1852,0.9803,0.0067,-0.1984,0.9801,-0.1474,0.0015,0.3969,Dark,
15.3311,3.9535,4.8896,0.0000,0.0000,0.0870,-0.1947,0.9770,-0.0608,-0.1894,0.9800,0.0142,-0.2024,0.9792,-0.1468,0.0009,0.3971,Dark,
15.3424,3.9881,4.9718,0.0000,0.0000,0.1048,-0.2012,0.9739,-0.0426,-0.1964,0.9796,0.0323,-0.2091,0.9774,-0.1461,0.0004,0.3972,Dark,
15.3535,3.9971,5.0045,0.0000,0.0000,0.1233,-0.2066,0.9706,-0.0259,-0.2023,0.9790,0.0501,-0.2149,0.9754,-0.1455,0.0001,0.3974,Dark,
15.3645,4.0029,5.0305,0.0000,0.0000,0.1379,-0.2112,0.9677,-0.0113,-0.2075,0.9782,0.0648,-0.2198,0.9734,-0.1450,-0.0002,0.3976,Dark,
15.3757,4.0252,5.0455,0.0000,0.0000,0.1596,-0.2173,0.9630,0.0078,-0.2143,0.9767,0.0854,-0.2264,0.9703,-0.1446,-0.0005,0.3978,Dark,
15.3868,4.0140,5.0432,0.0000,0.0000,0.1700,-0.2198,0.9606,0.0170,-0.2172,0.9760,0.0953,-0.2292,0.9687,-0.1442,-0.0007,0.3980,Dark,
15.3982,4.0044,5.0462,0.0000,0.0000,0.1759,-0.2210,0.9593,0.0217,-0.2185,0.9756,0.1006,-0.2306,0.9678,-0.1439,-0.0009,0.3981,Dark,
15.4094,4.0433,5.0482,0.0000,0.0000,0.1840,-0.2239,0.9571,0.0272,-0.2217,0.9747,0.1074,-0.2339,0.9663,-0.1435,-0.0011,0.3983,Dark,
15.4202,4.0540,5.0481,0.0000,0.0000,0.1882,-0.2254,0.9559,0.0305,-0.2233,0.9743,0.1112,-0.2354,0.9655,-0.1432,-0.0013,0.3984,Dark,
15.4315,4.0632,5.0586,0.0000,0.0000,0.1919,-0.2271,0.9548,0.0335,-0.2251,0.9738,0.1146,-0.2373,0.9647,-0.1429,-0.0015,0.3986,Dark,
15.4425,4.0993,5.0552,0.0000,0.0000,0.1934,-0.2297,0.9539,0.0360,-0.2277,0.9731,0.1166,-0.2398,0.9638,-0.1427,-0.0018,0.3987,Dark,
15.4538,4.0877,5.0452,0.0000,0.0000,0.1947,-0.2324,0.9529,0.0388,-0.2306,0.9723,0.1187,-0.2425,0.9629,-0.1424,-0.0020,0.3987,Dark,
15.4649,4.0775,5.0547,0.0000,0.0000,0.1952,-0.2356,0.9520,0.0396,-0.2338,0.9715,0.1192,-0.2457,0.9620,-0.1422,-0.0023,0.3988,Dark,
15.4760,4.0781,5.0382,0.0000,0.0000,0.1941,-0.2412,0.9509,0.0409,-0.2394,0.9701,0.1193,-0.2511,0.9606,-0.1419,-0.0026,0.3988,Dark,
15.4870,4.0723,5.0189,0.0000,0.0000,0.1954,-0.2465,0.9492,0.0442,-0.2448,0.9686,0.1215,-0.2563,0.9589,-0.1417,-0.0028,0.3989,Dark,
15.4981,4.0692,5.0442,0.0000,0.0000,0.1946,-0.2480,0.9490,0.0448,-0.2463,0.9682,0.1214,-0.2577,0.9586,-0.1414,-0.0031,0.3990,Dark,
15.5095,4.1114,5.0778,0.0000,0.0000,0.1891,-0.2494,0.9498,0.0422,-0.2475,0.9680,0.1172,-0.2588,0.9588,-0.1412,-0.0033,0.3991,Dark,
15.5209,4.1285,5.0897,0.0000,0.0000,0.1877,-0.2517,0.9494,0.0421,-0.2497,0.9674,0.1165,-0.2609,0.9583,-0.1409,-0.0035,0.3991,Dark,
15.5316,4.1581,5.1341,0.0000,0.0000,0.1828,-0.2545,0.9496,0.0384,-0.2523,0.9669,0.1121,-0.2635,0.9581,-0.1407,-0.0038,0.3992,Dark,
15.5427,4.1688,5.1479,0.0000,0.0000,0.1841,-0.2575,0.9486,0.0404,-0.2553,0.9660,0.1137,-0.2664,0.9571,-0.1405,-0.0041,0.3993,Dark,
15.5539,4.1750,5.1588,0.0000,0.0000,0.1854,-0.2603,0.9476,0.0422,-0.2580,0.9652,0.1153,-0.2692,0.9562,-0.1402,-0.0043,0.3994,Dark,
15.5652,4.1916,5.1864,0.0000,0.0000,0.1848,-0.2644,0.9465,0.0423,-0.2621,0.9641,0.1150,-0.2732,0.9551,-0.1400,-0.0046,0.3994,Dark,
15.5761,4.2010,5.1923,0.0000,0.0000,0.1860,-0.2665,0.9457,0.0436,-0.2641,0.9635,0.1163,-0.2753,0.9543,-0.1398,-0.0048,0.3994,Dark,
15.5873,4.2130,5.1963,0.0000,0.0000,0.1869,-0.2684,0.9450,0.0448,-0.2660,0.9629,0.1173,-0.2771,0.9536,-0.1396,-0.0050,0.3994,Dark,
15.5984,4.2282,5.2210,0.0000,0.0000,0.1872,-0.2706,0.9443,0.0454,-0.2681,0.9623,0.1177,-0.2793,0.9530,-0.1394,-0.0052,0.3994,Dark,
15.6096,4.2318,5.2322,0.0000,0.0000,0.1925,-0.2677,0.9441,0.0510,-0.2654,0.9628,0.1232,-0.2765,0.9531,-0.1392,-0.0054,0.3995,Dark,
15.6207,4.2388,5.2410,0.0000,0.0000,0.1969,-0.2650,0.9439,0.0556,-0.2628,0.9632,0.1278,-0.2738,0.9533,-0.1391,-0.0055,0.3995,Dark,
15.6318,4.2485,5.2592,0.0000,0.0000,0.2033,-0.2599,0.9440,0.0622,-0.2578,0.9642,0.1343,-0.2688,0.9538,-0.1389,-0.0057,0.3995,Dark,
15.6431,4.2520,5.2725,0.0000,0.0000,0.2066,-0.2579,0.9438,0.0654,-0.2560,0.9645,0.1375,-0.2669,0.9539,-0.1388,-0.0058,0.3996,Dark,
15.6547,4.2500,5.2830,0.0000,0.0000,0.2056,-0.2591,0.9437,0.0644,-0.2571,0.9642,0.1365,-0.2680,0.9537,-0.1387,-0.0059,0.3996,Dark,
15.6654,4.2452,5.3038,0.0000,0.0000,0.2034,-0.2601,0.9439,0.0620,-0.2580,0.9642,0.1342,-0.2690,0.9538,-0.1386,-0.0059,0.3997,Dark,
15.6763,4.2433,5.3042,0.0000,0.0000,0.2063,-0.2577,0.9439,0.0648,-0.2556,0.9646,0.1371,-0.2666,0.9540,-0.1386,-0.0060,0.3997,Dark,
15.6879,4.2553,5.3032,0.0000,0.0000,0.2086,-0.2553,0.9441,0.0671,-0.2533,0.9650,0.1394,-0.2643,0.9543,-0.1385,-0.0060,0.3998,Dark,
15.6986,4.2712,5.3190,0.0000,0.0000,0.2124,-0.2512,0.9443,0.0707,-0.2493,0.9658,0.1432,-0.2602,0.9549,-0.1384,-0.0061,0.3998,Dark,
15.7098,4.2749,5.3211,0.0000,0.0000,0.2144,-0.2494,0.9444,0.0727,-0.2475,0.9662,0.1451,-0.2584,0.9551,-0.1384,-0.0061,0.3999,Dark,
15.7209,4.2908,5.3229,0.0000,0.0000,0.2157,-0.2480,0.9445,0.0739,-0.2461,0.9664,0.1464,-0.2570,0.9552,-0.1383,-0.0061,0.4000,Dark,
15.7321,4.3123,5.3370,0.0000,0.0000,0.2172,-0.2465,0.9445,0.0754,-0.2446,0.9667,0.1480,-0.2556,0.9554,-0.1382,-0.0062,0.4001,Dark,
15.7431,4.3199,5.3492,0.0000,0.0000,0.2184,-0.2457,0.9444,0.0764,-0.2438,0.9668,0.1490,-0.2547,0.9555,-0.1381,-0.0062,0.4002,Dark,
15.7546,4.3277,5.3594,0.0000,0.0000,0.2196,-0.2450,0.9443,0.0776,-0.2431,0.9669,0.1503,-0.2540,0.9554,-0.1379,-0.0063,0.4002,Dark,
15.7658,4.3347,5.3784,0.0000,0.0000,0.2222,-0.2428,0.9443,0.0801,-0.2410,0.9672,0.1528,-0.2519,0.9556,-0.1379,-0.0064,0.4004,Dark,
15.7769,4.3362,5.3858,0.0000,0.0000,0.2233,-0.2424,0.9441,0.0812,-0.2406,0.9672,0.1539,-0.2516,0.9555,-0.1378,-0.0065,0.4005,Dark,
15.7879,4.3371,5.3941,0.0000,0.0000,0.2244,-0.2421,0.9440,0.0821,-0.2403,0.9672,0.1549,-0.2512,0.9554,-0.1376,-0.0066,0.4005,Dark,
15.7991,4.3509,5.4051,0.0000,0.0000,0.2245,-0.2424,0.9439,0.0821,-0.2406,0.9672,0.1549,-0.2515,0.9554,-0.1377,-0.0067,0.4007,Dark,
15.8102,4.3555,5.4083,0.0000,0.0000,0.2259,-0.2414,0.9438,0.0834,-0.2396,0.9673,0.1563,-0.2505,0.9554,-0.1376,-0.0068,0.4008,Dark,
15.8218,4.3588,5.4205,0.0000,0.0000,0.2264,-0.2412,0.9437,0.0839,-0.2394,0.9673,0.1568,-0.2504,0.9554,-0.1374,-0.0068,0.4009,Dark,
15.8324,4.3659,5.4410,0.0000,0.0000,0.2270,-0.2406,0.9437,0.0842,-0.2388,0.9674,0.1573,-0.2498,0.9554,-0.1375,-0.0069,0.4011,Dark,
15.8434,4.3717,5.4495,0.0000,0.0000,0.2278,-0.2401,0.9436,0.0848,-0.2382,0.9675,0.1580,-0.2493,0.9555,-0.1373,-0.0070,0.4012,Dark,
15.8547,4.3891,5.4797,0.0000,0.0000,0.2288,-0.2391,0.9436,0.0856,-0.2372,0.9677,0.1589,-0.2482,0.9556,-0.1372,-0.0071,0.4013,Dark,
15.8660,4.3991,5.4897,0.0000,0.0000,0.2297,-0.2387,0.9435,0.0863,-0.2369,0.9677,0.1597,-0.2479,0.9555,-0.1372,-0.0071,0.4014,Dark,
15.8770,4.4050,5.4970,0.0000,0.0000,0.2304,-0.2385,0.9434,0.0870,-0.2366,0.9677,0.1605,-0.2477,0.9555,-0.1371,-0.0072,0.4015,Dark,
15.8881,4.4204,5.5153,0.0000,0.0000,0.2319,-0.2369,0.9434,0.0882,-0.2351,0.9680,0.1618,-0.2462,0.9556,-0.1370,-0.0072,0.4016,Dark,
15.8994,4.4289,5.5256,0.0000,0.0000,0.2328,-0.2364,0.9434,0.0889,-0.2345,0.9680,0.1626,-0.2456,0.9556,-0.1370,-0.0073,0.4017,Dark,
15.9103,4.4279,5.5336,0.0000,0.0000,0.2336,-0.2356,0.9433,0.0896,-0.2337,0.9682,0.1633,-0.2449,0.9557,-0.1369,-0.0073,0.4018,Dark,
15.9219,4.4219,5.5487,0.0000,0.0000,0.2345,-0.2345,0.9434,0.0901,-0.2325,0.9684,0.1641,-0.2437,0.9559,-0.1367,-0.0074,0.4019,Dark,
15.9328,4.4172,5.5553,0.0000,0.0000,0.2352,-0.2340,0.9434,0.0906,-0.2320,0.9685,0.1646,-0.2432,0.9559,-0.1367,-0.0074,0.4020,Dark,
15.9437,4.4284,5.5601,0.0000,0.0000,0.2357,-0.2336,0.9433,0.0909,-0.2316,0.9685,0.1650,-0.2429,0.9559,-0.1366,-0.0075,0.4021,Dark,
15.9550,4.4447,5.5831,0.0000,0.0000,0.2366,-0.2325,0.9434,0.0915,-0.2305,0.9688,0.1658,-0.2418,0.9561,-0.1365,-0.0075,0.4022,Dark,
15.9662,4.4491,5.5998,0.0000,0.0000,0.2372,-0.2324,0.9433,0.0919,-0.2304,0.9688,0.1663,-0.2417,0.9560,-0.1365,-0.0076,0.4023,Dark,
15.9772,4.4600,5.6130,0.0000,0.0000,0.2379,-0.2321,0.9431,0.0925,-0.2300,0.9688,0.1670,-0.2414,0.9560,-0.1364,-0.0076,0.4023,Dark,
15.9884,4.4811,5.6473,0.0000,0.0000,0.2394,-0.2310,0.9430,0.0935,-0.2289,0.9689,0.1682,-0.2403,0.9560,-0.1363,-0.0077,0.4024,Dark,
15.9997,4.4925,5.6837,0.0000,0.0000,0.2409,-0.2301,0.9429,0.0943,-0.2279,0.9691,0.1694,-0.2394,0.9560,-0.1364,-0.0077,0.4024,Dark,
16.0105,4.5512,5.7125,0.0000,0.0000,0.2324,-0.2329,0.9443,0.0875,-0.2305,0.9691,0.1617,-0.2420,0.9567,-0.1362,-0.0077,0.4025,Dark,
16.0221,4.6147,5.7359,0.0000,0.0000,0.1588,-0.2546,0.9539,0.0113,-0.2495,0.9683,0.0862,-0.2624,0.9611,-0.1361,-0.0078,0.4025,Dark,
16.0331,4.6242,5.7381,0.0000,0.0000,0.1199,-0.2659,0.9565,-0.0342,-0.2588,0.9653,0.0436,-0.2732,0.9610,-0.1360,-0.0078,0.4025,Dark,
16.0440,4.6437,5.7373,0.0000,0.0000,0.0629,-0.2804,0.9578,-0.0931,-0.2705,0.9582,-0.0148,-0.2865,0.9580,-0.1358,-0.0078,0.4026,Dark,
16.0552,4.6489,5.7496,0.0000,0.0000,0.0438,-0.2847,0.9576,-0.1225,-0.2729,0.9542,-0.0394,-0.2907,0.9560,-0.1357,-0.0079,0.4026,Dark,
16.0665,4.6446,5.7400,0.0000,0.0000,0.0436,-0.2867,0.9570,-0.1279,-0.2743,0.9531,-0.0422,-0.2928,0.9552,-0.1357,-0.0079,0.4026,Dark,
16.0777,4.6442,5.7317,0.0000,0.0000,0.0453,-0.2880,0.9566,-0.1314,-0.2751,0.9524,-0.0432,-0.2942,0.9548,-0.1355,-0.0079,0.4026,Dark,
16.0886,4.6459,5.7429,0.0000,0.0000,0.0433,-0.2898,0.9561,-0.1429,-0.2757,0.9505,-0.0502,-0.2962,0.9538,-0.1354,-0.0079,0.4027,Dark,
16.0999,4.6497,5.7602,0.0000,0.0000,0.0546,-0.2872,0.9563,-0.1371,-0.2732,0.9521,-0.0415,-0.2940,0.9549,-0.1353,-0.0079,0.4026,Dark,
16.1108,4.6566,5.7755,0.0000,0.0000,0.0604,-0.2852,0.9566,-0.1362,-0.2710,0.9529,-0.0382,-0.2923,0.9556,-0.1352,-0.0079,0.4027,Dark,
16.1221,4.6618,5.7789,0.0000,0.0000,0.0623,-0.2851,0.9565,-0.1389,-0.2705,0.9527,-0.0386,-0.2924,0.9555,-0.1350,-0.0079,0.4027,Dark,
16.1333,4.6784,5.7802,0.0000,0.0000,0.0769,-0.2823,0.9562,-0.1336,-0.2676,0.9542,-0.0287,-0.2903,0.9565,-0.1350,-0.0078,0.4027,Dark,
16.1442,4.6844,5.7798,0.0000,0.0000,0.0822,-0.2813,0.9561,-0.1325,-0.2665,0.9547,-0.0255,-0.2895,0.9568,-0.1348,-0.0078,0.4027,Dark,
16.1555,4.6952,5.8188,0.0000,0.0000,0.0904,-0.2796,0.9558,-0.1321,-0.2645,0.9553,-0.0212,-0.2884,0.9573,-0.1347,-0.0077,0.4028,Dark,
16.1666,4.6999,5.8259,0.0000,0.0000,0.0945,-0.2792,0.9556,-0.1315,-0.2640,0.9555,-0.0188,-0.2882,0.9574,-0.1347,-0.0077,0.4027,Dark,
16.1777,4.6971,5.8303,0.0000,0.0000,0.0976,-0.2792,0.9553,-0.1314,-0.2638,0.9556,-0.0173,-0.2883,0.9574,-0.1345,-0.0077,0.4027,Dark,
16.1888,4.7047,5.8544,0.0000,0.0000,0.1032,-0.2784,0.9549,-0.1314,-0.2628,0.9559,-0.0145,-0.2878,0.9576,-0.1345,-0.0077,0.4026,Dark,
16.2002,4.7131,5.8611,0.0000,0.0000,0.1056,-0.2783,0.9547,-0.1314,-0.2625,0.9559,-0.0133,-0.2878,0.9576,-0.1345,-0.0076,0.4025,Dark,
16.2111,4.7212,5.8669,0.0000,0.0000,0.1075,-0.2783,0.9545,-0.1317,-0.2624,0.9559,-0.0125,-0.2879,0.9576,-0.1344,-0.0076,0.4024,Dark,
16.2223,4.7403,5.8851,0.0000,0.0000,0.1112,-0.2773,0.9543,-0.1321,-0.2612,0.9562,-0.0108,-0.2872,0.9578,-0.1343,-0.0075,0.4023,Dark,
16.2337,4.7492,5.8890,0.0000,0.0000,0.1130,-0.2768,0.9542,-0.1320,-0.2606,0.9564,-0.0100,-0.2868,0.9579,-0.1342,-0.0075,0.4022,Dark,
16.2444,4.7592,5.8919,0.0000,0.0000,0.1146,-0.2763,0.9542,-0.1321,-0.2600,0.9565,-0.0091,-0.2864,0.9581,-0.1342,-0.0074,0.4021,Dark,
16.2556,4.7712,5.8875,0.0000,0.0000,0.1180,-0.2752,0.9541,-0.1316,-0.2589,0.9569,-0.0072,-0.2855,0.9583,-0.1341,-0.0073,0.4021,Dark,
16.2669,4.7735,5.8901,0.0000,0.0000,0.1192,-0.2743,0.9542,-0.1316,-0.2580,0.9571,-0.0066,-0.2847,0.9586,-0.1341,-0.0072,0.4019,Dark,
16.2779,4.7797,5.8925,0.0000,0.0000,0.1216,-0.2731,0.9543,-0.1305,-0.2568,0.9576,-0.0049,-0.2836,0.9589,-0.1340,-0.0071,0.4018,Dark,
16.2891,4.7923,5.9018,0.0000,0.0000,0.1245,-0.2719,0.9542,-0.1297,-0.2556,0.9581,-0.0030,-0.2826,0.9592,-0.1339,-0.0070,0.4018,Dark,
16.3004,4.7988,5.9177,0.0000,0.0000,0.1261,-0.2708,0.9543,-0.1291,-0.2545,0.9584,-0.0019,-0.2816,0.9595,-0.1339,-0.0069,0.4016,Dark,
16.3112,4.7920,5.9303,0.0000,0.0000,0.1275,-0.2702,0.9543,-0.1285,-0.2539,0.9587,-0.0009,-0.2810,0.9597,-0.1338,-0.0068,0.4016,Dark,
16.3223,4.7939,5.9316,0.0000,0.0000,0.1300,-0.2697,0.9541,-0.1275,-0.2534,0.9589,0.0009,-0.2807,0.9598,-0.1337,-0.0068,0.4015,Dark,
16.3337,4.8011,5.9505,0.0000,0.0000,0.1319,-0.2689,0.9541,-0.1262,-0.2526,0.9593,0.0025,-0.2799,0.9600,-0.1337,-0.0067,0.4014,Dark,
16.3447,4.8375,5.9654,0.0000,0.0000,0.1374,-0.2657,0.9542,-0.1218,-0.2497,0.9606,0.0076,-0.2769,0.9609,-0.1336,-0.0067,0.4013,Dark,
16.3558,4.8770,6.0200,0.0000,0.0000,0.2222,-0.2507,0.9422,-0.0333,-0.2408,0.9700,0.0964,-0.2647,0.9595,-0.1335,-0.0066,0.4013,Dark,
16.3694,4.8810,6.0294,0.0000,0.0000,0.2785,-0.2406,0.9298,0.0484,-0.2355,0.9707,0.1665,-0.2551,0.9525,-0.1334,-0.0066,0.4011,Dark,
16.3782,4.8577,6.0339,0.0000,0.0000,0.3374,-0.2287,0.9132,0.1133,-0.2269,0.9673,0.2296,-0.2446,0.9421,-0.1333,-0.0065,0.4011,Dark,
16.3893,4.8075,6.0561,0.0000,0.0000,0.3962,-0.2132,0.8931,0.2158,-0.2147,0.9525,0.3102,-0.2276,0.9230,-0.1332,-0.0065,0.4011,Dark,
16.4004,4.7869,6.0404,0.0000,0.0000,0.3924,-0.2146,0.8944,0.2276,-0.2162,0.9494,0.3136,-0.2277,0.9218,-0.1332,-0.0064,0.4010,Dark,
16.4115,4.7752,6.0277,0.0000,0.0000,0.3865,-0.2164,0.8965,0.2307,-0.2179,0.9483,0.3119,-0.2288,0.9222,-0.1331,-0.0064,0.4010,Dark,
16.4225,4.7665,6.0293,0.0000,0.0000,0.3926,-0.2143,0.8944,0.2519,-0.2160,0.9433,0.3251,-0.2257,0.9183,-0.1330,-0.0064,0.4010,Dark,
16.4338,4.7657,6.0296,0.0000,0.0000,0.3771,-0.2175,0.9003,0.2400,-0.2188,0.9458,0.3111,-0.2283,0.9225,-0.1329,-0.0064,0.4009,Dark,
16.4450,4.7721,6.0316,0.0000,0.0000,0.3759,-0.2182,0.9006,0.2425,-0.2194,0.9450,0.3117,-0.2287,0.9223,-0.1327,-0.0063,0.4009,Dark,
16.4560,4.7829,6.0392,0.0000,0.0000,0.3856,-0.2162,0.8970,0.2595,-0.2177,0.9409,0.3250,-0.2263,0.9183,-0.1326,-0.0063,0.4009,Dark,
16.4672,4.7874,6.0528,0.0000,0.0000,0.3732,-0.2193,0.9015,0.2485,-0.2205,0.9432,0.3131,-0.2291,0.9217,-0.1325,-0.0064,0.4009,Dark,
16.4782,4.7872,6.0641,0.0000,0.0000,0.3729,-0.2197,0.9015,0.2501,-0.2209,0.9427,0.3137,-0.2294,0.9214,-0.1324,-0.0064,0.4009,Dark,
16.4897,4.7850,6.0786,0.0000,0.0000,0.3718,-0.2207,0.9017,0.2519,-0.2219,0.9420,0.3140,-0.2301,0.9211,-0.1322,-0.0064,0.4009,Dark,
16.5006,4.7840,6.0838,0.0000,0.0000,0.3718,-0.2213,0.9016,0.2529,-0.2225,0.9416,0.3144,-0.2306,0.9209,-0.1321,-0.0064,0.4009,Dark,
16.5119,4.7970,6.0868,0.0000,0.0000,0.3716,-0.2209,0.9017,0.2534,-0.2220,0.9415,0.3145,-0.2302,0.9209,-0.1320,-0.0064,0.4009,Dark,
16.5230,4.8157,6.0994,0.0000,0.0000,0.3712,-0.2202,0.9020,0.2541,-0.2213,0.9415,0.3147,-0.2294,0.9211,-0.1319,-0.0064,0.4010,Dark,
16.5341,4.8212,6.1093,0.0000,0.0000,0.3736,-0.2205,0.9010,0.2571,-0.2216,0.9406,0.3174,-0.2296,0.9201,-0.1318,-0.0064,0.4010,Dark,
16.5454,4.8249,6.1103,0.0000,0.0000,0.3722,-0.2204,0.9016,0.2559,-0.2214,0.9410,0.3160,-0.2294,0.9206,-0.1316,-0.0064,0.4010,Dark,
16.5565,4.8261,6.1179,0.0000,0.0000,0.3707,-0.2212,0.9020,0.2549,-0.2221,0.9411,0.3147,-0.2302,0.9209,-0.1314,-0.0064,0.4011,Dark,
16.5676,4.8294,6.1194,0.0000,0.0000,0.3708,-0.2214,0.9019,0.2552,-0.2223,0.9410,0.3149,-0.2304,0.9207,-0.1313,-0.0064,0.4011,Dark,
16.5791,4.8393,6.1391,0.0000,0.0000,0.3716,-0.2218,0.9015,0.2565,-0.2228,0.9405,0.3160,-0.2308,0.9203,-0.1311,-0.0064,0.4012,Dark,
16.5898,4.8448,6.1509,0.0000,0.0000,0.3719,-0.2222,0.9013,0.2568,-0.2232,0.9403,0.3163,-0.2312,0.9201,-0.1310,-0.0065,0.4012,Dark,
16.6013,4.8457,6.1595,0.0000,0.0000,0.3731,-0.2224,0.9007,0.2581,-0.2234,0.9399,0.3175,-0.2314,0.9196,-0.1308,-0.0065,0.4012,Dark,
16.6120,4.8565,6.1655,0.0000,0.0000,0.3757,-0.2226,0.8996,0.2607,-0.2236,0.9392,0.3201,-0.2316,0.9187,-0.1307,-0.0066,0.4013,Dark,
16.6231,4.8710,6.1818,0.0000,0.0000,0.3759,-0.2230,0.8994,0.2607,-0.2241,0.9390,0.3202,-0.2320,0.9185,-0.1305,-0.0066,0.4013,Dark,
16.6342,4.8754,6.1980,0.0000,0.0000,0.3763,-0.2233,0.8992,0.2610,-0.2244,0.9389,0.3206,-0.2323,0.9183,-0.1304,-0.0067,0.4014,Dark,
16.6456,4.8786,6.2106,0.0000,0.0000,0.3765,-0.2239,0.8990,0.2611,-0.2249,0.9387,0.3207,-0.2329,0.9181,-0.1303,-0.0067,0.4014,Dark,
16.6564,4.8987,6.2377,0.0000,0.0000,0.3756,-0.2246,0.8991,0.2597,-0.2256,0.9390,0.3196,-0.2336,0.9183,-0.1302,-0.0068,0.4015,Dark,
16.6677,4.9058,6.2455,0.0000,0.0000,0.3767,-0.2248,0.8986,0.2606,-0.2258,0.9387,0.3206,-0.2339,0.9179,-0.1301,-0.0069,0.4016,Dark,
16.6789,4.9111,6.2496,0.0000,0.0000,0.3766,-0.2254,0.8985,0.2603,-0.2263,0.9386,0.3204,-0.2344,0.9178,-0.1300,-0.0069,0.4016,Dark,
16.6898,4.9272,6.2602,0.0000,0.0000,0.3748,-0.2264,0.8990,0.2578,-0.2274,0.9391,0.3182,-0.2355,0.9183,-0.1299,-0.0070,0.4017,Dark,
16.7011,4.9289,6.2630,0.0000,0.0000,0.3755,-0.2268,0.8986,0.2582,-0.2277,0.9389,0.3188,-0.2359,0.9180,-0.1299,-0.0071,0.4018,Dark,
16.7121,4.9299,6.2832,0.0000,0.0000,0.3751,-0.2275,0.8986,0.2575,-0.2284,0.9389,0.3183,-0.2366,0.9180,-0.1298,-0.0072,0.4018,Dark,
16.7233,4.9591,6.3124,0.0000,0.0000,0.3742,-0.2284,0.8988,0.2559,-0.2293,0.9391,0.3170,-0.2375,0.9182,-0.1297,-0.0073,0.4019,Dark,
16.7345,4.9641,6.3200,0.0000,0.0000,0.3741,-0.2289,0.8987,0.2555,-0.2298,0.9391,0.3167,-0.2381,0.9181,-0.1296,-0.0074,0.4020,Dark,
16.7457,4.9767,6.3248,0.0000,0.0000,0.3741,-0.2292,0.8986,0.2552,-0.2300,0.9391,0.3166,-0.2384,0.9181,-0.1296,-0.0074,0.4021,Dark,
16.7570,4.9920,6.3314,0.0000,0.0000,0.3736,-0.2295,0.8987,0.2542,-0.2303,0.9393,0.3158,-0.2387,0.9183,-0.1295,-0.0074,0.4022,Dark,
16.7678,5.0009,6.3354,0.0000,0.0000,0.3733,-0.2304,0.8987,0.2538,-0.2311,0.9392,0.3155,-0.2395,0.9182,-0.1293,-0.0075,0.4023,Dark,
16.7790,5.0080,6.3720,0.0000,0.0000,0.3741,-0.2303,0.8983,0.2547,-0.2309,0.9391,0.3163,-0.2394,0.9180,-0.1291,-0.0075,0.4024,Dark,
16.7903,5.0349,6.3958,0.0000,0.0000,0.3176,-0.2436,0.9164,0.2003,-0.2426,0.9492,0.2605,-0.2515,0.9321,-0.1289,-0.0075,0.4025,Dark,
16.8012,5.0527,6.3879,0.0000,0.0000,0.2654,-0.2512,0.9308,0.1620,-0.2491,0.9548,0.2147,-0.2574,0.9421,-0.1286,-0.0075,0.4025,Dark,
16.8124,5.0663,6.3782,0.0000,0.0000,0.2403,-0.2554,0.9365,0.1383,-0.2526,0.9576,0.1902,-0.2612,0.9464,-0.1281,-0.0075,0.4026,Dark,
16.8234,5.0768,6.3601,0.0000,0.0000,0.1912,-0.2626,0.9458,0.0976,-0.2589,0.9610,0.1450,-0.2672,0.9527,-0.1275,-0.0075,0.4026,Dark,
16.8347,5.0666,6.3569,0.0000,0.0000,0.1839,-0.2645,0.9467,0.0949,-0.2609,0.9607,0.1400,-0.2688,0.9530,-0.1268,-0.0075,0.4025,Dark,
16.8459,5.0572,6.3535,0.0000,0.0000,0.1768,-0.2670,0.9474,0.0890,-0.2631,0.9607,0.1334,-0.2710,0.9533,-0.1258,-0.0076,0.4024,Dark,
16.8571,5.0654,6.3495,0.0000,0.0000,0.1899,-0.2676,0.9446,0.1034,-0.2639,0.9590,0.1472,-0.2717,0.9511,-0.1248,-0.0076,0.4022,Dark,
16.8683,5.0701,6.3485,0.0000,0.0000,0.2063,-0.2677,0.9412,0.1193,-0.2643,0.9570,0.1634,-0.2720,0.9483,-0.1236,-0.0076,0.4020,Dark,
16.8803,5.0898,6.3761,0.0000,0.0000,0.2234,-0.2672,0.9374,0.1339,-0.2640,0.9552,0.1792,-0.2718,0.9455,-0.1222,-0.0076,0.4017,Dark,
16.8905,5.1010,6.3800,0.0000,0.0000,0.2407,-0.2659,0.9334,0.1495,-0.2629,0.9532,0.1957,-0.2708,0.9425,-0.1208,-0.0075,0.4013,Dark,
16.9017,5.1084,6.3824,0.0000,0.0000,0.2521,-0.2659,0.9305,0.1593,-0.2630,0.9516,0.2063,-0.2709,0.9402,-0.1194,-0.0075,0.4010,Dark,
16.9127,5.1201,6.3850,0.0000,0.0000,0.2681,-0.2651,0.9262,0.1706,-0.2623,0.9498,0.2200,-0.2705,0.9372,-0.1180,-0.0075,0.4006,Dark,
16.9238,5.1241,6.3872,0.0000,0.0000,0.2805,-0.2643,0.9227,0.1790,-0.2616,0.9484,0.2305,-0.2701,0.9348,-0.1167,-0.0075,0.4002,Dark,
16.9352,5.1147,6.3898,0.0000,0.0000,0.2918,-0.2641,0.9193,0.1867,-0.2614,0.9470,0.2400,-0.2702,0.9324,-0.1153,-0.0075,0.3998,Dark,
16.9461,5.0939,6.4122,0.0000,0.0000,0.3036,-0.2635,0.9157,0.1881,-0.2606,0.9469,0.2467,-0.2703,0.9306,-0.1140,-0.0075,0.3994,Dark,
16.9575,5.0835,6.4153,0.0000,0.0000,0.3134,-0.2632,0.9124,0.1920,-0.2601,0.9463,0.2536,-0.2704,0.9288,-0.1129,-0.0074,0.3990,Dark,
16.9733,5.0830,6.4184,0.0000,0.0000,0.3230,-0.2627,0.9092,0.1892,-0.2592,0.9471,0.2571,-0.2706,0.9277,-0.1118,-0.0075,0.3986,Dark,
16.9796,5.0869,6.4188,0.0000,0.0000,0.3313,-0.2622,0.9064,0.1914,-0.2586,0.9468,0.2624,-0.2706,0.9262,-0.1107,-0.0075,0.3982,Dark,
16.9905,5.0906,6.4160,0.0000,0.0000,0.3391,-0.2616,0.9037,0.1925,-0.2577,0.9469,0.2669,-0.2703,0.9250,-0.1097,-0.0074,0.3978,Dark,
17.0017,5.0874,6.4142,0.0000,0.0000,0.3455,-0.2612,0.9013,0.1926,-0.2570,0.9470,0.2702,-0.2703,0.9241,-0.1088,-0.0074,0.3975,Dark,
17.0130,5.0851,6.4273,0.0000,0.0000,0.3525,-0.2605,0.8988,0.1858,-0.2557,0.9487,0.2704,-0.2704,0.9240,-0.1080,-0.0074,0.3972,Dark,
17.0246,5.0864,6.4354,0.0000,0.0000,0.3585,-0.2596,0.8967,0.1849,-0.2545,0.9492,0.2730,-0.2699,0.9234,-0.1072,-0.0074,0.3969,Dark,
17.0355,5.1012,6.4420,0.0000,0.0000,0.3630,-0.2588,0.8951,0.1829,-0.2534,0.9499,0.2743,-0.2695,0.9231,-0.1065,-0.0074,0.3967,Dark,
17.0468,5.1322,6.4247,0.0000,0.0000,0.3680,-0.2578,0.8934,0.1761,-0.2518,0.9516,0.2735,-0.2692,0.9234,-0.1058,-0.0074,0.3965,Dark,
17.0578,5.1459,6.4222,0.0000,0.0000,0.3727,-0.2572,0.8916,0.1755,-0.2510,0.9520,0.2756,-0.2689,0.9229,-0.1052,-0.0075,0.3963,Dark,
17.0685,5.1500,6.4206,0.0000,0.0000,0.3760,-0.2570,0.8903,0.1738,-0.2505,0.9524,0.2764,-0.2690,0.9226,-0.1047,-0.0075,0.3961,Dark,
17.0797,5.1583,6.4440,0.0000,0.0000,0.3801,-0.2562,0.8888,0.1684,-0.2492,0.9537,0.2758,-0.2687,0.9229,-0.1043,-0.0075,0.3960,Dark,
17.0912,5.1635,6.4523,0.0000,0.0000,0.3831,-0.2555,0.8877,0.1671,-0.2482,0.9542,0.2767,-0.2682,0.9228,-0.1040,-0.0076,0.3959,Dark,
17.1020,5.1694,6.4579,0.0000,0.0000,0.3845,-0.2550,0.8872,0.1646,-0.2473,0.9549,0.2761,-0.2679,0.9230,-0.1036,-0.0076,0.3958,Dark,
17.1134,5.1887,6.4625,0.0000,0.0000,0.3873,-0.2542,0.8862,0.1600,-0.2460,0.9560,0.2753,-0.2675,0.9234,-0.1034,-0.0077,0.3957,Dark,
17.1245,5.1996,6.4672,0.0000,0.0000,0.3877,-0.2537,0.8862,0.1570,-0.2452,0.9567,0.2740,-0.2671,0.9239,-0.1031,-0.0077,0.3956,Dark,
17.1354,5.1985,6.4714,0.0000,0.0000,0.3874,-0.2536,0.8864,0.1535,-0.2448,0.9573,0.2721,-0.2671,0.9245,-0.1029,-0.0078,0.3956,Dark,
17.1465,5.2206,6.5515,0.0000,0.0000,0.3664,-0.2501,0.8962,0.1262,-0.2396,0.9626,0.2474,-0.2632,0.9325,-0.1028,-0.0078,0.3956,Dark,
17.1579,5.2397,6.5186,0.0000,0.0000,0.3298,-0.2539,0.9093,0.0849,-0.2405,0.9669,0.2076,-0.2658,0.9414,-0.1028,-0.0079,0.3956,Dark,
17.1690,5.2388,6.4608,0.0000,0.0000,0.3185,-0.2566,0.9125,0.0712,-0.2419,0.9677,0.1948,-0.2680,0.9435,-0.1027,-0.0079,0.3957,Dark,
17.1799,5.2470,6.3880,0.0000,0.0000,0.1913,-0.2684,0.9441,-0.0492,-0.2456,0.9681,0.0682,-0.2751,0.9590,-0.1027,-0.0079,0.3957,Dark,
17.1912,5.2518,6.3268,0.0000,0.0000,0.2346,-0.2643,0.9355,-0.0159,-0.2432,0.9698,0.1072,-0.2727,0.9561,-0.1027,-0.0080,0.3957,Dark,
17.2022,5.2470,6.3001,0.0000,0.0000,0.1865,-0.2661,0.9457,-0.0646,-0.2415,0.9683,0.0576,-0.2728,0.9604,-0.1026,-0.0079,0.3958,Dark,
17.2135,5.2454,6.3015,0.0000,0.0000,0.1923,-0.2656,0.9447,-0.0635,-0.2407,0.9685,0.0610,-0.2725,0.9602,-0.1025,-0.0079,0.3958,Dark,
17.2253,5.2432,6.3069,0.0000,0.0000,0.1631,-0.2660,0.9501,-0.0925,-0.2390,0.9666,0.0311,-0.2719,0.9618,-0.1025,-0.0079,0.3959,Dark,
17.2356,5.2455,6.3103,0.0000,0.0000,0.1566,-0.2652,0.9514,-0.1053,-0.2369,0.9658,0.0210,-0.2709,0.9624,-0.1025,-0.0078,0.3959,Dark,
17.2467,5.2500,6.3053,0.0000,0.0000,0.1946,-0.2617,0.9453,-0.0759,-0.2352,0.9690,0.0554,-0.2690,0.9615,-0.1024,-0.0077,0.3960,Dark,
17.2580,5.2537,6.3012,0.0000,0.0000,0.1579,-0.2625,0.9519,-0.1099,-0.2336,0.9661,0.0191,-0.2684,0.9631,-0.1024,-0.0076,0.3960,Dark,
17.2690,5.2636,6.3078,0.0000,0.0000,0.1659,-0.2607,0.9511,-0.1074,-0.2317,0.9668,0.0243,-0.2671,0.9634,-0.1024,-0.0075,0.3961,Dark,
17.2801,5.2663,6.3151,0.0000,0.0000,0.1697,-0.2594,0.9507,-0.1057,-0.2305,0.9673,0.0270,-0.2660,0.9636,-0.1023,-0.0074,0.3961,Dark,
17.2914,5.2627,6.3209,0.0000,0.0000,0.1756,-0.2584,0.9499,-0.1023,-0.2297,0.9679,0.0317,-0.2653,0.9637,-0.1022,-0.0073,0.3961,Dark,
17.3042,5.2606,6.3443,0.0000,0.0000,0.1876,-0.2574,0.9479,-0.0945,-0.2292,0.9688,0.0418,-0.2648,0.9634,-0.1021,-0.0072,0.3961,Dark,
17.3137,5.2618,6.3480,0.0000,0.0000,0.1928,-0.2566,0.9471,-0.0909,-0.2288,0.9692,0.0463,-0.2644,0.9633,-0.1020,-0.0071,0.3961,Dark,
17.3247,5.2627,6.3501,0.0000,0.0000,0.1969,-0.2561,0.9464,-0.0881,-0.2285,0.9695,0.0498,-0.2641,0.9632,-0.1019,-0.0071,0.3960,Dark,
17.3359,5.2713,6.3666,0.0000,0.0000,0.2024,-0.2558,0.9453,-0.0846,-0.2285,0.9699,0.0544,-0.2640,0.9630,-0.1019,-0.0070,0.3960,Dark,
17.3469,5.2770,6.3610,0.0000,0.0000,0.2040,-0.2554,0.9451,-0.0835,-0.2282,0.9700,0.0557,-0.2638,0.9630,-0.1018,-0.0070,0.3960,Dark,
17.3581,5.2739,6.3563,0.0000,0.0000,0.2051,-0.2553,0.9448,-0.0830,-0.2282,0.9701,0.0566,-0.2638,0.9629,-0.1017,-0.0070,0.3959,Dark,
17.3695,5.2770,6.3678,0.0000,0.0000,0.2065,-0.2558,0.9444,-0.0821,-0.2285,0.9701,0.0577,-0.2642,0.9627,-0.1017,-0.0069,0.3959,Dark,
17.3804,5.2817,6.3712,0.0000,0.0000,0.2070,-0.2558,0.9443,-0.0817,-0.2285,0.9701,0.0582,-0.2642,0.9627,-0.1016,-0.0069,0.3958,Dark,
17.3916,5.2779,6.3746,0.0000,0.0000,0.2066,-0.2558,0.9444,-0.0822,-0.2285,0.9701,0.0577,-0.2642,0.9627,-0.1015,-0.0069,0.3958,Dark,
17.4028,5.2816,6.3972,0.0000,0.0000,0.2066,-0.2559,0.9444,-0.0822,-0.2286,0.9700,0.0577,-0.2644,0.9627,-0.1015,-0.0068,0.3958,Dark,
17.4138,5.2865,6.4008,0.0000,0.0000,0.2061,-0.2555,0.9446,-0.0826,-0.2282,0.9701,0.0572,-0.2639,0.9628,-0.1014,-0.0067,0.3957,Dark,
17.4252,5.2830,6.4032,0.0000,0.0000,0.2048,-0.2554,0.9449,-0.0838,-0.2280,0.9701,0.0560,-0.2637,0.9630,-0.1014,-0.0066,0.3957,Dark,
17.4362,5.2824,6.4098,0.0000,0.0000,0.2035,-0.2551,0.9452,-0.0848,-0.2276,0.9701,0.0548,-0.2634,0.9631,-0.1014,-0.0066,0.3957,Dark,
17.4472,5.2835,6.4164,0.0000,0.0000,0.2024,-0.2548,0.9456,-0.0855,-0.2272,0.9701,0.0539,-0.2630,0.9633,-0.1014,-0.0065,0.3957,Dark,
17.4586,5.2823,6.4220,0.0000,0.0000,0.2015,-0.2545,0.9458,-0.0862,-0.2267,0.9701,0.0531,-0.2626,0.9634,-0.1014,-0.0065,0.3956,Dark,
17.4699,5.2897,6.4293,0.0000,0.0000,0.2006,-0.2544,0.9461,-0.0870,-0.2265,0.9701,0.0522,-0.2624,0.9635,-0.1015,-0.0064,0.3956,Dark,
17.4810,5.2961,6.4306,0.0000,0.0000,0.1999,-0.2541,0.9463,-0.0874,-0.2261,0.9702,0.0517,-0.2621,0.9637,-0.1015,-0.0063,0.3955,Dark,
17.4918,5.3012,6.4310,0.0000,0.0000,0.1999,-0.2536,0.9464,-0.0874,-0.2255,0.9703,0.0517,-0.2615,0.9638,-0.1015,-0.0063,0.3955,Dark,
17.5032,5.2989,6.4299,0.0000,0.0000,0.1995,-0.2531,0.9467,-0.0876,-0.2250,0.9704,0.0514,-0.2609,0.9640,-0.1016,-0.0062,0.3955,Dark,
17.5142,5.2927,6.4326,0.0000,0.0000,0.1996,-0.2524,0.9468,-0.0874,-0.2243,0.9706,0.0515,-0.2603,0.9642,-0.1015,-0.0061,0.3954,Dark,
17.5254,5.2955,6.4349,0.0000,0.0000,0.1993,-0.2519,0.9470,-0.0876,-0.2238,0.9707,0.0513,-0.2597,0.9643,-0.1015,-0.0060,0.3953,Dark,
17.5364,5.2981,6.4616,0.0000,0.0000,0.1995,-0.2512,0.9472,-0.0874,-0.2231,0.9709,0.0515,-0.2590,0.9645,-0.1016,-0.0059,0.3953,Dark,
17.5475,5.2985,6.4773,0.0000,0.0000,0.1994,-0.2504,0.9474,-0.0873,-0.2224,0.9710,0.0515,-0.2583,0.9647,-0.1016,-0.0058,0.3952,Dark,
17.5586,5.2945,6.4893,0.0000,0.0000,0.1995,-0.2497,0.9475,-0.0873,-0.2217,0.9712,0.0516,-0.2576,0.9649,-0.1016,-0.0058,0.3951,Dark,
17.5699,5.2903,6.4991,0.0000,0.0000,0.1995,-0.2491,0.9477,-0.0872,-0.2211,0.9713,0.0517,-0.2570,0.9650,-0.1017,-0.0056,0.3950,Dark,
17.5808,5.2884,6.5147,0.0000,0.0000,0.2003,-0.2483,0.9478,-0.0863,-0.2204,0.9716,0.0526,-0.2562,0.9652,-0.1017,-0.0055,0.3949,Dark,
17.5920,5.2971,6.5216,0.0000,0.0000,0.2007,-0.2475,0.9479,-0.0857,-0.2197,0.9718,0.0531,-0.2554,0.9654,-0.1017,-0.0054,0.3948,Dark,
17.6031,5.3103,6.5320,0.0000,0.0000,0.2021,-0.2465,0.9478,-0.0843,-0.2188,0.9721,0.0545,-0.2544,0.9655,-0.1018,-0.0053,0.3948,Dark,
17.6143,5.3141,6.5271,0.0000,0.0000,0.2028,-0.2457,0.9479,-0.0834,-0.2181,0.9724,0.0553,-0.2537,0.9657,-0.1018,-0.0052,0.3947,Dark,
17.6256,5.3204,6.5223,0.0000,0.0000,0.2037,-0.2448,0.9479,-0.0825,-0.2174,0.9726,0.0563,-0.2529,0.9659,-0.1018,-0.0051,0.3946,Dark,
17.6368,5.3282,6.5305,0.0000,0.0000,0.2053,-0.2439,0.9478,-0.0806,-0.2166,0.9729,0.0581,-0.2520,0.9660,-0.1018,-0.0050,0.3945,Dark,
17.6478,5.3308,6.5345,0.0000,0.0000,0.2062,-0.2429,0.9479,-0.0796,-0.2158,0.9732,0.0591,-0.2511,0.9662,-0.1018,-0.0048,0.3945,Dark,
17.6590,5.3510,6.5381,0.0000,0.0000,0.2073,-0.2416,0.9480,-0.0785,-0.2146,0.9735,0.0602,-0.2498,0.9664,-0.1017,-0.0047,0.3944,Dark,
17.6700,5.4203,6.6498,0.0000,0.0000,0.2584,-0.2300,0.9383,-0.0352,-0.2063,0.9778,0.1088,-0.2405,0.9645,-0.1017,-0.0045,0.3944,Dark,
17.6812,5.4633,6.6705,0.0000,0.0000,0.3188,-0.2199,0.9220,0.0279,-0.2010,0.9792,0.1726,-0.2326,0.9571,-0.1017,-0.0044,0.3943,Dark,
17.6924,5.4339,6.6845,0.0000,0.0000,0.4069,-0.2117,0.8886,0.1092,-0.1981,0.9741,0.2604,-0.2281,0.9382,-0.1016,-0.0043,0.3942,Dark,
17.7035,5.3762,6.7536,0.0000,0.0000,0.5509,-0.1873,0.8133,0.2894,-0.1844,0.9393,0.4274,-0.2072,0.8800,-0.1016,-0.0041,0.3942,Dark,
17.7145,5.3511,6.7613,0.0000,0.0000,0.6127,-0.1730,0.7711,0.4143,-0.1745,0.8932,0.5201,-0.1906,0.8326,-0.1014,-0.0040,0.3941,Dark,
17.7259,5.3084,6.7679,0.0000,0.0000,0.6704,-0.1564,0.7254,0.4898,-0.1600,0.8570,0.5873,-0.1745,0.7903,-0.1013,-0.0039,0.3940,Dark,
17.7368,5.2585,6.8789,0.0000,0.0000,0.7334,-0.1288,0.6675,0.6698,-0.1314,0.7308,0.7032,-0.1367,0.6977,-0.1012,-0.0038,0.3939,Dark,
17.7479,5.2420,6.9429,0.0000,0.0000,0.7632,-0.1127,0.6363,0.7170,-0.1147,0.6876,0.7412,-0.1189,0.6607,-0.1010,-0.0038,0.3938,Dark,
17.7590,5.2459,6.9941,0.0000,0.0000,0.7844,-0.1028,0.6117,0.7483,-0.1044,0.6551,0.7672,-0.1079,0.6323,-0.1009,-0.0037,0.3937,Dark,
17.7702,5.2551,7.0967,0.0000,0.0000,0.7895,-0.0946,0.6064,0.7615,-0.0957,0.6411,0.7761,-0.0986,0.6229,-0.1008,-0.0036,0.3937,Dark,
17.7814,5.2577,7.1031,0.0000,0.0000,0.7718,-0.0995,0.6280,0.7443,-0.1006,0.6603,0.7585,-0.1032,0.6434,-0.1006,-0.0036,0.3935,Dark,
17.7924,5.2549,7.1040,0.0000,0.0000,0.7753,-0.0977,0.6239,0.7500,-0.0986,0.6540,0.7632,-0.1011,0.6383,-0.1005,-0.0036,0.3934,Dark,
17.8036,5.2597,7.1074,0.0000,0.0000,0.7640,-0.1005,0.6373,0.7404,-0.1014,0.6645,0.7526,-0.1037,0.6503,-0.1004,-0.0035,0.3934,Dark,
17.8154,5.2676,7.1165,0.0000,0.0000,0.7544,-0.1037,0.6482,0.7310,-0.1045,0.6743,0.7431,-0.1067,0.6606,-0.1002,-0.0035,0.3933,Dark,
17.8261,5.2693,7.1257,0.0000,0.0000,0.7543,-0.1029,0.6484,0.7318,-0.1037,0.6736,0.7434,-0.1059,0.6604,-0.1001,-0.0034,0.3932,Dark,
17.8372,5.2749,7.1472,0.0000,0.0000,0.7435,-0.1059,0.6603,0.7216,-0.1066,0.6841,0.7329,-0.1087,0.6716,-0.1000,-0.0034,0.3931,Dark,
17.8480,5.2775,7.1613,0.0000,0.0000,0.7412,-0.1060,0.6628,0.7196,-0.1067,0.6861,0.7307,-0.1087,0.6740,-0.0999,-0.0034,0.3930,Dark,
17.8592,5.2817,7.1717,0.0000,0.0000,0.7398,-0.1057,0.6645,0.7185,-0.1064,0.6873,0.7295,-0.1084,0.6754,-0.0998,-0.0033,0.3930,Dark,
17.8704,5.2879,7.1302,0.0000,0.0000,0.7359,-0.1074,0.6685,0.7152,-0.1080,0.6905,0.7259,-0.1099,0.6790,-0.0997,-0.0033,0.3930,Dark,
17.8816,5.2892,7.1293,0.0000,0.0000,0.7352,-0.1079,0.6692,0.7147,-0.1086,0.6910,0.7252,-0.1104,0.6796,-0.0997,-0.0032,0.3929,Dark,
17.8930,5.3051,7.1291,0.0000,0.0000,0.7345,-0.1081,0.6700,0.7142,-0.1087,0.6914,0.7246,-0.1106,0.6802,-0.0996,-0.0032,0.3928,Dark,
17.9084,5.3307,7.1363,0.0000,0.0000,0.7334,-0.1085,0.6710,0.7136,-0.1091,0.6920,0.7238,-0.1109,0.6811,-0.0996,-0.0031,0.3928,Dark,
17.9150,5.3405,7.1452,0.0000,0.0000,0.7333,-0.1082,0.6712,0.7136,-0.1088,0.6920,0.7238,-0.1106,0.6811,-0.0996,-0.0031,0.3927,Dark,
17.9261,5.3340,7.1507,0.0000,0.0000,0.7327,-0.1082,0.6719,0.7131,-0.1088,0.6926,0.7232,-0.1106,0.6818,-0.0995,-0.0030,0.3926,Dark,
17.9376,5.3248,7.1751,0.0000,0.0000,0.7323,-0.1079,0.6724,0.7130,-0.1085,0.6927,0.7229,-0.1103,0.6821,-0.0995,-0.0030,0.3926,Dark,
17.9485,5.3236,7.1723,0.0000,0.0000,0.7327,-0.1073,0.6720,0.7135,-0.1079,0.6923,0.7234,-0.1096,0.6817,-0.0994,-0.0030,0.3926,Dark,
17.9597,5.3255,7.1690,0.0000,0.0000,0.7322,-0.1075,0.6725,0.7131,-0.1080,0.6927,0.7229,-0.1098,0.6821,-0.0994,-0.0029,0.3925,Dark,
17.9707,5.3326,7.1686,0.0000,0.0000,0.7320,-0.1073,0.6728,0.7131,-0.1079,0.6928,0.7228,-0.1096,0.6823,-0.0994,-0.0029,0.3925,Dark,
17.9820,5.3353,7.1689,0.0000,0.0000,0.7321,-0.1065,0.6728,0.7132,-0.1070,0.6927,0.7229,-0.1087,0.6823,-0.0993,-0.0028,0.3924,Dark,
17.9932,5.3321,7.1701,0.0000,0.0000,0.7321,-0.1057,0.6729,0.7133,-0.1062,0.6928,0.7230,-0.1080,0.6824,-0.0993,-0.0028,0.3924,Dark,
18.0042,5.3240,7.1731,0.0000,0.0000,0.7319,-0.1046,0.6733,0.7132,-0.1050,0.6930,0.7228,-0.1068,0.6828,-0.0993,-0.0027,0.3924,Dark,
18.0154,5.3200,7.1627,0.0000,0.0000,0.7320,-0.1039,0.6733,0.7134,-0.1044,0.6930,0.7230,-0.1061,0.6827,-0.0992,-0.0027,0.3923,Dark,
18.0264,5.3163,7.1539,0.0000,0.0000,0.7319,-0.1038,0.6735,0.7133,-0.1042,0.6931,0.7228,-0.1060,0.6828,-0.0992,-0.0026,0.3922,Dark,
18.0376,5.3085,7.1360,0.0000,0.0000,0.7319,-0.1038,0.6735,0.7133,-0.1043,0.6931,0.7228,-0.1060,0.6828,-0.0992,-0.0026,0.3922,Dark,
18.0488,5.3043,7.1244,0.0000,0.0000,0.7320,-0.1039,0.6734,0.7134,-0.1043,0.6929,0.7230,-0.1061,0.6827,-0.0991,-0.0026,0.3921,Dark,
18.0598,5.2992,7.1162,0.0000,0.0000,0.7320,-0.1037,0.6734,0.7135,-0.1042,0.6929,0.7230,-0.1059,0.6827,-0.0990,-0.0026,0.3921,Dark,
18.0713,5.2918,7.1021,0.0000,0.0000,0.7319,-0.1040,0.6734,0.7135,-0.1044,0.6929,0.7229,-0.1061,0.6827,-0.0989,-0.0025,0.3921,Dark,
18.0822,5.2896,7.0992,0.0000,0.0000,0.7323,-0.1040,0.6730,0.7139,-0.1045,0.6925,0.7233,-0.1062,0.6823,-0.0988,-0.0025,0.3920,Dark,
18.0933,5.2929,7.0976,0.0000,0.0000,0.7327,-0.1040,0.6726,0.7142,-0.1044,0.6921,0.7237,-0.1062,0.6819,-0.0987,-0.0024,0.3919,Dark,
18.1045,5.2947,7.1368,0.0000,0.0000,0.7331,-0.1040,0.6722,0.7147,-0.1044,0.6916,0.7241,-0.1062,0.6815,-0.0985,-0.0023,0.3919,Dark,
18.1158,5.2934,7.1514,0.0000,0.0000,0.7339,-0.1036,0.6713,0.7156,-0.1040,0.6907,0.7250,-0.1058,0.6806,-0.0983,-0.0023,0.3918,Dark,
18.1272,5.3106,7.1773,0.0000,0.0000,0.7344,-0.1040,0.6707,0.7161,-0.1045,0.6901,0.7255,-0.1062,0.6800,-0.0981,-0.0023,0.3917,Dark,
18.1381,5.3164,7.1849,0.0000,0.0000,0.7354,-0.1040,0.6696,0.7171,-0.1044,0.6891,0.7265,-0.1062,0.6789,-0.0979,-0.0023,0.3917,Dark,
18.1492,5.3178,7.1881,0.0000,0.0000,0.7361,-0.1045,0.6688,0.7178,-0.1049,0.6883,0.7272,-0.1066,0.6781,-0.0977,-0.0023,0.3916,Dark,
18.1604,5.2995,7.2087,0.0000,0.0000,0.7365,-0.1053,0.6682,0.7182,-0.1058,0.6878,0.7276,-0.1075,0.6776,-0.0975,-0.0023,0.3915,Dark,
18.1711,5.3001,7.2249,0.0000,0.0000,0.7375,-0.1057,0.6670,0.7193,-0.1061,0.6866,0.7286,-0.1078,0.6764,-0.0973,-0.0024,0.3914,Dark,
18.1823,5.3014,7.2376,0.0000,0.0000,0.7389,-0.1060,0.6654,0.7207,-0.1064,0.6850,0.7301,-0.1082,0.6748,-0.0970,-0.0024,0.3913,Dark,
18.1938,5.2852,7.1997,0.0000,0.0000,0.7404,-0.1066,0.6636,0.7223,-0.1070,0.6833,0.7316,-0.1088,0.6730,-0.0967,-0.0024,0.3912,Dark,
18.2045,5.2805,7.1873,0.0000,0.0000,0.7421,-0.1069,0.6617,0.7240,-0.1073,0.6814,0.7333,-0.1091,0.6711,-0.0964,-0.0024,0.3910,Dark,
18.2160,5.2852,7.1757,0.0000,0.0000,0.7439,-0.1071,0.6596,0.7259,-0.1075,0.6794,0.7351,-0.1093,0.6691,-0.0960,-0.0025,0.3908,Dark,
18.2272,5.2903,7.1713,0.0000,0.0000,0.7451,-0.1080,0.6581,0.7271,-0.1085,0.6779,0.7364,-0.1102,0.6676,-0.0957,-0.0025,0.3907,Dark,
18.2383,5.2927,7.1802,0.0000,0.0000,0.7461,-0.1098,0.6567,0.7281,-0.1103,0.6766,0.7373,-0.1120,0.6662,-0.0954,-0.0025,0.3905,Dark,
18.2493,5.2940,7.1872,0.0000,0.0000,0.7484,-0.1086,0.6543,0.7304,-0.1091,0.6742,0.7396,-0.1108,0.6638,-0.0950,-0.0025,0.3903,Dark,
18.2606,5.2749,7.1249,0.0000,0.0000,0.7425,-0.1193,0.6591,0.7242,-0.1199,0.6791,0.7336,-0.1215,0.6686,-0.0947,-0.0025,0.3902,Dark,
18.2715,5.2677,7.1058,0.0000,0.0000,0.7328,-0.1305,0.6678,0.7140,-0.1312,0.6877,0.7236,-0.1328,0.6773,-0.0943,-0.0025,0.3900,Dark,
18.2826,5.2477,7.0904,0.0000,0.0000,0.7061,-0.1519,0.6916,0.6859,-0.1527,0.7115,0.6962,-0.1543,0.7011,-0.0940,-0.0026,0.3898,Dark,
18.2939,5.2297,7.0559,0.0000,0.0000,0.6641,-0.1661,0.7290,0.6419,-0.1668,0.7484,0.6531,-0.1685,0.7383,-0.0938,-0.0026,0.3898,Dark,
18.3053,5.2300,6.9569,0.0000,0.0000,0.6331,-0.1760,0.7538,0.6096,-0.1765,0.7728,0.6215,-0.1783,0.7628,-0.0935,-0.0027,0.3896,Dark,
18.3161,5.1633,6.8745,0.0000,0.0000,0.6021,-0.1718,0.7797,0.5774,-0.1721,0.7981,0.5899,-0.1741,0.7885,-0.0933,-0.0027,0.3895,Dark,
18.3273,5.1028,9.1677,0.0000,0.0000,0.5424,-0.1720,0.8223,0.5103,-0.1718,0.8427,0.5266,-0.1744,0.8320,-0.0931,-0.0027,0.3895,Dark,
18.3385,5.1005,8.8005,0.0000,0.0000,0.5141,-0.1942,0.8355,0.4779,-0.1938,0.8568,0.4962,-0.1968,0.8456,-0.0930,-0.0027,0.3894,Dark,
18.3496,5.1408,8.4320,0.0000,0.0000,0.4996,-0.2117,0.8400,0.4596,-0.2111,0.8627,0.4798,-0.2145,0.8507,-0.0929,-0.0028,0.3894,Dark,
18.3606,5.2145,7.5984,0.0000,0.0000,0.4927,-0.2189,0.8422,0.4452,-0.2181,0.8685,0.4692,-0.2221,0.8547,-0.0927,-0.0028,0.3894,Dark,
18.3716,5.2372,7.1701,0.0000,0.0000,0.5169,-0.2159,0.8284,0.4663,-0.2152,0.8581,0.4919,-0.2195,0.8425,-0.0926,-0.0028,0.3894,Dark,
18.3829,5.3627,6.9381,0.0000,0.0000,0.5298,-0.2149,0.8204,0.4711,-0.2143,0.8557,0.5010,-0.2192,0.8372,-0.0925,-0.0028,0.3894,Dark,
18.3940,5.3808,6.9326,0.0000,0.0000,0.5421,-0.2183,0.8114,0.4793,-0.2179,0.8502,0.5113,-0.2231,0.8299,-0.0924,-0.0028,0.3894,Dark,
18.4052,5.3930,6.9420,0.0000,0.0000,0.5457,-0.2245,0.8073,0.4783,-0.2240,0.8491,0.5126,-0.2296,0.8273,-0.0923,-0.0028,0.3894,Dark,
18.4163,5.4164,6.9579,0.0000,0.0000,0.5596,-0.2323,0.7956,0.4831,-0.2321,0.8443,0.5221,-0.2384,0.8189,-0.0922,-0.0028,0.3894,Dark,
18.4275,5.4281,6.9645,0.0000,0.0000,0.5632,-0.2359,0.7919,0.4819,-0.2358,0.8439,0.5234,-0.2425,0.8168,-0.0921,-0.0029,0.3894,Dark,
18.4385,5.4397,6.9693,0.0000,0.0000,0.5674,-0.2390,0.7880,0.4814,-0.2389,0.8433,0.5254,-0.2460,0.8146,-0.0920,-0.0029,0.3894,Dark,
18.4499,5.4698,6.9720,0.0000,0.0000,0.5741,-0.2437,0.7817,0.4785,-0.2438,0.8436,0.5275,-0.2516,0.8115,-0.0920,-0.0029,0.3894,Dark,
18.4612,5.4891,6.9715,0.0000,0.0000,0.5773,-0.2453,0.7788,0.4770,-0.2454,0.8439,0.5285,-0.2536,0.8102,-0.0919,-0.0029,0.3895,Dark,
18.4720,5.5034,6.9730,0.0000,0.0000,0.5806,-0.2469,0.7759,0.4758,-0.2471,0.8442,0.5296,-0.2556,0.8088,-0.0918,-0.0029,0.3895,Dark,
18.4833,5.5231,6.9935,0.0000,0.0000,0.5892,-0.2438,0.7703,0.4760,-0.2441,0.8449,0.5343,-0.2534,0.8064,-0.0917,-0.0029,0.3895,Dark,
18.4942,5.5118,7.0094,0.0000,0.0000,0.5917,-0.2439,0.7684,0.4743,-0.2442,0.8458,0.5349,-0.2538,0.8059,-0.0917,-0.0028,0.3895,Dark,
18.5055,5.5010,7.0125,0.0000,0.0000,0.5955,-0.2422,0.7660,0.4746,-0.2425,0.8461,0.5371,-0.2525,0.8049,-0.0916,-0.0029,0.3895,Dark,
18.5165,5.5248,7.0257,0.0000,0.0000,0.6028,-0.2378,0.7616,0.4752,-0.2382,0.8470,0.5413,-0.2488,0.8032,-0.0916,-0.0029,0.3895,Dark,
18.5277,5.5443,7.0342,0.0000,0.0000,0.6062,-0.2367,0.7592,0.4754,-0.2371,0.8472,0.5433,-0.2480,0.8021,-0.0915,-0.0029,0.3896,Dark,
18.5387,5.5611,7.0329,0.0000,0.0000,0.6092,-0.2357,0.7572,0.4756,-0.2362,0.8474,0.5449,-0.2474,0.8012,-0.0915,-0.0029,0.3896,Dark,
18.5499,5.5751,7.0322,0.0000,0.0000,0.6122,-0.2349,0.7550,0.4759,-0.2353,0.8475,0.5467,-0.2468,0.8001,-0.0914,-0.0029,0.3896,Dark,
18.5616,5.5906,7.0338,0.0000,0.0000,0.6168,-0.2323,0.7520,0.4756,-0.2328,0.8483,0.5492,-0.2447,0.7991,-0.0914,-0.0029,0.3896,Dark,
18.5721,5.5952,7.0375,0.0000,0.0000,0.6187,-0.2310,0.7509,0.4755,-0.2313,0.8488,0.5502,-0.2435,0.7988,-0.0913,-0.0029,0.3896,Dark,
18.5833,5.6027,7.0390,0.0000,0.0000,0.6219,-0.2292,0.7488,0.4750,-0.2296,0.8495,0.5517,-0.2421,0.7981,-0.0913,-0.0028,0.3896,Dark,
18.5944,5.6026,7.0369,0.0000,0.0000,0.6229,-0.2287,0.7481,0.4743,-0.2289,0.8501,0.5519,-0.2417,0.7981,-0.0912,-0.0029,0.3896,Dark,
18.6056,5.6021,7.0520,0.0000,0.0000,0.6251,-0.2276,0.7466,0.4754,-0.2280,0.8497,0.5536,-0.2408,0.7972,-0.0911,-0.0029,0.3896,Dark,
18.6173,5.6087,7.0768,0.0000,0.0000,0.6273,-0.2262,0.7452,0.4752,-0.2265,0.8502,0.5548,-0.2395,0.7968,-0.0911,-0.0029,0.3896,Dark,
18.6277,5.6203,7.0868,0.0000,0.0000,0.6287,-0.2254,0.7443,0.4757,-0.2257,0.8502,0.5558,-0.2389,0.7963,-0.0910,-0.0029,0.3896,Dark,
18.6389,5.6300,7.0940,0.0000,0.0000,0.6297,-0.2250,0.7436,0.4758,-0.2253,0.8502,0.5564,-0.2385,0.7959,-0.0910,-0.0029,0.3896,Dark,
18.6501,5.6296,7.0947,0.0000,0.0000,0.6315,-0.2241,0.7423,0.4763,-0.2245,0.8501,0.5576,-0.2379,0.7953,-0.0909,-0.0029,0.3896,Dark,
18.6617,5.6274,7.0917,0.0000,0.0000,0.6322,-0.2242,0.7417,0.4764,-0.2247,0.8500,0.5580,-0.2381,0.7949,-0.0909,-0.0028,0.3896,Dark,
18.6724,5.6249,7.0898,0.0000,0.0000,0.6327,-0.2244,0.7411,0.4765,-0.2249,0.8499,0.5584,-0.2383,0.7946,-0.0909,-0.0029,0.3896,Dark,
18.6835,5.6599,7.0836,0.0000,0.0000,0.6297,-0.2273,0.7428,0.4719,-0.2277,0.8517,0.5546,-0.2413,0.7963,-0.0909,-0.0029,0.3896,Dark,
18.6953,5.6743,7.0801,0.0000,0.0000,0.6266,-0.2303,0.7445,0.4678,-0.2306,0.8532,0.5510,-0.2442,0.7980,-0.0909,-0.0029,0.3896,Dark,
18.7061,5.6852,7.0898,0.0000,0.0000,0.6255,-0.2312,0.7452,0.4660,-0.2315,0.8540,0.5495,-0.2452,0.7987,-0.0909,-0.0029,0.3896,Dark,
18.7171,5.6835,7.1079,0.0000,0.0000,0.6215,-0.2343,0.7476,0.4607,-0.2344,0.8560,0.5448,-0.2483,0.8010,-0.0909,-0.0029,0.3896,Dark,
18.7281,5.6758,7.1160,0.0000,0.0000,0.6199,-0.2358,0.7484,0.4586,-0.2359,0.8568,0.5430,-0.2498,0.8018,-0.0910,-0.0029,0.3896,Dark,
18.7393,5.6698,7.1408,0.0000,0.0000,0.6182,-0.2370,0.7495,0.4564,-0.2371,0.8576,0.5410,-0.2510,0.8027,-0.0910,-0.0029,0.3895,Dark,
18.7508,5.6746,7.1581,0.0000,0.0000,0.6151,-0.2391,0.7513,0.4527,-0.2391,0.8590,0.5376,-0.2531,0.8044,-0.0910,-0.0029,0.3895,Dark,
18.7619,5.6792,7.1553,0.0000,0.0000,0.6132,-0.2399,0.7526,0.4506,-0.2398,0.8599,0.5356,-0.2538,0.8054,-0.0911,-0.0028,0.3896,Dark,
18.7730,5.6830,7.1508,0.0000,0.0000,0.6115,-0.2404,0.7539,0.4486,-0.2402,0.8608,0.5337,-0.2543,0.8066,-0.0911,-0.0028,0.3896,Dark,
18.7838,5.7013,7.1405,0.0000,0.0000,0.6085,-0.2419,0.7558,0.4453,-0.2416,0.8622,0.5304,-0.2557,0.8082,-0.0912,-0.0027,0.3896,Dark,
18.7952,5.7067,7.1415,0.0000,0.0000,0.6065,-0.2427,0.7571,0.4431,-0.2423,0.8631,0.5284,-0.2565,0.8094,-0.0912,-0.0027,0.3897,Dark,
18.8071,5.7190,7.1311,0.0000,0.0000,0.6039,-0.2441,0.7588,0.4403,-0.2435,0.8642,0.5256,-0.2578,0.8107,-0.0913,-0.0026,0.3897,Dark,
18.8175,5.7245,7.1272,0.0000,0.0000,0.6019,-0.2450,0.7601,0.4381,-0.2443,0.8651,0.5235,-0.2586,0.8119,-0.0913,-0.0026,0.3897,Dark,
18.8284,5.7280,7.1498,0.0000,0.0000,0.6001,-0.2457,0.7613,0.4362,-0.2450,0.8658,0.5216,-0.2593,0.8128,-0.0914,-0.0026,0.3897,Dark,
18.8396,5.7352,7.1690,0.0000,0.0000,0.5984,-0.2462,0.7624,0.4344,-0.2454,0.8666,0.5198,-0.2597,0.8138,-0.0915,-0.0025,0.3897,Dark,
18.8507,5.7399,7.1923,0.0000,0.0000,0.5964,-0.2469,0.7638,0.4323,-0.2460,0.8675,0.5178,-0.2603,0.8150,-0.0916,-0.0025,0.3897,Dark,
18.8618,5.7406,7.1956,0.0000,0.0000,0.5951,-0.2471,0.7647,0.4310,-0.2461,0.8681,0.5165,-0.2605,0.8157,-0.0917,-0.0024,0.3897,Dark,
18.8732,5.7493,7.1758,0.0000,0.0000,0.5934,-0.2476,0.7658,0.4293,-0.2465,0.8689,0.5147,-0.2610,0.8167,-0.0917,-0.0023,0.3897,Dark,
18.8842,5.7532,7.1599,0.0000,0.0000,0.5922,-0.2480,0.7667,0.4279,-0.2469,0.8694,0.5134,-0.2613,0.8174,-0.0918,-0.0023,0.3897,Dark,
18.8952,5.7566,7.1550,0.0000,0.0000,0.5917,-0.2478,0.7671,0.4274,-0.2467,0.8698,0.5129,-0.2611,0.8178,-0.0919,-0.0022,0.3896,Dark,
18.9068,5.7740,7.1597,0.0000,0.0000,0.5903,-0.2480,0.7681,0.4259,-0.2469,0.8704,0.5114,-0.2613,0.8186,-0.0920,-0.0022,0.3896,Dark,
18.9176,5.7719,7.1674,0.0000,0.0000,0.5894,-0.2479,0.7689,0.4249,-0.2468,0.8710,0.5105,-0.2612,0.8193,-0.0920,-0.0021,0.3896,Dark,
18.9291,5.7696,7.1783,0.0000,0.0000,0.5883,-0.2478,0.7697,0.4237,-0.2467,0.8715,0.5094,-0.2611,0.8200,-0.0922,-0.0020,0.3896,Dark,
18.9398,5.7656,7.1800,0.0000,0.0000,0.5867,-0.2481,0.7709,0.4221,-0.2470,0.8723,0.5077,-0.2614,0.8209,-0.0923,-0.0019,0.3896,Dark,
18.9508,5.7680,7.1738,0.0000,0.0000,0.5857,-0.2480,0.7717,0.4210,-0.2469,0.8728,0.5067,-0.2613,0.8216,-0.0924,-0.0019,0.3896,Dark,
18.9619,5.7707,7.1651,0.0000,0.0000,0.5846,-0.2479,0.7725,0.4200,-0.2468,0.8733,0.5056,-0.2612,0.8223,-0.0926,-0.0018,0.3896,Dark,
18.9733,5.7833,7.1656,0.0000,0.0000,0.5832,-0.2482,0.7735,0.4186,-0.2470,0.8740,0.5041,-0.2614,0.8231,-0.0927,-0.0018,0.3896,Dark,
18.9845,5.7871,7.1731,0.0000,0.0000,0.5820,-0.2480,0.7745,0.4173,-0.2468,0.8746,0.5029,-0.2612,0.8239,-0.0929,-0.0017,0.3896,Dark,
18.9954,5.7897,7.1737,0.0000,0.0000,0.5807,-0.2480,0.7754,0.4160,-0.2468,0.8752,0.5016,-0.2612,0.8247,-0.0930,-0.0017,0.3896,Dark,
19.0068,5.7677,7.1702,0.0000,0.0000,0.5790,-0.2484,0.7766,0.4144,-0.2472,0.8759,0.5000,-0.2615,0.8256,-0.0932,-0.0016,0.3896,Dark,
19.0178,5.7681,7.1663,0.0000,0.0000,0.5777,-0.2483,0.7775,0.4131,-0.2471,0.8765,0.4987,-0.2614,0.8264,-0.0933,-0.0015,0.3896,Dark,
19.0289,5.7692,7.1651,0.0000,0.0000,0.5765,-0.2485,0.7784,0.4119,-0.2472,0.8771,0.4974,-0.2615,0.8272,-0.0935,-0.0015,0.3896,Dark,
19.0419,5.7715,7.1687,0.0000,0.0000,0.5750,-0.2487,0.7794,0.4106,-0.2474,0.8776,0.4961,-0.2618,0.8279,-0.0936,-0.0014,0.3897,Dark,
19.0510,5.7696,7.1720,0.0000,0.0000,0.5741,-0.2487,0.7801,0.4097,-0.2474,0.8780,0.4951,-0.2617,0.8285,-0.0938,-0.0014,0.3897,Dark,
19.0622,5.7670,7.1826,0.0000,0.0000,0.5734,-0.2486,0.7807,0.4091,-0.2474,0.8783,0.4944,-0.2616,0.8289,-0.0938,-0.0013,0.3897,Dark,
19.0736,5.7847,7.1905,0.0000,0.0000,0.5722,-0.2489,0.7814,0.4083,-0.2477,0.8786,0.4934,-0.2619,0.8294,-0.0939,-0.0012,0.3898,Dark,
19.0845,5.7879,7.1895,0.0000,0.0000,0.5713,-0.2490,0.7820,0.4075,-0.2479,0.8789,0.4926,-0.2621,0.8299,-0.0940,-0.0012,0.3898,Dark,
19.0957,5.7904,7.1906,0.0000,0.0000,0.5706,-0.2492,0.7825,0.4069,-0.2482,0.8791,0.4919,-0.2623,0.8302,-0.0942,-0.0011,0.3898,Dark,
19.1071,5.8170,7.2007,0.0000,0.0000,0.5695,-0.2494,0.7833,0.4061,-0.2484,0.8794,0.4909,-0.2624,0.8308,-0.0943,-0.0011,0.3899,Dark,
19.1179,5.8150,7.2094,0.0000,0.0000,0.5687,-0.2496,0.7838,0.4054,-0.2487,0.8797,0.4902,-0.2627,0.8311,-0.0944,-0.0011,0.3899,Dark,
19.1291,5.8130,7.2018,0.0000,0.0000,0.5679,-0.2498,0.7843,0.4047,-0.2489,0.8799,0.4894,-0.2628,0.8315,-0.0945,-0.0011,0.3899,Dark,
19.1402,5.7946,7.1858,0.0000,0.0000,0.5667,-0.2503,0.7850,0.4037,-0.2495,0.8802,0.4883,-0.2634,0.8320,-0.0946,-0.0011,0.3900,Dark,
19.1519,5.8042,7.1781,0.0000,0.0000,0.5658,-0.2506,0.7855,0.4029,-0.2498,0.8805,0.4874,-0.2636,0.8324,-0.0948,-0.0011,0.3900,Dark,
19.1624,5.8138,7.1776,0.0000,0.0000,0.5650,-0.2508,0.7861,0.4021,-0.2499,0.8808,0.4866,-0.2638,0.8328,-0.0949,-0.0011,0.3901,Dark,
19.1737,5.8120,7.1809,0.0000,0.0000,0.5639,-0.2509,0.7868,0.4011,-0.2501,0.8812,0.4856,-0.2639,0.8334,-0.0950,-0.0011,0.3901,Dark,
19.1847,5.8161,7.1824,0.0000,0.0000,0.5633,-0.2510,0.7872,0.4007,-0.2501,0.8814,0.4851,-0.2639,0.8337,-0.0951,-0.0011,0.3902,Dark,
19.1958,5.8180,7.1862,0.0000,0.0000,0.5627,-0.2509,0.7877,0.4001,-0.2500,0.8817,0.4845,-0.2638,0.8341,-0.0951,-0.0011,0.3902,Dark,
19.2070,5.7894,7.1724,0.0000,0.0000,0.5608,-0.2508,0.7891,0.3980,-0.2498,0.8827,0.4824,-0.2637,0.8353,-0.0952,-0.0011,0.3903,Dark,
19.2185,5.7706,7.1588,0.0000,0.0000,0.5516,-0.2510,0.7955,0.3882,-0.2496,0.8871,0.4728,-0.2636,0.8408,-0.0953,-0.0010,0.3903,Dark,
19.2296,5.7553,7.1366,0.0000,0.0000,0.5420,-0.2494,0.8025,0.3770,-0.2474,0.8926,0.4624,-0.2618,0.8472,-0.0954,-0.0010,0.3904,Dark,
19.2404,5.7393,7.1205,0.0000,0.0000,0.5309,-0.2473,0.8105,0.3644,-0.2447,0.8985,0.4504,-0.2594,0.8543,-0.0954,-0.0010,0.3904,Dark,
19.2516,5.7355,7.1246,0.0000,0.0000,0.5275,-0.2466,0.8130,0.3605,-0.2437,0.9004,0.4467,-0.2585,0.8565,-0.0955,-0.0010,0.3905,Dark,
19.2626,5.7333,7.1289,0.0000,0.0000,0.5254,-0.2447,0.8149,0.3578,-0.2416,0.9020,0.4443,-0.2566,0.8583,-0.0956,-0.0010,0.3905,Dark,
19.2739,5.7254,7.1229,0.0000,0.0000,0.5207,-0.2452,0.8177,0.3523,-0.2418,0.9041,0.4392,-0.2570,0.8608,-0.0957,-0.0010,0.3905,Dark,
19.2852,5.7259,7.1131,0.0000,0.0000,0.5199,-0.2454,0.8182,0.3512,-0.2420,0.9045,0.4382,-0.2572,0.8613,-0.0957,-0.0010,0.3906,Dark,
19.2960,5.7268,7.1046,0.0000,0.0000,0.5183,-0.2449,0.8194,0.3492,-0.2413,0.9054,0.4364,-0.2566,0.8624,-0.0958,-0.0010,0.3906,Dark,
19.3075,5.7235,7.1014,0.0000,0.0000,0.5183,-0.2449,0.8194,0.3486,-0.2413,0.9057,0.4361,-0.2566,0.8625,-0.0958,-0.0010,0.3907,Dark,
19.3183,5.7210,7.1053,0.0000,0.0000,0.5173,-0.2446,0.8201,0.3474,-0.2410,0.9062,0.4350,-0.2564,0.8632,-0.0958,-0.0010,0.3907,Dark,
19.3296,5.7187,7.1084,0.0000,0.0000,0.5171,-0.2445,0.8202,0.3469,-0.2409,0.9065,0.4347,-0.2563,0.8633,-0.0959,-0.0010,0.3907,Dark,
19.3406,5.7269,7.1225,0.0000,0.0000,0.5181,-0.2441,0.8197,0.3475,-0.2404,0.9063,0.4355,-0.2559,0.8630,-0.0959,-0.0010,0.3908,Dark,
19.3519,5.7346,7.1319,0.0000,0.0000,0.5182,-0.2436,0.8198,0.3474,-0.2400,0.9065,0.4356,-0.2554,0.8632,-0.0959,-0.0010,0.3908,Dark,
19.3629,5.7407,7.1268,0.0000,0.0000,0.5201,-0.2432,0.8188,0.3497,-0.2397,0.9057,0.4376,-0.2551,0.8622,-0.0959,-0.0010,0.3908,Dark,
19.3748,5.7398,7.1195,0.0000,0.0000,0.5210,-0.2425,0.8184,0.3509,-0.2391,0.9054,0.4387,-0.2544,0.8618,-0.0959,-0.0010,0.3908,Dark,
19.3856,5.7386,7.1168,0.0000,0.0000,0.5214,-0.2421,0.8182,0.3515,-0.2388,0.9052,0.4392,-0.2540,0.8617,-0.0959,-0.0010,0.3908,Dark,
19.3962,5.7374,7.1347,0.0000,0.0000,0.5221,-0.2412,0.8180,0.3525,-0.2379,0.9051,0.4401,-0.2532,0.8615,-0.0959,-0.0010,0.3908,Dark,
19.4074,5.7305,7.1508,0.0000,0.0000,0.5235,-0.2402,0.8175,0.3545,-0.2370,0.9045,0.4418,-0.2521,0.8610,-0.0959,-0.0010,0.3909,Dark,
19.4186,5.7234,7.1495,0.0000,0.0000,0.5240,-0.2398,0.8173,0.3554,-0.2367,0.9042,0.4425,-0.2518,0.8607,-0.0960,-0.0010,0.3909,Dark,
19.4297,5.7176,7.1644,0.0000,0.0000,0.5246,-0.2391,0.8171,0.3564,-0.2360,0.9040,0.4433,-0.2510,0.8605,-0.0960,-0.0010,0.3909,Dark,
19.4408,5.7266,7.1853,0.0000,0.0000,0.5256,-0.2371,0.8171,0.3582,-0.2341,0.9038,0.4447,-0.2490,0.8604,-0.0960,-0.0011,0.3909,Dark,
19.4520,5.7353,7.1943,0.0000,0.0000,0.5257,-0.2367,0.8170,0.3586,-0.2337,0.9037,0.4450,-0.2486,0.8603,-0.0960,-0.0011,0.3909,Dark,
19.4630,5.7427,7.2035,0.0000,0.0000,0.5259,-0.2359,0.8172,0.3590,-0.2329,0.9038,0.4453,-0.2478,0.8604,-0.0961,-0.0010,0.3909,Dark,
19.4742,5.7488,7.2034,0.0000,0.0000,0.5265,-0.2341,0.8173,0.3601,-0.2312,0.9038,0.4461,-0.2460,0.8605,-0.0961,-0.0010,0.3910,Dark,
19.4858,5.7458,7.1982,0.0000,0.0000,0.5266,-0.2331,0.8175,0.3604,-0.2301,0.9040,0.4463,-0.2449,0.8607,-0.0962,-0.0009,0.3910,Dark,
19.4965,5.7430,7.1950,0.0000,0.0000,0.5261,-0.2326,0.8180,0.3600,-0.2296,0.9043,0.4459,-0.2444,0.8611,-0.0962,-0.0008,0.3911,Dark,
19.5076,5.7406,7.2124,0.0000,0.0000,0.5268,-0.2309,0.8180,0.3610,-0.2279,0.9043,0.4467,-0.2426,0.8611,-0.0963,-0.0008,0.3911,Dark,
19.5191,5.7425,7.2297,0.0000,0.0000,0.5270,-0.2298,0.8182,0.3613,-0.2268,0.9044,0.4470,-0.2416,0.8613,-0.0963,-0.0007,0.3912,Dark,
19.5300,5.7444,7.2306,0.0000,0.0000,0.5271,-0.2289,0.8184,0.3614,-0.2260,0.9046,0.4471,-0.2407,0.8615,-0.0964,-0.0007,0.3912,Dark,
19.5413,5.7604,7.2297,0.0000,0.0000,0.5283,-0.2271,0.8181,0.3630,-0.2242,0.9044,0.4485,-0.2389,0.8613,-0.0965,-0.0007,0.3912,Dark,
19.5525,5.7528,7.2278,0.0000,0.0000,0.5287,-0.2262,0.8181,0.3635,-0.2233,0.9044,0.4490,-0.2380,0.8613,-0.0966,-0.0007,0.3912,Dark,
19.5634,5.7459,7.2244,0.0000,0.0000,0.5277,-0.2260,0.8188,0.3626,-0.2230,0.9049,0.4480,-0.2377,0.8618,-0.0967,-0.0006,0.3913,Dark,
19.5747,5.7491,7.2230,0.0000,0.0000,0.5300,-0.2233,0.8180,0.3653,-0.2205,0.9044,0.4506,-0.2351,0.8612,-0.0968,-0.0006,0.3913,Dark,
19.5859,5.7502,7.2183,0.0000,0.0000,0.5290,-0.2233,0.8187,0.3643,-0.2204,0.9048,0.4495,-0.2351,0.8618,-0.0970,-0.0006,0.3913,Dark,
19.5969,5.7574,7.2316,0.0000,0.0000,0.5297,-0.2216,0.8187,0.3652,-0.2188,0.9048,0.4504,-0.2334,0.8618,-0.0971,-0.0006,0.3913,Dark,
19.6081,5.7546,7.2463,0.0000,0.0000,0.5296,-0.2209,0.8190,0.3651,-0.2181,0.9051,0.4503,-0.2327,0.8621,-0.0972,-0.0005,0.3914,Dark,
19.6193,5.7512,7.2568,0.0000,0.0000,0.5292,-0.2201,0.8195,0.3648,-0.2173,0.9054,0.4500,-0.2319,0.8624,-0.0974,-0.0005,0.3914,Dark,
19.6303,5.7535,7.2683,0.0000,0.0000,0.5296,-0.2187,0.8196,0.3654,-0.2160,0.9054,0.4505,-0.2305,0.8625,-0.0975,-0.0005,0.3914,Dark,
19.6416,5.7721,7.2681,0.0000,0.0000,0.5296,-0.2175,0.8199,0.3656,-0.2148,0.9056,0.4506,-0.2293,0.8628,-0.0976,-0.0005,0.3915,Dark,
19.6525,5.7879,7.2680,0.0000,0.0000,0.5294,-0.2166,0.8203,0.3655,-0.2140,0.9059,0.4504,-0.2284,0.8631,-0.0978,-0.0004,0.3915,Dark,
19.6643,5.7843,7.2674,0.0000,0.0000,0.5291,-0.2160,0.8206,0.3655,-0.2135,0.9060,0.4503,-0.2279,0.8633,-0.0979,-0.0003,0.3915,Dark,
19.6748,5.7878,7.2668,0.0000,0.0000,0.5289,-0.2151,0.8210,0.3654,-0.2126,0.9063,0.4501,-0.2269,0.8636,-0.0980,-0.0003,0.3916,Dark,
19.6860,5.7896,7.2665,0.0000,0.0000,0.5284,-0.2145,0.8214,0.3650,-0.2120,0.9065,0.4497,-0.2263,0.8640,-0.0981,-0.0003,0.3916,Dark,
19.6973,5.7936,7.2706,0.0000,0.0000,0.5276,-0.2138,0.8221,0.3644,-0.2113,0.9069,0.4490,-0.2256,0.8646,-0.0982,-0.0002,0.3916,Dark,
19.7081,5.8028,7.2746,0.0000,0.0000,0.5270,-0.2133,0.8227,0.3639,-0.2108,0.9073,0.4484,-0.2251,0.8650,-0.0983,-0.0002,0.3916,Dark,
19.7197,5.8096,7.2809,0.0000,0.0000,0.5262,-0.2130,0.8232,0.3632,-0.2105,0.9076,0.4477,-0.2248,0.8655,-0.0984,-0.0001,0.3917,Dark,
19.7305,5.8115,7.2856,0.0000,0.0000,0.5252,-0.2127,0.8240,0.3623,-0.2101,0.9081,0.4467,-0.2244,0.8661,-0.0985,-0.0001,0.3917,Dark,
19.7419,5.8204,7.2846,0.0000,0.0000,0.5246,-0.2121,0.8245,0.3616,-0.2096,0.9085,0.4461,-0.2239,0.8666,-0.0986,0.0000,0.3917,Dark,
19.7530,5.8274,7.2900,0.0000,0.0000,0.5240,-0.2116,0.8250,0.3611,-0.2090,0.9088,0.4455,-0.2233,0.8670,-0.0987,0.0000,0.3918,Dark,
19.7640,5.8319,7.2871,0.0000,0.0000,0.5233,-0.2113,0.8255,0.3604,-0.2086,0.9092,0.4448,-0.2230,0.8674,-0.0987,0.0001,0.3918,Dark,
19.7750,5.8227,7.2811,0.0000,0.0000,0.5227,-0.2112,0.8260,0.3597,-0.2085,0.9095,0.4441,-0.2228,0.8678,-0.0988,0.0001,0.3918,Dark,
19.7865,5.8141,7.2772,0.0000,0.0000,0.5221,-0.2109,0.8264,0.3592,-0.2082,0.9098,0.4436,-0.2226,0.8682,-0.0988,0.0001,0.3919,Dark,
19.7975,5.8115,7.2703,0.0000,0.0000,0.5212,-0.2109,0.8269,0.3584,-0.2082,0.9101,0.4427,-0.2225,0.8686,-0.0989,0.0002,0.3919,Dark,
19.8085,5.8224,7.2684,0.0000,0.0000,0.5206,-0.2110,0.8273,0.3577,-0.2083,0.9103,0.4421,-0.2226,0.8689,-0.0989,0.0002,0.3919,Dark,
19.8197,5.8323,7.2692,0.0000,0.0000,0.5201,-0.2109,0.8277,0.3573,-0.2082,0.9105,0.4416,-0.2225,0.8692,-0.0990,0.0002,0.3919,Dark,
19.8309,5.8297,7.2611,0.0000,0.0000,0.5193,-0.2112,0.8281,0.3567,-0.2084,0.9107,0.4409,-0.2228,0.8695,-0.0990,0.0002,0.3919,Dark,
19.8421,5.8329,7.2539,0.0000,0.0000,0.5190,-0.2112,0.8283,0.3565,-0.2084,0.9107,0.4407,-0.2227,0.8696,-0.0991,0.0002,0.3919,Dark,
19.8532,5.8349,7.2666,0.0000,0.0000,0.5185,-0.2111,0.8286,0.3562,-0.2083,0.9109,0.4403,-0.2226,0.8698,-0.0991,0.0002,0.3920,Dark,
19.8653,5.8449,7.2725,0.0000,0.0000,0.5179,-0.2109,0.8291,0.3558,-0.2081,0.9111,0.4398,-0.2223,0.8702,-0.0992,0.0002,0.3920,Dark,
19.8753,5.8461,7.2681,0.0000,0.0000,0.5175,-0.2108,0.8293,0.3556,-0.2080,0.9112,0.4395,-0.2222,0.8703,-0.0992,0.0002,0.3920,Dark,
19.8863,5.8463,7.2665,0.0000,0.0000,0.5172,-0.2106,0.8296,0.3555,-0.2078,0.9113,0.4392,-0.2220,0.8705,-0.0992,0.0002,0.3921,Dark,
19.8979,5.8520,7.2602,0.0000,0.0000,0.5168,-0.2104,0.8299,0.3553,-0.2076,0.9114,0.4389,-0.2219,0.8707,-0.0993,0.0003,0.3920,Dark,
19.9089,5.8492,7.2618,0.0000,0.0000,0.5166,-0.2101,0.8300,0.3553,-0.2073,0.9115,0.4388,-0.2215,0.8708,-0.0993,0.0003,0.3921,Dark,
19.9198,5.8469,7.2643,0.0000,0.0000,0.5164,-0.2098,0.8303,0.3553,-0.2070,0.9116,0.4387,-0.2212,0.8710,-0.0993,0.0003,0.3921,Dark,
19.9310,5.8374,7.2628,0.0000,0.0000,0.5160,-0.2093,0.8306,0.3553,-0.2065,0.9117,0.4385,-0.2207,0.8712,-0.0993,0.0003,0.3921,Dark,
19.9421,5.8386,7.2598,0.0000,0.0000,0.5158,-0.2090,0.8308,0.3552,-0.2062,0.9118,0.4384,-0.2203,0.8714,-0.0993,0.0003,0.3921,Dark,
19.9534,5.8427,7.2665,0.0000,0.0000,0.5155,-0.2083,0.8312,0.3552,-0.2055,0.9119,0.4382,-0.2196,0.8716,-0.0993,0.0004,0.3921,Dark,
19.9645,5.8449,7.2742,0.0000,0.0000,0.5153,-0.2078,0.8314,0.3552,-0.2051,0.9120,0.4381,-0.2191,0.8718,-0.0993,0.0004,0.3921,Dark,
19.9756,5.8457,7.2807,0.0000,0.0000,0.5151,-0.2074,0.8317,0.3550,-0.2047,0.9122,0.4379,-0.2187,0.8720,-0.0994,0.0004,0.3922,Dark,
19.9868,5.8433,7.2795,0.0000,0.0000,0.5147,-0.2069,0.8321,0.3548,-0.2041,0.9124,0.4375,-0.2181,0.8723,-0.0994,0.0005,0.3922,Dark,
19.9994,5.8413,7.2741,0.0000,0.0000,0.5143,-0.2066,0.8324,0.3545,-0.2038,0.9126,0.4372,-0.2179,0.8726,-0.0994,0.0005,0.3922,Dark,
20.0093,5.8358,7.2693,0.0000,0.0000,0.5140,-0.2062,0.8327,0.3543,-0.2034,0.9127,0.4369,-0.2175,0.8728,-0.0995,0.0005,0.3922,Dark,
20.0199,5.8459,7.2684,0.0000,0.0000,0.5133,-0.2057,0.8332,0.3537,-0.2030,0.9131,0.4363,-0.2170,0.8732,-0.0995,0.0005,0.3922,Dark,
20.0312,5.8584,7.2808,0.0000,0.0000,0.5129,-0.2053,0.8336,0.3533,-0.2025,0.9133,0.4359,-0.2165,0.8736,-0.0996,0.0005,0.3922,Dark,
20.0423,5.8569,7.2914,0.0000,0.0000,0.5125,-0.2049,0.8339,0.3529,-0.2021,0.9136,0.4355,-0.2161,0.8739,-0.0996,0.0005,0.3922,Dark,
20.0537,5.8501,7.3312,0.0000,0.0000,0.5118,-0.2044,0.8345,0.3521,-0.2016,0.9140,0.4347,-0.2156,0.8744,-0.0997,0.0005,0.3923,Dark,
20.0655,5.8445,7.3440,0.0000,0.0000,0.5116,-0.2043,0.8346,0.3520,-0.2015,0.9140,0.4346,-0.2155,0.8744,-0.0997,0.0006,0.3922,Dark,
20.0758,5.8526,7.3423,0.0000,0.0000,0.5107,-0.2040,0.8352,0.3510,-0.2012,0.9145,0.4337,-0.2152,0.8750,-0.0998,0.0006,0.3922,Dark,
20.0868,5.8589,7.3349,0.0000,0.0000,0.5098,-0.2036,0.8358,0.3499,-0.2009,0.9150,0.4327,-0.2149,0.8756,-0.0998,0.0006,0.3922,Dark,
20.0981,5.8568,7.3309,0.0000,0.0000,0.5097,-0.2033,0.8360,0.3498,-0.2006,0.9151,0.4326,-0.2145,0.8757,-0.0999,0.0006,0.3922,Dark,
20.1095,5.8646,7.3370,0.0000,0.0000,0.5084,-0.2026,0.8369,0.3482,-0.2000,0.9158,0.4312,-0.2139,0.8765,-0.1000,0.0007,0.3922,Dark,
20.1204,5.8586,7.3360,0.0000,0.0000,0.5073,-0.2025,0.8376,0.3469,-0.1999,0.9163,0.4299,-0.2139,0.8772,-0.1001,0.0007,0.3922,Dark,
20.1315,5.8544,7.3348,0.0000,0.0000,0.5067,-0.2016,0.8382,0.3462,-0.1989,0.9168,0.4293,-0.2129,0.8777,-0.1002,0.0008,0.3922,Dark,
20.1427,5.8494,7.3214,0.0000,0.0000,0.5052,-0.2012,0.8392,0.3446,-0.1986,0.9175,0.4277,-0.2125,0.8786,-0.1003,0.0009,0.3922,Dark,
20.1539,5.8469,7.3074,0.0000,0.0000,0.5041,-0.2005,0.8401,0.3433,-0.1979,0.9181,0.4265,-0.2119,0.8793,-0.1005,0.0010,0.3922,Dark,
20.1653,5.8421,7.2965,0.0000,0.0000,0.5029,-0.1997,0.8410,0.3420,-0.1971,0.9188,0.4253,-0.2110,0.8801,-0.1006,0.0012,0.3922,Dark,
20.1762,5.8357,7.2972,0.0000,0.0000,0.5016,-0.1990,0.8419,0.3408,-0.1964,0.9194,0.4240,-0.2103,0.8809,-0.1008,0.0014,0.3923,Dark,
20.1873,5.8323,7.3024,0.0000,0.0000,0.5004,-0.1977,0.8429,0.3394,-0.1951,0.9202,0.4227,-0.2091,0.8818,-0.1009,0.0015,0.3923,Dark,
20.1984,5.8379,7.3073,0.0000,0.0000,0.4990,-0.1962,0.8441,0.3379,-0.1936,0.9210,0.4213,-0.2075,0.8829,-0.1011,0.0018,0.3923,Dark,
20.2098,5.8431,7.3036,0.0000,0.0000,0.4972,-0.1943,0.8456,0.3361,-0.1916,0.9221,0.4195,-0.2056,0.8842,-0.1013,0.0020,0.3923,Dark,
20.2206,5.8431,7.3091,0.0000,0.0000,0.4955,-0.1923,0.8471,0.3343,-0.1897,0.9232,0.4177,-0.2036,0.8855,-0.1016,0.0023,0.3924,Dark,
20.2318,5.8481,7.3138,0.0000,0.0000,0.4931,-0.1900,0.8490,0.3317,-0.1874,0.9246,0.4152,-0.2012,0.8872,-0.1019,0.0026,0.3924,Dark,
20.2433,5.8649,7.3245,0.0000,0.0000,0.4880,-0.1872,0.8525,0.3267,-0.1845,0.9270,0.4102,-0.1984,0.8902,-0.1023,0.0029,0.3925,Dark,
20.2543,5.8762,7.3096,0.0000,0.0000,0.4721,-0.1772,0.8635,0.3083,-0.1737,0.9353,0.3929,-0.1881,0.9001,-0.1028,0.0033,0.3926,Dark,
20.2653,5.8690,7.2451,0.0000,0.0000,0.3920,-0.1476,0.9080,0.2255,-0.1416,0.9639,0.3107,-0.1569,0.9375,-0.1033,0.0037,0.3927,Dark,
20.2763,5.8435,7.2033,0.0000,0.0000,0.3642,-0.1368,0.9212,0.1990,-0.1302,0.9713,0.2833,-0.1456,0.9479,-0.1038,0.0040,0.3927,Dark,
20.2875,5.8216,7.1722,0.0000,0.0000,0.3544,-0.1304,0.9260,0.1871,-0.1235,0.9746,0.2723,-0.1391,0.9521,-0.1043,0.0044,0.3928,Dark,
20.2986,5.7926,7.1505,0.0000,0.0000,0.3451,-0.1247,0.9303,0.1769,-0.1176,0.9772,0.2625,-0.1333,0.9557,-0.1049,0.0047,0.3928,Dark,
20.3100,5.7744,7.1546,0.0000,0.0000,0.3371,-0.1179,0.9340,0.1664,-0.1106,0.9798,0.2533,-0.1266,0.9591,-0.1054,0.0051,0.3928,Dark,
20.3209,5.7802,7.1615,0.0000,0.0000,0.3441,-0.1179,0.9315,0.1722,-0.1108,0.9788,0.2598,-0.1268,0.9573,-0.1060,0.0054,0.3928,Dark,
20.3319,5.7875,7.1828,0.0000,0.0000,0.3369,-0.1141,0.9346,0.1621,-0.1068,0.9810,0.2511,-0.1231,0.9601,-0.1066,0.0057,0.3928,Dark,
20.3431,5.7867,7.1952,0.0000,0.0000,0.3330,-0.1108,0.9364,0.1565,-0.1033,0.9822,0.2464,-0.1198,0.9617,-0.1071,0.0061,0.3928,Dark,
20.3541,5.7843,7.1999,0.0000,0.0000,0.3352,-0.1095,0.9358,0.1574,-0.1020,0.9823,0.2480,-0.1186,0.9615,-0.1076,0.0064,0.3928,Dark,
20.3659,5.8021,7.2207,0.0000,0.0000,0.3390,-0.1085,0.9345,0.1587,-0.1009,0.9821,0.2507,-0.1177,0.9609,-0.1082,0.0067,0.3927,Dark,
20.3775,5.8101,7.2341,0.0000,0.0000,0.3348,-0.1053,0.9364,0.1532,-0.0976,0.9834,0.2458,-0.1145,0.9625,-0.1087,0.0070,0.3927,Dark,
20.3876,5.8165,7.2562,0.0000,0.0000,0.3340,-0.1030,0.9369,0.1517,-0.0953,0.9838,0.2447,-0.1123,0.9631,-0.1091,0.0074,0.3926,Dark,
20.3987,5.8261,7.2710,0.0000,0.0000,0.3353,-0.1013,0.9366,0.1519,-0.0936,0.9840,0.2455,-0.1106,0.9631,-0.1096,0.0077,0.3925,Dark,
20.4102,5.8355,7.2659,0.0000,0.0000,0.3347,-0.0988,0.9371,0.1505,-0.0911,0.9844,0.2445,-0.1082,0.9636,-0.1100,0.0081,0.3924,Dark,
20.4212,5.8433,7.2588,0.0000,0.0000,0.3343,-0.0963,0.9375,0.1499,-0.0887,0.9847,0.2441,-0.1057,0.9640,-0.1104,0.0085,0.3923,Dark,
20.4323,5.8499,7.2524,0.0000,0.0000,0.3354,-0.0937,0.9374,0.1504,-0.0860,0.9849,0.2449,-0.1031,0.9640,-0.1108,0.0089,0.3922,Dark,
20.4434,5.8635,7.2542,0.0000,0.0000,0.3347,-0.0909,0.9379,0.1494,-0.0833,0.9853,0.2441,-0.1004,0.9645,-0.1112,0.0093,0.3921,Dark,
20.4544,5.8740,7.2658,0.0000,0.0000,0.3339,-0.0879,0.9385,0.1484,-0.0803,0.9857,0.2432,-0.0974,0.9651,-0.1115,0.0097,0.3920,Dark,
20.4659,5.8836,7.2801,0.0000,0.0000,0.3350,-0.0847,0.9384,0.1490,-0.0771,0.9858,0.2441,-0.0942,0.9652,-0.1118,0.0102,0.3919,Dark,
20.4769,5.8839,7.2831,0.0000,0.0000,0.3343,-0.0817,0.9389,0.1480,-0.0741,0.9862,0.2433,-0.0913,0.9656,-0.1121,0.0106,0.3918,Dark,
20.4879,5.8823,7.2858,0.0000,0.0000,0.3341,-0.0788,0.9392,0.1477,-0.0713,0.9865,0.2431,-0.0884,0.9660,-0.1124,0.0110,0.3916,Dark,
20.4990,5.8822,7.2862,0.0000,0.0000,0.3345,-0.0763,0.9393,0.1482,-0.0687,0.9866,0.2435,-0.0858,0.9661,-0.1127,0.0114,0.3915,Dark,
20.5103,5.8556,7.2973,0.0000,0.0000,0.3363,-0.0721,0.9390,0.1499,-0.0645,0.9866,0.2453,-0.0816,0.9660,-0.1129,0.0118,0.3914,Dark,
20.5215,5.8163,7.3019,0.0000,0.0000,0.3501,-0.0661,0.9344,0.1636,-0.0587,0.9848,0.2593,-0.0758,0.9628,-0.1132,0.0121,0.3912,Dark,
20.5324,5.8036,7.2971,0.0000,0.0000,0.3518,-0.0631,0.9340,0.1650,-0.0557,0.9847,0.2609,-0.0728,0.9626,-0.1134,0.0125,0.3910,Dark,
20.5436,5.7950,7.2869,0.0000,0.0000,0.3754,-0.0526,0.9254,0.1969,-0.0458,0.9794,0.2889,-0.0621,0.9553,-0.1136,0.0128,0.3908,Dark,
20.5548,5.8234,7.2920,0.0000,0.0000,0.4305,-0.0283,0.9022,0.2628,-0.0219,0.9646,0.3500,-0.0374,0.9360,-0.1138,0.0131,0.3906,Dark,
20.5659,5.8454,7.3054,0.0000,0.0000,0.4425,-0.0211,0.8965,0.2771,-0.0147,0.9607,0.3634,-0.0300,0.9312,-0.1139,0.0134,0.3905,Dark,
20.5770,5.8626,7.3123,0.0000,0.0000,0.4527,-0.0132,0.8916,0.2905,-0.0068,0.9569,0.3752,-0.0220,0.9267,-0.1140,0.0137,0.3903,Dark,
20.5884,5.8720,7.3298,0.0000,0.0000,0.4610,-0.0063,0.8874,0.3026,0.0001,0.9531,0.3854,-0.0148,0.9226,-0.1142,0.0139,0.3901,Dark,
20.5993,5.8763,7.3381,0.0000,0.0000,0.4709,-0.0004,0.8822,0.3148,0.0060,0.9491,0.3967,-0.0088,0.9179,-0.1143,0.0142,0.3899,Dark,
20.6104,5.8791,7.3316,0.0000,0.0000,0.4719,0.0021,0.8817,0.3172,0.0084,0.9483,0.3983,-0.0063,0.9172,-0.1144,0.0144,0.3898,Dark,
20.6217,5.8771,7.3396,0.0000,0.0000,0.4640,0.0010,0.8859,0.3104,0.0073,0.9506,0.3908,-0.0072,0.9205,-0.1144,0.0146,0.3896,Dark,
20.6326,5.8749,7.3502,0.0000,0.0000,0.4652,0.0031,0.8852,0.3127,0.0094,0.9498,0.3926,-0.0050,0.9197,-0.1145,0.0148,0.3894,Dark,
20.6438,5.8726,7.3612,0.0000,0.0000,0.4641,0.0041,0.8858,0.3125,0.0103,0.9499,0.3918,-0.0040,0.9200,-0.1146,0.0150,0.3892,Dark,
20.6550,5.8861,7.3731,0.0000,0.0000,0.4607,0.0037,0.8875,0.3103,0.0098,0.9506,0.3890,-0.0044,0.9212,-0.1146,0.0152,0.3890,Dark,
20.6661,5.8854,7.3731,0.0000,0.0000,0.4610,0.0048,0.8874,0.3113,0.0109,0.9503,0.3896,-0.0032,0.9210,-0.1146,0.0153,0.3889,Dark,
20.6774,5.8845,7.3600,0.0000,0.0000,0.4592,0.0048,0.8883,0.3100,0.0107,0.9507,0.3880,-0.0032,0.9217,-0.1146,0.0155,0.3888,Dark,
20.6885,5.8912,7.3343,0.0000,0.0000,0.4588,0.0052,0.8885,0.3105,0.0110,0.9505,0.3880,-0.0028,0.9217,-0.1147,0.0156,0.3886,Dark,
20.6998,5.8924,7.3232,0.0000,0.0000,0.4589,0.0059,0.8885,0.3110,0.0117,0.9503,0.3883,-0.0021,0.9215,-0.1147,0.0157,0.3885,Dark,
20.7106,5.8938,7.3360,0.0000,0.0000,0.4588,0.0064,0.8885,0.3114,0.0122,0.9502,0.3885,-0.0015,0.9215,-0.1147,0.0158,0.3884,Dark,
20.7221,5.8875,7.3562,0.0000,0.0000,0.4586,0.0069,0.8886,0.3120,0.0127,0.9500,0.3886,-0.0010,0.9214,-0.1148,0.0159,0.3883,Dark,
20.7330,5.9030,7.3624,0.0000,0.0000,0.4587,0.0076,0.8886,0.3125,0.0133,0.9498,0.3889,-0.0003,0.9213,-0.1148,0.0160,0.3882,Dark,
20.7440,5.9161,7.3609,0.0000,0.0000,0.4587,0.0080,0.8885,0.3129,0.0137,0.9497,0.3891,0.0001,0.9212,-0.1148,0.0161,0.3881,Dark,
20.7552,5.9259,7.3446,0.0000,0.0000,0.4591,0.0084,0.8883,0.3142,0.0141,0.9493,0.3899,0.0006,0.9208,-0.1149,0.0162,0.3880,Dark,
20.7663,5.9510,7.3346,0.0000,0.0000,0.4601,0.0083,0.8878,0.3155,0.0141,0.9488,0.3911,0.0005,0.9204,-0.1149,0.0163,0.3879,Dark,
20.7776,5.9702,7.3717,0.0000,0.0000,0.4731,0.0176,0.8808,0.3351,0.0234,0.9419,0.4074,0.0102,0.9132,-0.1150,0.0163,0.3878,Dark,
20.7889,5.9657,7.4513,0.0000,0.0000,0.5270,0.0260,0.8495,0.4116,0.0315,0.9108,0.4723,0.0198,0.8812,-0.1150,0.0164,0.3878,Dark,
20.7999,5.9319,7.4894,0.0000,0.0000,0.5579,0.0277,0.8294,0.4467,0.0333,0.8941,0.5055,0.0216,0.8626,-0.1150,0.0165,0.3877,Dark,
20.8108,5.9022,7.5613,0.0000,0.0000,0.5828,0.0340,0.8119,0.5037,0.0385,0.8630,0.5453,0.0297,0.8377,-0.1151,0.0165,0.3877,Dark,
20.8220,5.8834,7.6474,0.0000,0.0000,0.6292,0.0460,0.7759,0.5792,0.0495,0.8137,0.6055,0.0432,0.7947,-0.1151,0.0166,0.3876,Dark,
20.8336,5.8772,7.6696,0.0000,0.0000,0.6334,0.0483,0.7724,0.5896,0.0514,0.8060,0.6125,0.0458,0.7891,-0.1151,0.0167,0.3876,Dark,
20.8442,5.8917,7.6956,0.0000,0.0000,0.6413,0.0527,0.7655,0.6055,0.0555,0.7939,0.6242,0.0508,0.7796,-0.1152,0.0167,0.3876,Dark,
20.8555,5.9047,7.6971,0.0000,0.0000,0.6337,0.0529,0.7717,0.5998,0.0554,0.7982,0.6175,0.0510,0.7849,-0.1152,0.0168,0.3875,Dark,
20.8665,5.9013,7.6986,0.0000,0.0000,0.6246,0.0521,0.7792,0.5920,0.0545,0.8041,0.6090,0.0503,0.7916,-0.1152,0.0169,0.3876,Dark,
20.8777,5.9040,7.7157,0.0000,0.0000,0.6336,0.0551,0.7717,0.6044,0.0573,0.7946,0.6196,0.0535,0.7831,-0.1152,0.0169,0.3876,Dark,
20.8889,5.9078,7.7053,0.0000,0.0000,0.6290,0.0546,0.7755,0.6006,0.0567,0.7976,0.6153,0.0531,0.7865,-0.1152,0.0170,0.3876,Dark,
20.8999,5.9032,7.6961,0.0000,0.0000,0.6228,0.0538,0.7805,0.5950,0.0559,0.8018,0.6094,0.0523,0.7911,-0.1152,0.0170,0.3875,Dark,
20.9111,5.9083,7.7090,0.0000,0.0000,0.6279,0.0553,0.7763,0.6018,0.0573,0.7966,0.6154,0.0539,0.7864,-0.1151,0.0171,0.3875,Dark,
20.9222,5.9143,7.7016,0.0000,0.0000,0.6250,0.0545,0.7787,0.5992,0.0565,0.7986,0.6126,0.0531,0.7886,-0.1151,0.0171,0.3875,Dark,
20.9337,5.9157,7.6964,0.0000,0.0000,0.6223,0.0539,0.7809,0.5969,0.0558,0.8004,0.6101,0.0525,0.7906,-0.1151,0.0171,0.3875,Dark,
20.9449,5.9197,7.7068,0.0000,0.0000,0.6230,0.0544,0.7804,0.5984,0.0563,0.7992,0.6111,0.0531,0.7898,-0.1151,0.0171,0.3874,Dark,
20.9559,5.9211,7.7024,0.0000,0.0000,0.6221,0.0545,0.7810,0.5978,0.0563,0.7997,0.6104,0.0532,0.7903,-0.1151,0.0171,0.3874,Dark,
20.9670,5.9211,7.6996,0.0000,0.0000,0.6235,0.0547,0.7799,0.5995,0.0565,0.7984,0.6119,0.0534,0.7891,-0.1150,0.0171,0.3874,Dark,
20.9781,5.9320,7.6848,0.0000,0.0000,0.6218,0.0552,0.7812,0.5982,0.0570,0.7993,0.6104,0.0539,0.7902,-0.1150,0.0171,0.3873,Dark,
20.9894,5.9373,7.6815,0.0000,0.0000,0.6222,0.0552,0.7809,0.5988,0.0570,0.7989,0.6109,0.0540,0.7898,-0.1150,0.0171,0.3872,Dark,
21.0003,5.9411,7.6799,0.0000,0.0000,0.6218,0.0542,0.7813,0.5986,0.0560,0.7991,0.6106,0.0530,0.7901,-0.1149,0.0170,0.3871,Dark,
21.0114,5.9448,7.6763,0.0000,0.0000,0.6231,0.0540,0.7803,0.6001,0.0558,0.7980,0.6120,0.0528,0.7891,-0.1149,0.0170,0.3870,Dark,
21.0226,5.9455,7.6739,0.0000,0.0000,0.6231,0.0536,0.7803,0.6002,0.0553,0.7979,0.6121,0.0524,0.7891,-0.1148,0.0169,0.3869,Dark,
21.0343,5.9342,7.6704,0.0000,0.0000,0.6237,0.0535,0.7799,0.6010,0.0552,0.7973,0.6128,0.0523,0.7885,-0.1147,0.0169,0.3869,Dark,
21.0449,5.9247,7.6719,0.0000,0.0000,0.6243,0.0533,0.7793,0.6018,0.0550,0.7968,0.6135,0.0521,0.7880,-0.1146,0.0170,0.3868,Dark,
21.0561,5.9097,7.6735,0.0000,0.0000,0.6249,0.0536,0.7789,0.6024,0.0553,0.7963,0.6141,0.0524,0.7875,-0.1145,0.0170,0.3867,Dark,
21.0674,5.8943,7.6613,0.0000,0.0000,0.6254,0.0534,0.7785,0.6031,0.0551,0.7958,0.6146,0.0522,0.7871,-0.1144,0.0171,0.3866,Dark,
21.0783,5.8931,7.6786,0.0000,0.0000,0.6262,0.0535,0.7778,0.6040,0.0552,0.7951,0.6155,0.0523,0.7864,-0.1143,0.0171,0.3866,Dark,
21.0897,5.8978,7.6931,0.0000,0.0000,0.6271,0.0537,0.7771,0.6049,0.0553,0.7944,0.6164,0.0524,0.7857,-0.1142,0.0171,0.3865,Dark,
21.1009,5.9333,7.7208,0.0000,0.0000,0.6237,0.0456,0.7803,0.6014,0.0472,0.7975,0.6130,0.0444,0.7889,-0.1140,0.0172,0.3865,Dark,
21.1117,5.9585,7.6744,0.0000,0.0000,0.6141,0.0365,0.7884,0.5913,0.0380,0.8056,0.6031,0.0352,0.7969,-0.1138,0.0172,0.3864,Dark,
21.1231,5.9735,7.6332,0.0000,0.0000,0.5966,0.0227,0.8022,0.5731,0.0240,0.8192,0.5852,0.0213,0.8106,-0.1136,0.0172,0.3864,Dark,
21.1341,5.9890,7.5242,0.0000,0.0000,0.5370,-0.0075,0.8436,0.5067,-0.0063,0.8621,0.5223,-0.0094,0.8527,-0.1135,0.0172,0.3864,Dark,
21.1452,5.9903,7.4628,0.0000,0.0000,0.4633,-0.0337,0.8856,0.4272,-0.0325,0.9036,0.4457,-0.0359,0.8945,-0.1133,0.0172,0.3864,Dark,
21.1565,6.0060,7.4192,0.0000,0.0000,0.4253,-0.0480,0.9038,0.3851,-0.0466,0.9217,0.4057,-0.0503,0.9126,-0.1132,0.0171,0.3864,Dark,
21.1677,6.0294,7.4205,0.0000,0.0000,0.3508,-0.0702,0.9338,0.3016,-0.0684,0.9510,0.3267,-0.0728,0.9423,-0.1131,0.0170,0.3864,Dark,
21.1787,6.0367,7.4079,0.0000,0.0000,0.3494,-0.0654,0.9347,0.2963,-0.0633,0.9530,0.3234,-0.0681,0.9438,-0.1130,0.0168,0.3864,Dark,
21.1900,6.0468,7.3991,0.0000,0.0000,0.3250,-0.0792,0.9424,0.2674,-0.0768,0.9605,0.2967,-0.0821,0.9514,-0.1129,0.0165,0.3864,Dark,
21.2011,6.0531,7.4134,0.0000,0.0000,0.3438,-0.0656,0.9367,0.2781,-0.0629,0.9585,0.3116,-0.0690,0.9477,-0.1129,0.0161,0.3864,Dark,
21.2120,6.0529,7.4086,0.0000,0.0000,0.3571,-0.0611,0.9321,0.2873,-0.0581,0.9561,0.3229,-0.0646,0.9442,-0.1129,0.0157,0.3863,Dark,
21.2232,6.0474,7.4060,0.0000,0.0000,0.3391,-0.0715,0.9380,0.2641,-0.0682,0.9621,0.3023,-0.0752,0.9502,-0.1129,0.0152,0.3862,Dark,
21.2343,6.0460,7.4065,0.0000,0.0000,0.3603,-0.0634,0.9307,0.2764,-0.0597,0.9592,0.3192,-0.0676,0.9453,-0.1130,0.0147,0.3862,Dark,
21.2456,6.0498,7.3957,0.0000,0.0000,0.3781,-0.0602,0.9238,0.2901,-0.0563,0.9553,0.3351,-0.0646,0.9400,-0.1130,0.0141,0.3861,Dark,
21.2570,6.0316,7.3828,0.0000,0.0000,0.3863,-0.0601,0.9204,0.2892,-0.0558,0.9557,0.3389,-0.0650,0.9386,-0.1130,0.0135,0.3861,Dark,
21.2680,6.0287,7.3793,0.0000,0.0000,0.3919,-0.0629,0.9178,0.2905,-0.0583,0.9551,0.3425,-0.0679,0.9371,-0.1130,0.0128,0.3861,Dark,
21.2788,6.0261,7.3753,0.0000,0.0000,0.3980,-0.0663,0.9150,0.2924,-0.0614,0.9543,0.3465,-0.0716,0.9353,-0.1130,0.0121,0.3861,Dark,
21.2903,5.9924,7.3747,0.0000,0.0000,0.4047,-0.0698,0.9118,0.2908,-0.0645,0.9546,0.3493,-0.0755,0.9340,-0.1130,0.0112,0.3862,Dark,
21.3069,5.9842,7.3788,0.0000,0.0000,0.4098,-0.0757,0.9090,0.2880,-0.0699,0.9551,0.3506,-0.0818,0.9330,-0.1129,0.0101,0.3863,Dark,
21.3149,5.9873,7.3811,0.0000,0.0000,0.4127,-0.0814,0.9072,0.2873,-0.0752,0.9549,0.3518,-0.0875,0.9320,-0.1128,0.0091,0.3863,Dark,
21.3239,5.9915,7.3778,0.0000,0.0000,0.4148,-0.0899,0.9055,0.2858,-0.0834,0.9547,0.3521,-0.0961,0.9310,-0.1127,0.0079,0.3865,Dark,
21.3351,5.9942,7.3747,0.0000,0.0000,0.4164,-0.0991,0.9038,0.2840,-0.0924,0.9544,0.3520,-0.1055,0.9300,-0.1126,0.0064,0.3866,Dark,
21.3458,5.9956,7.3643,0.0000,0.0000,0.4180,-0.1088,0.9019,0.2824,-0.1018,0.9539,0.3520,-0.1154,0.9289,-0.1125,0.0048,0.3868,Dark,
21.3569,6.0168,7.3676,0.0000,0.0000,0.4237,-0.1148,0.8985,0.2827,-0.1074,0.9532,0.3551,-0.1216,0.9269,-0.1125,0.0031,0.3870,Dark,
21.3679,6.0368,7.3785,0.0000,0.0000,0.4340,-0.1242,0.8923,0.2903,-0.1167,0.9498,0.3642,-0.1312,0.9220,-0.1124,0.0012,0.3872,Dark,
21.3789,6.0531,7.3931,0.0000,0.0000,0.4588,-0.1290,0.8792,0.3154,-0.1217,0.9411,0.3893,-0.1362,0.9110,-0.1124,-0.0007,0.3874,Dark,
21.3903,6.0600,7.4389,0.0000,0.0000,0.4871,-0.1428,0.8616,0.3445,-0.1361,0.9289,0.4183,-0.1506,0.8957,-0.1124,-0.0028,0.3875,Dark,
21.4017,6.0593,7.4647,0.0000,0.0000,0.5022,-0.1605,0.8497,0.3599,-0.1542,0.9202,0.4336,-0.1685,0.8852,-0.1123,-0.0051,0.3877,Dark,
21.4123,6.0577,7.4744,0.0000,0.0000,0.5139,-0.1798,0.8388,0.3742,-0.1741,0.9109,0.4466,-0.1880,0.8747,-0.1124,-0.0074,0.3878,Dark,
21.4234,6.0420,7.4806,0.0000,0.0000,0.5169,-0.1962,0.8332,0.3774,-0.1908,0.9062,0.4497,-0.2047,0.8694,-0.1125,-0.0096,0.3879,Dark,
21.4348,6.0123,7.4604,0.0000,0.0000,0.5209,-0.2122,0.8268,0.3826,-0.2072,0.9004,0.4542,-0.2208,0.8631,-0.1124,-0.0119,0.3882,Dark,
21.4458,5.9983,7.4319,0.0000,0.0000,0.5183,-0.2257,0.8249,0.3805,-0.2209,0.8980,0.4518,-0.2344,0.8608,-0.1125,-0.0141,0.3885,Dark,
21.4571,5.9527,7.3740,0.0000,0.0000,0.5123,-0.2339,0.8263,0.3743,-0.2291,0.8986,0.4456,-0.2425,0.8618,-0.1125,-0.0163,0.3889,Dark,
21.4681,5.9375,7.3465,0.0000,0.0000,0.5121,-0.2442,0.8235,0.3740,-0.2398,0.8959,0.4453,-0.2530,0.8589,-0.1123,-0.0184,0.3896,Dark,
21.4792,5.9267,7.3245,0.0000,0.0000,0.5092,-0.2528,0.8227,0.3704,-0.2486,0.8950,0.4420,-0.2618,0.8580,-0.1122,-0.0205,0.3903,Dark,
21.4904,5.9370,7.2784,0.0000,0.0000,0.5072,-0.2612,0.8213,0.3682,-0.2572,0.8935,0.4399,-0.2703,0.8564,-0.1122,-0.0227,0.3910,Dark,
21.5018,5.9293,7.2550,0.0000,0.0000,0.5061,-0.2739,0.8178,0.3673,-0.2703,0.8899,0.4388,-0.2832,0.8528,-0.1121,-0.0251,0.3916,Dark,
21.5126,5.9224,7.2121,0.0000,0.0000,0.5046,-0.2887,0.8137,0.3662,-0.2856,0.8856,0.4374,-0.2981,0.8484,-0.1122,-0.0275,0.3921,Dark,
21.5238,5.9214,7.1750,0.0000,0.0000,0.5018,-0.3021,0.8105,0.3665,-0.2994,0.8809,0.4361,-0.3115,0.8443,-0.1122,-0.0298,0.3925,Dark,
21.5349,5.8953,7.1765,0.0000,0.0000,0.5018,-0.3156,0.8053,0.3680,-0.3135,0.8754,0.4368,-0.3251,0.8388,-0.1123,-0.0321,0.3929,Dark,
21.5462,5.8749,7.1906,0.0000,0.0000,0.5038,-0.3290,0.7987,0.3725,-0.3276,0.8683,0.4399,-0.3387,0.8317,-0.1124,-0.0342,0.3934,Dark,
21.5574,5.8596,7.2015,0.0000,0.0000,0.5059,-0.3401,0.7927,0.3793,-0.3394,0.8608,0.4442,-0.3498,0.8248,-0.1124,-0.0362,0.3941,Dark,
21.5683,5.7987,7.1963,0.0000,0.0000,0.5045,-0.3489,0.7898,0.3807,-0.3486,0.8565,0.4441,-0.3585,0.8211,-0.1123,-0.0381,0.3948,Dark,
21.5796,5.7504,7.1886,0.0000,0.0000,0.5015,-0.3571,0.7880,0.3800,-0.3572,0.8533,0.4422,-0.3667,0.8185,-0.1122,-0.0400,0.3957,Dark,
21.5906,5.6157,7.0102,0.0000,0.0000,0.5221,-0.3423,0.7812,0.4160,-0.3434,0.8420,0.4704,-0.3512,0.8095,-0.1121,-0.0419,0.3967,Dark,
21.6018,5.3635,6.9380,0.0000,0.0000,0.5013,-0.3298,0.8000,0.4159,-0.3300,0.8474,0.4595,-0.3364,0.8220,-0.1120,-0.0438,0.3975,Dark,
21.6129,5.1608,6.8850,0.0000,0.0000,0.4986,-0.3611,0.7881,0.4267,-0.3620,0.8288,0.4632,-0.3670,0.8067,-0.1120,-0.0459,0.3981,Dark,
21.6240,4.8012,7.4223,0.0000,0.0000,0.4802,-0.3266,0.8141,0.4072,-0.3264,0.8530,0.4443,-0.3320,0.8321,-0.1119,-0.0479,0.3986,Dark,
21.6351,4.4167,7.4223,0.0000,0.0000,0.4666,-0.3316,0.8200,0.3929,-0.3311,0.8579,0.4303,-0.3368,0.8375,-0.1119,-0.0499,0.3990,Dark,
21.6462,4.1223,7.4223,0.0000,0.0000,0.4551,-0.3367,0.8244,0.3807,-0.3359,0.8615,0.4184,-0.3417,0.8415,-0.1118,-0.0519,0.3995,Dark,
21.6575,3.5173,7.4223,0.0000,0.3600,0.3670,-0.1939,0.9098,0.2918,-0.1905,0.9373,0.3298,-0.1974,0.9232,-0.1116,-0.0537,0.4001,Dark,
21.6684,5.9164,7.4223,0.0000,0.4880,0.3703,-0.2031,0.9064,0.2953,-0.1999,0.9343,0.3332,-0.2067,0.9199,-0.1114,-0.0554,0.4008,Dark,
21.6796,5.9164,7.4223,0.0000,0.5904,0.3811,-0.2166,0.8988,0.3063,-0.2137,0.9277,0.3441,-0.2203,0.9127,-0.1111,-0.0572,0.4016,Dark,
21.6908,5.9164,7.4223,0.2000,0.7379,0.3785,-0.2189,0.8993,0.3038,-0.2160,0.9279,0.3416,-0.2226,0.9131,-0.1106,-0.0588,0.4025,Dark,
21.7019,5.9164,7.4223,0.3600,0.7903,0.3829,-0.2263,0.8956,0.3083,-0.2236,0.9246,0.3460,-0.2301,0.9096,-0.1102,-0.0606,0.4033,Dark,
21.7135,5.9164,7.4223,0.5904,0.8658,0.3836,-0.2765,0.8811,0.3081,-0.2739,0.9111,0.3462,-0.2805,0.8953,-0.1098,-0.0622,0.4040,Dark,
21.7242,5.9164,7.4223,0.6723,0.8926,0.3779,-0.3439,0.8596,0.3013,-0.3414,0.8903,0.3398,-0.3480,0.8738,-0.1094,-0.0638,0.4046,Dark,
21.7353,5.9164,0.0000,0.7379,1.0000,0.3773,-0.3735,0.8474,NaN,NaN,NaN,0.3389,-0.3777,0.8617,-0.1092,-0.0653,0.4052,Dark,
21.7465,5.9164,0.0000,0.7903,1.0000,0.3798,-0.3808,0.8430,NaN,NaN,NaN,0.3415,-0.3851,0.8574,-0.1088,-0.0667,0.4059,Dark,
21.7577,5.9164,0.0000,0.8658,1.0000,0.3738,-0.4336,0.8199,NaN,NaN,NaN,0.3350,-0.4379,0.8343,-0.1085,-0.0681,0.4066,Dark,
21.7689,5.9164,0.0000,0.8926,1.0000,0.3769,-0.4392,0.8155,NaN,NaN,NaN,0.3383,-0.4435,0.8300,-0.1081,-0.0695,0.4075,Dark,
21.7798,0.0000,0.0000,1.0000,1.0000,NaN,NaN,NaN,NaN,NaN,NaN,0.0000,0.0000,0.0000,0.0000,0.0000,0.0000,Dark,
21.7910,0.0000,0.0000,1.0000,1.0000,NaN,NaN,NaN,NaN,NaN,NaN,0.0000,0.0000,0.0000,0.0000,0.0000,0.0000,Dark,
21.8021,0.0000,0.0000,1.0000,1.0000,NaN,NaN,NaN,NaN,NaN,NaN,0.0000,0.0000,0.0000,0.0000,0.0000,0.0000,Dark,
21.8135,0.0000,0.0000,1.0000,1.0000,NaN,NaN,NaN,NaN,NaN,NaN,0.0000,0.0000,0.0000,0.0000,0.0000,0.0000,Dark,
21.8244,0.0000,0.0000,1.0000,1.0000,NaN,NaN,NaN,NaN,NaN,NaN,0.0000,0.0000,0.0000,0.0000,0.0000,0.0000,Dark,
21.8355,0.0000,0.0000,1.0000,1.0000,NaN,NaN,NaN,NaN,NaN,NaN,0.0000,0.0000,0.0000,0.0000,0.0000,0.0000,Dark,
21.8468,0.0000,0.0000,1.0000,1.0000,NaN,NaN,NaN,NaN,NaN,NaN,0.0000,0.0000,0.0000,0.0000,0.0000,0.0000,Dark,
21.8579,0.0000,0.0000,1.0000,1.0000,NaN,NaN,NaN,NaN,NaN,NaN,0.0000,0.0000,0.0000,0.0000,0.0000,0.0000,Dark,
21.8692,0.0000,0.0000,1.0000,1.0000,NaN,NaN,NaN,NaN,NaN,NaN,0.0000,0.0000,0.0000,0.0000,0.0000,0.0000,Dark,
21.8802,0.0000,0.0000,1.0000,1.0000,NaN,NaN,NaN,NaN,NaN,NaN,0.0000,0.0000,0.0000,0.0000,0.0000,0.0000,Dark,
21.8914,0.0000,0.0000,1.0000,1.0000,NaN,NaN,NaN,NaN,NaN,NaN,0.0000,0.0000,0.0000,0.0000,0.0000,0.0000,Dark,
21.9029,0.0000,0.0000,1.0000,1.0000,NaN,NaN,NaN,NaN,NaN,NaN,0.0000,0.0000,0.0000,0.0000,0.0000,0.0000,Dark,
21.9138,0.0000,0.0000,1.0000,1.0000,NaN,NaN,NaN,NaN,NaN,NaN,0.0000,0.0000,0.0000,0.0000,0.0000,0.0000,Dark,
21.9247,0.0000,0.0000,1.0000,1.0000,NaN,NaN,NaN,NaN,NaN,NaN,0.0000,0.0000,0.0000,0.0000,0.0000,0.0000,Dark,
21.9358,0.0000,0.0000,0.7962,1.0000,NaN,NaN,NaN,NaN,NaN,NaN,0.0000,0.0000,0.0000,0.0000,0.0000,0.0000,Dark,
21.9470,5.9164,7.4223,0.6370,0.7942,0.3621,-0.5842,0.7264,0.2958,-0.5831,0.7566,0.3286,-0.5880,0.7391,-0.1061,-0.0838,0.4179,Dark,
21.9581,5.9164,7.4223,0.5096,0.6353,0.4143,-0.5840,0.6981,0.3568,-0.5855,0.7279,0.3853,-0.5886,0.7107,-0.1063,-0.0840,0.4184,Dark,
21.9694,5.9164,7.4223,0.3261,0.4066,0.4378,-0.5844,0.6832,0.3905,-0.5867,0.7094,0.4139,-0.5887,0.6943,-0.1064,-0.0842,0.4189,Dark,
21.9803,5.9164,7.4223,0.2609,0.3253,0.4539,-0.5835,0.6734,0.4102,-0.5863,0.6986,0.4318,-0.5878,0.6841,-0.1066,-0.0844,0.4193,Dark,
21.9916,5.9164,7.4223,0.2087,0.2602,0.4595,-0.5829,0.6702,0.4184,-0.5858,0.6942,0.4387,-0.5870,0.6804,-0.1069,-0.0846,0.4196,Dark,
22.0026,5.9164,7.4223,0.1336,0.1666,0.4688,-0.5820,0.6644,0.4316,-0.5850,0.6866,0.4500,-0.5860,0.6738,-0.1071,-0.0847,0.4199,Dark,
22.0138,5.9164,7.4223,0.1069,0.1332,0.4717,-0.5821,0.6624,0.4359,-0.5851,0.6838,0.4536,-0.5860,0.6715,-0.1074,-0.0849,0.4201,Dark,
22.0249,5.9164,7.4223,0.0855,0.1066,0.4751,-0.5822,0.6598,0.4405,-0.5853,0.6807,0.4576,-0.5861,0.6686,-0.1077,-0.0851,0.4202,Dark,
22.0359,5.9164,7.4223,0.0547,0.0682,0.4809,-0.5822,0.6555,0.4483,-0.5854,0.6755,0.4645,-0.5860,0.6640,-0.1078,-0.0853,0.4203,Dark,
22.0473,5.9164,7.4223,0.0438,0.0546,0.4817,-0.5828,0.6544,0.4498,-0.5860,0.6741,0.4656,-0.5865,0.6628,-0.1081,-0.0855,0.4203,Dark,
22.0585,5.9164,7.4223,0.0350,0.0437,0.4801,-0.5836,0.6549,0.4487,-0.5867,0.6741,0.4642,-0.5872,0.6630,-0.1085,-0.0858,0.4203,Dark,
22.0697,5.9164,7.4223,0.0224,0.0279,0.4842,-0.5842,0.6514,0.4539,-0.5873,0.6701,0.4689,-0.5877,0.6593,-0.1088,-0.0859,0.4203,Dark,
22.0805,5.9164,7.4223,0.0179,0.0224,0.4824,-0.5851,0.6519,0.4525,-0.5883,0.6702,0.4673,-0.5887,0.6596,-0.1091,-0.0861,0.4202,Dark,
22.0918,5.9164,7.4223,0.0143,0.0179,0.4834,-0.5859,0.6504,0.4542,-0.5890,0.6684,0.4687,-0.5894,0.6580,-0.1095,-0.0863,0.4201,Dark,
22.1029,5.9164,7.4223,0.0092,0.0114,0.4825,-0.5863,0.6507,0.4535,-0.5895,0.6685,0.4679,-0.5898,0.6582,-0.1099,-0.0863,0.4202,Dark,
22.1142,5.9164,7.4223,0.0073,0.0092,0.4817,-0.5865,0.6511,0.4529,-0.5896,0.6687,0.4672,-0.5900,0.6586,-0.1102,-0.0863,0.4200,Dark,
22.1254,5.9164,7.4223,0.0059,0.0073,0.4828,-0.5860,0.6507,0.4545,-0.5891,0.6681,0.4685,-0.5894,0.6581,-0.1105,-0.0863,0.4199,Dark,
22.1364,5.9164,7.4223,0.0038,0.0047,0.4831,-0.5855,0.6510,0.4550,-0.5886,0.6682,0.4689,-0.5889,0.6583,-0.1106,-0.0861,0.4200,Dark,
22.1476,5.9164,7.4223,0.0030,0.0038,0.4841,-0.5843,0.6514,0.4561,-0.5873,0.6686,0.4700,-0.5876,0.6586,-0.1108,-0.0860,0.4200,Dark,
22.1591,5.9164,7.4223,0.0024,0.0030,0.4867,-0.5828,0.6508,0.4591,-0.5859,0.6678,0.4728,-0.5862,0.6580,-0.1110,-0.0859,0.4199,Dark,
22.1698,5.9164,7.4223,0.0015,0.0019,0.4878,-0.5816,0.6510,0.4603,-0.5847,0.6680,0.4739,-0.5850,0.6582,-0.1111,-0.0857,0.4199,Dark,
22.1810,5.9164,7.4223,0.0012,0.0015,0.4892,-0.5805,0.6509,0.4618,-0.5837,0.6679,0.4754,-0.5839,0.6581,-0.1111,-0.0857,0.4197,Dark,
22.1921,5.9164,7.4223,0.0010,0.0012,0.4917,-0.5798,0.6497,0.4645,-0.5830,0.6666,0.4780,-0.5831,0.6569,-0.1112,-0.0856,0.4195,Dark,
22.2032,5.9164,7.4223,0.0006,0.0008,0.4933,-0.5792,0.6490,0.4662,-0.5825,0.6659,0.4797,-0.5826,0.6561,-0.1113,-0.0855,0.4194,Dark,
22.2142,5.9164,7.4223,0.0006,0.0008,0.4956,-0.5786,0.6478,0.4687,-0.5819,0.6647,0.4820,-0.5820,0.6549,-0.1114,-0.0855,0.4192,Dark,
22.2256,5.9164,7.4223,0.0005,0.0006,0.4978,-0.5780,0.6466,0.4711,-0.5813,0.6635,0.4843,-0.5814,0.6537,-0.1114,-0.0855,0.4190,Dark,
22.2371,5.9164,7.4223,0.0004,0.0005,0.5001,-0.5773,0.6455,0.4735,-0.5807,0.6623,0.4867,-0.5807,0.6526,-0.1115,-0.0854,0.4189,Dark,
22.2477,5.9164,7.4223,0.0003,0.0004,0.5023,-0.5768,0.6442,0.4757,-0.5802,0.6611,0.4889,-0.5803,0.6514,-0.1115,-0.0854,0.4187,Dark,
22.2591,5.9164,7.4223,0.0003,0.0003,0.5040,-0.5767,0.6430,0.4775,-0.5802,0.6598,0.4906,-0.5802,0.6501,-0.1116,-0.0854,0.4185,Dark,
22.2699,5.9164,7.4223,0.0002,0.0003,0.5049,-0.5767,0.6422,0.4785,-0.5803,0.6590,0.4916,-0.5803,0.6493,-0.1118,-0.0853,0.4184,Dark,
22.2810,5.9164,7.4223,0.0002,0.0002,0.5069,-0.5765,0.6409,0.4805,-0.5801,0.6577,0.4936,-0.5801,0.6480,-0.1120,-0.0853,0.4182,Dark,
22.2922,5.9164,7.4223,0.0001,0.0002,0.4985,-0.5777,0.6463,0.4719,-0.5812,0.6630,0.4851,-0.5812,0.6534,-0.1121,-0.0853,0.4180,Dark,
22.3033,5.9164,7.4223,0.0001,0.0001,0.4829,-0.5796,0.6564,0.4559,-0.5828,0.6727,0.4693,-0.5830,0.6633,-0.1122,-0.0851,0.4180,Dark,
22.3145,5.9164,7.4223,0.0001,0.0001,0.4751,-0.5802,0.6615,0.4479,-0.5832,0.6777,0.4614,-0.5835,0.6683,-0.1123,-0.0851,0.4179,Dark,
22.3257,5.9164,7.4223,0.0001,0.0001,0.4683,-0.5804,0.6661,0.4410,-0.5833,0.6821,0.4545,-0.5836,0.6729,-0.1123,-0.0850,0.4177,Dark,
22.3373,5.9164,7.4223,0.0000,0.0000,0.4673,-0.5801,0.6671,0.4399,-0.5829,0.6831,0.4535,-0.5833,0.6738,-0.1123,-0.0849,0.4178,Dark,
22.3477,5.9164,7.4223,0.0000,0.0000,0.4656,-0.5799,0.6686,0.4382,-0.5827,0.6845,0.4518,-0.5830,0.6753,-0.1124,-0.0849,0.4177,Dark,
22.3593,5.9164,7.4223,0.0000,0.0000,0.4549,-0.6043,0.6541,0.4274,-0.6071,0.6699,0.4410,-0.6074,0.6607,-0.1124,-0.0848,0.4176,Dark,
22.3701,5.9164,7.4223,0.0000,0.0000,0.4513,-0.6145,0.6470,0.4237,-0.6174,0.6628,0.4374,-0.6177,0.6536,-0.1126,-0.0848,0.4176,Dark,
22.3815,5.9164,7.4223,0.0000,0.0000,0.4438,-0.6321,0.6351,0.4162,-0.6350,0.6508,0.4299,-0.6353,0.6416,-0.1126,-0.0848,0.4175,Dark,
22.3925,5.9164,7.4223,0.0000,0.0000,0.4403,-0.6397,0.6301,0.4126,-0.6425,0.6457,0.4262,-0.6428,0.6365,-0.1127,-0.0848,0.4173,Dark,
22.4036,5.9164,7.4223,0.0000,0.0000,0.4371,-0.6464,0.6254,0.4094,-0.6493,0.6410,0.4230,-0.6495,0.6318,-0.1128,-0.0847,0.4173,Dark,
22.4147,5.9164,7.4223,0.0000,0.0000,0.4337,-0.6523,0.6216,0.4060,-0.6552,0.6371,0.4196,-0.6554,0.6280,-0.1129,-0.0847,0.4172,Dark,
22.4258,5.9164,7.4223,0.0000,0.0000,0.4293,-0.6623,0.6141,0.4016,-0.6651,0.6295,0.4153,-0.6653,0.6204,-0.1129,-0.0847,0.4171,Dark,
22.4370,5.9164,7.4223,0.0000,0.0000,0.4272,-0.6664,0.6111,0.3995,-0.6692,0.6265,0.4132,-0.6694,0.6174,-0.1131,-0.0846,0.4172,Dark,
22.4481,5.9164,7.4223,0.0000,0.0000,0.4256,-0.6699,0.6084,0.3979,-0.6727,0.6238,0.4115,-0.6729,0.6147,-0.1131,-0.0846,0.4172,Dark,
22.4593,5.9164,7.4223,0.0000,0.0000,0.4232,-0.6758,0.6035,0.3955,-0.6787,0.6189,0.4091,-0.6789,0.6097,-0.1131,-0.0846,0.4171,Dark,
22.4704,5.9164,7.4223,0.0000,0.0000,0.4227,-0.6759,0.6038,0.3950,-0.6787,0.6192,0.4086,-0.6789,0.6100,-0.1131,-0.0845,0.4172,Dark,
22.4817,5.9164,7.4223,0.0000,0.0000,0.4206,-0.6806,0.5999,0.3929,-0.6834,0.6153,0.4065,-0.6836,0.6062,-0.1131,-0.0846,0.4172,Dark,
22.4929,5.9164,7.4223,0.0000,0.0000,0.4198,-0.6826,0.5982,0.3921,-0.6854,0.6136,0.4057,-0.6856,0.6045,-0.1131,-0.0846,0.4171,Dark,
22.5039,5.9164,7.4223,0.0000,0.0000,0.4189,-0.6856,0.5954,0.3912,-0.6884,0.6108,0.4048,-0.6886,0.6016,-0.1131,-0.0846,0.4172,Dark,
22.5149,4.2076,6.8119,0.0000,0.0000,0.4172,-0.6929,0.5881,0.3871,-0.6960,0.6048,0.4019,-0.6961,0.5949,-0.1130,-0.0846,0.4172,Dark,
22.5261,4.8216,7.0246,0.0000,0.0000,0.4176,-0.6958,0.5843,0.3848,-0.6992,0.6025,0.4009,-0.6994,0.5917,-0.1130,-0.0847,0.4172,Dark,
22.5377,5.7856,7.3465,0.0000,0.0000,0.4204,-0.6972,0.5807,0.3820,-0.7012,0.6020,0.4009,-0.7014,0.5893,-0.1129,-0.0846,0.4174,Dark,
22.5485,6.0692,7.4538,0.0000,0.0000,0.4223,-0.6969,0.5797,0.3807,-0.7012,0.6028,0.4011,-0.7015,0.5891,-0.1128,-0.0847,0.4174,Dark,
22.5596,6.2080,7.5334,0.0000,0.0000,0.4245,-0.6956,0.5796,0.3796,-0.7003,0.6045,0.4018,-0.7006,0.5897,-0.1128,-0.0848,0.4174,Dark,
22.5774,6.2174,7.5341,0.0000,0.0000,0.4286,-0.6941,0.5785,0.3767,-0.6995,0.6073,0.4023,-0.6999,0.5902,-0.1127,-0.0847,0.4176,Dark,
22.5817,6.2195,7.5347,0.0000,0.0000,0.4307,-0.6937,0.5772,0.3751,-0.6996,0.6081,0.4026,-0.7000,0.5898,-0.1127,-0.0848,0.4176,Dark,
22.5929,6.2220,7.5287,0.0000,0.0000,0.4340,-0.6906,0.5785,0.3746,-0.6969,0.6115,0.4040,-0.6974,0.5920,-0.1127,-0.0849,0.4176,Dark,
22.6040,6.2256,7.5134,0.0000,0.0000,0.4388,-0.6892,0.5766,0.3715,-0.6964,0.6140,0.4048,-0.6970,0.5919,-0.1126,-0.0849,0.4178,Dark,
22.6153,6.2240,7.5058,0.0000,0.0000,0.4420,-0.6872,0.5765,0.3706,-0.6948,0.6163,0.4060,-0.6954,0.5929,-0.1125,-0.0849,0.4179,Dark,
22.6263,6.2228,7.4910,0.0000,0.0000,0.4452,-0.6856,0.5760,0.3697,-0.6937,0.6182,0.4072,-0.6943,0.5934,-0.1124,-0.0849,0.4179,Dark,
22.6389,6.1917,7.4781,0.0000,0.0000,0.4508,-0.6828,0.5750,0.3671,-0.6918,0.6219,0.4087,-0.6926,0.5944,-0.1123,-0.0849,0.4181,Dark,
22.6486,6.1882,7.4779,0.0000,0.0000,0.4537,-0.6814,0.5743,0.3658,-0.6909,0.6235,0.4095,-0.6918,0.5947,-0.1122,-0.0849,0.4182,Dark,
22.6597,6.1862,7.4737,0.0000,0.0000,0.4563,-0.6803,0.5735,0.3644,-0.6903,0.6251,0.4101,-0.6913,0.5949,-0.1122,-0.0850,0.4183,Dark,
22.6710,6.1591,7.4804,0.0000,0.0000,0.4608,-0.6784,0.5722,0.3609,-0.6893,0.6282,0.4107,-0.6904,0.5955,-0.1121,-0.0849,0.4184,Dark,
22.6820,6.1615,7.4879,0.0000,0.0000,0.4628,-0.6776,0.5715,0.3590,-0.6890,0.6296,0.4108,-0.6902,0.5957,-0.1122,-0.0850,0.4185,Dark,
22.6937,6.1636,7.4892,0.0000,0.0000,0.4644,-0.6770,0.5709,0.3568,-0.6889,0.6310,0.4106,-0.6901,0.5960,-0.1122,-0.0850,0.4185,Dark,
22.7044,6.1722,7.4933,0.0000,0.0000,0.4675,-0.6757,0.5700,0.3529,-0.6883,0.6339,0.4102,-0.6897,0.5967,-0.1123,-0.0849,0.4186,Dark,
22.7154,6.1608,7.4948,0.0000,0.0000,0.4687,-0.6751,0.5697,0.3508,-0.6880,0.6353,0.4099,-0.6895,0.5972,-0.1123,-0.0850,0.4187,Dark,
22.7265,6.1500,7.4995,0.0000,0.0000,0.4697,-0.6748,0.5692,0.3485,-0.6881,0.6365,0.4093,-0.6897,0.5974,-0.1124,-0.0850,0.4187,Dark,
22.7378,6.1551,7.5047,0.0000,0.0000,0.4716,-0.6740,0.5687,0.3446,-0.6877,0.6390,0.4083,-0.6895,0.5982,-0.1126,-0.0849,0.4188,Dark,
22.7489,6.1509,7.5050,0.0000,0.0000,0.4724,-0.6732,0.5688,0.3427,-0.6873,0.6405,0.4079,-0.6892,0.5989,-0.1126,-0.0850,0.4189,Dark,
22.7600,6.1485,7.4998,0.0000,0.0000,0.4729,-0.6728,0.5689,0.3406,-0.6871,0.6418,0.4070,-0.6891,0.5996,-0.1127,-0.0850,0.4190,Dark,
22.7713,6.1530,7.4878,0.0000,0.0000,0.4744,-0.6721,0.5686,0.3374,-0.6867,0.6439,0.4063,-0.6889,0.6003,-0.1127,-0.0850,0.4191,Dark,
22.7822,6.1514,7.4825,0.0000,0.0000,0.4749,-0.6716,0.5686,0.3359,-0.6864,0.6450,0.4058,-0.6887,0.6008,-0.1128,-0.0850,0.4191,Dark,
22.7935,6.1506,7.4932,0.0000,0.0000,0.4756,-0.6714,0.5684,0.3347,-0.6863,0.6457,0.4056,-0.6887,0.6010,-0.1129,-0.0850,0.4191,Dark,
22.8046,6.1664,7.5071,0.0000,0.0000,0.4769,-0.6706,0.5682,0.3326,-0.6859,0.6473,0.4052,-0.6884,0.6016,-0.1129,-0.0850,0.4191,Dark,
22.8158,6.1719,7.5102,0.0000,0.0000,0.4773,-0.6704,0.5682,0.3314,-0.6857,0.6481,0.4049,-0.6883,0.6019,-0.1130,-0.0850,0.4191,Dark,
22.8268,6.1762,7.5117,0.0000,0.0000,0.4778,-0.6700,0.5681,0.3306,-0.6854,0.6488,0.4047,-0.6881,0.6022,-0.1130,-0.0850,0.4191,Dark,
22.8380,6.1798,7.5240,0.0000,0.0000,0.4853,-0.6657,0.5669,0.3368,-0.6820,0.6492,0.4117,-0.6844,0.6017,-0.1131,-0.0849,0.4192,Dark,
22.8493,6.1553,7.5347,0.0000,0.0000,0.5012,-0.6568,0.5635,0.3525,-0.6749,0.6483,0.4277,-0.6766,0.5995,-0.1132,-0.0850,0.4192,Dark,
22.8603,6.1349,7.5515,0.0000,0.0000,0.5248,-0.6408,0.5603,0.3810,-0.6611,0.6463,0.4540,-0.6615,0.5969,-0.1132,-0.0850,0.4192,Dark,
22.8714,6.0296,7.5874,0.0000,0.0000,0.5585,-0.6193,0.5519,0.4222,-0.6426,0.6394,0.4916,-0.6411,0.5893,-0.1132,-0.0849,0.4192,Dark,
22.8825,6.0189,7.6043,0.0000,0.0000,0.5654,-0.6137,0.5511,0.4316,-0.6374,0.6383,0.4998,-0.6356,0.5884,-0.1133,-0.0849,0.4192,Dark,
22.8937,6.0150,7.6031,0.0000,0.0000,0.5703,-0.6096,0.5506,0.4398,-0.6334,0.6367,0.5064,-0.6313,0.5874,-0.1133,-0.0849,0.4192,Dark,
22.9048,6.0043,7.6103,0.0000,0.0000,0.5754,-0.6059,0.5495,0.4495,-0.6295,0.6337,0.5137,-0.6271,0.5855,-0.1133,-0.0849,0.4192,Dark,
22.9159,6.0188,7.6177,0.0000,0.0000,0.5778,-0.6037,0.5492,0.4537,-0.6274,0.6329,0.5170,-0.6249,0.5850,-0.1133,-0.0848,0.4192,Dark,
22.9273,6.0286,7.6315,0.0000,0.0000,0.5756,-0.6046,0.5506,0.4531,-0.6277,0.6329,0.5156,-0.6253,0.5858,-0.1133,-0.0848,0.4192,Dark,
22.9383,6.0053,7.6505,0.0000,0.0000,0.5760,-0.6038,0.5510,0.4565,-0.6266,0.6317,0.5174,-0.6241,0.5855,-0.1132,-0.0848,0.4193,Dark,
22.9495,6.0233,7.6542,0.0000,0.0000,0.5741,-0.6047,0.5520,0.4555,-0.6272,0.6318,0.5159,-0.6248,0.5861,-0.1133,-0.0847,0.4192,Dark,
22.9607,6.0378,7.6541,0.0000,0.0000,0.5722,-0.6056,0.5530,0.4546,-0.6277,0.6319,0.5145,-0.6254,0.5867,-0.1133,-0.0847,0.4192,Dark,
22.9716,6.0056,7.6583,0.0000,0.0000,0.5684,-0.6079,0.5543,0.4530,-0.6294,0.6314,0.5117,-0.6272,0.5872,-0.1132,-0.0847,0.4191,Dark,
22.9827,6.0244,7.6629,0.0000,0.0000,0.5677,-0.6081,0.5550,0.4533,-0.6293,0.6313,0.5114,-0.6271,0.5875,-0.1132,-0.0847,0.4191,Dark,
22.9939,6.0388,7.6539,0.0000,0.0000,0.5652,-0.6094,0.5561,0.4518,-0.6302,0.6314,0.5094,-0.6281,0.5882,-0.1133,-0.0846,0.4190,Dark,
23.0052,6.0611,7.6447,0.0000,0.0000,0.5622,-0.6105,0.5578,0.4510,-0.6307,0.6315,0.5074,-0.6288,0.5892,-0.1132,-0.0845,0.4190,Dark,
23.0162,6.0729,7.6435,0.0000,0.0000,0.5611,-0.6109,0.5585,0.4508,-0.6309,0.6314,0.5067,-0.6290,0.5896,-0.1133,-0.0845,0.4190,Dark,
23.0274,6.0794,7.6556,0.0000,0.0000,0.5603,-0.6109,0.5593,0.4511,-0.6306,0.6315,0.5065,-0.6287,0.5900,-0.1133,-0.0844,0.4189,Dark,
23.0385,6.0908,7.6638,0.0000,0.0000,0.5592,-0.6110,0.5604,0.4518,-0.6303,0.6313,0.5062,-0.6285,0.5906,-0.1133,-0.0843,0.4189,Dark,
23.0497,6.0916,7.6599,0.0000,0.0000,0.5585,-0.6110,0.5610,0.4520,-0.6301,0.6314,0.5059,-0.6283,0.5910,-0.1133,-0.0843,0.4189,Dark,
23.0609,6.0919,7.6759,0.0000,0.0000,0.5582,-0.6107,0.5617,0.4525,-0.6296,0.6315,0.5060,-0.6279,0.5914,-0.1133,-0.0843,0.4188,Dark,
23.0720,6.0992,7.6895,0.0000,0.0000,0.5578,-0.6101,0.5627,0.4535,-0.6287,0.6317,0.5063,-0.6270,0.5921,-0.1133,-0.0842,0.4188,Dark,
23.0831,6.1085,7.6907,0.0000,0.0000,0.5577,-0.6096,0.5634,0.4540,-0.6281,0.6320,0.5065,-0.6263,0.5926,-0.1133,-0.0842,0.4187,Dark,
23.0942,6.1162,7.6911,0.0000,0.0000,0.5577,-0.6093,0.5637,0.4545,-0.6277,0.6320,0.5067,-0.6260,0.5928,-0.1133,-0.0842,0.4187,Dark,
23.1055,6.1245,7.6894,0.0000,0.0000,0.5567,-0.6098,0.5641,0.4544,-0.6280,0.6318,0.5061,-0.6263,0.5929,-0.1133,-0.0841,0.4187,Dark,
23.1166,6.1263,7.6902,0.0000,0.0000,0.5565,-0.6097,0.5644,0.4545,-0.6279,0.6318,0.5061,-0.6262,0.5931,-0.1133,-0.0841,0.4186,Dark,
23.1276,6.1174,7.6878,0.0000,0.0000,0.5557,-0.6100,0.5648,0.4543,-0.6280,0.6318,0.5056,-0.6264,0.5934,-0.1133,-0.0841,0.4186,Dark,
23.1387,6.1096,7.6885,0.0000,0.0000,0.5553,-0.6101,0.5652,0.4541,-0.6281,0.6319,0.5053,-0.6264,0.5936,-0.1133,-0.0840,0.4186,Dark,
23.1500,6.1034,7.6890,0.0000,0.0000,0.5555,-0.6096,0.5655,0.4546,-0.6275,0.6321,0.5056,-0.6258,0.5938,-0.1134,-0.0840,0.4186,Dark,
23.1611,6.1181,7.6569,0.0000,0.0000,0.5550,-0.6098,0.5658,0.4545,-0.6276,0.6321,0.5053,-0.6259,0.5941,-0.1134,-0.0840,0.4186,Dark,
23.1721,6.1172,7.6456,0.0000,0.0000,0.5548,-0.6099,0.5659,0.4545,-0.6277,0.6320,0.5052,-0.6260,0.5940,-0.1133,-0.0840,0.4186,Dark,
23.1832,6.1171,7.6431,0.0000,0.0000,0.5548,-0.6099,0.5660,0.4545,-0.6276,0.6320,0.5052,-0.6260,0.5941,-0.1133,-0.0840,0.4186,Dark,
23.1944,6.1124,7.6419,0.0000,0.0000,0.5547,-0.6097,0.5662,0.4546,-0.6275,0.6321,0.5052,-0.6258,0.5943,-0.1134,-0.0840,0.4187,Dark,
23.2054,6.1015,7.6445,0.0000,0.0000,0.5547,-0.6096,0.5664,0.4547,-0.6273,0.6322,0.5052,-0.6256,0.5944,-0.1134,-0.0840,0.4187,Dark,
23.2168,6.0933,7.6616,0.0000,0.0000,0.5548,-0.6093,0.5665,0.4549,-0.6271,0.6323,0.5054,-0.6254,0.5945,-0.1134,-0.0840,0.4187,Dark,
23.2278,6.0850,7.6635,0.0000,0.0000,0.5551,-0.6087,0.5669,0.4553,-0.6265,0.6326,0.5057,-0.6248,0.5948,-0.1135,-0.0841,0.4188,Dark,
23.2388,6.0891,7.6530,0.0000,0.0000,0.5555,-0.6082,0.5670,0.4557,-0.6261,0.6327,0.5062,-0.6244,0.5949,-0.1135,-0.0841,0.4188,Dark,
23.2500,6.0934,7.6514,0.0000,0.0000,0.5558,-0.6078,0.5672,0.4560,-0.6257,0.6329,0.5064,-0.6240,0.5951,-0.1136,-0.0841,0.4188,Dark,
23.2614,6.1050,7.6374,0.0000,0.0000,0.5566,-0.6067,0.5675,0.4567,-0.6247,0.6334,0.5072,-0.6229,0.5956,-0.1136,-0.0842,0.4188,Dark,
23.2724,6.1446,7.6293,0.0000,0.0000,0.5568,-0.6063,0.5678,0.4568,-0.6243,0.6337,0.5074,-0.6226,0.5958,-0.1136,-0.0841,0.4189,Dark,
23.2836,6.1768,7.6365,0.0000,0.0000,0.5571,-0.6057,0.5681,0.4570,-0.6237,0.6342,0.5076,-0.6219,0.5963,-0.1136,-0.0841,0.4190,Dark,
23.2947,6.1683,7.6305,0.0000,0.0000,0.5575,-0.6050,0.5684,0.4571,-0.6231,0.6347,0.5079,-0.6213,0.5967,-0.1136,-0.0842,0.4191,Dark,
23.3057,6.1586,7.6211,0.0000,0.0000,0.5577,-0.6046,0.5686,0.4571,-0.6227,0.6350,0.5080,-0.6210,0.5969,-0.1136,-0.0841,0.4191,Dark,
23.3172,6.1480,7.6157,0.0000,0.0000,0.5579,-0.6044,0.5687,0.4572,-0.6226,0.6352,0.5081,-0.6208,0.5970,-0.1136,-0.0842,0.4192,Dark,
23.3283,6.1320,7.6064,0.0000,0.0000,0.5578,-0.6042,0.5690,0.4567,-0.6224,0.6356,0.5079,-0.6206,0.5974,-0.1136,-0.0843,0.4192,Dark,
23.3391,6.1380,7.6044,0.0000,0.0000,0.5578,-0.6043,0.5690,0.4565,-0.6225,0.6357,0.5078,-0.6207,0.5974,-0.1136,-0.0842,0.4192,Dark,
23.3502,6.1432,7.6136,0.0000,0.0000,0.5579,-0.6042,0.5690,0.4563,-0.6225,0.6358,0.5077,-0.6207,0.5974,-0.1136,-0.0843,0.4192,Dark,
23.3618,6.1904,7.6271,0.0000,0.0000,0.5580,-0.6038,0.5693,0.4560,-0.6221,0.6364,0.5077,-0.6203,0.5979,-0.1135,-0.0843,0.4192,Dark,
23.3730,6.1916,7.6317,0.0000,0.0000,0.5579,-0.6037,0.5694,0.4558,-0.6221,0.6366,0.5075,-0.6203,0.5980,-0.1135,-0.0843,0.4192,Dark,
23.3841,6.2043,7.6232,0.0000,0.0000,0.5572,-0.6039,0.5700,0.4547,-0.6222,0.6373,0.5066,-0.6205,0.5987,-0.1135,-0.0843,0.4193,Dark,
23.3948,6.2141,7.6199,0.0000,0.0000,0.5542,-0.6046,0.5721,0.4501,-0.6228,0.6399,0.5028,-0.6212,0.6010,-0.1134,-0.0843,0.4193,Dark,
23.4062,6.2216,7.6176,0.0000,0.0000,0.5492,-0.6057,0.5757,0.4442,-0.6234,0.6435,0.4974,-0.6221,0.6046,-0.1133,-0.0843,0.4194,Dark,
23.4172,6.2209,7.6040,0.0000,0.0000,0.5415,-0.6077,0.5809,0.4317,-0.6251,0.6503,0.4872,-0.6244,0.6105,-0.1133,-0.0844,0.4194,Dark,
23.4283,6.2126,7.5908,0.0000,0.0000,0.5397,-0.6085,0.5817,0.4278,-0.6260,0.6520,0.4845,-0.6254,0.6117,-0.1133,-0.0844,0.4194,Dark,
23.4394,6.2180,7.5800,0.0000,0.0000,0.5385,-0.6091,0.5822,0.4248,-0.6267,0.6533,0.4824,-0.6262,0.6126,-0.1132,-0.0844,0.4194,Dark,
23.4509,6.2196,7.5739,0.0000,0.0000,0.5379,-0.6089,0.5830,0.4213,-0.6267,0.6556,0.4804,-0.6263,0.6140,-0.1132,-0.0844,0.4194,Dark,
23.4616,6.2175,7.5931,0.0000,0.0000,0.5375,-0.6089,0.5834,0.4197,-0.6267,0.6566,0.4794,-0.6264,0.6147,-0.1132,-0.0845,0.4194,Dark,
23.4732,6.2279,7.6100,0.0000,0.0000,0.5376,-0.6083,0.5839,0.4189,-0.6261,0.6576,0.4791,-0.6258,0.6155,-0.1131,-0.0844,0.4194,Dark,
23.4839,6.2256,7.6373,0.0000,0.0000,0.5387,-0.6070,0.5842,0.4191,-0.6250,0.6586,0.4798,-0.6247,0.6161,-0.1131,-0.0844,0.4194,Dark,
23.4951,6.2179,7.6477,0.0000,0.0000,0.5389,-0.6065,0.5847,0.4188,-0.6244,0.6594,0.4797,-0.6242,0.6167,-0.1130,-0.0845,0.4194,Dark,
23.5066,6.2114,7.6541,0.0000,0.0000,0.5393,-0.6056,0.5851,0.4189,-0.6235,0.6601,0.4800,-0.6234,0.6173,-0.1130,-0.0845,0.4194,Dark,
23.5175,6.2028,7.6439,0.0000,0.0000,0.5401,-0.6045,0.5856,0.4190,-0.6225,0.6611,0.4804,-0.6224,0.6179,-0.1129,-0.0845,0.4194,Dark,
23.5289,6.2021,7.6214,0.0000,0.0000,0.5410,-0.6041,0.5851,0.4196,-0.6222,0.6610,0.4812,-0.6221,0.6177,-0.1129,-0.0845,0.4194,Dark,
23.5396,6.2046,7.6027,0.0000,0.0000,0.5412,-0.6038,0.5853,0.4194,-0.6219,0.6614,0.4812,-0.6218,0.6179,-0.1127,-0.0845,0.4194,Dark,
23.5507,6.2093,7.5879,0.0000,0.0000,0.5423,-0.6029,0.5852,0.4196,-0.6211,0.6619,0.4819,-0.6210,0.6181,-0.1127,-0.0845,0.4194,Dark,
23.5621,6.2113,7.5953,0.0000,0.0000,0.5431,-0.6020,0.5853,0.4202,-0.6203,0.6623,0.4826,-0.6202,0.6184,-0.1126,-0.0845,0.4194,Dark,
23.5732,6.2197,7.6063,0.0000,0.0000,0.5446,-0.6002,0.5857,0.4209,-0.6187,0.6634,0.4837,-0.6186,0.6191,-0.1125,-0.0845,0.4193,Dark,
23.5841,6.2224,7.6077,0.0000,0.0000,0.5450,-0.6001,0.5855,0.4208,-0.6186,0.6635,0.4839,-0.6186,0.6191,-0.1124,-0.0845,0.4194,Dark,
23.5954,6.2381,7.6075,0.0000,0.0000,0.5464,-0.5983,0.5861,0.4218,-0.6168,0.6645,0.4851,-0.6168,0.6198,-0.1123,-0.0845,0.4194,Dark,
23.6064,6.2333,7.6357,0.0000,0.0000,0.5476,-0.5969,0.5864,0.4224,-0.6155,0.6654,0.4860,-0.6155,0.6205,-0.1122,-0.0844,0.4194,Dark,
23.6176,6.2355,7.6565,0.0000,0.0000,0.5493,-0.5940,0.5878,0.4239,-0.6127,0.6671,0.4876,-0.6127,0.6220,-0.1121,-0.0844,0.4194,Dark,
23.6290,6.2370,7.6737,0.0000,0.0000,0.5492,-0.5946,0.5871,0.4236,-0.6134,0.6666,0.4875,-0.6134,0.6214,-0.1121,-0.0844,0.4195,Dark,
23.6399,6.2393,7.6664,0.0000,0.0000,0.5514,-0.5909,0.5889,0.4252,-0.6098,0.6689,0.4894,-0.6098,0.6234,-0.1121,-0.0844,0.4194,Dark,
23.6510,6.2415,7.6657,0.0000,0.0000,0.5517,-0.5908,0.5887,0.4253,-0.6098,0.6688,0.4896,-0.6097,0.6233,-0.1120,-0.0844,0.4194,Dark,
23.6622,6.2336,7.6762,0.0000,0.0000,0.5523,-0.5898,0.5892,0.4257,-0.6088,0.6695,0.4901,-0.6088,0.6238,-0.1120,-0.0844,0.4194,Dark,
23.6734,6.2242,7.6927,0.0000,0.0000,0.5533,-0.5880,0.5899,0.4265,-0.6071,0.6705,0.4911,-0.6071,0.6247,-0.1120,-0.0843,0.4193,Dark,
23.6844,6.2210,7.6802,0.0000,0.0000,0.5540,-0.5870,0.5904,0.4269,-0.6061,0.6711,0.4916,-0.6061,0.6253,-0.1120,-0.0842,0.4193,Dark,
23.6957,6.2292,7.6670,0.0000,0.0000,0.5548,-0.5856,0.5910,0.4276,-0.6047,0.6719,0.4924,-0.6047,0.6260,-0.1119,-0.0842,0.4193,Dark,
23.7066,6.2460,7.6621,0.0000,0.0000,0.5558,-0.5838,0.5919,0.4282,-0.6029,0.6732,0.4932,-0.6029,0.6271,-0.1119,-0.0841,0.4193,Dark,
23.7179,6.2527,7.6527,0.0000,0.0000,0.5563,-0.5828,0.5923,0.4285,-0.6019,0.6738,0.4936,-0.6020,0.6276,-0.1118,-0.0841,0.4193,Dark,
23.7292,6.2612,7.6467,0.0000,0.0000,0.5571,-0.5815,0.5928,0.4291,-0.6006,0.6746,0.4943,-0.6008,0.6283,-0.1118,-0.0841,0.4193,Dark,
23.7401,6.2941,7.6570,0.0000,0.0000,0.5581,-0.5803,0.5932,0.4299,-0.5994,0.6752,0.4952,-0.5996,0.6287,-0.1118,-0.0840,0.4193,Dark,
23.7512,6.3162,7.6737,0.0000,0.0000,0.5582,-0.5802,0.5931,0.4299,-0.5994,0.6752,0.4953,-0.5995,0.6287,-0.1118,-0.0840,0.4192,Dark,
23.7624,6.3474,7.6882,0.0000,0.0000,0.5587,-0.5796,0.5932,0.4301,-0.5989,0.6755,0.4957,-0.5990,0.6289,-0.1118,-0.0840,0.4192,Dark,
23.7736,6.3721,7.7115,0.0000,0.0000,0.5593,-0.5794,0.5929,0.4300,-0.5988,0.6757,0.4960,-0.5989,0.6288,-0.1118,-0.0839,0.4192,Dark,
23.7846,6.3690,7.7028,0.0000,0.0000,0.5598,-0.5794,0.5925,0.4300,-0.5988,0.6757,0.4962,-0.5989,0.6286,-0.1118,-0.0839,0.4192,Dark,
23.7957,6.3577,7.6938,0.0000,0.0000,0.5602,-0.5793,0.5922,0.4299,-0.5988,0.6757,0.4964,-0.5989,0.6284,-0.1118,-0.0839,0.4191,Dark,
23.8069,6.3384,7.6927,0.0000,0.0000,0.5607,-0.5796,0.5914,0.4298,-0.5993,0.6754,0.4966,-0.5994,0.6278,-0.1119,-0.0838,0.4191,Dark,
23.8180,6.3328,7.6945,0.0000,0.0000,0.5610,-0.5796,0.5910,0.4300,-0.5993,0.6752,0.4968,-0.5994,0.6276,-0.1119,-0.0838,0.4191,Dark,
23.8292,6.3407,7.6971,0.0000,0.0000,0.5613,-0.5797,0.5907,0.4301,-0.5995,0.6750,0.4970,-0.5996,0.6273,-0.1119,-0.0838,0.4191,Dark,
23.8404,6.3545,7.7154,0.0000,0.0000,0.5615,-0.5799,0.5903,0.4297,-0.5998,0.6749,0.4970,-0.5999,0.6270,-0.1118,-0.0837,0.4191,Dark,
23.8514,6.3596,7.7220,0.0000,0.0000,0.5616,-0.5801,0.5900,0.4295,-0.6001,0.6748,0.4969,-0.6001,0.6268,-0.1118,-0.0837,0.4191,Dark,
23.8626,6.3661,7.7410,0.0000,0.0000,0.5610,-0.5805,0.5901,0.4286,-0.6006,0.6749,0.4962,-0.6006,0.6269,-0.1119,-0.0837,0.4191,Dark,
23.8738,6.3685,7.7517,0.0000,0.0000,0.5608,-0.5805,0.5903,0.4284,-0.6006,0.6751,0.4960,-0.6006,0.6271,-0.1120,-0.0837,0.4190,Dark,
23.8850,6.3704,7.7337,0.0000,0.0000,0.5606,-0.5806,0.5904,0.4281,-0.6007,0.6752,0.4957,-0.6007,0.6272,-0.1120,-0.0836,0.4190,Dark,
23.8960,6.3829,7.7159,0.0000,0.0000,0.5600,-0.5808,0.5908,0.4273,-0.6009,0.6755,0.4950,-0.6009,0.6275,-0.1121,-0.0836,0.4191,Dark,
23.9075,6.4040,7.7146,0.0000,0.0000,0.5598,-0.5807,0.5911,0.4269,-0.6008,0.6758,0.4947,-0.6009,0.6278,-0.1121,-0.0836,0.4190,Dark,
23.9182,6.4211,7.7108,0.0000,0.0000,0.5597,-0.5807,0.5913,0.4266,-0.6008,0.6761,0.4945,-0.6008,0.6281,-0.1121,-0.0836,0.4191,Dark,
23.9297,6.4279,7.7067,0.0000,0.0000,0.5594,-0.5807,0.5915,0.4260,-0.6008,0.6764,0.4941,-0.6009,0.6284,-0.1122,-0.0836,0.4191,Dark,
23.9407,6.4315,7.7028,0.0000,0.0000,0.5592,-0.5809,0.5915,0.4258,-0.6010,0.6764,0.4939,-0.6011,0.6283,-0.1122,-0.0835,0.4190,Dark,
23.9519,6.4331,7.7066,0.0000,0.0000,0.5592,-0.5809,0.5916,0.4255,-0.6009,0.6766,0.4937,-0.6010,0.6285,-0.1122,-0.0835,0.4190,Dark,
23.9639,6.4183,7.7172,0.0000,0.0000,0.5586,-0.5809,0.5920,0.4246,-0.6009,0.6773,0.4930,-0.6011,0.6290,-0.1122,-0.0835,0.4190,Dark,
23.9741,6.4355,7.7231,0.0000,0.0000,0.5587,-0.5808,0.5920,0.4245,-0.6009,0.6774,0.4930,-0.6010,0.6291,-0.1122,-0.0835,0.4190,Dark,
23.9855,6.4623,7.7545,0.0000,0.0000,0.5583,-0.5809,0.5923,0.4233,-0.6010,0.6780,0.4922,-0.6012,0.6295,-0.1122,-0.0834,0.4190,Dark,
23.9963,6.4724,7.7642,0.0000,0.0000,0.5584,-0.5807,0.5924,0.4233,-0.6008,0.6782,0.4923,-0.6010,0.6296,-0.1122,-0.0834,0.4190,Dark,
24.0075,6.4830,7.7631,0.0000,0.0000,0.5583,-0.5807,0.5925,0.4227,-0.6007,0.6786,0.4919,-0.6010,0.6299,-0.1122,-0.0833,0.4190,Dark,
24.0185,6.4893,7.7610,0.0000,0.0000,0.5582,-0.5805,0.5928,0.4221,-0.6005,0.6792,0.4916,-0.6009,0.6303,-0.1122,-0.0832,0.4190,Dark,
24.0340,6.4787,7.7447,0.0000,0.0000,0.5573,-0.5808,0.5934,0.4202,-0.6006,0.6802,0.4902,-0.6011,0.6311,-0.1121,-0.0832,0.4190,Dark,
24.0413,6.4539,7.7342,0.0000,0.0000,0.5569,-0.5810,0.5936,0.4195,-0.6008,0.6805,0.4896,-0.6013,0.6314,-0.1121,-0.0830,0.4190,Dark,
24.0519,6.4335,7.7056,0.0000,0.0000,0.5564,-0.5812,0.5938,0.4182,-0.6009,0.6811,0.4887,-0.6016,0.6318,-0.1120,-0.0829,0.4190,Dark,
24.0631,6.4255,7.6861,0.0000,0.0000,0.5553,-0.5819,0.5942,0.4159,-0.6015,0.6820,0.4871,-0.6023,0.6324,-0.1119,-0.0829,0.4191,Dark,
24.0746,6.4125,7.6906,0.0000,0.0000,0.5549,-0.5816,0.5948,0.4150,-0.6012,0.6829,0.4864,-0.6021,0.6331,-0.1119,-0.0827,0.4190,Dark,
24.0856,6.4035,7.6548,0.0000,0.0000,0.5543,-0.5816,0.5954,0.4127,-0.6012,0.6843,0.4850,-0.6022,0.6342,-0.1118,-0.0826,0.4191,Dark,
24.0972,6.4032,7.6358,0.0000,0.0000,0.5544,-0.5809,0.5960,0.4117,-0.6005,0.6855,0.4845,-0.6016,0.6350,-0.1117,-0.0825,0.4191,Dark,
24.1080,6.4024,7.6192,0.0000,0.0000,0.5546,-0.5807,0.5961,0.4109,-0.6003,0.6862,0.4842,-0.6015,0.6354,-0.1116,-0.0823,0.4190,Dark,
24.1187,6.2485,7.4651,0.0000,0.0000,0.5470,-0.5718,0.6115,0.4068,-0.5894,0.6979,0.4783,-0.5913,0.6493,-0.1115,-0.0821,0.4190,Dark,
24.1299,6.1689,7.6375,0.0000,0.0000,0.5523,-0.5325,0.6414,0.4111,-0.5485,0.7281,0.4833,-0.5515,0.6799,-0.1113,-0.0819,0.4190,Dark,
24.1420,6.0469,7.7859,0.0000,0.0000,0.5469,-0.5124,0.6621,0.4090,-0.5264,0.7454,0.4795,-0.5301,0.6993,-0.1110,-0.0816,0.4189,Dark,
24.1523,5.8891,7.7195,0.0000,0.0000,0.5366,-0.4912,0.6861,0.4145,-0.5024,0.7588,0.4768,-0.5061,0.7187,-0.1107,-0.0813,0.4189,Dark,
24.1633,5.8529,7.6881,0.0000,0.0000,0.5324,-0.5031,0.6807,0.4187,-0.5138,0.7488,0.4766,-0.5170,0.7110,-0.1104,-0.0809,0.4189,Dark,
24.1744,5.8780,7.5715,0.0000,0.0000,0.5240,-0.4852,0.7000,0.4295,-0.4935,0.7563,0.4774,-0.4964,0.7250,-0.1100,-0.0802,0.4189,Dark,
24.1856,5.9350,7.4244,0.0000,0.0000,0.5164,-0.4708,0.7153,0.4378,-0.4774,0.7619,0.4776,-0.4799,0.7360,-0.1095,-0.0796,0.4189,Dark,
24.1971,6.0431,7.4239,0.0000,0.0000,0.5118,-0.4620,0.7243,0.4359,-0.4681,0.7687,0.4743,-0.4706,0.7440,-0.1090,-0.0789,0.4191,Dark,
24.2078,6.1293,7.4442,0.0000,0.0000,0.5155,-0.4575,0.7246,0.4408,-0.4637,0.7686,0.4787,-0.4660,0.7441,-0.1085,-0.0779,0.4192,Dark,
24.2193,6.2474,7.5053,0.0000,0.0000,0.5398,-0.4796,0.6918,0.4641,-0.4876,0.7395,0.5025,-0.4892,0.7129,-0.1079,-0.0770,0.4193,Dark,
24.2301,6.2815,7.5314,0.0000,0.0000,0.5340,-0.4573,0.7112,0.4556,-0.4644,0.7595,0.4954,-0.4667,0.7327,-0.1073,-0.0761,0.4193,Dark,
24.2414,6.3001,7.5543,0.0000,0.0000,0.5399,-0.4591,0.7055,0.4599,-0.4664,0.7556,0.5005,-0.4687,0.7278,-0.1066,-0.0750,0.4192,Dark,
24.2524,6.3113,7.5868,0.0000,0.0000,0.5464,-0.4606,0.6995,0.4628,-0.4682,0.7528,0.5053,-0.4708,0.7233,-0.1061,-0.0738,0.4193,Dark,
24.2635,6.3195,7.5982,0.0000,0.0000,0.5471,-0.4600,0.6994,0.4613,-0.4673,0.7542,0.5049,-0.4702,0.7239,-0.1055,-0.0727,0.4193,Dark,
24.2748,6.3258,7.6267,0.0000,0.0000,0.5477,-0.4576,0.7004,0.4601,-0.4646,0.7566,0.5046,-0.4678,0.7256,-0.1050,-0.0716,0.4193,Dark,
24.2859,6.3535,7.6522,0.0000,0.0000,0.5505,-0.4567,0.6988,0.4588,-0.4638,0.7579,0.5055,-0.4674,0.7253,-0.1043,-0.0704,0.4193,Dark,
24.2972,6.3700,7.6530,0.0000,0.0000,0.5506,-0.4522,0.7016,0.4568,-0.4591,0.7619,0.5046,-0.4630,0.7287,-0.1037,-0.0692,0.4193,Dark,
24.3081,6.3826,7.6655,0.0000,0.0000,0.5504,-0.4471,0.7051,0.4547,-0.4535,0.7666,0.5035,-0.4578,0.7328,-0.1031,-0.0678,0.4193,Dark,
24.3192,6.4384,7.6736,0.0000,0.0000,0.5523,-0.4424,0.7065,0.4523,-0.4485,0.7709,0.5033,-0.4533,0.7356,-0.1025,-0.0665,0.4193,Dark,
24.3304,6.4655,7.6738,0.0000,0.0000,0.5527,-0.4366,0.7099,0.4504,-0.4421,0.7757,0.5026,-0.4475,0.7397,-0.1020,-0.0652,0.4194,Dark,
24.3416,6.4868,7.6772,0.0000,0.0000,0.5544,-0.4296,0.7128,0.4477,-0.4344,0.7816,0.5022,-0.4405,0.7441,-0.1016,-0.0638,0.4194,Dark,
24.3526,6.4844,7.6813,0.0000,0.0000,0.5548,-0.4226,0.7167,0.4459,-0.4268,0.7868,0.5016,-0.4335,0.7487,-0.1011,-0.0624,0.4195,Dark,
24.3637,6.5205,7.6852,0.0000,0.0000,0.5559,-0.4159,0.7197,0.4447,-0.4195,0.7914,0.5016,-0.4267,0.7525,-0.1006,-0.0610,0.4195,Dark,
24.3750,6.5540,7.7048,0.0000,0.0000,0.5593,-0.4094,0.7208,0.4437,-0.4127,0.7955,0.5029,-0.4205,0.7552,-0.1003,-0.0596,0.4193,Dark,
24.3861,6.5563,7.7184,0.0000,0.0000,0.5602,-0.4035,0.7235,0.4425,-0.4062,0.7995,0.5028,-0.4145,0.7585,-0.1000,-0.0583,0.4192,Dark,
24.3975,6.5720,7.7288,0.0000,0.0000,0.5617,-0.3973,0.7257,0.4414,-0.3995,0.8034,0.5031,-0.4084,0.7616,-0.0997,-0.0570,0.4189,Dark,
24.4084,6.5585,7.7437,0.0000,0.0000,0.5655,-0.3927,0.7252,0.4411,-0.3945,0.8061,0.5050,-0.4040,0.7627,-0.0998,-0.0558,0.4186,Dark,
24.4199,6.5406,7.7510,0.0000,0.0000,0.5671,-0.3870,0.7271,0.4408,-0.3883,0.8093,0.5058,-0.3982,0.7653,-0.0995,-0.0545,0.4184,Dark,
24.4310,6.5536,7.7561,0.0000,0.0000,0.5694,-0.3810,0.7285,0.4411,-0.3817,0.8123,0.5071,-0.3921,0.7675,-0.0993,-0.0531,0.4182,Dark,
24.4425,6.5567,7.7698,0.0000,0.0000,0.5706,-0.3791,0.7285,0.4389,-0.3794,0.8145,0.5067,-0.3904,0.7687,-0.0994,-0.0517,0.4178,Dark,
24.4533,6.5518,7.7633,0.0000,0.0000,0.5693,-0.3762,0.7310,0.4362,-0.3759,0.8176,0.5047,-0.3873,0.7715,-0.0993,-0.0503,0.4175,Dark,
24.4641,6.5626,7.7573,0.0000,0.0000,0.5711,-0.3697,0.7330,0.4372,-0.3690,0.8202,0.5062,-0.3807,0.7739,-0.0993,-0.0489,0.4171,Dark,
24.4754,6.5666,7.7849,0.0000,0.0000,0.5713,-0.3675,0.7338,0.4365,-0.3666,0.8216,0.5060,-0.3785,0.7751,-0.0996,-0.0476,0.4165,Dark,
24.4866,6.5652,7.8019,0.0000,0.0000,0.5697,-0.3645,0.7366,0.4345,-0.3631,0.8243,0.5042,-0.3753,0.7778,-0.0999,-0.0463,0.4158,Dark,
24.4975,6.6074,7.8221,0.0000,0.0000,0.5733,-0.3610,0.7355,0.4375,-0.3595,0.8242,0.5075,-0.3718,0.7773,-0.1002,-0.0449,0.4152,Dark,
24.5089,6.6148,7.8244,0.0000,0.0000,0.5700,-0.3547,0.7411,0.4350,-0.3524,0.8286,0.5046,-0.3650,0.7824,-0.1007,-0.0435,0.4144,Dark,
24.5201,6.6203,7.8231,0.0000,0.0000,0.5719,-0.3490,0.7424,0.4385,-0.3466,0.8292,0.5073,-0.3592,0.7834,-0.1011,-0.0419,0.4137,Dark,
24.5309,6.5999,7.7319,0.0000,0.0000,0.5142,-0.3583,0.7792,0.3663,-0.3518,0.8614,0.4420,-0.3672,0.8184,-0.1015,-0.0404,0.4131,Dark,
24.5420,6.5849,7.6945,0.0000,0.0000,0.5039,-0.3524,0.7886,0.3528,-0.3451,0.8697,0.4301,-0.3610,0.8275,-0.1021,-0.0388,0.4122,Dark,
24.5537,6.5700,7.6760,0.0000,0.0000,0.4975,-0.3457,0.7956,0.3422,-0.3378,0.8768,0.4216,-0.3543,0.8347,-0.1027,-0.0373,0.4114,Dark,
24.5650,6.5603,7.6612,0.0000,0.0000,0.4888,-0.3397,0.8035,0.3265,-0.3308,0.8854,0.4095,-0.3484,0.8432,-0.1033,-0.0358,0.4106,Dark,
24.5754,6.5652,7.6648,0.0000,0.0000,0.4857,-0.3324,0.8085,0.3206,-0.3232,0.8904,0.4050,-0.3411,0.8483,-0.1043,-0.0341,0.4097,Dark,
24.5866,6.5719,7.6684,0.0000,0.0000,0.4792,-0.3264,0.8148,0.3111,-0.3167,0.8961,0.3971,-0.3350,0.8545,-0.1051,-0.0324,0.4089,Dark,
24.5977,6.5946,7.6754,0.0000,0.0000,0.4690,-0.3197,0.8233,0.2958,-0.3092,0.9038,0.3843,-0.3282,0.8629,-0.1060,-0.0307,0.4082,Dark,
24.6090,6.6021,7.6830,0.0000,0.0000,0.4629,-0.3119,0.8297,0.2871,-0.3010,0.9094,0.3769,-0.3204,0.8690,-0.1070,-0.0289,0.4074,Dark,
24.6200,6.5977,7.6890,0.0000,0.0000,0.4585,-0.3039,0.8351,0.2806,-0.2930,0.9140,0.3715,-0.3126,0.8742,-0.1079,-0.0272,0.4068,Dark,
24.6323,6.6006,7.7127,0.0000,0.0000,0.4570,-0.2962,0.8387,0.2758,-0.2855,0.9178,0.3685,-0.3052,0.8781,-0.1089,-0.0253,0.4060,Dark,
24.6422,6.6107,7.7231,0.0000,0.0000,0.4669,-0.2874,0.8363,0.2853,-0.2776,0.9174,0.3785,-0.2969,0.8767,-0.1099,-0.0234,0.4054,Dark,
24.6539,6.6195,7.7308,0.0000,0.0000,0.4539,-0.2769,0.8470,0.2694,-0.2665,0.9254,0.3640,-0.2862,0.8864,-0.1109,-0.0214,0.4048,Dark,
24.6646,6.6390,7.7476,0.0000,0.0000,0.4519,-0.2700,0.8502,0.2646,-0.2599,0.9287,0.3607,-0.2797,0.8897,-0.1119,-0.0194,0.4042,Dark,
24.6755,6.6472,7.7652,0.0000,0.0000,0.4504,-0.2608,0.8539,0.2618,-0.2510,0.9319,0.3587,-0.2707,0.8934,-0.1131,-0.0175,0.4035,Dark,
24.6871,6.6576,7.7794,0.0000,0.0000,0.4488,-0.2521,0.8573,0.2585,-0.2427,0.9350,0.3564,-0.2623,0.8968,-0.1142,-0.0158,0.4028,Dark,
24.6982,6.6642,7.7808,0.0000,0.0000,0.4495,-0.2461,0.8587,0.2562,-0.2371,0.9371,0.3558,-0.2567,0.8986,-0.1154,-0.0140,0.4021,Dark,
24.7092,6.6629,7.7736,0.0000,0.0000,0.4479,-0.2381,0.8618,0.2525,-0.2293,0.9400,0.3532,-0.2489,0.9018,-0.1166,-0.0123,0.4014,Dark,
24.7202,6.6397,7.7667,0.0000,0.0000,0.4429,-0.2309,0.8663,0.2464,-0.2223,0.9433,0.3477,-0.2418,0.9059,-0.1177,-0.0105,0.4007,Dark,
24.7315,6.5574,7.7268,0.0000,0.0000,0.4227,-0.2189,0.8794,0.2219,-0.2094,0.9523,0.3252,-0.2295,0.9174,-0.1188,-0.0088,0.4000,Dark,
24.7425,6.5068,7.6745,0.0000,0.0000,0.4120,-0.2049,0.8879,0.2072,-0.1948,0.9587,0.3126,-0.2154,0.9251,-0.1199,-0.0070,0.3992,Dark,
24.7537,6.4555,7.6324,0.0000,0.0000,0.3940,-0.1858,0.9001,0.1868,-0.1749,0.9667,0.2932,-0.1960,0.9358,-0.1209,-0.0054,0.3986,Dark,
24.7656,6.4099,7.5785,0.0000,0.0000,0.3707,-0.1568,0.9154,0.1582,-0.1447,0.9768,0.2669,-0.1665,0.9492,-0.1219,-0.0039,0.3979,Dark,
24.7759,6.4093,7.5697,0.0000,0.0000,0.3632,-0.1438,0.9205,0.1489,-0.1315,0.9801,0.2586,-0.1535,0.9537,-0.1228,-0.0025,0.3971,Dark,
24.7870,6.3960,7.5667,0.0000,0.0000,0.3571,-0.1329,0.9246,0.1416,-0.1205,0.9826,0.2519,-0.1425,0.9572,-0.1238,-0.0012,0.3964,Dark,
24.7983,6.3853,7.5912,0.0000,0.0000,0.3526,-0.1223,0.9277,0.1368,-0.1099,0.9845,0.2472,-0.1319,0.9599,-0.1247,0.0001,0.3956,Dark,
24.8095,6.3892,7.5967,0.0000,0.0000,0.3590,-0.1207,0.9255,0.1439,-0.1086,0.9836,0.2542,-0.1304,0.9583,-0.1256,0.0013,0.3949,Dark,
24.8206,6.3916,7.6002,0.0000,0.0000,0.3450,-0.1066,0.9325,0.1293,-0.0942,0.9871,0.2397,-0.1161,0.9639,-0.1265,0.0025,0.3944,Dark,
24.8318,6.3953,7.6019,0.0000,0.0000,0.3425,-0.0999,0.9342,0.1277,-0.0874,0.9880,0.2376,-0.1092,0.9652,-0.1274,0.0037,0.3938,Dark,
24.8427,6.3848,7.5921,0.0000,0.0000,0.3434,-0.0959,0.9343,0.1304,-0.0836,0.9879,0.2395,-0.1052,0.9652,-0.1282,0.0047,0.3932,Dark,
24.8539,6.3944,7.5839,0.0000,0.0000,0.3455,-0.0925,0.9338,0.1328,-0.0802,0.9879,0.2418,-0.1017,0.9650,-0.1290,0.0057,0.3928,Dark,
24.8654,6.4022,7.5747,0.0000,0.0000,0.3458,-0.0875,0.9342,0.1339,-0.0754,0.9881,0.2426,-0.0968,0.9653,-0.1298,0.0068,0.3924,Dark,
24.8762,6.4072,7.5606,0.0000,0.0000,0.3488,-0.0842,0.9334,0.1374,-0.0723,0.9879,0.2460,-0.0935,0.9648,-0.1305,0.0078,0.3921,Dark,
24.8875,6.4189,7.5559,0.0000,0.0000,0.3491,-0.0787,0.9338,0.1371,-0.0669,0.9883,0.2461,-0.0881,0.9652,-0.1312,0.0088,0.3918,Dark,
24.8986,6.4272,7.5314,0.0000,0.0000,0.3494,-0.0737,0.9341,0.1375,-0.0620,0.9886,0.2464,-0.0831,0.9656,-0.1318,0.0099,0.3915,Dark,
24.9097,6.4166,7.5048,0.0000,0.0000,0.3522,-0.0706,0.9332,0.1402,-0.0592,0.9884,0.2493,-0.0802,0.9651,-0.1324,0.0108,0.3913,Dark,
24.9208,6.4161,7.5007,0.0000,0.0000,0.3530,-0.0665,0.9333,0.1405,-0.0551,0.9885,0.2499,-0.0761,0.9653,-0.1330,0.0116,0.3911,Dark,
24.9319,6.4154,7.4891,0.0000,0.0000,0.3531,-0.0623,0.9335,0.1405,-0.0509,0.9888,0.2500,-0.0719,0.9656,-0.1336,0.0125,0.3909,Dark,
24.9431,6.4378,7.4774,0.0000,0.0000,0.3557,-0.0595,0.9327,0.1421,-0.0482,0.9887,0.2522,-0.0692,0.9652,-0.1340,0.0134,0.3907,Dark,
24.9541,6.4405,7.4736,0.0000,0.0000,0.3564,-0.0553,0.9327,0.1419,-0.0443,0.9889,0.2525,-0.0652,0.9654,-0.1345,0.0142,0.3907,Dark,
24.9657,6.4416,7.4588,0.0000,0.0000,0.3564,-0.0500,0.9330,0.1415,-0.0395,0.9891,0.2524,-0.0601,0.9658,-0.1349,0.0151,0.3907,Dark,
24.9764,6.3897,7.4488,0.0000,0.0000,0.3574,-0.0460,0.9328,0.1412,-0.0357,0.9893,0.2529,-0.0563,0.9659,-0.1353,0.0160,0.3907,Dark,
24.9875,6.3729,7.4504,0.0000,0.0000,0.3574,-0.0420,0.9330,0.1403,-0.0318,0.9896,0.2524,-0.0524,0.9662,-0.1358,0.0166,0.3909,Dark,
24.9987,6.3611,7.4487,0.0000,0.0000,0.3568,-0.0386,0.9334,0.1392,-0.0287,0.9899,0.2516,-0.0492,0.9666,-0.1361,0.0174,0.3909,Dark,
25.0098,6.3738,7.4564,0.0000,0.0000,0.3577,-0.0355,0.9332,0.1387,-0.0260,0.9900,0.2519,-0.0463,0.9666,-0.1365,0.0180,0.3910,Dark,
25.0211,6.3669,7.4627,0.0000,0.0000,0.3584,-0.0328,0.9330,0.1387,-0.0237,0.9901,0.2524,-0.0439,0.9666,-0.1368,0.0186,0.3912,Dark,
25.0323,6.3600,7.4613,0.0000,0.0000,0.3590,-0.0308,0.9328,0.1389,-0.0219,0.9901,0.2528,-0.0419,0.9666,-0.1371,0.0190,0.3913,Dark,
25.0432,6.3753,7.4591,0.0000,0.0000,0.3615,-0.0311,0.9319,0.1408,-0.0225,0.9898,0.2551,-0.0425,0.9660,-0.1373,0.0195,0.3914,Dark,
25.0543,6.3953,7.4576,0.0000,0.0000,0.3626,-0.0311,0.9314,0.1417,-0.0230,0.9896,0.2562,-0.0427,0.9657,-0.1375,0.0198,0.3914,Dark,
25.0658,6.4129,7.4631,0.0000,0.0000,0.3637,-0.0316,0.9310,0.1428,-0.0240,0.9895,0.2573,-0.0435,0.9653,-0.1376,0.0200,0.3914,Dark,
25.0772,6.4509,7.4765,0.0000,0.0000,0.3663,-0.0348,0.9299,0.1454,-0.0277,0.9890,0.2600,-0.0469,0.9645,-0.1377,0.0200,0.3914,Dark,
25.0878,6.4437,7.4829,0.0000,0.0000,0.3673,-0.0367,0.9294,0.1464,-0.0300,0.9888,0.2610,-0.0491,0.9641,-0.1379,0.0199,0.3914,Dark,
25.0998,6.4310,7.4799,0.0000,0.0000,0.3696,-0.0404,0.9283,0.1489,-0.0342,0.9883,0.2635,-0.0531,0.9632,-0.1381,0.0198,0.3913,Dark,
25.1100,6.4273,7.4772,0.0000,0.0000,0.3694,-0.0412,0.9284,0.1484,-0.0352,0.9883,0.2632,-0.0540,0.9632,-0.1382,0.0197,0.3912,Dark,
25.1213,6.4253,7.4908,0.0000,0.0000,0.3708,-0.0436,0.9277,0.1497,-0.0379,0.9880,0.2646,-0.0565,0.9627,-0.1383,0.0196,0.3911,Dark,
25.1333,6.4062,7.4891,0.0000,0.0000,0.3728,-0.0476,0.9267,0.1512,-0.0421,0.9876,0.2664,-0.0607,0.9620,-0.1384,0.0194,0.3910,Dark,
25.1438,6.3898,7.4902,0.0000,0.0000,0.3737,-0.0510,0.9261,0.1518,-0.0453,0.9874,0.2671,-0.0641,0.9615,-0.1385,0.0193,0.3907,Dark,
25.1546,6.3980,7.4905,0.0000,0.0000,0.3743,-0.0545,0.9257,0.1518,-0.0487,0.9872,0.2674,-0.0676,0.9612,-0.1386,0.0190,0.3905,Dark,
25.1660,6.4060,7.4947,0.0000,0.0000,0.3745,-0.0578,0.9254,0.1517,-0.0519,0.9871,0.2675,-0.0709,0.9610,-0.1387,0.0188,0.3903,Dark,
25.1772,6.4217,7.4974,0.0000,0.0000,0.3752,-0.0617,0.9249,0.1514,-0.0557,0.9869,0.2677,-0.0748,0.9606,-0.1388,0.0186,0.3900,Dark,
25.1880,6.4155,7.4971,0.0000,0.0000,0.3748,-0.0648,0.9248,0.1507,-0.0587,0.9868,0.2672,-0.0779,0.9605,-0.1389,0.0184,0.3897,Dark,
25.1991,6.4079,7.4910,0.0000,0.0000,0.3743,-0.0673,0.9248,0.1499,-0.0611,0.9868,0.2665,-0.0804,0.9605,-0.1390,0.0183,0.3894,Dark,
25.2102,6.3408,7.4749,0.0000,0.0000,0.3739,-0.0700,0.9248,0.1490,-0.0637,0.9868,0.2659,-0.0831,0.9604,-0.1391,0.0181,0.3891,Dark,
25.2215,6.3360,7.4667,0.0000,0.0000,0.3733,-0.0718,0.9249,0.1482,-0.0654,0.9868,0.2652,-0.0849,0.9605,-0.1392,0.0181,0.3888,Dark,
25.2325,6.3448,7.4783,0.0000,0.0000,0.3729,-0.0731,0.9250,0.1477,-0.0666,0.9868,0.2647,-0.0861,0.9605,-0.1392,0.0181,0.3885,Dark,
25.2437,6.3551,7.4749,0.0000,0.0000,0.3721,-0.0736,0.9253,0.1468,-0.0670,0.9869,0.2638,-0.0866,0.9607,-0.1393,0.0181,0.3882,Dark,
25.2548,6.3721,7.4721,0.0000,0.0000,0.3714,-0.0745,0.9255,0.1460,-0.0677,0.9870,0.2630,-0.0874,0.9608,-0.1394,0.0182,0.3879,Dark,
25.2660,6.3914,7.4799,0.0000,0.0000,0.3709,-0.0748,0.9257,0.1457,-0.0679,0.9870,0.2626,-0.0876,0.9609,-0.1393,0.0182,0.3876,Dark,
25.2774,6.3965,7.4843,0.0000,0.0000,0.3701,-0.0747,0.9260,0.1450,-0.0678,0.9871,0.2619,-0.0875,0.9611,-0.1394,0.0183,0.3873,Dark,
25.2882,6.3908,7.4885,0.0000,0.0000,0.3696,-0.0756,0.9261,0.1445,-0.0686,0.9871,0.2614,-0.0884,0.9612,-0.1395,0.0183,0.3871,Dark,
25.2996,6.3883,7.5105,0.0000,0.0000,0.3690,-0.0756,0.9263,0.1442,-0.0688,0.9872,0.2609,-0.0884,0.9613,-0.1394,0.0184,0.3868,Dark,
25.3106,6.3913,7.5188,0.0000,0.0000,0.3686,-0.0755,0.9265,0.1439,-0.0687,0.9872,0.2606,-0.0884,0.9614,-0.1395,0.0184,0.3865,Dark,
25.3221,6.3652,7.5319,0.0000,0.0000,0.3679,-0.0753,0.9268,0.1435,-0.0686,0.9873,0.2600,-0.0882,0.9616,-0.1395,0.0185,0.3863,Dark,
25.3328,6.3697,7.5367,0.0000,0.0000,0.3673,-0.0744,0.9271,0.1431,-0.0677,0.9874,0.2596,-0.0873,0.9618,-0.1394,0.0187,0.3861,Dark,
25.3443,6.3734,7.5318,0.0000,0.0000,0.3668,-0.0734,0.9274,0.1427,-0.0667,0.9875,0.2591,-0.0862,0.9620,-0.1394,0.0189,0.3859,Dark,
25.3551,6.3853,7.5273,0.0000,0.0000,0.3663,-0.0724,0.9277,0.1425,-0.0657,0.9876,0.2588,-0.0852,0.9622,-0.1394,0.0190,0.3858,Dark,
25.3661,6.4064,7.4907,0.0000,0.0000,0.3665,-0.0712,0.9277,0.1434,-0.0646,0.9876,0.2593,-0.0840,0.9621,-0.1392,0.0191,0.3856,Dark,
25.3778,6.4127,7.4986,0.0000,0.0000,0.3663,-0.0704,0.9278,0.1435,-0.0637,0.9876,0.2592,-0.0831,0.9622,-0.1391,0.0193,0.3855,Bright,
25.3887,6.4229,7.5156,0.0000,0.0000,0.3658,-0.0696,0.9281,0.1436,-0.0629,0.9876,0.2590,-0.0823,0.9624,-0.1391,0.0194,0.3854,Bright,
25.3997,6.4250,7.5340,0.0000,0.0000,0.3655,-0.0688,0.9282,0.1436,-0.0621,0.9877,0.2589,-0.0815,0.9625,-0.1389,0.0194,0.3852,Bright,
25.4110,6.4242,7.5498,0.0000,0.0000,0.3654,-0.0680,0.9284,0.1437,-0.0612,0.9877,0.2588,-0.0806,0.9626,-0.1389,0.0195,0.3852,Bright,
25.4221,6.4347,7.5612,0.0000,0.0000,0.3654,-0.0670,0.9284,0.1443,-0.0601,0.9877,0.2592,-0.0795,0.9626,-0.1388,0.0196,0.3852,Bright,
25.4336,6.4439,7.5654,0.0000,0.0000,0.3655,-0.0661,0.9285,0.1446,-0.0591,0.9877,0.2593,-0.0785,0.9626,-0.1386,0.0197,0.3851,Bright,
25.4444,6.4558,7.5678,0.0000,0.0000,0.3656,-0.0656,0.9285,0.1450,-0.0584,0.9877,0.2596,-0.0779,0.9626,-0.1386,0.0197,0.3852,Bright,
25.4557,6.4743,7.5792,0.0000,0.0000,0.3658,-0.0649,0.9284,0.1456,-0.0576,0.9877,0.2600,-0.0771,0.9625,-0.1385,0.0197,0.3853,Bright,
25.4665,6.4801,7.5718,0.0000,0.0000,0.3661,-0.0647,0.9283,0.1463,-0.0573,0.9876,0.2604,-0.0769,0.9624,-0.1383,0.0197,0.3852,Bright,
25.4780,6.4761,7.5735,0.0000,0.0000,0.3665,-0.0650,0.9282,0.1471,-0.0575,0.9874,0.2610,-0.0771,0.9623,-0.1383,0.0196,0.3853,Bright,
25.4887,6.4828,7.5806,0.0000,0.0000,0.3667,-0.0655,0.9280,0.1476,-0.0581,0.9873,0.2614,-0.0776,0.9621,-0.1382,0.0196,0.3854,Bright,
25.4999,6.4884,7.5838,0.0000,0.0000,0.3672,-0.0663,0.9278,0.1484,-0.0589,0.9872,0.2620,-0.0784,0.9619,-0.1381,0.0194,0.3854,Bright,
25.5113,6.4966,7.5855,0.0000,0.0000,0.3675,-0.0672,0.9276,0.1492,-0.0598,0.9870,0.2626,-0.0793,0.9616,-0.1381,0.0193,0.3855,Bright,
25.5223,6.4954,7.5828,0.0000,0.0000,0.3678,-0.0686,0.9274,0.1498,-0.0613,0.9868,0.2630,-0.0807,0.9614,-0.1381,0.0191,0.3857,Bright,
25.5336,6.4934,7.5909,0.0000,0.0000,0.3680,-0.0699,0.9272,0.1503,-0.0626,0.9867,0.2633,-0.0820,0.9612,-0.1380,0.0189,0.3857,Bright,
25.5445,6.4791,7.6010,0.0000,0.0000,0.3680,-0.0715,0.9271,0.1508,-0.0643,0.9865,0.2636,-0.0836,0.9610,-0.1381,0.0187,0.3859,Bright,
25.5561,6.4870,7.6032,0.0000,0.0000,0.3680,-0.0731,0.9270,0.1510,-0.0659,0.9863,0.2637,-0.0852,0.9608,-0.1381,0.0184,0.3860,Bright,
25.5668,6.4944,7.5962,0.0000,0.0000,0.3680,-0.0744,0.9269,0.1513,-0.0672,0.9862,0.2638,-0.0865,0.9607,-0.1381,0.0182,0.3861,Bright,
25.5780,6.4880,7.5957,0.0000,0.0000,0.3672,-0.0757,0.9271,0.1510,-0.0687,0.9862,0.2632,-0.0878,0.9607,-0.1382,0.0181,0.3863,Bright,
25.5895,6.4909,7.6019,0.0000,0.0000,0.3667,-0.0762,0.9272,0.1507,-0.0693,0.9861,0.2628,-0.0884,0.9608,-0.1383,0.0180,0.3864,Bright,
25.6001,6.4925,7.5942,0.0000,0.0000,0.3662,-0.0766,0.9274,0.1504,-0.0699,0.9861,0.2624,-0.0889,0.9609,-0.1385,0.0178,0.3865,Bright,
25.6114,6.5100,7.5853,0.0000,0.0000,0.3648,-0.0767,0.9279,0.1494,-0.0702,0.9863,0.2612,-0.0890,0.9612,-0.1386,0.0178,0.3867,Bright,
25.6226,6.5036,7.5824,0.0000,0.0000,0.3637,-0.0769,0.9283,0.1486,-0.0705,0.9864,0.2603,-0.0893,0.9614,-0.1388,0.0177,0.3868,Bright,
25.6341,6.4971,7.5761,0.0000,0.0000,0.3626,-0.0770,0.9287,0.1477,-0.0706,0.9865,0.2592,-0.0893,0.9617,-0.1391,0.0176,0.3870,Bright,
25.6448,6.4690,7.5469,0.0000,0.0000,0.3609,-0.0768,0.9294,0.1464,-0.0705,0.9867,0.2577,-0.0891,0.9621,-0.1393,0.0175,0.3871,Bright,
25.6561,6.4489,7.5257,0.0000,0.0000,0.3600,-0.0770,0.9298,0.1455,-0.0706,0.9868,0.2568,-0.0893,0.9623,-0.1395,0.0175,0.3872,Bright,
25.6670,6.4343,7.4747,0.0000,0.0000,0.3592,-0.0772,0.9301,0.1449,-0.0708,0.9869,0.2560,-0.0895,0.9625,-0.1397,0.0174,0.3873,Bright,
25.6783,6.2959,7.3904,0.0000,0.0000,0.3577,-0.0771,0.9306,0.1438,-0.0708,0.9871,0.2548,-0.0894,0.9629,-0.1399,0.0174,0.3874,Bright,
25.6896,6.2417,7.3589,0.0000,0.0000,0.3568,-0.0771,0.9310,0.1431,-0.0710,0.9872,0.2539,-0.0895,0.9631,-0.1402,0.0174,0.3875,Bright,
25.7006,6.2014,7.3096,0.0000,0.0000,0.3562,-0.0771,0.9312,0.1426,-0.0710,0.9872,0.2534,-0.0895,0.9632,-0.1404,0.0173,0.3876,Bright,
25.7117,6.0938,7.2180,0.0000,0.0000,0.3631,-0.0790,0.9284,0.1516,-0.0733,0.9857,0.2614,-0.0915,0.9609,-0.1407,0.0173,0.3877,Bright,
25.7228,6.0519,7.1752,0.0000,0.0000,0.3795,-0.0836,0.9214,0.1691,-0.0784,0.9825,0.2786,-0.0963,0.9556,-0.1409,0.0173,0.3878,Bright,
25.7342,6.0197,7.1378,0.0000,0.0000,0.3928,-0.0838,0.9158,0.1857,-0.0791,0.9794,0.2938,-0.0966,0.9510,-0.1411,0.0172,0.3879,Bright,
25.7453,5.9318,7.0563,0.0000,0.0000,0.4061,-0.0860,0.9098,0.2024,-0.0817,0.9759,0.3089,-0.0989,0.9460,-0.1413,0.0171,0.3880,Bright,
25.7570,5.8774,7.0141,0.0000,0.0000,0.4104,-0.0874,0.9077,0.2083,-0.0835,0.9745,0.3140,-0.1004,0.9441,-0.1416,0.0170,0.3881,Bright,
25.7675,5.8354,6.9641,0.0000,0.0000,0.4117,-0.0888,0.9070,0.2107,-0.0851,0.9738,0.3159,-0.1018,0.9433,-0.1418,0.0167,0.3881,Bright,
25.7785,5.7444,6.8776,0.0000,0.0000,0.4154,-0.0887,0.9053,0.2168,-0.0852,0.9725,0.3208,-0.1017,0.9417,-0.1420,0.0165,0.3882,Bright,
25.7899,5.6958,6.8433,0.0000,0.0000,0.4169,-0.0898,0.9045,0.2196,-0.0866,0.9717,0.3229,-0.1029,0.9408,-0.1423,0.0163,0.3883,Bright,
25.8007,5.6599,6.8031,0.0000,0.0000,0.4139,-0.0904,0.9058,0.2175,-0.0873,0.9721,0.3203,-0.1034,0.9416,-0.1425,0.0160,0.3883,Bright,
25.8119,5.5828,6.7142,0.0000,0.0000,0.4150,-0.0905,0.9053,0.2212,-0.0877,0.9713,0.3227,-0.1035,0.9408,-0.1427,0.0157,0.3884,Bright,
25.8231,5.5421,6.6685,0.0000,0.0000,0.4135,-0.0915,0.9059,0.2207,-0.0889,0.9713,0.3216,-0.1044,0.9411,-0.1429,0.0154,0.3885,Bright,
25.8342,5.5120,6.6098,0.0000,0.0000,0.4129,-0.0931,0.9060,0.2213,-0.0906,0.9710,0.3215,-0.1060,0.9409,-0.1431,0.0150,0.3887,Bright,
25.8455,5.4368,6.5176,0.0000,0.0000,0.4123,-0.0950,0.9061,0.2226,-0.0929,0.9705,0.3219,-0.1080,0.9406,-0.1433,0.0146,0.3888,Bright,
25.8565,5.3738,6.4836,0.0000,0.0000,0.4113,-0.0975,0.9063,0.2224,-0.0955,0.9703,0.3212,-0.1105,0.9405,-0.1434,0.0142,0.3890,Bright,
25.8679,5.3247,6.4364,0.0000,0.0000,0.4112,-0.0998,0.9061,0.2232,-0.0979,0.9698,0.3215,-0.1128,0.9402,-0.1435,0.0137,0.3891,Bright,
25.8787,5.2526,6.3608,0.0000,0.0000,0.4110,-0.1011,0.9060,0.2246,-0.0993,0.9694,0.3220,-0.1140,0.9398,-0.1435,0.0133,0.3893,Bright,
25.8900,5.1960,6.3307,0.0000,0.0000,0.4105,-0.1028,0.9060,0.2248,-0.1011,0.9692,0.3219,-0.1157,0.9397,-0.1436,0.0131,0.3895,Bright,
25.9011,5.1538,6.2767,0.0000,0.0000,0.4101,-0.1040,0.9061,0.2251,-0.1025,0.9689,0.3218,-0.1170,0.9395,-0.1436,0.0128,0.3898,Bright,
25.9120,5.0762,6.1791,0.0000,0.0000,0.4084,-0.1041,0.9069,0.2250,-0.1026,0.9689,0.3209,-0.1169,0.9399,-0.1436,0.0127,0.3900,Bright,
25.9240,5.0292,6.1358,0.0000,0.0000,0.4074,-0.1037,0.9074,0.2249,-0.1023,0.9690,0.3202,-0.1165,0.9402,-0.1436,0.0127,0.3903,Bright,
25.9344,4.9952,6.0888,0.0000,0.0000,0.4063,-0.1027,0.9080,0.2250,-0.1013,0.9691,0.3197,-0.1154,0.9405,-0.1436,0.0127,0.3906,Bright,
25.9457,4.9281,6.0149,0.0000,0.0000,0.4044,-0.1008,0.9090,0.2254,-0.0993,0.9692,0.3189,-0.1133,0.9410,-0.1435,0.0128,0.3909,Bright,
25.9567,4.8939,5.9856,0.0000,0.0000,0.4036,-0.0989,0.9096,0.2256,-0.0974,0.9693,0.3185,-0.1113,0.9414,-0.1434,0.0129,0.3912,Bright,
25.9679,4.8689,5.9508,0.0000,0.0000,0.4022,-0.0977,0.9103,0.2253,-0.0962,0.9695,0.3176,-0.1100,0.9418,-0.1433,0.0129,0.3914,Bright,
25.9790,4.8118,5.8890,0.0000,0.0000,0.4002,-0.0960,0.9114,0.2254,-0.0944,0.9697,0.3166,-0.1080,0.9424,-0.1433,0.0130,0.3916,Bright,
25.9904,4.7836,5.8622,0.0000,0.0000,0.3990,-0.0947,0.9121,0.2250,-0.0930,0.9699,0.3158,-0.1067,0.9428,-0.1431,0.0131,0.3918,Bright,
26.0015,4.7627,5.8309,0.0000,0.0000,0.3979,-0.0934,0.9127,0.2247,-0.0916,0.9701,0.3151,-0.1053,0.9432,-0.1430,0.0131,0.3921,Bright,
26.0126,4.7173,5.7714,0.0000,0.0000,0.3967,-0.0917,0.9133,0.2251,-0.0898,0.9702,0.3146,-0.1034,0.9436,-0.1429,0.0132,0.3923,Bright,
26.0235,4.6942,5.7439,0.0000,0.0000,0.3962,-0.0893,0.9138,0.2253,-0.0872,0.9704,0.3144,-0.1008,0.9439,-0.1428,0.0134,0.3925,Bright,
26.0349,4.6405,5.7006,0.0000,0.0000,0.3949,-0.0852,0.9148,0.2254,-0.0828,0.9707,0.3138,-0.0964,0.9446,-0.1426,0.0138,0.3927,Bright,
26.0460,4.6121,5.6717,0.0000,0.0000,0.3936,-0.0802,0.9158,0.2247,-0.0776,0.9713,0.3128,-0.0912,0.9454,-0.1425,0.0143,0.3929,Bright,
26.0574,4.5922,5.6504,0.0000,0.0000,0.3924,-0.0749,0.9167,0.2241,-0.0721,0.9719,0.3118,-0.0858,0.9463,-0.1424,0.0149,0.3931,Bright,
26.0682,4.5700,5.5645,0.0000,0.0000,0.3907,-0.0688,0.9179,0.2237,-0.0658,0.9724,0.3107,-0.0795,0.9472,-0.1423,0.0154,0.3933,Bright,
26.0790,4.5362,5.4898,0.0000,0.0000,0.3887,-0.0619,0.9193,0.2222,-0.0585,0.9732,0.3090,-0.0724,0.9483,-0.1422,0.0162,0.3934,Bright,
26.0906,4.4557,5.4324,0.0000,0.0000,0.3785,-0.0484,0.9243,0.2139,-0.0444,0.9758,0.2995,-0.0583,0.9523,-0.1422,0.0172,0.3935,Bright,
26.1021,4.3112,5.2998,0.0000,0.0000,0.3450,0.0194,0.9384,0.1857,0.0247,0.9823,0.2684,0.0109,0.9632,-0.1423,0.0185,0.3936,Bright,
26.1126,4.2517,5.1782,0.0000,0.0000,0.3195,0.0768,0.9445,0.1588,0.0830,0.9838,0.2421,0.0690,0.9678,-0.1424,0.0200,0.3936,Bright,
26.1240,4.2108,5.0838,0.0000,0.0000,0.3171,0.0719,0.9457,0.1656,0.0779,0.9831,0.2440,0.0645,0.9676,-0.1425,0.0214,0.3935,Bright,
26.1350,4.1468,4.9641,0.0000,0.0000,0.2761,0.1347,0.9516,0.1322,0.1405,0.9812,0.2064,0.1282,0.9700,-0.1427,0.0227,0.3933,Bright,
26.1460,4.0986,4.9346,0.0000,0.0000,0.2303,0.2082,0.9506,0.0910,0.2130,0.9728,0.1625,0.2019,0.9658,-0.1429,0.0243,0.3930,Bright,
26.1574,4.0574,4.9248,0.0000,0.0000,0.2255,0.2220,0.9486,0.0935,0.2268,0.9694,0.1613,0.2162,0.9629,-0.1432,0.0261,0.3927,Bright,
26.1685,4.0028,4.9247,0.0000,0.0000,0.1940,0.2683,0.9436,0.0732,0.2720,0.9595,0.1351,0.2629,0.9553,-0.1435,0.0279,0.3922,Bright,
26.1795,4.0002,4.9253,0.0000,0.0000,0.1958,0.2760,0.9410,0.0780,0.2800,0.9568,0.1383,0.2709,0.9526,-0.1438,0.0298,0.3916,Bright,
26.1907,4.0020,4.9188,0.0000,0.0000,0.1790,0.3069,0.9347,0.0641,0.3106,0.9484,0.1229,0.3020,0.9454,-0.1442,0.0315,0.3910,Bright,
26.2022,4.0192,4.8939,0.0000,0.0000,0.1922,0.2998,0.9345,0.0779,0.3042,0.9494,0.1364,0.2952,0.9456,-0.1447,0.0332,0.3902,Bright,
26.2128,4.0313,4.8784,0.0000,0.0000,0.1878,0.3164,0.9299,0.0732,0.3209,0.9443,0.1319,0.3119,0.9409,-0.1451,0.0351,0.3893,Bright,
26.2240,4.0400,4.8632,0.0000,0.0000,0.1900,0.3236,0.9269,0.0750,0.3284,0.9416,0.1339,0.3193,0.9381,-0.1456,0.0371,0.3883,Bright,
26.2352,4.0290,4.8483,0.0000,0.0000,0.1975,0.3224,0.9258,0.0800,0.3276,0.9414,0.1403,0.3181,0.9376,-0.1460,0.0391,0.3872,Bright,
26.2462,4.0130,4.8467,0.0000,0.0000,0.2004,0.3258,0.9240,0.0810,0.3312,0.9401,0.1423,0.3215,0.9362,-0.1465,0.0410,0.3861,Bright,
26.2575,3.9996,4.8356,0.0000,0.0000,0.1996,0.3338,0.9213,0.0784,0.3393,0.9374,0.1406,0.3295,0.9336,-0.1471,0.0426,0.3848,Bright,
26.2686,3.9830,4.8326,0.0000,0.0000,0.2035,0.3309,0.9215,0.0779,0.3368,0.9383,0.1424,0.3265,0.9344,-0.1476,0.0439,0.3834,Bright,
26.2797,3.9922,4.8381,0.0000,0.0000,0.2032,0.3362,0.9196,0.0749,0.3423,0.9366,0.1408,0.3318,0.9328,-0.1481,0.0453,0.3822,Bright,
26.2909,4.0010,4.8326,0.0000,0.0000,0.2034,0.3398,0.9182,0.0723,0.3462,0.9354,0.1396,0.3354,0.9317,-0.1486,0.0464,0.3808,Bright,
26.3022,4.0239,4.8271,0.0000,0.0000,0.2002,0.3368,0.9200,0.0617,0.3432,0.9372,0.1328,0.3320,0.9339,-0.1491,0.0475,0.3794,Bright,
26.3132,4.0188,4.8250,0.0000,0.0000,0.1957,0.3393,0.9201,0.0533,0.3457,0.9368,0.1264,0.3343,0.9340,-0.1495,0.0485,0.3781,Bright,
26.3243,4.0129,4.8273,0.0000,0.0000,0.1945,0.3412,0.9196,0.0485,0.3476,0.9364,0.1234,0.3361,0.9337,-0.1500,0.0495,0.3769,Bright,
26.3357,4.0096,4.8049,0.0000,0.0000,0.1887,0.3400,0.9213,0.0354,0.3462,0.9375,0.1140,0.3343,0.9355,-0.1504,0.0505,0.3756,Bright,
26.3465,3.9874,4.7835,0.0000,0.0000,0.1853,0.3448,0.9202,0.0293,0.3509,0.9360,0.1093,0.3390,0.9344,-0.1508,0.0516,0.3743,Bright,
26.3578,3.9699,4.7487,0.0000,0.0000,0.1825,0.3499,0.9188,0.0230,0.3559,0.9342,0.1048,0.3440,0.9331,-0.1513,0.0527,0.3730,Bright,
26.3691,3.9067,4.6923,0.0000,0.0000,0.1769,0.3577,0.9169,0.0117,0.3633,0.9316,0.0963,0.3513,0.9313,-0.1516,0.0539,0.3717,Bright,
26.3799,3.8993,4.6729,0.0000,0.0000,0.1750,0.3674,0.9135,0.0069,0.3726,0.9280,0.0930,0.3607,0.9280,-0.1520,0.0552,0.3703,Bright,
26.3912,3.8968,4.6611,0.0000,0.0000,0.1740,0.3727,0.9115,0.0032,0.3776,0.9260,0.0907,0.3658,0.9263,-0.1524,0.0564,0.3689,Bright,
26.4024,3.8879,4.6485,0.0000,0.0000,0.1722,0.3835,0.9073,-0.0031,0.3879,0.9217,0.0867,0.3763,0.9224,-0.1528,0.0577,0.3674,Bright,
26.4135,3.8795,4.6450,0.0000,0.0000,0.1711,0.3934,0.9033,-0.0065,0.3973,0.9176,0.0845,0.3859,0.9187,-0.1532,0.0591,0.3658,Bright,
26.4251,3.8714,4.6435,0.0000,0.0000,0.1693,0.4023,0.8997,-0.0107,0.4056,0.9140,0.0815,0.3945,0.9153,-0.1536,0.0604,0.3642,Bright,
26.4361,3.8685,4.6417,0.0000,0.0000,0.1684,0.4109,0.8960,-0.0159,0.4137,0.9103,0.0785,0.4027,0.9119,-0.1540,0.0617,0.3626,Bright,
26.4470,3.8715,4.6414,0.0000,0.0000,0.1677,0.4200,0.8919,-0.0186,0.4223,0.9063,0.0769,0.4115,0.9081,-0.1543,0.0631,0.3609,Bright,
26.4597,3.8630,4.6402,0.0000,0.0000,0.1672,0.4288,0.8878,-0.0232,0.4305,0.9023,0.0744,0.4200,0.9045,-0.1546,0.0645,0.3591,Bright,
26.4697,3.8526,4.6263,0.0000,0.0000,0.1671,0.4392,0.8827,-0.0252,0.4404,0.8975,0.0734,0.4302,0.8998,-0.1550,0.0659,0.3573,Bright,
26.4803,3.8739,4.6147,0.0000,0.0000,0.1675,0.4500,0.8772,-0.0266,0.4507,0.8923,0.0729,0.4408,0.8947,-0.1553,0.0674,0.3554,Bright,
26.4915,3.8923,4.6092,0.0000,0.0000,0.1672,0.4606,0.8717,-0.0288,0.4608,0.8870,0.0717,0.4512,0.8895,-0.1556,0.0689,0.3535,Bright,
26.5028,3.8731,4.5953,0.0000,0.0000,0.1670,0.4693,0.8671,-0.0327,0.4690,0.8826,0.0697,0.4596,0.8854,-0.1560,0.0703,0.3517,Bright,
26.5137,3.8565,4.5882,0.0000,0.0000,0.1665,0.4794,0.8616,-0.0347,0.4787,0.8773,0.0685,0.4696,0.8802,-0.1563,0.0717,0.3497,Bright,
26.5247,3.8407,4.5585,0.0000,0.0000,0.1668,0.4898,0.8558,-0.0358,0.4889,0.8716,0.0681,0.4799,0.8747,-0.1566,0.0729,0.3478,Bright,
26.5361,3.7876,4.4935,0.0000,0.0000,0.1664,0.4998,0.8500,-0.0377,0.4987,0.8660,0.0670,0.4899,0.8692,-0.1569,0.0741,0.3460,Bright,
26.5470,3.7836,4.4622,0.0000,0.0000,0.1663,0.5098,0.8441,-0.0377,0.5085,0.8603,0.0669,0.4999,0.8635,-0.1572,0.0752,0.3442,Bright,
26.5583,3.7672,4.4398,0.0000,0.0000,0.1645,0.5192,0.8387,-0.0403,0.5173,0.8548,0.0648,0.5092,0.8582,-0.1574,0.0762,0.3424,Bright,
26.5697,3.7558,4.4350,0.0000,0.0000,0.1643,0.5278,0.8334,-0.0409,0.5257,0.8497,0.0644,0.5178,0.8531,-0.1577,0.0770,0.3407,Bright,
26.5803,3.7477,4.4329,0.0000,0.0000,0.1639,0.5356,0.8284,-0.0418,0.5334,0.8448,0.0637,0.5256,0.8483,-0.1579,0.0779,0.3391,Bright,
26.5916,3.7365,4.4452,0.0000,0.0000,0.1630,0.5423,0.8242,-0.0431,0.5398,0.8407,0.0627,0.5322,0.8443,-0.1582,0.0786,0.3375,Bright,
26.6030,3.7348,4.4386,0.0000,0.0000,0.1631,0.5487,0.8200,-0.0430,0.5461,0.8366,0.0628,0.5387,0.8402,-0.1584,0.0793,0.3361,Bright,
26.6139,3.7404,4.4330,0.0000,0.0000,0.1629,0.5550,0.8157,-0.0433,0.5522,0.8326,0.0625,0.5450,0.8361,-0.1586,0.0801,0.3347,Bright,
26.6253,3.7503,4.4364,0.0000,0.0000,0.1621,0.5600,0.8125,-0.0441,0.5569,0.8294,0.0618,0.5499,0.8329,-0.1588,0.0808,0.3334,Bright,
26.6361,3.7543,4.4359,0.0000,0.0000,0.1620,0.5650,0.8090,-0.0441,0.5617,0.8261,0.0617,0.5549,0.8296,-0.1590,0.0814,0.3323,Bright,
26.6473,3.7517,4.4362,0.0000,0.0000,0.1622,0.5695,0.8058,-0.0438,0.5663,0.8230,0.0620,0.5595,0.8265,-0.1592,0.0819,0.3312,Bright,
26.6585,3.7085,4.4180,0.0000,0.0000,0.1617,0.5747,0.8023,-0.0438,0.5710,0.8198,0.0618,0.5645,0.8231,-0.1593,0.0824,0.3302,Bright,
26.6699,3.6749,4.3736,0.0000,0.0000,0.1620,0.5827,0.7964,-0.0422,0.5787,0.8144,0.0627,0.5725,0.8175,-0.1595,0.0828,0.3293,Bright,
26.6807,3.6355,4.3372,0.0000,0.0000,0.1620,0.5908,0.7904,-0.0410,0.5866,0.8089,0.0634,0.5807,0.8117,-0.1596,0.0832,0.3284,Bright,
26.6917,3.5944,4.2632,0.0000,0.0000,0.1618,0.5958,0.7867,-0.0355,0.5917,0.8053,0.0661,0.5860,0.8076,-0.1597,0.0836,0.3277,Bright,
26.7030,3.5900,4.2514,0.0000,0.0000,0.1622,0.6004,0.7831,-0.0314,0.5965,0.8020,0.0683,0.5908,0.8039,-0.1599,0.0838,0.3271,Bright,
26.7142,3.5928,4.2481,0.0000,0.0000,0.1628,0.6042,0.7800,-0.0278,0.6004,0.7992,0.0705,0.5949,0.8007,-0.1599,0.0840,0.3265,Bright,
26.7257,3.5984,4.2446,0.0000,0.0000,0.1649,0.6076,0.7769,-0.0199,0.6044,0.7965,0.0754,0.5987,0.7974,-0.1599,0.0841,0.3260,Bright,
26.7371,3.5992,4.2335,0.0000,0.0000,0.1649,0.6086,0.7761,-0.0176,0.6053,0.7958,0.0765,0.5998,0.7965,-0.1601,0.0842,0.3257,Bright,
26.7476,3.5866,4.2233,0.0000,0.0000,0.1651,0.6088,0.7760,-0.0155,0.6056,0.7956,0.0777,0.6000,0.7962,-0.1600,0.0843,0.3254,Bright,
26.7585,3.5677,4.2115,0.0000,0.0000,0.1654,0.6092,0.7756,-0.0117,0.6062,0.7952,0.0797,0.6006,0.7955,-0.1600,0.0843,0.3251,Bright,
26.7702,3.5591,4.2108,0.0000,0.0000,0.1668,0.6093,0.7752,-0.0089,0.6065,0.7950,0.0819,0.6009,0.7951,-0.1599,0.0843,0.3250,Bright,
26.7814,3.5530,4.2114,0.0000,0.0000,0.1676,0.6120,0.7729,-0.0067,0.6094,0.7928,0.0833,0.6037,0.7928,-0.1598,0.0844,0.3248,Bright,
26.7919,3.5546,4.1832,0.0000,0.0000,0.1695,0.6095,0.7744,-0.0022,0.6072,0.7945,0.0865,0.6014,0.7942,-0.1597,0.0844,0.3247,Bright,
26.8032,3.5529,4.1611,0.0000,0.0000,0.1702,0.6094,0.7744,-0.0003,0.6072,0.7945,0.0878,0.6014,0.7941,-0.1596,0.0844,0.3247,Bright,
26.8144,3.5506,4.1446,0.0000,0.0000,0.1734,0.6120,0.7716,0.0051,0.6104,0.7921,0.0921,0.6044,0.7913,-0.1595,0.0845,0.3247,Bright,
26.8256,3.5578,4.1484,0.0000,0.0000,0.1764,0.6134,0.7698,0.0090,0.6121,0.7908,0.0956,0.6060,0.7897,-0.1593,0.0845,0.3246,Bright,
26.8371,3.5636,4.1513,0.0000,0.0000,0.1800,0.6152,0.7676,0.0138,0.6143,0.7889,0.0998,0.6081,0.7876,-0.1592,0.0845,0.3247,Bright,
26.8478,3.5325,4.1601,0.0000,0.0000,0.1875,0.6200,0.7619,0.0235,0.6200,0.7842,0.1085,0.6134,0.7823,-0.1590,0.0846,0.3247,Bright,
26.8590,3.5244,4.1618,0.0000,0.0000,0.1913,0.6219,0.7593,0.0282,0.6224,0.7822,0.1128,0.6156,0.7799,-0.1588,0.0846,0.3248,Bright,
26.8702,3.5179,4.1956,0.0000,0.0000,0.1972,0.6247,0.7555,0.0359,0.6259,0.7791,0.1196,0.6189,0.7763,-0.1586,0.0846,0.3248,Bright,
26.8816,3.4806,4.2295,0.0000,0.0000,0.2600,0.6448,0.7188,0.1093,0.6532,0.7493,0.1882,0.6430,0.7424,-0.1584,0.0846,0.3249,Bright,
26.8926,3.4540,4.2322,0.0000,0.0000,0.3123,0.6520,0.6910,0.1650,0.6662,0.7273,0.2427,0.6531,0.7173,-0.1581,0.0846,0.3250,Bright,
26.9034,3.4323,4.2709,0.0000,0.0000,0.3631,0.6578,0.6599,0.2302,0.6769,0.6992,0.3009,0.6617,0.6868,-0.1580,0.0845,0.3250,Bright,
26.9149,3.4305,4.2795,0.0000,0.0000,0.4150,0.6600,0.6262,0.2982,0.6830,0.6667,0.3608,0.6662,0.6527,-0.1578,0.0844,0.3251,Bright,
26.9258,3.4498,4.2618,0.0000,0.0000,0.4272,0.6589,0.6192,0.3152,0.6824,0.6595,0.3752,0.6654,0.6453,-0.1577,0.0844,0.3252,Bright,
26.9371,3.4669,4.2530,0.0000,0.0000,0.4330,0.6585,0.6155,0.3262,0.6817,0.6549,0.3835,0.6650,0.6408,-0.1576,0.0843,0.3253,Bright,
26.9481,3.4551,4.2329,0.0000,0.0000,0.4335,0.6571,0.6167,0.3321,0.6792,0.6545,0.3865,0.6632,0.6409,-0.1575,0.0843,0.3254,Bright,
26.9591,3.4558,4.2284,0.0000,0.0000,0.4306,0.6563,0.6196,0.3303,0.6778,0.6569,0.3840,0.6622,0.6435,-0.1574,0.0843,0.3255,Bright,
26.9702,3.4559,4.2297,0.0000,0.0000,0.4261,0.6556,0.6233,0.3271,0.6763,0.6600,0.3801,0.6612,0.6468,-0.1574,0.0841,0.3256,Bright,
26.9816,3.4519,4.2211,0.0000,0.0000,0.4101,0.6541,0.6356,0.3115,0.6729,0.6709,0.3641,0.6587,0.6584,-0.1573,0.0841,0.3257,Bright,
26.9924,3.4551,4.2135,0.0000,0.0000,0.4113,0.6536,0.6353,0.3136,0.6723,0.6706,0.3658,0.6582,0.6580,-0.1573,0.0841,0.3259,Bright,
27.0036,3.4570,4.2109,0.0000,0.0000,0.4047,0.6532,0.6399,0.3073,0.6710,0.6748,0.3593,0.6574,0.6623,-0.1574,0.0839,0.3260,Bright,
27.0149,3.4487,4.2151,0.0000,0.0000,0.3984,0.6528,0.6443,0.3013,0.6698,0.6787,0.3531,0.6566,0.6665,-0.1575,0.0839,0.3262,Bright,
27.0258,3.4534,4.2207,0.0000,0.0000,0.3957,0.6526,0.6462,0.2986,0.6692,0.6805,0.3504,0.6562,0.6683,-0.1576,0.0839,0.3264,Bright,
27.0370,3.4574,4.2181,0.0000,0.0000,0.3932,0.6523,0.6480,0.2961,0.6685,0.6822,0.3479,0.6557,0.6701,-0.1578,0.0838,0.3266,Bright,
27.0481,3.4584,4.2219,0.0000,0.0000,0.3907,0.6513,0.6505,0.2935,0.6671,0.6847,0.3454,0.6546,0.6725,-0.1580,0.0837,0.3268,Bright,
27.0594,3.4609,4.2274,0.0000,0.0000,0.3889,0.6505,0.6524,0.2916,0.6659,0.6867,0.3435,0.6535,0.6745,-0.1583,0.0836,0.3271,Bright,
27.0703,3.4622,4.2267,0.0000,0.0000,0.3873,0.6491,0.6548,0.2901,0.6642,0.6890,0.3419,0.6520,0.6768,-0.1587,0.0832,0.3274,Bright,
27.0818,3.4645,4.2400,0.0000,0.0000,0.3841,0.6466,0.6590,0.2856,0.6613,0.6936,0.3382,0.6492,0.6813,-0.1591,0.0829,0.3278,Bright,
27.0928,3.4686,4.2505,0.0000,0.0000,0.3744,0.6411,0.6699,0.2748,0.6547,0.7042,0.3279,0.6431,0.6920,-0.1595,0.0825,0.3282,Bright,
27.1039,3.4717,4.2485,0.0000,0.0000,0.3511,0.6294,0.6932,0.2455,0.6408,0.7274,0.3016,0.6301,0.7155,-0.1600,0.0819,0.3286,Bright,
27.1152,3.5101,4.2424,0.0000,0.0000,0.2813,0.5943,0.7534,0.1639,0.5992,0.7837,0.2258,0.5912,0.7743,-0.1605,0.0814,0.3290,Bright,
27.1261,3.5232,4.2380,0.0000,0.0000,0.2601,0.5793,0.7725,0.1377,0.5819,0.8016,0.2020,0.5748,0.7930,-0.1610,0.0808,0.3295,Bright,
27.1375,3.5328,4.2280,0.0000,0.0000,0.2344,0.5613,0.7937,0.1059,0.5612,0.8209,0.1733,0.5552,0.8135,-0.1615,0.0803,0.3299,Bright,
27.1483,3.5440,4.2248,0.0000,0.0000,0.2042,0.5392,0.8171,0.0662,0.5355,0.8419,0.1383,0.5308,0.8362,-0.1620,0.0797,0.3304,Bright,
27.1598,3.5434,4.2287,0.0000,0.0000,0.1930,0.5282,0.8269,0.0509,0.5230,0.8508,0.1250,0.5188,0.8457,-0.1625,0.0791,0.3310,Bright,
27.1706,3.5429,4.2297,0.0000,0.0000,0.1882,0.5211,0.8325,0.0424,0.5149,0.8562,0.1184,0.5110,0.8514,-0.1631,0.0784,0.3315,Bright,
27.1826,3.5404,4.2241,0.0000,0.0000,0.1853,0.5146,0.8372,0.0333,0.5073,0.8611,0.1126,0.5037,0.8565,-0.1637,0.0779,0.3322,Bright,
27.1930,3.5243,4.2179,0.0000,0.0000,0.1782,0.5060,0.8439,0.0235,0.4976,0.8671,0.1041,0.4943,0.8630,-0.1643,0.0773,0.3328,Bright,
27.2043,3.5110,4.2096,0.0000,0.0000,0.1754,0.5008,0.8476,0.0183,0.4919,0.8705,0.1001,0.4887,0.8667,-0.1651,0.0767,0.3334,Bright,
27.2156,3.4924,4.1952,0.0000,0.0000,0.1752,0.4975,0.8496,0.0147,0.4883,0.8725,0.0983,0.4851,0.8689,-0.1658,0.0762,0.3341,Bright,
27.2268,3.4898,4.1894,0.0000,0.0000,0.1734,0.4936,0.8522,0.0115,0.4843,0.8748,0.0958,0.4811,0.8714,-0.1665,0.0757,0.3347,Bright,
27.2378,3.4893,4.2103,0.0000,0.0000,0.1704,0.4910,0.8543,0.0070,0.4816,0.8764,0.0922,0.4784,0.8733,-0.1672,0.0753,0.3354,Bright,
27.2485,3.5243,4.2335,0.0000,0.0000,0.1624,0.4886,0.8573,-0.0052,0.4783,0.8782,0.0820,0.4753,0.8760,-0.1678,0.0749,0.3360,Bright,
27.2599,3.5577,4.2370,0.0000,0.0000,0.1463,0.4831,0.8632,-0.0223,0.4716,0.8815,0.0653,0.4692,0.8807,-0.1684,0.0747,0.3366,Bright,
27.2711,3.5842,4.2449,0.0000,0.0000,0.1307,0.4760,0.8697,-0.0422,0.4630,0.8854,0.0474,0.4611,0.8861,-0.1690,0.0743,0.3371,Bright,
27.2825,3.6091,4.2450,0.0000,0.0000,0.1004,0.4622,0.8810,-0.0787,0.4461,0.8915,0.0137,0.4454,0.8952,-0.1696,0.0741,0.3377,Bright,
27.2933,3.6033,4.2421,0.0000,0.0000,0.0897,0.4556,0.8857,-0.0928,0.4384,0.8940,0.0011,0.4380,0.8990,-0.1702,0.0738,0.3382,Bright,
27.3044,3.5963,4.2407,0.0000,0.0000,0.0788,0.4489,0.8901,-0.1081,0.4303,0.8962,-0.0120,0.4304,0.9026,-0.1708,0.0735,0.3387,Bright,
27.3156,3.5851,4.2386,0.0000,0.0000,0.0665,0.4412,0.8949,-0.1284,0.4207,0.8981,-0.0284,0.4213,0.9065,-0.1714,0.0732,0.3392,Bright,
27.3266,3.5777,4.2387,0.0000,0.0000,0.0595,0.4358,0.8981,-0.1390,0.4145,0.8994,-0.0374,0.4153,0.9089,-0.1720,0.0729,0.3397,Bright,
27.3383,3.5725,4.2330,0.0000,0.0000,0.0539,0.4309,0.9008,-0.1477,0.4090,0.9005,-0.0446,0.4099,0.9111,-0.1727,0.0724,0.3402,Bright,
27.3491,3.5559,4.2296,0.0000,0.0000,0.0505,0.4267,0.9030,-0.1564,0.4039,0.9013,-0.0507,0.4050,0.9129,-0.1732,0.0721,0.3406,Bright,
27.3608,3.5559,4.2310,0.0000,0.0000,0.0466,0.4232,0.9048,-0.1623,0.4001,0.9020,-0.0556,0.4012,0.9143,-0.1738,0.0717,0.3411,Bright,
27.3713,3.5568,4.2318,0.0000,0.0000,0.0418,0.4192,0.9069,-0.1686,0.3957,0.9028,-0.0612,0.3969,0.9158,-0.1743,0.0713,0.3415,Bright,
27.3826,3.5806,4.2263,0.0000,0.0000,0.0403,0.4169,0.9080,-0.1723,0.3932,0.9032,-0.0638,0.3944,0.9167,-0.1749,0.0710,0.3419,Bright,
27.3937,3.5775,4.2202,0.0000,0.0000,0.0357,0.4137,0.9097,-0.1777,0.3896,0.9037,-0.0689,0.3908,0.9179,-0.1754,0.0708,0.3424,Bright,
27.4045,3.5735,4.2128,0.0000,0.0000,0.0330,0.4111,0.9110,-0.1804,0.3870,0.9043,-0.0716,0.3882,0.9188,-0.1760,0.0704,0.3428,Bright,
27.4158,3.5682,4.2105,0.0000,0.0000,0.0291,0.4087,0.9122,-0.1841,0.3844,0.9046,-0.0754,0.3857,0.9195,-0.1766,0.0702,0.3432,Bright,
27.4269,3.5562,4.2144,0.0000,0.0000,0.0248,0.4062,0.9135,-0.1883,0.3818,0.9049,-0.0797,0.3831,0.9202,-0.1773,0.0699,0.3437,Bright,
27.4382,3.5474,4.2259,0.0000,0.0000,0.0183,0.4028,0.9151,-0.1953,0.3780,0.9050,-0.0865,0.3795,0.9211,-0.1779,0.0695,0.3441,Bright,
27.4492,3.5476,4.2370,0.0000,0.0000,0.0115,0.3984,0.9172,-0.2035,0.3730,0.9052,-0.0941,0.3747,0.9224,-0.1786,0.0692,0.3446,Bright,
27.4602,3.5701,4.2371,0.0000,0.0000,0.0065,0.3911,0.9203,-0.2085,0.3658,0.9070,-0.0992,0.3673,0.9248,-0.1793,0.0688,0.3452,Bright,
27.4714,3.5895,4.2473,0.0000,0.0000,0.0014,0.3781,0.9258,-0.2177,0.3522,0.9102,-0.1064,0.3537,0.9293,-0.1800,0.0683,0.3456,Bright,
27.4824,3.6250,4.2743,0.0000,0.0000,-0.0066,0.3645,0.9312,-0.2315,0.3376,0.9124,-0.1175,0.3391,0.9334,-0.1807,0.0679,0.3461,Bright,
27.4943,3.6318,4.2903,0.0000,0.0000,-0.0138,0.3574,0.9339,-0.2420,0.3297,0.9125,-0.1265,0.3314,0.9350,-0.1813,0.0675,0.3466,Bright,
27.5050,3.6349,4.2960,0.0000,0.0000,-0.0146,0.3533,0.9354,-0.2476,0.3251,0.9127,-0.1297,0.3267,0.9362,-0.1819,0.0670,0.3470,Bright,
27.5162,3.6213,4.3051,0.0000,0.0000,-0.0126,0.3515,0.9361,-0.2551,0.3223,0.9116,-0.1325,0.3240,0.9367,-0.1826,0.0667,0.3476,Bright,
27.5276,3.6138,4.3093,0.0000,0.0000,-0.0141,0.3513,0.9362,-0.2611,0.3215,0.9102,-0.1363,0.3233,0.9364,-0.1832,0.0664,0.3481,Bright,
27.5383,3.6084,4.3043,0.0000,0.0000,-0.0156,0.3503,0.9365,-0.2667,0.3201,0.9091,-0.1399,0.3219,0.9364,-0.1839,0.0660,0.3486,Bright,
27.5497,3.6117,4.2965,0.0000,0.0000,-0.0133,0.3517,0.9360,-0.2723,0.3208,0.9072,-0.1416,0.3226,0.9359,-0.1845,0.0658,0.3492,Bright,
27.5605,3.6124,4.2928,0.0000,0.0000,-0.0148,0.3512,0.9362,-0.2774,0.3200,0.9059,-0.1450,0.3218,0.9356,-0.1851,0.0656,0.3497,Bright,
27.5720,3.6134,4.2846,0.0000,0.0000,-0.0171,0.3482,0.9373,-0.2847,0.3163,0.9049,-0.1499,0.3182,0.9361,-0.1857,0.0653,0.3502,Bright,
27.5830,3.6107,4.2830,0.0000,0.0000,-0.0180,0.3498,0.9366,-0.2881,0.3179,0.9033,-0.1521,0.3197,0.9352,-0.1863,0.0653,0.3507,Bright,
27.5940,3.6079,4.2823,0.0000,0.0000,-0.0196,0.3514,0.9360,-0.2907,0.3196,0.9019,-0.1542,0.3213,0.9343,-0.1869,0.0652,0.3513,Bright,
27.6057,3.5880,4.2814,0.0000,0.0000,-0.0182,0.3554,0.9345,-0.2909,0.3237,0.9003,-0.1536,0.3254,0.9330,-0.1875,0.0651,0.3516,Bright,
27.6164,3.5797,4.2812,0.0000,0.0000,-0.0199,0.3571,0.9339,-0.2929,0.3256,0.8990,-0.1554,0.3272,0.9321,-0.1880,0.0651,0.3521,Bright,
27.6275,3.5737,4.2754,0.0000,0.0000,-0.0218,0.3583,0.9333,-0.2942,0.3270,0.8981,-0.1570,0.3286,0.9313,-0.1884,0.0652,0.3526,Bright,
27.6384,3.5659,4.2717,0.0000,0.0000,-0.0224,0.3603,0.9326,-0.2931,0.3295,0.8975,-0.1567,0.3309,0.9306,-0.1890,0.0651,0.3529,Bright,
27.6497,3.5578,4.2730,0.0000,0.0000,-0.0247,0.3610,0.9323,-0.2944,0.3303,0.8968,-0.1585,0.3318,0.9300,-0.1894,0.0652,0.3533,Bright,
27.6611,3.5512,4.2766,0.0000,0.0000,-0.0267,0.3626,0.9316,-0.2946,0.3323,0.8960,-0.1596,0.3337,0.9291,-0.1898,0.0652,0.3536,Bright,
27.6719,3.5387,4.2915,0.0000,0.0000,-0.0284,0.3637,0.9311,-0.2935,0.3339,0.8957,-0.1599,0.3351,0.9285,-0.1902,0.0654,0.3540,Bright,
27.6831,3.5426,4.3005,0.0000,0.0000,-0.0306,0.3647,0.9306,-0.2947,0.3351,0.8949,-0.1615,0.3363,0.9278,-0.1905,0.0655,0.3543,Bright,
27.6947,3.5468,4.2956,0.0000,0.0000,-0.0356,0.3641,0.9307,-0.2977,0.3346,0.8941,-0.1656,0.3358,0.9273,-0.1909,0.0655,0.3546,Bright,
27.7058,3.5815,4.3010,0.0000,0.0000,-0.0427,0.3622,0.9311,-0.3019,0.3327,0.8934,-0.1714,0.3340,0.9269,-0.1912,0.0655,0.3549,Bright,
27.7169,3.5818,4.3091,0.0000,0.0000,-0.0501,0.3603,0.9315,-0.3075,0.3306,0.8923,-0.1780,0.3320,0.9263,-0.1915,0.0656,0.3552,Bright,
27.7275,3.5805,4.3176,0.0000,0.0000,-0.0559,0.3587,0.9318,-0.3115,0.3289,0.8915,-0.1830,0.3304,0.9259,-0.1918,0.0655,0.3555,Bright,
27.7386,3.6020,4.3158,0.0000,0.0000,-0.0606,0.3569,0.9322,-0.3134,0.3274,0.8914,-0.1863,0.3289,0.9258,-0.1921,0.0655,0.3557,Bright,
27.7501,3.6115,4.3063,0.0000,0.0000,-0.0622,0.3559,0.9324,-0.3140,0.3266,0.8915,-0.1875,0.3280,0.9259,-0.1923,0.0655,0.3560,Bright,
27.7617,3.6199,4.3129,0.0000,0.0000,-0.0632,0.3548,0.9328,-0.3139,0.3257,0.8918,-0.1879,0.3270,0.9261,-0.1925,0.0653,0.3562,Bright,
27.7725,3.6240,4.3274,0.0000,0.0000,-0.0650,0.3534,0.9332,-0.3134,0.3246,0.8924,-0.1885,0.3258,0.9264,-0.1927,0.0652,0.3564,Bright,
27.7834,3.6205,4.3352,0.0000,0.0000,-0.0657,0.3526,0.9335,-0.3130,0.3241,0.8927,-0.1887,0.3252,0.9266,-0.1929,0.0651,0.3567,Bright,
27.7943,3.6175,4.3462,0.0000,0.0000,-0.0677,0.3511,0.9339,-0.3138,0.3227,0.8930,-0.1901,0.3238,0.9268,-0.1931,0.0650,0.3569,Bright,
27.8059,3.6400,4.3460,0.0000,0.0000,-0.0714,0.3484,0.9346,-0.3157,0.3200,0.8933,-0.1929,0.3211,0.9272,-0.1933,0.0648,0.3570,Bright,
27.8166,3.6306,4.3394,0.0000,0.0000,-0.0738,0.3464,0.9352,-0.3173,0.3180,0.8934,-0.1950,0.3191,0.9274,-0.1934,0.0647,0.3572,Bright,
27.8280,3.6222,4.3407,0.0000,0.0000,-0.0761,0.3444,0.9357,-0.3187,0.3161,0.8936,-0.1968,0.3172,0.9277,-0.1935,0.0646,0.3574,Bright,
27.8396,3.6475,4.3443,0.0000,0.0000,-0.0798,0.3415,0.9365,-0.3210,0.3131,0.8938,-0.1999,0.3143,0.9281,-0.1936,0.0644,0.3576,Bright,
27.8504,3.6502,4.3471,0.0000,0.0000,-0.0814,0.3396,0.9370,-0.3219,0.3112,0.8942,-0.2012,0.3123,0.9284,-0.1937,0.0643,0.3577,Bright,
27.8618,3.6534,4.3519,0.0000,0.0000,-0.0828,0.3377,0.9376,-0.3227,0.3092,0.8946,-0.2023,0.3104,0.9288,-0.1938,0.0641,0.3579,Bright,
27.8728,3.6566,4.3532,0.0000,0.0000,-0.0852,0.3354,0.9382,-0.3240,0.3069,0.8949,-0.2042,0.3081,0.9292,-0.1938,0.0640,0.3579,Bright,
27.8891,3.6553,4.3515,0.0000,0.0000,-0.0856,0.3338,0.9387,-0.3240,0.3052,0.8955,-0.2044,0.3065,0.9297,-0.1938,0.0639,0.3581,Bright,
27.8947,3.6549,4.3519,0.0000,0.0000,-0.0860,0.3323,0.9392,-0.3239,0.3037,0.8960,-0.2045,0.3050,0.9301,-0.1938,0.0638,0.3582,Bright,
27.9063,3.6428,4.3512,0.0000,0.0000,-0.0870,0.3306,0.9398,-0.3240,0.3020,0.8966,-0.2051,0.3032,0.9306,-0.1937,0.0636,0.3583,Bright,
27.9176,3.6453,4.3506,0.0000,0.0000,-0.0866,0.3292,0.9403,-0.3234,0.3007,0.8972,-0.2046,0.3019,0.9311,-0.1937,0.0635,0.3584,Bright,
27.9281,3.6476,4.3480,0.0000,0.0000,-0.0863,0.3279,0.9408,-0.3228,0.2994,0.8979,-0.2041,0.3006,0.9317,-0.1936,0.0635,0.3585,Bright,
27.9397,3.6194,4.3435,0.0000,0.0000,-0.0866,0.3262,0.9413,-0.3225,0.2977,0.8985,-0.2041,0.2989,0.9322,-0.1935,0.0633,0.3585,Bright,
27.9507,3.6178,4.3420,0.0000,0.0000,-0.0855,0.3248,0.9419,-0.3212,0.2965,0.8994,-0.2029,0.2976,0.9329,-0.1933,0.0632,0.3586,Bright,
27.9621,3.6168,4.3461,0.0000,0.0000,-0.0844,0.3235,0.9425,-0.3199,0.2952,0.9003,-0.2017,0.2963,0.9336,-0.1932,0.0631,0.3587,Bright,
27.9730,3.6155,4.3398,0.0000,0.0000,-0.0841,0.3219,0.9430,-0.3191,0.2937,0.9011,-0.2012,0.2947,0.9342,-0.1930,0.0630,0.3588,Bright,
27.9841,3.6168,4.3312,0.0000,0.0000,-0.0829,0.3206,0.9436,-0.3177,0.2926,0.9019,-0.1999,0.2935,0.9348,-0.1928,0.0629,0.3589,Bright,
27.9951,3.6170,4.3332,0.0000,0.0000,-0.0810,0.3192,0.9442,-0.3151,0.2915,0.9032,-0.1976,0.2923,0.9357,-0.1926,0.0628,0.3590,Bright,
28.0060,3.6256,4.3544,0.0000,0.0000,-0.0656,0.3182,0.9458,-0.2945,0.2926,0.9097,-0.1792,0.2926,0.9393,-0.1925,0.0628,0.3590,Bright,
28.0211,3.5930,4.3715,0.0000,0.0000,-0.0403,0.3204,0.9464,-0.2702,0.2967,0.9160,-0.1539,0.2959,0.9428,-0.1923,0.0627,0.3591,Bright,
28.0286,3.5657,4.3870,0.0000,0.0000,-0.0203,0.3227,0.9463,-0.2397,0.3020,0.9227,-0.1282,0.3003,0.9452,-0.1921,0.0626,0.3592,Bright,
28.0396,3.5459,4.3965,0.0000,0.0000,0.0140,0.3270,0.9449,-0.1919,0.3103,0.9311,-0.0865,0.3073,0.9477,-0.1919,0.0624,0.3593,Bright,
28.0508,3.5343,4.3935,0.0000,0.0000,0.0248,0.3266,0.9449,-0.1747,0.3114,0.9341,-0.0724,0.3080,0.9486,-0.1917,0.0623,0.3594,Bright,
28.0618,3.5281,4.3783,0.0000,0.0000,0.0325,0.3252,0.9451,-0.1611,0.3111,0.9366,-0.0617,0.3075,0.9496,-0.1915,0.0622,0.3594,Bright,
28.0729,3.5088,4.3668,0.0000,0.0000,0.0400,0.3239,0.9452,-0.1452,0.3111,0.9392,-0.0499,0.3072,0.9503,-0.1912,0.0621,0.3594,Bright,
28.0843,3.5189,4.3689,0.0000,0.0000,0.0383,0.3223,0.9459,-0.1437,0.3096,0.9400,-0.0501,0.3057,0.9508,-0.1910,0.0621,0.3595,Bright,
28.0951,3.5286,4.3696,0.0000,0.0000,0.0392,0.3215,0.9461,-0.1399,0.3090,0.9407,-0.0478,0.3052,0.9511,-0.1908,0.0620,0.3596,Bright,
28.1063,3.5160,4.3704,0.0000,0.0000,0.0381,0.3203,0.9466,-0.1368,0.3081,0.9415,-0.0469,0.3044,0.9514,-0.1906,0.0619,0.3597,Bright,
28.1176,3.5287,4.3691,0.0000,0.0000,0.0401,0.3193,0.9468,-0.1334,0.3073,0.9422,-0.0441,0.3036,0.9518,-0.1904,0.0619,0.3598,Bright,
28.1285,3.5381,4.3617,0.0000,0.0000,0.0384,0.3183,0.9472,-0.1338,0.3063,0.9425,-0.0453,0.3026,0.9520,-0.1903,0.0618,0.3598,Bright,
28.1396,3.5564,4.3590,0.0000,0.0000,0.0363,0.3181,0.9474,-0.1335,0.3060,0.9426,-0.0461,0.3025,0.9520,-0.1901,0.0617,0.3599,Bright,
28.1510,3.5666,4.3621,0.0000,0.0000,0.0350,0.3179,0.9475,-0.1336,0.3058,0.9427,-0.0469,0.3024,0.9520,-0.1899,0.0617,0.3600,Bright,
28.1621,3.5730,4.3611,0.0000,0.0000,0.0353,0.3181,0.9474,-0.1325,0.3060,0.9428,-0.0462,0.3026,0.9520,-0.1898,0.0617,0.3601,Bright,
28.1731,3.5688,4.3554,0.0000,0.0000,0.0332,0.3185,0.9473,-0.1329,0.3064,0.9426,-0.0475,0.3031,0.9518,-0.1897,0.0617,0.3602,Bright,
28.1845,3.5796,4.3506,0.0000,0.0000,0.0327,0.3186,0.9473,-0.1326,0.3064,0.9426,-0.0476,0.3031,0.9518,-0.1896,0.0617,0.3602,Bright,
28.1956,3.5886,4.3484,0.0000,0.0000,0.0325,0.3185,0.9474,-0.1321,0.3063,0.9427,-0.0475,0.3031,0.9518,-0.1895,0.0617,0.3603,Bright,
28.2067,3.6017,4.3528,0.0000,0.0000,0.0308,0.3184,0.9475,-0.1325,0.3063,0.9427,-0.0486,0.3031,0.9517,-0.1894,0.0616,0.3604,Bright,
28.2182,3.6073,4.3577,0.0000,0.0000,0.0299,0.3183,0.9475,-0.1328,0.3062,0.9427,-0.0491,0.3030,0.9517,-0.1894,0.0616,0.3604,Bright,
28.2289,3.6105,4.3633,0.0000,0.0000,0.0293,0.3183,0.9475,-0.1331,0.3062,0.9426,-0.0496,0.3030,0.9517,-0.1894,0.0616,0.3605,Bright,
28.2402,3.5785,4.3617,0.0000,0.0000,0.0277,0.3181,0.9476,-0.1341,0.3060,0.9425,-0.0509,0.3029,0.9517,-0.1892,0.0616,0.3605,Bright,
28.2515,3.5742,4.3563,0.0000,0.0000,0.0271,0.3178,0.9478,-0.1345,0.3057,0.9426,-0.0514,0.3026,0.9517,-0.1892,0.0616,0.3606,Bright,
28.2625,3.5714,4.3506,0.0000,0.0000,0.0268,0.3176,0.9478,-0.1347,0.3054,0.9426,-0.0517,0.3024,0.9518,-0.1891,0.0616,0.3607,Bright,
28.2736,3.5885,4.3461,0.0000,0.0000,0.0264,0.3172,0.9480,-0.1350,0.3050,0.9427,-0.0521,0.3019,0.9519,-0.1890,0.0615,0.3607,Bright,
28.2851,3.5849,4.3469,0.0000,0.0000,0.0264,0.3170,0.9481,-0.1349,0.3048,0.9428,-0.0520,0.3017,0.9520,-0.1889,0.0615,0.3608,Bright,
28.2959,3.5805,4.3479,0.0000,0.0000,0.0268,0.3166,0.9482,-0.1346,0.3043,0.9430,-0.0517,0.3013,0.9521,-0.1889,0.0614,0.3608,Bright,
28.3069,3.5637,4.3509,0.0000,0.0000,0.0268,0.3164,0.9482,-0.1345,0.3041,0.9431,-0.0516,0.3011,0.9522,-0.1887,0.0614,0.3608,Bright,
28.3213,3.5715,4.3526,0.0000,0.0000,0.0268,0.3162,0.9483,-0.1346,0.3039,0.9431,-0.0517,0.3009,0.9522,-0.1886,0.0614,0.3608,Bright,
28.3295,3.5796,4.3534,0.0000,0.0000,0.0271,0.3161,0.9483,-0.1345,0.3038,0.9432,-0.0514,0.3008,0.9523,-0.1885,0.0613,0.3609,Bright,
28.3403,3.5783,4.3558,0.0000,0.0000,0.0272,0.3159,0.9484,-0.1346,0.3036,0.9432,-0.0515,0.3006,0.9524,-0.1884,0.0613,0.3609,Bright,
28.3517,3.5887,4.3571,0.0000,0.0000,0.0278,0.3161,0.9483,-0.1340,0.3038,0.9433,-0.0508,0.3008,0.9523,-0.1883,0.0613,0.3608,Bright,
28.3628,3.5962,4.3531,0.0000,0.0000,0.0284,0.3161,0.9483,-0.1334,0.3038,0.9434,-0.0502,0.3007,0.9524,-0.1882,0.0614,0.3608,Bright,
28.3738,3.5917,4.3459,0.0000,0.0000,0.0289,0.3159,0.9483,-0.1330,0.3036,0.9435,-0.0498,0.3006,0.9525,-0.1880,0.0613,0.3608,Bright,
28.3852,3.5947,4.3429,0.0000,0.0000,0.0295,0.3163,0.9482,-0.1325,0.3041,0.9434,-0.0492,0.3010,0.9524,-0.1879,0.0613,0.3608,Bright,
28.3961,3.5963,4.3494,0.0000,0.0000,0.0303,0.3167,0.9480,-0.1318,0.3045,0.9434,-0.0485,0.3014,0.9523,-0.1878,0.0614,0.3608,Bright,
28.4072,3.5835,4.3605,0.0000,0.0000,0.0310,0.3171,0.9479,-0.1311,0.3049,0.9433,-0.0478,0.3018,0.9522,-0.1876,0.0613,0.3608,Bright,
28.4187,3.5868,4.3644,0.0000,0.0000,0.0317,0.3171,0.9479,-0.1304,0.3050,0.9434,-0.0471,0.3019,0.9522,-0.1875,0.0614,0.3608,Bright,
28.4296,3.5896,4.3677,0.0000,0.0000,0.0323,0.3171,0.9478,-0.1299,0.3051,0.9434,-0.0465,0.3019,0.9522,-0.1874,0.0614,0.3608,Bright,
28.4407,3.5815,4.3665,0.0000,0.0000,0.0329,0.3170,0.9479,-0.1293,0.3050,0.9435,-0.0460,0.3018,0.9523,-0.1872,0.0613,0.3607,Bright,
28.4520,3.5819,4.3640,0.0000,0.0000,0.0335,0.3170,0.9478,-0.1287,0.3050,0.9436,-0.0454,0.3018,0.9523,-0.1871,0.0613,0.3607,Bright,
28.4632,3.5817,4.3623,0.0000,0.0000,0.0340,0.3170,0.9478,-0.1281,0.3051,0.9437,-0.0448,0.3018,0.9523,-0.1870,0.0614,0.3607,Bright,
28.4738,3.5978,4.3597,0.0000,0.0000,0.0343,0.3168,0.9479,-0.1277,0.3049,0.9438,-0.0445,0.3016,0.9524,-0.1869,0.0613,0.3606,Bright,
28.4855,3.6010,4.3588,0.0000,0.0000,0.0349,0.3166,0.9479,-0.1270,0.3048,0.9439,-0.0438,0.3015,0.9525,-0.1868,0.0613,0.3606,Bright,
28.4964,3.6030,4.3670,0.0000,0.0000,0.0355,0.3165,0.9479,-0.1262,0.3048,0.9440,-0.0431,0.3015,0.9525,-0.1867,0.0613,0.3606,Bright,
28.5075,3.6020,4.3696,0.0000,0.0000,0.0360,0.3164,0.9479,-0.1256,0.3048,0.9441,-0.0426,0.3014,0.9525,-0.1865,0.0612,0.3606,Bright,
28.5187,3.5991,4.3657,0.0000,0.0000,0.0365,0.3163,0.9480,-0.1249,0.3047,0.9442,-0.0420,0.3013,0.9526,-0.1864,0.0612,0.3605,Bright,
28.5295,3.5972,4.3621,0.0000,0.0000,0.0374,0.3162,0.9479,-0.1239,0.3046,0.9444,-0.0410,0.3013,0.9527,-0.1864,0.0612,0.3605,Bright,
28.5411,3.5773,4.3592,0.0000,0.0000,0.0366,0.3164,0.9479,-0.1245,0.3047,0.9443,-0.0417,0.3014,0.9526,-0.1862,0.0612,0.3605,Bright,
28.5518,3.5703,4.3560,0.0000,0.0000,0.0372,0.3167,0.9478,-0.1238,0.3050,0.9443,-0.0411,0.3017,0.9525,-0.1861,0.0612,0.3604,Bright,
28.5630,3.5814,4.3558,0.0000,0.0000,0.0348,0.3160,0.9481,-0.1263,0.3043,0.9442,-0.0435,0.3010,0.9526,-0.1861,0.0613,0.3604,Bright,
28.5743,3.5851,4.3556,0.0000,0.0000,0.0361,0.3166,0.9479,-0.1236,0.3051,0.9443,-0.0416,0.3018,0.9525,-0.1860,0.0612,0.3604,Bright,
28.5853,3.5890,4.3540,0.0000,0.0000,0.0386,0.3179,0.9473,-0.1196,0.3066,0.9443,-0.0383,0.3032,0.9522,-0.1859,0.0612,0.3603,Bright,
28.5966,3.5395,4.3496,0.0000,0.0000,0.0530,0.3242,0.9445,-0.1031,0.3138,0.9439,-0.0227,0.3101,0.9504,-0.1859,0.0613,0.3603,Bright,
28.6076,3.5340,4.3463,0.0000,0.0000,0.0635,0.3289,0.9422,-0.0913,0.3191,0.9433,-0.0115,0.3153,0.9489,-0.1857,0.0612,0.3603,Bright,
28.6186,3.5315,4.3484,0.0000,0.0000,0.0681,0.3311,0.9411,-0.0838,0.3218,0.9431,-0.0054,0.3178,0.9481,-0.1856,0.0612,0.3602,Bright,
28.6298,3.5357,4.3520,0.0000,0.0000,0.0784,0.3360,0.9386,-0.0702,0.3275,0.9422,0.0066,0.3233,0.9463,-0.1855,0.0613,0.3602,Bright,
28.6412,3.5331,4.3534,0.0000,0.0000,0.0828,0.3380,0.9375,-0.0646,0.3299,0.9418,0.0116,0.3256,0.9454,-0.1853,0.0612,0.3602,Bright,
28.6523,3.5292,4.3533,0.0000,0.0000,0.0857,0.3394,0.9367,-0.0607,0.3314,0.9415,0.0149,0.3271,0.9449,-0.1852,0.0613,0.3602,Bright,
28.6634,3.5130,4.3463,0.0000,0.0000,0.0863,0.3401,0.9364,-0.0591,0.3323,0.9413,0.0161,0.3280,0.9446,-0.1851,0.0613,0.3602,Bright,
28.6745,3.5102,4.3411,0.0000,0.0000,0.0887,0.3409,0.9359,-0.0564,0.3333,0.9411,0.0186,0.3289,0.9442,-0.1849,0.0613,0.3601,Bright,
28.6857,3.5090,4.3453,0.0000,0.0000,0.0875,0.3397,0.9364,-0.0575,0.3320,0.9415,0.0175,0.3277,0.9446,-0.1848,0.0613,0.3602,Bright,
28.6964,3.5207,4.3615,0.0000,0.0000,0.0874,0.3391,0.9367,-0.0575,0.3314,0.9418,0.0174,0.3270,0.9449,-0.1846,0.0612,0.3602,Bright,
28.7076,3.5164,4.3717,0.0000,0.0000,0.0877,0.3386,0.9368,-0.0574,0.3309,0.9419,0.0176,0.3266,0.9450,-0.1845,0.0612,0.3602,Bright,
28.7187,3.5122,4.3757,0.0000,0.0000,0.0888,0.3383,0.9368,-0.0564,0.3307,0.9421,0.0186,0.3263,0.9451,-0.1843,0.0611,0.3603,Bright,
28.7302,3.5192,4.3687,0.0000,0.0000,0.0881,0.3375,0.9372,-0.0576,0.3298,0.9423,0.0177,0.3254,0.9454,-0.1842,0.0610,0.3603,Bright,
28.7415,3.5068,4.3606,0.0000,0.0000,0.0888,0.3368,0.9374,-0.0569,0.3291,0.9426,0.0184,0.3247,0.9457,-0.1840,0.0609,0.3604,Bright,
28.7521,3.4970,4.3529,0.0000,0.0000,0.0897,0.3360,0.9376,-0.0560,0.3283,0.9429,0.0193,0.3239,0.9459,-0.1839,0.0609,0.3605,Bright,
28.7636,3.5235,4.3420,0.0000,0.0000,0.0907,0.3351,0.9378,-0.0550,0.3274,0.9433,0.0203,0.3230,0.9462,-0.1837,0.0607,0.3605,Bright,
28.7745,3.5306,4.3383,0.0000,0.0000,0.0915,0.3340,0.9381,-0.0541,0.3263,0.9437,0.0211,0.3218,0.9466,-0.1835,0.0606,0.3606,Bright,
28.7859,3.5369,4.3433,0.0000,0.0000,0.0927,0.3330,0.9383,-0.0527,0.3254,0.9441,0.0225,0.3209,0.9468,-0.1833,0.0605,0.3607,Bright,
28.7973,3.5360,4.3546,0.0000,0.0000,0.0939,0.3321,0.9386,-0.0510,0.3246,0.9445,0.0239,0.3201,0.9471,-0.1831,0.0604,0.3607,Bright,
28.8079,3.5291,4.3603,0.0000,0.0000,0.0944,0.3312,0.9388,-0.0502,0.3237,0.9448,0.0245,0.3192,0.9474,-0.1829,0.0603,0.3608,Bright,
28.8193,3.5239,4.3606,0.0000,0.0000,0.0950,0.3303,0.9391,-0.0495,0.3228,0.9452,0.0252,0.3183,0.9477,-0.1828,0.0602,0.3609,Bright,
28.8305,3.5308,4.3614,0.0000,0.0000,0.0947,0.3295,0.9394,-0.0497,0.3221,0.9454,0.0250,0.3176,0.9479,-0.1826,0.0601,0.3610,Bright,
28.8417,3.5399,4.3625,0.0000,0.0000,0.0954,0.3285,0.9397,-0.0490,0.3212,0.9458,0.0256,0.3166,0.9482,-0.1823,0.0600,0.3611,Bright,
28.8526,3.5474,4.3665,0.0000,0.0000,0.0962,0.3274,0.9400,-0.0483,0.3201,0.9462,0.0264,0.3155,0.9486,-0.1821,0.0599,0.3612,Bright,
28.8639,3.5618,4.3818,0.0000,0.0000,0.0968,0.3265,0.9402,-0.0479,0.3192,0.9465,0.0269,0.3146,0.9489,-0.1819,0.0598,0.3613,Bright,
28.8746,3.5741,4.3911,0.0000,0.0000,0.0979,0.3257,0.9404,-0.0468,0.3185,0.9468,0.0280,0.3138,0.9491,-0.1817,0.0597,0.3614,Bright,
28.8859,3.5835,4.3946,0.0000,0.0000,0.0988,0.3250,0.9405,-0.0460,0.3178,0.9470,0.0288,0.3131,0.9493,-0.1815,0.0596,0.3615,Bright,
28.8972,3.5916,4.4083,0.0000,0.0000,0.0991,0.3246,0.9406,-0.0462,0.3175,0.9471,0.0289,0.3127,0.9494,-0.1813,0.0596,0.3617,Bright,
28.9091,3.6020,4.4173,0.0000,0.0000,0.0994,0.3241,0.9408,-0.0459,0.3170,0.9473,0.0292,0.3123,0.9496,-0.1811,0.0595,0.3617,Bright,
28.9196,3.6098,4.4245,0.0000,0.0000,0.0992,0.3234,0.9411,-0.0472,0.3162,0.9475,0.0285,0.3114,0.9499,-0.1810,0.0595,0.3618,Bright,
28.9306,3.6539,4.4389,0.0000,0.0000,0.0945,0.3200,0.9427,-0.0525,0.3126,0.9484,0.0234,0.3079,0.9511,-0.1808,0.0594,0.3619,Bright,
28.9419,3.6803,4.4449,0.0000,0.0000,0.0923,0.3177,0.9437,-0.0550,0.3102,0.9491,0.0211,0.3054,0.9520,-0.1806,0.0594,0.3621,Bright,
28.9529,3.7002,4.4529,0.0000,0.0000,0.0904,0.3158,0.9445,-0.0576,0.3082,0.9496,0.0187,0.3035,0.9526,-0.1805,0.0594,0.3622,Bright,
28.9639,3.6834,4.4654,0.0000,0.0000,0.0866,0.3136,0.9456,-0.0624,0.3057,0.9501,0.0144,0.3011,0.9535,-0.1803,0.0593,0.3622,Bright,
28.9755,3.6899,4.4699,0.0000,0.0000,0.0851,0.3126,0.9461,-0.0643,0.3047,0.9503,0.0127,0.3000,0.9538,-0.1802,0.0593,0.3623,Bright,
28.9861,3.6953,4.4841,0.0000,0.0000,0.0843,0.3123,0.9462,-0.0657,0.3044,0.9503,0.0116,0.2997,0.9540,-0.1800,0.0593,0.3624,Bright,
28.9978,3.6938,4.5063,0.0000,0.0000,0.0824,0.3122,0.9464,-0.0685,0.3041,0.9502,0.0093,0.2995,0.9541,-0.1799,0.0593,0.3625,Bright,
29.0085,3.6931,4.5146,0.0000,0.0000,0.0820,0.3122,0.9465,-0.0689,0.3042,0.9501,0.0088,0.2995,0.9540,-0.1797,0.0593,0.3625,Bright,
29.0198,3.6910,4.5195,0.0000,0.0000,0.0817,0.3122,0.9465,-0.0696,0.3041,0.9501,0.0083,0.2995,0.9541,-0.1796,0.0593,0.3626,Bright,
29.0312,3.6817,4.5241,0.0000,0.0000,0.0811,0.3123,0.9465,-0.0701,0.3042,0.9500,0.0078,0.2996,0.9540,-0.1795,0.0592,0.3626,Bright,
29.0421,3.7005,4.5255,0.0000,0.0000,0.0806,0.3118,0.9467,-0.0705,0.3036,0.9502,0.0073,0.2990,0.9542,-0.1793,0.0592,0.3627,Bright,
29.0535,3.7165,4.5274,0.0000,0.0000,0.0800,0.3115,0.9469,-0.0712,0.3033,0.9502,0.0066,0.2987,0.9543,-0.1792,0.0592,0.3627,Bright,
29.0643,3.7306,4.5402,0.0000,0.0000,0.0788,0.3116,0.9470,-0.0727,0.3033,0.9501,0.0053,0.2987,0.9543,-0.1791,0.0592,0.3628,Bright,
29.0755,3.7403,4.5493,0.0000,0.0000,0.0787,0.3114,0.9470,-0.0730,0.3031,0.9501,0.0051,0.2985,0.9544,-0.1790,0.0591,0.3628,Bright,
29.0867,3.7463,4.5462,0.0000,0.0000,0.0785,0.3113,0.9471,-0.0735,0.3031,0.9501,0.0047,0.2984,0.9544,-0.1789,0.0592,0.3628,Bright,
29.0987,3.7380,4.5533,0.0000,0.0000,0.0777,0.3113,0.9471,-0.0748,0.3030,0.9501,0.0037,0.2984,0.9544,-0.1788,0.0591,0.3629,Bright,
29.1087,3.7379,4.5615,0.0000,0.0000,0.0775,0.3113,0.9471,-0.0751,0.3030,0.9500,0.0035,0.2984,0.9544,-0.1787,0.0591,0.3629,Bright,
29.1203,3.7376,4.5658,0.0000,0.0000,0.0775,0.3111,0.9472,-0.0752,0.3028,0.9501,0.0034,0.2982,0.9545,-0.1786,0.0591,0.3630,Bright,
29.1315,3.7501,4.5667,0.0000,0.0000,0.0772,0.3108,0.9473,-0.0756,0.3024,0.9502,0.0031,0.2978,0.9546,-0.1785,0.0591,0.3630,Bright,
29.1425,3.7553,4.5627,0.0000,0.0000,0.0772,0.3102,0.9475,-0.0757,0.3017,0.9504,0.0030,0.2972,0.9548,-0.1784,0.0590,0.3630,Bright,
29.1537,3.7589,4.5577,0.0000,0.0000,0.0772,0.3096,0.9477,-0.0757,0.3010,0.9506,0.0030,0.2965,0.9550,-0.1783,0.0590,0.3631,Bright,
29.1644,3.7676,4.5511,0.0000,0.0000,0.0770,0.3088,0.9480,-0.0759,0.3003,0.9508,0.0028,0.2957,0.9553,-0.1783,0.0589,0.3630,Bright,
29.1760,3.7664,4.5493,0.0000,0.0000,0.0774,0.3083,0.9481,-0.0755,0.2998,0.9510,0.0032,0.2952,0.9554,-0.1782,0.0589,0.3631,Bright,
29.1869,3.7654,4.5515,0.0000,0.0000,0.0777,0.3080,0.9482,-0.0753,0.2994,0.9511,0.0034,0.2949,0.9555,-0.1781,0.0588,0.3631,Bright,
29.1979,3.7638,4.5519,0.0000,0.0000,0.0776,0.3077,0.9483,-0.0755,0.2991,0.9512,0.0033,0.2946,0.9556,-0.1781,0.0588,0.3631,Bright,
29.2093,3.7591,4.5506,0.0000,0.0000,0.0778,0.3072,0.9485,-0.0753,0.2986,0.9514,0.0035,0.2941,0.9558,-0.1780,0.0587,0.3631,Bright,
29.2203,3.7554,4.5610,0.0000,0.0000,0.0777,0.3067,0.9486,-0.0753,0.2981,0.9516,0.0034,0.2936,0.9559,-0.1780,0.0587,0.3631,Bright,
29.2315,3.7538,4.5861,0.0000,0.0000,0.0792,0.3059,0.9488,-0.0736,0.2973,0.9519,0.0051,0.2928,0.9562,-0.1779,0.0586,0.3630,Bright,
29.2428,3.7434,4.5996,0.0000,0.0000,0.0841,0.3048,0.9487,-0.0698,0.2963,0.9526,0.0095,0.2916,0.9565,-0.1779,0.0586,0.3630,Bright,
29.2541,3.7351,4.6162,0.0000,0.0000,0.0952,0.3044,0.9478,-0.0571,0.2965,0.9533,0.0215,0.2916,0.9563,-0.1778,0.0586,0.3631,Bright,
29.2651,3.7663,4.6409,0.0000,0.0000,0.1290,0.3008,0.9449,-0.0227,0.2944,0.9554,0.0558,0.2888,0.9558,-0.1778,0.0586,0.3630,Bright,
29.2762,3.7827,4.6500,0.0000,0.0000,0.1456,0.2974,0.9436,-0.0076,0.2916,0.9565,0.0718,0.2856,0.9557,-0.1778,0.0586,0.3630,Bright,
29.2869,3.7961,4.6580,0.0000,0.0000,0.1532,0.2962,0.9427,0.0002,0.2908,0.9568,0.0796,0.2846,0.9553,-0.1777,0.0586,0.3630,Bright,
29.2981,3.8074,4.6635,0.0000,0.0000,0.1665,0.2944,0.9411,0.0126,0.2895,0.9571,0.0926,0.2829,0.9547,-0.1777,0.0585,0.3629,Bright,
29.3098,3.7978,4.6625,0.0000,0.0000,0.1699,0.2940,0.9406,0.0158,0.2892,0.9571,0.0959,0.2825,0.9544,-0.1776,0.0585,0.3629,Bright,
29.3204,3.7895,4.6510,0.0000,0.0000,0.1745,0.2924,0.9402,0.0204,0.2878,0.9575,0.1006,0.2810,0.9544,-0.1776,0.0585,0.3630,Bright,
29.3314,3.7736,4.6321,0.0000,0.0000,0.1778,0.2907,0.9402,0.0242,0.2861,0.9579,0.1041,0.2793,0.9545,-0.1776,0.0585,0.3629,Bright,
29.3427,3.7655,4.6254,0.0000,0.0000,0.1735,0.2909,0.9409,0.0200,0.2862,0.9580,0.0998,0.2795,0.9549,-0.1775,0.0585,0.3630,Bright,
29.3539,3.7599,4.6223,0.0000,0.0000,0.1772,0.2898,0.9405,0.0243,0.2853,0.9581,0.1038,0.2785,0.9548,-0.1775,0.0585,0.3630,Bright,
29.3652,3.7749,4.6189,0.0000,0.0000,0.1774,0.2890,0.9407,0.0250,0.2845,0.9583,0.1043,0.2778,0.9550,-0.1775,0.0585,0.3629,Bright,
29.3763,3.7772,4.6174,0.0000,0.0000,0.1757,0.2891,0.9410,0.0235,0.2845,0.9584,0.1027,0.2778,0.9551,-0.1775,0.0585,0.3630,Bright,
29.3872,3.7790,4.6166,0.0000,0.0000,0.1779,0.2889,0.9407,0.0262,0.2844,0.9583,0.1051,0.2777,0.9549,-0.1775,0.0585,0.3630,Bright,
29.3981,3.7862,4.6080,0.0000,0.0000,0.1777,0.2893,0.9406,0.0267,0.2849,0.9582,0.1052,0.2782,0.9547,-0.1775,0.0585,0.3629,Bright,
29.4097,3.7797,4.6016,0.0000,0.0000,0.1781,0.2892,0.9405,0.0275,0.2848,0.9582,0.1059,0.2781,0.9547,-0.1774,0.0585,0.3630,Bright,
29.4205,3.7746,4.5947,0.0000,0.0000,0.1781,0.2892,0.9406,0.0278,0.2848,0.9582,0.1060,0.2781,0.9547,-0.1774,0.0585,0.3630,Bright,
29.4320,3.7651,4.5922,0.0000,0.0000,0.1787,0.2889,0.9405,0.0291,0.2845,0.9582,0.1070,0.2778,0.9547,-0.1774,0.0584,0.3630,Bright,
29.4428,3.7617,4.5956,0.0000,0.0000,0.1794,0.2882,0.9406,0.0301,0.2838,0.9584,0.1078,0.2772,0.9548,-0.1774,0.0584,0.3631,Bright,
29.4540,3.7510,4.5753,0.0000,0.0000,0.1794,0.2882,0.9406,0.0303,0.2839,0.9584,0.1079,0.2772,0.9547,-0.1774,0.0584,0.3631,Bright,
29.4652,3.7535,4.5677,0.0000,0.0000,0.1792,0.2881,0.9407,0.0301,0.2837,0.9584,0.1077,0.2770,0.9548,-0.1774,0.0584,0.3631,Bright,
29.4764,3.7560,4.5646,0.0000,0.0000,0.1792,0.2877,0.9408,0.0301,0.2833,0.9585,0.1077,0.2767,0.9549,-0.1774,0.0584,0.3632,Bright,
29.4873,3.7412,4.5625,0.0000,0.0000,0.1792,0.2872,0.9409,0.0301,0.2829,0.9587,0.1077,0.2762,0.9550,-0.1774,0.0584,0.3632,Bright,
29.4988,3.7375,4.5643,0.0000,0.0000,0.1792,0.2870,0.9410,0.0302,0.2827,0.9587,0.1077,0.2760,0.9551,-0.1774,0.0583,0.3632,Bright,
29.5102,3.7344,4.5661,0.0000,0.0000,0.1794,0.2868,0.9410,0.0304,0.2825,0.9588,0.1079,0.2758,0.9551,-0.1773,0.0583,0.3633,Bright,
29.5210,3.7198,4.5557,0.0000,0.0000,0.1798,0.2865,0.9411,0.0310,0.2822,0.9588,0.1084,0.2755,0.9552,-0.1773,0.0583,0.3634,Bright,
29.5322,3.7097,4.5462,0.0000,0.0000,0.1801,0.2862,0.9411,0.0315,0.2819,0.9589,0.1088,0.2752,0.9552,-0.1773,0.0583,0.3634,Bright,
29.5431,3.7015,4.5517,0.0000,0.0000,0.1805,0.2860,0.9411,0.0320,0.2818,0.9589,0.1092,0.2751,0.9552,-0.1773,0.0583,0.3635,Bright,
29.5546,3.7072,4.5560,0.0000,0.0000,0.1807,0.2858,0.9411,0.0325,0.2816,0.9590,0.1096,0.2749,0.9552,-0.1773,0.0583,0.3635,Bright,
29.5662,3.7117,4.5558,0.0000,0.0000,0.1807,0.2858,0.9411,0.0327,0.2817,0.9590,0.1097,0.2749,0.9552,-0.1774,0.0582,0.3636,Bright,
29.5770,3.7156,4.5515,0.0000,0.0000,0.1808,0.2856,0.9411,0.0328,0.2815,0.9590,0.1098,0.2748,0.9552,-0.1774,0.0582,0.3637,Bright,
29.5880,3.7125,4.5407,0.0000,0.0000,0.1804,0.2856,0.9412,0.0325,0.2814,0.9590,0.1095,0.2747,0.9553,-0.1774,0.0582,0.3637,Bright,
29.5991,3.6984,4.5365,0.0000,0.0000,0.1804,0.2854,0.9413,0.0326,0.2812,0.9591,0.1095,0.2745,0.9553,-0.1774,0.0581,0.3638,Bright,
29.6103,3.6868,4.5303,0.0000,0.0000,0.1801,0.2851,0.9414,0.0324,0.2809,0.9592,0.1093,0.2742,0.9555,-0.1774,0.0581,0.3639,Bright,
29.6216,3.6843,4.5232,0.0000,0.0000,0.1798,0.2848,0.9416,0.0322,0.2806,0.9593,0.1090,0.2739,0.9555,-0.1774,0.0581,0.3640,Bright,
29.6325,3.6889,4.5216,0.0000,0.0000,0.1799,0.2844,0.9417,0.0323,0.2802,0.9594,0.1090,0.2735,0.9557,-0.1774,0.0580,0.3640,Bright,
29.6432,3.6937,4.5147,0.0000,0.0000,0.1798,0.2841,0.9418,0.0322,0.2799,0.9595,0.1090,0.2732,0.9558,-0.1774,0.0580,0.3641,Bright,
29.6546,3.6847,4.5107,0.0000,0.0000,0.1796,0.2837,0.9419,0.0319,0.2795,0.9596,0.1087,0.2728,0.9559,-0.1773,0.0579,0.3641,Bright,
29.6656,3.6692,4.5121,0.0000,0.0000,0.1796,0.2834,0.9420,0.0319,0.2792,0.9597,0.1087,0.2725,0.9560,-0.1774,0.0579,0.3642,Bright,
29.6771,3.6563,4.5062,0.0000,0.0000,0.1796,0.2832,0.9421,0.0318,0.2790,0.9598,0.1087,0.2723,0.9561,-0.1773,0.0578,0.3642,Bright,
29.6879,3.6542,4.4885,0.0000,0.0000,0.1795,0.2829,0.9422,0.0318,0.2787,0.9598,0.1086,0.2720,0.9561,-0.1773,0.0578,0.3643,Bright,
29.6990,3.6524,4.4774,0.0000,0.0000,0.1796,0.2825,0.9423,0.0319,0.2784,0.9599,0.1087,0.2717,0.9562,-0.1773,0.0577,0.3643,Bright,
29.7100,3.6516,4.4653,0.0000,0.0000,0.1798,0.2821,0.9424,0.0322,0.2779,0.9601,0.1090,0.2712,0.9563,-0.1773,0.0577,0.3643,Bright,
29.7214,3.6367,4.4581,0.0000,0.0000,0.1802,0.2817,0.9424,0.0327,0.2775,0.9602,0.1094,0.2708,0.9564,-0.1773,0.0577,0.3644,Bright,
29.7323,3.6411,4.4607,0.0000,0.0000,0.1804,0.2816,0.9424,0.0330,0.2774,0.9602,0.1097,0.2707,0.9564,-0.1772,0.0576,0.3644,Bright,
29.7439,3.6455,4.4529,0.0000,0.0000,0.1802,0.2817,0.9424,0.0328,0.2775,0.9602,0.1095,0.2708,0.9564,-0.1772,0.0576,0.3644,Bright,
29.7551,3.5959,4.4335,0.0000,0.0000,0.1678,0.2841,0.9440,0.0182,0.2794,0.9600,0.0959,0.2729,0.9573,-0.1772,0.0577,0.3645,Bright,
29.7663,3.5889,4.4228,0.0000,0.0000,0.1699,0.2841,0.9436,0.0183,0.2794,0.9600,0.0971,0.2728,0.9572,-0.1772,0.0576,0.3645,Bright,
29.7775,3.5837,4.4027,0.0000,0.0000,0.1447,0.2866,0.9471,-0.0129,0.2805,0.9598,0.0687,0.2743,0.9592,-0.1771,0.0576,0.3645,Bright,
29.7884,3.5929,4.3799,0.0000,0.0000,0.1115,0.2887,0.9509,-0.0537,0.2805,0.9583,0.0315,0.2750,0.9609,-0.1771,0.0577,0.3646,Bright,
29.7995,3.5957,4.3748,0.0000,0.0000,0.1129,0.2890,0.9507,-0.0564,0.2807,0.9581,0.0309,0.2750,0.9609,-0.1770,0.0576,0.3646,Bright,
29.8105,3.5965,4.3642,0.0000,0.0000,0.1054,0.2890,0.9515,-0.0679,0.2801,0.9576,0.0214,0.2745,0.9613,-0.1770,0.0576,0.3646,Bright,
29.8216,3.6012,4.3502,0.0000,0.0000,0.0965,0.2888,0.9525,-0.0792,0.2793,0.9569,0.0112,0.2739,0.9617,-0.1769,0.0576,0.3647,Bright,
29.8326,3.5951,4.3452,0.0000,0.0000,0.0925,0.2889,0.9529,-0.0834,0.2792,0.9566,0.0071,0.2739,0.9617,-0.1768,0.0576,0.3646,Bright,
29.8439,3.5903,4.3430,0.0000,0.0000,0.0887,0.2892,0.9531,-0.0873,0.2793,0.9562,0.0031,0.2741,0.9617,-0.1768,0.0576,0.3647,Bright,
29.8558,3.6040,4.3353,0.0000,0.0000,0.0919,0.2890,0.9529,-0.0833,0.2793,0.9566,0.0068,0.2740,0.9617,-0.1767,0.0576,0.3647,Bright,
29.8664,3.5951,4.3297,0.0000,0.0000,0.0914,0.2883,0.9532,-0.0829,0.2788,0.9568,0.0067,0.2735,0.9619,-0.1767,0.0575,0.3646,Bright,
29.8774,3.5879,4.3277,0.0000,0.0000,0.0894,0.2879,0.9535,-0.0843,0.2782,0.9568,0.0050,0.2730,0.9620,-0.1766,0.0575,0.3646,Bright,
29.8885,3.5915,4.3277,0.0000,0.0000,0.0885,0.2874,0.9537,-0.0833,0.2779,0.9570,0.0050,0.2727,0.9621,-0.1765,0.0575,0.3647,Bright,
29.8996,3.5815,4.3295,0.0000,0.0000,0.0883,0.2876,0.9537,-0.0825,0.2781,0.9570,0.0053,0.2729,0.9620,-0.1765,0.0575,0.3646,Bright,
29.9106,3.5742,4.3271,0.0000,0.0000,0.0877,0.2876,0.9537,-0.0823,0.2782,0.9570,0.0051,0.2731,0.9620,-0.1764,0.0575,0.3646,Bright,
29.9218,3.5825,4.3348,0.0000,0.0000,0.0862,0.2877,0.9538,-0.0824,0.2783,0.9570,0.0042,0.2732,0.9620,-0.1764,0.0575,0.3646,Bright,
29.9328,3.5885,4.3433,0.0000,0.0000,0.0855,0.2876,0.9539,-0.0825,0.2782,0.9570,0.0038,0.2731,0.9620,-0.1763,0.0574,0.3646,Bright,
29.9441,3.5943,4.3380,0.0000,0.0000,0.0851,0.2875,0.9540,-0.0823,0.2782,0.9570,0.0038,0.2731,0.9620,-0.1762,0.0574,0.3646,Bright,
29.9552,3.5887,4.3158,0.0000,0.0000,0.0844,0.2871,0.9542,-0.0819,0.2778,0.9571,0.0035,0.2728,0.9621,-0.1762,0.0574,0.3646,Bright,
29.9664,3.5854,4.3003,0.0000,0.0000,0.0843,0.2866,0.9544,-0.0814,0.2774,0.9573,0.0038,0.2724,0.9622,-0.1761,0.0574,0.3646,Bright,
29.9776,3.5826,4.2919,0.0000,0.0000,0.0837,0.2862,0.9545,-0.0814,0.2771,0.9574,0.0035,0.2720,0.9623,-0.1761,0.0574,0.3646,Bright,
29.9887,3.5786,4.2843,0.0000,0.0000,0.0824,0.2856,0.9548,-0.0817,0.2765,0.9575,0.0026,0.2715,0.9624,-0.1760,0.0574,0.3646,Bright,
29.9999,3.5669,4.2833,0.0000,0.0000,0.0817,0.2855,0.9549,-0.0818,0.2764,0.9576,0.0022,0.2714,0.9625,-0.1760,0.0574,0.3646,Bright,
30.0109,3.5571,4.2955,0.0000,0.0000,0.0810,0.2856,0.9549,-0.0822,0.2765,0.9575,0.0017,0.2715,0.9624,-0.1759,0.0574,0.3646,Bright,
30.0224,3.5328,4.3035,0.0000,0.0000,0.0823,0.2879,0.9541,-0.0792,0.2790,0.9570,0.0038,0.2741,0.9617,-0.1759,0.0574,0.3646,Bright,
30.0333,3.5051,4.3015,0.0000,0.0000,0.0871,0.2920,0.9524,-0.0741,0.2833,0.9562,0.0088,0.2783,0.9605,-0.1759,0.0574,0.3646,Bright,
30.0441,3.4641,4.2771,0.0000,0.0000,0.1022,0.3036,0.9473,-0.0536,0.2960,0.9537,0.0267,0.2908,0.9564,-0.1758,0.0574,0.3646,Bright,
30.0555,3.4495,4.2674,0.0000,0.0000,0.1068,0.3084,0.9452,-0.0459,0.3014,0.9524,0.0328,0.2961,0.9546,-0.1758,0.0574,0.3647,Bright,
30.0668,3.4399,4.2610,0.0000,0.0000,0.0981,0.3031,0.9479,-0.0519,0.2958,0.9538,0.0254,0.2907,0.9565,-0.1758,0.0574,0.3646,Bright,
30.0783,3.4357,4.2596,0.0000,0.0000,0.1088,0.3131,0.9435,-0.0389,0.3065,0.9511,0.0373,0.3012,0.9528,-0.1758,0.0574,0.3647,Bright,
30.0887,3.4733,4.2569,0.0000,0.0000,0.1099,0.3160,0.9424,-0.0343,0.3097,0.9502,0.0401,0.3045,0.9517,-0.1758,0.0574,0.3647,Bright,
30.1003,3.4794,4.2545,0.0000,0.0000,0.1103,0.3170,0.9420,-0.0327,0.3108,0.9499,0.0411,0.3056,0.9513,-0.1757,0.0574,0.3647,Bright,
30.1111,3.4839,4.2509,0.0000,0.0000,0.1111,0.3172,0.9418,-0.0301,0.3111,0.9499,0.0428,0.3060,0.9511,-0.1756,0.0574,0.3647,Bright,
30.1224,3.4823,4.2492,0.0000,0.0000,0.1118,0.3182,0.9414,-0.0285,0.3123,0.9496,0.0439,0.3071,0.9507,-0.1756,0.0574,0.3648,Bright,
30.1337,3.4789,4.2482,0.0000,0.0000,0.1171,0.3228,0.9392,-0.0224,0.3172,0.9481,0.0497,0.3119,0.9488,-0.1756,0.0573,0.3648,Bright,
30.1444,3.4740,4.2417,0.0000,0.0000,0.1127,0.3197,0.9408,-0.0261,0.3139,0.9491,0.0456,0.3088,0.9500,-0.1756,0.0574,0.3648,Bright,
30.1560,3.4685,4.2393,0.0000,0.0000,0.1171,0.3234,0.9390,-0.0213,0.3179,0.9479,0.0502,0.3126,0.9485,-0.1756,0.0573,0.3648,Bright,
30.1668,3.4641,4.2456,0.0000,0.0000,0.1168,0.3236,0.9390,-0.0214,0.3180,0.9479,0.0500,0.3128,0.9485,-0.1755,0.0573,0.3648,Bright,
30.1780,3.4712,4.2581,0.0000,0.0000,0.1126,0.3216,0.9402,-0.0256,0.3159,0.9485,0.0458,0.3107,0.9494,-0.1755,0.0573,0.3648,Bright,
30.1893,3.4724,4.2638,0.0000,0.0000,0.1150,0.3236,0.9392,-0.0232,0.3180,0.9478,0.0482,0.3128,0.9486,-0.1755,0.0573,0.3649,Bright,
30.2004,3.4742,4.2657,0.0000,0.0000,0.1148,0.3239,0.9391,-0.0234,0.3182,0.9477,0.0480,0.3131,0.9485,-0.1755,0.0574,0.3649,Bright,
30.2115,3.4767,4.2576,0.0000,0.0000,0.1145,0.3242,0.9390,-0.0239,0.3185,0.9476,0.0476,0.3134,0.9484,-0.1754,0.0574,0.3649,Bright,
30.2227,3.4700,4.2503,0.0000,0.0000,0.1144,0.3243,0.9390,-0.0241,0.3186,0.9476,0.0474,0.3134,0.9484,-0.1754,0.0574,0.3649,Bright,
30.2344,3.4771,4.2462,0.0000,0.0000,0.1142,0.3246,0.9389,-0.0246,0.3189,0.9475,0.0471,0.3137,0.9483,-0.1754,0.0574,0.3649,Bright,
30.2452,3.4850,4.2558,0.0000,0.0000,0.1137,0.3252,0.9388,-0.0255,0.3195,0.9472,0.0463,0.3143,0.9482,-0.1753,0.0574,0.3649,Bright,
30.2561,3.4915,4.2644,0.0000,0.0000,0.1143,0.3254,0.9386,-0.0252,0.3197,0.9472,0.0469,0.3145,0.9481,-0.1753,0.0575,0.3649,Bright,
30.2675,3.4968,4.2573,0.0000,0.0000,0.1143,0.3259,0.9385,-0.0254,0.3202,0.9470,0.0468,0.3150,0.9480,-0.1753,0.0575,0.3649,Bright,
30.2786,3.4948,4.2572,0.0000,0.0000,0.1147,0.3263,0.9383,-0.0255,0.3206,0.9469,0.0469,0.3154,0.9478,-0.1753,0.0575,0.3649,Bright,
30.2895,3.4908,4.2625,0.0000,0.0000,0.1149,0.3267,0.9381,-0.0255,0.3210,0.9467,0.0470,0.3158,0.9477,-0.1753,0.0575,0.3649,Bright,
30.3012,3.4880,4.2582,0.0000,0.0000,0.1155,0.3267,0.9380,-0.0250,0.3211,0.9467,0.0475,0.3158,0.9476,-0.1752,0.0575,0.3649,Bright,
30.3116,3.4748,4.2581,0.0000,0.0000,0.1167,0.3264,0.9380,-0.0241,0.3207,0.9469,0.0486,0.3154,0.9477,-0.1752,0.0575,0.3649,Bright,
30.3230,3.4668,4.2592,0.0000,0.0000,0.1168,0.3268,0.9379,-0.0243,0.3211,0.9467,0.0486,0.3158,0.9476,-0.1751,0.0575,0.3650,Bright,
30.3339,3.4605,4.2575,0.0000,0.0000,0.1171,0.3268,0.9378,-0.0241,0.3212,0.9467,0.0489,0.3159,0.9475,-0.1751,0.0575,0.3649,Bright,
30.3451,3.4495,4.2582,0.0000,0.0000,0.1175,0.3270,0.9377,-0.0240,0.3214,0.9466,0.0491,0.3161,0.9475,-0.1751,0.0575,0.3650,Bright,
30.3562,3.4458,4.2590,0.0000,0.0000,0.1177,0.3270,0.9377,-0.0241,0.3214,0.9466,0.0491,0.3161,0.9475,-0.1750,0.0576,0.3650,Bright,
30.3673,3.4440,4.2481,0.0000,0.0000,0.1178,0.3271,0.9376,-0.0242,0.3214,0.9466,0.0491,0.3161,0.9475,-0.1750,0.0576,0.3650,Bright,
30.3783,3.4574,4.2304,0.0000,0.0000,0.1175,0.3280,0.9374,-0.0251,0.3223,0.9463,0.0486,0.3169,0.9472,-0.1750,0.0576,0.3650,Bright,
30.3896,3.4507,4.2237,0.0000,0.0000,0.1166,0.3289,0.9372,-0.0250,0.3232,0.9460,0.0481,0.3179,0.9469,-0.1750,0.0576,0.3650,Bright,
30.4006,3.4448,4.2135,0.0000,0.0000,0.1157,0.3302,0.9368,-0.0255,0.3246,0.9455,0.0474,0.3193,0.9465,-0.1750,0.0575,0.3650,Bright,
30.4121,3.4358,4.1920,0.0000,0.0000,0.1134,0.3331,0.9360,-0.0262,0.3274,0.9445,0.0459,0.3223,0.9455,-0.1750,0.0576,0.3650,Bright,
30.4228,3.4324,4.1806,0.0000,0.0000,0.1123,0.3342,0.9358,-0.0263,0.3285,0.9441,0.0452,0.3234,0.9452,-0.1749,0.0576,0.3650,Bright,
30.4342,3.4309,4.1781,0.0000,0.0000,0.1111,0.3356,0.9354,-0.0272,0.3299,0.9436,0.0442,0.3248,0.9447,-0.1749,0.0576,0.3650,Bright,
30.4456,3.4201,4.1795,0.0000,0.0000,0.1088,0.3382,0.9347,-0.0286,0.3325,0.9427,0.0423,0.3275,0.9439,-0.1749,0.0576,0.3650,Bright,
30.4563,3.4107,4.1823,0.0000,0.0000,0.1079,0.3398,0.9343,-0.0292,0.3340,0.9421,0.0416,0.3291,0.9434,-0.1749,0.0576,0.3650,Bright,
30.4678,3.3979,4.1807,0.0000,0.0000,0.1065,0.3421,0.9336,-0.0300,0.3364,0.9412,0.0405,0.3315,0.9426,-0.1749,0.0577,0.3650,Bright,
30.4838,3.3988,4.1520,0.0000,0.0000,0.1056,0.3435,0.9332,-0.0303,0.3378,0.9407,0.0398,0.3329,0.9421,-0.1748,0.0577,0.3651,Bright,
30.4899,3.3988,4.1520,0.0000,0.0000,0.1057,0.3437,0.9331,-0.0303,0.3380,0.9406,0.0399,0.3331,0.9420,-0.1748,0.0577,0.3651,Bright,
30.5013,3.3908,4.1632,0.0000,0.0000,0.1047,0.3452,0.9327,-0.0308,0.3396,0.9401,0.0391,0.3347,0.9415,-0.1748,0.0578,0.3650,Bright,
30.5121,3.3802,4.1680,0.0000,0.0000,0.1055,0.3469,0.9319,-0.0298,0.3413,0.9395,0.0400,0.3364,0.9409,-0.1747,0.0578,0.3651,Bright,
30.5235,3.3786,4.1727,0.0000,0.0000,0.1060,0.3488,0.9312,-0.0292,0.3433,0.9388,0.0405,0.3384,0.9401,-0.1747,0.0578,0.3651,Bright,
30.5350,3.4003,4.1616,0.0000,0.0000,0.1077,0.3528,0.9295,-0.0274,0.3474,0.9373,0.0423,0.3424,0.9386,-0.1747,0.0578,0.3651,Bright,
30.5458,3.4207,4.1654,0.0000,0.0000,0.1090,0.3549,0.9285,-0.0260,0.3496,0.9365,0.0437,0.3446,0.9377,-0.1747,0.0578,0.3651,Bright,
30.5569,3.4204,4.1693,0.0000,0.0000,0.1088,0.3551,0.9285,-0.0261,0.3498,0.9365,0.0435,0.3448,0.9377,-0.1747,0.0578,0.3651,Bright,
30.5679,3.4096,4.1780,0.0000,0.0000,0.1105,0.3590,0.9268,-0.0243,0.3538,0.9350,0.0453,0.3488,0.9361,-0.1747,0.0578,0.3650,Bright,
30.5790,3.4010,4.1800,0.0000,0.0000,0.1112,0.3607,0.9260,-0.0234,0.3555,0.9344,0.0461,0.3506,0.9354,-0.1747,0.0578,0.3651,Bright,
30.5907,3.3940,4.1804,0.0000,0.0000,0.1118,0.3626,0.9252,-0.0228,0.3575,0.9337,0.0467,0.3525,0.9346,-0.1747,0.0578,0.3650,Bright,
30.6014,3.3882,4.1650,0.0000,0.0000,0.1130,0.3661,0.9237,-0.0214,0.3610,0.9323,0.0480,0.3560,0.9333,-0.1747,0.0578,0.3650,Bright,
30.6127,3.3868,4.1521,0.0000,0.0000,0.1134,0.3675,0.9231,-0.0209,0.3624,0.9318,0.0485,0.3575,0.9327,-0.1747,0.0578,0.3650,Bright,
30.6237,3.3924,4.1420,0.0000,0.0000,0.1140,0.3691,0.9224,-0.0203,0.3641,0.9311,0.0491,0.3591,0.9320,-0.1747,0.0578,0.3650,Bright,
30.6349,3.3925,4.1562,0.0000,0.0000,0.1149,0.3722,0.9210,-0.0192,0.3673,0.9299,0.0501,0.3623,0.9307,-0.1748,0.0578,0.3650,Bright,
30.6461,3.3886,4.1550,0.0000,0.0000,0.1151,0.3734,0.9205,-0.0189,0.3685,0.9294,0.0504,0.3635,0.9302,-0.1748,0.0579,0.3650,Bright,
30.6575,3.3899,4.1541,0.0000,0.0000,0.1154,0.3753,0.9197,-0.0184,0.3704,0.9287,0.0508,0.3654,0.9295,-0.1748,0.0579,0.3649,Bright,
30.6684,3.3908,4.1692,0.0000,0.0000,0.1160,0.3780,0.9185,-0.0175,0.3732,0.9276,0.0515,0.3682,0.9283,-0.1748,0.0579,0.3649,Bright,
30.6792,3.3915,4.1657,0.0000,0.0000,0.1165,0.3797,0.9178,-0.0169,0.3749,0.9269,0.0521,0.3699,0.9276,-0.1749,0.0580,0.3649,Bright,
30.6904,3.4292,4.1770,0.0000,0.0000,0.1173,0.3829,0.9163,-0.0159,0.3782,0.9256,0.0530,0.3731,0.9263,-0.1749,0.0580,0.3648,Bright,
30.7016,3.4392,4.1877,0.0000,0.0000,0.1176,0.3845,0.9156,-0.0156,0.3798,0.9249,0.0533,0.3748,0.9256,-0.1749,0.0580,0.3648,Bright,
30.7125,3.4466,4.1977,0.0000,0.0000,0.1182,0.3862,0.9148,-0.0150,0.3816,0.9242,0.0539,0.3766,0.9248,-0.1749,0.0581,0.3648,Bright,
30.7240,3.4168,4.2125,0.0000,0.0000,0.1190,0.3885,0.9138,-0.0142,0.3839,0.9233,0.0547,0.3788,0.9238,-0.1749,0.0581,0.3648,Bright,
30.7351,3.4082,4.2055,0.0000,0.0000,0.1195,0.3902,0.9130,-0.0136,0.3856,0.9226,0.0552,0.3806,0.9231,-0.1749,0.0581,0.3647,Bright,
30.7460,3.4025,4.1975,0.0000,0.0000,0.1197,0.3909,0.9126,-0.0134,0.3864,0.9222,0.0554,0.3814,0.9228,-0.1749,0.0582,0.3647,Bright,
30.7574,3.3993,4.2029,0.0000,0.0000,0.1206,0.3938,0.9113,-0.0124,0.3893,0.9210,0.0564,0.3843,0.9215,-0.1750,0.0582,0.3647,Bright,
30.7687,3.4013,4.2085,0.0000,0.0000,0.1209,0.3949,0.9107,-0.0120,0.3904,0.9205,0.0568,0.3854,0.9210,-0.1750,0.0582,0.3647,Bright,
30.7796,3.4215,4.2137,0.0000,0.0000,0.1214,0.3961,0.9101,-0.0116,0.3917,0.9200,0.0572,0.3867,0.9205,-0.1750,0.0582,0.3647,Bright,
30.7905,3.4568,4.2433,0.0000,0.0000,0.1222,0.3983,0.9091,-0.0107,0.3939,0.9191,0.0581,0.3888,0.9195,-0.1750,0.0582,0.3647,Bright,
30.8020,3.4509,4.2397,0.0000,0.0000,0.1221,0.3983,0.9091,-0.0107,0.3940,0.9191,0.0580,0.3889,0.9195,-0.1750,0.0582,0.3647,Bright,
30.8130,3.4443,4.2357,0.0000,0.0000,0.1225,0.3993,0.9086,-0.0103,0.3949,0.9187,0.0584,0.3898,0.9190,-0.1750,0.0582,0.3647,Bright,
30.8244,3.4354,4.2190,0.0000,0.0000,0.1231,0.4009,0.9078,-0.0096,0.3966,0.9179,0.0591,0.3915,0.9183,-0.1750,0.0582,0.3647,Bright,
30.8353,3.4478,4.2117,0.0000,0.0000,0.1238,0.4021,0.9072,-0.0087,0.3979,0.9174,0.0599,0.3928,0.9177,-0.1751,0.0582,0.3647,Bright,
30.8463,3.4595,4.2071,0.0000,0.0000,0.1239,0.4026,0.9070,-0.0087,0.3983,0.9172,0.0599,0.3933,0.9175,-0.1751,0.0582,0.3647,Bright,
30.8577,3.4804,4.2112,0.0000,0.0000,0.1248,0.4049,0.9058,-0.0076,0.4007,0.9162,0.0609,0.3956,0.9164,-0.1751,0.0582,0.3647,Bright,
30.8685,3.4861,4.2135,0.0000,0.0000,0.1255,0.4060,0.9052,-0.0070,0.4018,0.9157,0.0616,0.3967,0.9159,-0.1751,0.0583,0.3647,Bright,
30.8797,3.4661,4.2153,0.0000,0.0000,0.1259,0.4069,0.9047,-0.0065,0.4028,0.9153,0.0620,0.3977,0.9154,-0.1751,0.0583,0.3647,Bright,
30.8910,3.4507,4.2221,0.0000,0.0000,0.1269,0.4091,0.9036,-0.0054,0.4051,0.9143,0.0631,0.3999,0.9144,-0.1751,0.0583,0.3647,Bright,
30.9022,3.4544,4.2215,0.0000,0.0000,0.1273,0.4100,0.9031,-0.0050,0.4061,0.9138,0.0635,0.4009,0.9139,-0.1751,0.0583,0.3647,Bright,
30.9131,3.4364,4.2209,0.0000,0.0000,0.1276,0.4110,0.9027,-0.0046,0.4071,0.9134,0.0639,0.4019,0.9134,-0.1751,0.0584,0.3647,Bright,
30.9241,3.4109,4.2170,0.0000,0.0000,0.1282,0.4126,0.9018,-0.0039,0.4087,0.9126,0.0645,0.4035,0.9127,-0.1751,0.0584,0.3647,Bright,
30.9355,3.4002,4.2170,0.0000,0.0000,0.1285,0.4133,0.9015,-0.0036,0.4095,0.9123,0.0648,0.4043,0.9123,-0.1751,0.0584,0.3647,Bright,
30.9464,3.3924,4.2174,0.0000,0.0000,0.1287,0.4142,0.9010,-0.0033,0.4104,0.9119,0.0651,0.4052,0.9119,-0.1751,0.0584,0.3647,Bright,
30.9578,3.4010,4.2066,0.0000,0.0000,0.1293,0.4155,0.9004,-0.0028,0.4117,0.9113,0.0656,0.4065,0.9113,-0.1751,0.0585,0.3647,Bright,
30.9687,3.4115,4.2133,0.0000,0.0000,0.1295,0.4161,0.9000,-0.0027,0.4124,0.9110,0.0658,0.4071,0.9110,-0.1751,0.0585,0.3646,Bright,
30.9799,3.4270,4.2191,0.0000,0.0000,0.1293,0.4176,0.8994,-0.0028,0.4139,0.9103,0.0656,0.4087,0.9103,-0.1751,0.0585,0.3646,Bright,
30.9912,3.4570,4.1903,0.0000,0.0000,0.1122,0.4268,0.8974,-0.0226,0.4220,0.9063,0.0471,0.4173,0.9076,-0.1750,0.0586,0.3647,Bright,
31.0023,3.4702,4.1785,0.0000,0.0000,0.0767,0.4305,0.8993,-0.0626,0.4233,0.9038,0.0091,0.4196,0.9077,-0.1750,0.0586,0.3646,Bright,
31.0135,3.4688,4.1687,0.0000,0.0000,0.0681,0.4298,0.9004,-0.0741,0.4218,0.9036,-0.0010,0.4184,0.9083,-0.1750,0.0586,0.3646,Bright,
31.0253,3.4678,4.1454,0.0000,0.0000,0.0447,0.4254,0.9039,-0.1049,0.4154,0.9036,-0.0283,0.4126,0.9105,-0.1750,0.0586,0.3646,Bright,
31.0362,3.4685,4.1336,0.0000,0.0000,0.0436,0.4217,0.9057,-0.1094,0.4113,0.9049,-0.0311,0.4085,0.9122,-0.1750,0.0586,0.3646,Bright,
31.0468,3.4686,4.1242,0.0000,0.0000,0.0427,0.4199,0.9066,-0.1133,0.4091,0.9054,-0.0335,0.4064,0.9131,-0.1750,0.0586,0.3646,Bright,
31.0581,3.4778,4.1246,0.0000,0.0000,0.0459,0.4185,0.9071,-0.1150,0.4074,0.9060,-0.0327,0.4046,0.9139,-0.1750,0.0586,0.3645,Bright,
31.0694,3.4841,4.1306,0.0000,0.0000,0.0509,0.4186,0.9068,-0.1120,0.4076,0.9063,-0.0286,0.4046,0.9140,-0.1750,0.0586,0.3645,Bright,
31.0806,3.4740,4.1361,0.0000,0.0000,0.0517,0.4183,0.9068,-0.1128,0.4072,0.9063,-0.0286,0.4042,0.9142,-0.1750,0.0586,0.3645,Bright,
31.0912,3.4553,4.1426,0.0000,0.0000,0.0590,0.4186,0.9063,-0.1082,0.4077,0.9067,-0.0225,0.4045,0.9143,-0.1750,0.0586,0.3645,Bright,
31.1026,3.4472,4.1392,0.0000,0.0000,0.0613,0.4188,0.9060,-0.1068,0.4080,0.9067,-0.0206,0.4048,0.9142,-0.1751,0.0586,0.3644,Bright,
31.1136,3.4400,4.1360,0.0000,0.0000,0.0627,0.4187,0.9059,-0.1063,0.4079,0.9068,-0.0197,0.4046,0.9143,-0.1751,0.0587,0.3644,Bright,
31.1247,3.4290,4.1410,0.0000,0.0000,0.0660,0.4189,0.9056,-0.1043,0.4082,0.9069,-0.0170,0.4048,0.9143,-0.1751,0.0587,0.3644,Bright,
31.1362,3.4237,4.1446,0.0000,0.0000,0.0674,0.4191,0.9054,-0.1034,0.4084,0.9069,-0.0158,0.4050,0.9142,-0.1751,0.0587,0.3644,Bright,
31.1472,3.4277,4.1478,0.0000,0.0000,0.0683,0.4193,0.9053,-0.1030,0.4087,0.9068,-0.0152,0.4052,0.9141,-0.1751,0.0588,0.3643,Bright,
31.1591,3.4327,4.1469,0.0000,0.0000,0.0695,0.4201,0.9048,-0.1025,0.4095,0.9065,-0.0143,0.4060,0.9138,-0.1751,0.0588,0.3643,Bright,
31.1698,3.4339,4.1373,0.0000,0.0000,0.0696,0.4207,0.9045,-0.1027,0.4101,0.9062,-0.0144,0.4066,0.9135,-0.1751,0.0588,0.3642,Bright,
31.1802,3.4333,4.1293,0.0000,0.0000,0.0702,0.4207,0.9045,-0.1023,0.4102,0.9063,-0.0138,0.4066,0.9135,-0.1751,0.0589,0.3642,Bright,
31.1917,3.4347,4.1392,0.0000,0.0000,0.0700,0.4210,0.9043,-0.1028,0.4105,0.9061,-0.0142,0.4069,0.9134,-0.1751,0.0589,0.3641,Bright,
31.2030,3.4372,4.1372,0.0000,0.0000,0.0696,0.4213,0.9043,-0.1033,0.4107,0.9059,-0.0146,0.4071,0.9133,-0.1750,0.0589,0.3641,Bright,
31.2140,3.4360,4.1359,0.0000,0.0000,0.0698,0.4212,0.9043,-0.1031,0.4107,0.9059,-0.0144,0.4071,0.9133,-0.1750,0.0590,0.3640,Bright,
31.2249,3.4372,4.1223,0.0000,0.0000,0.0693,0.4211,0.9044,-0.1036,0.4105,0.9059,-0.0149,0.4070,0.9133,-0.1751,0.0590,0.3639,Bright,
31.2361,3.4388,4.1292,0.0000,0.0000,0.0688,0.4209,0.9045,-0.1039,0.4103,0.9060,-0.0153,0.4068,0.9134,-0.1751,0.0590,0.3639,Bright,
31.2477,3.4319,4.1361,0.0000,0.0000,0.0686,0.4208,0.9046,-0.1040,0.4102,0.9061,-0.0155,0.4066,0.9135,-0.1751,0.0591,0.3638,Bright,
31.2590,3.4273,4.1283,0.0000,0.0000,0.0673,0.4198,0.9051,-0.1052,0.4091,0.9064,-0.0168,0.4056,0.9139,-0.1751,0.0590,0.3637,Bright,
31.2702,3.4282,4.1150,0.0000,0.0000,0.0666,0.4192,0.9054,-0.1057,0.4084,0.9067,-0.0174,0.4050,0.9142,-0.1751,0.0590,0.3637,Bright,
31.2811,3.4306,4.1031,0.0000,0.0000,0.0662,0.4189,0.9056,-0.1060,0.4080,0.9068,-0.0178,0.4046,0.9143,-0.1751,0.0591,0.3636,Bright,
31.2920,3.4449,4.0911,0.0000,0.0000,0.0651,0.4179,0.9062,-0.1067,0.4070,0.9072,-0.0186,0.4036,0.9148,-0.1751,0.0591,0.3635,Bright,
31.3032,3.4539,4.0966,0.0000,0.0000,0.0644,0.4178,0.9062,-0.1071,0.4069,0.9072,-0.0192,0.4035,0.9148,-0.1751,0.0591,0.3634,Bright,
31.3145,3.4428,4.1022,0.0000,0.0000,0.0636,0.4177,0.9063,-0.1077,0.4067,0.9072,-0.0199,0.4034,0.9148,-0.1752,0.0592,0.3633,Bright,
31.3255,3.4290,4.1225,0.0000,0.0000,0.0619,0.4174,0.9066,-0.1088,0.4063,0.9072,-0.0213,0.4030,0.9149,-0.1753,0.0592,0.3632,Bright,
31.3367,3.4257,4.1304,0.0000,0.0000,0.0607,0.4177,0.9066,-0.1098,0.4065,0.9070,-0.0224,0.4033,0.9148,-0.1754,0.0593,0.3631,Bright,
31.3476,3.4202,4.1359,0.0000,0.0000,0.0593,0.4181,0.9065,-0.1110,0.4069,0.9067,-0.0238,0.4037,0.9146,-0.1755,0.0595,0.3630,Bright,
31.3588,3.4194,4.1119,0.0000,0.0000,0.0575,0.4182,0.9065,-0.1124,0.4068,0.9066,-0.0254,0.4037,0.9145,-0.1757,0.0595,0.3629,Bright,
31.3698,3.4207,4.1042,0.0000,0.0000,0.0566,0.4186,0.9064,-0.1130,0.4072,0.9063,-0.0262,0.4041,0.9143,-0.1759,0.0596,0.3628,Bright,
31.3811,3.4345,4.0985,0.0000,0.0000,0.0552,0.4193,0.9062,-0.1141,0.4077,0.9059,-0.0274,0.4048,0.9140,-0.1760,0.0598,0.3626,Bright,
31.3922,3.4492,4.1065,0.0000,0.0000,0.0533,0.4202,0.9059,-0.1155,0.4085,0.9054,-0.0291,0.4056,0.9136,-0.1762,0.0598,0.3625,Bright,
31.4034,3.4507,4.1081,0.0000,0.0000,0.0518,0.4213,0.9055,-0.1169,0.4095,0.9048,-0.0305,0.4067,0.9131,-0.1764,0.0600,0.3624,Bright,
31.4145,3.4559,4.1088,0.0000,0.0000,0.0498,0.4223,0.9051,-0.1187,0.4104,0.9042,-0.0324,0.4077,0.9126,-0.1767,0.0602,0.3623,Bright,
31.4262,3.4557,4.1218,0.0000,0.0000,0.0473,0.4234,0.9047,-0.1208,0.4113,0.9035,-0.0347,0.4087,0.9120,-0.1770,0.0603,0.3621,Bright,
31.4370,3.4533,4.1245,0.0000,0.0000,0.0453,0.4247,0.9042,-0.1226,0.4124,0.9027,-0.0366,0.4099,0.9114,-0.1774,0.0605,0.3620,Bright,
31.4476,3.4534,4.1267,0.0000,0.0000,0.0431,0.4261,0.9036,-0.1246,0.4137,0.9019,-0.0387,0.4113,0.9107,-0.1778,0.0607,0.3619,Bright,
31.4590,3.4503,4.1213,0.0000,0.0000,0.0405,0.4273,0.9032,-0.1268,0.4147,0.9011,-0.0412,0.4124,0.9101,-0.1782,0.0608,0.3617,Bright,
31.4702,3.4483,4.1231,0.0000,0.0000,0.0377,0.4286,0.9027,-0.1294,0.4157,0.9002,-0.0439,0.4136,0.9094,-0.1787,0.0610,0.3616,Bright,
31.4814,3.4457,4.1249,0.0000,0.0000,0.0348,0.4297,0.9023,-0.1320,0.4167,0.8994,-0.0466,0.4147,0.9088,-0.1792,0.0611,0.3615,Bright,
31.4925,3.4501,4.1073,0.0000,0.0000,0.0314,0.4308,0.9019,-0.1352,0.4176,0.8985,-0.0499,0.4157,0.9081,-0.1798,0.0612,0.3614,Bright,
31.5039,3.4559,4.1039,0.0000,0.0000,0.0282,0.4320,0.9014,-0.1381,0.4185,0.8976,-0.0530,0.4168,0.9075,-0.1804,0.0614,0.3613,Bright,
31.5149,3.4600,4.1012,0.0000,0.0000,0.0249,0.4332,0.9010,-0.1413,0.4195,0.8967,-0.0563,0.4179,0.9068,-0.1810,0.0615,0.3612,Bright,
31.5258,3.4603,4.0923,0.0000,0.0000,0.0212,0.4342,0.9006,-0.1447,0.4202,0.8958,-0.0598,0.4188,0.9061,-0.1817,0.0616,0.3611,Bright,
31.5371,3.4570,4.0859,0.0000,0.0000,0.0173,0.4353,0.9001,-0.1484,0.4211,0.8948,-0.0636,0.4198,0.9054,-0.1824,0.0617,0.3610,Bright,
31.5481,3.4372,4.0804,0.0000,0.0000,0.0133,0.4362,0.8997,-0.1522,0.4219,0.8938,-0.0675,0.4206,0.9047,-0.1832,0.0619,0.3609,Bright,
31.5592,3.4328,4.0864,0.0000,0.0000,0.0100,0.4371,0.8993,-0.1552,0.4226,0.8929,-0.0707,0.4215,0.9041,-0.1840,0.0620,0.3608,Bright,
31.5705,3.4439,4.0822,0.0000,0.0000,0.0068,0.4390,0.8985,-0.1587,0.4244,0.8915,-0.0741,0.4233,0.9030,-0.1847,0.0621,0.3607,Bright,
31.5815,3.4489,4.0788,0.0000,0.0000,-0.0165,0.4296,0.9029,-0.1787,0.4138,0.8927,-0.0959,0.4133,0.9055,-0.1855,0.0623,0.3607,Bright,
31.5924,3.4497,4.0538,0.0000,0.0000,-0.0865,0.4123,0.9069,-0.2436,0.3926,0.8869,-0.1641,0.3940,0.9043,-0.1863,0.0624,0.3606,Bright,
31.6045,3.4442,4.0505,0.0000,0.0000,-0.1332,0.4026,0.9057,-0.2916,0.3796,0.8780,-0.2119,0.3824,0.8994,-0.1871,0.0627,0.3606,Bright,
31.6149,3.4529,4.0492,0.0000,0.0000,-0.1835,0.3950,0.9002,-0.3377,0.3696,0.8657,-0.2606,0.3735,0.8903,-0.1879,0.0630,0.3605,Bright,
31.6265,3.4664,4.0346,0.0000,0.0000,-0.2173,0.3917,0.8941,-0.3765,0.3630,0.8524,-0.2974,0.3681,0.8809,-0.1889,0.0632,0.3605,Bright,
31.6372,3.4707,4.0159,0.0000,0.0000,-0.2217,0.3952,0.8914,-0.3850,0.3655,0.8475,-0.3040,0.3709,0.8775,-0.1899,0.0635,0.3604,Bright,
31.6484,3.4745,4.0002,0.0000,0.0000,-0.2241,0.3974,0.8899,-0.3918,0.3669,0.8437,-0.3088,0.3725,0.8752,-0.1909,0.0637,0.3604,Bright,
31.6594,3.4631,4.0196,0.0000,0.0000,-0.2213,0.4001,0.8893,-0.3979,0.3682,0.8403,-0.3107,0.3741,0.8738,-0.1920,0.0639,0.3604,Bright,
31.6704,3.4526,4.0342,0.0000,0.0000,-0.2238,0.4022,0.8878,-0.4034,0.3699,0.8369,-0.3147,0.3759,0.8716,-0.1932,0.0642,0.3604,Bright,
31.6818,3.4446,4.0468,0.0000,0.0000,-0.2551,0.3972,0.8816,-0.4333,0.3630,0.8249,-0.3457,0.3697,0.8624,-0.1944,0.0643,0.3605,Bright,
31.6928,3.4493,4.0782,0.0000,0.0000,-0.2287,0.4049,0.8853,-0.4156,0.3717,0.8302,-0.3235,0.3778,0.8675,-0.1957,0.0644,0.3605,Bright,
31.7041,3.4571,4.0920,0.0000,0.0000,-0.2289,0.4064,0.8846,-0.4184,0.3732,0.8280,-0.3251,0.3792,0.8663,-0.1970,0.0645,0.3605,Bright,
31.7154,3.4649,4.1096,0.0000,0.0000,-0.2352,0.4070,0.8827,-0.4254,0.3737,0.8242,-0.3318,0.3797,0.8636,-0.1983,0.0646,0.3606,Bright,
31.7261,3.4813,4.1261,0.0000,0.0000,-0.2336,0.4077,0.8827,-0.4265,0.3748,0.8232,-0.3316,0.3805,0.8633,-0.1997,0.0648,0.3606,Bright,
31.7376,3.4798,4.1267,0.0000,0.0000,-0.2378,0.4085,0.8812,-0.4318,0.3756,0.8200,-0.3364,0.3813,0.8611,-0.2011,0.0648,0.3606,Bright,
31.7485,3.4778,4.1410,0.0000,0.0000,-0.2452,0.4086,0.8792,-0.4379,0.3760,0.8166,-0.3432,0.3816,0.8583,-0.2026,0.0649,0.3607,Bright,
31.7597,3.4587,4.1560,0.0000,0.0000,-0.2483,0.4079,0.8786,-0.4403,0.3760,0.8153,-0.3459,0.3813,0.8573,-0.2041,0.0650,0.3607,Bright,
31.7706,3.4690,4.1586,0.0000,0.0000,-0.2551,0.4081,0.8765,-0.4471,0.3763,0.8115,-0.3528,0.3815,0.8544,-0.2056,0.0650,0.3607,Bright,
31.7819,3.4785,4.1701,0.0000,0.0000,-0.2641,0.4082,0.8739,-0.4537,0.3767,0.8076,-0.3606,0.3819,0.8510,-0.2072,0.0651,0.3608,Bright,
31.7930,3.4943,4.1840,0.0000,0.0000,-0.2689,0.4081,0.8724,-0.4566,0.3774,0.8057,-0.3644,0.3823,0.8491,-0.2088,0.0652,0.3608,Bright,
31.8045,3.5226,4.1889,0.0000,0.0000,-0.2802,0.4064,0.8697,-0.4642,0.3761,0.8019,-0.3738,0.3809,0.8457,-0.2104,0.0651,0.3608,Bright,
31.8154,3.5443,4.1947,0.0000,0.0000,-0.2949,0.4005,0.8676,-0.4794,0.3696,0.7960,-0.3890,0.3745,0.8417,-0.2120,0.0652,0.3609,Bright,
31.8264,3.5668,4.1981,0.0000,0.0000,-0.3709,0.3598,0.8562,-0.5456,0.3257,0.7721,-0.4609,0.3317,0.8231,-0.2136,0.0651,0.3609,Bright,
31.8378,3.5839,4.1975,0.0000,0.0000,-0.4276,0.3338,0.8401,-0.5925,0.2983,0.7483,-0.5131,0.3048,0.8024,-0.2154,0.0650,0.3609,Bright,
31.8487,3.5958,4.1923,0.0000,0.0000,-0.4751,0.3112,0.8231,-0.6355,0.2737,0.7220,-0.5588,0.2807,0.7804,-0.2170,0.0650,0.3609,Bright,
31.8601,3.6237,4.1710,0.0000,0.0000,-0.6084,0.2540,0.7519,-0.6745,0.2360,0.6996,-0.6419,0.2393,0.7285,-0.2188,0.0650,0.3608,Bright,
31.8712,3.6510,4.1574,0.0000,0.0000,-0.6410,0.2457,0.7272,-0.6926,0.2308,0.6834,-0.6670,0.2336,0.7075,-0.2207,0.0649,0.3607,Bright,
31.8822,3.6720,4.1830,0.0000,0.0000,-0.6511,0.2477,0.7175,-0.6953,0.2347,0.6793,-0.6733,0.2372,0.7003,-0.2226,0.0648,0.3606,Bright,
31.8934,3.6947,4.2166,0.0000,0.0000,-0.6628,0.2488,0.7063,-0.6982,0.2382,0.6751,-0.6805,0.2403,0.6923,-0.2245,0.0647,0.3605,Bright,
31.9045,3.6986,4.2253,0.0000,0.0000,-0.7006,0.2204,0.6787,-0.7307,0.2109,0.6493,-0.7156,0.2127,0.6654,-0.2265,0.0645,0.3602,Bright,
31.9156,3.6885,4.2288,0.0000,0.0000,-0.6769,0.2421,0.6951,-0.7074,0.2330,0.6673,-0.6921,0.2347,0.6825,-0.2284,0.0643,0.3601,Bright,
31.9293,3.6654,4.2262,0.0000,0.0000,-0.6775,0.2370,0.6963,-0.7053,0.2288,0.6710,-0.6913,0.2304,0.6849,-0.2303,0.0642,0.3599,Bright,
31.9379,3.6579,4.2256,0.0000,0.0000,-0.7221,0.2132,0.6581,-0.7460,0.2055,0.6334,-0.7340,0.2069,0.6469,-0.2321,0.0638,0.3596,Bright,
31.9492,3.6621,4.2264,0.0000,0.0000,-0.7219,0.2128,0.6585,-0.7453,0.2054,0.6343,-0.7335,0.2068,0.6475,-0.2340,0.0636,0.3594,Bright,
31.9603,3.6589,4.2613,0.0000,0.0000,-0.6769,0.2308,0.6989,-0.7020,0.2238,0.6761,-0.6894,0.2251,0.6886,-0.2358,0.0633,0.3592,Bright,
31.9710,3.6475,4.2744,0.0000,0.0000,-0.6772,0.2273,0.6999,-0.7019,0.2205,0.6773,-0.6894,0.2216,0.6896,-0.2377,0.0630,0.3589,Bright,
31.9827,3.6295,4.2689,0.0000,0.0000,-0.6893,0.2193,0.6905,-0.7126,0.2128,0.6686,-0.7008,0.2139,0.6805,-0.2395,0.0627,0.3587,Bright,
31.9937,3.6247,4.2644,0.0000,0.0000,-0.6851,0.2180,0.6951,-0.7084,0.2117,0.6734,-0.6966,0.2127,0.6852,-0.2414,0.0624,0.3586,Bright,
32.0049,3.6226,4.2710,0.0000,0.0000,-0.6816,0.2167,0.6989,-0.7049,0.2105,0.6774,-0.6931,0.2115,0.6891,-0.2432,0.0620,0.3582,Bright,
32.0159,3.6286,4.2814,0.0000,0.0000,-0.6720,0.2189,0.7075,-0.6953,0.2128,0.6865,-0.6835,0.2138,0.6979,-0.2450,0.0617,0.3580,Bright,
32.0268,3.6415,4.2857,0.0000,0.0000,-0.6700,0.2188,0.7094,-0.6958,0.2121,0.6862,-0.6828,0.2132,0.6989,-0.2468,0.0614,0.3578,Bright,
32.0405,3.6520,4.2987,0.0000,0.0000,-0.6619,0.2217,0.7160,-0.6933,0.2138,0.6882,-0.6775,0.2150,0.7034,-0.2486,0.0609,0.3574,Bright,
32.0495,3.6512,4.2920,0.0000,0.0000,-0.6603,0.2209,0.7177,-0.6947,0.2123,0.6873,-0.6775,0.2136,0.7039,-0.2504,0.0606,0.3572,Bright,
32.0606,3.6556,4.2864,0.0000,0.0000,-0.6543,0.2233,0.7225,-0.6922,0.2139,0.6893,-0.6732,0.2153,0.7074,-0.2521,0.0602,0.3570,Bright,
32.0715,3.6586,4.2710,0.0000,0.0000,-0.6471,0.2255,0.7283,-0.6889,0.2154,0.6921,-0.6680,0.2169,0.7119,-0.2539,0.0597,0.3567,Bright,
32.0828,3.6630,4.2503,0.0000,0.0000,-0.6295,0.2353,0.7405,-0.6799,0.2235,0.6984,-0.6548,0.2252,0.7215,-0.2556,0.0593,0.3565,Bright,
32.0939,3.6548,4.2455,0.0000,0.0000,-0.6220,0.2378,0.7461,-0.6771,0.2250,0.7006,-0.6497,0.2269,0.7256,-0.2572,0.0590,0.3564,Bright,
32.1046,3.6473,4.2522,0.0000,0.0000,-0.6144,0.2399,0.7517,-0.6744,0.2262,0.7029,-0.6446,0.2281,0.7297,-0.2589,0.0586,0.3561,Bright,
32.1160,3.6106,4.2557,0.0000,0.0000,-0.5992,0.2446,0.7623,-0.6695,0.2291,0.7066,-0.6347,0.2312,0.7374,-0.2605,0.0583,0.3560,Bright,
32.1269,3.6087,4.2522,0.0000,0.0000,-0.5925,0.2456,0.7672,-0.6682,0.2292,0.7078,-0.6308,0.2314,0.7407,-0.2621,0.0580,0.3558,Bright,
32.1383,3.6090,4.2444,0.0000,0.0000,-0.5871,0.2456,0.7714,-0.6680,0.2283,0.7083,-0.6280,0.2305,0.7433,-0.2637,0.0577,0.3556,Bright,
32.1495,3.6042,4.2305,0.0000,0.0000,-0.5732,0.2502,0.7803,-0.6650,0.2311,0.7102,-0.6198,0.2335,0.7492,-0.2653,0.0574,0.3554,Bright,
32.1609,3.6003,4.2260,0.0000,0.0000,-0.5679,0.2506,0.7840,-0.6650,0.2306,0.7103,-0.6173,0.2331,0.7514,-0.2668,0.0571,0.3552,Bright,
32.1716,3.5962,4.2290,0.0000,0.0000,-0.5650,0.2499,0.7863,-0.6670,0.2290,0.7090,-0.6170,0.2316,0.7521,-0.2685,0.0567,0.3549,Bright,
32.1828,3.5969,4.2287,0.0000,0.0000,-0.5544,0.2517,0.7933,-0.6666,0.2292,0.7093,-0.6117,0.2319,0.7564,-0.2700,0.0564,0.3548,Bright,
32.1942,3.5936,4.2257,0.0000,0.0000,-0.5506,0.2514,0.7960,-0.6676,0.2282,0.7087,-0.6104,0.2309,0.7577,-0.2716,0.0561,0.3546,Bright,
32.2051,3.5910,4.2111,0.0000,0.0000,-0.5456,0.2516,0.7994,-0.6675,0.2277,0.7089,-0.6080,0.2304,0.7597,-0.2730,0.0557,0.3543,Bright,
32.2161,3.5860,4.2024,0.0000,0.0000,-0.5372,0.2533,0.8045,-0.6683,0.2279,0.7081,-0.6045,0.2308,0.7625,-0.2746,0.0555,0.3541,Bright,
32.2272,3.5801,4.2068,0.0000,0.0000,-0.5338,0.2531,0.8069,-0.6691,0.2271,0.7076,-0.6033,0.2300,0.7636,-0.2761,0.0552,0.3539,Bright,
32.2385,3.5759,4.2108,0.0000,0.0000,-0.5294,0.2532,0.8097,-0.6689,0.2267,0.7079,-0.6012,0.2296,0.7654,-0.2777,0.0549,0.3535,Bright,
32.2498,3.5606,4.2176,0.0000,0.0000,-0.5205,0.2557,0.8147,-0.6679,0.2281,0.7084,-0.5965,0.2311,0.7687,-0.2793,0.0546,0.3532,Bright,
32.2609,3.5593,4.2185,0.0000,0.0000,-0.5164,0.2554,0.8174,-0.6676,0.2274,0.7089,-0.5944,0.2303,0.7705,-0.2808,0.0543,0.3529,Bright,
32.2720,3.5589,4.2134,0.0000,0.0000,-0.5119,0.2552,0.8203,-0.6667,0.2268,0.7100,-0.5917,0.2297,0.7727,-0.2825,0.0540,0.3526,Bright,
32.2832,3.5609,4.2038,0.0000,0.0000,-0.5033,0.2575,0.8248,-0.6650,0.2283,0.7111,-0.5868,0.2312,0.7760,-0.2841,0.0537,0.3523,Bright,
32.2946,3.5490,4.1995,0.0000,0.0000,-0.4991,0.2569,0.8276,-0.6640,0.2273,0.7124,-0.5842,0.2302,0.7783,-0.2857,0.0534,0.3520,Bright,
32.3054,3.5386,4.1973,0.0000,0.0000,-0.4947,0.2561,0.8304,-0.6627,0.2262,0.7140,-0.5815,0.2291,0.7807,-0.2872,0.0530,0.3517,Bright,
32.3165,3.5264,4.1881,0.0000,0.0000,-0.4866,0.2569,0.8350,-0.6602,0.2262,0.7162,-0.5762,0.2292,0.7845,-0.2888,0.0526,0.3515,Bright,
32.3278,3.5127,4.1816,0.0000,0.0000,-0.4817,0.2553,0.8383,-0.6581,0.2243,0.7187,-0.5729,0.2272,0.7875,-0.2903,0.0522,0.3513,Bright,
32.3385,3.5026,4.1749,0.0000,0.0000,-0.4765,0.2537,0.8418,-0.6555,0.2224,0.7217,-0.5689,0.2253,0.7909,-0.2917,0.0518,0.3511,Bright,
32.3503,3.5091,4.1752,0.0000,0.0000,-0.4692,0.2533,0.8460,-0.6525,0.2213,0.7247,-0.5638,0.2244,0.7948,-0.2932,0.0513,0.3510,Bright,
32.3611,3.5097,4.1806,0.0000,0.0000,-0.4624,0.2492,0.8509,-0.6487,0.2169,0.7295,-0.5584,0.2200,0.7998,-0.2947,0.0509,0.3509,Bright,
32.3722,3.5109,4.2205,0.0000,0.0000,-0.4517,0.2445,0.8580,-0.6414,0.2123,0.7372,-0.5493,0.2152,0.8074,-0.2962,0.0504,0.3507,Bright,
32.3833,3.5765,4.2967,0.0000,0.0000,-0.4177,0.2232,0.8808,-0.6168,0.1921,0.7633,-0.5194,0.1939,0.8323,-0.2976,0.0500,0.3506,Bright,
32.3946,3.6180,4.3298,0.0000,0.0000,-0.3892,0.1948,0.9003,-0.5961,0.1647,0.7858,-0.4942,0.1656,0.8535,-0.2990,0.0495,0.3506,Bright,
32.4058,3.6510,4.3632,0.0000,0.0000,-0.3633,0.1679,0.9164,-0.5744,0.1389,0.8067,-0.4696,0.1389,0.8719,-0.3002,0.0490,0.3506,Bright,
32.4169,3.6886,4.4040,0.0000,0.0000,-0.3589,0.0892,0.9291,-0.5739,0.0599,0.8167,-0.4667,0.0592,0.8824,-0.3014,0.0486,0.3506,Bright,
32.4277,3.6947,4.4163,0.0000,0.0000,-0.3618,0.0517,0.9308,-0.5780,0.0223,0.8157,-0.4701,0.0212,0.8823,-0.3026,0.0481,0.3506,Bright,
32.4391,3.6976,4.4173,0.0000,0.0000,-0.3528,0.0407,0.9348,-0.5714,0.0112,0.8206,-0.4621,0.0100,0.8868,-0.3037,0.0476,0.3507,Bright,
32.4503,3.7118,4.4116,0.0000,0.0000,-0.3505,0.0232,0.9363,-0.5709,-0.0064,0.8210,-0.4607,-0.0078,0.8875,-0.3048,0.0472,0.3507,Bright,
32.4616,3.7094,4.4071,0.0000,0.0000,-0.3479,0.0158,0.9374,-0.5687,-0.0137,0.8225,-0.4582,-0.0152,0.8887,-0.3059,0.0468,0.3508,Bright,
32.4725,3.7070,4.3971,0.0000,0.0000,-0.3493,0.0175,0.9369,-0.5701,-0.0121,0.8215,-0.4597,-0.0136,0.8880,-0.3069,0.0462,0.3508,Bright,
32.4835,3.7113,4.3871,0.0000,0.0000,-0.3483,0.0128,0.9373,-0.5692,-0.0167,0.8220,-0.4589,-0.0183,0.8883,-0.3079,0.0458,0.3508,Bright,
32.4947,3.7036,4.3857,0.0000,0.0000,-0.3457,0.0077,0.9383,-0.5667,-0.0216,0.8236,-0.4562,-0.0234,0.8896,-0.3089,0.0454,0.3508,Bright,
32.5058,3.6968,4.3674,0.0000,0.0000,-0.3457,0.0029,0.9383,-0.5667,-0.0262,0.8235,-0.4563,-0.0281,0.8894,-0.3097,0.0448,0.3508,Bright,
32.5171,3.6960,4.3626,0.0000,0.0000,-0.3413,-0.0018,0.9400,-0.5624,-0.0305,0.8263,-0.4519,-0.0326,0.8915,-0.3106,0.0443,0.3508,Bright,
32.5283,3.6848,4.3590,0.0000,0.0000,-0.3398,-0.0063,0.9405,-0.5601,-0.0346,0.8277,-0.4499,-0.0369,0.8923,-0.3115,0.0438,0.3508,Bright,
32.5393,3.6703,4.3431,0.0000,0.0000,-0.3370,-0.0219,0.9412,-0.5563,-0.0496,0.8295,-0.4465,-0.0522,0.8932,-0.3121,0.0431,0.3508,Bright,
32.5504,3.6630,4.3391,0.0000,0.0000,-0.3357,-0.0234,0.9417,-0.5546,-0.0509,0.8306,-0.4450,-0.0536,0.8939,-0.3129,0.0424,0.3508,Bright,
32.5621,3.6572,4.3401,0.0000,0.0000,-0.3330,-0.0285,0.9425,-0.5514,-0.0558,0.8323,-0.4420,-0.0585,0.8951,-0.3136,0.0416,0.3507,Bright,
32.5725,3.6387,4.3427,0.0000,0.0000,-0.3349,-0.0274,0.9418,-0.5517,-0.0548,0.8323,-0.4431,-0.0574,0.8946,-0.3142,0.0408,0.3507,Bright,
32.5839,3.6379,4.3445,0.0000,0.0000,-0.3353,-0.0299,0.9416,-0.5503,-0.0572,0.8330,-0.4426,-0.0597,0.8947,-0.3151,0.0401,0.3506,Bright,
32.5953,3.6380,4.3417,0.0000,0.0000,-0.3357,-0.0329,0.9414,-0.5497,-0.0602,0.8332,-0.4425,-0.0627,0.8946,-0.3159,0.0394,0.3506,Bright,
32.6062,3.6366,4.3401,0.0000,0.0000,-0.3385,-0.0356,0.9403,-0.5517,-0.0628,0.8317,-0.4449,-0.0653,0.8932,-0.3165,0.0385,0.3507,Bright,
32.6171,3.6617,4.3615,0.0000,0.0000,-0.3330,-0.0436,0.9419,-0.5457,-0.0707,0.8350,-0.4390,-0.0732,0.8955,-0.3173,0.0376,0.3506,Bright,
32.6282,3.6821,4.3795,0.0000,0.0000,-0.3338,-0.0481,0.9414,-0.5482,-0.0753,0.8330,-0.4407,-0.0779,0.8943,-0.3180,0.0367,0.3506,Bright,
32.6393,3.7307,4.4160,0.0000,0.0000,-0.3033,-0.0723,0.9502,-0.5213,-0.0994,0.8475,-0.4114,-0.1022,0.9057,-0.3186,0.0357,0.3505,Bright,
32.6504,3.7415,4.4320,0.0000,0.0000,-0.2800,-0.0951,0.9553,-0.5013,-0.1225,0.8566,-0.3892,-0.1253,0.9126,-0.3192,0.0348,0.3505,Bright,
32.6620,3.7472,4.4510,0.0000,0.0000,-0.2589,-0.1169,0.9588,-0.4778,-0.1440,0.8666,-0.3664,-0.1466,0.9188,-0.3198,0.0339,0.3504,Bright,
32.6729,3.8195,4.4820,0.0000,0.0000,-0.1753,-0.1602,0.9714,-0.3923,-0.1893,0.9002,-0.2802,-0.1901,0.9409,-0.3201,0.0329,0.3503,Bright,
32.6839,3.8323,4.4959,0.0000,0.0000,-0.1435,-0.1739,0.9743,-0.3587,-0.2041,0.9109,-0.2470,-0.2041,0.9473,-0.3205,0.0320,0.3503,Bright,
32.6952,3.8413,4.5054,0.0000,0.0000,-0.1271,-0.1838,0.9747,-0.3350,-0.2137,0.9176,-0.2268,-0.2132,0.9503,-0.3210,0.0311,0.3502,Bright,
32.7064,3.8185,4.5229,0.0000,0.0000,-0.1146,-0.1875,0.9756,-0.3131,-0.2168,0.9246,-0.2095,-0.2158,0.9537,-0.3211,0.0302,0.3503,Bright,
32.7177,3.8118,4.5312,0.0000,0.0000,-0.1175,-0.1877,0.9752,-0.3130,-0.2165,0.9248,-0.2110,-0.2155,0.9534,-0.3215,0.0294,0.3503,Bright,
32.7289,3.7994,4.5282,0.0000,0.0000,-0.1240,-0.1853,0.9748,-0.3113,-0.2125,0.9262,-0.2136,-0.2118,0.9537,-0.3217,0.0286,0.3503,Bright,
32.7402,3.7932,4.5331,0.0000,0.0000,-0.1265,-0.1873,0.9741,-0.3112,-0.2138,0.9260,-0.2150,-0.2133,0.9530,-0.3216,0.0277,0.3504,Bright,
32.7506,3.7848,4.5368,0.0000,0.0000,-0.1312,-0.1877,0.9734,-0.3139,-0.2136,0.9251,-0.2188,-0.2133,0.9522,-0.3217,0.0268,0.3505,Bright,
32.7620,3.7741,4.5348,0.0000,0.0000,-0.1371,-0.1873,0.9727,-0.3170,-0.2124,0.9243,-0.2234,-0.2123,0.9513,-0.3217,0.0259,0.3505,Bright,
32.7732,3.7726,4.5428,0.0000,0.0000,-0.1386,-0.1905,0.9719,-0.3176,-0.2152,0.9235,-0.2245,-0.2153,0.9504,-0.3215,0.0249,0.3506,Bright,
32.7842,3.7786,4.5489,0.0000,0.0000,-0.1398,-0.1936,0.9711,-0.3173,-0.2179,0.9229,-0.2249,-0.2181,0.9497,-0.3216,0.0241,0.3506,Bright,
32.7958,3.7906,4.5610,0.0000,0.0000,-0.1434,-0.1950,0.9703,-0.3198,-0.2189,0.9219,-0.2280,-0.2192,0.9487,-0.3217,0.0232,0.3506,Bright,
32.8064,3.7953,4.5683,0.0000,0.0000,-0.1432,-0.1991,0.9695,-0.3202,-0.2230,0.9207,-0.2281,-0.2234,0.9477,-0.3216,0.0223,0.3507,Bright,
32.8176,3.7984,4.5734,0.0000,0.0000,-0.1414,-0.2035,0.9688,-0.3190,-0.2275,0.9201,-0.2266,-0.2279,0.9470,-0.3217,0.0215,0.3507,Bright,
32.8286,3.8250,4.6325,0.0000,0.0000,-0.1431,-0.2085,0.9675,-0.3237,-0.2326,0.9171,-0.2298,-0.2332,0.9449,-0.3217,0.0208,0.3507,Bright,
32.8399,3.8398,4.6564,0.0000,0.0000,-0.1514,-0.2349,0.9602,-0.3351,-0.2590,0.9059,-0.2397,-0.2599,0.9354,-0.3216,0.0200,0.3507,Bright,
32.8508,3.8639,4.6744,0.0000,0.0000,-0.1619,-0.2753,0.9476,-0.3454,-0.2987,0.8896,-0.2502,-0.3000,0.9206,-0.3215,0.0191,0.3506,Bright,
32.8622,3.8994,4.7266,0.0000,0.0000,-0.1695,-0.3159,0.9335,-0.3586,-0.3389,0.8698,-0.2605,-0.3408,0.9033,-0.3214,0.0183,0.3506,Bright,
32.8734,3.9104,4.7593,0.0000,0.0000,-0.1759,-0.3666,0.9136,-0.3660,-0.3882,0.8458,-0.2675,-0.3908,0.8808,-0.3210,0.0175,0.3506,Bright,
32.8843,3.9129,4.7852,0.0000,0.0000,-0.1764,-0.3871,0.9050,-0.3680,-0.4081,0.8355,-0.2687,-0.4111,0.8711,-0.3209,0.0168,0.3506,Bright,
32.8956,3.9278,4.7840,0.0000,0.0000,-0.1752,-0.4099,0.8951,-0.3706,-0.4304,0.8230,-0.2694,-0.4339,0.8597,-0.3208,0.0161,0.3505,Bright,
32.9072,3.9398,4.7727,0.0000,0.0000,-0.1752,-0.4159,0.8924,-0.3728,-0.4360,0.8191,-0.2705,-0.4399,0.8564,-0.3205,0.0155,0.3504,Bright,
32.9180,3.9306,4.7621,0.0000,0.0000,-0.1749,-0.4241,0.8886,-0.3732,-0.4438,0.8147,-0.2705,-0.4480,0.8521,-0.3203,0.0149,0.3503,Bright,
32.9290,3.9193,4.7536,0.0000,0.0000,-0.1735,-0.4231,0.8893,-0.3759,-0.4428,0.8140,-0.2711,-0.4473,0.8523,-0.3202,0.0143,0.3501,Bright,
32.9401,3.9159,4.7589,0.0000,0.0000,-0.1720,-0.4211,0.8906,-0.3762,-0.4408,0.8150,-0.2705,-0.4455,0.8535,-0.3200,0.0137,0.3500,Bright,
32.9511,3.9132,4.7637,0.0000,0.0000,-0.1721,-0.4246,0.8889,-0.3774,-0.4439,0.8127,-0.2712,-0.4489,0.8515,-0.3198,0.0132,0.3498,Bright,
32.9624,3.9179,4.7712,0.0000,0.0000,-0.1710,-0.4205,0.8910,-0.3785,-0.4399,0.8144,-0.2712,-0.4451,0.8535,-0.3197,0.0128,0.3496,Bright,
32.9737,3.9215,4.7567,0.0000,0.0000,-0.1696,-0.4190,0.8920,-0.3776,-0.4382,0.8157,-0.2701,-0.4435,0.8546,-0.3194,0.0123,0.3494,Bright,
32.9846,3.9192,4.7441,0.0000,0.0000,-0.1696,-0.4226,0.8903,-0.3776,-0.4415,0.8139,-0.2700,-0.4470,0.8528,-0.3192,0.0119,0.3491,Bright,
32.9957,3.9146,4.7282,0.0000,0.0000,-0.1686,-0.4211,0.8912,-0.3768,-0.4398,0.8152,-0.2691,-0.4454,0.8539,-0.3190,0.0115,0.3489,Bright,
33.0072,3.9126,4.7068,0.0000,0.0000,-0.1685,-0.4227,0.8905,-0.3763,-0.4411,0.8148,-0.2689,-0.4468,0.8533,-0.3188,0.0111,0.3486,Bright,
33.0180,3.9056,4.6907,0.0000,0.0000,-0.1679,-0.4244,0.8898,-0.3753,-0.4425,0.8145,-0.2681,-0.4483,0.8527,-0.3186,0.0107,0.3483,Bright,
33.0293,3.8979,4.7010,0.0000,0.0000,-0.1683,-0.4241,0.8899,-0.3746,-0.4418,0.8152,-0.2679,-0.4477,0.8531,-0.3184,0.0104,0.3479,Bright,
33.0404,3.8962,4.6936,0.0000,0.0000,-0.1690,-0.4244,0.8896,-0.3746,-0.4418,0.8152,-0.2683,-0.4478,0.8529,-0.3183,0.0101,0.3475,Bright,
33.0517,3.8998,4.6894,0.0000,0.0000,-0.1704,-0.4225,0.8902,-0.3747,-0.4396,0.8163,-0.2691,-0.4457,0.8538,-0.3182,0.0099,0.3471,Bright,
33.0625,3.9002,4.6893,0.0000,0.0000,-0.1723,-0.4218,0.8902,-0.3757,-0.4385,0.8164,-0.2705,-0.4447,0.8538,-0.3181,0.0097,0.3467,Bright,
33.0737,3.9003,4.6878,0.0000,0.0000,-0.1718,-0.4207,0.8908,-0.3746,-0.4374,0.8175,-0.2698,-0.4436,0.8547,-0.3180,0.0097,0.3463,Bright,
33.0849,3.8854,4.6927,0.0000,0.0000,-0.1749,-0.4186,0.8912,-0.3760,-0.4348,0.8183,-0.2721,-0.4411,0.8552,-0.3179,0.0097,0.3459,Bright,
33.0962,3.8730,4.6928,0.0000,0.0000,-0.1768,-0.4178,0.8912,-0.3770,-0.4337,0.8184,-0.2736,-0.4401,0.8553,-0.3179,0.0097,0.3454,Bright,
33.1071,3.8814,4.6922,0.0000,0.0000,-0.1787,-0.4168,0.8912,-0.3781,-0.4324,0.8186,-0.2751,-0.4389,0.8554,-0.3178,0.0096,0.3449,Bright,
33.1182,3.8920,4.7059,0.0000,0.0000,-0.1816,-0.4152,0.8914,-0.3795,-0.4305,0.8190,-0.2773,-0.4370,0.8557,-0.3177,0.0097,0.3444,Bright,
33.1359,3.9019,4.7068,0.0000,0.0000,-0.1842,-0.4133,0.8918,-0.3805,-0.4283,0.8196,-0.2791,-0.4349,0.8561,-0.3177,0.0099,0.3440,Bright,
33.1406,3.9019,4.7068,0.0000,0.0000,-0.1845,-0.4128,0.8919,-0.3809,-0.4277,0.8198,-0.2795,-0.4343,0.8563,-0.3177,0.0101,0.3435,Bright,
33.1516,3.9011,4.7093,0.0000,0.0000,-0.1870,-0.4113,0.8921,-0.3821,-0.4258,0.8202,-0.2814,-0.4326,0.8566,-0.3177,0.0102,0.3430,Bright,
33.1628,3.8972,4.7039,0.0000,0.0000,-0.1882,-0.4105,0.8922,-0.3827,-0.4247,0.8205,-0.2823,-0.4316,0.8568,-0.3176,0.0102,0.3426,Bright,
33.1740,3.8968,4.6997,0.0000,0.0000,-0.1892,-0.4083,0.8930,-0.3831,-0.4221,0.8216,-0.2831,-0.4291,0.8577,-0.3174,0.0098,0.3418,Bright,
33.1851,3.8995,4.6965,0.0000,0.0000,-0.1904,-0.4086,0.8926,-0.3833,-0.4220,0.8216,-0.2838,-0.4291,0.8575,-0.3173,0.0088,0.3410,Bright,
33.1961,3.9027,4.6918,0.0000,0.0000,-0.1896,-0.4081,0.8930,-0.3821,-0.4215,0.8224,-0.2827,-0.4286,0.8581,-0.3172,0.0081,0.3406,Bright,
33.2077,3.9142,4.6884,0.0000,0.0000,-0.1883,-0.4062,0.8942,-0.3804,-0.4200,0.8240,-0.2812,-0.4269,0.8595,-0.3172,0.0083,0.3402,Bright,
33.2185,3.9161,4.6960,0.0000,0.0000,-0.1893,-0.4051,0.8945,-0.3806,-0.4183,0.8247,-0.2819,-0.4254,0.8600,-0.3172,0.0089,0.3399,Bright,
33.2300,3.9092,4.6846,0.0000,0.0000,-0.1897,-0.4072,0.8934,-0.3808,-0.4193,0.8241,-0.2823,-0.4270,0.8591,-0.3172,0.0090,0.3394,Bright,
33.2409,3.9073,4.6752,0.0000,0.0000,-0.1898,-0.4114,0.8915,-0.3803,-0.4224,0.8228,-0.2821,-0.4305,0.8574,-0.3173,0.0084,0.3386,Bright,
33.2523,3.9014,4.6769,0.0000,0.0000,-0.1911,-0.4136,0.8902,-0.3792,-0.4240,0.8225,-0.2822,-0.4322,0.8565,-0.3172,0.0079,0.3379,Bright,
33.2630,3.8992,4.6710,0.0000,0.0000,-0.1911,-0.4155,0.8893,-0.3781,-0.4257,0.8221,-0.2817,-0.4339,0.8558,-0.3171,0.0077,0.3373,Bright,
33.2742,3.8933,4.6673,0.0000,0.0000,-0.1906,-0.4154,0.8894,-0.3767,-0.4256,0.8228,-0.2808,-0.4338,0.8562,-0.3171,0.0078,0.3367,Bright,
33.2853,3.8453,4.6638,0.0000,0.0000,-0.1977,-0.4029,0.8936,-0.3840,-0.4125,0.8261,-0.2881,-0.4211,0.8601,-0.3171,0.0079,0.3362,Bright,
33.2967,3.8104,4.6155,0.0000,0.0000,-0.1971,-0.3819,0.9029,-0.3824,-0.3914,0.8370,-0.2871,-0.4000,0.8704,-0.3171,0.0079,0.3356,Bright,
33.3076,3.7781,4.5760,0.0000,0.0000,-0.1912,-0.3474,0.9180,-0.3785,-0.3576,0.8538,-0.2822,-0.3661,0.8868,-0.3172,0.0079,0.3350,Bright,
33.3188,3.7007,4.4774,0.0000,0.0000,-0.1727,-0.2456,0.9539,-0.3599,-0.2575,0.8968,-0.2637,-0.2652,0.9274,-0.3172,0.0076,0.3342,Bright,
33.3299,3.6609,4.4315,0.0000,0.0000,-0.1658,-0.1992,0.9658,-0.3494,-0.2115,0.9128,-0.2550,-0.2186,0.9419,-0.3171,0.0076,0.3338,Bright,
33.3411,3.5979,4.3617,0.0000,0.0000,-0.1545,-0.0915,0.9838,-0.3276,-0.1031,0.9392,-0.2386,-0.1095,0.9649,-0.3172,0.0080,0.3334,Bright,
33.3527,3.5689,4.3333,0.0000,0.0000,-0.1401,-0.0517,0.9888,-0.3108,-0.0629,0.9484,-0.2230,-0.0691,0.9724,-0.3171,0.0086,0.3330,Bright,
33.3632,3.5494,4.2984,0.0000,0.0000,-0.1246,-0.0172,0.9921,-0.2845,-0.0270,0.9583,-0.2021,-0.0331,0.9788,-0.3171,0.0089,0.3325,Bright,
33.3744,3.4808,4.2537,0.0000,0.0000,-0.1003,0.0341,0.9944,-0.2402,0.0267,0.9703,-0.1679,0.0210,0.9856,-0.3170,0.0088,0.3318,Bright,
33.3858,3.3729,4.2416,0.0000,0.0000,-0.1020,0.0437,0.9938,-0.2273,0.0372,0.9731,-0.1626,0.0321,0.9862,-0.3168,0.0089,0.3313,Bright,
33.3968,3.2857,4.2725,0.0000,0.0000,-0.1079,0.0541,0.9927,-0.2136,0.0485,0.9757,-0.1590,0.0443,0.9863,-0.3168,0.0093,0.3309,Bright,
33.4078,3.0857,4.2843,0.0000,0.0000,-0.1297,0.0432,0.9906,-0.2036,0.0390,0.9783,-0.1655,0.0362,0.9856,-0.3168,0.0099,0.3303,Bright,
33.4190,2.9977,4.2691,0.0000,0.0000,-0.1369,0.0405,0.9898,-0.2019,0.0366,0.9787,-0.1684,0.0342,0.9851,-0.3168,0.0105,0.3299,Bright,
33.4301,2.9366,4.2781,0.0000,0.0000,-0.1493,0.0278,0.9884,-0.2096,0.0240,0.9775,-0.1785,0.0218,0.9837,-0.3168,0.0110,0.3294,Bright,
33.4412,3.1900,4.2586,0.0000,0.0000,-0.1479,0.0317,0.9885,-0.2066,0.0278,0.9780,-0.1763,0.0258,0.9840,-0.3170,0.0115,0.3288,Bright,
33.4524,3.2710,4.2408,0.0000,0.0000,-0.1477,0.0334,0.9885,-0.2062,0.0293,0.9781,-0.1760,0.0274,0.9840,-0.3169,0.0121,0.3283,Bright,
33.4635,3.3322,4.2421,0.0000,0.0000,-0.1453,0.0426,0.9885,-0.2037,0.0384,0.9783,-0.1736,0.0366,0.9841,-0.3169,0.0126,0.3279,Bright,
33.4770,3.3217,4.2393,0.0000,0.0000,-0.1423,0.0409,0.9890,-0.2017,0.0364,0.9788,-0.1710,0.0347,0.9847,-0.3170,0.0131,0.3275,Bright,
33.4859,3.3014,4.2393,0.0000,0.0000,-0.1404,0.0451,0.9891,-0.2004,0.0402,0.9789,-0.1694,0.0386,0.9848,-0.3169,0.0136,0.3272,Bright,
33.4970,3.2890,4.2678,0.0000,0.0000,-0.1392,0.0503,0.9890,-0.2000,0.0451,0.9788,-0.1686,0.0436,0.9847,-0.3169,0.0141,0.3270,Bright,
33.5081,3.2812,4.3062,0.0000,0.0000,-0.1360,0.0526,0.9893,-0.1988,0.0470,0.9789,-0.1663,0.0456,0.9850,-0.3169,0.0145,0.3267,Bright,
33.5193,3.2662,4.3183,0.0000,0.0000,-0.1340,0.0584,0.9893,-0.1977,0.0526,0.9789,-0.1647,0.0513,0.9850,-0.3167,0.0150,0.3267,Bright,
33.5303,3.2525,4.3318,0.0000,0.0000,-0.1316,0.0613,0.9894,-0.1963,0.0551,0.9790,-0.1628,0.0539,0.9852,-0.3165,0.0154,0.3266,Bright,
33.5416,3.3596,4.3522,0.0000,0.0000,-0.1290,0.0643,0.9896,-0.1955,0.0577,0.9790,-0.1611,0.0566,0.9853,-0.3163,0.0157,0.3266,Bright,
33.5527,3.4005,4.3619,0.0000,0.0000,-0.1281,0.0673,0.9895,-0.1955,0.0604,0.9788,-0.1606,0.0594,0.9852,-0.3160,0.0161,0.3267,Bright,
33.5639,3.4856,4.3840,0.0000,0.0000,-0.1228,0.0710,0.9899,-0.1922,0.0638,0.9793,-0.1563,0.0628,0.9857,-0.3156,0.0164,0.3268,Bright,
33.5749,3.5076,4.4021,0.0000,0.0000,-0.1202,0.0738,0.9900,-0.1904,0.0665,0.9795,-0.1540,0.0655,0.9859,-0.3153,0.0167,0.3268,Bright,
33.5860,3.5060,4.4160,0.0000,0.0000,-0.1173,0.0756,0.9902,-0.1885,0.0681,0.9797,-0.1516,0.0672,0.9862,-0.3148,0.0170,0.3271,Bright,
33.5973,3.4995,4.4318,0.0000,0.0000,-0.1145,0.0766,0.9905,-0.1873,0.0689,0.9799,-0.1496,0.0679,0.9864,-0.3144,0.0173,0.3273,Bright,
33.6082,3.5256,4.4352,0.0000,0.0000,-0.1116,0.0785,0.9907,-0.1852,0.0707,0.9802,-0.1470,0.0698,0.9867,-0.3139,0.0177,0.3275,Bright,
33.6194,3.5484,4.4557,0.0000,0.0000,-0.1085,0.0806,0.9908,-0.1828,0.0727,0.9804,-0.1443,0.0718,0.9869,-0.3134,0.0181,0.3278,Bright,
33.6306,3.5896,4.4896,0.0000,0.0000,-0.1053,0.0809,0.9911,-0.1811,0.0729,0.9807,-0.1418,0.0719,0.9873,-0.3128,0.0185,0.3281,Bright,
33.6437,3.6128,4.5040,0.0000,0.0000,-0.1023,0.0818,0.9914,-0.1790,0.0738,0.9811,-0.1392,0.0728,0.9876,-0.3122,0.0188,0.3284,Bright,
33.6537,3.6285,4.5199,0.0000,0.0000,-0.0993,0.0820,0.9917,-0.1766,0.0739,0.9815,-0.1365,0.0729,0.9880,-0.3115,0.0192,0.3287,Bright,
33.6640,3.6598,4.5478,0.0000,0.0000,-0.0956,0.0811,0.9921,-0.1744,0.0730,0.9820,-0.1336,0.0719,0.9884,-0.3107,0.0195,0.3290,Bright,
33.6751,3.6756,4.5610,0.0000,0.0000,-0.0918,0.0812,0.9925,-0.1712,0.0731,0.9825,-0.1301,0.0720,0.9889,-0.3099,0.0198,0.3293,Bright,
33.6864,3.6871,4.5835,0.0000,0.0000,-0.0880,0.0816,0.9928,-0.1680,0.0736,0.9830,-0.1265,0.0723,0.9893,-0.3091,0.0201,0.3296,Bright,
33.6979,3.7313,4.6115,0.0000,0.0000,-0.0835,0.0810,0.9932,-0.1649,0.0730,0.9836,-0.1228,0.0717,0.9898,-0.3082,0.0204,0.3300,Bright,
33.7085,3.7399,4.6182,0.0000,0.0000,-0.0787,0.0809,0.9936,-0.1609,0.0730,0.9843,-0.1183,0.0716,0.9904,-0.3073,0.0206,0.3303,Bright,
33.7198,3.7454,4.6277,0.0000,0.0000,-0.0740,0.0810,0.9940,-0.1570,0.0732,0.9849,-0.1140,0.0717,0.9909,-0.3063,0.0208,0.3306,Bright,
33.7308,3.7709,4.6454,0.0000,0.0000,-0.0691,0.0800,0.9944,-0.1535,0.0723,0.9855,-0.1098,0.0706,0.9914,-0.3053,0.0209,0.3309,Bright,
33.7420,3.7723,4.6547,0.0000,0.0000,-0.0639,0.0797,0.9948,-0.1490,0.0721,0.9862,-0.1050,0.0703,0.9920,-0.3044,0.0210,0.3310,Bright,
33.7533,3.7734,4.6568,0.0000,0.0000,-0.0585,0.0794,0.9951,-0.1446,0.0720,0.9869,-0.1000,0.0701,0.9925,-0.3034,0.0211,0.3312,Bright,
33.7649,3.7898,4.6351,0.0000,0.0000,-0.0534,0.0774,0.9956,-0.1418,0.0701,0.9874,-0.0960,0.0679,0.9931,-0.3022,0.0212,0.3314,Bright,
33.7753,3.7816,4.6160,0.0000,0.0000,-0.0478,0.0760,0.9960,-0.1375,0.0688,0.9881,-0.0911,0.0665,0.9936,-0.3011,0.0213,0.3314,Bright,
33.7865,3.7749,4.6034,0.0000,0.0000,-0.0421,0.0743,0.9963,-0.1337,0.0672,0.9887,-0.0863,0.0648,0.9942,-0.2999,0.0214,0.3315,Bright,
33.7984,3.7499,4.5824,0.0000,0.0000,-0.0374,0.0710,0.9968,-0.1327,0.0639,0.9891,-0.0834,0.0612,0.9946,-0.2987,0.0215,0.3315,Bright,
33.8089,3.7260,4.5745,0.0000,0.0000,-0.0314,0.0699,0.9971,-0.1279,0.0630,0.9898,-0.0780,0.0601,0.9951,-0.2975,0.0217,0.3315,Bright,
33.8200,3.6866,4.5284,0.0000,0.0000,-0.0278,0.0670,0.9974,-0.1259,0.0601,0.9902,-0.0752,0.0571,0.9955,-0.2963,0.0219,0.3315,Bright,
33.8312,3.6704,4.5013,0.0000,0.0000,-0.0235,0.0672,0.9975,-0.1217,0.0605,0.9907,-0.0710,0.0574,0.9958,-0.2952,0.0221,0.3314,Bright,
33.8421,3.6389,4.4807,0.0000,0.0000,-0.0224,0.0669,0.9975,-0.1207,0.0603,0.9909,-0.0700,0.0571,0.9959,-0.2942,0.0224,0.3313,Bright,
33.8534,3.5290,4.4637,0.0000,0.0000,-0.0427,0.0694,0.9967,-0.1424,0.0627,0.9878,-0.0910,0.0595,0.9941,-0.2932,0.0227,0.3311,Bright,
33.8683,3.4598,4.4290,0.0000,0.0000,-0.0332,0.0701,0.9970,-0.1334,0.0635,0.9890,-0.0817,0.0603,0.9948,-0.2922,0.0231,0.3310,Bright,
33.8755,3.2564,4.4010,0.0000,0.0000,-0.0324,0.0740,0.9967,-0.1281,0.0678,0.9894,-0.0788,0.0646,0.9948,-0.2914,0.0234,0.3307,Bright,
33.8867,3.1210,4.3085,0.0000,0.0000,-0.0289,0.1028,0.9943,-0.1138,0.0976,0.9887,-0.0701,0.0947,0.9930,-0.2907,0.0238,0.3305,Bright,
33.8980,3.1604,4.2898,0.0000,0.0000,-0.0234,0.1167,0.9929,-0.1005,0.1121,0.9886,-0.0607,0.1094,0.9921,-0.2900,0.0242,0.3302,Bright,
33.9092,3.1954,4.2796,0.0000,0.0000,-0.0180,0.1273,0.9917,-0.0924,0.1229,0.9881,-0.0541,0.1203,0.9913,-0.2894,0.0245,0.3299,Bright,
33.9202,3.2497,4.2861,0.0000,0.0000,-0.0076,0.1448,0.9894,-0.0725,0.1411,0.9873,-0.0390,0.1388,0.9896,-0.2889,0.0249,0.3295,Bright,
33.9313,3.2478,4.2862,0.0000,0.0000,-0.0039,0.1533,0.9882,-0.0653,0.1499,0.9865,-0.0337,0.1477,0.9885,-0.2884,0.0254,0.3292,Bright,
33.9424,3.2238,4.2846,0.0000,0.0000,-0.0006,0.1609,0.9870,-0.0589,0.1577,0.9857,-0.0288,0.1556,0.9874,-0.2880,0.0258,0.3288,Bright,
33.9536,3.1726,4.2806,0.0000,0.0000,0.0025,0.1694,0.9856,-0.0494,0.1666,0.9848,-0.0226,0.1646,0.9861,-0.2876,0.0263,0.3284,Bright,
33.9650,3.1469,4.2843,0.0000,0.0000,0.0027,0.1695,0.9855,-0.0473,0.1668,0.9849,-0.0215,0.1650,0.9861,-0.2872,0.0268,0.3281,Bright,
33.9758,3.2238,4.2881,0.0000,0.0000,0.0048,0.1775,0.9841,-0.0439,0.1749,0.9836,-0.0188,0.1731,0.9847,-0.2867,0.0273,0.3278,Bright,
33.9869,3.3385,4.2929,0.0000,0.0000,0.0057,0.1808,0.9835,-0.0413,0.1782,0.9831,-0.0171,0.1765,0.9842,-0.2864,0.0277,0.3275,Bright,
33.9982,3.3769,4.2956,0.0000,0.0000,0.0063,0.1844,0.9828,-0.0404,0.1819,0.9825,-0.0163,0.1802,0.9835,-0.2861,0.0281,0.3273,Bright,
34.0095,3.4151,4.2972,0.0000,0.0000,0.0068,0.1881,0.9821,-0.0398,0.1856,0.9818,-0.0157,0.1839,0.9828,-0.2857,0.0286,0.3270,Bright,
34.0203,3.4382,4.3081,0.0000,0.0000,0.0080,0.1922,0.9813,-0.0384,0.1897,0.9811,-0.0144,0.1880,0.9821,-0.2854,0.0291,0.3268,Bright,
34.0316,3.4395,4.3123,0.0000,0.0000,0.0091,0.1977,0.9802,-0.0374,0.1953,0.9800,-0.0134,0.1935,0.9810,-0.2851,0.0296,0.3266,Bright,
34.0426,3.4449,4.3153,0.0000,0.0000,0.0101,0.2034,0.9790,-0.0365,0.2010,0.9789,-0.0124,0.1992,0.9799,-0.2848,0.0301,0.3263,Bright,
34.0538,3.4559,4.3319,0.0000,0.0000,0.0110,0.2096,0.9777,-0.0357,0.2072,0.9776,-0.0116,0.2054,0.9786,-0.2844,0.0306,0.3261,Bright,
34.0649,3.4623,4.3370,0.0000,0.0000,0.0123,0.2141,0.9767,-0.0346,0.2117,0.9767,-0.0104,0.2099,0.9777,-0.2840,0.0311,0.3260,Bright,
34.0762,3.4922,4.3597,0.0000,0.0000,0.0134,0.2191,0.9756,-0.0339,0.2168,0.9756,-0.0095,0.2149,0.9766,-0.2835,0.0316,0.3258,Bright,
34.0871,3.5042,4.3652,0.0000,0.0000,0.0145,0.2234,0.9746,-0.0332,0.2211,0.9747,-0.0086,0.2192,0.9756,-0.2831,0.0321,0.3256,Bright,
34.0983,3.5129,4.3682,0.0000,0.0000,0.0160,0.2278,0.9736,-0.0319,0.2256,0.9737,-0.0072,0.2236,0.9746,-0.2826,0.0325,0.3255,Bright,
34.1097,3.5410,4.3849,0.0000,0.0000,0.0179,0.2321,0.9725,-0.0307,0.2299,0.9727,-0.0056,0.2279,0.9737,-0.2821,0.0330,0.3253,Bright,
34.1205,3.5582,4.3967,0.0000,0.0000,0.0196,0.2355,0.9717,-0.0296,0.2333,0.9719,-0.0042,0.2313,0.9729,-0.2816,0.0334,0.3252,Bright,
34.1321,3.5557,4.4063,0.0000,0.0000,0.0212,0.2385,0.9709,-0.0286,0.2364,0.9712,-0.0029,0.2343,0.9722,-0.2810,0.0338,0.3251,Bright,
34.1431,3.5535,4.4370,0.0000,0.0000,0.0236,0.2409,0.9703,-0.0274,0.2388,0.9707,-0.0011,0.2366,0.9716,-0.2805,0.0341,0.3249,Bright,
34.1545,3.5533,4.4532,0.0000,0.0000,0.0254,0.2426,0.9698,-0.0264,0.2404,0.9703,0.0003,0.2382,0.9712,-0.2800,0.0344,0.3248,Bright,
34.1655,3.5737,4.4653,0.0000,0.0000,0.0274,0.2449,0.9692,-0.0252,0.2427,0.9698,0.0020,0.2405,0.9707,-0.2795,0.0347,0.3247,Bright,
34.1763,3.6116,4.4979,0.0000,0.0000,0.0300,0.2457,0.9689,-0.0243,0.2435,0.9696,0.0037,0.2412,0.9705,-0.2789,0.0349,0.3245,Bright,
34.1875,3.6260,4.5137,0.0000,0.0000,0.0322,0.2467,0.9686,-0.0229,0.2444,0.9694,0.0055,0.2421,0.9702,-0.2784,0.0351,0.3244,Bright,
34.1988,3.6244,4.5255,0.0000,0.0000,0.0344,0.2473,0.9683,-0.0216,0.2451,0.9693,0.0072,0.2427,0.9701,-0.2778,0.0352,0.3243,Bright,
34.2100,3.6242,4.5319,0.0000,0.0000,0.0365,0.2464,0.9685,-0.0213,0.2441,0.9695,0.0085,0.2416,0.9703,-0.2773,0.0354,0.3242,Bright,
34.2212,3.6276,4.5286,0.0000,0.0000,0.0379,0.2453,0.9687,-0.0209,0.2430,0.9698,0.0095,0.2405,0.9706,-0.2768,0.0355,0.3240,Bright,
34.2323,3.6244,4.5254,0.0000,0.0000,0.0390,0.2440,0.9690,-0.0206,0.2417,0.9701,0.0102,0.2391,0.9709,-0.2763,0.0355,0.3239,Bright,
34.2436,3.6304,4.5416,0.0000,0.0000,0.0389,0.2405,0.9699,-0.0228,0.2381,0.9710,0.0090,0.2354,0.9718,-0.2758,0.0356,0.3237,Bright,
34.2544,3.6364,4.5334,0.0000,0.0000,0.0393,0.2386,0.9703,-0.0233,0.2361,0.9714,0.0090,0.2334,0.9723,-0.2754,0.0356,0.3236,Bright,
34.2657,3.6303,4.5263,0.0000,0.0000,0.0395,0.2365,0.9708,-0.0241,0.2340,0.9719,0.0087,0.2312,0.9729,-0.2749,0.0355,0.3234,Bright,
34.2767,3.6351,4.5004,0.0000,0.0000,0.0402,0.2347,0.9712,-0.0254,0.2321,0.9724,0.0084,0.2293,0.9733,-0.2745,0.0355,0.3232,Bright,
34.2879,3.6365,4.4979,0.0000,0.0000,0.0402,0.2331,0.9716,-0.0264,0.2304,0.9727,0.0080,0.2276,0.9737,-0.2741,0.0356,0.3231,Bright,
34.2993,3.6338,4.4979,0.0000,0.0000,0.0399,0.2319,0.9719,-0.0276,0.2291,0.9730,0.0072,0.2263,0.9740,-0.2738,0.0356,0.3229,Bright,
34.3103,3.6198,4.4832,0.0000,0.0000,0.0390,0.2297,0.9725,-0.0305,0.2268,0.9735,0.0053,0.2239,0.9746,-0.2734,0.0356,0.3228,Bright,
34.3214,3.6089,4.4681,0.0000,0.0000,0.0391,0.2290,0.9726,-0.0314,0.2261,0.9736,0.0050,0.2231,0.9748,-0.2731,0.0357,0.3227,Bright,
34.3324,3.6015,4.4553,0.0000,0.0000,0.0393,0.2287,0.9727,-0.0320,0.2257,0.9737,0.0047,0.2227,0.9749,-0.2728,0.0358,0.3226,Bright,
34.3436,3.5944,4.4250,0.0000,0.0000,0.0394,0.2278,0.9729,-0.0336,0.2246,0.9739,0.0041,0.2216,0.9751,-0.2725,0.0359,0.3225,Bright,
34.3549,3.5939,4.4171,0.0000,0.0000,0.0398,0.2279,0.9729,-0.0341,0.2246,0.9739,0.0040,0.2216,0.9751,-0.2722,0.0360,0.3224,Bright,
34.3661,3.5905,4.4122,0.0000,0.0000,0.0401,0.2282,0.9728,-0.0346,0.2249,0.9738,0.0039,0.2219,0.9751,-0.2719,0.0362,0.3223,Bright,
34.3776,3.5814,4.3910,0.0000,0.0000,0.0396,0.2278,0.9729,-0.0367,0.2242,0.9738,0.0026,0.2212,0.9752,-0.2715,0.0363,0.3222,Bright,
34.3881,3.5764,4.3780,0.0000,0.0000,0.0395,0.2282,0.9728,-0.0375,0.2246,0.9737,0.0022,0.2215,0.9751,-0.2713,0.0365,0.3221,Bright,
34.3991,3.5682,4.3677,0.0000,0.0000,0.0394,0.2287,0.9727,-0.0383,0.2250,0.9736,0.0018,0.2220,0.9750,-0.2710,0.0367,0.3220,Bright,
34.4103,3.5574,4.3516,0.0000,0.0000,0.0384,0.2280,0.9729,-0.0406,0.2243,0.9737,0.0001,0.2212,0.9752,-0.2708,0.0369,0.3219,Bright,
34.4218,3.5543,4.3466,0.0000,0.0000,0.0382,0.2283,0.9728,-0.0415,0.2245,0.9736,-0.0004,0.2214,0.9752,-0.2706,0.0370,0.3219,Bright,
34.4328,3.5422,4.3433,0.0000,0.0000,0.0377,0.2281,0.9729,-0.0427,0.2242,0.9736,-0.0012,0.2211,0.9753,-0.2704,0.0371,0.3218,Bright,
34.4437,3.5295,4.3510,0.0000,0.0000,0.0371,0.2276,0.9731,-0.0444,0.2236,0.9737,-0.0024,0.2205,0.9754,-0.2702,0.0372,0.3217,Bright,
34.4547,3.5275,4.3463,0.0000,0.0000,0.0368,0.2275,0.9731,-0.0454,0.2235,0.9737,-0.0030,0.2203,0.9754,-0.2700,0.0374,0.3216,Bright,
34.4658,3.5270,4.3422,0.0000,0.0000,0.0367,0.2279,0.9730,-0.0460,0.2238,0.9735,-0.0034,0.2207,0.9753,-0.2698,0.0375,0.3215,Bright,
34.4776,3.5223,4.3313,0.0000,0.0000,0.0363,0.2279,0.9730,-0.0474,0.2238,0.9735,-0.0042,0.2206,0.9754,-0.2696,0.0377,0.3214,Bright,
34.4880,3.5175,4.3184,0.0000,0.0000,0.0364,0.2293,0.9727,-0.0479,0.2252,0.9731,-0.0044,0.2220,0.9750,-0.2694,0.0379,0.3213,Bright,
34.4995,3.5155,4.3087,0.0000,0.0000,0.0362,0.2314,0.9722,-0.0485,0.2272,0.9726,-0.0048,0.2240,0.9746,-0.2693,0.0382,0.3212,Bright,
34.5111,3.5132,4.2828,0.0000,0.0000,0.0360,0.2337,0.9716,-0.0495,0.2295,0.9721,-0.0054,0.2263,0.9741,-0.2691,0.0387,0.3211,Bright,
34.5218,3.5129,4.2858,0.0000,0.0000,0.0356,0.2375,0.9707,-0.0504,0.2332,0.9711,-0.0060,0.2300,0.9732,-0.2689,0.0392,0.3209,Bright,
34.5328,3.5131,4.2898,0.0000,0.0000,0.0352,0.2414,0.9698,-0.0512,0.2370,0.9702,-0.0066,0.2338,0.9723,-0.2688,0.0397,0.3207,Bright,
34.5440,3.5009,4.2672,0.0000,0.0000,0.0347,0.2443,0.9691,-0.0525,0.2398,0.9694,-0.0075,0.2367,0.9716,-0.2687,0.0403,0.3204,Bright,
34.5552,3.4908,4.2692,0.0000,0.0000,0.0349,0.2480,0.9681,-0.0527,0.2435,0.9685,-0.0075,0.2403,0.9707,-0.2685,0.0409,0.3202,Bright,
34.5661,3.4871,4.2707,0.0000,0.0000,0.0350,0.2519,0.9671,-0.0529,0.2473,0.9675,-0.0076,0.2442,0.9697,-0.2684,0.0414,0.3198,Bright,
34.5773,3.4930,4.2548,0.0000,0.0000,0.0343,0.2554,0.9662,-0.0542,0.2509,0.9665,-0.0085,0.2477,0.9688,-0.2682,0.0420,0.3195,Bright,
34.5886,3.5010,4.2469,0.0000,0.0000,0.0345,0.2605,0.9649,-0.0541,0.2559,0.9652,-0.0084,0.2527,0.9675,-0.2681,0.0427,0.3191,Bright,
34.5995,3.4958,4.2398,0.0000,0.0000,0.0294,0.2655,0.9637,-0.0544,0.2611,0.9638,-0.0112,0.2582,0.9660,-0.2681,0.0433,0.3187,Bright,
34.6109,3.4727,4.1790,0.0000,0.0000,-0.0363,0.2752,0.9607,-0.1072,0.2703,0.9568,-0.0708,0.2684,0.9607,-0.2680,0.0439,0.3183,Bright,
34.6221,3.4575,4.1542,0.0000,0.0000,-0.0522,0.2786,0.9590,-0.1211,0.2735,0.9542,-0.0858,0.2718,0.9585,-0.2679,0.0445,0.3180,Bright,
34.6330,3.4539,4.1355,0.0000,0.0000,-0.0685,0.2815,0.9571,-0.1341,0.2764,0.9516,-0.1005,0.2749,0.9562,-0.2679,0.0450,0.3175,Bright,
34.6443,3.4488,4.1087,0.0000,0.0000,-0.0856,0.2807,0.9560,-0.1505,0.2752,0.9495,-0.1173,0.2740,0.9546,-0.2678,0.0454,0.3172,Bright,
34.6553,3.4462,4.1142,0.0000,0.0000,-0.0886,0.2839,0.9547,-0.1535,0.2784,0.9481,-0.1202,0.2772,0.9533,-0.2678,0.0458,0.3168,Bright,
34.6663,3.4457,4.1196,0.0000,0.0000,-0.0941,0.2851,0.9539,-0.1588,0.2795,0.9469,-0.1257,0.2783,0.9522,-0.2677,0.0461,0.3164,Bright,
34.6779,3.4448,4.1281,0.0000,0.0000,-0.0988,0.2836,0.9538,-0.1653,0.2776,0.9464,-0.1313,0.2765,0.9520,-0.2677,0.0464,0.3160,Bright,
34.6890,3.4456,4.1263,0.0000,0.0000,-0.1003,0.2845,0.9534,-0.1682,0.2783,0.9456,-0.1335,0.2772,0.9515,-0.2676,0.0467,0.3157,Bright,
34.7001,3.4536,4.1224,0.0000,0.0000,-0.0978,0.2841,0.9538,-0.1688,0.2777,0.9457,-0.1324,0.2765,0.9518,-0.2676,0.0470,0.3153,Bright,
34.7109,3.4586,4.1217,0.0000,0.0000,-0.0980,0.2848,0.9536,-0.1708,0.2781,0.9452,-0.1335,0.2770,0.9516,-0.2676,0.0472,0.3149,Bright,
34.7222,3.4624,4.1237,0.0000,0.0000,-0.0980,0.2855,0.9534,-0.1726,0.2786,0.9448,-0.1344,0.2774,0.9513,-0.2676,0.0474,0.3146,Bright,
34.7333,3.4686,4.1270,0.0000,0.0000,-0.0976,0.2857,0.9533,-0.1757,0.2784,0.9442,-0.1357,0.2773,0.9512,-0.2677,0.0476,0.3143,Bright,
34.7443,3.4703,4.1277,0.0000,0.0000,-0.0972,0.2865,0.9531,-0.1771,0.2790,0.9438,-0.1362,0.2779,0.9509,-0.2677,0.0478,0.3140,Bright,
34.7556,3.4715,4.1237,0.0000,0.0000,-0.0971,0.2872,0.9529,-0.1789,0.2795,0.9433,-0.1370,0.2784,0.9506,-0.2676,0.0479,0.3137,Bright,
34.7666,3.4556,4.1285,0.0000,0.0000,-0.0968,0.2879,0.9528,-0.1824,0.2798,0.9426,-0.1386,0.2786,0.9503,-0.2676,0.0481,0.3134,Bright,
34.7777,3.4591,4.1357,0.0000,0.0000,-0.0967,0.2890,0.9524,-0.1842,0.2807,0.9420,-0.1395,0.2795,0.9500,-0.2677,0.0482,0.3131,Bright,
34.7890,3.4624,4.1401,0.0000,0.0000,-0.0968,0.2904,0.9520,-0.1862,0.2818,0.9412,-0.1405,0.2807,0.9495,-0.2677,0.0484,0.3129,Bright,
34.8000,3.4752,4.1444,0.0000,0.0000,-0.0936,0.2945,0.9510,-0.1868,0.2855,0.9400,-0.1392,0.2844,0.9485,-0.2677,0.0486,0.3127,Bright,
34.8111,3.4644,4.1440,0.0000,0.0000,-0.0911,0.2988,0.9500,-0.1862,0.2896,0.9389,-0.1376,0.2885,0.9476,-0.2677,0.0488,0.3124,Bright,
34.8223,3.4541,4.1189,0.0000,0.0000,-0.0855,0.3072,0.9478,-0.1822,0.2980,0.9370,-0.1328,0.2968,0.9457,-0.2676,0.0491,0.3122,Bright,
34.8338,3.4037,4.0678,0.0000,0.0000,-0.0465,0.3725,0.9269,-0.1461,0.3642,0.9198,-0.0950,0.3627,0.9270,-0.2676,0.0494,0.3120,Bright,
34.8445,3.3762,4.0439,0.0000,0.0000,-0.0261,0.4230,0.9057,-0.1260,0.4156,0.9008,-0.0747,0.4139,0.9073,-0.2676,0.0497,0.3118,Bright,
34.8558,3.3561,3.9965,0.0000,0.0000,-0.0065,0.4697,0.8828,-0.1033,0.4636,0.8800,-0.0536,0.4617,0.8854,-0.2675,0.0501,0.3116,Bright,
34.8668,3.2869,3.8853,0.0000,0.0000,0.0002,0.5405,0.8413,-0.0781,0.5365,0.8403,-0.0378,0.5348,0.8442,-0.2674,0.0504,0.3114,Bright,
34.8784,3.2946,3.8261,0.0000,0.0000,-0.0081,0.5606,0.8280,-0.0753,0.5572,0.8270,-0.0407,0.5557,0.8304,-0.2673,0.0507,0.3112,Bright,
34.8898,3.3036,3.7827,0.0000,0.0000,-0.0020,0.5508,0.8347,-0.0623,0.5480,0.8342,-0.0313,0.5464,0.8369,-0.2672,0.0510,0.3109,Bright,
34.9004,3.3167,3.8330,0.0000,0.0000,-0.0229,0.5873,0.8091,-0.0824,0.5840,0.8076,-0.0519,0.5829,0.8109,-0.2672,0.0513,0.3107,Bright,
34.9113,3.2802,3.8575,0.0000,0.0000,-0.0256,0.5959,0.8026,-0.0848,0.5926,0.8011,-0.0544,0.5915,0.8044,-0.2671,0.0516,0.3105,Bright,
34.9237,3.2469,3.8820,0.0000,0.0000,-0.0031,0.6226,0.7825,-0.0616,0.6202,0.7820,-0.0315,0.6189,0.7849,-0.2669,0.0519,0.3102,Bright,
34.9338,3.2071,3.9138,0.0000,0.0000,-0.0260,0.6081,0.7935,-0.0850,0.6048,0.7918,-0.0547,0.6038,0.7953,-0.2669,0.0523,0.3100,Bright,
34.9447,3.2473,3.9228,0.0000,0.0000,-0.0260,0.6121,0.7903,-0.0850,0.6089,0.7887,-0.0547,0.6079,0.7921,-0.2668,0.0526,0.3097,Bright,
34.9560,3.2852,3.9308,0.0000,0.0000,-0.0152,0.6470,0.7623,-0.0731,0.6444,0.7612,-0.0434,0.6433,0.7644,-0.2666,0.0529,0.3095,Bright,
34.9670,3.3127,3.9149,0.0000,0.0000,-0.0175,0.6541,0.7562,-0.0753,0.6514,0.7550,-0.0457,0.6504,0.7582,-0.2665,0.0533,0.3091,Bright,
34.9781,3.3008,3.9121,0.0000,0.0000,-0.0224,0.6443,0.7644,-0.0807,0.6414,0.7630,-0.0508,0.6404,0.7663,-0.2664,0.0538,0.3088,Bright,
34.9902,3.2880,3.9086,0.0000,0.0000,-0.0237,0.6496,0.7599,-0.0819,0.6466,0.7584,-0.0521,0.6457,0.7618,-0.2662,0.0543,0.3085,Bright,
35.0005,3.2716,3.9514,0.0000,0.0000,-0.0326,0.6448,0.7637,-0.0819,0.6422,0.7622,-0.0566,0.6414,0.7651,-0.2661,0.0547,0.3081,Bright,
35.0118,3.2702,3.9607,0.0000,0.0000,-0.0360,0.6457,0.7627,-0.0823,0.6432,0.7612,-0.0586,0.6425,0.7641,-0.2660,0.0552,0.3078,Bright,
35.0228,3.2724,3.9667,0.0000,0.0000,-0.0384,0.6462,0.7622,-0.0823,0.6438,0.7607,-0.0598,0.6431,0.7634,-0.2658,0.0556,0.3075,Bright,
35.0340,3.2737,3.9650,0.0000,0.0000,-0.0437,0.6463,0.7619,-0.0840,0.6440,0.7604,-0.0633,0.6434,0.7629,-0.2656,0.0561,0.3070,Bright,
35.0452,3.2731,3.9732,0.0000,0.0000,-0.0445,0.6478,0.7605,-0.0835,0.6457,0.7590,-0.0635,0.6450,0.7615,-0.2655,0.0566,0.3067,Bright,
35.0564,3.2846,3.9810,0.0000,0.0000,-0.0451,0.6508,0.7580,-0.0829,0.6487,0.7565,-0.0635,0.6481,0.7589,-0.2652,0.0571,0.3063,Bright,
35.0675,3.3165,3.9679,0.0000,0.0000,-0.0466,0.6533,0.7556,-0.0827,0.6514,0.7542,-0.0642,0.6508,0.7565,-0.2650,0.0576,0.3059,Bright,
35.0786,3.3344,3.9626,0.0000,0.0000,-0.0460,0.6569,0.7526,-0.0813,0.6551,0.7512,-0.0632,0.6544,0.7535,-0.2647,0.0581,0.3055,Bright,
35.0900,3.3486,3.9576,0.0000,0.0000,-0.0458,0.6601,0.7498,-0.0805,0.6583,0.7484,-0.0627,0.6577,0.7507,-0.2645,0.0586,0.3052,Bright,
35.1009,3.3654,3.9725,0.0000,0.0000,-0.0457,0.6626,0.7476,-0.0794,0.6610,0.7462,-0.0622,0.6603,0.7484,-0.2642,0.0590,0.3048,Bright,
35.1119,3.3698,3.9853,0.0000,0.0000,-0.0450,0.6650,0.7455,-0.0785,0.6635,0.7440,-0.0614,0.6628,0.7463,-0.2639,0.0594,0.3045,Bright,
35.1230,3.3639,3.9952,0.0000,0.0000,-0.0445,0.6667,0.7440,-0.0781,0.6652,0.7426,-0.0609,0.6645,0.7448,-0.2636,0.0597,0.3042,Bright,
35.1344,3.3715,3.9933,0.0000,0.0000,-0.0431,0.6677,0.7432,-0.0773,0.6663,0.7417,-0.0598,0.6655,0.7440,-0.2632,0.0600,0.3039,Bright,
35.1455,3.3823,3.9970,0.0000,0.0000,-0.0417,0.6682,0.7428,-0.0764,0.6668,0.7413,-0.0587,0.6660,0.7436,-0.2630,0.0602,0.3036,Bright,
35.1567,3.3803,4.0000,0.0000,0.0000,-0.0406,0.6684,0.7427,-0.0757,0.6670,0.7412,-0.0578,0.6662,0.7436,-0.2626,0.0603,0.3034,Bright,
35.1679,3.3872,3.9723,0.0000,0.0000,-0.0399,0.6672,0.7438,-0.0762,0.6659,0.7422,-0.0577,0.6650,0.7446,-0.2623,0.0604,0.3033,Bright,
35.1787,3.3931,3.9899,0.0000,0.0000,-0.0387,0.6666,0.7444,-0.0757,0.6653,0.7427,-0.0568,0.6644,0.7452,-0.2620,0.0604,0.3031,Bright,
35.1899,3.3922,4.0047,0.0000,0.0000,-0.0376,0.6655,0.7454,-0.0751,0.6642,0.7438,-0.0560,0.6632,0.7463,-0.2616,0.0604,0.3031,Bright,
35.2010,3.3816,3.9655,0.0000,0.0000,-0.0366,0.6635,0.7473,-0.0754,0.6621,0.7456,-0.0556,0.6611,0.7482,-0.2614,0.0603,0.3030,Bright,
35.2121,3.3720,3.9546,0.0000,0.0000,-0.0359,0.6621,0.7485,-0.0754,0.6608,0.7468,-0.0552,0.6597,0.7495,-0.2611,0.0603,0.3030,Bright,
35.2232,3.3698,3.9444,0.0000,0.0000,-0.0353,0.6610,0.7496,-0.0756,0.6595,0.7479,-0.0551,0.6585,0.7506,-0.2608,0.0602,0.3030,Bright,
35.2344,3.3841,3.9376,0.0000,0.0000,-0.0344,0.6599,0.7505,-0.0761,0.6585,0.7487,-0.0548,0.6574,0.7515,-0.2606,0.0602,0.3030,Bright,
35.2458,3.3975,3.9459,0.0000,0.0000,-0.0341,0.6593,0.7511,-0.0766,0.6577,0.7493,-0.0549,0.6567,0.7522,-0.2604,0.0602,0.3030,Bright,
35.2569,3.4090,3.9630,0.0000,0.0000,-0.0334,0.6585,0.7518,-0.0772,0.6570,0.7500,-0.0548,0.6559,0.7529,-0.2602,0.0602,0.3030,Bright,
35.2679,3.4199,3.9711,0.0000,0.0000,-0.0331,0.6582,0.7522,-0.0775,0.6565,0.7503,-0.0548,0.6554,0.7533,-0.2600,0.0602,0.3030,Bright,
35.2789,3.4275,3.9627,0.0000,0.0000,-0.0328,0.6581,0.7522,-0.0778,0.6564,0.7504,-0.0548,0.6553,0.7534,-0.2599,0.0603,0.3030,Bright,
35.2901,3.4057,3.9549,0.0000,0.0000,-0.0328,0.6580,0.7523,-0.0783,0.6562,0.7505,-0.0550,0.6551,0.7535,-0.2597,0.0603,0.3030,Bright,
35.3016,3.3822,3.9664,0.0000,0.0000,-0.0328,0.6581,0.7522,-0.0792,0.6563,0.7503,-0.0555,0.6552,0.7534,-0.2597,0.0603,0.3030,Bright,
35.3125,3.3783,3.9756,0.0000,0.0000,-0.0332,0.6584,0.7520,-0.0801,0.6565,0.7501,-0.0562,0.6554,0.7532,-0.2596,0.0604,0.3030,Bright,
35.3235,3.3905,3.9842,0.0000,0.0000,-0.0335,0.6588,0.7516,-0.0808,0.6569,0.7497,-0.0566,0.6558,0.7528,-0.2595,0.0605,0.3029,Bright,
35.3347,3.4312,4.0903,0.0000,0.0000,-0.0427,0.6546,0.7548,-0.0895,0.6524,0.7525,-0.0656,0.6515,0.7558,-0.2596,0.0606,0.3028,Bright,
35.3459,3.4527,4.1209,0.0000,0.0000,-0.0430,0.6551,0.7544,-0.0888,0.6529,0.7522,-0.0654,0.6520,0.7554,-0.2595,0.0607,0.3028,Bright,
35.3572,3.4541,4.1430,0.0000,0.0000,-0.0697,0.6373,0.7674,-0.1134,0.6346,0.7645,-0.0912,0.6340,0.7680,-0.2594,0.0608,0.3027,Bright,
35.3682,3.4409,4.1780,0.0000,0.0000,-0.0945,0.6148,0.7830,-0.1359,0.6116,0.7794,-0.1148,0.6113,0.7830,-0.2594,0.0608,0.3027,Bright,
35.3793,3.4302,4.1722,0.0000,0.0000,-0.0982,0.6111,0.7854,-0.1406,0.6077,0.7816,-0.1190,0.6074,0.7854,-0.2593,0.0609,0.3026,Bright,
35.3903,3.4252,4.1675,0.0000,0.0000,-0.1026,0.6080,0.7873,-0.1458,0.6044,0.7832,-0.1238,0.6042,0.7872,-0.2593,0.0609,0.3025,Bright,
35.4019,3.4181,4.1742,0.0000,0.0000,-0.1037,0.6056,0.7890,-0.1495,0.6017,0.7846,-0.1262,0.6015,0.7888,-0.2592,0.0609,0.3025,Bright,
35.4126,3.4146,4.1619,0.0000,0.0000,-0.1054,0.6027,0.7910,-0.1527,0.5986,0.7864,-0.1287,0.5984,0.7908,-0.2592,0.0609,0.3024,Bright,
35.4238,3.4122,4.1522,0.0000,0.0000,-0.1057,0.6014,0.7919,-0.1545,0.5971,0.7872,-0.1297,0.5969,0.7917,-0.2591,0.0609,0.3024,Bright,
35.4349,3.4007,4.1519,0.0000,0.0000,-0.1029,0.6006,0.7929,-0.1548,0.5961,0.7879,-0.1284,0.5959,0.7927,-0.2591,0.0609,0.3023,Bright,
35.4460,3.3936,4.1586,0.0000,0.0000,-0.1023,0.5999,0.7935,-0.1559,0.5951,0.7884,-0.1286,0.5950,0.7934,-0.2591,0.0609,0.3022,Bright,
35.4574,3.3905,4.1654,0.0000,0.0000,-0.1026,0.5987,0.7944,-0.1578,0.5937,0.7891,-0.1297,0.5936,0.7943,-0.2590,0.0609,0.3022,Bright,
35.4683,3.3906,4.1607,0.0000,0.0000,-0.0999,0.5985,0.7949,-0.1585,0.5932,0.7893,-0.1287,0.5931,0.7948,-0.2590,0.0609,0.3022,Bright,
35.4797,3.3932,4.1558,0.0000,0.0000,-0.0992,0.5983,0.7951,-0.1594,0.5928,0.7894,-0.1288,0.5927,0.7950,-0.2589,0.0609,0.3022,Bright,
35.4930,3.4032,4.1556,0.0000,0.0000,-0.0979,0.5982,0.7954,-0.1614,0.5923,0.7894,-0.1291,0.5923,0.7953,-0.2589,0.0610,0.3021,Bright,
35.5018,3.4185,4.1602,0.0000,0.0000,-0.0975,0.5986,0.7951,-0.1624,0.5925,0.7890,-0.1294,0.5926,0.7951,-0.2589,0.0609,0.3020,Bright,
35.5130,3.4308,4.1720,0.0000,0.0000,-0.0964,0.5988,0.7951,-0.1627,0.5926,0.7889,-0.1290,0.5926,0.7951,-0.2588,0.0610,0.3020,Bright,
35.5239,3.4372,4.1789,0.0000,0.0000,-0.0872,0.5943,0.7995,-0.1553,0.5882,0.7937,-0.1206,0.5881,0.7998,-0.2587,0.0610,0.3019,Bright,
35.5351,3.4488,4.1754,0.0000,0.0000,-0.0674,0.5869,0.8068,-0.1376,0.5815,0.8019,-0.1018,0.5809,0.8076,-0.2587,0.0610,0.3019,Bright,
35.5463,3.4574,4.1717,0.0000,0.0000,-0.0423,0.5787,0.8144,-0.1104,0.5744,0.8111,-0.0756,0.5733,0.8158,-0.2586,0.0610,0.3018,Bright,
35.5576,3.4904,4.1607,0.0000,0.0000,-0.0162,0.5724,0.8198,-0.0857,0.5690,0.8178,-0.0501,0.5674,0.8219,-0.2585,0.0611,0.3018,Bright,
35.5685,3.4968,4.1554,0.0000,0.0000,-0.0123,0.5719,0.8202,-0.0830,0.5686,0.8184,-0.0468,0.5669,0.8225,-0.2584,0.0611,0.3018,Bright,
35.5796,3.5002,4.1524,0.0000,0.0000,-0.0133,0.5717,0.8204,-0.0852,0.5682,0.8185,-0.0484,0.5665,0.8226,-0.2583,0.0611,0.3017,Bright,
35.5908,3.4897,4.1689,0.0000,0.0000,-0.0054,0.5716,0.8205,-0.0783,0.5684,0.8190,-0.0409,0.5665,0.8230,-0.2582,0.0612,0.3017,Bright,
35.6019,3.4841,4.1753,0.0000,0.0000,0.0050,0.5670,0.8237,-0.0683,0.5641,0.8229,-0.0307,0.5620,0.8266,-0.2582,0.0612,0.3016,Bright,
35.6132,3.4862,4.1807,0.0000,0.0000,0.0109,0.5658,0.8245,-0.0633,0.5631,0.8240,-0.0252,0.5609,0.8275,-0.2581,0.0612,0.3016,Bright,
35.6243,3.4942,4.1875,0.0000,0.0000,0.0021,0.5711,0.8209,-0.0734,0.5680,0.8198,-0.0347,0.5659,0.8237,-0.2581,0.0613,0.3015,Bright,
35.6355,3.4988,4.1873,0.0000,0.0000,0.0160,0.5660,0.8243,-0.0602,0.5634,0.8240,-0.0211,0.5610,0.8275,-0.2580,0.0612,0.3015,Bright,
35.6465,3.4913,4.2081,0.0000,0.0000,0.0140,0.5675,0.8232,-0.0636,0.5648,0.8228,-0.0238,0.5625,0.8265,-0.2579,0.0613,0.3014,Bright,
35.6579,3.5030,4.2210,0.0000,0.0000,0.0071,0.5709,0.8210,-0.0711,0.5679,0.8201,-0.0310,0.5657,0.8241,-0.2579,0.0613,0.3014,Bright,
35.6689,3.5120,4.2311,0.0000,0.0000,0.0085,0.5715,0.8206,-0.0704,0.5684,0.8197,-0.0299,0.5662,0.8237,-0.2578,0.0613,0.3013,Bright,
35.6800,3.5255,4.2464,0.0000,0.0000,0.0134,0.5706,0.8211,-0.0668,0.5677,0.8205,-0.0256,0.5653,0.8245,-0.2578,0.0613,0.3013,Bright,
35.6911,3.5360,4.2510,0.0000,0.0000,0.0142,0.5712,0.8207,-0.0666,0.5683,0.8201,-0.0251,0.5659,0.8241,-0.2577,0.0614,0.3012,Bright,
35.7020,3.5432,4.2445,0.0000,0.0000,0.0151,0.5717,0.8203,-0.0663,0.5689,0.8197,-0.0245,0.5665,0.8237,-0.2577,0.0613,0.3012,Bright,
35.7135,3.5600,4.2603,0.0000,0.0000,0.0141,0.5732,0.8193,-0.0685,0.5702,0.8187,-0.0261,0.5678,0.8228,-0.2577,0.0614,0.3011,Bright,
35.7245,3.5628,4.2777,0.0000,0.0000,0.0144,0.5736,0.8190,-0.0688,0.5706,0.8183,-0.0261,0.5682,0.8225,-0.2577,0.0614,0.3011,Bright,
35.7355,3.5642,4.2767,0.0000,0.0000,0.0143,0.5742,0.8186,-0.0693,0.5711,0.8179,-0.0264,0.5687,0.8221,-0.2578,0.0614,0.3010,Bright,
35.7468,3.5701,4.2814,0.0000,0.0000,0.0146,0.5745,0.8184,-0.0700,0.5714,0.8177,-0.0266,0.5689,0.8219,-0.2578,0.0615,0.3010,Bright,
35.7579,3.5822,4.2845,0.0000,0.0000,0.0149,0.5747,0.8182,-0.0702,0.5716,0.8175,-0.0265,0.5692,0.8218,-0.2578,0.0616,0.3009,Bright,
35.7692,3.5924,4.2827,0.0000,0.0000,0.0150,0.5748,0.8181,-0.0705,0.5717,0.8174,-0.0266,0.5692,0.8217,-0.2578,0.0616,0.3009,Bright,
35.7803,3.5899,4.2981,0.0000,0.0000,0.0153,0.5749,0.8181,-0.0711,0.5717,0.8174,-0.0268,0.5692,0.8217,-0.2579,0.0616,0.3009,Bright,
35.7913,3.5825,4.3103,0.0000,0.0000,0.0154,0.5751,0.8180,-0.0712,0.5718,0.8173,-0.0268,0.5694,0.8216,-0.2579,0.0616,0.3009,Bright,
35.8024,3.5756,4.3183,0.0000,0.0000,0.0155,0.5754,0.8177,-0.0716,0.5721,0.8170,-0.0269,0.5697,0.8214,-0.2579,0.0616,0.3009,Bright,
35.8140,3.5692,4.3320,0.0000,0.0000,0.0154,0.5756,0.8176,-0.0723,0.5723,0.8169,-0.0273,0.5698,0.8213,-0.2580,0.0617,0.3009,Bright,
35.8247,3.5830,4.3368,0.0000,0.0000,0.0153,0.5759,0.8174,-0.0727,0.5726,0.8166,-0.0275,0.5702,0.8211,-0.2580,0.0617,0.3009,Bright,
35.8359,3.5950,4.3200,0.0000,0.0000,0.0154,0.5762,0.8171,-0.0728,0.5729,0.8164,-0.0276,0.5705,0.8209,-0.2580,0.0617,0.3009,Bright,
35.8471,3.5916,4.2923,0.0000,0.0000,0.0153,0.5761,0.8172,-0.0733,0.5728,0.8164,-0.0279,0.5703,0.8210,-0.2581,0.0618,0.3009,Bright,
35.8583,3.5904,4.2816,0.0000,0.0000,0.0153,0.5761,0.8173,-0.0735,0.5727,0.8165,-0.0279,0.5703,0.8210,-0.2581,0.0618,0.3009,Bright,
35.8694,3.5885,4.2834,0.0000,0.0000,0.0155,0.5761,0.8173,-0.0736,0.5727,0.8165,-0.0279,0.5702,0.8210,-0.2581,0.0618,0.3010,Bright,
35.8804,3.5996,4.2865,0.0000,0.0000,0.0154,0.5758,0.8174,-0.0740,0.5724,0.8166,-0.0281,0.5699,0.8212,-0.2581,0.0618,0.3010,Bright,
35.8917,3.5924,4.2857,0.0000,0.0000,0.0157,0.5759,0.8173,-0.0740,0.5725,0.8165,-0.0280,0.5701,0.8211,-0.2581,0.0619,0.3010,Bright,
35.9027,3.5858,4.2909,0.0000,0.0000,0.0159,0.5760,0.8173,-0.0739,0.5726,0.8165,-0.0278,0.5701,0.8211,-0.2581,0.0618,0.3011,Bright,
35.9140,3.5743,4.2975,0.0000,0.0000,0.0163,0.5758,0.8175,-0.0739,0.5724,0.8167,-0.0277,0.5699,0.8213,-0.2581,0.0619,0.3011,Bright,
35.9250,3.5712,4.3005,0.0000,0.0000,0.0165,0.5758,0.8174,-0.0739,0.5724,0.8166,-0.0276,0.5699,0.8212,-0.2580,0.0619,0.3012,Bright,
35.9361,3.5701,4.2984,0.0000,0.0000,0.0167,0.5758,0.8174,-0.0739,0.5724,0.8167,-0.0274,0.5699,0.8213,-0.2581,0.0619,0.3011,Bright,
35.9473,3.5595,4.2852,0.0000,0.0000,0.0166,0.5753,0.8178,-0.0743,0.5718,0.8170,-0.0277,0.5693,0.8217,-0.2580,0.0620,0.3011,Bright,
35.9585,3.5587,4.2763,0.0000,0.0000,0.0166,0.5749,0.8181,-0.0744,0.5714,0.8173,-0.0277,0.5689,0.8219,-0.2580,0.0620,0.3012,Bright,
35.9698,3.5584,4.2672,0.0000,0.0000,0.0169,0.5749,0.8181,-0.0743,0.5714,0.8173,-0.0275,0.5689,0.8220,-0.2580,0.0619,0.3012,Bright,
35.9809,3.5640,4.3031,0.0000,0.0000,0.0271,0.5787,0.8151,-0.0641,0.5757,0.8151,-0.0173,0.5730,0.8194,-0.2580,0.0619,0.3012,Bright,
35.9918,3.5542,4.3395,0.0000,0.0000,0.0499,0.5868,0.8082,-0.0428,0.5850,0.8099,0.0050,0.5817,0.8134,-0.2580,0.0619,0.3012,Bright,
36.0029,3.5455,4.3607,0.0000,0.0000,0.0750,0.5958,0.7997,-0.0153,0.5954,0.8033,0.0313,0.5915,0.8057,-0.2579,0.0618,0.3012,Bright,
36.0141,3.5151,4.3947,0.0000,0.0000,0.1005,0.6045,0.7903,0.0121,0.6056,0.7957,0.0578,0.6010,0.7971,-0.2579,0.0618,0.3011,Bright,
36.0253,3.5212,4.4056,0.0000,0.0000,0.1063,0.6071,0.7875,0.0189,0.6086,0.7933,0.0642,0.6039,0.7945,-0.2578,0.0618,0.3011,Bright,
36.0363,3.5282,4.4066,0.0000,0.0000,0.1085,0.6088,0.7859,0.0225,0.6103,0.7918,0.0671,0.6056,0.7929,-0.2577,0.0618,0.3011,Bright,
36.0477,3.5220,4.4153,0.0000,0.0000,0.1117,0.6101,0.7844,0.0276,0.6118,0.7906,0.0712,0.6071,0.7914,-0.2576,0.0618,0.3010,Bright,
36.0586,3.5247,4.4205,0.0000,0.0000,0.1119,0.6103,0.7842,0.0283,0.6120,0.7903,0.0716,0.6074,0.7912,-0.2575,0.0618,0.3010,Bright,
36.0698,3.5257,4.4054,0.0000,0.0000,0.1115,0.6102,0.7844,0.0287,0.6118,0.7905,0.0716,0.6072,0.7913,-0.2574,0.0618,0.3010,Bright,
36.0813,3.5398,4.3934,0.0000,0.0000,0.1094,0.6095,0.7852,0.0276,0.6110,0.7912,0.0700,0.6065,0.7920,-0.2573,0.0618,0.3009,Bright,
36.0921,3.5340,4.3944,0.0000,0.0000,0.1098,0.6096,0.7851,0.0284,0.6110,0.7911,0.0706,0.6066,0.7919,-0.2573,0.0619,0.3009,Bright,
36.1032,3.5282,4.3836,0.0000,0.0000,0.1079,0.6086,0.7861,0.0269,0.6099,0.7920,0.0689,0.6056,0.7928,-0.2572,0.0618,0.3008,Bright,
36.1144,3.5068,4.3802,0.0000,0.0000,0.1058,0.6079,0.7870,0.0255,0.6090,0.7928,0.0671,0.6048,0.7936,-0.2571,0.0618,0.3007,Bright,
36.1257,3.4955,4.3831,0.0000,0.0000,0.1054,0.6076,0.7872,0.0253,0.6086,0.7931,0.0668,0.6044,0.7938,-0.2571,0.0618,0.3006,Bright,
36.1365,3.4878,4.3782,0.0000,0.0000,0.1047,0.6073,0.7875,0.0249,0.6083,0.7933,0.0662,0.6042,0.7941,-0.2570,0.0617,0.3005,Bright,
36.1480,3.4465,4.3688,0.0000,0.0000,0.1042,0.6070,0.7879,0.0248,0.6078,0.7937,0.0659,0.6038,0.7944,-0.2569,0.0617,0.3004,Bright,
36.1590,3.4370,4.3631,0.0000,0.0000,0.1046,0.6067,0.7880,0.0252,0.6074,0.7940,0.0663,0.6034,0.7946,-0.2569,0.0618,0.3003,Bright,
36.1704,3.4304,4.3533,0.0000,0.0000,0.1053,0.6067,0.7879,0.0260,0.6074,0.7939,0.0671,0.6034,0.7946,-0.2568,0.0617,0.3002,Bright,
36.1811,3.4533,4.3560,0.0000,0.0000,0.1057,0.6070,0.7876,0.0262,0.6077,0.7937,0.0674,0.6037,0.7943,-0.2568,0.0617,0.3001,Bright,
36.1923,3.4469,4.3649,0.0000,0.0000,0.1060,0.6076,0.7872,0.0263,0.6082,0.7934,0.0676,0.6042,0.7939,-0.2568,0.0618,0.3000,Bright,
36.2035,3.4404,4.3535,0.0000,0.0000,0.1063,0.6079,0.7869,0.0265,0.6084,0.7932,0.0679,0.6045,0.7937,-0.2568,0.0617,0.2999,Bright,
36.2144,3.4548,4.3452,0.0000,0.0000,0.1064,0.6085,0.7864,0.0264,0.6090,0.7927,0.0679,0.6051,0.7932,-0.2568,0.0617,0.2998,Bright,
36.2259,3.4510,4.3460,0.0000,0.0000,0.1064,0.6085,0.7864,0.0262,0.6089,0.7928,0.0678,0.6051,0.7933,-0.2568,0.0618,0.2998,Bright,
36.2370,3.4489,4.3411,0.0000,0.0000,0.1064,0.6089,0.7861,0.0260,0.6092,0.7926,0.0677,0.6053,0.7931,-0.2568,0.0617,0.2996,Bright,
36.2479,3.4829,4.3413,0.0000,0.0000,0.1051,0.6100,0.7854,0.0243,0.6100,0.7920,0.0662,0.6063,0.7925,-0.2567,0.0619,0.2995,Bright,
36.2590,3.4704,4.3427,0.0000,0.0000,0.1043,0.6104,0.7852,0.0234,0.6102,0.7919,0.0654,0.6067,0.7923,-0.2567,0.0619,0.2994,Bright,
36.2703,3.4598,4.3398,0.0000,0.0000,0.1042,0.6111,0.7847,0.0231,0.6109,0.7914,0.0652,0.6073,0.7918,-0.2567,0.0620,0.2992,Bright,
36.2815,3.4721,4.3405,0.0000,0.0000,0.1042,0.6118,0.7841,0.0229,0.6115,0.7909,0.0651,0.6080,0.7913,-0.2567,0.0621,0.2991,Bright,
36.2925,3.4703,4.3426,0.0000,0.0000,0.1040,0.6122,0.7838,0.0226,0.6118,0.7907,0.0649,0.6083,0.7910,-0.2568,0.0621,0.2989,Bright,
36.3037,3.4705,4.3465,0.0000,0.0000,0.1039,0.6129,0.7833,0.0223,0.6123,0.7903,0.0647,0.6089,0.7906,-0.2568,0.0622,0.2987,Bright,
36.3147,3.4667,4.3739,0.0000,0.0000,0.1036,0.6138,0.7826,0.0218,0.6131,0.7897,0.0643,0.6098,0.7900,-0.2567,0.0624,0.2986,Bright,
36.3259,3.4635,4.3933,0.0000,0.0000,0.1038,0.6149,0.7817,0.0219,0.6141,0.7890,0.0645,0.6108,0.7891,-0.2568,0.0625,0.2983,Bright,
36.3372,3.4616,4.4082,0.0000,0.0000,0.1037,0.6163,0.7807,0.0217,0.6153,0.7880,0.0644,0.6121,0.7881,-0.2568,0.0626,0.2981,Bright,
36.3483,3.4798,4.4243,0.0000,0.0000,0.1046,0.6177,0.7795,0.0223,0.6165,0.7870,0.0651,0.6134,0.7871,-0.2568,0.0629,0.2979,Bright,
36.3599,3.4916,4.4303,0.0000,0.0000,0.1051,0.6193,0.7781,0.0226,0.6180,0.7858,0.0655,0.6150,0.7858,-0.2567,0.0630,0.2976,Bright,
36.3705,3.5175,4.4347,0.0000,0.0000,0.1056,0.6210,0.7767,0.0228,0.6195,0.7846,0.0659,0.6166,0.7845,-0.2567,0.0632,0.2973,Bright,
36.3818,3.5300,4.4359,0.0000,0.0000,0.1062,0.6229,0.7751,0.0233,0.6212,0.7833,0.0665,0.6184,0.7831,-0.2567,0.0634,0.2970,Bright,
36.3931,3.5383,4.4367,0.0000,0.0000,0.1074,0.6248,0.7734,0.0244,0.6230,0.7818,0.0676,0.6202,0.7815,-0.2566,0.0636,0.2967,Bright,
36.4044,3.5472,4.4418,0.0000,0.0000,0.1083,0.6265,0.7719,0.0251,0.6246,0.7806,0.0684,0.6219,0.7801,-0.2565,0.0639,0.2964,Bright,
36.4151,3.5403,4.4457,0.0000,0.0000,0.1091,0.6278,0.7707,0.0257,0.6256,0.7797,0.0692,0.6231,0.7791,-0.2564,0.0641,0.2960,Bright,
36.4263,3.5332,4.4488,0.0000,0.0000,0.1106,0.6301,0.7686,0.0272,0.6279,0.7778,0.0707,0.6253,0.7771,-0.2564,0.0643,0.2957,Bright,
36.4377,3.5624,4.4497,0.0000,0.0000,0.1116,0.6310,0.7677,0.0280,0.6287,0.7771,0.0716,0.6262,0.7763,-0.2563,0.0645,0.2953,Bright,
36.4485,3.5711,4.4478,0.0000,0.0000,0.1129,0.6326,0.7662,0.0292,0.6301,0.7759,0.0729,0.6277,0.7750,-0.2562,0.0648,0.2949,Bright,
36.4598,3.5781,4.4519,0.0000,0.0000,0.1143,0.6337,0.7651,0.0305,0.6312,0.7750,0.0743,0.6288,0.7740,-0.2561,0.0649,0.2946,Bright,
36.4709,3.5776,4.4671,0.0000,0.0000,0.1157,0.6342,0.7645,0.0316,0.6317,0.7746,0.0755,0.6293,0.7735,-0.2561,0.0651,0.2942,Bright,
36.4819,3.5750,4.4767,0.0000,0.0000,0.1168,0.6353,0.7634,0.0324,0.6327,0.7737,0.0765,0.6303,0.7725,-0.2560,0.0653,0.2939,Bright,
36.4932,3.5733,4.4873,0.0000,0.0000,0.1181,0.6362,0.7624,0.0334,0.6336,0.7730,0.0777,0.6312,0.7717,-0.2560,0.0655,0.2935,Bright,
36.5043,3.5763,4.5027,0.0000,0.0000,0.1191,0.6366,0.7619,0.0339,0.6339,0.7727,0.0784,0.6316,0.7713,-0.2559,0.0657,0.2931,Bright,
36.5153,3.5858,4.5081,0.0000,0.0000,0.1201,0.6375,0.7610,0.0347,0.6348,0.7719,0.0793,0.6325,0.7705,-0.2559,0.0658,0.2928,Bright,
36.5265,3.5935,4.5056,0.0000,0.0000,0.1213,0.6385,0.7600,0.0352,0.6357,0.7711,0.0802,0.6334,0.7697,-0.2558,0.0660,0.2925,Bright,
36.5379,3.5974,4.4710,0.0000,0.0000,0.1149,0.6320,0.7664,0.0259,0.6286,0.7773,0.0723,0.6265,0.7761,-0.2558,0.0661,0.2922,Bright,
36.5492,3.6119,4.4443,0.0000,0.0000,0.0972,0.6199,0.7786,0.0076,0.6153,0.7883,0.0543,0.6137,0.7877,-0.2558,0.0663,0.2919,Bright,
36.5599,3.6233,4.4388,0.0000,0.0000,0.0830,0.6104,0.7877,-0.0099,0.6045,0.7965,0.0384,0.6034,0.7965,-0.2558,0.0665,0.2917,Bright,
36.5710,3.6441,4.4366,0.0000,0.0000,0.0473,0.5849,0.8097,-0.0500,0.5763,0.8157,0.0004,0.5762,0.8173,-0.2558,0.0666,0.2914,Bright,
36.5821,3.6428,4.4391,0.0000,0.0000,0.0412,0.5795,0.8139,-0.0581,0.5703,0.8194,-0.0067,0.5704,0.8213,-0.2558,0.0667,0.2912,Bright,
36.5943,3.6400,4.4471,0.0000,0.0000,0.0343,0.5739,0.8182,-0.0669,0.5641,0.8230,-0.0145,0.5643,0.8254,-0.2559,0.0668,0.2910,Bright,
36.6045,3.6263,4.4479,0.0000,0.0000,0.0363,0.5750,0.8173,-0.0674,0.5650,0.8223,-0.0137,0.5653,0.8248,-0.2559,0.0669,0.2908,Bright,
36.6156,3.6305,4.4444,0.0000,0.0000,0.0362,0.5753,0.8171,-0.0685,0.5652,0.8221,-0.0143,0.5655,0.8246,-0.2560,0.0670,0.2907,Bright,
36.6272,3.6351,4.4395,0.0000,0.0000,0.0351,0.5746,0.8177,-0.0707,0.5644,0.8225,-0.0160,0.5647,0.8252,-0.2560,0.0671,0.2906,Bright,
36.6382,3.6420,4.4353,0.0000,0.0000,0.0407,0.5791,0.8142,-0.0667,0.5691,0.8196,-0.0111,0.5693,0.8221,-0.2561,0.0671,0.2904,Bright,
36.6493,3.6327,4.4361,0.0000,0.0000,0.0403,0.5789,0.8144,-0.0678,0.5687,0.8197,-0.0119,0.5689,0.8223,-0.2562,0.0671,0.2903,Bright,
36.6604,3.6240,4.4221,0.0000,0.0000,0.0388,0.5775,0.8155,-0.0701,0.5672,0.8206,-0.0138,0.5674,0.8233,-0.2563,0.0671,0.2902,Bright,
36.6715,3.6157,4.3947,0.0000,0.0000,0.0429,0.5797,0.8137,-0.0666,0.5696,0.8192,-0.0100,0.5697,0.8218,-0.2563,0.0671,0.2902,Bright,
36.6825,3.6168,4.3820,0.0000,0.0000,0.0433,0.5798,0.8136,-0.0663,0.5698,0.8191,-0.0096,0.5699,0.8217,-0.2564,0.0671,0.2902,Bright,
36.6940,3.6189,4.3781,0.0000,0.0000,0.0430,0.5798,0.8136,-0.0668,0.5698,0.8191,-0.0100,0.5699,0.8217,-0.2565,0.0671,0.2902,Bright,
36.7049,3.6222,4.3652,0.0000,0.0000,0.0434,0.5806,0.8130,-0.0665,0.5706,0.8185,-0.0097,0.5707,0.8211,-0.2566,0.0671,0.2901,Bright,
36.7238,3.6033,4.3546,0.0000,0.0000,0.0427,0.5807,0.8130,-0.0672,0.5706,0.8185,-0.0103,0.5707,0.8211,-0.2568,0.0671,0.2902,Bright,
36.7271,3.6033,4.3546,0.0000,0.0000,0.0419,0.5806,0.8131,-0.0681,0.5705,0.8185,-0.0112,0.5706,0.8212,-0.2569,0.0671,0.2902,Bright,
36.7383,3.5930,4.3537,0.0000,0.0000,0.0413,0.5803,0.8133,-0.0687,0.5702,0.8186,-0.0118,0.5703,0.8213,-0.2570,0.0670,0.2902,Bright,
36.7496,3.5541,4.3374,0.0000,0.0000,0.0403,0.5795,0.8140,-0.0696,0.5693,0.8192,-0.0128,0.5694,0.8219,-0.2572,0.0671,0.2903,Bright,
36.7604,3.5472,4.3329,0.0000,0.0000,0.0391,0.5792,0.8142,-0.0707,0.5690,0.8193,-0.0139,0.5692,0.8221,-0.2573,0.0671,0.2903,Bright,
36.7717,3.5439,4.3291,0.0000,0.0000,0.0386,0.5797,0.8139,-0.0711,0.5695,0.8189,-0.0144,0.5697,0.8217,-0.2574,0.0670,0.2904,Bright,
36.7826,3.5354,4.3161,0.0000,0.0000,0.0369,0.5793,0.8143,-0.0726,0.5691,0.8191,-0.0159,0.5692,0.8220,-0.2575,0.0671,0.2905,Bright,
36.7939,3.5345,4.3083,0.0000,0.0000,0.0364,0.5794,0.8142,-0.0731,0.5693,0.8189,-0.0165,0.5694,0.8219,-0.2576,0.0671,0.2906,Bright,
36.8052,3.5396,4.3021,0.0000,0.0000,0.0352,0.5796,0.8142,-0.0742,0.5694,0.8187,-0.0176,0.5696,0.8218,-0.2576,0.0671,0.2906,Bright,
36.8160,3.5199,4.2715,0.0000,0.0000,0.0346,0.5797,0.8141,-0.0746,0.5696,0.8186,-0.0181,0.5697,0.8216,-0.2577,0.0671,0.2907,Bright,
36.8271,3.5132,4.2666,0.0000,0.0000,0.0333,0.5796,0.8142,-0.0757,0.5695,0.8185,-0.0194,0.5697,0.8216,-0.2577,0.0672,0.2908,Bright,
36.8384,3.5086,4.2647,0.0000,0.0000,0.0328,0.5798,0.8141,-0.0761,0.5698,0.8183,-0.0198,0.5699,0.8215,-0.2578,0.0672,0.2909,Bright,
36.8496,3.5193,4.2304,0.0000,0.0000,0.0310,0.5776,0.8157,-0.0778,0.5676,0.8197,-0.0215,0.5677,0.8230,-0.2578,0.0672,0.2910,Bright,
36.8606,3.5329,4.2346,0.0000,0.0000,0.0248,0.5697,0.8215,-0.0856,0.5591,0.8247,-0.0286,0.5593,0.8284,-0.2578,0.0673,0.2910,Bright,
36.8721,3.5552,4.2506,0.0000,0.0000,0.0159,0.5526,0.8333,-0.0974,0.5412,0.8352,-0.0390,0.5416,0.8397,-0.2577,0.0673,0.2911,Bright,
36.8828,3.5699,4.2627,0.0000,0.0000,0.0145,0.5452,0.8382,-0.1005,0.5336,0.8397,-0.0412,0.5340,0.8445,-0.2576,0.0674,0.2911,Bright,
36.8940,3.5803,4.2704,0.0000,0.0000,0.0146,0.5386,0.8424,-0.1025,0.5268,0.8438,-0.0421,0.5271,0.8487,-0.2576,0.0675,0.2912,Bright,
36.9054,3.5867,4.2866,0.0000,0.0000,0.0168,0.5305,0.8475,-0.1044,0.5184,0.8487,-0.0420,0.5187,0.8539,-0.2575,0.0675,0.2912,Bright,
36.9164,3.5842,4.2958,0.0000,0.0000,0.0178,0.5281,0.8490,-0.1054,0.5159,0.8502,-0.0420,0.5161,0.8555,-0.2574,0.0676,0.2913,Bright,
36.9274,3.5814,4.3064,0.0000,0.0000,0.0196,0.5276,0.8492,-0.1055,0.5154,0.8504,-0.0411,0.5156,0.8559,-0.2573,0.0676,0.2913,Bright,
36.9385,3.5711,4.3104,0.0000,0.0000,0.0210,0.5261,0.8502,-0.1074,0.5136,0.8513,-0.0413,0.5137,0.8570,-0.2572,0.0676,0.2913,Bright,
36.9498,3.5678,4.3050,0.0000,0.0000,0.0216,0.5255,0.8505,-0.1084,0.5130,0.8515,-0.0414,0.5131,0.8573,-0.2571,0.0677,0.2913,Bright,
36.9609,3.5656,4.2998,0.0000,0.0000,0.0224,0.5253,0.8506,-0.1091,0.5127,0.8516,-0.0414,0.5128,0.8575,-0.2570,0.0677,0.2913,Bright,
36.9720,3.5612,4.2862,0.0000,0.0000,0.0242,0.5245,0.8511,-0.1101,0.5116,0.8521,-0.0410,0.5117,0.8582,-0.2570,0.0677,0.2913,Bright,
36.9830,3.5500,4.2795,0.0000,0.0000,0.0247,0.5248,0.8509,-0.1109,0.5119,0.8519,-0.0411,0.5119,0.8580,-0.2569,0.0678,0.2913,Bright,
36.9942,3.5409,4.2791,0.0000,0.0000,0.0251,0.5246,0.8510,-0.1115,0.5115,0.8520,-0.0412,0.5116,0.8582,-0.2568,0.0679,0.2913,Bright,
37.0055,3.5305,4.2840,0.0000,0.0000,0.0264,0.5243,0.8511,-0.1121,0.5110,0.8522,-0.0408,0.5111,0.8585,-0.2567,0.0678,0.2912,Bright,
37.0164,3.5287,4.2886,0.0000,0.0000,0.0272,0.5240,0.8513,-0.1120,0.5107,0.8524,-0.0403,0.5108,0.8588,-0.2566,0.0678,0.2912,Bright,
37.0277,3.5283,4.2865,0.0000,0.0000,0.0281,0.5236,0.8515,-0.1119,0.5103,0.8527,-0.0398,0.5104,0.8590,-0.2565,0.0678,0.2911,Bright,
37.0387,3.5186,4.2736,0.0000,0.0000,0.0295,0.5232,0.8517,-0.1118,0.5098,0.8530,-0.0391,0.5099,0.8594,-0.2564,0.0678,0.2911,Bright,
37.0498,3.5245,4.2648,0.0000,0.0000,0.0303,0.5227,0.8520,-0.1117,0.5093,0.8533,-0.0386,0.5093,0.8597,-0.2563,0.0678,0.2911,Bright,
37.0611,3.5297,4.2632,0.0000,0.0000,0.0313,0.5221,0.8523,-0.1112,0.5087,0.8537,-0.0379,0.5087,0.8601,-0.2562,0.0678,0.2910,Bright,
37.0722,3.5430,4.2555,0.0000,0.0000,0.0326,0.5220,0.8523,-0.1108,0.5085,0.8539,-0.0370,0.5085,0.8603,-0.2562,0.0678,0.2909,Bright,
37.0833,3.5393,4.2497,0.0000,0.0000,0.0332,0.5216,0.8526,-0.1106,0.5081,0.8541,-0.0365,0.5081,0.8605,-0.2561,0.0678,0.2909,Bright,
37.0944,3.5350,4.2523,0.0000,0.0000,0.0340,0.5217,0.8525,-0.1102,0.5082,0.8542,-0.0359,0.5082,0.8605,-0.2560,0.0679,0.2908,Bright,
37.1059,3.5260,4.2543,0.0000,0.0000,0.0343,0.5216,0.8525,-0.1102,0.5082,0.8542,-0.0358,0.5081,0.8605,-0.2559,0.0679,0.2907,Bright,
37.1167,3.5158,4.2354,0.0000,0.0000,0.0351,0.5217,0.8524,-0.1098,0.5082,0.8542,-0.0352,0.5082,0.8605,-0.2559,0.0679,0.2906,Bright,
37.1280,3.5146,4.2371,0.0000,0.0000,0.0355,0.5220,0.8522,-0.1096,0.5086,0.8540,-0.0349,0.5085,0.8603,-0.2558,0.0679,0.2905,Bright,
37.1391,3.5141,4.2384,0.0000,0.0000,0.0357,0.5225,0.8519,-0.1095,0.5091,0.8537,-0.0347,0.5090,0.8601,-0.2558,0.0679,0.2904,Bright,
37.1503,3.5004,4.2402,0.0000,0.0000,0.0361,0.5230,0.8516,-0.1092,0.5096,0.8535,-0.0344,0.5095,0.8598,-0.2558,0.0680,0.2903,Bright,
37.1615,3.4889,4.2451,0.0000,0.0000,0.0365,0.5235,0.8513,-0.1090,0.5101,0.8532,-0.0341,0.5100,0.8595,-0.2558,0.0680,0.2902,Bright,
37.1723,3.4803,4.2448,0.0000,0.0000,0.0374,0.5242,0.8508,-0.1081,0.5109,0.8528,-0.0332,0.5108,0.8591,-0.2558,0.0680,0.2901,Bright,
37.1835,3.4846,4.2418,0.0000,0.0000,0.0377,0.5246,0.8505,-0.1078,0.5113,0.8526,-0.0329,0.5112,0.8589,-0.2558,0.0680,0.2900,Bright,
37.1947,3.4895,4.2464,0.0000,0.0000,0.0382,0.5252,0.8501,-0.1074,0.5120,0.8522,-0.0324,0.5118,0.8585,-0.2558,0.0681,0.2899,Bright,
37.2058,3.5043,4.2463,0.0000,0.0000,0.0386,0.5262,0.8495,-0.1070,0.5130,0.8517,-0.0320,0.5128,0.8579,-0.2558,0.0681,0.2898,Bright,
37.2171,3.5008,4.2432,0.0000,0.0000,0.0387,0.5266,0.8492,-0.1068,0.5134,0.8515,-0.0319,0.5132,0.8577,-0.2558,0.0681,0.2898,Bright,
37.2282,3.4971,4.2516,0.0000,0.0000,0.0389,0.5273,0.8488,-0.1066,0.5142,0.8510,-0.0316,0.5140,0.8572,-0.2558,0.0682,0.2898,Bright,
37.2391,3.4786,4.2547,0.0000,0.0000,0.0393,0.5279,0.8484,-0.1062,0.5149,0.8507,-0.0312,0.5146,0.8568,-0.2558,0.0681,0.2897,Bright,
37.2504,3.4850,4.2518,0.0000,0.0000,0.0393,0.5283,0.8481,-0.1063,0.5152,0.8504,-0.0313,0.5150,0.8566,-0.2559,0.0682,0.2897,Bright,
37.2617,3.4915,4.2492,0.0000,0.0000,0.0394,0.5288,0.8479,-0.1063,0.5157,0.8501,-0.0312,0.5155,0.8563,-0.2559,0.0682,0.2897,Bright,
37.2729,3.5070,4.2433,0.0000,0.0000,0.0394,0.5292,0.8476,-0.1063,0.5161,0.8499,-0.0313,0.5159,0.8561,-0.2560,0.0682,0.2896,Bright,
37.2839,3.5122,4.2416,0.0000,0.0000,0.0393,0.5295,0.8474,-0.1064,0.5165,0.8497,-0.0313,0.5162,0.8559,-0.2560,0.0682,0.2896,Bright,
37.2949,3.5150,4.2431,0.0000,0.0000,0.0391,0.5297,0.8473,-0.1066,0.5167,0.8495,-0.0315,0.5165,0.8557,-0.2560,0.0682,0.2897,Bright,
37.3060,3.5000,4.2455,0.0000,0.0000,0.0390,0.5297,0.8473,-0.1067,0.5167,0.8495,-0.0317,0.5164,0.8557,-0.2561,0.0682,0.2897,Bright,
37.3176,3.5030,4.2463,0.0000,0.0000,0.0389,0.5296,0.8474,-0.1069,0.5165,0.8496,-0.0318,0.5163,0.8558,-0.2561,0.0682,0.2897,Bright,
37.3286,3.5061,4.2432,0.0000,0.0000,0.0386,0.5293,0.8476,-0.1071,0.5162,0.8497,-0.0320,0.5160,0.8560,-0.2561,0.0682,0.2898,Bright,
37.3398,3.5162,4.2288,0.0000,0.0000,0.0382,0.5291,0.8477,-0.1076,0.5160,0.8498,-0.0325,0.5158,0.8561,-0.2562,0.0681,0.2898,Bright,
37.3505,3.5207,4.2194,0.0000,0.0000,0.0384,0.5292,0.8476,-0.1073,0.5162,0.8498,-0.0322,0.5159,0.8560,-0.2562,0.0681,0.2899,Bright,
37.3620,3.5199,4.2156,0.0000,0.0000,0.0416,0.5279,0.8483,-0.1017,0.5154,0.8509,-0.0279,0.5150,0.8568,-0.2562,0.0681,0.2899,Bright,
37.3730,3.5241,4.2171,0.0000,0.0000,0.0570,0.5277,0.8475,-0.0856,0.5165,0.8520,-0.0120,0.5154,0.8568,-0.2562,0.0680,0.2900,Bright,
37.3843,3.5152,4.2211,0.0000,0.0000,0.0690,0.5296,0.8455,-0.0742,0.5192,0.8514,-0.0002,0.5177,0.8556,-0.2562,0.0680,0.2900,Bright,
37.3955,3.4932,4.2108,0.0000,0.0000,0.0688,0.5296,0.8454,-0.0741,0.5193,0.8514,-0.0002,0.5178,0.8555,-0.2562,0.0680,0.2901,Bright,
37.4066,3.4815,4.2092,0.0000,0.0000,0.0698,0.5298,0.8452,-0.0726,0.5196,0.8513,0.0011,0.5181,0.8553,-0.2562,0.0680,0.2901,Bright,
37.4176,3.4722,4.2078,0.0000,0.0000,0.0720,0.5296,0.8452,-0.0700,0.5196,0.8515,0.0035,0.5180,0.8554,-0.2562,0.0680,0.2902,Bright,
37.4288,3.4827,4.2009,0.0000,0.0000,0.0757,0.5305,0.8443,-0.0655,0.5209,0.8511,0.0076,0.5191,0.8547,-0.2561,0.0680,0.2902,Bright,
37.4397,3.4842,4.1970,0.0000,0.0000,0.0762,0.5310,0.8439,-0.0646,0.5215,0.8508,0.0083,0.5197,0.8543,-0.2562,0.0680,0.2902,Bright,
37.4508,3.4862,4.1957,0.0000,0.0000,0.0744,0.5315,0.8438,-0.0659,0.5219,0.8505,0.0067,0.5201,0.8541,-0.2562,0.0680,0.2903,Bright,
37.4620,3.4871,4.1882,0.0000,0.0000,0.0692,0.5269,0.8471,-0.0702,0.5170,0.8531,0.0019,0.5154,0.8569,-0.2561,0.0680,0.2903,Bright,
37.4732,3.4853,4.1835,0.0000,0.0000,0.0623,0.5221,0.8506,-0.0768,0.5117,0.8557,-0.0049,0.5103,0.8600,-0.2561,0.0680,0.2903,Bright,
37.4843,3.4842,4.1803,0.0000,0.0000,0.0596,0.5195,0.8524,-0.0791,0.5089,0.8572,-0.0075,0.5076,0.8616,-0.2561,0.0680,0.2904,Bright,
37.4953,3.5067,4.1742,0.0000,0.0000,0.0485,0.5111,0.8582,-0.0900,0.4997,0.8615,-0.0186,0.4987,0.8666,-0.2561,0.0680,0.2904,Bright,
37.5065,3.5072,4.1719,0.0000,0.0000,0.0449,0.5079,0.8602,-0.0936,0.4963,0.8631,-0.0222,0.4955,0.8683,-0.2561,0.0680,0.2904,Bright,
37.5181,3.5071,4.1779,0.0000,0.0000,0.0406,0.5045,0.8625,-0.0979,0.4925,0.8648,-0.0265,0.4918,0.8703,-0.2561,0.0680,0.2905,Bright,
37.5289,3.4940,4.1929,0.0000,0.0000,0.0338,0.4995,0.8656,-0.1048,0.4871,0.8671,-0.0335,0.4865,0.8730,-0.2561,0.0680,0.2905,Bright,
37.5400,3.4973,4.2008,0.0000,0.0000,0.0313,0.4977,0.8668,-0.1073,0.4851,0.8679,-0.0360,0.4846,0.8740,-0.2562,0.0680,0.2905,Bright,
37.5510,3.5012,4.2077,0.0000,0.0000,0.0296,0.4968,0.8674,-0.1090,0.4840,0.8682,-0.0377,0.4836,0.8745,-0.2562,0.0680,0.2905,Bright,
37.5623,3.4976,4.2136,0.0000,0.0000,0.0282,0.4962,0.8677,-0.1105,0.4833,0.8684,-0.0391,0.4830,0.8747,-0.2562,0.0680,0.2906,Bright,
37.5734,3.4964,4.2140,0.0000,0.0000,0.0301,0.4977,0.8668,-0.1087,0.4850,0.8677,-0.0373,0.4846,0.8739,-0.2562,0.0680,0.2906,Bright,
37.5848,3.4948,4.2141,0.0000,0.0000,0.0308,0.4983,0.8665,-0.1081,0.4856,0.8675,-0.0366,0.4852,0.8737,-0.2562,0.0680,0.2906,Bright,
37.5956,3.4979,4.2140,0.0000,0.0000,0.0350,0.5024,0.8639,-0.1038,0.4900,0.8655,-0.0323,0.4894,0.8714,-0.2562,0.0680,0.2906,Bright,
37.6067,3.4969,4.2141,0.0000,0.0000,0.0359,0.5032,0.8634,-0.1028,0.4908,0.8652,-0.0314,0.4903,0.8710,-0.2563,0.0680,0.2906,Bright,
37.6181,3.4958,4.2124,0.0000,0.0000,0.0365,0.5039,0.8630,-0.1022,0.4916,0.8648,-0.0308,0.4910,0.8706,-0.2563,0.0680,0.2906,Bright,
37.6292,3.5029,4.2168,0.0000,0.0000,0.0383,0.5060,0.8617,-0.1004,0.4938,0.8638,-0.0289,0.4932,0.8694,-0.2564,0.0680,0.2906,Bright,
37.6401,3.5105,4.2217,0.0000,0.0000,0.0385,0.5069,0.8611,-0.1001,0.4947,0.8633,-0.0287,0.4941,0.8689,-0.2564,0.0680,0.2906,Bright,
37.6512,3.5170,4.2224,0.0000,0.0000,0.0388,0.5075,0.8608,-0.0999,0.4953,0.8630,-0.0284,0.4947,0.8686,-0.2564,0.0680,0.2906,Bright,
37.6628,3.5121,4.2248,0.0000,0.0000,0.0392,0.5080,0.8605,-0.0997,0.4959,0.8627,-0.0281,0.4953,0.8683,-0.2564,0.0680,0.2906,Bright,
37.6736,3.5191,4.2260,0.0000,0.0000,0.0393,0.5084,0.8602,-0.0997,0.4963,0.8624,-0.0281,0.4957,0.8681,-0.2565,0.0680,0.2906,Bright,
37.6847,3.5404,4.2204,0.0000,0.0000,0.0396,0.5087,0.8600,-0.0995,0.4966,0.8622,-0.0278,0.4960,0.8679,-0.2565,0.0680,0.2906,Bright,
37.6961,3.5537,4.2335,0.0000,0.0000,0.0394,0.5088,0.8600,-0.0998,0.4966,0.8622,-0.0281,0.4960,0.8679,-0.2565,0.0680,0.2907,Bright,
37.7069,3.5499,4.2444,0.0000,0.0000,0.0394,0.5088,0.8600,-0.0999,0.4966,0.8622,-0.0281,0.4960,0.8679,-0.2565,0.0680,0.2906,Bright,
37.7181,3.5488,4.2732,0.0000,0.0000,0.0396,0.5089,0.8599,-0.0998,0.4967,0.8622,-0.0279,0.4961,0.8678,-0.2566,0.0680,0.2907,Bright,
37.7295,3.5515,4.2751,0.0000,0.0000,0.0398,0.5088,0.8600,-0.0997,0.4967,0.8622,-0.0278,0.4960,0.8678,-0.2566,0.0679,0.2907,Bright,
37.7404,3.5555,4.2745,0.0000,0.0000,0.0399,0.5088,0.8600,-0.0996,0.4966,0.8622,-0.0277,0.4960,0.8679,-0.2566,0.0679,0.2907,Bright,
37.7516,3.5651,4.2935,0.0000,0.0000,0.0398,0.5090,0.8598,-0.0998,0.4969,0.8621,-0.0279,0.4963,0.8677,-0.2566,0.0679,0.2907,Bright,
37.7626,3.5683,4.2959,0.0000,0.0000,0.0397,0.5089,0.8599,-0.0999,0.4968,0.8621,-0.0280,0.4962,0.8678,-0.2566,0.0678,0.2907,Bright,
37.7740,3.5600,4.2980,0.0000,0.0000,0.0397,0.5088,0.8600,-0.0999,0.4967,0.8622,-0.0279,0.4960,0.8678,-0.2566,0.0678,0.2907,Bright,
37.7851,3.5530,4.3157,0.0000,0.0000,0.0396,0.5087,0.8600,-0.1001,0.4965,0.8622,-0.0281,0.4959,0.8679,-0.2566,0.0678,0.2907,Bright,
37.7968,3.5536,4.3168,0.0000,0.0000,0.0397,0.5088,0.8599,-0.1001,0.4967,0.8622,-0.0281,0.4960,0.8678,-0.2566,0.0678,0.2907,Bright,
37.8072,3.5501,4.3176,0.0000,0.0000,0.0397,0.5089,0.8599,-0.1001,0.4967,0.8621,-0.0281,0.4961,0.8678,-0.2567,0.0677,0.2907,Bright,
37.8183,3.5545,4.3329,0.0000,0.0000,0.0397,0.5092,0.8597,-0.1001,0.4970,0.8620,-0.0281,0.4964,0.8677,-0.2567,0.0677,0.2907,Bright,
37.8296,3.5596,4.3366,0.0000,0.0000,0.0398,0.5094,0.8596,-0.1000,0.4972,0.8619,-0.0280,0.4966,0.8676,-0.2567,0.0678,0.2907,Bright,
37.8411,3.5725,4.3396,0.0000,0.0000,0.0399,0.5097,0.8594,-0.0998,0.4975,0.8617,-0.0278,0.4969,0.8674,-0.2567,0.0678,0.2907,Bright,
37.8519,3.5862,4.3766,0.0000,0.0000,0.0404,0.5105,0.8589,-0.0993,0.4984,0.8612,-0.0273,0.4977,0.8669,-0.2567,0.0678,0.2907,Bright,
37.8631,3.5871,4.3795,0.0000,0.0000,0.0409,0.5109,0.8587,-0.0989,0.4988,0.8611,-0.0269,0.4981,0.8667,-0.2567,0.0678,0.2907,Bright,
37.8741,3.5982,4.3809,0.0000,0.0000,0.0411,0.5114,0.8583,-0.0987,0.4994,0.8607,-0.0267,0.4987,0.8664,-0.2566,0.0678,0.2906,Bright,
37.8854,3.6061,4.3829,0.0000,0.0000,0.0542,0.5204,0.8522,-0.0861,0.5093,0.8563,-0.0137,0.5082,0.8611,-0.2566,0.0679,0.2906,Bright,
37.8964,3.6056,4.3863,0.0000,0.0000,0.0667,0.5278,0.8468,-0.0727,0.5177,0.8524,-0.0006,0.5162,0.8565,-0.2566,0.0679,0.2905,Bright,
37.9076,3.6045,4.3900,0.0000,0.0000,0.0711,0.5311,0.8443,-0.0682,0.5215,0.8505,0.0039,0.5198,0.8543,-0.2566,0.0679,0.2905,Bright,
37.9185,3.6042,4.3939,0.0000,0.0000,0.0740,0.5342,0.8421,-0.0633,0.5251,0.8487,0.0078,0.5232,0.8522,-0.2566,0.0680,0.2904,Bright,
37.9298,3.6064,4.3945,0.0000,0.0000,0.0734,0.5341,0.8423,-0.0633,0.5249,0.8488,0.0075,0.5231,0.8522,-0.2565,0.0680,0.2904,Bright,
37.9412,3.6052,4.3992,0.0000,0.0000,0.0757,0.5368,0.8403,-0.0604,0.5279,0.8471,0.0100,0.5260,0.8504,-0.2565,0.0680,0.2904,Bright,
37.9519,3.6029,4.4079,0.0000,0.0000,0.0811,0.5405,0.8374,-0.0536,0.5322,0.8449,0.0162,0.5301,0.8478,-0.2565,0.0681,0.2904,Bright,
37.9633,3.5986,4.4123,0.0000,0.0000,0.0828,0.5421,0.8362,-0.0515,0.5340,0.8439,0.0181,0.5318,0.8467,-0.2564,0.0681,0.2904,Bright,
37.9753,3.5914,4.4075,0.0000,0.0000,0.0839,0.5436,0.8351,-0.0497,0.5357,0.8430,0.0195,0.5334,0.8456,-0.2563,0.0681,0.2904,Bright,
37.9856,3.5892,4.4076,0.0000,0.0000,0.0837,0.5438,0.8350,-0.0496,0.5359,0.8429,0.0195,0.5336,0.8455,-0.2563,0.0681,0.2904,Bright,
37.9966,3.5920,4.4078,0.0000,0.0000,0.0832,0.5435,0.8353,-0.0498,0.5355,0.8430,0.0191,0.5333,0.8457,-0.2563,0.0681,0.2904,Bright,
38.0078,3.5946,4.4113,0.0000,0.0000,0.0841,0.5439,0.8349,-0.0487,0.5360,0.8428,0.0201,0.5338,0.8454,-0.2562,0.0681,0.2905,Bright,
38.0187,3.5899,4.4044,0.0000,0.0000,0.0825,0.5426,0.8359,-0.0503,0.5346,0.8436,0.0185,0.5324,0.8463,-0.2562,0.0681,0.2905,Bright,
38.0300,3.5876,4.4017,0.0000,0.0000,0.0826,0.5422,0.8362,-0.0502,0.5342,0.8438,0.0186,0.5321,0.8465,-0.2561,0.0680,0.2905,Bright,
38.0413,3.5991,4.4015,0.0000,0.0000,0.0823,0.5419,0.8364,-0.0506,0.5339,0.8440,0.0183,0.5317,0.8467,-0.2561,0.0680,0.2906,Bright,
38.0522,3.6111,4.3996,0.0000,0.0000,0.0827,0.5420,0.8363,-0.0503,0.5340,0.8440,0.0186,0.5318,0.8466,-0.2560,0.0680,0.2907,Bright,
38.0634,3.6126,4.3989,0.0000,0.0000,0.0834,0.5423,0.8360,-0.0496,0.5344,0.8438,0.0193,0.5322,0.8464,-0.2559,0.0680,0.2907,Bright,
38.0746,3.6063,4.4081,0.0000,0.0000,0.0840,0.5427,0.8357,-0.0492,0.5347,0.8436,0.0198,0.5325,0.8462,-0.2559,0.0680,0.2907,Bright,
38.0857,3.5994,4.4025,0.0000,0.0000,0.0846,0.5429,0.8356,-0.0488,0.5350,0.8435,0.0203,0.5327,0.8460,-0.2558,0.0680,0.2908,Bright,
38.0967,3.5958,4.3977,0.0000,0.0000,0.0849,0.5430,0.8354,-0.0485,0.5351,0.8434,0.0206,0.5329,0.8460,-0.2558,0.0679,0.2908,Bright,
38.1080,3.5863,4.3907,0.0000,0.0000,0.0854,0.5434,0.8351,-0.0481,0.5356,0.8431,0.0211,0.5333,0.8457,-0.2557,0.0679,0.2908,Bright,
38.1191,3.5804,4.3960,0.0000,0.0000,0.0854,0.5436,0.8350,-0.0481,0.5358,0.8430,0.0211,0.5335,0.8455,-0.2557,0.0679,0.2909,Bright,
38.1302,3.5835,4.4014,0.0000,0.0000,0.0857,0.5440,0.8347,-0.0478,0.5362,0.8427,0.0214,0.5339,0.8453,-0.2557,0.0679,0.2909,Bright,
38.1418,3.5893,4.4019,0.0000,0.0000,0.0862,0.5445,0.8343,-0.0472,0.5368,0.8424,0.0220,0.5345,0.8449,-0.2557,0.0679,0.2910,Bright,
38.1526,3.5924,4.3989,0.0000,0.0000,0.0866,0.5447,0.8341,-0.0467,0.5371,0.8423,0.0224,0.5347,0.8447,-0.2556,0.0679,0.2911,Bright,
38.1638,3.5892,4.3958,0.0000,0.0000,0.0869,0.5448,0.8340,-0.0464,0.5372,0.8422,0.0227,0.5348,0.8447,-0.2556,0.0679,0.2910,Bright,
38.1749,3.5985,4.3819,0.0000,0.0000,0.0874,0.5451,0.8338,-0.0458,0.5375,0.8420,0.0232,0.5351,0.8444,-0.2555,0.0679,0.2911,Bright,
38.1861,3.6093,4.3915,0.0000,0.0000,0.0875,0.5452,0.8337,-0.0456,0.5376,0.8420,0.0234,0.5352,0.8444,-0.2555,0.0679,0.2911,Bright,
38.1971,3.6163,4.4001,0.0000,0.0000,0.0875,0.5454,0.8336,-0.0456,0.5379,0.8418,0.0234,0.5355,0.8442,-0.2555,0.0679,0.2911,Bright,
38.2083,3.6156,4.3919,0.0000,0.0000,0.0860,0.5446,0.8343,-0.0471,0.5369,0.8423,0.0219,0.5346,0.8448,-0.2555,0.0679,0.2912,Bright,
38.2193,3.6086,4.3886,0.0000,0.0000,0.0847,0.5434,0.8352,-0.0485,0.5356,0.8431,0.0205,0.5333,0.8457,-0.2555,0.0679,0.2912,Bright,
38.2303,3.5999,4.3850,0.0000,0.0000,0.0832,0.5420,0.8362,-0.0500,0.5341,0.8440,0.0190,0.5318,0.8466,-0.2554,0.0679,0.2912,Bright,
38.2424,3.6036,4.3875,0.0000,0.0000,0.0800,0.5391,0.8384,-0.0533,0.5309,0.8458,0.0157,0.5288,0.8486,-0.2554,0.0679,0.2912,Bright,
38.2526,3.6134,4.3995,0.0000,0.0000,0.0783,0.5376,0.8396,-0.0551,0.5292,0.8467,0.0139,0.5272,0.8496,-0.2554,0.0679,0.2912,Bright,
38.2640,3.6108,4.4092,0.0000,0.0000,0.0768,0.5364,0.8405,-0.0567,0.5280,0.8474,0.0124,0.5259,0.8504,-0.2553,0.0678,0.2912,Bright,
38.2754,3.6018,4.4183,0.0000,0.0000,0.0736,0.5339,0.8423,-0.0599,0.5252,0.8489,0.0092,0.5233,0.8521,-0.2553,0.0679,0.2912,Bright,
38.2862,3.5958,4.4154,0.0000,0.0000,0.0721,0.5329,0.8431,-0.0615,0.5240,0.8495,0.0076,0.5222,0.8528,-0.2553,0.0679,0.2913,Bright,
38.2974,3.5941,4.4074,0.0000,0.0000,0.0693,0.5308,0.8446,-0.0644,0.5218,0.8507,0.0047,0.5200,0.8542,-0.2553,0.0678,0.2912,Bright,
38.3084,3.6013,4.4039,0.0000,0.0000,0.0691,0.5307,0.8448,-0.0647,0.5216,0.8508,0.0045,0.5198,0.8543,-0.2553,0.0679,0.2912,Bright,
38.3197,3.6074,4.4037,0.0000,0.0000,0.0677,0.5299,0.8454,-0.0661,0.5206,0.8512,0.0031,0.5189,0.8548,-0.2553,0.0679,0.2912,Bright,
38.3306,3.6040,4.4056,0.0000,0.0000,0.0654,0.5285,0.8464,-0.0685,0.5191,0.8520,0.0007,0.5175,0.8557,-0.2553,0.0679,0.2912,Bright,
38.3418,3.5994,4.4067,0.0000,0.0000,0.0642,0.5279,0.8469,-0.0699,0.5184,0.8523,-0.0006,0.5169,0.8561,-0.2552,0.0679,0.2912,Bright,
38.3531,3.5953,4.4061,0.0000,0.0000,0.0633,0.5272,0.8474,-0.0708,0.5177,0.8526,-0.0015,0.5161,0.8565,-0.2552,0.0680,0.2912,Bright,
38.3640,3.5893,4.4058,0.0000,0.0000,0.0616,0.5257,0.8484,-0.0725,0.5160,0.8535,-0.0032,0.5145,0.8575,-0.2552,0.0679,0.2911,Bright,
38.3752,3.5918,4.4062,0.0000,0.0000,0.0617,0.5258,0.8484,-0.0723,0.5162,0.8534,-0.0031,0.5146,0.8574,-0.2551,0.0680,0.2911,Bright,
38.3864,3.5941,4.4009,0.0000,0.0000,0.0618,0.5251,0.8488,-0.0719,0.5155,0.8539,-0.0029,0.5140,0.8578,-0.2551,0.0680,0.2911,Bright,
38.3978,3.5754,4.4005,0.0000,0.0000,0.0613,0.5241,0.8495,-0.0693,0.5148,0.8545,-0.0018,0.5132,0.8583,-0.2551,0.0680,0.2911,Bright,
38.4085,3.5807,4.4041,0.0000,0.0000,0.0616,0.5237,0.8497,-0.0674,0.5145,0.8548,-0.0008,0.5129,0.8584,-0.2550,0.0680,0.2911,Bright,
38.4197,3.5855,4.4065,0.0000,0.0000,0.0605,0.5233,0.8500,-0.0651,0.5144,0.8551,-0.0002,0.5128,0.8585,-0.2550,0.0680,0.2911,Bright,
38.4308,3.5931,4.4105,0.0000,0.0000,0.0599,0.5238,0.8497,-0.0602,0.5155,0.8548,0.0019,0.5139,0.8579,-0.2550,0.0680,0.2911,Bright,
38.4424,3.5970,4.4112,0.0000,0.0000,0.0570,0.5217,0.8512,-0.0607,0.5134,0.8560,0.0001,0.5118,0.8591,-0.2550,0.0681,0.2911,Bright,
38.4536,3.5897,4.4193,0.0000,0.0000,0.0616,0.5271,0.8476,-0.0525,0.5195,0.8529,0.0065,0.5177,0.8555,-0.2550,0.0680,0.2911,Bright,
38.4644,3.5838,4.4266,0.0000,0.0000,0.0594,0.5246,0.8493,-0.0534,0.5170,0.8543,0.0049,0.5153,0.8570,-0.2549,0.0680,0.2911,Bright,
38.4758,3.5791,4.4382,0.0000,0.0000,0.0606,0.5260,0.8483,-0.0509,0.5185,0.8535,0.0067,0.5168,0.8561,-0.2549,0.0680,0.2911,Bright,
38.4867,3.5663,4.4461,0.0000,0.0000,0.0630,0.5294,0.8460,-0.0464,0.5223,0.8515,0.0102,0.5205,0.8538,-0.2549,0.0680,0.2911,Bright,
38.4978,3.5651,4.4437,0.0000,0.0000,0.0640,0.5310,0.8450,-0.0444,0.5240,0.8505,0.0116,0.5222,0.8527,-0.2549,0.0680,0.2910,Bright,
38.5091,3.5651,4.4369,0.0000,0.0000,0.0648,0.5323,0.8440,-0.0426,0.5256,0.8497,0.0130,0.5237,0.8518,-0.2549,0.0680,0.2910,Bright,
38.5203,3.5537,4.4399,0.0000,0.0000,0.0668,0.5350,0.8422,-0.0393,0.5285,0.8480,0.0156,0.5266,0.8500,-0.2549,0.0681,0.2910,Bright,
38.5311,3.5599,4.4483,0.0000,0.0000,0.0679,0.5364,0.8413,-0.0376,0.5300,0.8472,0.0170,0.5280,0.8491,-0.2549,0.0681,0.2910,Bright,
38.5422,3.5652,4.4380,0.0000,0.0000,0.0686,0.5376,0.8404,-0.0364,0.5313,0.8464,0.0179,0.5293,0.8482,-0.2549,0.0681,0.2910,Bright,
38.5536,3.5677,4.4420,0.0000,0.0000,0.0702,0.5398,0.8389,-0.0339,0.5337,0.8450,0.0200,0.5317,0.8467,-0.2549,0.0681,0.2910,Bright,
38.5646,3.5610,4.4524,0.0000,0.0000,0.0709,0.5409,0.8381,-0.0327,0.5349,0.8443,0.0209,0.5329,0.8459,-0.2549,0.0681,0.2909,Bright,
38.5757,3.5546,4.4520,0.0000,0.0000,0.0715,0.5420,0.8373,-0.0318,0.5361,0.8436,0.0217,0.5340,0.8452,-0.2549,0.0681,0.2910,Bright,
38.5870,3.5664,4.4587,0.0000,0.0000,0.0729,0.5442,0.8358,-0.0300,0.5384,0.8421,0.0233,0.5363,0.8437,-0.2549,0.0681,0.2910,Bright,
38.5984,3.5737,4.4619,0.0000,0.0000,0.0737,0.5454,0.8349,-0.0292,0.5397,0.8413,0.0241,0.5376,0.8429,-0.2549,0.0681,0.2910,Bright,
38.6095,3.5800,4.4536,0.0000,0.0000,0.0745,0.5463,0.8342,-0.0283,0.5407,0.8407,0.0250,0.5386,0.8422,-0.2549,0.0681,0.2910,Bright,
38.6204,3.5980,4.4447,0.0000,0.0000,0.0762,0.5483,0.8328,-0.0266,0.5428,0.8394,0.0266,0.5406,0.8409,-0.2549,0.0681,0.2911,Bright,
38.6314,3.6009,4.4424,0.0000,0.0000,0.0770,0.5492,0.8321,-0.0258,0.5437,0.8389,0.0274,0.5415,0.8402,-0.2549,0.0681,0.2911,Bright,
38.6425,3.6029,4.4434,0.0000,0.0000,0.0778,0.5502,0.8314,-0.0250,0.5448,0.8382,0.0282,0.5425,0.8396,-0.2549,0.0681,0.2911,Bright,
38.6542,3.5942,4.4497,0.0000,0.0000,0.0792,0.5516,0.8303,-0.0236,0.5463,0.8372,0.0296,0.5441,0.8385,-0.2549,0.0681,0.2912,Bright,
38.6652,3.5910,4.4531,0.0000,0.0000,0.0799,0.5523,0.8298,-0.0229,0.5471,0.8368,0.0304,0.5448,0.8380,-0.2548,0.0681,0.2912,Bright,
38.6759,3.5887,4.4532,0.0000,0.0000,0.0807,0.5530,0.8293,-0.0221,0.5478,0.8363,0.0312,0.5455,0.8375,-0.2548,0.0681,0.2912,Bright,
38.6874,3.5846,4.4549,0.0000,0.0000,0.0818,0.5540,0.8285,-0.0210,0.5489,0.8356,0.0323,0.5466,0.8368,-0.2548,0.0681,0.2913,Bright,
38.6982,3.5857,4.4565,0.0000,0.0000,0.0824,0.5544,0.8282,-0.0204,0.5493,0.8354,0.0329,0.5469,0.8365,-0.2548,0.0681,0.2913,Bright,
38.7094,3.5866,4.4575,0.0000,0.0000,0.0831,0.5548,0.8278,-0.0198,0.5498,0.8351,0.0335,0.5474,0.8362,-0.2547,0.0681,0.2913,Bright,
38.7206,3.5850,4.4500,0.0000,0.0000,0.0846,0.5561,0.8268,-0.0183,0.5512,0.8342,0.0351,0.5487,0.8353,-0.2547,0.0681,0.2914,Bright,
38.7316,3.5807,4.4426,0.0000,0.0000,0.0852,0.5565,0.8264,-0.0177,0.5516,0.8339,0.0357,0.5492,0.8350,-0.2546,0.0680,0.2913,Bright,
38.7428,3.5770,4.4438,0.0000,0.0000,0.0859,0.5570,0.8260,-0.0170,0.5522,0.8336,0.0363,0.5497,0.8346,-0.2546,0.0680,0.2914,Bright,
38.7545,3.5646,4.4303,0.0000,0.0000,0.0870,0.5581,0.8252,-0.0160,0.5533,0.8328,0.0374,0.5508,0.8338,-0.2545,0.0680,0.2915,Bright,
38.7650,3.5676,4.4185,0.0000,0.0000,0.0876,0.5587,0.8248,-0.0153,0.5539,0.8324,0.0380,0.5514,0.8334,-0.2545,0.0680,0.2914,Bright,
38.7764,3.5708,4.4245,0.0000,0.0000,0.0880,0.5591,0.8244,-0.0147,0.5544,0.8321,0.0385,0.5519,0.8330,-0.2544,0.0680,0.2915,Bright,
38.7873,3.5752,4.4167,0.0000,0.0000,0.0889,0.5597,0.8239,-0.0136,0.5551,0.8317,0.0395,0.5526,0.8325,-0.2544,0.0680,0.2915,Bright,
38.7985,3.5718,4.4071,0.0000,0.0000,0.0894,0.5601,0.8236,-0.0129,0.5555,0.8314,0.0402,0.5530,0.8322,-0.2544,0.0680,0.2915,Bright,
38.8098,3.5683,4.3907,0.0000,0.0000,0.0898,0.5603,0.8234,-0.0123,0.5557,0.8313,0.0406,0.5531,0.8321,-0.2544,0.0680,0.2916,Bright,
38.8215,3.5422,4.3777,0.0000,0.0000,0.0904,0.5607,0.8231,-0.0114,0.5562,0.8309,0.0414,0.5536,0.8317,-0.2544,0.0680,0.2916,Bright,
38.8319,3.5344,4.3812,0.0000,0.0000,0.0907,0.5610,0.8228,-0.0109,0.5566,0.8307,0.0418,0.5540,0.8315,-0.2544,0.0679,0.2916,Bright,
38.8430,3.5290,4.3904,0.0000,0.0000,0.0908,0.5615,0.8225,-0.0106,0.5571,0.8304,0.0420,0.5545,0.8311,-0.2544,0.0679,0.2916,Bright,
38.8541,3.5389,4.4076,0.0000,0.0000,0.0913,0.5626,0.8216,-0.0099,0.5583,0.8296,0.0426,0.5557,0.8303,-0.2544,0.0679,0.2916,Bright,
38.8654,3.5377,4.4135,0.0000,0.0000,0.0913,0.5633,0.8212,-0.0097,0.5589,0.8291,0.0427,0.5563,0.8299,-0.2545,0.0679,0.2916,Bright,
38.8764,3.5362,4.4072,0.0000,0.0000,0.0914,0.5638,0.8208,-0.0096,0.5595,0.8288,0.0428,0.5568,0.8295,-0.2545,0.0679,0.2916,Bright,
38.8876,3.5368,4.3952,0.0000,0.0000,0.0915,0.5650,0.8200,-0.0093,0.5606,0.8280,0.0430,0.5580,0.8287,-0.2546,0.0679,0.2916,Bright,
38.8987,3.5194,4.3903,0.0000,0.0000,0.0915,0.5653,0.8198,-0.0093,0.5609,0.8278,0.0430,0.5583,0.8285,-0.2547,0.0678,0.2916,Bright,
38.9101,3.5055,4.3855,0.0000,0.0000,0.0914,0.5655,0.8197,-0.0094,0.5612,0.8276,0.0429,0.5586,0.8283,-0.2548,0.0678,0.2916,Bright,
38.9209,3.4910,4.3813,0.0000,0.0000,0.0913,0.5660,0.8194,-0.0093,0.5617,0.8273,0.0429,0.5591,0.8280,-0.2549,0.0679,0.2916,Bright,
38.9320,3.4885,4.3804,0.0000,0.0000,0.0912,0.5662,0.8192,-0.0094,0.5619,0.8272,0.0428,0.5593,0.8279,-0.2549,0.0678,0.2916,Bright,
38.9431,3.4882,4.3748,0.0000,0.0000,0.0910,0.5664,0.8191,-0.0096,0.5621,0.8270,0.0426,0.5595,0.8277,-0.2550,0.0678,0.2916,Bright,
38.9545,3.4905,4.3647,0.0000,0.0000,0.0907,0.5669,0.8188,-0.0098,0.5626,0.8267,0.0424,0.5600,0.8274,-0.2551,0.0678,0.2916,Bright,
38.9658,3.4854,4.3605,0.0000,0.0000,0.0904,0.5672,0.8186,-0.0101,0.5628,0.8265,0.0420,0.5603,0.8273,-0.2552,0.0678,0.2916,Bright,
38.9766,3.4810,4.3520,0.0000,0.0000,0.0903,0.5675,0.8184,-0.0102,0.5631,0.8263,0.0419,0.5605,0.8271,-0.2553,0.0678,0.2916,Bright,
38.9878,3.4879,4.3415,0.0000,0.0000,0.0901,0.5680,0.8181,-0.0103,0.5636,0.8260,0.0418,0.5611,0.8267,-0.2554,0.0678,0.2916,Bright,
38.9990,3.4801,4.3386,0.0000,0.0000,0.0899,0.5682,0.8180,-0.0105,0.5638,0.8258,0.0416,0.5613,0.8266,-0.2555,0.0678,0.2915,Bright,
39.0104,3.4768,4.3314,0.0000,0.0000,0.0897,0.5688,0.8175,-0.0106,0.5644,0.8254,0.0415,0.5619,0.8262,-0.2556,0.0678,0.2915,Bright,
39.0214,3.4792,4.3271,0.0000,0.0000,0.0896,0.5692,0.8173,-0.0108,0.5648,0.8251,0.0413,0.5623,0.8259,-0.2556,0.0679,0.2915,Bright,
39.0325,3.4835,4.3237,0.0000,0.0000,0.0886,0.5691,0.8175,-0.0116,0.5646,0.8253,0.0404,0.5621,0.8261,-0.2557,0.0678,0.2914,Bright,
39.0435,3.5147,4.3322,0.0000,0.0000,0.0533,0.5556,0.8298,-0.0487,0.5488,0.8345,0.0040,0.5474,0.8369,-0.2558,0.0678,0.2914,Bright,
39.0547,3.5359,4.3361,0.0000,0.0000,0.0732,0.5646,0.8221,-0.0278,0.5592,0.8286,0.0246,0.5572,0.8300,-0.2558,0.0679,0.2914,Bright,
39.0659,3.5517,4.3519,0.0000,0.0000,0.0404,0.5480,0.8355,-0.0630,0.5403,0.8391,-0.0096,0.5392,0.8421,-0.2559,0.0679,0.2914,Bright,
39.0768,3.5631,4.3739,0.0000,0.0000,0.0407,0.5439,0.8382,-0.0658,0.5359,0.8417,-0.0108,0.5348,0.8449,-0.2559,0.0679,0.2914,Bright,
39.0880,3.5620,4.3798,0.0000,0.0000,0.0405,0.5436,0.8384,-0.0678,0.5354,0.8419,-0.0119,0.5343,0.8452,-0.2559,0.0679,0.2914,Bright,
39.0993,3.5582,4.3837,0.0000,0.0000,0.0376,0.5432,0.8388,-0.0724,0.5346,0.8420,-0.0156,0.5337,0.8456,-0.2560,0.0679,0.2914,Bright,
39.1104,3.5545,4.3879,0.0000,0.0000,0.0314,0.5377,0.8426,-0.0823,0.5283,0.8451,-0.0237,0.5275,0.8492,-0.2560,0.0679,0.2914,Bright,
39.1216,3.5544,4.3916,0.0000,0.0000,0.0298,0.5362,0.8435,-0.0857,0.5266,0.8458,-0.0262,0.5259,0.8502,-0.2560,0.0679,0.2914,Bright,
39.1327,3.5563,4.3947,0.0000,0.0000,0.0308,0.5362,0.8435,-0.0863,0.5264,0.8459,-0.0259,0.5257,0.8503,-0.2561,0.0679,0.2914,Bright,
39.1439,3.5700,4.4063,0.0000,0.0000,0.0346,0.5372,0.8428,-0.0851,0.5273,0.8454,-0.0234,0.5265,0.8498,-0.2561,0.0679,0.2914,Bright,
39.1556,3.5748,4.4060,0.0000,0.0000,0.0356,0.5372,0.8427,-0.0853,0.5273,0.8454,-0.0230,0.5265,0.8498,-0.2561,0.0679,0.2915,Bright,
39.1660,3.5690,4.4053,0.0000,0.0000,0.0368,0.5375,0.8425,-0.0852,0.5275,0.8453,-0.0223,0.5267,0.8498,-0.2562,0.0678,0.2914,Bright,
39.1772,3.5634,4.4041,0.0000,0.0000,0.0397,0.5388,0.8415,-0.0845,0.5287,0.8446,-0.0204,0.5279,0.8491,-0.2562,0.0678,0.2915,Bright,
39.1883,3.5630,4.4086,0.0000,0.0000,0.0421,0.5402,0.8405,-0.0832,0.5302,0.8438,-0.0186,0.5293,0.8482,-0.2562,0.0678,0.2915,Bright,
39.1994,3.5637,4.4128,0.0000,0.0000,0.0426,0.5404,0.8403,-0.0838,0.5302,0.8437,-0.0186,0.5294,0.8482,-0.2563,0.0678,0.2915,Bright,
39.2105,3.5662,4.3999,0.0000,0.0000,0.0449,0.5416,0.8395,-0.0832,0.5313,0.8431,-0.0171,0.5305,0.8475,-0.2563,0.0678,0.2915,Bright,
39.2217,3.5664,4.3941,0.0000,0.0000,0.0461,0.5420,0.8391,-0.0827,0.5318,0.8428,-0.0162,0.5309,0.8473,-0.2564,0.0678,0.2916,Bright,
39.2328,3.5683,4.3894,0.0000,0.0000,0.0465,0.5421,0.8390,-0.0828,0.5318,0.8428,-0.0161,0.5310,0.8472,-0.2564,0.0678,0.2915,Bright,
39.2440,3.5674,4.3863,0.0000,0.0000,0.0470,0.5425,0.8388,-0.0831,0.5321,0.8426,-0.0159,0.5313,0.8471,-0.2564,0.0678,0.2916,Bright,
39.2551,3.5652,4.3835,0.0000,0.0000,0.0471,0.5426,0.8387,-0.0834,0.5322,0.8425,-0.0160,0.5313,0.8470,-0.2565,0.0678,0.2916,Bright,
39.2663,3.5566,4.3810,0.0000,0.0000,0.0471,0.5425,0.8387,-0.0838,0.5322,0.8425,-0.0162,0.5313,0.8470,-0.2565,0.0677,0.2916,Bright,
39.2774,3.5391,4.3604,0.0000,0.0000,0.0469,0.5426,0.8387,-0.0847,0.5321,0.8425,-0.0168,0.5312,0.8471,-0.2565,0.0677,0.2916,Bright,
39.2885,3.5314,4.3686,0.0000,0.0000,0.0466,0.5428,0.8386,-0.0853,0.5322,0.8423,-0.0172,0.5314,0.8470,-0.2566,0.0677,0.2916,Bright,
39.2998,3.5366,4.3815,0.0000,0.0000,0.0456,0.5431,0.8384,-0.0868,0.5324,0.8420,-0.0185,0.5316,0.8468,-0.2566,0.0677,0.2916,Bright,
39.3107,3.5391,4.3859,0.0000,0.0000,0.0453,0.5434,0.8382,-0.0873,0.5327,0.8418,-0.0188,0.5320,0.8466,-0.2567,0.0677,0.2916,Bright,
39.3219,3.5412,4.3867,0.0000,0.0000,0.0452,0.5437,0.8381,-0.0876,0.5329,0.8416,-0.0191,0.5322,0.8464,-0.2567,0.0678,0.2917,Bright,
39.3331,3.5556,4.3857,0.0000,0.0000,0.0462,0.5439,0.8379,-0.0868,0.5332,0.8415,-0.0182,0.5324,0.8463,-0.2567,0.0677,0.2916,Bright,
39.3442,3.5617,4.3860,0.0000,0.0000,0.0467,0.5437,0.8380,-0.0867,0.5329,0.8417,-0.0179,0.5321,0.8465,-0.2568,0.0678,0.2917,Bright,
39.3554,3.5666,4.3916,0.0000,0.0000,0.0476,0.5431,0.8383,-0.0858,0.5325,0.8421,-0.0169,0.5316,0.8468,-0.2568,0.0678,0.2917,Bright,
39.3704,3.5740,4.3928,0.0000,0.0000,0.0506,0.5415,0.8392,-0.0844,0.5309,0.8432,-0.0147,0.5300,0.8479,-0.2568,0.0677,0.2917,Bright,
39.3777,3.5826,4.3893,0.0000,0.0000,0.0504,0.5417,0.8390,-0.0850,0.5310,0.8431,-0.0151,0.5301,0.8478,-0.2569,0.0677,0.2917,Bright,
39.3888,3.5895,4.3985,0.0000,0.0000,0.0513,0.5412,0.8393,-0.0847,0.5305,0.8435,-0.0145,0.5296,0.8482,-0.2569,0.0677,0.2918,Bright,
39.3998,3.5945,4.4046,0.0000,0.0000,0.0532,0.5404,0.8398,-0.0842,0.5296,0.8441,-0.0132,0.5286,0.8487,-0.2570,0.0677,0.2918,Bright,
39.4110,3.5968,4.4035,0.0000,0.0000,0.0542,0.5397,0.8401,-0.0841,0.5289,0.8445,-0.0127,0.5279,0.8492,-0.2570,0.0677,0.2918,Bright,
39.4222,3.5979,4.4057,0.0000,0.0000,0.0550,0.5391,0.8405,-0.0839,0.5282,0.8449,-0.0121,0.5272,0.8496,-0.2571,0.0677,0.2919,Bright,
39.4334,3.5919,4.3966,0.0000,0.0000,0.0566,0.5381,0.8409,-0.0832,0.5273,0.8456,-0.0110,0.5263,0.8502,-0.2571,0.0676,0.2919,Bright,
39.4448,3.5856,4.3891,0.0000,0.0000,0.0572,0.5375,0.8413,-0.0829,0.5266,0.8460,-0.0105,0.5256,0.8507,-0.2571,0.0676,0.2919,Bright,
39.4556,3.5804,4.3936,0.0000,0.0000,0.0579,0.5370,0.8416,-0.0825,0.5262,0.8464,-0.0100,0.5251,0.8510,-0.2571,0.0676,0.2920,Bright,
39.4667,3.5897,4.3882,0.0000,0.0000,0.0587,0.5362,0.8421,-0.0819,0.5254,0.8469,-0.0093,0.5243,0.8515,-0.2572,0.0676,0.2920,Bright,
39.4779,3.5874,4.3809,0.0000,0.0000,0.0592,0.5357,0.8423,-0.0814,0.5250,0.8472,-0.0088,0.5238,0.8518,-0.2572,0.0676,0.2920,Bright,
39.4891,3.5854,4.3793,0.0000,0.0000,0.0585,0.5343,0.8433,-0.0820,0.5234,0.8481,-0.0094,0.5223,0.8527,-0.2572,0.0676,0.2921,Bright,
39.5002,3.5939,4.3800,0.0000,0.0000,0.0564,0.5310,0.8455,-0.0838,0.5200,0.8500,-0.0114,0.5190,0.8547,-0.2573,0.0676,0.2921,Bright,
39.5129,3.6003,4.3832,0.0000,0.0000,0.0555,0.5296,0.8464,-0.0846,0.5186,0.8508,-0.0122,0.5176,0.8556,-0.2573,0.0676,0.2921,Bright,
39.5226,3.6060,4.3881,0.0000,0.0000,0.0553,0.5291,0.8467,-0.0846,0.5181,0.8511,-0.0123,0.5171,0.8558,-0.2573,0.0676,0.2921,Bright,
39.5338,3.6253,4.3945,0.0000,0.0000,0.0556,0.5284,0.8471,-0.0843,0.5174,0.8516,-0.0120,0.5164,0.8563,-0.2573,0.0676,0.2921,Bright,
39.5448,3.6271,4.3966,0.0000,0.0000,0.0559,0.5285,0.8471,-0.0839,0.5175,0.8515,-0.0117,0.5165,0.8562,-0.2573,0.0676,0.2922,Bright,
39.5559,3.6278,4.3914,0.0000,0.0000,0.0562,0.5281,0.8473,-0.0834,0.5172,0.8518,-0.0113,0.5161,0.8564,-0.2574,0.0676,0.2922,Bright,
39.5670,3.5959,4.3877,0.0000,0.0000,0.0547,0.5260,0.8487,-0.0848,0.5149,0.8530,-0.0128,0.5139,0.8577,-0.2574,0.0676,0.2922,Bright,
39.5781,3.5941,4.3886,0.0000,0.0000,0.0536,0.5248,0.8495,-0.0857,0.5137,0.8537,-0.0137,0.5127,0.8584,-0.2574,0.0676,0.2922,Bright,
39.5894,3.5940,4.3990,0.0000,0.0000,0.0535,0.5246,0.8496,-0.0858,0.5135,0.8538,-0.0138,0.5125,0.8586,-0.2574,0.0676,0.2922,Bright,
39.6005,3.5941,4.3998,0.0000,0.0000,0.0537,0.5244,0.8498,-0.0853,0.5133,0.8540,-0.0135,0.5123,0.8587,-0.2575,0.0676,0.2922,Bright,
39.6116,3.6069,4.3918,0.0000,0.0000,0.0541,0.5248,0.8495,-0.0847,0.5137,0.8538,-0.0130,0.5127,0.8585,-0.2575,0.0676,0.2922,Bright,
39.6227,3.6165,4.3947,0.0000,0.0000,0.0541,0.5245,0.8497,-0.0846,0.5135,0.8539,-0.0129,0.5125,0.8586,-0.2575,0.0676,0.2922,Bright,
39.6339,3.6048,4.4067,0.0000,0.0000,0.0550,0.5249,0.8494,-0.0835,0.5139,0.8538,-0.0120,0.5129,0.8584,-0.2575,0.0675,0.2922,Bright,
39.6452,3.6145,4.4161,0.0000,0.0000,0.0552,0.5248,0.8494,-0.0831,0.5139,0.8538,-0.0116,0.5129,0.8584,-0.2575,0.0675,0.2922,Bright,
39.6573,3.6260,4.4477,0.0000,0.0000,0.0559,0.5255,0.8489,-0.0824,0.5147,0.8534,-0.0110,0.5136,0.8580,-0.2575,0.0676,0.2922,Bright,
39.6671,3.6298,4.4422,0.0000,0.0000,0.0564,0.5259,0.8487,-0.0819,0.5151,0.8532,-0.0104,0.5140,0.8577,-0.2575,0.0675,0.2922,Bright,
39.6783,3.6336,4.4362,0.0000,0.0000,0.0559,0.5252,0.8491,-0.0824,0.5144,0.8536,-0.0110,0.5133,0.8581,-0.2575,0.0675,0.2922,Bright,
39.6896,3.6300,4.4316,0.0000,0.0000,0.0571,0.5265,0.8482,-0.0812,0.5158,0.8529,-0.0097,0.5147,0.8573,-0.2575,0.0676,0.2922,Bright,
39.7006,3.6314,4.4414,0.0000,0.0000,0.0575,0.5270,0.8479,-0.0807,0.5163,0.8526,-0.0093,0.5152,0.8570,-0.2576,0.0676,0.2922,Bright,
39.7118,3.6331,4.4510,0.0000,0.0000,0.0574,0.5265,0.8482,-0.0809,0.5158,0.8529,-0.0094,0.5147,0.8573,-0.2576,0.0676,0.2921,Bright,
39.7229,3.6221,4.4675,0.0000,0.0000,0.0585,0.5276,0.8475,-0.0799,0.5169,0.8523,-0.0084,0.5158,0.8567,-0.2576,0.0676,0.2921,Bright,
39.7340,3.6311,4.4719,0.0000,0.0000,0.0590,0.5280,0.8472,-0.0794,0.5174,0.8520,-0.0079,0.5162,0.8564,-0.2575,0.0676,0.2921,Bright,
39.7456,3.6380,4.4532,0.0000,0.0000,0.0594,0.5286,0.8468,-0.0790,0.5179,0.8518,-0.0075,0.5168,0.8561,-0.2575,0.0676,0.2921,Bright,
39.7562,3.6289,4.4399,0.0000,0.0000,0.0602,0.5294,0.8462,-0.0783,0.5188,0.8513,-0.0067,0.5176,0.8556,-0.2575,0.0676,0.2921,Bright,
39.7676,3.6221,4.4443,0.0000,0.0000,0.0608,0.5300,0.8458,-0.0778,0.5195,0.8510,-0.0061,0.5182,0.8552,-0.2575,0.0676,0.2921,Bright,
39.7786,3.6156,4.4508,0.0000,0.0000,0.0613,0.5305,0.8455,-0.0773,0.5200,0.8507,-0.0056,0.5188,0.8549,-0.2575,0.0676,0.2921,Bright,
39.7897,3.6051,4.4639,0.0000,0.0000,0.0626,0.5313,0.8449,-0.0761,0.5210,0.8502,-0.0044,0.5197,0.8544,-0.2574,0.0677,0.2921,Bright,
39.8009,3.6057,4.4672,0.0000,0.0000,0.0635,0.5318,0.8445,-0.0753,0.5215,0.8499,-0.0035,0.5202,0.8541,-0.2574,0.0677,0.2920,Bright,
39.8120,3.6067,4.4532,0.0000,0.0000,0.0642,0.5320,0.8443,-0.0747,0.5218,0.8498,-0.0029,0.5204,0.8539,-0.2574,0.0677,0.2920,Bright,
39.8231,3.6157,4.4398,0.0000,0.0000,0.0653,0.5323,0.8440,-0.0736,0.5222,0.8497,-0.0018,0.5208,0.8537,-0.2573,0.0677,0.2921,Bright,
39.8342,3.6210,4.4393,0.0000,0.0000,0.0658,0.5324,0.8439,-0.0732,0.5223,0.8496,-0.0013,0.5209,0.8536,-0.2573,0.0677,0.2920,Bright,
39.8457,3.6250,4.4344,0.0000,0.0000,0.0662,0.5324,0.8439,-0.0728,0.5224,0.8496,-0.0009,0.5209,0.8536,-0.2572,0.0677,0.2920,Bright,
39.8565,3.6198,4.4357,0.0000,0.0000,0.0671,0.5329,0.8435,-0.0719,0.5229,0.8494,0.0000,0.5214,0.8533,-0.2572,0.0677,0.2921,Bright,
39.8677,3.6122,4.4385,0.0000,0.0000,0.0677,0.5329,0.8435,-0.0714,0.5230,0.8494,0.0006,0.5215,0.8533,-0.2571,0.0676,0.2921,Bright,
39.8789,3.6059,4.4421,0.0000,0.0000,0.0681,0.5328,0.8435,-0.0710,0.5229,0.8494,0.0010,0.5214,0.8533,-0.2571,0.0676,0.2921,Bright,
39.8904,3.6013,4.4445,0.0000,0.0000,0.0688,0.5330,0.8433,-0.0705,0.5231,0.8494,0.0016,0.5216,0.8532,-0.2570,0.0676,0.2921,Bright,
39.9011,3.5915,4.4431,0.0000,0.0000,0.0692,0.5330,0.8433,-0.0702,0.5231,0.8494,0.0019,0.5215,0.8532,-0.2570,0.0675,0.2921,Bright,
39.9122,3.5838,4.4397,0.0000,0.0000,0.0695,0.5329,0.8433,-0.0700,0.5230,0.8495,0.0022,0.5214,0.8533,-0.2570,0.0675,0.2921,Bright,
39.9234,3.5861,4.4326,0.0000,0.0000,0.0695,0.5328,0.8434,-0.0700,0.5228,0.8496,0.0022,0.5213,0.8534,-0.2570,0.0675,0.2921,Bright,
39.9345,3.5799,4.4296,0.0000,0.0000,0.0695,0.5328,0.8434,-0.0700,0.5228,0.8496,0.0022,0.5213,0.8534,-0.2569,0.0674,0.2920,Bright,
39.9456,3.5730,4.4254,0.0000,0.0000,0.0695,0.5326,0.8435,-0.0702,0.5226,0.8497,0.0021,0.5211,0.8535,-0.2569,0.0674,0.2920,Bright,
39.9569,3.5707,4.4185,0.0000,0.0000,0.0693,0.5325,0.8436,-0.0703,0.5225,0.8497,0.0019,0.5210,0.8535,-0.2570,0.0674,0.2920,Bright,
39.9680,3.5686,4.4130,0.0000,0.0000,0.0691,0.5326,0.8436,-0.0706,0.5226,0.8497,0.0017,0.5211,0.8535,-0.2570,0.0674,0.2920,Bright,
39.9811,3.5681,4.4120,0.0000,0.0000,0.0686,0.5325,0.8436,-0.0711,0.5225,0.8497,0.0012,0.5210,0.8536,-0.2570,0.0675,0.2920,Bright,
39.9907,3.5685,4.4202,0.0000,0.0000,0.0682,0.5325,0.8437,-0.0715,0.5225,0.8496,0.0007,0.5210,0.8536,-0.2570,0.0675,0.2920,Bright,
40.0018,3.5659,4.4275,0.0000,0.0000,0.0678,0.5325,0.8437,-0.0719,0.5224,0.8497,0.0004,0.5210,0.8536,-0.2570,0.0674,0.2920,Bright,
40.0125,3.5845,4.4268,0.0000,0.0000,0.0669,0.5321,0.8440,-0.0727,0.5220,0.8499,-0.0005,0.5205,0.8538,-0.2571,0.0675,0.2920,Bright,
40.0239,3.6019,4.4292,0.0000,0.0000,0.0667,0.5319,0.8442,-0.0728,0.5218,0.8500,-0.0006,0.5203,0.8540,-0.2571,0.0675,0.2920,Bright,
40.0347,3.6247,4.4306,0.0000,0.0000,0.0664,0.5321,0.8441,-0.0729,0.5219,0.8499,-0.0008,0.5205,0.8539,-0.2571,0.0675,0.2920,Bright,
40.0460,3.6463,4.4523,0.0000,0.0000,0.0662,0.5311,0.8447,-0.0743,0.5209,0.8504,-0.0016,0.5194,0.8545,-0.2571,0.0675,0.2920,Bright,
40.0573,3.6463,4.4659,0.0000,0.0000,0.0663,0.5307,0.8450,-0.0746,0.5204,0.8507,-0.0017,0.5189,0.8548,-0.2571,0.0675,0.2920,Bright,
40.0682,3.6377,4.4761,0.0000,0.0000,0.0665,0.5307,0.8449,-0.0749,0.5204,0.8507,-0.0018,0.5190,0.8548,-0.2571,0.0675,0.2920,Bright,
40.0793,3.6297,4.4701,0.0000,0.0000,0.0666,0.5299,0.8455,-0.0754,0.5195,0.8512,-0.0020,0.5181,0.8553,-0.2571,0.0675,0.2920,Bright,
40.0910,3.6306,4.4561,0.0000,0.0000,0.0666,0.5294,0.8457,-0.0757,0.5190,0.8514,-0.0021,0.5176,0.8556,-0.2571,0.0675,0.2920,Bright,
40.1019,3.6296,4.4444,0.0000,0.0000,0.0665,0.5289,0.8461,-0.0759,0.5184,0.8518,-0.0023,0.5170,0.8560,-0.2571,0.0675,0.2920,Bright,
40.1128,3.6342,4.4371,0.0000,0.0000,0.0665,0.5281,0.8466,-0.0763,0.5176,0.8522,-0.0024,0.5162,0.8565,-0.2571,0.0675,0.2920,Bright,
40.1239,3.6380,4.4371,0.0000,0.0000,0.0665,0.5278,0.8467,-0.0765,0.5173,0.8524,-0.0026,0.5159,0.8567,-0.2571,0.0675,0.2921,Bright,
40.1353,3.6238,4.4267,0.0000,0.0000,0.0668,0.5271,0.8471,-0.0768,0.5165,0.8528,-0.0025,0.5151,0.8571,-0.2571,0.0674,0.2921,Bright,
40.1462,3.6124,4.4242,0.0000,0.0000,0.0673,0.5266,0.8474,-0.0767,0.5160,0.8532,-0.0022,0.5146,0.8574,-0.2571,0.0674,0.2921,Bright,
40.1576,3.6028,4.4218,0.0000,0.0000,0.0672,0.5263,0.8477,-0.0770,0.5156,0.8534,-0.0024,0.5142,0.8577,-0.2571,0.0674,0.2921,Bright,
40.1684,3.5852,4.4014,0.0000,0.0000,0.0677,0.5256,0.8481,-0.0772,0.5148,0.8538,-0.0023,0.5134,0.8581,-0.2570,0.0674,0.2921,Bright,
40.1795,3.5813,4.3983,0.0000,0.0000,0.0686,0.5253,0.8482,-0.0766,0.5146,0.8540,-0.0015,0.5131,0.8583,-0.2570,0.0674,0.2922,Bright,
40.1907,3.5788,4.3961,0.0000,0.0000,0.0685,0.5249,0.8484,-0.0771,0.5142,0.8542,-0.0018,0.5128,0.8585,-0.2570,0.0674,0.2922,Bright,
40.2019,3.5796,4.3718,0.0000,0.0000,0.0693,0.5243,0.8487,-0.0770,0.5135,0.8546,-0.0013,0.5120,0.8590,-0.2571,0.0674,0.2922,Bright,
40.2131,3.5815,4.3759,0.0000,0.0000,0.0697,0.5240,0.8488,-0.0770,0.5132,0.8548,-0.0011,0.5118,0.8591,-0.2571,0.0674,0.2922,Bright,
40.2247,3.5765,4.3797,0.0000,0.0000,0.0699,0.5239,0.8489,-0.0771,0.5131,0.8549,-0.0010,0.5116,0.8592,-0.2571,0.0674,0.2923,Bright,
40.2366,3.5599,4.3766,0.0000,0.0000,0.0704,0.5238,0.8489,-0.0773,0.5129,0.8550,-0.0009,0.5115,0.8593,-0.2570,0.0673,0.2923,Bright,
40.2464,3.5501,4.3623,0.0000,0.0000,0.0706,0.5237,0.8490,-0.0773,0.5128,0.8550,-0.0008,0.5113,0.8594,-0.2570,0.0674,0.2923,Bright,
40.2577,3.5429,4.3495,0.0000,0.0000,0.0709,0.5236,0.8490,-0.0773,0.5127,0.8551,-0.0006,0.5112,0.8594,-0.2571,0.0674,0.2923,Bright,
40.2688,3.5406,4.3303,0.0000,0.0000,0.0715,0.5234,0.8491,-0.0769,0.5125,0.8552,-0.0002,0.5110,0.8596,-0.2571,0.0673,0.2923,Bright,
40.2799,3.5436,4.3214,0.0000,0.0000,0.0716,0.5233,0.8491,-0.0769,0.5124,0.8553,-0.0001,0.5109,0.8596,-0.2571,0.0673,0.2923,Bright,
40.2909,3.5365,4.3156,0.0000,0.0000,0.0718,0.5232,0.8492,-0.0768,0.5123,0.8554,0.0000,0.5108,0.8597,-0.2571,0.0673,0.2923,Bright,
40.3025,3.5294,4.3020,0.0000,0.0000,0.0718,0.5231,0.8492,-0.0769,0.5122,0.8554,0.0000,0.5107,0.8597,-0.2572,0.0673,0.2923,Bright,
40.3133,3.5288,4.3036,0.0000,0.0000,0.0718,0.5230,0.8493,-0.0770,0.5121,0.8555,0.0000,0.5106,0.8598,-0.2572,0.0673,0.2924,Bright,
40.3245,3.5242,4.3057,0.0000,0.0000,0.0717,0.5229,0.8494,-0.0772,0.5119,0.8556,-0.0002,0.5105,0.8599,-0.2572,0.0673,0.2924,Bright,
40.3356,3.5169,4.2975,0.0000,0.0000,0.0713,0.5226,0.8496,-0.0776,0.5116,0.8557,-0.0006,0.5102,0.8601,-0.2573,0.0673,0.2924,Bright,
40.3466,3.5130,4.2905,0.0000,0.0000,0.0710,0.5224,0.8497,-0.0779,0.5114,0.8558,-0.0009,0.5099,0.8602,-0.2573,0.0673,0.2924,Bright,
40.3579,3.5148,4.2843,0.0000,0.0000,0.0708,0.5222,0.8499,-0.0782,0.5112,0.8559,-0.0012,0.5098,0.8603,-0.2573,0.0673,0.2924,Bright,
40.3692,3.5220,4.2750,0.0000,0.0000,0.0702,0.5222,0.8499,-0.0787,0.5111,0.8559,-0.0017,0.5097,0.8604,-0.2574,0.0673,0.2924,Bright,
40.3800,3.5264,4.2665,0.0000,0.0000,0.0702,0.5221,0.8500,-0.0787,0.5110,0.8559,-0.0017,0.5096,0.8604,-0.2574,0.0673,0.2924,Bright,
40.3915,3.5251,4.2599,0.0000,0.0000,0.0699,0.5221,0.8500,-0.0790,0.5110,0.8560,-0.0020,0.5096,0.8604,-0.2575,0.0673,0.2924,Bright,
40.4025,3.5233,4.2573,0.0000,0.0000,0.0697,0.5221,0.8500,-0.0792,0.5110,0.8559,-0.0022,0.5096,0.8604,-0.2575,0.0673,0.2924,Bright,
40.4137,3.5020,4.2487,0.0000,0.0000,0.0694,0.5220,0.8501,-0.0793,0.5108,0.8560,-0.0024,0.5095,0.8605,-0.2575,0.0673,0.2924,Bright,
40.4247,3.4947,4.2436,0.0000,0.0000,0.0691,0.5218,0.8503,-0.0795,0.5106,0.8561,-0.0027,0.5093,0.8606,-0.2576,0.0673,0.2924,Bright,
40.4364,3.4897,4.2499,0.0000,0.0000,0.0687,0.5217,0.8504,-0.0799,0.5106,0.8561,-0.0030,0.5092,0.8606,-0.2576,0.0673,0.2924,Bright,
40.4469,3.4729,4.2661,0.0000,0.0000,0.0680,0.5213,0.8507,-0.0804,0.5100,0.8564,-0.0037,0.5087,0.8609,-0.2576,0.0673,0.2924,Bright,
40.4580,3.4702,4.2753,0.0000,0.0000,0.0676,0.5210,0.8508,-0.0807,0.5098,0.8565,-0.0040,0.5085,0.8611,-0.2576,0.0673,0.2924,Bright,
40.4694,3.4684,4.2788,0.0000,0.0000,0.0673,0.5207,0.8511,-0.0809,0.5095,0.8567,-0.0043,0.5082,0.8612,-0.2576,0.0673,0.2924,Bright,
40.4804,3.4781,4.2776,0.0000,0.0000,0.0667,0.5202,0.8515,-0.0815,0.5088,0.8570,-0.0049,0.5076,0.8616,-0.2577,0.0673,0.2924,Bright,
40.4915,3.4801,4.2748,0.0000,0.0000,0.0665,0.5198,0.8517,-0.0817,0.5085,0.8572,-0.0051,0.5072,0.8618,-0.2577,0.0673,0.2924,Bright,
40.5026,3.4812,4.2694,0.0000,0.0000,0.0664,0.5195,0.8519,-0.0817,0.5082,0.8574,-0.0052,0.5069,0.8620,-0.2577,0.0673,0.2924,Bright,
40.5138,3.4885,4.2692,0.0000,0.0000,0.0660,0.5191,0.8521,-0.0820,0.5077,0.8576,-0.0055,0.5065,0.8622,-0.2577,0.0673,0.2924,Bright,
40.5249,3.4851,4.2727,0.0000,0.0000,0.0657,0.5188,0.8524,-0.0823,0.5074,0.8578,-0.0058,0.5062,0.8624,-0.2577,0.0673,0.2924,Bright,
40.5360,3.4823,4.2738,0.0000,0.0000,0.0656,0.5188,0.8524,-0.0823,0.5073,0.8578,-0.0059,0.5061,0.8624,-0.2577,0.0672,0.2923,Bright,
40.5472,3.4773,4.2770,0.0000,0.0000,0.0651,0.5184,0.8527,-0.0826,0.5069,0.8580,-0.0063,0.5057,0.8627,-0.2577,0.0673,0.2923,Bright,
40.5583,3.4828,4.2784,0.0000,0.0000,0.0648,0.5183,0.8527,-0.0827,0.5069,0.8580,-0.0064,0.5057,0.8627,-0.2577,0.0673,0.2923,Bright,
40.5696,3.4879,4.2809,0.0000,0.0000,0.0646,0.5184,0.8527,-0.0828,0.5070,0.8580,-0.0066,0.5058,0.8626,-0.2577,0.0673,0.2923,Bright,
40.5805,3.4926,4.2825,0.0000,0.0000,0.0644,0.5186,0.8526,-0.0828,0.5072,0.8579,-0.0067,0.5060,0.8625,-0.2576,0.0673,0.2923,Bright,
40.5916,3.4968,4.2816,0.0000,0.0000,0.0644,0.5185,0.8526,-0.0827,0.5072,0.8579,-0.0066,0.5059,0.8625,-0.2576,0.0674,0.2923,Bright,
40.6031,3.5055,4.2744,0.0000,0.0000,0.0646,0.5183,0.8528,-0.0823,0.5069,0.8580,-0.0064,0.5057,0.8627,-0.2576,0.0674,0.2923,Bright,
40.6140,3.5106,4.2759,0.0000,0.0000,0.0647,0.5180,0.8530,-0.0821,0.5067,0.8582,-0.0062,0.5054,0.8629,-0.2576,0.0674,0.2923,Bright,
40.6256,3.5109,4.2776,0.0000,0.0000,0.0646,0.5175,0.8532,-0.0821,0.5062,0.8585,-0.0063,0.5050,0.8631,-0.2575,0.0674,0.2923,Bright,
40.6362,3.5195,4.3002,0.0000,0.0000,0.0646,0.5170,0.8535,-0.0819,0.5058,0.8588,-0.0062,0.5045,0.8634,-0.2575,0.0674,0.2923,Bright,
40.6474,3.5266,4.3003,0.0000,0.0000,0.0647,0.5169,0.8536,-0.0818,0.5056,0.8589,-0.0061,0.5043,0.8635,-0.2574,0.0673,0.2923,Bright,
40.6587,3.5289,4.2993,0.0000,0.0000,0.0648,0.5167,0.8537,-0.0816,0.5054,0.8590,-0.0059,0.5042,0.8636,-0.2574,0.0673,0.2923,Bright,
40.6697,3.5411,4.2853,0.0000,0.0000,0.0650,0.5165,0.8538,-0.0814,0.5053,0.8591,-0.0058,0.5040,0.8637,-0.2574,0.0673,0.2923,Bright,
40.6808,3.5487,4.2968,0.0000,0.0000,0.0681,0.5169,0.8534,-0.0778,0.5059,0.8590,-0.0023,0.5045,0.8634,-0.2573,0.0673,0.2924,Bright,
40.6918,3.5390,4.3077,0.0000,0.0000,0.0878,0.5126,0.8541,-0.0595,0.5030,0.8623,0.0169,0.5008,0.8654,-0.2573,0.0673,0.2924,Bright,
40.7032,3.5319,4.3276,0.0000,0.0000,0.1152,0.5069,0.8543,-0.0310,0.4993,0.8659,0.0450,0.4960,0.8671,-0.2574,0.0673,0.2924,Bright,
40.7153,3.5327,4.3404,0.0000,0.0000,0.1213,0.5060,0.8539,-0.0237,0.4990,0.8663,0.0518,0.4955,0.8671,-0.2573,0.0673,0.2924,Bright,
40.7255,3.5339,4.3563,0.0000,0.0000,0.1208,0.5061,0.8540,-0.0221,0.4991,0.8662,0.0523,0.4957,0.8669,-0.2573,0.0673,0.2924,Bright,
40.7364,3.5411,4.3619,0.0000,0.0000,0.1218,0.5061,0.8539,-0.0205,0.4992,0.8662,0.0536,0.4957,0.8668,-0.2573,0.0673,0.2924,Bright,
40.7482,3.5463,4.3620,0.0000,0.0000,0.1202,0.5073,0.8534,-0.0212,0.5004,0.8655,0.0524,0.4970,0.8662,-0.2573,0.0673,0.2924,Bright,
40.7590,3.5409,4.3612,0.0000,0.0000,0.1197,0.5073,0.8534,-0.0208,0.5005,0.8655,0.0523,0.4971,0.8661,-0.2573,0.0673,0.2923,Bright,
40.7699,3.5206,4.3484,0.0000,0.0000,0.1193,0.5076,0.8533,-0.0192,0.5010,0.8652,0.0529,0.4976,0.8658,-0.2573,0.0673,0.2923,Bright,
40.7811,3.5076,4.3361,0.0000,0.0000,0.1188,0.5075,0.8534,-0.0185,0.5010,0.8653,0.0529,0.4976,0.8658,-0.2573,0.0673,0.2923,Bright,
40.7927,3.5219,4.3275,0.0000,0.0000,0.1168,0.5082,0.8533,-0.0184,0.5017,0.8648,0.0519,0.4984,0.8654,-0.2573,0.0673,0.2923,Bright,
40.8034,3.5236,4.3292,0.0000,0.0000,0.1160,0.5079,0.8536,-0.0183,0.5014,0.8650,0.0516,0.4981,0.8656,-0.2573,0.0673,0.2923,Bright,
40.8145,3.5253,4.3297,0.0000,0.0000,0.1153,0.5076,0.8538,-0.0182,0.5012,0.8652,0.0512,0.4979,0.8657,-0.2573,0.0674,0.2923,Bright,
40.8257,3.5188,4.3317,0.0000,0.0000,0.1184,0.5074,0.8535,-0.0138,0.5013,0.8652,0.0550,0.4979,0.8655,-0.2573,0.0674,0.2923,Bright,
40.8370,3.5139,4.3223,0.0000,0.0000,0.1168,0.5073,0.8538,-0.0149,0.5011,0.8652,0.0536,0.4978,0.8657,-0.2573,0.0674,0.2922,Bright,
40.8478,3.5146,4.3137,0.0000,0.0000,0.1152,0.5071,0.8541,-0.0160,0.5009,0.8654,0.0522,0.4976,0.8659,-0.2573,0.0674,0.2922,Bright,
40.8590,3.5153,4.3135,0.0000,0.0000,0.1127,0.5066,0.8548,-0.0177,0.5003,0.8657,0.0501,0.4971,0.8663,-0.2572,0.0674,0.2922,Bright,
40.8701,3.5162,4.3175,0.0000,0.0000,0.1116,0.5064,0.8550,-0.0183,0.5001,0.8658,0.0492,0.4968,0.8664,-0.2572,0.0674,0.2922,Bright,
40.8818,3.5173,4.3215,0.0000,0.0000,0.1108,0.5062,0.8553,-0.0188,0.4998,0.8659,0.0485,0.4966,0.8666,-0.2572,0.0674,0.2923,Bright,
40.8924,3.5231,4.3291,0.0000,0.0000,0.1094,0.5059,0.8556,-0.0197,0.4995,0.8661,0.0474,0.4963,0.8668,-0.2572,0.0674,0.2923,Bright,
40.9035,3.5276,4.3115,0.0000,0.0000,0.1091,0.5058,0.8557,-0.0197,0.4994,0.8662,0.0473,0.4962,0.8669,-0.2571,0.0674,0.2923,Bright,
40.9148,3.5306,4.3014,0.0000,0.0000,0.1090,0.5053,0.8560,-0.0193,0.4988,0.8665,0.0474,0.4957,0.8672,-0.2571,0.0674,0.2923,Bright,
40.9259,3.5203,4.3065,0.0000,0.0000,0.1088,0.5050,0.8563,-0.0194,0.4985,0.8667,0.0472,0.4954,0.8674,-0.2571,0.0674,0.2923,Bright,
40.9372,3.5113,4.2994,0.0000,0.0000,0.1085,0.5046,0.8565,-0.0195,0.4982,0.8668,0.0470,0.4951,0.8676,-0.2570,0.0674,0.2923,Bright,
40.9482,3.5019,4.2890,0.0000,0.0000,0.1078,0.5041,0.8569,-0.0199,0.4976,0.8672,0.0465,0.4945,0.8679,-0.2570,0.0674,0.2924,Bright,
40.9592,3.4977,4.2831,0.0000,0.0000,0.1076,0.5037,0.8572,-0.0200,0.4972,0.8674,0.0463,0.4941,0.8682,-0.2570,0.0674,0.2924,Bright,
40.9704,3.4952,4.2758,0.0000,0.0000,0.1073,0.5033,0.8574,-0.0201,0.4968,0.8676,0.0461,0.4938,0.8684,-0.2570,0.0673,0.2924,Bright,
40.9817,3.4916,4.2739,0.0000,0.0000,0.1067,0.5026,0.8579,-0.0203,0.4961,0.8680,0.0457,0.4931,0.8688,-0.2569,0.0674,0.2924,Bright,
40.9928,3.4903,4.2765,0.0000,0.0000,0.1057,0.5018,0.8585,-0.0212,0.4952,0.8685,0.0447,0.4922,0.8693,-0.2569,0.0674,0.2925,Bright,
41.0038,3.4895,4.2718,0.0000,0.0000,0.1042,0.5006,0.8594,-0.0225,0.4939,0.8692,0.0433,0.4910,0.8701,-0.2569,0.0673,0.2925,Bright,
41.0150,3.4829,4.2709,0.0000,0.0000,0.1006,0.4977,0.8615,-0.0259,0.4908,0.8709,0.0398,0.4879,0.8720,-0.2569,0.0674,0.2925,Bright,
41.0261,3.4817,4.2734,0.0000,0.0000,0.0988,0.4963,0.8625,-0.0276,0.4893,0.8717,0.0380,0.4865,0.8729,-0.2568,0.0674,0.2925,Bright,
41.0373,3.4809,4.2693,0.0000,0.0000,0.0969,0.4950,0.8635,-0.0293,0.4879,0.8724,0.0362,0.4851,0.8737,-0.2568,0.0673,0.2926,Bright,
41.0486,3.4871,4.2593,0.0000,0.0000,0.0934,0.4924,0.8653,-0.0326,0.4851,0.8738,0.0328,0.4825,0.8753,-0.2568,0.0673,0.2926,Bright,
41.0597,3.4884,4.2532,0.0000,0.0000,0.0919,0.4913,0.8662,-0.0340,0.4838,0.8745,0.0313,0.4812,0.8760,-0.2567,0.0673,0.2926,Bright,
41.0706,3.4892,4.2444,0.0000,0.0000,0.0916,0.4910,0.8663,-0.0342,0.4836,0.8746,0.0310,0.4810,0.8762,-0.2567,0.0673,0.2927,Bright,
41.0820,3.4709,4.2348,0.0000,0.0000,0.0887,0.4887,0.8679,-0.0369,0.4811,0.8759,0.0282,0.4785,0.8776,-0.2567,0.0673,0.2927,Bright,
41.0931,3.4624,4.2328,0.0000,0.0000,0.0876,0.4877,0.8686,-0.0380,0.4800,0.8764,0.0271,0.4775,0.8782,-0.2567,0.0673,0.2927,Bright,
41.1040,3.4559,4.2294,0.0000,0.0000,0.0864,0.4868,0.8692,-0.0390,0.4790,0.8769,0.0260,0.4766,0.8787,-0.2566,0.0673,0.2927,Bright,
41.1152,3.4486,4.2229,0.0000,0.0000,0.0844,0.4852,0.8703,-0.0408,0.4774,0.8777,0.0241,0.4750,0.8797,-0.2566,0.0673,0.2928,Bright,
41.1265,3.4501,4.2196,0.0000,0.0000,0.0833,0.4844,0.8709,-0.0417,0.4765,0.8782,0.0231,0.4741,0.8801,-0.2566,0.0673,0.2928,Bright,
41.1376,3.4515,4.2085,0.0000,0.0000,0.0824,0.4837,0.8714,-0.0426,0.4757,0.8786,0.0221,0.4734,0.8806,-0.2566,0.0673,0.2928,Bright,
41.1486,3.4447,4.1972,0.0000,0.0000,0.0801,0.4822,0.8724,-0.0447,0.4741,0.8794,0.0200,0.4718,0.8815,-0.2566,0.0673,0.2928,Bright,
41.1598,3.4337,4.1958,0.0000,0.0000,0.0790,0.4815,0.8729,-0.0457,0.4734,0.8797,0.0189,0.4711,0.8819,-0.2566,0.0673,0.2928,Bright,
41.1709,3.4246,4.1854,0.0000,0.0000,0.0779,0.4808,0.8733,-0.0468,0.4726,0.8800,0.0178,0.4704,0.8823,-0.2566,0.0673,0.2929,Bright,
41.1821,3.4220,4.1738,0.0000,0.0000,0.0759,0.4795,0.8743,-0.0486,0.4711,0.8807,0.0158,0.4690,0.8831,-0.2566,0.0673,0.2929,Bright,
41.1943,3.4186,4.1708,0.0000,0.0000,0.0749,0.4788,0.8747,-0.0496,0.4704,0.8810,0.0149,0.4683,0.8834,-0.2566,0.0673,0.2929,Bright,
41.2047,3.4258,4.1723,0.0000,0.0000,0.0729,0.4777,0.8755,-0.0516,0.4692,0.8816,0.0129,0.4671,0.8841,-0.2566,0.0673,0.2929,Bright,
41.2155,3.4332,4.1710,0.0000,0.0000,0.0720,0.4772,0.8759,-0.0525,0.4686,0.8818,0.0119,0.4665,0.8844,-0.2566,0.0673,0.2930,Bright,
41.2266,3.4206,4.1695,0.0000,0.0000,0.0711,0.4767,0.8762,-0.0534,0.4681,0.8821,0.0110,0.4660,0.8847,-0.2565,0.0672,0.2930,Bright,
41.2380,3.4101,4.1594,0.0000,0.0000,0.0696,0.4757,0.8768,-0.0550,0.4670,0.8825,0.0095,0.4650,0.8853,-0.2565,0.0672,0.2930,Bright,
41.2490,3.4102,4.1465,0.0000,0.0000,0.0691,0.4752,0.8771,-0.0555,0.4665,0.8828,0.0090,0.4645,0.8855,-0.2565,0.0672,0.2930,Bright,
41.2600,3.4028,4.1363,0.0000,0.0000,0.0684,0.4744,0.8776,-0.0562,0.4656,0.8832,0.0082,0.4637,0.8860,-0.2565,0.0672,0.2931,Bright,
41.2712,3.4071,4.1450,0.0000,0.0000,0.0671,0.4738,0.8781,-0.0575,0.4649,0.8835,0.0070,0.4630,0.8863,-0.2565,0.0672,0.2931,Bright,
41.2823,3.4140,4.1363,0.0000,0.0000,0.0666,0.4734,0.8783,-0.0580,0.4645,0.8837,0.0064,0.4626,0.8865,-0.2565,0.0672,0.2931,Bright,
41.2936,3.4188,4.1295,0.0000,0.0000,0.0659,0.4729,0.8787,-0.0587,0.4639,0.8839,0.0057,0.4620,0.8868,-0.2565,0.0672,0.2931,Bright,
41.3053,3.4077,4.1336,0.0000,0.0000,0.0649,0.4726,0.8789,-0.0595,0.4636,0.8841,0.0048,0.4617,0.8870,-0.2565,0.0672,0.2931,Bright,
41.3156,3.3979,4.1256,0.0000,0.0000,0.0643,0.4724,0.8790,-0.0601,0.4633,0.8842,0.0043,0.4615,0.8871,-0.2565,0.0672,0.2931,Bright,
41.3269,3.3887,4.1199,0.0000,0.0000,0.0638,0.4720,0.8793,-0.0605,0.4628,0.8844,0.0038,0.4610,0.8874,-0.2564,0.0672,0.2931,Bright,
41.3380,3.3907,4.1124,0.0000,0.0000,0.0626,0.4715,0.8796,-0.0616,0.4623,0.8846,0.0027,0.4605,0.8876,-0.2564,0.0672,0.2931,Bright,
41.3491,3.3902,4.1086,0.0000,0.0000,0.0620,0.4712,0.8798,-0.0621,0.4620,0.8847,0.0021,0.4603,0.8878,-0.2564,0.0673,0.2932,Bright,
41.3604,3.3958,4.1147,0.0000,0.0000,0.0609,0.4708,0.8801,-0.0633,0.4616,0.8848,0.0009,0.4598,0.8880,-0.2564,0.0673,0.2931,Bright,
41.3716,3.3995,4.1095,0.0000,0.0000,0.0604,0.4707,0.8802,-0.0637,0.4615,0.8849,0.0004,0.4597,0.8881,-0.2563,0.0673,0.2931,Bright,
41.3824,3.3935,4.1050,0.0000,0.0000,0.0597,0.4706,0.8803,-0.0643,0.4613,0.8849,-0.0002,0.4596,0.8881,-0.2563,0.0673,0.2932,Bright,
41.3938,3.3888,4.1068,0.0000,0.0000,0.0586,0.4706,0.8804,-0.0653,0.4613,0.8849,-0.0012,0.4596,0.8881,-0.2563,0.0673,0.2932,Bright,
41.4048,3.3888,4.1099,0.0000,0.0000,0.0581,0.4707,0.8804,-0.0658,0.4613,0.8848,-0.0018,0.4597,0.8881,-0.2563,0.0674,0.2932,Bright,
41.4159,3.3882,4.1130,0.0000,0.0000,0.0579,0.4709,0.8803,-0.0660,0.4616,0.8846,-0.0020,0.4599,0.8880,-0.2562,0.0674,0.2932,Bright,
41.4270,3.3910,4.1028,0.0000,0.0000,0.0589,0.4726,0.8793,-0.0649,0.4634,0.8838,-0.0009,0.4617,0.8870,-0.2562,0.0674,0.2932,Bright,
41.4382,3.3927,4.1036,0.0000,0.0000,0.0599,0.4737,0.8786,-0.0638,0.4646,0.8832,0.0001,0.4628,0.8864,-0.2561,0.0674,0.2932,Bright,
41.4493,3.3891,4.1044,0.0000,0.0000,0.0601,0.4740,0.8785,-0.0635,0.4649,0.8831,0.0003,0.4631,0.8863,-0.2561,0.0674,0.2932,Bright,
41.4605,3.3877,4.1067,0.0000,0.0000,0.0614,0.4757,0.8775,-0.0622,0.4667,0.8822,0.0017,0.4649,0.8854,-0.2560,0.0674,0.2932,Bright,
41.4717,3.3890,4.1095,0.0000,0.0000,0.0622,0.4765,0.8770,-0.0614,0.4675,0.8818,0.0025,0.4657,0.8849,-0.2560,0.0674,0.2931,Bright,
41.4826,3.3889,4.1111,0.0000,0.0000,0.0630,0.4772,0.8765,-0.0605,0.4683,0.8815,0.0033,0.4665,0.8845,-0.2560,0.0674,0.2932,Bright,
41.4939,3.3929,4.1049,0.0000,0.0000,0.0645,0.4790,0.8754,-0.0590,0.4702,0.8806,0.0049,0.4683,0.8835,-0.2559,0.0674,0.2931,Bright,
41.5051,3.3957,4.1103,0.0000,0.0000,0.0652,0.4797,0.8750,-0.0583,0.4710,0.8802,0.0056,0.4691,0.8831,-0.2559,0.0674,0.2931,Bright,
41.5165,3.3954,4.1150,0.0000,0.0000,0.0658,0.4803,0.8746,-0.0577,0.4716,0.8799,0.0062,0.4696,0.8828,-0.2559,0.0674,0.2931,Bright,
41.5272,3.4052,4.1100,0.0000,0.0000,0.0665,0.4816,0.8739,-0.0569,0.4729,0.8793,0.0069,0.4710,0.8821,-0.2558,0.0674,0.2931,Bright,
41.5428,3.4197,4.1035,0.0000,0.0000,0.0670,0.4828,0.8732,-0.0564,0.4741,0.8786,0.0075,0.4722,0.8815,-0.2558,0.0673,0.2930,Bright,
41.5497,3.4197,4.1035,0.0000,0.0000,0.0670,0.4828,0.8732,-0.0564,0.4742,0.8786,0.0074,0.4722,0.8814,-0.2558,0.0674,0.2930,Bright,
41.5608,3.4162,4.0995,0.0000,0.0000,0.0674,0.4840,0.8725,-0.0559,0.4754,0.8780,0.0079,0.4734,0.8808,-0.2558,0.0674,0.2930,Bright,
41.5720,3.4080,4.1069,0.0000,0.0000,0.0674,0.4845,0.8722,-0.0559,0.4759,0.8777,0.0079,0.4740,0.8805,-0.2558,0.0674,0.2929,Bright,
41.5829,3.3946,4.1131,0.0000,0.0000,0.0676,0.4851,0.8718,-0.0557,0.4766,0.8774,0.0081,0.4746,0.8802,-0.2558,0.0674,0.2929,Bright,
41.5945,3.3960,4.1305,0.0000,0.0000,0.0679,0.4863,0.8712,-0.0553,0.4778,0.8767,0.0084,0.4758,0.8795,-0.2559,0.0675,0.2929,Bright,
41.6054,3.4075,4.1367,0.0000,0.0000,0.0680,0.4869,0.8708,-0.0552,0.4784,0.8764,0.0085,0.4764,0.8792,-0.2559,0.0675,0.2928,Bright,
41.6165,3.4283,4.1396,0.0000,0.0000,0.0680,0.4881,0.8701,-0.0551,0.4796,0.8758,0.0086,0.4776,0.8785,-0.2559,0.0675,0.2928,Bright,
41.6277,3.4300,4.1381,0.0000,0.0000,0.0680,0.4888,0.8698,-0.0552,0.4803,0.8754,0.0085,0.4783,0.8781,-0.2558,0.0675,0.2928,Bright,
41.6389,3.4292,4.1433,0.0000,0.0000,0.0679,0.4895,0.8694,-0.0553,0.4810,0.8750,0.0084,0.4790,0.8778,-0.2558,0.0675,0.2928,Bright,
41.6499,3.4244,4.1409,0.0000,0.0000,0.0681,0.4905,0.8687,-0.0551,0.4821,0.8744,0.0086,0.4801,0.8772,-0.2558,0.0676,0.2928,Bright,
41.6611,3.4258,4.1351,0.0000,0.0000,0.0683,0.4910,0.8684,-0.0550,0.4826,0.8741,0.0088,0.4806,0.8769,-0.2559,0.0676,0.2927,Bright,
41.6721,3.4275,4.1339,0.0000,0.0000,0.0687,0.4917,0.8680,-0.0547,0.4833,0.8737,0.0091,0.4813,0.8765,-0.2559,0.0676,0.2927,Bright,
41.6912,3.4372,4.1418,0.0000,0.0000,0.0693,0.4932,0.8672,-0.0544,0.4848,0.8729,0.0096,0.4828,0.8757,-0.2558,0.0676,0.2927,Bright,
41.6943,3.4372,4.1418,0.0000,0.0000,0.0691,0.4932,0.8671,-0.0546,0.4848,0.8729,0.0094,0.4828,0.8757,-0.2559,0.0676,0.2927,Bright,
41.7058,3.4439,4.1386,0.0000,0.0000,0.0692,0.4937,0.8669,-0.0546,0.4853,0.8726,0.0095,0.4833,0.8754,-0.2559,0.0676,0.2927,Bright,
41.7168,3.4514,4.1243,0.0000,0.0000,0.0689,0.4941,0.8667,-0.0550,0.4856,0.8724,0.0091,0.4837,0.8752,-0.2558,0.0677,0.2927,Bright,
41.7281,3.4436,4.1150,0.0000,0.0000,0.0689,0.4940,0.8667,-0.0552,0.4856,0.8725,0.0090,0.4836,0.8753,-0.2558,0.0676,0.2927,Bright,
41.7391,3.4363,4.1073,0.0000,0.0000,0.0694,0.4946,0.8664,-0.0547,0.4861,0.8722,0.0095,0.4841,0.8749,-0.2558,0.0676,0.2927,Bright,
41.7501,3.4285,4.1084,0.0000,0.0000,0.0681,0.4947,0.8664,-0.0568,0.4861,0.8720,0.0078,0.4842,0.8749,-0.2558,0.0676,0.2928,Bright,
41.7613,3.4300,4.1084,0.0000,0.0000,0.0568,0.4916,0.8689,-0.0684,0.4823,0.8733,-0.0037,0.4807,0.8769,-0.2558,0.0675,0.2928,Bright,
41.7734,3.4354,4.1098,0.0000,0.0000,0.0536,0.4918,0.8690,-0.0751,0.4819,0.8730,-0.0086,0.4805,0.8770,-0.2557,0.0675,0.2928,Bright,
41.7835,3.4371,4.1099,0.0000,0.0000,0.0478,0.4907,0.8700,-0.0826,0.4803,0.8732,-0.0153,0.4790,0.8777,-0.2557,0.0675,0.2928,Bright,
41.7949,3.4380,4.1098,0.0000,0.0000,0.0425,0.4896,0.8709,-0.0905,0.4785,0.8734,-0.0219,0.4774,0.8784,-0.2557,0.0674,0.2928,Bright,
41.8072,3.4225,4.1138,0.0000,0.0000,0.0395,0.4889,0.8714,-0.0967,0.4772,0.8734,-0.0265,0.4763,0.8789,-0.2557,0.0674,0.2929,Bright,
41.8177,3.4271,4.1166,0.0000,0.0000,0.0379,0.4889,0.8715,-0.0997,0.4769,0.8733,-0.0288,0.4761,0.8789,-0.2557,0.0674,0.2929,Bright,
41.8281,3.4315,4.1110,0.0000,0.0000,0.0391,0.4895,0.8711,-0.1000,0.4775,0.8729,-0.0283,0.4767,0.8786,-0.2556,0.0674,0.2929,Bright,
41.8394,3.4352,4.1113,0.0000,0.0000,0.0455,0.4921,0.8694,-0.0959,0.4802,0.8719,-0.0230,0.4792,0.8774,-0.2556,0.0673,0.2929,Bright,
41.8504,3.4391,4.1156,0.0000,0.0000,0.0468,0.4928,0.8689,-0.0955,0.4809,0.8715,-0.0222,0.4799,0.8770,-0.2556,0.0673,0.2929,Bright,
41.8616,3.4413,4.1170,0.0000,0.0000,0.0476,0.4937,0.8683,-0.0954,0.4818,0.8711,-0.0217,0.4808,0.8766,-0.2556,0.0673,0.2929,Bright,
41.8730,3.4411,4.1192,0.0000,0.0000,0.0505,0.4950,0.8674,-0.0937,0.4831,0.8705,-0.0193,0.4820,0.8760,-0.2557,0.0673,0.2929,Bright,
41.8837,3.4337,4.1189,0.0000,0.0000,0.0512,0.4953,0.8672,-0.0935,0.4834,0.8704,-0.0188,0.4823,0.8758,-0.2557,0.0673,0.2929,Bright,
41.8952,3.4274,4.1097,0.0000,0.0000,0.0521,0.4957,0.8669,-0.0931,0.4839,0.8702,-0.0182,0.4827,0.8756,-0.2557,0.0673,0.2929,Bright,
41.9062,3.4171,4.1044,0.0000,0.0000,0.0529,0.4962,0.8666,-0.0930,0.4843,0.8700,-0.0177,0.4831,0.8754,-0.2558,0.0674,0.2928,Bright,
41.9173,3.4281,4.1068,0.0000,0.0000,0.0528,0.4964,0.8665,-0.0934,0.4844,0.8698,-0.0180,0.4833,0.8753,-0.2558,0.0674,0.2928,Bright,
41.9284,3.4381,4.1084,0.0000,0.0000,0.0530,0.4967,0.8663,-0.0936,0.4847,0.8697,-0.0180,0.4836,0.8751,-0.2559,0.0673,0.2928,Bright,
41.9396,3.4310,4.1171,0.0000,0.0000,0.0525,0.4969,0.8662,-0.0945,0.4849,0.8695,-0.0187,0.4838,0.8750,-0.2559,0.0673,0.2928,Bright,
41.9506,3.4353,4.1221,0.0000,0.0000,0.0523,0.4972,0.8661,-0.0949,0.4851,0.8693,-0.0190,0.4840,0.8749,-0.2560,0.0674,0.2928,Bright,
41.9619,3.4380,4.1292,0.0000,0.0000,0.0521,0.4975,0.8659,-0.0953,0.4853,0.8691,-0.0192,0.4843,0.8747,-0.2561,0.0674,0.2928,Bright,
41.9731,3.4569,4.1366,0.0000,0.0000,0.0522,0.4979,0.8657,-0.0956,0.4857,0.8689,-0.0194,0.4847,0.8745,-0.2562,0.0674,0.2928,Bright,
41.9841,3.4584,4.1372,0.0000,0.0000,0.0524,0.4981,0.8655,-0.0957,0.4859,0.8688,-0.0193,0.4849,0.8744,-0.2562,0.0674,0.2928,Bright,
41.9963,3.4582,4.1372,0.0000,0.0000,0.0528,0.4984,0.8653,-0.0957,0.4862,0.8686,-0.0191,0.4852,0.8742,-0.2563,0.0674,0.2928,Bright,
42.0064,3.4485,4.1355,0.0000,0.0000,0.0530,0.4985,0.8653,-0.0960,0.4862,0.8685,-0.0191,0.4852,0.8742,-0.2563,0.0674,0.2928,Bright,
42.0178,3.4411,4.1345,0.0000,0.0000,0.0530,0.4986,0.8652,-0.0961,0.4863,0.8685,-0.0192,0.4852,0.8742,-0.2564,0.0674,0.2928,Bright,
42.0287,3.4358,4.1253,0.0000,0.0000,0.0529,0.4985,0.8653,-0.0964,0.4862,0.8685,-0.0194,0.4852,0.8742,-0.2565,0.0673,0.2928,Bright,
42.0397,3.4526,4.1150,0.0000,0.0000,0.0527,0.4979,0.8656,-0.0971,0.4855,0.8688,-0.0199,0.4845,0.8746,-0.2566,0.0673,0.2928,Bright,
42.0508,3.4490,4.1134,0.0000,0.0000,0.0523,0.4975,0.8659,-0.0976,0.4851,0.8690,-0.0203,0.4841,0.8748,-0.2566,0.0673,0.2928,Bright,
42.0622,3.4457,4.1145,0.0000,0.0000,0.0520,0.4974,0.8660,-0.0981,0.4849,0.8691,-0.0207,0.4839,0.8749,-0.2567,0.0673,0.2928,Bright,
42.0732,3.4468,4.1105,0.0000,0.0000,0.0511,0.4968,0.8663,-0.0990,0.4842,0.8693,-0.0216,0.4833,0.8752,-0.2568,0.0673,0.2928,Bright,
42.0842,3.4460,4.1052,0.0000,0.0000,0.0511,0.4968,0.8664,-0.0991,0.4842,0.8693,-0.0216,0.4833,0.8752,-0.2569,0.0674,0.2928,Bright,
42.0953,3.4561,4.1004,0.0000,0.0000,0.0503,0.4966,0.8665,-0.0998,0.4839,0.8694,-0.0224,0.4830,0.8754,-0.2569,0.0673,0.2928,Bright,
42.1065,3.4608,4.0939,0.0000,0.0000,0.0498,0.4963,0.8667,-0.1002,0.4836,0.8695,-0.0228,0.4827,0.8755,-0.2570,0.0673,0.2928,Bright,
42.1179,3.4558,4.0933,0.0000,0.0000,0.0492,0.4962,0.8668,-0.1008,0.4834,0.8696,-0.0234,0.4826,0.8755,-0.2570,0.0673,0.2929,Bright,
42.1286,3.4556,4.0938,0.0000,0.0000,0.0487,0.4963,0.8668,-0.1012,0.4834,0.8695,-0.0239,0.4826,0.8755,-0.2571,0.0673,0.2929,Bright,
42.1400,3.4550,4.0927,0.0000,0.0000,0.0478,0.4960,0.8670,-0.1019,0.4831,0.8696,-0.0247,0.4824,0.8756,-0.2571,0.0673,0.2929,Bright,
42.1512,3.4560,4.0917,0.0000,0.0000,0.0475,0.4961,0.8670,-0.1020,0.4832,0.8695,-0.0249,0.4824,0.8756,-0.2571,0.0674,0.2929,Bright,
42.1621,3.4529,4.0908,0.0000,0.0000,0.0471,0.4960,0.8671,-0.1023,0.4831,0.8696,-0.0253,0.4823,0.8756,-0.2572,0.0674,0.2929,Bright,
42.1734,3.4490,4.0882,0.0000,0.0000,0.0465,0.4958,0.8672,-0.1027,0.4829,0.8696,-0.0258,0.4821,0.8757,-0.2572,0.0674,0.2929,Bright,
42.1845,3.4486,4.0935,0.0000,0.0000,0.0462,0.4956,0.8673,-0.1028,0.4828,0.8697,-0.0259,0.4820,0.8758,-0.2572,0.0674,0.2929,Bright,
42.1955,3.4409,4.0979,0.0000,0.0000,0.0459,0.4951,0.8676,-0.1030,0.4823,0.8699,-0.0262,0.4815,0.8760,-0.2572,0.0674,0.2929,Bright,
42.2067,3.4358,4.0925,0.0000,0.0000,0.0454,0.4943,0.8681,-0.1034,0.4815,0.8703,-0.0267,0.4807,0.8765,-0.2572,0.0674,0.2929,Bright,
42.2178,3.4366,4.0876,0.0000,0.0000,0.0452,0.4940,0.8683,-0.1035,0.4811,0.8705,-0.0269,0.4803,0.8767,-0.2572,0.0674,0.2930,Bright,
42.2291,3.4323,4.0789,0.0000,0.0000,0.0448,0.4936,0.8685,-0.1037,0.4808,0.8707,-0.0271,0.4800,0.8768,-0.2571,0.0673,0.2930,Bright,
42.2400,3.4398,4.0761,0.0000,0.0000,0.0448,0.4935,0.8686,-0.1036,0.4806,0.8708,-0.0271,0.4799,0.8769,-0.2571,0.0673,0.2930,Bright,
42.2512,3.4458,4.0700,0.0000,0.0000,0.0448,0.4935,0.8686,-0.1034,0.4806,0.8708,-0.0271,0.4799,0.8769,-0.2571,0.0673,0.2930,Bright,
42.2623,3.4424,4.0599,0.0000,0.0000,0.0445,0.4929,0.8690,-0.1034,0.4801,0.8711,-0.0272,0.4793,0.8772,-0.2571,0.0673,0.2930,Bright,
42.2736,3.4315,4.0558,0.0000,0.0000,0.0443,0.4925,0.8692,-0.1035,0.4797,0.8713,-0.0273,0.4789,0.8774,-0.2572,0.0673,0.2930,Bright,
42.2849,3.4218,4.0528,0.0000,0.0000,0.0441,0.4924,0.8692,-0.1035,0.4796,0.8714,-0.0274,0.4788,0.8775,-0.2572,0.0673,0.2930,Bright,
42.2957,3.4260,4.0578,0.0000,0.0000,0.0436,0.4921,0.8694,-0.1035,0.4793,0.8716,-0.0277,0.4785,0.8776,-0.2572,0.0673,0.2930,Bright,
42.3069,3.4295,4.0670,0.0000,0.0000,0.0433,0.4921,0.8695,-0.1037,0.4792,0.8715,-0.0279,0.4785,0.8776,-0.2572,0.0672,0.2930,Bright,
42.3181,3.4357,4.0747,0.0000,0.0000,0.0429,0.4922,0.8694,-0.1039,0.4793,0.8715,-0.0282,0.4786,0.8776,-0.2572,0.0673,0.2929,Bright,
42.3295,3.4385,4.0745,0.0000,0.0000,0.0423,0.4923,0.8694,-0.1041,0.4794,0.8714,-0.0286,0.4787,0.8775,-0.2572,0.0672,0.2929,Bright,
42.3405,3.4351,4.0773,0.0000,0.0000,0.0420,0.4924,0.8693,-0.1042,0.4796,0.8713,-0.0289,0.4789,0.8774,-0.2572,0.0672,0.2929,Bright,
42.3515,3.4384,4.0793,0.0000,0.0000,0.0416,0.4925,0.8693,-0.1044,0.4796,0.8712,-0.0291,0.4790,0.8774,-0.2573,0.0673,0.2929,Bright,
42.3626,3.4437,4.0667,0.0000,0.0000,0.0411,0.4925,0.8694,-0.1048,0.4796,0.8712,-0.0296,0.4789,0.8773,-0.2573,0.0673,0.2929,Bright,
42.3737,3.4459,4.0611,0.0000,0.0000,0.0406,0.4924,0.8694,-0.1051,0.4796,0.8712,-0.0300,0.4789,0.8773,-0.2573,0.0673,0.2929,Bright,
42.3850,3.4372,4.0561,0.0000,0.0000,0.0402,0.4926,0.8693,-0.1053,0.4797,0.8711,-0.0303,0.4790,0.8773,-0.2573,0.0673,0.2929,Bright,
42.3960,3.4320,4.0569,0.0000,0.0000,0.0401,0.4928,0.8692,-0.1054,0.4799,0.8710,-0.0304,0.4793,0.8771,-0.2574,0.0673,0.2928,Bright,
42.4097,3.4250,4.0799,0.0000,0.0000,0.0398,0.4929,0.8692,-0.1055,0.4800,0.8709,-0.0307,0.4794,0.8771,-0.2574,0.0673,0.2928,Bright,
42.4184,3.4232,4.0882,0.0000,0.0000,0.0396,0.4932,0.8690,-0.1056,0.4803,0.8707,-0.0308,0.4797,0.8769,-0.2574,0.0674,0.2928,Bright,
42.4296,3.4272,4.0941,0.0000,0.0000,0.0395,0.4934,0.8689,-0.1057,0.4805,0.8706,-0.0309,0.4799,0.8768,-0.2573,0.0673,0.2928,Bright,
42.4408,3.4306,4.0997,0.0000,0.0000,0.0394,0.4937,0.8688,-0.1057,0.4808,0.8704,-0.0310,0.4802,0.8766,-0.2573,0.0673,0.2928,Bright,
42.4517,3.4474,4.0996,0.0000,0.0000,0.0392,0.4938,0.8687,-0.1058,0.4809,0.8703,-0.0311,0.4803,0.8765,-0.2573,0.0674,0.2928,Bright,
42.4628,3.4393,4.0966,0.0000,0.0000,0.0392,0.4938,0.8687,-0.1058,0.4809,0.8704,-0.0311,0.4803,0.8765,-0.2573,0.0673,0.2928,Bright,
42.4740,3.4318,4.1006,0.0000,0.0000,0.0393,0.4938,0.8687,-0.1056,0.4809,0.8704,-0.0309,0.4803,0.8766,-0.2573,0.0674,0.2928,Bright,
42.4853,3.4515,4.1171,0.0000,0.0000,0.0393,0.4941,0.8685,-0.1054,0.4812,0.8702,-0.0308,0.4806,0.8764,-0.2573,0.0674,0.2928,Bright,
42.4962,3.4531,4.1281,0.0000,0.0000,0.0394,0.4941,0.8685,-0.1053,0.4813,0.8702,-0.0307,0.4806,0.8764,-0.2573,0.0673,0.2928,Bright,
42.5073,3.4550,4.1423,0.0000,0.0000,0.0394,0.4943,0.8684,-0.1052,0.4815,0.8701,-0.0307,0.4808,0.8763,-0.2572,0.0673,0.2929,Bright,
42.5185,3.4644,4.1725,0.0000,0.0000,0.0394,0.4948,0.8681,-0.1051,0.4820,0.8698,-0.0307,0.4814,0.8760,-0.2572,0.0673,0.2929,Bright,
42.5297,3.4636,4.1876,0.0000,0.0000,0.0394,0.4949,0.8680,-0.1051,0.4821,0.8698,-0.0306,0.4815,0.8759,-0.2572,0.0673,0.2929,Bright,
42.5408,3.4633,4.2010,0.0000,0.0000,0.0394,0.4953,0.8678,-0.1050,0.4825,0.8696,-0.0306,0.4819,0.8757,-0.2572,0.0673,0.2929,Bright,
42.5519,3.4724,4.2154,0.0000,0.0000,0.0394,0.4957,0.8676,-0.1048,0.4829,0.8694,-0.0305,0.4823,0.8755,-0.2571,0.0673,0.2929,Bright,
42.5630,3.4823,4.2176,0.0000,0.0000,0.0394,0.4957,0.8676,-0.1047,0.4830,0.8693,-0.0304,0.4824,0.8754,-0.2571,0.0672,0.2929,Bright,
42.5745,3.4905,4.2208,0.0000,0.0000,0.0395,0.4959,0.8675,-0.1045,0.4832,0.8693,-0.0303,0.4825,0.8754,-0.2570,0.0672,0.2929,Bright,
42.5882,3.5103,4.2209,0.0000,0.0000,0.0397,0.4961,0.8673,-0.1042,0.4834,0.8692,-0.0300,0.4828,0.8752,-0.2570,0.0672,0.2930,Bright,
42.5964,3.5194,4.2190,0.0000,0.0000,0.0397,0.4963,0.8672,-0.1041,0.4836,0.8691,-0.0300,0.4830,0.8751,-0.2570,0.0672,0.2929,Bright,
42.6075,3.5259,4.2186,0.0000,0.0000,0.0398,0.4965,0.8672,-0.1040,0.4838,0.8690,-0.0299,0.4831,0.8750,-0.2570,0.0672,0.2929,Bright,
42.6187,3.5159,4.2210,0.0000,0.0000,0.0399,0.4968,0.8669,-0.1038,0.4842,0.8688,-0.0297,0.4835,0.8748,-0.2570,0.0672,0.2930,Bright,
42.6303,3.5199,4.2239,0.0000,0.0000,0.0401,0.4969,0.8669,-0.1036,0.4843,0.8688,-0.0295,0.4836,0.8748,-0.2570,0.0672,0.2930,Bright,
42.6412,3.5235,4.2285,0.0000,0.0000,0.0403,0.4971,0.8668,-0.1034,0.4845,0.8687,-0.0294,0.4838,0.8747,-0.2570,0.0672,0.2930,Bright,
42.6523,3.5165,4.2372,0.0000,0.0000,0.0404,0.4973,0.8667,-0.1032,0.4847,0.8686,-0.0292,0.4840,0.8746,-0.2569,0.0672,0.2930,Bright,
42.6634,3.5162,4.2410,0.0000,0.0000,0.0405,0.4973,0.8666,-0.1032,0.4848,0.8685,-0.0292,0.4841,0.8745,-0.2569,0.0672,0.2930,Bright,
42.6747,3.5153,4.2347,0.0000,0.0000,0.0406,0.4973,0.8666,-0.1032,0.4847,0.8686,-0.0291,0.4840,0.8746,-0.2569,0.0672,0.2930,Bright,
42.6857,3.5057,4.2409,0.0000,0.0000,0.0404,0.4972,0.8667,-0.1034,0.4846,0.8686,-0.0293,0.4839,0.8746,-0.2569,0.0672,0.2930,Bright,
42.6973,3.5069,4.2508,0.0000,0.0000,0.0403,0.4973,0.8667,-0.1035,0.4846,0.8686,-0.0294,0.4840,0.8746,-0.2569,0.0673,0.2930,Bright,
42.7078,3.5080,4.2555,0.0000,0.0000,0.0403,0.4975,0.8665,-0.1036,0.4849,0.8684,-0.0294,0.4842,0.8745,-0.2569,0.0673,0.2930,Bright,
42.7190,3.5492,4.2632,0.0000,0.0000,0.0402,0.4978,0.8663,-0.1038,0.4852,0.8682,-0.0296,0.4846,0.8743,-0.2569,0.0673,0.2930,Bright,
42.7302,3.5487,4.2646,0.0000,0.0000,0.0401,0.4980,0.8662,-0.1039,0.4854,0.8681,-0.0297,0.4847,0.8742,-0.2568,0.0673,0.2930,Bright,
42.7413,3.5467,4.2638,0.0000,0.0000,0.0400,0.4981,0.8662,-0.1040,0.4855,0.8681,-0.0298,0.4848,0.8741,-0.2568,0.0673,0.2930,Bright,
42.7525,3.5510,4.2669,0.0000,0.0000,0.0400,0.4983,0.8661,-0.1041,0.4857,0.8679,-0.0298,0.4850,0.8740,-0.2568,0.0673,0.2930,Bright,
42.7638,3.5501,4.2697,0.0000,0.0000,0.0401,0.4985,0.8660,-0.1040,0.4859,0.8678,-0.0298,0.4852,0.8739,-0.2568,0.0672,0.2929,Bright,
42.7746,3.5508,4.2723,0.0000,0.0000,0.0403,0.4986,0.8659,-0.1038,0.4859,0.8678,-0.0296,0.4853,0.8739,-0.2568,0.0672,0.2929,Bright,
42.7859,3.5491,4.2715,0.0000,0.0000,0.0403,0.4987,0.8658,-0.1038,0.4861,0.8677,-0.0295,0.4855,0.8738,-0.2568,0.0672,0.2929,Bright,
42.7974,3.5470,4.2689,0.0000,0.0000,0.0405,0.4990,0.8656,-0.1036,0.4864,0.8676,-0.0293,0.4857,0.8736,-0.2568,0.0672,0.2929,Bright,
42.8081,3.5455,4.2666,0.0000,0.0000,0.0406,0.4992,0.8655,-0.1034,0.4866,0.8675,-0.0292,0.4860,0.8735,-0.2568,0.0672,0.2929,Bright,
42.8192,3.5512,4.2595,0.0000,0.0000,0.0410,0.4998,0.8651,-0.1031,0.4873,0.8672,-0.0288,0.4866,0.8732,-0.2568,0.0673,0.2929,Bright,
42.8304,3.5480,4.2555,0.0000,0.0000,0.0412,0.5001,0.8650,-0.1030,0.4875,0.8670,-0.0287,0.4868,0.8730,-0.2568,0.0672,0.2929,Bright,
42.8420,3.5494,4.2561,0.0000,0.0000,0.0417,0.5007,0.8646,-0.1025,0.4881,0.8667,-0.0282,0.4874,0.8727,-0.2568,0.0672,0.2929,Bright,
42.8527,3.5529,4.2541,0.0000,0.0000,0.0417,0.5007,0.8646,-0.1025,0.4882,0.8667,-0.0282,0.4875,0.8727,-0.2568,0.0672,0.2929,Bright,
42.8638,3.5471,4.2528,0.0000,0.0000,0.0417,0.5008,0.8646,-0.1025,0.4882,0.8667,-0.0282,0.4875,0.8727,-0.2568,0.0672,0.2929,Bright,
42.8749,3.5460,4.2574,0.0000,0.0000,0.0420,0.5014,0.8642,-0.1022,0.4888,0.8664,-0.0279,0.4882,0.8723,-0.2568,0.0672,0.2929,Bright,
42.8860,3.5485,4.2583,0.0000,0.0000,0.0421,0.5017,0.8640,-0.1021,0.4892,0.8662,-0.0278,0.4885,0.8721,-0.2568,0.0673,0.2929,Bright,
42.8974,3.5515,4.2591,0.0000,0.0000,0.0421,0.5023,0.8637,-0.1020,0.4897,0.8659,-0.0277,0.4891,0.8718,-0.2568,0.0673,0.2928,Bright,
42.9086,3.5578,4.2611,0.0000,0.0000,0.0424,0.5029,0.8633,-0.1020,0.4904,0.8655,-0.0275,0.4897,0.8715,-0.2568,0.0673,0.2928,Bright,
42.9194,3.5586,4.2617,0.0000,0.0000,0.0428,0.5039,0.8627,-0.1018,0.4914,0.8650,-0.0273,0.4907,0.8709,-0.2567,0.0673,0.2928,Bright,
42.9306,3.5583,4.2692,0.0000,0.0000,0.0469,0.5092,0.8594,-0.0958,0.4972,0.8623,-0.0222,0.4964,0.8678,-0.2567,0.0673,0.2928,Bright,
42.9418,3.5344,4.2813,0.0000,0.0000,0.0662,0.5243,0.8489,-0.0749,0.5141,0.8544,-0.0019,0.5126,0.8586,-0.2566,0.0674,0.2928,Bright,
42.9528,3.5348,4.2856,0.0000,0.0000,0.0756,0.5310,0.8440,-0.0648,0.5217,0.8507,0.0079,0.5198,0.8543,-0.2566,0.0674,0.2928,Bright,
42.9640,3.5360,4.2665,0.0000,0.0000,0.0808,0.5342,0.8415,-0.0590,0.5253,0.8489,0.0134,0.5232,0.8521,-0.2566,0.0673,0.2928,Bright,
42.9757,3.5218,4.2468,0.0000,0.0000,0.0864,0.5384,0.8382,-0.0523,0.5302,0.8463,0.0196,0.5279,0.8491,-0.2566,0.0673,0.2929,Bright,
42.9863,3.5237,4.2456,0.0000,0.0000,0.0880,0.5397,0.8372,-0.0500,0.5316,0.8455,0.0216,0.5293,0.8482,-0.2566,0.0673,0.2929,Bright,
42.9978,3.5229,4.2441,0.0000,0.0000,0.0887,0.5403,0.8368,-0.0485,0.5323,0.8451,0.0227,0.5299,0.8477,-0.2566,0.0673,0.2929,Bright,
43.0086,3.5220,4.2456,0.0000,0.0000,0.0892,0.5402,0.8368,-0.0477,0.5323,0.8452,0.0233,0.5299,0.8478,-0.2566,0.0673,0.2929,Bright,
43.0197,3.5230,4.2457,0.0000,0.0000,0.0884,0.5393,0.8375,-0.0482,0.5313,0.8458,0.0226,0.5290,0.8483,-0.2566,0.0673,0.2929,Bright,
43.0308,3.5331,4.2427,0.0000,0.0000,0.0881,0.5393,0.8375,-0.0483,0.5314,0.8458,0.0224,0.5290,0.8483,-0.2566,0.0672,0.2929,Bright,
43.0420,3.5414,4.2450,0.0000,0.0000,0.0873,0.5393,0.8376,-0.0490,0.5312,0.8458,0.0217,0.5289,0.8484,-0.2566,0.0672,0.2929,Bright,
43.0532,3.5367,4.2470,0.0000,0.0000,0.0873,0.5395,0.8375,-0.0489,0.5314,0.8457,0.0218,0.5291,0.8483,-0.2566,0.0672,0.2929,Bright,
43.0645,3.5282,4.2475,0.0000,0.0000,0.0860,0.5392,0.8378,-0.0500,0.5311,0.8458,0.0205,0.5288,0.8485,-0.2567,0.0672,0.2929,Bright,
43.0756,3.5245,4.2425,0.0000,0.0000,0.0852,0.5389,0.8380,-0.0508,0.5308,0.8460,0.0197,0.5285,0.8487,-0.2567,0.0672,0.2929,Bright,
43.0867,3.5236,4.2381,0.0000,0.0000,0.0842,0.5389,0.8382,-0.0517,0.5307,0.8460,0.0188,0.5284,0.8488,-0.2567,0.0672,0.2929,Bright,
43.0978,3.5120,4.2545,0.0000,0.0000,0.0833,0.5390,0.8382,-0.0528,0.5307,0.8459,0.0178,0.5285,0.8488,-0.2567,0.0672,0.2928,Bright,
43.1090,3.5017,4.2432,0.0000,0.0000,0.0826,0.5387,0.8385,-0.0536,0.5303,0.8461,0.0170,0.5282,0.8490,-0.2568,0.0672,0.2928,Bright,
43.1200,3.5023,4.2337,0.0000,0.0000,0.0819,0.5386,0.8386,-0.0543,0.5302,0.8461,0.0163,0.5281,0.8490,-0.2568,0.0673,0.2928,Bright,
43.1311,3.5066,4.2329,0.0000,0.0000,0.0809,0.5381,0.8390,-0.0551,0.5297,0.8464,0.0154,0.5276,0.8494,-0.2568,0.0672,0.2928,Bright,
43.1424,3.5104,4.2246,0.0000,0.0000,0.0805,0.5378,0.8392,-0.0554,0.5294,0.8466,0.0150,0.5273,0.8496,-0.2568,0.0672,0.2927,Bright,
43.1535,3.5166,4.2192,0.0000,0.0000,0.0799,0.5378,0.8392,-0.0560,0.5293,0.8466,0.0144,0.5273,0.8496,-0.2568,0.0673,0.2927,Bright,
43.1645,3.5217,4.2213,0.0000,0.0000,0.0793,0.5378,0.8393,-0.0564,0.5293,0.8466,0.0139,0.5273,0.8496,-0.2569,0.0673,0.2927,Bright,
43.1761,3.5223,4.2193,0.0000,0.0000,0.0790,0.5380,0.8392,-0.0565,0.5295,0.8464,0.0137,0.5275,0.8495,-0.2569,0.0673,0.2927,Bright,
43.1869,3.5152,4.2182,0.0000,0.0000,0.0786,0.5379,0.8394,-0.0567,0.5293,0.8465,0.0134,0.5273,0.8496,-0.2569,0.0673,0.2927,Bright,
43.2008,3.5085,4.2119,0.0000,0.0000,0.0779,0.5373,0.8398,-0.0572,0.5287,0.8469,0.0128,0.5267,0.8500,-0.2569,0.0673,0.2927,Bright,
43.2093,3.5084,4.2049,0.0000,0.0000,0.0775,0.5373,0.8398,-0.0575,0.5287,0.8469,0.0124,0.5267,0.8500,-0.2569,0.0673,0.2927,Bright,
43.2202,3.4994,4.1994,0.0000,0.0000,0.0768,0.5367,0.8403,-0.0580,0.5281,0.8472,0.0118,0.5261,0.8503,-0.2569,0.0673,0.2927,Bright,
43.2313,3.4944,4.2147,0.0000,0.0000,0.0755,0.5359,0.8409,-0.0592,0.5271,0.8477,0.0106,0.5252,0.8509,-0.2570,0.0673,0.2927,Bright,
43.2426,3.4962,4.2046,0.0000,0.0000,0.0747,0.5354,0.8413,-0.0599,0.5266,0.8480,0.0098,0.5247,0.8512,-0.2570,0.0673,0.2927,Bright,
43.2537,3.4912,4.1959,0.0000,0.0000,0.0740,0.5348,0.8417,-0.0605,0.5260,0.8483,0.0091,0.5241,0.8516,-0.2570,0.0673,0.2928,Bright,
43.2647,3.4881,4.2137,0.0000,0.0000,0.0728,0.5343,0.8422,-0.0617,0.5253,0.8487,0.0080,0.5235,0.8520,-0.2571,0.0673,0.2928,Bright,
43.2763,3.4880,4.2084,0.0000,0.0000,0.0723,0.5340,0.8424,-0.0622,0.5250,0.8488,0.0074,0.5232,0.8522,-0.2571,0.0673,0.2928,Bright,
43.2870,3.4855,4.2049,0.0000,0.0000,0.0718,0.5336,0.8427,-0.0626,0.5245,0.8491,0.0070,0.5228,0.8525,-0.2571,0.0673,0.2928,Bright,
43.2981,3.4810,4.1992,0.0000,0.0000,0.0711,0.5329,0.8432,-0.0634,0.5238,0.8495,0.0062,0.5221,0.8529,-0.2571,0.0673,0.2929,Bright,
43.3102,3.4783,4.1987,0.0000,0.0000,0.0709,0.5327,0.8433,-0.0636,0.5236,0.8496,0.0060,0.5218,0.8530,-0.2572,0.0673,0.2929,Bright,
43.3204,3.4738,4.1995,0.0000,0.0000,0.0705,0.5324,0.8435,-0.0640,0.5233,0.8498,0.0057,0.5215,0.8532,-0.2572,0.0673,0.2930,Bright,
43.3316,3.4833,4.2053,0.0000,0.0000,0.0705,0.5324,0.8435,-0.0640,0.5232,0.8498,0.0056,0.5215,0.8532,-0.2572,0.0672,0.2929,Bright,
43.3428,3.4944,4.2031,0.0000,0.0000,0.0705,0.5325,0.8435,-0.0639,0.5233,0.8497,0.0057,0.5216,0.8532,-0.2572,0.0672,0.2930,Bright,
43.3541,3.5055,4.2008,0.0000,0.0000,0.0705,0.5325,0.8435,-0.0639,0.5233,0.8498,0.0057,0.5215,0.8532,-0.2572,0.0672,0.2930,Bright,
43.3650,3.5158,4.2158,0.0000,0.0000,0.0704,0.5326,0.8434,-0.0640,0.5234,0.8497,0.0056,0.5217,0.8531,-0.2573,0.0672,0.2930,Bright,
43.3767,3.5154,4.2213,0.0000,0.0000,0.0704,0.5327,0.8433,-0.0640,0.5235,0.8496,0.0056,0.5218,0.8530,-0.2573,0.0672,0.2930,Bright,
43.3873,3.5081,4.2256,0.0000,0.0000,0.0704,0.5330,0.8432,-0.0640,0.5238,0.8494,0.0056,0.5221,0.8529,-0.2573,0.0672,0.2931,Bright,
43.3985,3.4980,4.2212,0.0000,0.0000,0.0705,0.5334,0.8429,-0.0639,0.5242,0.8492,0.0057,0.5225,0.8526,-0.2573,0.0672,0.2931,Bright,
43.4099,3.4953,4.2131,0.0000,0.0000,0.0708,0.5337,0.8427,-0.0635,0.5246,0.8490,0.0060,0.5229,0.8524,-0.2573,0.0672,0.2931,Bright,
43.4209,3.5072,4.2066,0.0000,0.0000,0.0705,0.5339,0.8426,-0.0638,0.5247,0.8489,0.0057,0.5230,0.8523,-0.2574,0.0672,0.2931,Bright,
43.4319,3.5118,4.2058,0.0000,0.0000,0.0700,0.5340,0.8426,-0.0643,0.5248,0.8488,0.0052,0.5231,0.8523,-0.2573,0.0671,0.2931,Bright,
43.4434,3.5062,4.2104,0.0000,0.0000,0.0701,0.5341,0.8425,-0.0642,0.5249,0.8487,0.0053,0.5232,0.8522,-0.2574,0.0671,0.2931,Bright,
43.4542,3.5076,4.2145,0.0000,0.0000,0.0695,0.5339,0.8427,-0.0648,0.5247,0.8488,0.0047,0.5230,0.8523,-0.2574,0.0671,0.2931,Bright,
43.4655,3.4986,4.2266,0.0000,0.0000,0.0688,0.5338,0.8428,-0.0655,0.5245,0.8489,0.0040,0.5229,0.8524,-0.2575,0.0671,0.2931,Bright,
43.4767,3.4919,4.2206,0.0000,0.0000,0.0686,0.5336,0.8429,-0.0657,0.5243,0.8490,0.0038,0.5227,0.8525,-0.2575,0.0671,0.2931,Bright,
43.4879,3.4965,4.2150,0.0000,0.0000,0.0681,0.5337,0.8429,-0.0662,0.5243,0.8489,0.0033,0.5227,0.8525,-0.2576,0.0671,0.2931,Bright,
43.4986,3.5006,4.2104,0.0000,0.0000,0.0675,0.5337,0.8430,-0.0667,0.5243,0.8489,0.0027,0.5227,0.8525,-0.2576,0.0671,0.2931,Bright,
43.5098,3.5016,4.2131,0.0000,0.0000,0.0672,0.5337,0.8430,-0.0670,0.5242,0.8489,0.0025,0.5227,0.8525,-0.2576,0.0671,0.2931,Bright,
43.5209,3.4985,4.2163,0.0000,0.0000,0.0669,0.5336,0.8431,-0.0672,0.5241,0.8490,0.0022,0.5226,0.8526,-0.2576,0.0671,0.2931,Bright,
43.5321,3.4950,4.2254,0.0000,0.0000,0.0662,0.5336,0.8432,-0.0678,0.5241,0.8490,0.0015,0.5225,0.8526,-0.2576,0.0671,0.2931,Bright,
43.5436,3.4954,4.2188,0.0000,0.0000,0.0662,0.5336,0.8432,-0.0677,0.5241,0.8489,0.0016,0.5226,0.8526,-0.2576,0.0671,0.2931,Bright,
43.5543,3.5053,4.2127,0.0000,0.0000,0.0659,0.5335,0.8432,-0.0680,0.5241,0.8490,0.0013,0.5225,0.8526,-0.2576,0.0671,0.2931,Bright,
43.5656,3.5229,4.2231,0.0000,0.0000,0.0653,0.5338,0.8431,-0.0684,0.5243,0.8488,0.0007,0.5228,0.8525,-0.2577,0.0671,0.2930,Bright,
43.5771,3.5295,4.2268,0.0000,0.0000,0.0649,0.5338,0.8431,-0.0687,0.5243,0.8488,0.0004,0.5228,0.8525,-0.2577,0.0671,0.2930,Bright,
43.5878,3.5281,4.2302,0.0000,0.0000,0.0646,0.5337,0.8432,-0.0689,0.5242,0.8488,0.0002,0.5227,0.8525,-0.2577,0.0671,0.2930,Bright,
43.5992,3.5216,4.2338,0.0000,0.0000,0.0640,0.5336,0.8433,-0.0693,0.5241,0.8489,-0.0003,0.5226,0.8526,-0.2577,0.0671,0.2929,Bright,
43.6100,3.5180,4.2331,0.0000,0.0000,0.0640,0.5337,0.8433,-0.0693,0.5241,0.8488,-0.0003,0.5227,0.8525,-0.2577,0.0671,0.2929,Bright,
43.6218,3.5190,4.2286,0.0000,0.0000,0.0635,0.5334,0.8435,-0.0697,0.5238,0.8490,-0.0008,0.5224,0.8527,-0.2577,0.0672,0.2929,Bright,
43.6324,3.5206,4.2243,0.0000,0.0000,0.0627,0.5332,0.8437,-0.0703,0.5235,0.8491,-0.0015,0.5221,0.8529,-0.2577,0.0671,0.2928,Bright,
43.6433,3.5207,4.2240,0.0000,0.0000,0.0627,0.5336,0.8434,-0.0702,0.5240,0.8488,-0.0014,0.5226,0.8526,-0.2577,0.0672,0.2928,Bright,
43.6547,3.5207,4.2283,0.0000,0.0000,0.0623,0.5338,0.8433,-0.0704,0.5241,0.8487,-0.0018,0.5227,0.8525,-0.2576,0.0672,0.2928,Bright,
43.6657,3.5201,4.2326,0.0000,0.0000,0.0616,0.5336,0.8435,-0.0710,0.5239,0.8488,-0.0024,0.5225,0.8526,-0.2577,0.0672,0.2928,Bright,
43.6771,3.5286,4.2325,0.0000,0.0000,0.0614,0.5335,0.8436,-0.0711,0.5239,0.8488,-0.0026,0.5225,0.8526,-0.2576,0.0673,0.2928,Bright,
43.6880,3.5359,4.2320,0.0000,0.0000,0.0611,0.5335,0.8436,-0.0713,0.5239,0.8488,-0.0028,0.5225,0.8526,-0.2576,0.0673,0.2928,Bright,
43.6991,3.5424,4.2410,0.0000,0.0000,0.0606,0.5333,0.8438,-0.0717,0.5236,0.8489,-0.0033,0.5223,0.8528,-0.2576,0.0673,0.2927,Bright,
43.7105,3.5445,4.2493,0.0000,0.0000,0.0605,0.5332,0.8438,-0.0718,0.5236,0.8490,-0.0034,0.5222,0.8528,-0.2576,0.0673,0.2927,Bright,
43.7218,3.5506,4.2716,0.0000,0.0000,0.0603,0.5333,0.8438,-0.0719,0.5236,0.8489,-0.0035,0.5222,0.8528,-0.2576,0.0673,0.2928,Bright,
43.7332,3.5551,4.2829,0.0000,0.0000,0.0605,0.5335,0.8436,-0.0717,0.5239,0.8488,-0.0034,0.5225,0.8526,-0.2575,0.0673,0.2927,Bright,
43.7440,3.5553,4.2908,0.0000,0.0000,0.0606,0.5337,0.8435,-0.0716,0.5241,0.8487,-0.0033,0.5227,0.8525,-0.2575,0.0673,0.2927,Bright,
43.7552,3.5526,4.2809,0.0000,0.0000,0.0613,0.5344,0.8430,-0.0710,0.5248,0.8483,-0.0026,0.5234,0.8521,-0.2575,0.0673,0.2928,Bright,
43.7664,3.5502,4.2870,0.0000,0.0000,0.0615,0.5345,0.8429,-0.0708,0.5249,0.8482,-0.0024,0.5235,0.8520,-0.2575,0.0673,0.2928,Bright,
43.7771,3.5613,4.2921,0.0000,0.0000,0.0616,0.5347,0.8428,-0.0706,0.5252,0.8481,-0.0022,0.5238,0.8519,-0.2575,0.0673,0.2928,Bright,
43.7885,3.5702,4.2895,0.0000,0.0000,0.0618,0.5353,0.8424,-0.0704,0.5257,0.8477,-0.0020,0.5243,0.8515,-0.2575,0.0672,0.2928,Bright,
43.7993,3.5689,4.2972,0.0000,0.0000,0.0619,0.5354,0.8423,-0.0703,0.5259,0.8477,-0.0019,0.5245,0.8514,-0.2574,0.0672,0.2928,Bright,
43.8105,3.5697,4.3028,0.0000,0.0000,0.0619,0.5357,0.8422,-0.0703,0.5261,0.8475,-0.0019,0.5247,0.8513,-0.2574,0.0672,0.2928,Bright,
43.8217,3.5699,4.3094,0.0000,0.0000,0.0619,0.5362,0.8418,-0.0702,0.5267,0.8472,-0.0019,0.5253,0.8509,-0.2574,0.0672,0.2928,Bright,
43.8332,3.5713,4.3178,0.0000,0.0000,0.0620,0.5365,0.8416,-0.0701,0.5270,0.8470,-0.0018,0.5256,0.8508,-0.2574,0.0672,0.2928,Bright,
43.8439,3.5700,4.3239,0.0000,0.0000,0.0620,0.5367,0.8415,-0.0701,0.5271,0.8469,-0.0018,0.5257,0.8507,-0.2574,0.0672,0.2928,Bright,
43.8552,3.5767,4.3359,0.0000,0.0000,0.0621,0.5371,0.8412,-0.0700,0.5276,0.8466,-0.0017,0.5261,0.8504,-0.2574,0.0672,0.2928,Bright,
43.8665,3.5834,4.3278,0.0000,0.0000,0.0622,0.5373,0.8411,-0.0698,0.5278,0.8465,-0.0015,0.5264,0.8502,-0.2574,0.0672,0.2928,Bright,
43.8775,3.5749,4.3203,0.0000,0.0000,0.0623,0.5374,0.8410,-0.0698,0.5279,0.8464,-0.0015,0.5265,0.8502,-0.2574,0.0672,0.2928,Bright,
43.8885,3.5644,4.3301,0.0000,0.0000,0.0624,0.5379,0.8407,-0.0697,0.5284,0.8461,-0.0013,0.5270,0.8499,-0.2573,0.0672,0.2928,Bright,
43.8995,3.5615,4.3383,0.0000,0.0000,0.0626,0.5382,0.8405,-0.0696,0.5288,0.8459,-0.0012,0.5273,0.8497,-0.2573,0.0671,0.2928,Bright,
43.9107,3.5599,4.3459,0.0000,0.0000,0.0626,0.5386,0.8402,-0.0695,0.5292,0.8457,-0.0012,0.5277,0.8494,-0.2573,0.0671,0.2928,Bright,
43.9218,3.5738,4.3376,0.0000,0.0000,0.0629,0.5393,0.8398,-0.0693,0.5298,0.8453,-0.0009,0.5284,0.8490,-0.2573,0.0672,0.2928,Bright,
43.9334,3.5849,4.3328,0.0000,0.0000,0.0631,0.5397,0.8395,-0.0691,0.5302,0.8450,-0.0007,0.5288,0.8488,-0.2572,0.0671,0.2928,Bright,
43.9440,3.5937,4.3290,0.0000,0.0000,0.0633,0.5400,0.8393,-0.0689,0.5305,0.8448,-0.0006,0.5291,0.8486,-0.2572,0.0671,0.2928,Bright,
43.9556,3.6001,4.3201,0.0000,0.0000,0.0635,0.5405,0.8390,-0.0688,0.5311,0.8445,-0.0003,0.5296,0.8482,-0.2572,0.0671,0.2929,Bright,
43.9667,3.5986,4.3235,0.0000,0.0000,0.0635,0.5406,0.8389,-0.0688,0.5312,0.8444,-0.0003,0.5298,0.8481,-0.2571,0.0670,0.2929,Bright,
43.9775,3.6004,4.3264,0.0000,0.0000,0.0636,0.5408,0.8387,-0.0687,0.5314,0.8443,-0.0003,0.5300,0.8480,-0.2571,0.0670,0.2929,Bright,
43.9888,3.6002,4.3316,0.0000,0.0000,0.0635,0.5412,0.8385,-0.0689,0.5318,0.8440,-0.0004,0.5304,0.8478,-0.2571,0.0670,0.2930,Bright,
44.0000,3.5989,4.3341,0.0000,0.0000,0.0634,0.5414,0.8383,-0.0690,0.5320,0.8439,-0.0005,0.5306,0.8476,-0.2571,0.0670,0.2930,Bright,
44.0109,3.5989,4.3357,0.0000,0.0000,0.0632,0.5415,0.8383,-0.0692,0.5321,0.8438,-0.0007,0.5307,0.8476,-0.2570,0.0670,0.2930,Bright,
44.0221,3.6071,4.3490,0.0000,0.0000,0.0625,0.5414,0.8384,-0.0696,0.5320,0.8439,-0.0013,0.5305,0.8477,-0.2571,0.0670,0.2931,Bright,
44.0336,3.6146,4.3597,0.0000,0.0000,0.0610,0.5406,0.8391,-0.0722,0.5309,0.8443,-0.0034,0.5296,0.8483,-0.2570,0.0669,0.2931,Bright,
44.0443,3.6126,4.3682,0.0000,0.0000,0.0568,0.5378,0.8412,-0.0767,0.5277,0.8459,-0.0077,0.5265,0.8501,-0.2570,0.0669,0.2931,Bright,
44.0555,3.6048,4.3559,0.0000,0.0000,0.0517,0.5337,0.8441,-0.0825,0.5231,0.8482,-0.0132,0.5221,0.8528,-0.2570,0.0669,0.2932,Bright,
44.0666,3.5997,4.3506,0.0000,0.0000,0.0506,0.5328,0.8447,-0.0835,0.5222,0.8488,-0.0142,0.5212,0.8533,-0.2569,0.0669,0.2932,Bright,
44.0778,3.5971,4.3462,0.0000,0.0000,0.0491,0.5315,0.8456,-0.0846,0.5208,0.8495,-0.0156,0.5199,0.8541,-0.2569,0.0669,0.2932,Bright,
44.0894,3.5945,4.3521,0.0000,0.0000,0.0467,0.5299,0.8468,-0.0859,0.5192,0.8503,-0.0174,0.5183,0.8550,-0.2569,0.0669,0.2933,Bright,
44.1001,3.5935,4.3522,0.0000,0.0000,0.0461,0.5298,0.8469,-0.0859,0.5191,0.8504,-0.0177,0.5182,0.8551,-0.2569,0.0669,0.2933,Bright,
44.1115,3.5859,4.3525,0.0000,0.0000,0.0440,0.5284,0.8479,-0.0868,0.5176,0.8512,-0.0193,0.5168,0.8559,-0.2569,0.0669,0.2933,Bright,
44.1223,3.5753,4.3526,0.0000,0.0000,0.0433,0.5281,0.8481,-0.0868,0.5174,0.8514,-0.0196,0.5165,0.8560,-0.2569,0.0669,0.2933,Bright,
44.1336,3.5669,4.3449,0.0000,0.0000,0.0422,0.5276,0.8484,-0.0873,0.5169,0.8516,-0.0205,0.5161,0.8563,-0.2568,0.0668,0.2933,Bright,
44.1446,3.5659,4.3323,0.0000,0.0000,0.0405,0.5271,0.8488,-0.0880,0.5164,0.8518,-0.0217,0.5156,0.8565,-0.2568,0.0668,0.2934,Bright,
44.1561,3.5668,4.3271,0.0000,0.0000,0.0390,0.5258,0.8497,-0.0891,0.5150,0.8526,-0.0230,0.5143,0.8573,-0.2568,0.0668,0.2934,Bright,
44.1669,3.5584,4.3270,0.0000,0.0000,0.0394,0.5264,0.8493,-0.0884,0.5157,0.8522,-0.0225,0.5149,0.8569,-0.2568,0.0668,0.2934,Bright,
44.1780,3.5713,4.3279,0.0000,0.0000,0.0387,0.5260,0.8496,-0.0888,0.5153,0.8524,-0.0230,0.5146,0.8571,-0.2568,0.0668,0.2934,Bright,
44.1893,3.5834,4.3346,0.0000,0.0000,0.0374,0.5255,0.8500,-0.0898,0.5148,0.8526,-0.0242,0.5141,0.8574,-0.2569,0.0668,0.2934,Bright,
44.2006,3.5844,4.3295,0.0000,0.0000,0.0370,0.5252,0.8502,-0.0900,0.5144,0.8528,-0.0245,0.5137,0.8576,-0.2569,0.0668,0.2934,Bright,
44.2114,3.5849,4.3229,0.0000,0.0000,0.0364,0.5245,0.8506,-0.0906,0.5136,0.8532,-0.0251,0.5130,0.8580,-0.2569,0.0668,0.2935,Bright,
44.2229,3.5861,4.3216,0.0000,0.0000,0.0359,0.5243,0.8508,-0.0911,0.5134,0.8533,-0.0256,0.5127,0.8582,-0.2569,0.0668,0.2935,Bright,
44.2341,3.5877,4.3222,0.0000,0.0000,0.0355,0.5238,0.8511,-0.0918,0.5128,0.8536,-0.0261,0.5122,0.8585,-0.2569,0.0668,0.2935,Bright,
44.2448,3.5885,4.3294,0.0000,0.0000,0.0340,0.5177,0.8549,-0.0948,0.5064,0.8571,-0.0284,0.5058,0.8622,-0.2569,0.0668,0.2935,Bright,
44.2560,3.6104,4.3342,0.0000,0.0000,0.0324,0.5085,0.8604,-0.0976,0.4969,0.8623,-0.0306,0.4964,0.8676,-0.2569,0.0667,0.2936,Bright,
44.2673,3.6284,4.3375,0.0000,0.0000,0.0340,0.5155,0.8562,-0.0968,0.5040,0.8583,-0.0293,0.5035,0.8635,-0.2570,0.0668,0.2936,Bright,
44.2782,3.6370,4.3483,0.0000,0.0000,0.0345,0.5046,0.8627,-0.0998,0.4926,0.8645,-0.0306,0.4921,0.8700,-0.2570,0.0667,0.2936,Bright,
44.2895,3.6384,4.3483,0.0000,0.0000,0.0349,0.4988,0.8660,-0.1014,0.4865,0.8678,-0.0311,0.4860,0.8734,-0.2570,0.0667,0.2936,Bright,
44.3006,3.6454,4.3475,0.0000,0.0000,0.0350,0.4937,0.8689,-0.1032,0.4812,0.8705,-0.0319,0.4807,0.8763,-0.2570,0.0667,0.2936,Bright,
44.3197,3.6438,4.3632,0.0000,0.0000,0.0347,0.4897,0.8712,-0.1090,0.4764,0.8724,-0.0349,0.4760,0.8787,-0.2570,0.0667,0.2936,Bright,
44.3225,3.6438,4.3632,0.0000,0.0000,0.0347,0.4896,0.8713,-0.1091,0.4763,0.8725,-0.0350,0.4759,0.8788,-0.2570,0.0667,0.2936,Bright,
44.3342,3.6422,4.3661,0.0000,0.0000,0.0350,0.4843,0.8742,-0.1104,0.4708,0.8753,-0.0355,0.4704,0.8817,-0.2570,0.0667,0.2936,Bright,
44.3452,3.6138,4.3481,0.0000,0.0000,0.0362,0.4868,0.8728,-0.1121,0.4730,0.8739,-0.0357,0.4727,0.8805,-0.2570,0.0667,0.2936,Bright,
44.3564,3.6040,4.3381,0.0000,0.0000,0.0355,0.4824,0.8753,-0.1140,0.4683,0.8762,-0.0370,0.4680,0.8829,-0.2570,0.0667,0.2936,Bright,
44.3674,3.6070,4.3306,0.0000,0.0000,0.0359,0.4819,0.8755,-0.1148,0.4678,0.8764,-0.0372,0.4675,0.8832,-0.2571,0.0667,0.2936,Bright,
44.3784,3.6098,4.3412,0.0000,0.0000,0.0366,0.4821,0.8754,-0.1161,0.4677,0.8762,-0.0375,0.4674,0.8832,-0.2571,0.0667,0.2936,Bright,
44.3897,3.6101,4.3463,0.0000,0.0000,0.0367,0.4825,0.8751,-0.1169,0.4680,0.8759,-0.0378,0.4678,0.8830,-0.2571,0.0667,0.2936,Bright,
44.4008,3.6220,4.3504,0.0000,0.0000,0.0369,0.4831,0.8748,-0.1176,0.4685,0.8756,-0.0381,0.4682,0.8828,-0.2571,0.0667,0.2936,Bright,
44.4119,3.6194,4.3333,0.0000,0.0000,0.0376,0.4840,0.8743,-0.1185,0.4692,0.8751,-0.0381,0.4690,0.8824,-0.2570,0.0667,0.2936,Bright,
44.4230,3.6096,4.3296,0.0000,0.0000,0.0382,0.4847,0.8739,-0.1185,0.4699,0.8747,-0.0378,0.4697,0.8820,-0.2570,0.0668,0.2936,Bright,
44.4343,3.6074,4.3272,0.0000,0.0000,0.0386,0.4845,0.8739,-0.1187,0.4698,0.8748,-0.0377,0.4695,0.8821,-0.2570,0.0668,0.2936,Bright,
44.4455,3.5974,4.3252,0.0000,0.0000,0.0397,0.4846,0.8738,-0.1186,0.4698,0.8748,-0.0371,0.4695,0.8821,-0.2570,0.0668,0.2937,Bright,
44.4611,3.5926,4.3287,0.0000,0.0000,0.0401,0.4844,0.8739,-0.1186,0.4696,0.8749,-0.0369,0.4693,0.8823,-0.2569,0.0668,0.2937,Bright,
44.4676,3.5959,4.3311,0.0000,0.0000,0.0396,0.4836,0.8744,-0.1194,0.4688,0.8752,-0.0376,0.4685,0.8827,-0.2569,0.0668,0.2937,Bright,
44.4787,3.5980,4.3345,0.0000,0.0000,0.0386,0.4825,0.8751,-0.1209,0.4675,0.8757,-0.0388,0.4672,0.8833,-0.2569,0.0668,0.2937,Bright,
44.4899,3.5989,4.3271,0.0000,0.0000,0.0370,0.4809,0.8760,-0.1226,0.4658,0.8764,-0.0405,0.4656,0.8841,-0.2568,0.0668,0.2937,Bright,
44.5012,3.6028,4.3207,0.0000,0.0000,0.0353,0.4793,0.8769,-0.1243,0.4641,0.8770,-0.0422,0.4639,0.8849,-0.2568,0.0667,0.2937,Bright,
44.5121,3.6101,4.3001,0.0000,0.0000,0.0304,0.4752,0.8793,-0.1293,0.4595,0.8787,-0.0472,0.4596,0.8869,-0.2567,0.0667,0.2937,Bright,
44.5232,3.6140,4.2984,0.0000,0.0000,0.0288,0.4737,0.8802,-0.1310,0.4579,0.8793,-0.0489,0.4580,0.8876,-0.2567,0.0667,0.2937,Bright,
44.5345,3.6068,4.2984,0.0000,0.0000,0.0266,0.4721,0.8812,-0.1332,0.4561,0.8799,-0.0511,0.4562,0.8884,-0.2566,0.0667,0.2936,Bright,
44.5459,3.5988,4.2897,0.0000,0.0000,0.0224,0.4689,0.8830,-0.1373,0.4525,0.8811,-0.0553,0.4528,0.8899,-0.2566,0.0667,0.2936,Bright,
44.5573,3.5978,4.2889,0.0000,0.0000,0.0204,0.4674,0.8838,-0.1392,0.4509,0.8816,-0.0573,0.4513,0.8905,-0.2566,0.0667,0.2936,Bright,
44.5679,3.5935,4.2880,0.0000,0.0000,0.0189,0.4666,0.8843,-0.1407,0.4500,0.8819,-0.0587,0.4504,0.8909,-0.2566,0.0667,0.2936,Bright,
44.5792,3.5916,4.2869,0.0000,0.0000,0.0160,0.4647,0.8853,-0.1435,0.4479,0.8825,-0.0616,0.4483,0.8917,-0.2566,0.0667,0.2936,Bright,
44.5903,3.5919,4.2869,0.0000,0.0000,0.0143,0.4637,0.8859,-0.1451,0.4468,0.8828,-0.0633,0.4473,0.8921,-0.2566,0.0668,0.2935,Bright,
44.6013,3.5872,4.2868,0.0000,0.0000,0.0135,0.4635,0.8860,-0.1460,0.4466,0.8828,-0.0642,0.4471,0.8922,-0.2565,0.0668,0.2935,Bright,
44.6125,3.5692,4.2648,0.0000,0.0000,0.0113,0.4620,0.8868,-0.1481,0.4449,0.8832,-0.0663,0.4455,0.8928,-0.2565,0.0668,0.2935,Bright,
44.6239,3.5572,4.2678,0.0000,0.0000,0.0102,0.4615,0.8871,-0.1491,0.4443,0.8834,-0.0674,0.4449,0.8930,-0.2565,0.0668,0.2935,Bright,
44.6350,3.5552,4.2710,0.0000,0.0000,0.0091,0.4608,0.8874,-0.1503,0.4435,0.8836,-0.0685,0.4442,0.8933,-0.2565,0.0668,0.2934,Bright,
44.6464,3.5522,4.2621,0.0000,0.0000,0.0071,0.4599,0.8879,-0.1522,0.4425,0.8838,-0.0706,0.4432,0.8936,-0.2565,0.0668,0.2934,Bright,
44.6574,3.5510,4.2678,0.0000,0.0000,0.0060,0.4595,0.8882,-0.1533,0.4420,0.8838,-0.0716,0.4428,0.8938,-0.2565,0.0668,0.2934,Bright,
44.6684,3.5584,4.2719,0.0000,0.0000,0.0053,0.4594,0.8882,-0.1540,0.4418,0.8838,-0.0724,0.4426,0.8938,-0.2566,0.0669,0.2934,Bright,
44.6796,3.5587,4.2617,0.0000,0.0000,0.0038,0.4586,0.8886,-0.1554,0.4410,0.8840,-0.0739,0.4418,0.8941,-0.2566,0.0669,0.2934,Bright,
44.6904,3.5543,4.2635,0.0000,0.0000,0.0033,0.4583,0.8888,-0.1558,0.4407,0.8840,-0.0743,0.4415,0.8942,-0.2566,0.0669,0.2934,Bright,
44.7019,3.5659,4.2645,0.0000,0.0000,0.0026,0.4577,0.8891,-0.1565,0.4400,0.8842,-0.0750,0.4409,0.8944,-0.2566,0.0669,0.2934,Bright,
44.7131,3.5720,4.2737,0.0000,0.0000,0.0012,0.4569,0.8895,-0.1577,0.4391,0.8845,-0.0763,0.4400,0.8947,-0.2566,0.0670,0.2935,Bright,
44.7244,3.5695,4.2722,0.0000,0.0000,0.0008,0.4566,0.8897,-0.1580,0.4388,0.8846,-0.0766,0.4397,0.8949,-0.2566,0.0670,0.2935,Bright,
44.7349,3.5810,4.2701,0.0000,0.0000,0.0003,0.4560,0.8900,-0.1583,0.4382,0.8848,-0.0770,0.4391,0.8951,-0.2566,0.0669,0.2935,Bright,
44.7462,3.5797,4.2776,0.0000,0.0000,-0.0008,0.4553,0.8903,-0.1590,0.4375,0.8851,-0.0780,0.4384,0.8954,-0.2565,0.0669,0.2935,Bright,
44.7572,3.5719,4.2801,0.0000,0.0000,-0.0013,0.4548,0.8906,-0.1594,0.4370,0.8852,-0.0784,0.4380,0.8956,-0.2565,0.0669,0.2936,Bright,
44.7683,3.5793,4.2784,0.0000,0.0000,-0.0022,0.4543,0.8908,-0.1599,0.4365,0.8854,-0.0792,0.4375,0.8958,-0.2566,0.0669,0.2936,Bright,
44.7794,3.5872,4.2742,0.0000,0.0000,-0.0026,0.4538,0.8911,-0.1601,0.4360,0.8856,-0.0794,0.4369,0.8960,-0.2566,0.0669,0.2937,Bright,
44.7906,3.5950,4.2742,0.0000,0.0000,-0.0033,0.4533,0.8914,-0.1606,0.4354,0.8858,-0.0801,0.4364,0.8962,-0.2566,0.0669,0.2937,Bright,
44.8019,3.6056,4.2788,0.0000,0.0000,-0.0045,0.4526,0.8917,-0.1614,0.4347,0.8860,-0.0810,0.4357,0.8964,-0.2566,0.0669,0.2937,Bright,
44.8132,3.6049,4.2829,0.0000,0.0000,-0.0052,0.4522,0.8919,-0.1619,0.4343,0.8861,-0.0816,0.4353,0.8966,-0.2566,0.0668,0.2938,Bright,
44.8239,3.6036,4.2799,0.0000,0.0000,-0.0055,0.4520,0.8920,-0.1620,0.4341,0.8862,-0.0819,0.4351,0.8967,-0.2567,0.0669,0.2938,Bright,
44.8352,3.6020,4.2718,0.0000,0.0000,-0.0063,0.4515,0.8923,-0.1624,0.4335,0.8864,-0.0825,0.4346,0.8968,-0.2567,0.0668,0.2938,Bright,
44.8462,3.5943,4.2678,0.0000,0.0000,-0.0067,0.4512,0.8924,-0.1626,0.4333,0.8865,-0.0828,0.4343,0.8969,-0.2567,0.0668,0.2938,Bright,
44.8574,3.5880,4.2671,0.0000,0.0000,-0.0075,0.4507,0.8927,-0.1632,0.4327,0.8866,-0.0835,0.4338,0.8971,-0.2568,0.0668,0.2939,Bright,
44.8685,3.5876,4.2705,0.0000,0.0000,-0.0088,0.4500,0.8930,-0.1642,0.4320,0.8868,-0.0847,0.4331,0.8973,-0.2568,0.0668,0.2939,Bright,
44.8801,3.5837,4.2730,0.0000,0.0000,-0.0080,0.4508,0.8926,-0.1633,0.4329,0.8865,-0.0838,0.4339,0.8970,-0.2568,0.0669,0.2939,Bright,
44.8907,3.5810,4.2789,0.0000,0.0000,-0.0082,0.4508,0.8926,-0.1634,0.4329,0.8865,-0.0839,0.4340,0.8970,-0.2569,0.0669,0.2939,Bright,
44.9021,3.5861,4.2703,0.0000,0.0000,-0.0069,0.4525,0.8917,-0.1618,0.4347,0.8859,-0.0825,0.4358,0.8963,-0.2569,0.0669,0.2939,Bright,
44.9187,3.5848,4.2495,0.0000,0.0000,-0.0078,0.4522,0.8919,-0.1623,0.4344,0.8860,-0.0832,0.4355,0.8964,-0.2570,0.0669,0.2939,Bright,
44.9242,3.5848,4.2495,0.0000,0.0000,-0.0079,0.4523,0.8918,-0.1624,0.4345,0.8859,-0.0833,0.4356,0.8963,-0.2570,0.0669,0.2939,Bright,
44.9354,3.5811,4.2558,0.0000,0.0000,-0.0035,0.4560,0.8900,-0.1579,0.4385,0.8847,-0.0788,0.4394,0.8948,-0.2571,0.0669,0.2939,Bright,
44.9465,3.5792,4.2639,0.0000,0.0000,-0.0051,0.4551,0.8904,-0.1594,0.4375,0.8850,-0.0803,0.4385,0.8951,-0.2571,0.0669,0.2939,Bright,
44.9580,3.5719,4.2774,0.0000,0.0000,-0.0030,0.4571,0.8894,-0.1571,0.4397,0.8843,-0.0781,0.4406,0.8943,-0.2572,0.0669,0.2939,Bright,
44.9691,3.5585,4.2807,0.0000,0.0000,-0.0018,0.4582,0.8888,-0.1559,0.4409,0.8839,-0.0769,0.4418,0.8938,-0.2573,0.0669,0.2939,Bright,
44.9801,3.5475,4.2698,0.0000,0.0000,-0.0006,0.4592,0.8883,-0.1547,0.4419,0.8836,-0.0757,0.4428,0.8934,-0.2573,0.0670,0.2939,Bright,
44.9910,3.5499,4.2596,0.0000,0.0000,0.0005,0.4602,0.8878,-0.1536,0.4430,0.8833,-0.0746,0.4439,0.8930,-0.2574,0.0670,0.2939,Bright,
45.0023,3.5301,4.2547,0.0000,0.0000,0.0027,0.4618,0.8870,-0.1513,0.4448,0.8828,-0.0723,0.4456,0.8923,-0.2574,0.0670,0.2938,Bright,
45.0139,3.5241,4.2537,0.0000,0.0000,0.0032,0.4624,0.8867,-0.1508,0.4454,0.8825,-0.0719,0.4462,0.8920,-0.2575,0.0670,0.2938,Bright,
45.0247,3.5095,4.2539,0.0000,0.0000,0.0040,0.4630,0.8863,-0.1499,0.4461,0.8823,-0.0709,0.4469,0.8918,-0.2575,0.0670,0.2939,Bright,
45.0356,3.5049,4.2363,0.0000,0.0000,0.0057,0.4642,0.8857,-0.1482,0.4474,0.8820,-0.0693,0.4481,0.8913,-0.2575,0.0670,0.2938,Bright,
45.0468,3.5138,4.2325,0.0000,0.0000,0.0062,0.4647,0.8854,-0.1475,0.4480,0.8818,-0.0686,0.4487,0.8911,-0.2576,0.0670,0.2938,Bright,
45.0579,3.5108,4.2301,0.0000,0.0000,0.0068,0.4652,0.8852,-0.1469,0.4485,0.8816,-0.0680,0.4492,0.8908,-0.2576,0.0670,0.2938,Bright,
45.0691,3.5072,4.2117,0.0000,0.0000,0.0075,0.4655,0.8850,-0.1461,0.4488,0.8816,-0.0673,0.4494,0.8908,-0.2577,0.0670,0.2938,Bright,
45.0805,3.4999,4.2055,0.0000,0.0000,0.0079,0.4658,0.8848,-0.1458,0.4492,0.8815,-0.0669,0.4498,0.8906,-0.2578,0.0670,0.2939,Bright,
45.0916,3.4922,4.2004,0.0000,0.0000,0.0086,0.4664,0.8846,-0.1450,0.4497,0.8813,-0.0662,0.4504,0.8904,-0.2578,0.0670,0.2939,Bright,
45.1098,3.4914,4.1818,0.0000,0.0000,0.0094,0.4671,0.8842,-0.1440,0.4505,0.8811,-0.0652,0.4511,0.8901,-0.2579,0.0670,0.2939,Bright,
45.1135,3.4914,4.1818,0.0000,0.0000,0.0093,0.4671,0.8841,-0.1441,0.4506,0.8810,-0.0654,0.4512,0.8900,-0.2579,0.0670,0.2939,Bright,
45.1248,3.4929,4.1795,0.0000,0.0000,0.0096,0.4675,0.8840,-0.1438,0.4509,0.8809,-0.0651,0.4516,0.8899,-0.2579,0.0670,0.2939,Bright,
45.1360,3.4983,4.1787,0.0000,0.0000,0.0099,0.4681,0.8836,-0.1434,0.4516,0.8806,-0.0647,0.4523,0.8895,-0.2579,0.0670,0.2939,Bright,
45.1470,3.5010,4.1897,0.0000,0.0000,0.0110,0.4690,0.8832,-0.1419,0.4526,0.8803,-0.0634,0.4532,0.8892,-0.2579,0.0670,0.2939,Bright,
45.1583,3.4984,4.1987,0.0000,0.0000,0.0195,0.4724,0.8812,-0.1347,0.4565,0.8795,-0.0555,0.4568,0.8878,-0.2579,0.0671,0.2939,Bright,
45.1694,3.4997,4.2042,0.0000,0.0000,0.0395,0.4808,0.8759,-0.1090,0.4672,0.8774,-0.0325,0.4667,0.8838,-0.2579,0.0671,0.2939,Bright,
45.1808,3.5027,4.2042,0.0000,0.0000,0.0626,0.4914,0.8687,-0.0816,0.4800,0.8734,-0.0071,0.4787,0.8780,-0.2579,0.0671,0.2939,Bright,
45.1916,3.4960,4.2032,0.0000,0.0000,0.0801,0.4991,0.8628,-0.0619,0.4893,0.8699,0.0117,0.4873,0.8732,-0.2579,0.0671,0.2940,Bright,
45.2027,3.4947,4.2068,0.0000,0.0000,0.0919,0.5047,0.8584,-0.0471,0.4961,0.8670,0.0250,0.4936,0.8693,-0.2578,0.0671,0.2939,Bright,
45.2138,3.4978,4.2118,0.0000,0.0000,0.0949,0.5062,0.8572,-0.0430,0.4980,0.8661,0.0286,0.4954,0.8682,-0.2578,0.0671,0.2940,Bright,
45.2255,3.5006,4.2159,0.0000,0.0000,0.0961,0.5073,0.8564,-0.0409,0.4993,0.8655,0.0302,0.4967,0.8674,-0.2578,0.0671,0.2940,Bright,
45.2362,3.5024,4.2237,0.0000,0.0000,0.0998,0.5102,0.8542,-0.0355,0.5026,0.8638,0.0348,0.4998,0.8654,-0.2577,0.0670,0.2939,Bright,
45.2472,3.5005,4.2216,0.0000,0.0000,0.0970,0.5094,0.8550,-0.0378,0.5017,0.8642,0.0322,0.4990,0.8660,-0.2577,0.0670,0.2939,Bright,
45.2586,3.4958,4.2194,0.0000,0.0000,0.0940,0.5087,0.8558,-0.0403,0.5007,0.8647,0.0294,0.4982,0.8666,-0.2577,0.0670,0.2939,Bright,
45.2697,3.4979,4.2264,0.0000,0.0000,0.0909,0.5080,0.8566,-0.0424,0.4999,0.8651,0.0268,0.4974,0.8671,-0.2577,0.0670,0.2939,Bright,
45.2808,3.4993,4.2288,0.0000,0.0000,0.0861,0.5068,0.8578,-0.0469,0.4983,0.8657,0.0221,0.4961,0.8680,-0.2577,0.0670,0.2939,Bright,
45.2919,3.4930,4.2309,0.0000,0.0000,0.0857,0.5071,0.8576,-0.0471,0.4987,0.8655,0.0217,0.4964,0.8678,-0.2576,0.0671,0.2938,Bright,
45.3030,3.4806,4.2304,0.0000,0.0000,0.0824,0.5064,0.8583,-0.0502,0.4978,0.8658,0.0185,0.4956,0.8683,-0.2576,0.0670,0.2938,Bright,
45.3141,3.4745,4.2333,0.0000,0.0000,0.0811,0.5060,0.8587,-0.0515,0.4973,0.8660,0.0172,0.4952,0.8686,-0.2576,0.0671,0.2937,Bright,
45.3258,3.4821,4.2359,0.0000,0.0000,0.0805,0.5061,0.8587,-0.0520,0.4974,0.8660,0.0166,0.4952,0.8686,-0.2576,0.0671,0.2937,Bright,
45.3364,3.4968,4.2351,0.0000,0.0000,0.0796,0.5058,0.8589,-0.0529,0.4971,0.8661,0.0158,0.4950,0.8687,-0.2575,0.0671,0.2937,Bright,
45.3481,3.5025,4.2331,0.0000,0.0000,0.0795,0.5057,0.8590,-0.0531,0.4970,0.8661,0.0156,0.4949,0.8688,-0.2575,0.0671,0.2936,Bright,
45.3590,3.5037,4.2312,0.0000,0.0000,0.0795,0.5057,0.8590,-0.0531,0.4969,0.8662,0.0156,0.4948,0.8688,-0.2574,0.0671,0.2936,Bright,
45.3701,3.5042,4.2411,0.0000,0.0000,0.0796,0.5062,0.8587,-0.0531,0.4974,0.8659,0.0156,0.4953,0.8686,-0.2574,0.0671,0.2936,Bright,
45.3810,3.5051,4.2478,0.0000,0.0000,0.0798,0.5067,0.8584,-0.0531,0.4980,0.8656,0.0158,0.4959,0.8683,-0.2574,0.0671,0.2936,Bright,
45.3921,3.5187,4.2575,0.0000,0.0000,0.0799,0.5077,0.8578,-0.0533,0.4990,0.8650,0.0157,0.4969,0.8677,-0.2574,0.0672,0.2936,Bright,
45.4032,3.5177,4.2600,0.0000,0.0000,0.0798,0.5079,0.8577,-0.0536,0.4992,0.8648,0.0155,0.4971,0.8676,-0.2573,0.0671,0.2935,Bright,
45.4143,3.5162,4.2666,0.0000,0.0000,0.0799,0.5084,0.8574,-0.0537,0.4996,0.8646,0.0155,0.4975,0.8673,-0.2573,0.0672,0.2935,Bright,
45.4258,3.5150,4.2734,0.0000,0.0000,0.0795,0.5086,0.8573,-0.0546,0.4997,0.8644,0.0148,0.4976,0.8673,-0.2573,0.0672,0.2935,Bright,
45.4373,3.5196,4.2744,0.0000,0.0000,0.0792,0.5085,0.8574,-0.0551,0.4997,0.8645,0.0145,0.4976,0.8673,-0.2572,0.0671,0.2936,Bright,
45.4477,3.5242,4.2702,0.0000,0.0000,0.0789,0.5085,0.8574,-0.0556,0.4996,0.8645,0.0140,0.4975,0.8673,-0.2572,0.0672,0.2936,Bright,
45.4589,3.5268,4.2662,0.0000,0.0000,0.0786,0.5085,0.8574,-0.0560,0.4996,0.8645,0.0137,0.4975,0.8673,-0.2571,0.0672,0.2936,Bright,
45.4705,3.5267,4.2590,0.0000,0.0000,0.0781,0.5083,0.8576,-0.0568,0.4993,0.8646,0.0131,0.4973,0.8675,-0.2571,0.0671,0.2936,Bright,
45.4815,3.5247,4.2593,0.0000,0.0000,0.0779,0.5081,0.8578,-0.0571,0.4990,0.8647,0.0128,0.4970,0.8677,-0.2570,0.0671,0.2937,Bright,
45.4923,3.5150,4.2650,0.0000,0.0000,0.0775,0.5077,0.8580,-0.0578,0.4986,0.8649,0.0123,0.4966,0.8679,-0.2570,0.0671,0.2937,Bright,
45.5035,3.5249,4.2691,0.0000,0.0000,0.0777,0.5076,0.8581,-0.0579,0.4985,0.8650,0.0123,0.4965,0.8680,-0.2569,0.0671,0.2937,Bright,
45.5146,3.5337,4.2734,0.0000,0.0000,0.0777,0.5076,0.8581,-0.0580,0.4984,0.8650,0.0123,0.4964,0.8680,-0.2569,0.0671,0.2937,Bright,
45.5261,3.5221,4.2719,0.0000,0.0000,0.0768,0.5071,0.8584,-0.0592,0.4979,0.8652,0.0112,0.4959,0.8683,-0.2569,0.0671,0.2938,Bright,
45.5371,3.5170,4.2675,0.0000,0.0000,0.0765,0.5070,0.8586,-0.0597,0.4977,0.8653,0.0108,0.4958,0.8684,-0.2568,0.0670,0.2937,Bright,
45.5480,3.5120,4.2647,0.0000,0.0000,0.0762,0.5069,0.8586,-0.0601,0.4976,0.8653,0.0105,0.4956,0.8685,-0.2568,0.0670,0.2938,Bright,
45.5593,3.5071,4.2578,0.0000,0.0000,0.0751,0.5066,0.8589,-0.0615,0.4972,0.8655,0.0092,0.4952,0.8687,-0.2568,0.0670,0.2938,Bright,
45.5705,3.5162,4.2545,0.0000,0.0000,0.0748,0.5063,0.8591,-0.0618,0.4969,0.8656,0.0089,0.4950,0.8689,-0.2568,0.0671,0.2938,Bright,
45.5818,3.5238,4.2570,0.0000,0.0000,0.0745,0.5063,0.8591,-0.0623,0.4968,0.8656,0.0085,0.4949,0.8689,-0.2568,0.0671,0.2938,Bright,
45.5925,3.5290,4.2601,0.0000,0.0000,0.0739,0.5061,0.8593,-0.0633,0.4966,0.8657,0.0077,0.4947,0.8690,-0.2567,0.0671,0.2938,Bright,
45.6039,3.5398,4.2609,0.0000,0.0000,0.0735,0.5062,0.8593,-0.0638,0.4966,0.8656,0.0073,0.4947,0.8690,-0.2567,0.0670,0.2938,Bright,
45.6148,3.5480,4.2570,0.0000,0.0000,0.0733,0.5061,0.8594,-0.0642,0.4964,0.8657,0.0070,0.4946,0.8691,-0.2567,0.0670,0.2938,Bright,
45.6260,3.5450,4.2537,0.0000,0.0000,0.0731,0.5061,0.8594,-0.0648,0.4964,0.8657,0.0065,0.4946,0.8691,-0.2566,0.0670,0.2938,Bright,
45.6375,3.5398,4.2543,0.0000,0.0000,0.0730,0.5064,0.8592,-0.0650,0.4967,0.8655,0.0064,0.4948,0.8690,-0.2566,0.0670,0.2938,Bright,
45.6482,3.5348,4.2505,0.0000,0.0000,0.0730,0.5066,0.8591,-0.0653,0.4968,0.8654,0.0063,0.4950,0.8689,-0.2566,0.0670,0.2938,Bright,
45.6594,3.5317,4.2356,0.0000,0.0000,0.0727,0.5073,0.8587,-0.0659,0.4975,0.8649,0.0058,0.4957,0.8685,-0.2566,0.0670,0.2938,Bright,
45.6712,3.5322,4.2254,0.0000,0.0000,0.0722,0.5069,0.8590,-0.0666,0.4971,0.8651,0.0052,0.4953,0.8687,-0.2567,0.0671,0.2938,Bright,
45.6819,3.5253,4.2170,0.0000,0.0000,0.0721,0.5073,0.8588,-0.0669,0.4974,0.8649,0.0051,0.4956,0.8685,-0.2567,0.0671,0.2938,Bright,
45.6931,3.5142,4.2030,0.0000,0.0000,0.0724,0.5079,0.8584,-0.0670,0.4980,0.8646,0.0051,0.4962,0.8682,-0.2567,0.0671,0.2938,Bright,
45.7039,3.5101,4.1940,0.0000,0.0000,0.0721,0.5080,0.8584,-0.0674,0.4981,0.8645,0.0048,0.4963,0.8681,-0.2567,0.0671,0.2938,Bright,
45.7151,3.5050,4.1880,0.0000,0.0000,0.0721,0.5081,0.8583,-0.0676,0.4982,0.8644,0.0047,0.4964,0.8681,-0.2567,0.0671,0.2938,Bright,
45.7263,3.4944,4.1893,0.0000,0.0000,0.0720,0.5082,0.8582,-0.0680,0.4983,0.8643,0.0045,0.4965,0.8680,-0.2567,0.0671,0.2938,Bright,
45.7375,3.4885,4.1848,0.0000,0.0000,0.0719,0.5083,0.8582,-0.0680,0.4984,0.8643,0.0044,0.4966,0.8680,-0.2567,0.0670,0.2938,Bright,
45.7486,3.4727,4.1824,0.0000,0.0000,0.0721,0.5083,0.8581,-0.0678,0.4984,0.8643,0.0046,0.4966,0.8679,-0.2567,0.0670,0.2938,Bright,
45.7597,3.4529,4.1608,0.0000,0.0000,0.0713,0.5079,0.8585,-0.0657,0.4982,0.8646,0.0052,0.4964,0.8681,-0.2567,0.0671,0.2938,Bright,
45.7708,3.4482,4.1363,0.0000,0.0000,0.0704,0.5072,0.8589,-0.0637,0.4978,0.8650,0.0057,0.4960,0.8683,-0.2567,0.0671,0.2938,Bright,
45.7820,3.4386,4.1171,0.0000,0.0000,0.0701,0.5065,0.8594,-0.0619,0.4972,0.8654,0.0064,0.4954,0.8686,-0.2568,0.0671,0.2938,Bright,
45.7932,3.4280,4.1003,0.0000,0.0000,0.0698,0.5048,0.8604,-0.0585,0.4959,0.8664,0.0079,0.4941,0.8694,-0.2568,0.0671,0.2938,Bright,
45.8042,3.4252,4.0902,0.0000,0.0000,0.0689,0.5040,0.8610,-0.0558,0.4953,0.8669,0.0088,0.4935,0.8697,-0.2568,0.0670,0.2938,Bright,
45.8153,3.4351,4.0831,0.0000,0.0000,0.0704,0.5025,0.8617,-0.0524,0.4941,0.8678,0.0111,0.4922,0.8704,-0.2568,0.0670,0.2938,Bright,
45.8264,3.4295,4.0830,0.0000,0.0000,0.0713,0.5018,0.8620,-0.0511,0.4936,0.8682,0.0123,0.4916,0.8707,-0.2568,0.0670,0.2938,Bright,
45.8379,3.4244,4.0910,0.0000,0.0000,0.0722,0.5011,0.8624,-0.0498,0.4929,0.8687,0.0133,0.4909,0.8711,-0.2568,0.0670,0.2937,Bright,
45.8489,3.4578,4.1178,0.0000,0.0000,0.0755,0.4978,0.8640,-0.0463,0.4898,0.8706,0.0168,0.4877,0.8728,-0.2568,0.0670,0.2937,Bright,
45.8598,3.4594,4.1333,0.0000,0.0000,0.0794,0.4912,0.8674,-0.0423,0.4834,0.8744,0.0208,0.4812,0.8764,-0.2568,0.0671,0.2937,Bright,
45.8709,3.4606,4.1303,0.0000,0.0000,0.0846,0.4823,0.8719,-0.0373,0.4746,0.8794,0.0259,0.4722,0.8811,-0.2569,0.0671,0.2937,Bright,
45.8826,3.4470,4.1239,0.0000,0.0000,0.0950,0.4567,0.8845,-0.0267,0.4494,0.8929,0.0364,0.4467,0.8939,-0.2568,0.0671,0.2937,Bright,
45.8938,3.4543,4.1214,0.0000,0.0000,0.0956,0.4562,0.8847,-0.0260,0.4490,0.8931,0.0371,0.4463,0.8941,-0.2568,0.0672,0.2937,Bright,
45.9045,3.4620,4.1223,0.0000,0.0000,0.0988,0.4491,0.8880,-0.0228,0.4419,0.8968,0.0403,0.4391,0.8975,-0.2568,0.0671,0.2936,Bright,
45.9154,3.5019,4.1389,0.0000,0.0000,0.1034,0.4403,0.8919,-0.0188,0.4333,0.9011,0.0446,0.4303,0.9016,-0.2568,0.0672,0.2936,Bright,
45.9266,3.5028,4.1505,0.0000,0.0000,0.1049,0.4366,0.8935,-0.0174,0.4296,0.9028,0.0461,0.4266,0.9033,-0.2568,0.0672,0.2936,Bright,
45.9378,3.5011,4.1570,0.0000,0.0000,0.1055,0.4347,0.8944,-0.0172,0.4277,0.9038,0.0465,0.4246,0.9042,-0.2567,0.0671,0.2936,Bright,
45.9490,3.5056,4.1608,0.0000,0.0000,0.1044,0.4361,0.8938,-0.0188,0.4290,0.9031,0.0452,0.4259,0.9036,-0.2567,0.0671,0.2936,Bright,
45.9600,3.5021,4.1592,0.0000,0.0000,0.1060,0.4332,0.8950,-0.0176,0.4261,0.9045,0.0466,0.4231,0.9049,-0.2567,0.0671,0.2936,Bright,
45.9713,3.5002,4.1604,0.0000,0.0000,0.1054,0.4340,0.8947,-0.0186,0.4269,0.9041,0.0457,0.4238,0.9046,-0.2567,0.0671,0.2936,Bright,
45.9824,3.5164,4.1642,0.0000,0.0000,0.1037,0.4345,0.8947,-0.0212,0.4272,0.9039,0.0436,0.4242,0.9045,-0.2567,0.0671,0.2935,Bright,
45.9936,3.5322,4.1663,0.0000,0.0000,0.1032,0.4346,0.8947,-0.0222,0.4272,0.9039,0.0429,0.4242,0.9045,-0.2567,0.0671,0.2935,Bright,
46.0046,3.5457,4.1572,0.0000,0.0000,0.1027,0.4353,0.8944,-0.0240,0.4278,0.9036,0.0417,0.4248,0.9043,-0.2567,0.0671,0.2935,Bright,
46.0159,3.5445,4.1571,0.0000,0.0000,0.1025,0.4356,0.8943,-0.0249,0.4279,0.9035,0.0412,0.4250,0.9043,-0.2567,0.0671,0.2935,Bright,
46.0270,3.5411,4.1573,0.0000,0.0000,0.1025,0.4354,0.8944,-0.0256,0.4277,0.9035,0.0409,0.4248,0.9044,-0.2567,0.0671,0.2935,Bright,
46.0381,3.5349,4.1786,0.0000,0.0000,0.1017,0.4357,0.8943,-0.0279,0.4279,0.9034,0.0394,0.4249,0.9044,-0.2567,0.0671,0.2934,Bright,
46.0500,3.5338,4.1808,0.0000,0.0000,0.1008,0.4355,0.8945,-0.0296,0.4275,0.9035,0.0381,0.4246,0.9046,-0.2567,0.0671,0.2934,Bright,
46.0605,3.5384,4.1817,0.0000,0.0000,0.1000,0.4355,0.8946,-0.0312,0.4274,0.9035,0.0369,0.4245,0.9047,-0.2567,0.0671,0.2934,Bright,
46.0715,3.5428,4.1978,0.0000,0.0000,0.0982,0.4352,0.8950,-0.0347,0.4268,0.9037,0.0342,0.4240,0.9050,-0.2568,0.0672,0.2933,Bright,
46.0828,3.5428,4.1908,0.0000,0.0000,0.0974,0.4349,0.8952,-0.0364,0.4264,0.9038,0.0330,0.4236,0.9053,-0.2568,0.0672,0.2933,Bright,
46.0939,3.5377,4.1851,0.0000,0.0000,0.0967,0.4346,0.8954,-0.0380,0.4261,0.9039,0.0319,0.4232,0.9055,-0.2568,0.0672,0.2932,Bright,
46.1050,3.5444,4.2043,0.0000,0.0000,0.0953,0.4346,0.8956,-0.0411,0.4258,0.9039,0.0297,0.4230,0.9056,-0.2568,0.0672,0.2932,Bright,
46.1162,3.5545,4.2084,0.0000,0.0000,0.0948,0.4350,0.8954,-0.0425,0.4260,0.9037,0.0287,0.4233,0.9055,-0.2568,0.0672,0.2932,Bright,
46.1273,3.5624,4.2122,0.0000,0.0000,0.0942,0.4353,0.8954,-0.0440,0.4262,0.9036,0.0276,0.4235,0.9055,-0.2568,0.0672,0.2932,Bright,
46.1383,3.5721,4.2111,0.0000,0.0000,0.0941,0.4363,0.8949,-0.0457,0.4271,0.9031,0.0268,0.4244,0.9051,-0.2569,0.0672,0.2931,Bright,
46.1497,3.5733,4.2071,0.0000,0.0000,0.0941,0.4367,0.8947,-0.0465,0.4274,0.9029,0.0264,0.4247,0.9049,-0.2569,0.0672,0.2931,Bright,
46.1608,3.5657,4.2042,0.0000,0.0000,0.0938,0.4367,0.8947,-0.0475,0.4274,0.9028,0.0258,0.4247,0.9050,-0.2569,0.0672,0.2932,Bright,
46.1717,3.5526,4.1976,0.0000,0.0000,0.0898,0.4341,0.8964,-0.0529,0.4244,0.9039,0.0210,0.4218,0.9064,-0.2569,0.0672,0.2932,Bright,
46.1829,3.5474,4.1885,0.0000,0.0000,0.0881,0.4325,0.8973,-0.0552,0.4225,0.9047,0.0190,0.4200,0.9073,-0.2569,0.0673,0.2932,Bright,
46.1944,3.5276,4.1840,0.0000,0.0000,0.0849,0.4301,0.8988,-0.0595,0.4198,0.9057,0.0153,0.4174,0.9086,-0.2568,0.0672,0.2932,Bright,
46.2053,3.5271,4.1869,0.0000,0.0000,0.0834,0.4293,0.8993,-0.0615,0.4188,0.9060,0.0135,0.4164,0.9091,-0.2568,0.0672,0.2932,Bright,
46.2164,3.5273,4.1890,0.0000,0.0000,0.0818,0.4283,0.8999,-0.0636,0.4177,0.9064,0.0117,0.4154,0.9096,-0.2567,0.0672,0.2932,Bright,
46.2276,3.5219,4.1931,0.0000,0.0000,0.0805,0.4274,0.9004,-0.0659,0.4166,0.9067,0.0099,0.4144,0.9101,-0.2567,0.0672,0.2933,Bright,
46.2388,3.5172,4.1955,0.0000,0.0000,0.0787,0.4261,0.9013,-0.0681,0.4151,0.9072,0.0079,0.4129,0.9107,-0.2567,0.0672,0.2933,Bright,
46.2497,3.5251,4.1964,0.0000,0.0000,0.0769,0.4248,0.9020,-0.0704,0.4136,0.9077,0.0058,0.4115,0.9114,-0.2567,0.0672,0.2933,Bright,
46.2613,3.5301,4.1900,0.0000,0.0000,0.0739,0.4229,0.9032,-0.0742,0.4114,0.9084,0.0024,0.4094,0.9124,-0.2567,0.0671,0.2934,Bright,
46.2720,3.5292,4.1838,0.0000,0.0000,0.0730,0.4221,0.9036,-0.0755,0.4105,0.9087,0.0013,0.4085,0.9128,-0.2567,0.0671,0.2934,Bright,
46.2832,3.5249,4.1787,0.0000,0.0000,0.0726,0.4216,0.9039,-0.0762,0.4100,0.9089,0.0007,0.4080,0.9130,-0.2567,0.0671,0.2935,Bright,
46.2944,3.5146,4.1790,0.0000,0.0000,0.0703,0.4201,0.9047,-0.0792,0.4083,0.9094,-0.0020,0.4064,0.9137,-0.2566,0.0671,0.2935,Bright,
46.3056,3.5108,4.1798,0.0000,0.0000,0.0691,0.4194,0.9052,-0.0806,0.4075,0.9097,-0.0032,0.4056,0.9141,-0.2566,0.0671,0.2936,Bright,
46.3171,3.5205,4.1808,0.0000,0.0000,0.0668,0.4182,0.9059,-0.0836,0.4060,0.9101,-0.0059,0.4041,0.9147,-0.2566,0.0671,0.2936,Bright,
46.3278,3.5251,4.1804,0.0000,0.0000,0.0654,0.4173,0.9064,-0.0852,0.4050,0.9103,-0.0074,0.4032,0.9151,-0.2565,0.0671,0.2936,Bright,
46.3389,3.5287,4.1777,0.0000,0.0000,0.0643,0.4167,0.9068,-0.0866,0.4043,0.9105,-0.0087,0.4025,0.9154,-0.2565,0.0670,0.2937,Bright,
46.3501,3.5382,4.1721,0.0000,0.0000,0.0621,0.4155,0.9075,-0.0893,0.4029,0.9109,-0.0112,0.4012,0.9159,-0.2565,0.0670,0.2937,Bright,
46.3613,3.5320,4.1694,0.0000,0.0000,0.0608,0.4146,0.9080,-0.0909,0.4018,0.9112,-0.0126,0.4002,0.9163,-0.2565,0.0670,0.2938,Bright,
46.3722,3.5267,4.1691,0.0000,0.0000,0.0599,0.4140,0.9083,-0.0922,0.4011,0.9114,-0.0137,0.3996,0.9166,-0.2565,0.0670,0.2938,Bright,
46.3835,3.5374,4.1680,0.0000,0.0000,0.0580,0.4128,0.9090,-0.0947,0.3998,0.9117,-0.0159,0.3983,0.9171,-0.2565,0.0670,0.2939,Bright,
46.3947,3.5399,4.1672,0.0000,0.0000,0.0570,0.4121,0.9093,-0.0959,0.3990,0.9119,-0.0170,0.3975,0.9175,-0.2565,0.0670,0.2939,Bright,
46.4058,3.5423,4.1704,0.0000,0.0000,0.0563,0.4115,0.9096,-0.0970,0.3983,0.9121,-0.0179,0.3968,0.9177,-0.2564,0.0670,0.2939,Bright,
46.4170,3.5473,4.1688,0.0000,0.0000,0.0545,0.4104,0.9103,-0.0993,0.3970,0.9124,-0.0200,0.3956,0.9182,-0.2564,0.0669,0.2940,Bright,
46.4279,3.5391,4.1653,0.0000,0.0000,0.0534,0.4099,0.9106,-0.1007,0.3964,0.9126,-0.0212,0.3950,0.9184,-0.2565,0.0669,0.2940,Bright,
46.4392,3.5325,4.1708,0.0000,0.0000,0.0526,0.4093,0.9109,-0.1018,0.3957,0.9127,-0.0222,0.3943,0.9187,-0.2565,0.0669,0.2940,Bright,
46.4501,3.5353,4.1786,0.0000,0.0000,0.0511,0.4081,0.9115,-0.1039,0.3943,0.9131,-0.0240,0.3930,0.9192,-0.2565,0.0669,0.2941,Bright,
46.4615,3.5333,4.1815,0.0000,0.0000,0.0503,0.4077,0.9117,-0.1048,0.3939,0.9132,-0.0249,0.3926,0.9194,-0.2565,0.0669,0.2941,Bright,
46.4725,3.5321,4.1875,0.0000,0.0000,0.0494,0.4072,0.9120,-0.1060,0.3933,0.9133,-0.0259,0.3920,0.9196,-0.2565,0.0669,0.2941,Bright,
46.4835,3.5314,4.1979,0.0000,0.0000,0.0475,0.4063,0.9125,-0.1085,0.3922,0.9135,-0.0281,0.3910,0.9200,-0.2565,0.0669,0.2941,Bright,
46.4947,3.5387,4.2031,0.0000,0.0000,0.0464,0.4059,0.9127,-0.1098,0.3917,0.9135,-0.0293,0.3905,0.9201,-0.2565,0.0669,0.2942,Bright,
46.5061,3.5452,4.2103,0.0000,0.0000,0.0457,0.4056,0.9129,-0.1108,0.3913,0.9135,-0.0302,0.3902,0.9202,-0.2565,0.0668,0.2942,Bright,
46.5171,3.5551,4.2174,0.0000,0.0000,0.0440,0.4047,0.9134,-0.1131,0.3902,0.9138,-0.0322,0.3891,0.9206,-0.2565,0.0668,0.2942,Bright,
46.5282,3.5675,4.2182,0.0000,0.0000,0.0432,0.4042,0.9137,-0.1141,0.3896,0.9139,-0.0331,0.3886,0.9208,-0.2565,0.0668,0.2942,Bright,
46.5393,3.5770,4.2208,0.0000,0.0000,0.0429,0.4039,0.9138,-0.1147,0.3893,0.9140,-0.0335,0.3882,0.9210,-0.2565,0.0668,0.2942,Bright,
46.5504,3.5729,4.2270,0.0000,0.0000,0.0418,0.4029,0.9143,-0.1163,0.3881,0.9142,-0.0349,0.3872,0.9214,-0.2566,0.0668,0.2942,Bright,
46.5619,3.5748,4.2306,0.0000,0.0000,0.0415,0.4024,0.9145,-0.1168,0.3876,0.9144,-0.0353,0.3866,0.9216,-0.2566,0.0668,0.2942,Bright,
46.5730,3.5758,4.2301,0.0000,0.0000,0.0409,0.4020,0.9147,-0.1177,0.3871,0.9145,-0.0360,0.3861,0.9217,-0.2566,0.0668,0.2942,Bright,
46.5839,3.5796,4.2341,0.0000,0.0000,0.0405,0.4018,0.9148,-0.1185,0.3867,0.9145,-0.0367,0.3858,0.9218,-0.2566,0.0668,0.2942,Bright,
46.5952,3.5772,4.2380,0.0000,0.0000,0.0399,0.4015,0.9150,-0.1192,0.3864,0.9146,-0.0373,0.3856,0.9219,-0.2566,0.0668,0.2942,Bright,
46.6063,3.5747,4.2385,0.0000,0.0000,0.0394,0.4014,0.9150,-0.1200,0.3863,0.9145,-0.0380,0.3854,0.9220,-0.2566,0.0668,0.2942,Bright,
46.6173,3.5763,4.2426,0.0000,0.0000,0.0383,0.4012,0.9152,-0.1214,0.3859,0.9145,-0.0392,0.3851,0.9220,-0.2566,0.0668,0.2942,Bright,
46.6284,3.5788,4.2450,0.0000,0.0000,0.0379,0.4013,0.9152,-0.1220,0.3860,0.9144,-0.0397,0.3852,0.9220,-0.2566,0.0668,0.2942,Bright,
46.6399,3.5802,4.2565,0.0000,0.0000,0.0371,0.4013,0.9152,-0.1231,0.3860,0.9143,-0.0407,0.3852,0.9220,-0.2566,0.0669,0.2942,Bright,
46.6506,3.5787,4.2650,0.0000,0.0000,0.0368,0.4011,0.9153,-0.1236,0.3857,0.9143,-0.0410,0.3849,0.9221,-0.2566,0.0669,0.2942,Bright,
46.6623,3.5855,4.2671,0.0000,0.0000,0.0359,0.4009,0.9154,-0.1247,0.3854,0.9143,-0.0421,0.3847,0.9221,-0.2566,0.0669,0.2942,Bright,
46.6732,3.5957,4.2673,0.0000,0.0000,0.0354,0.4004,0.9156,-0.1256,0.3849,0.9144,-0.0428,0.3841,0.9223,-0.2565,0.0669,0.2942,Bright,
46.6840,3.6004,4.2660,0.0000,0.0000,0.0349,0.4001,0.9158,-0.1263,0.3845,0.9144,-0.0434,0.3838,0.9224,-0.2565,0.0669,0.2942,Bright,
46.6952,3.6007,4.2616,0.0000,0.0000,0.0343,0.3998,0.9160,-0.1270,0.3842,0.9145,-0.0441,0.3834,0.9225,-0.2564,0.0669,0.2941,Bright,
46.7064,3.5982,4.2601,0.0000,0.0000,0.0338,0.3993,0.9162,-0.1279,0.3836,0.9146,-0.0448,0.3829,0.9227,-0.2564,0.0668,0.2941,Bright,
46.7177,3.5971,4.2617,0.0000,0.0000,0.0333,0.3989,0.9164,-0.1285,0.3831,0.9147,-0.0453,0.3824,0.9229,-0.2564,0.0668,0.2942,Bright,
46.7289,3.5963,4.2668,0.0000,0.0000,0.0328,0.3985,0.9166,-0.1292,0.3827,0.9148,-0.0459,0.3820,0.9230,-0.2563,0.0668,0.2941,Bright,
46.7400,3.5931,4.2714,0.0000,0.0000,0.0320,0.3979,0.9169,-0.1304,0.3820,0.9149,-0.0469,0.3814,0.9232,-0.2563,0.0667,0.2941,Bright,
46.7508,3.5878,4.2710,0.0000,0.0000,0.0315,0.3975,0.9171,-0.1310,0.3815,0.9150,-0.0475,0.3809,0.9234,-0.2563,0.0667,0.2942,Bright,
46.7622,3.5834,4.2665,0.0000,0.0000,0.0310,0.3972,0.9172,-0.1316,0.3811,0.9151,-0.0480,0.3805,0.9235,-0.2563,0.0667,0.2942,Bright,
46.7734,3.5669,4.2716,0.0000,0.0000,0.0301,0.3969,0.9174,-0.1329,0.3807,0.9151,-0.0492,0.3801,0.9236,-0.2563,0.0667,0.2942,Bright,
46.7849,3.5684,4.2798,0.0000,0.0000,0.0296,0.3966,0.9175,-0.1336,0.3804,0.9151,-0.0497,0.3799,0.9237,-0.2563,0.0667,0.2942,Bright,
46.7958,3.5705,4.2818,0.0000,0.0000,0.0293,0.3967,0.9175,-0.1341,0.3805,0.9150,-0.0501,0.3799,0.9237,-0.2563,0.0667,0.2942,Bright,
46.8069,3.5796,4.2899,0.0000,0.0000,0.0283,0.3966,0.9175,-0.1354,0.3803,0.9149,-0.0513,0.3798,0.9237,-0.2562,0.0667,0.2942,Bright,
46.8181,3.5831,4.2944,0.0000,0.0000,0.0280,0.3970,0.9174,-0.1359,0.3806,0.9147,-0.0517,0.3801,0.9235,-0.2562,0.0667,0.2942,Bright,
46.8296,3.5851,4.2932,0.0000,0.0000,0.0276,0.3970,0.9174,-0.1365,0.3805,0.9146,-0.0522,0.3801,0.9235,-0.2561,0.0667,0.2942,Bright,
46.8403,3.5825,4.2893,0.0000,0.0000,0.0272,0.3972,0.9173,-0.1371,0.3807,0.9145,-0.0527,0.3803,0.9234,-0.2561,0.0666,0.2942,Bright,
46.8513,3.5822,4.2862,0.0000,0.0000,0.0270,0.3972,0.9173,-0.1374,0.3807,0.9144,-0.0530,0.3803,0.9234,-0.2560,0.0666,0.2942,Bright,
46.8625,3.5821,4.2826,0.0000,0.0000,0.0268,0.3972,0.9173,-0.1378,0.3807,0.9144,-0.0532,0.3802,0.9234,-0.2560,0.0666,0.2942,Bright,
46.8742,3.5843,4.2795,0.0000,0.0000,0.0264,0.3974,0.9173,-0.1385,0.3808,0.9142,-0.0538,0.3803,0.9233,-0.2559,0.0667,0.2943,Bright,
46.8847,3.5838,4.2792,0.0000,0.0000,0.0262,0.3974,0.9173,-0.1388,0.3808,0.9142,-0.0541,0.3804,0.9232,-0.2559,0.0667,0.2943,Bright,
46.8958,3.5831,4.2835,0.0000,0.0000,0.0262,0.3976,0.9172,-0.1389,0.3810,0.9141,-0.0541,0.3805,0.9232,-0.2558,0.0667,0.2943,Dark,
46.9071,3.5734,4.2997,0.0000,0.0000,0.0261,0.3976,0.9172,-0.1391,0.3810,0.9140,-0.0543,0.3806,0.9232,-0.2557,0.0666,0.2944,Dark,
46.9182,3.5726,4.3101,0.0000,0.0000,0.0260,0.3975,0.9172,-0.1393,0.3809,0.9141,-0.0544,0.3804,0.9232,-0.2556,0.0666,0.2945,Dark,
46.9291,3.5724,4.3170,0.0000,0.0000,0.0259,0.3973,0.9173,-0.1394,0.3807,0.9141,-0.0545,0.3803,0.9233,-0.2555,0.0666,0.2945,Dark,
46.9404,3.5977,4.3130,0.0000,0.0000,0.0256,0.3974,0.9173,-0.1399,0.3807,0.9140,-0.0549,0.3803,0.9232,-0.2554,0.0666,0.2946,Dark,
46.9514,3.6143,4.3047,0.0000,0.0000,0.0254,0.3970,0.9175,-0.1402,0.3803,0.9142,-0.0552,0.3799,0.9234,-0.2554,0.0665,0.2947,Dark,
46.9625,3.6271,4.3140,0.0000,0.0000,0.0251,0.3966,0.9176,-0.1406,0.3800,0.9143,-0.0556,0.3795,0.9235,-0.2554,0.0665,0.2947,Dark,
46.9741,3.6149,4.3227,0.0000,0.0000,0.0254,0.3971,0.9174,-0.1404,0.3804,0.9141,-0.0553,0.3800,0.9233,-0.2553,0.0665,0.2948,Dark,
46.9850,3.6143,4.3232,0.0000,0.0000,0.0255,0.3969,0.9175,-0.1403,0.3802,0.9142,-0.0552,0.3798,0.9234,-0.2553,0.0664,0.2949,Dark,
46.9959,3.6138,4.3264,0.0000,0.0000,0.0253,0.3965,0.9177,-0.1406,0.3799,0.9143,-0.0554,0.3794,0.9236,-0.2552,0.0663,0.2949,Dark,
47.0072,3.6227,4.3251,0.0000,0.0000,0.0247,0.3963,0.9178,-0.1414,0.3796,0.9143,-0.0561,0.3791,0.9237,-0.2552,0.0663,0.2950,Dark,
47.0183,3.6322,4.3237,0.0000,0.0000,0.0244,0.3959,0.9180,-0.1417,0.3792,0.9144,-0.0564,0.3787,0.9238,-0.2551,0.0663,0.2951,Dark,
47.0295,3.6391,4.3312,0.0000,0.0000,0.0240,0.3954,0.9182,-0.1422,0.3787,0.9145,-0.0569,0.3782,0.9240,-0.2551,0.0662,0.2952,Dark,
47.0407,3.6545,4.3399,0.0000,0.0000,0.0232,0.3950,0.9184,-0.1431,0.3781,0.9146,-0.0578,0.3777,0.9241,-0.2551,0.0662,0.2952,Dark,
47.0516,3.6539,4.3419,0.0000,0.0000,0.0228,0.3947,0.9185,-0.1437,0.3779,0.9147,-0.0582,0.3774,0.9242,-0.2551,0.0662,0.2953,Dark,
47.0627,3.6526,4.3439,0.0000,0.0000,0.0224,0.3945,0.9186,-0.1442,0.3776,0.9147,-0.0587,0.3772,0.9243,-0.2551,0.0661,0.2953,Dark,
47.0742,3.6536,4.3493,0.0000,0.0000,0.0217,0.3943,0.9187,-0.1450,0.3773,0.9146,-0.0595,0.3770,0.9243,-0.2551,0.0661,0.2954,Dark,
47.0852,3.6518,4.3533,0.0000,0.0000,0.0215,0.3942,0.9188,-0.1453,0.3772,0.9147,-0.0597,0.3768,0.9244,-0.2551,0.0661,0.2954,Dark,
47.0962,3.6507,4.3509,0.0000,0.0000,0.0214,0.3940,0.9189,-0.1455,0.3770,0.9147,-0.0598,0.3767,0.9244,-0.2551,0.0661,0.2955,Dark,
47.1074,3.6420,4.3548,0.0000,0.0000,0.0211,0.3940,0.9189,-0.1459,0.3769,0.9147,-0.0602,0.3766,0.9244,-0.2551,0.0661,0.2955,Dark,
47.1185,3.6487,4.3596,0.0000,0.0000,0.0210,0.3939,0.9189,-0.1460,0.3769,0.9147,-0.0603,0.3765,0.9244,-0.2551,0.0661,0.2955,Dark,
47.1297,3.6547,4.3687,0.0000,0.0000,0.0208,0.3940,0.9189,-0.1463,0.3769,0.9146,-0.0606,0.3766,0.9244,-0.2551,0.0660,0.2955,Dark,
47.1410,3.6668,4.3872,0.0000,0.0000,0.0203,0.3943,0.9188,-0.1469,0.3772,0.9144,-0.0611,0.3769,0.9242,-0.2551,0.0660,0.2955,Dark,
47.1520,3.6736,4.3948,0.0000,0.0000,0.0200,0.3944,0.9187,-0.1473,0.3773,0.9143,-0.0614,0.3770,0.9242,-0.2551,0.0660,0.2955,Dark,
47.1630,3.6782,4.3989,0.0000,0.0000,0.0197,0.3946,0.9186,-0.1477,0.3774,0.9142,-0.0618,0.3771,0.9241,-0.2552,0.0661,0.2955,Dark,
47.1742,3.6798,4.4039,0.0000,0.0000,0.0190,0.3948,0.9186,-0.1485,0.3775,0.9140,-0.0626,0.3773,0.9240,-0.2552,0.0661,0.2955,Dark,
47.1855,3.6803,4.4055,0.0000,0.0000,0.0186,0.3950,0.9185,-0.1491,0.3776,0.9139,-0.0631,0.3774,0.9239,-0.2552,0.0661,0.2955,Dark,
47.1964,3.6805,4.4100,0.0000,0.0000,0.0181,0.3952,0.9184,-0.1497,0.3778,0.9137,-0.0637,0.3776,0.9238,-0.2552,0.0661,0.2954,Dark,
47.2076,3.6846,4.4196,0.0000,0.0000,0.0175,0.3953,0.9184,-0.1506,0.3779,0.9135,-0.0644,0.3777,0.9237,-0.2552,0.0661,0.2954,Dark,
47.2191,3.6889,4.4240,0.0000,0.0000,0.0169,0.3955,0.9183,-0.1513,0.3780,0.9134,-0.0651,0.3778,0.9236,-0.2552,0.0661,0.2954,Dark,
47.2298,3.6923,4.4312,0.0000,0.0000,0.0163,0.3956,0.9183,-0.1521,0.3780,0.9132,-0.0658,0.3779,0.9235,-0.2553,0.0661,0.2954,Dark,
47.2413,3.7131,4.4408,0.0000,0.0000,0.0152,0.3957,0.9182,-0.1535,0.3780,0.9130,-0.0670,0.3779,0.9234,-0.2553,0.0661,0.2954,Dark,
47.2522,3.7207,4.4437,0.0000,0.0000,0.0146,0.3956,0.9183,-0.1542,0.3779,0.9129,-0.0677,0.3778,0.9234,-0.2554,0.0661,0.2954,Dark,
47.2632,3.7263,4.4527,0.0000,0.0000,0.0144,0.3958,0.9182,-0.1546,0.3779,0.9128,-0.0680,0.3779,0.9234,-0.2555,0.0661,0.2954,Dark,
47.2744,3.7288,4.4739,0.0000,0.0000,0.0139,0.3960,0.9182,-0.1553,0.3781,0.9126,-0.0686,0.3781,0.9232,-0.2555,0.0661,0.2954,Dark,
47.2857,3.7507,4.4852,0.0000,0.0000,0.0134,0.3962,0.9181,-0.1560,0.3782,0.9125,-0.0692,0.3782,0.9231,-0.2555,0.0661,0.2954,Dark,
47.2966,3.7690,4.5016,0.0000,0.0000,0.0131,0.3965,0.9180,-0.1565,0.3784,0.9123,-0.0696,0.3785,0.9230,-0.2556,0.0661,0.2953,Dark,
47.3077,3.7903,4.5220,0.0000,0.0000,0.0126,0.3968,0.9178,-0.1574,0.3787,0.9120,-0.0703,0.3787,0.9228,-0.2556,0.0661,0.2953,Dark,
47.3189,3.7896,4.5273,0.0000,0.0000,0.0124,0.3969,0.9178,-0.1578,0.3787,0.9120,-0.0706,0.3788,0.9228,-0.2556,0.0661,0.2953,Dark,
47.3300,3.7866,4.5470,0.0000,0.0000,0.0120,0.3972,0.9176,-0.1584,0.3789,0.9118,-0.0711,0.3791,0.9226,-0.2557,0.0660,0.2953,Dark,
47.3413,3.8059,4.5736,0.0000,0.0000,0.0115,0.3978,0.9174,-0.1595,0.3794,0.9114,-0.0719,0.3796,0.9224,-0.2557,0.0660,0.2953,Dark,
47.3525,3.8180,4.5820,0.0000,0.0000,0.0114,0.3981,0.9173,-0.1598,0.3796,0.9112,-0.0721,0.3798,0.9222,-0.2557,0.0660,0.2953,Dark,
47.3636,3.8422,4.6014,0.0000,0.0000,0.0108,0.3984,0.9171,-0.1610,0.3798,0.9109,-0.0730,0.3801,0.9221,-0.2558,0.0660,0.2953,Dark,
47.3746,3.8522,4.6163,0.0000,0.0000,0.0111,0.3982,0.9172,-0.1607,0.3795,0.9111,-0.0727,0.3798,0.9222,-0.2558,0.0661,0.2953,Dark,
47.3858,3.8710,4.6284,0.0000,0.0000,0.0127,0.3982,0.9172,-0.1618,0.3793,0.9110,-0.0725,0.3796,0.9223,-0.2558,0.0661,0.2953,Dark,
47.3970,3.8972,4.6820,0.0000,0.0000,0.0361,0.3940,0.9184,-0.1410,0.3764,0.9157,-0.0501,0.3759,0.9253,-0.2558,0.0660,0.2953,Dark,
47.4082,3.9052,4.7001,0.0000,0.0000,0.0430,0.3900,0.9198,-0.1350,0.3728,0.9181,-0.0435,0.3720,0.9272,-0.2557,0.0660,0.2954,Dark,
47.4194,3.9174,4.7128,0.0000,0.0000,0.0481,0.3872,0.9207,-0.1309,0.3703,0.9197,-0.0389,0.3693,0.9285,-0.2557,0.0660,0.2954,Dark,
47.4307,3.9439,4.7535,0.0000,0.0000,0.0540,0.3874,0.9203,-0.1263,0.3707,0.9201,-0.0335,0.3695,0.9286,-0.2558,0.0660,0.2954,Dark,
47.4416,3.9583,4.7689,0.0000,0.0000,0.0563,0.3867,0.9205,-0.1243,0.3702,0.9206,-0.0314,0.3689,0.9289,-0.2558,0.0660,0.2954,Dark,
47.4529,3.9664,4.7808,0.0000,0.0000,0.0583,0.3860,0.9207,-0.1226,0.3696,0.9211,-0.0295,0.3682,0.9293,-0.2558,0.0660,0.2955,Dark,
47.4637,3.9798,4.8049,0.0000,0.0000,0.0614,0.3855,0.9207,-0.1197,0.3693,0.9216,-0.0264,0.3679,0.9295,-0.2557,0.0660,0.2955,Dark,
47.4748,3.9855,4.8103,0.0000,0.0000,0.0675,0.3829,0.9213,-0.1138,0.3671,0.9232,-0.0204,0.3654,0.9306,-0.2557,0.0659,0.2956,Dark,
47.4861,3.9885,4.8295,0.0000,0.0000,0.0688,0.3825,0.9214,-0.1126,0.3668,0.9235,-0.0191,0.3650,0.9308,-0.2557,0.0659,0.2956,Dark,
47.4971,4.0232,4.8461,0.0000,0.0000,0.0643,0.3837,0.9212,-0.1174,0.3677,0.9225,-0.0238,0.3661,0.9303,-0.2556,0.0658,0.2956,Dark,
47.5084,4.0379,4.8504,0.0000,0.0000,0.0695,0.3821,0.9215,-0.1122,0.3664,0.9237,-0.0185,0.3647,0.9310,-0.2556,0.0658,0.2957,Dark,
47.5193,4.0485,4.8678,0.0000,0.0000,0.0695,0.3820,0.9216,-0.1125,0.3662,0.9237,-0.0187,0.3645,0.9310,-0.2556,0.0658,0.2957,Dark,
47.5304,4.0798,4.8928,0.0000,0.0000,0.0682,0.3817,0.9218,-0.1144,0.3658,0.9236,-0.0203,0.3641,0.9311,-0.2556,0.0657,0.2957,Dark,
47.5417,4.0937,4.9025,0.0000,0.0000,0.0661,0.3817,0.9219,-0.1168,0.3656,0.9234,-0.0226,0.3640,0.9311,-0.2556,0.0657,0.2958,Dark,
47.5528,4.1038,4.9162,0.0000,0.0000,0.0660,0.3814,0.9220,-0.1173,0.3653,0.9235,-0.0229,0.3636,0.9313,-0.2555,0.0656,0.2958,Dark,
47.5642,4.1129,4.9340,0.0000,0.0000,0.0652,0.3811,0.9222,-0.1186,0.3648,0.9235,-0.0239,0.3633,0.9314,-0.2556,0.0657,0.2958,Dark,
47.5751,4.1232,4.9401,0.0000,0.0000,0.0649,0.3810,0.9223,-0.1192,0.3646,0.9235,-0.0244,0.3631,0.9314,-0.2556,0.0656,0.2958,Dark,
47.5862,4.1312,4.9575,0.0000,0.0000,0.0650,0.3808,0.9224,-0.1194,0.3644,0.9235,-0.0244,0.3629,0.9315,-0.2556,0.0656,0.2959,Dark,
47.5975,4.1537,4.9890,0.0000,0.0000,0.0646,0.3812,0.9222,-0.1202,0.3647,0.9233,-0.0250,0.3632,0.9314,-0.2556,0.0656,0.2959,Dark,
47.6085,4.1633,5.0027,0.0000,0.0000,0.0645,0.3813,0.9222,-0.1205,0.3648,0.9232,-0.0252,0.3633,0.9313,-0.2556,0.0656,0.2959,Dark,
47.6196,4.1700,5.0135,0.0000,0.0000,0.0646,0.3813,0.9222,-0.1206,0.3648,0.9232,-0.0252,0.3633,0.9313,-0.2556,0.0656,0.2959,Dark,
47.6307,4.1728,5.0290,0.0000,0.0000,0.0650,0.3815,0.9221,-0.1206,0.3651,0.9231,-0.0250,0.3635,0.9313,-0.2555,0.0656,0.2959,Dark,
47.6419,4.1851,5.0353,0.0000,0.0000,0.0652,0.3817,0.9220,-0.1206,0.3653,0.9231,-0.0249,0.3637,0.9312,-0.2555,0.0656,0.2960,Dark,
47.6532,4.2189,5.0580,0.0000,0.0000,0.0655,0.3822,0.9218,-0.1203,0.3657,0.9229,-0.0246,0.3642,0.9310,-0.2555,0.0656,0.2960,Dark,
47.6641,4.2380,5.0700,0.0000,0.0000,0.0659,0.3825,0.9216,-0.1199,0.3661,0.9228,-0.0242,0.3645,0.9309,-0.2555,0.0656,0.2960,Dark,
47.6752,4.2577,5.0790,0.0000,0.0000,0.0663,0.3826,0.9215,-0.1195,0.3663,0.9228,-0.0238,0.3647,0.9308,-0.2555,0.0656,0.2960,Dark,
47.6864,4.2746,5.0998,0.0000,0.0000,0.0684,0.3843,0.9207,-0.1174,0.3680,0.9224,-0.0217,0.3664,0.9302,-0.2554,0.0656,0.2961,Dark,
47.6977,4.2749,5.1098,0.0000,0.0000,0.0713,0.3863,0.9196,-0.1145,0.3704,0.9218,-0.0187,0.3686,0.9294,-0.2554,0.0656,0.2961,Dark,
47.7088,4.2842,5.1173,0.0000,0.0000,0.0735,0.3880,0.9187,-0.1122,0.3722,0.9214,-0.0165,0.3703,0.9288,-0.2554,0.0656,0.2961,Dark,
47.7201,4.2999,5.1291,0.0000,0.0000,0.0787,0.3915,0.9168,-0.1070,0.3761,0.9204,-0.0112,0.3741,0.9273,-0.2554,0.0656,0.2961,Dark,
47.7310,4.3068,5.1489,0.0000,0.0000,0.0812,0.3933,0.9158,-0.1047,0.3781,0.9198,-0.0088,0.3760,0.9266,-0.2554,0.0656,0.2962,Dark,
47.7422,4.3225,5.1647,0.0000,0.0000,0.0834,0.3949,0.9149,-0.1024,0.3799,0.9193,-0.0065,0.3777,0.9259,-0.2553,0.0656,0.2962,Dark,
47.7536,4.3435,5.1764,0.0000,0.0000,0.0873,0.3981,0.9132,-0.0987,0.3834,0.9183,-0.0026,0.3811,0.9245,-0.2553,0.0656,0.2963,Dark,
47.7645,4.3504,5.1911,0.0000,0.0000,0.0892,0.3992,0.9125,-0.0969,0.3847,0.9179,-0.0007,0.3823,0.9240,-0.2552,0.0656,0.2963,Dark,
47.7755,4.3724,5.2018,0.0000,0.0000,0.0909,0.4001,0.9120,-0.0952,0.3857,0.9177,0.0010,0.3832,0.9237,-0.2552,0.0655,0.2963,Dark,
47.7867,4.4052,5.2424,0.0000,0.0000,0.0993,0.4036,0.9095,-0.0869,0.3900,0.9167,0.0094,0.3872,0.9220,-0.2552,0.0655,0.2964,Dark,
47.7979,4.4172,5.2565,0.0000,0.0000,0.1036,0.4043,0.9087,-0.0841,0.3909,0.9166,0.0131,0.3879,0.9216,-0.2551,0.0655,0.2964,Dark,
47.8089,4.4203,5.2661,0.0000,0.0000,0.1072,0.4048,0.9081,-0.0813,0.3915,0.9166,0.0163,0.3885,0.9213,-0.2550,0.0655,0.2965,Dark,
47.8203,4.4223,5.2966,0.0000,0.0000,0.1145,0.4071,0.9062,-0.0776,0.3940,0.9158,0.0219,0.3907,0.9203,-0.2550,0.0654,0.2965,Dark,
47.8313,4.4235,5.3048,0.0000,0.0000,0.1175,0.4075,0.9056,-0.0764,0.3945,0.9157,0.0241,0.3911,0.9200,-0.2550,0.0654,0.2965,Dark,
47.8424,4.4250,5.3109,0.0000,0.0000,0.1201,0.4076,0.9052,-0.0754,0.3946,0.9157,0.0260,0.3911,0.9200,-0.2550,0.0654,0.2966,Dark,
47.8536,4.4438,5.3299,0.0000,0.0000,0.1232,0.4081,0.9046,-0.0755,0.3950,0.9156,0.0276,0.3914,0.9198,-0.2549,0.0654,0.2967,Dark,
47.8650,4.4576,5.3412,0.0000,0.0000,0.1249,0.4084,0.9042,-0.0754,0.3954,0.9154,0.0285,0.3917,0.9196,-0.2549,0.0653,0.2967,Dark,
47.8759,4.4914,5.3571,0.0000,0.0000,0.1307,0.4096,0.9028,-0.0724,0.3968,0.9151,0.0330,0.3929,0.9190,-0.2549,0.0653,0.2967,Dark,
47.8869,4.5030,5.3627,0.0000,0.0000,0.1289,0.4091,0.9033,-0.0755,0.3960,0.9151,0.0306,0.3922,0.9194,-0.2549,0.0653,0.2968,Dark,
47.8984,4.5105,5.3751,0.0000,0.0000,0.1306,0.4093,0.9030,-0.0750,0.3963,0.9151,0.0317,0.3924,0.9192,-0.2548,0.0652,0.2968,Dark,
47.9094,4.5112,5.3913,0.0000,0.0000,0.1345,0.4098,0.9022,-0.0731,0.3969,0.9150,0.0347,0.3929,0.9189,-0.2548,0.0651,0.2969,Dark,
47.9204,4.5295,5.3994,0.0000,0.0000,0.1334,0.4088,0.9028,-0.0752,0.3957,0.9153,0.0331,0.3917,0.9195,-0.2547,0.0651,0.2970,Dark,
47.9316,4.5448,5.4053,0.0000,0.0000,0.1357,0.4091,0.9023,-0.0737,0.3961,0.9152,0.0350,0.3920,0.9193,-0.2547,0.0650,0.2971,Dark,
47.9427,4.5722,5.4291,0.0000,0.0000,0.1367,0.4090,0.9022,-0.0742,0.3960,0.9153,0.0353,0.3919,0.9193,-0.2547,0.0650,0.2972,Dark,
47.9537,4.5805,5.4417,0.0000,0.0000,0.1357,0.4087,0.9025,-0.0759,0.3955,0.9153,0.0339,0.3915,0.9196,-0.2547,0.0649,0.2973,Dark,
47.9652,4.5851,5.4514,0.0000,0.0000,0.1376,0.4082,0.9025,-0.0746,0.3951,0.9156,0.0356,0.3909,0.9197,-0.2547,0.0648,0.2974,Dark,
47.9760,4.5942,5.4820,0.0000,0.0000,0.1380,0.4085,0.9023,-0.0754,0.3954,0.9154,0.0354,0.3912,0.9196,-0.2547,0.0647,0.2975,Dark,
47.9871,4.6008,5.4965,0.0000,0.0000,0.1380,0.4083,0.9024,-0.0759,0.3951,0.9155,0.0352,0.3909,0.9198,-0.2546,0.0646,0.2976,Dark,
47.9986,4.6027,5.5075,0.0000,0.0000,0.1382,0.4079,0.9025,-0.0760,0.3947,0.9157,0.0352,0.3905,0.9199,-0.2545,0.0645,0.2977,Dark,
48.0096,4.6191,5.5354,0.0000,0.0000,0.1379,0.4071,0.9029,-0.0771,0.3938,0.9159,0.0346,0.3897,0.9203,-0.2545,0.0643,0.2979,Dark,
48.0206,4.6241,5.5550,0.0000,0.0000,0.1383,0.4059,0.9034,-0.0769,0.3927,0.9165,0.0348,0.3885,0.9208,-0.2544,0.0642,0.2980,Dark,
48.0342,4.6715,5.6035,0.0000,0.0000,0.1428,0.4004,0.9051,-0.0729,0.3874,0.9190,0.0392,0.3830,0.9229,-0.2543,0.0640,0.2982,Dark,
48.0429,4.6966,5.6296,0.0000,0.0000,0.1455,0.3966,0.9064,-0.0712,0.3837,0.9207,0.0414,0.3792,0.9244,-0.2543,0.0639,0.2984,Dark,
48.0541,4.7151,5.6584,0.0000,0.0000,0.1503,0.3892,0.9088,-0.0667,0.3765,0.9240,0.0461,0.3717,0.9272,-0.2542,0.0637,0.2986,Dark,
48.0652,4.7345,5.6797,0.0000,0.0000,0.1531,0.3843,0.9104,-0.0649,0.3717,0.9261,0.0485,0.3668,0.9290,-0.2541,0.0635,0.2988,Dark,
48.0762,4.7482,5.7118,0.0000,0.0000,0.1576,0.3754,0.9134,-0.0619,0.3629,0.9298,0.0523,0.3578,0.9324,-0.2540,0.0633,0.2990,Dark,
48.0874,4.7474,5.7265,0.0000,0.0000,0.1590,0.3706,0.9151,-0.0611,0.3581,0.9317,0.0535,0.3529,0.9341,-0.2539,0.0631,0.2992,Dark,
48.0986,4.7541,5.7437,0.0000,0.0000,0.1608,0.3647,0.9171,-0.0607,0.3521,0.9340,0.0546,0.3468,0.9363,-0.2538,0.0629,0.2995,Dark,
48.1098,4.7656,5.7481,0.0000,0.0000,0.1614,0.3615,0.9183,-0.0607,0.3488,0.9352,0.0549,0.3435,0.9376,-0.2537,0.0627,0.2997,Dark,
48.1209,4.7755,5.7525,0.0000,0.0000,0.1622,0.3587,0.9193,-0.0602,0.3460,0.9363,0.0556,0.3406,0.9386,-0.2536,0.0625,0.3000,Dark,
48.1319,4.7638,5.7728,0.0000,0.0000,0.1625,0.3553,0.9205,-0.0606,0.3425,0.9375,0.0555,0.3371,0.9398,-0.2535,0.0623,0.3003,Dark,
48.1430,4.7694,5.7874,0.0000,0.0000,0.1623,0.3533,0.9213,-0.0611,0.3405,0.9383,0.0552,0.3351,0.9406,-0.2533,0.0621,0.3006,Dark,
48.1543,4.7739,5.7974,0.0000,0.0000,0.1627,0.3507,0.9223,-0.0609,0.3379,0.9392,0.0554,0.3324,0.9415,-0.2532,0.0619,0.3009,Dark,
48.1655,4.7773,5.8147,0.0000,0.0000,0.1619,0.3482,0.9233,-0.0620,0.3353,0.9401,0.0545,0.3299,0.9425,-0.2530,0.0616,0.3012,Dark,
48.1766,4.7776,5.8213,0.0000,0.0000,0.1619,0.3459,0.9242,-0.0621,0.3330,0.9409,0.0544,0.3275,0.9433,-0.2529,0.0614,0.3015,Dark,
48.1876,4.7766,5.8215,0.0000,0.0000,0.1618,0.3443,0.9248,-0.0625,0.3314,0.9414,0.0542,0.3259,0.9438,-0.2527,0.0613,0.3018,Dark,
48.1987,4.8007,5.8202,0.0000,0.0000,0.1614,0.3427,0.9255,-0.0633,0.3299,0.9419,0.0536,0.3243,0.9444,-0.2525,0.0610,0.3021,Dark,
48.2100,4.8077,5.8188,0.0000,0.0000,0.1614,0.3408,0.9262,-0.0634,0.3280,0.9425,0.0535,0.3224,0.9451,-0.2523,0.0608,0.3024,Dark,
48.2214,4.8129,5.8264,0.0000,0.0000,0.1615,0.3387,0.9269,-0.0635,0.3260,0.9432,0.0534,0.3203,0.9458,-0.2522,0.0606,0.3028,Dark,
48.2323,4.8390,5.8318,0.0000,0.0000,0.1615,0.3366,0.9277,-0.0638,0.3240,0.9439,0.0533,0.3182,0.9465,-0.2520,0.0604,0.3031,Dark,
48.2435,4.8482,5.8304,0.0000,0.0000,0.1616,0.3345,0.9285,-0.0638,0.3219,0.9446,0.0533,0.3161,0.9472,-0.2518,0.0602,0.3034,Dark,
48.2547,4.8555,5.8443,0.0000,0.0000,0.1616,0.3322,0.9293,-0.0639,0.3197,0.9454,0.0533,0.3137,0.9480,-0.2517,0.0599,0.3038,Dark,
48.2659,4.8903,5.8761,0.0000,0.0000,0.1615,0.3292,0.9304,-0.0643,0.3167,0.9464,0.0530,0.3107,0.9490,-0.2515,0.0596,0.3041,Dark,
48.2771,4.9174,5.8934,0.0000,0.0000,0.1604,0.3249,0.9320,-0.0651,0.3124,0.9477,0.0521,0.3064,0.9505,-0.2514,0.0593,0.3045,Dark,
48.2882,4.9389,5.9198,0.0000,0.0000,0.1599,0.3205,0.9337,-0.0656,0.3080,0.9491,0.0515,0.3019,0.9519,-0.2513,0.0590,0.3048,Dark,
48.2997,4.9868,5.9537,0.0000,0.0000,0.1591,0.3157,0.9354,-0.0661,0.3032,0.9506,0.0508,0.2971,0.9535,-0.2511,0.0586,0.3052,Dark,
48.3107,4.9998,5.9635,0.0000,0.0000,0.1590,0.3113,0.9369,-0.0660,0.2988,0.9520,0.0508,0.2927,0.9549,-0.2510,0.0583,0.3056,Dark,
48.3216,5.0092,5.9590,0.0000,0.0000,0.1585,0.3058,0.9388,-0.0669,0.2932,0.9537,0.0501,0.2870,0.9566,-0.2508,0.0579,0.3059,Dark,
48.3326,5.0087,5.9603,0.0000,0.0000,0.1583,0.3018,0.9401,-0.0673,0.2892,0.9549,0.0498,0.2830,0.9578,-0.2508,0.0575,0.3063,Dark,
48.3441,5.0123,5.9615,0.0000,0.0000,0.1580,0.2981,0.9414,-0.0678,0.2854,0.9560,0.0493,0.2792,0.9590,-0.2507,0.0571,0.3067,Dark,
48.3548,5.0149,5.9749,0.0000,0.0000,0.1571,0.2943,0.9427,-0.0695,0.2816,0.9570,0.0480,0.2753,0.9602,-0.2506,0.0568,0.3071,Dark,
48.3660,5.0146,5.9736,0.0000,0.0000,0.1569,0.2907,0.9438,-0.0702,0.2780,0.9580,0.0476,0.2717,0.9612,-0.2505,0.0564,0.3075,Dark,
48.3774,5.0102,5.9716,0.0000,0.0000,0.1567,0.2873,0.9450,-0.0708,0.2745,0.9590,0.0472,0.2681,0.9622,-0.2504,0.0561,0.3079,Dark,
48.3881,4.9985,5.9857,0.0000,0.0000,0.1562,0.2840,0.9460,-0.0724,0.2712,0.9598,0.0461,0.2648,0.9632,-0.2503,0.0557,0.3083,Dark,
48.3991,4.9928,5.9871,0.0000,0.0000,0.1560,0.2807,0.9470,-0.0732,0.2678,0.9607,0.0456,0.2613,0.9642,-0.2502,0.0553,0.3088,Dark,
48.4104,4.9977,5.9884,0.0000,0.0000,0.1559,0.2775,0.9480,-0.0739,0.2648,0.9615,0.0452,0.2582,0.9650,-0.2501,0.0549,0.3092,Dark,
48.4215,5.0070,5.9789,0.0000,0.0000,0.1554,0.2734,0.9493,-0.0755,0.2605,0.9625,0.0441,0.2539,0.9662,-0.2500,0.0545,0.3096,Dark,
48.4325,5.0071,5.9773,0.0000,0.0000,0.1557,0.2719,0.9496,-0.0758,0.2592,0.9628,0.0442,0.2524,0.9666,-0.2500,0.0542,0.3100,Dark,
48.4438,5.0069,5.9766,0.0000,0.0000,0.1553,0.2681,0.9508,-0.0767,0.2555,0.9638,0.0435,0.2486,0.9676,-0.2500,0.0539,0.3105,Dark,
48.4548,5.0105,5.9757,0.0000,0.0000,0.1555,0.2671,0.9510,-0.0774,0.2545,0.9640,0.0432,0.2476,0.9679,-0.2499,0.0536,0.3109,Dark,
48.4660,5.0209,5.9910,0.0000,0.0000,0.1556,0.2648,0.9517,-0.0779,0.2524,0.9645,0.0431,0.2453,0.9685,-0.2498,0.0532,0.3113,Dark,
48.4773,5.0300,6.0035,0.0000,0.0000,0.1554,0.2621,0.9524,-0.0784,0.2497,0.9651,0.0427,0.2426,0.9692,-0.2497,0.0529,0.3118,Dark,
48.4883,5.0533,6.0337,0.0000,0.0000,0.1571,0.2569,0.9536,-0.0770,0.2446,0.9666,0.0442,0.2373,0.9704,-0.2496,0.0527,0.3122,Dark,
48.4995,5.0742,6.0498,0.0000,0.0000,0.1632,0.2472,0.9551,-0.0714,0.2352,0.9693,0.0502,0.2276,0.9724,-0.2495,0.0525,0.3126,Dark,
48.5107,5.0885,6.0732,0.0000,0.0000,0.1715,0.2350,0.9567,-0.0617,0.2236,0.9727,0.0594,0.2157,0.9747,-0.2494,0.0522,0.3130,Dark,
48.5220,5.1096,6.1071,0.0000,0.0000,0.1869,0.2170,0.9581,-0.0449,0.2063,0.9775,0.0757,0.1979,0.9773,-0.2494,0.0520,0.3134,Dark,
48.5331,5.1226,6.1194,0.0000,0.0000,0.1924,0.2110,0.9584,-0.0388,0.2005,0.9789,0.0816,0.1920,0.9780,-0.2493,0.0518,0.3138,Dark,
48.5440,5.1319,6.1229,0.0000,0.0000,0.1964,0.2070,0.9584,-0.0341,0.1968,0.9799,0.0860,0.1881,0.9784,-0.2494,0.0516,0.3141,Dark,
48.5552,5.1353,6.1241,0.0000,0.0000,0.1983,0.2066,0.9581,-0.0314,0.1966,0.9800,0.0883,0.1879,0.9782,-0.2493,0.0514,0.3145,Dark,
48.5663,5.1273,6.1235,0.0000,0.0000,0.1998,0.2036,0.9584,-0.0294,0.1937,0.9806,0.0901,0.1849,0.9786,-0.2493,0.0513,0.3148,Dark,
48.5776,5.1200,6.1256,0.0000,0.0000,0.1972,0.2052,0.9586,-0.0320,0.1952,0.9802,0.0874,0.1865,0.9786,-0.2493,0.0511,0.3151,Dark,
48.5887,5.1207,6.1307,0.0000,0.0000,0.1969,0.2053,0.9587,-0.0319,0.1954,0.9802,0.0873,0.1866,0.9785,-0.2493,0.0509,0.3154,Dark,
48.6014,5.1138,6.1330,0.0000,0.0000,0.1940,0.2067,0.9590,-0.0347,0.1967,0.9799,0.0844,0.1880,0.9785,-0.2493,0.0508,0.3158,Dark,
48.6109,5.1087,6.1383,0.0000,0.0000,0.1925,0.2068,0.9593,-0.0359,0.1967,0.9798,0.0830,0.1881,0.9786,-0.2493,0.0507,0.3160,Dark,
48.6222,5.1059,6.1395,0.0000,0.0000,0.1917,0.2063,0.9595,-0.0361,0.1963,0.9799,0.0825,0.1877,0.9788,-0.2493,0.0506,0.3163,Dark,
48.6333,5.1041,6.1369,0.0000,0.0000,0.1900,0.2064,0.9598,-0.0374,0.1964,0.9798,0.0810,0.1878,0.9789,-0.2493,0.0505,0.3166,Dark,
48.6454,5.1033,6.1394,0.0000,0.0000,0.1883,0.2064,0.9602,-0.0388,0.1963,0.9798,0.0794,0.1878,0.9790,-0.2493,0.0504,0.3169,Dark,
48.6554,5.1145,6.1488,0.0000,0.0000,0.1867,0.2063,0.9605,-0.0397,0.1962,0.9797,0.0781,0.1877,0.9791,-0.2493,0.0503,0.3172,Dark,
48.6665,5.1168,6.1553,0.0000,0.0000,0.1858,0.2057,0.9608,-0.0404,0.1957,0.9798,0.0774,0.1872,0.9793,-0.2493,0.0502,0.3174,Dark,
48.6778,5.1183,6.1704,0.0000,0.0000,0.1852,0.2050,0.9611,-0.0408,0.1950,0.9800,0.0768,0.1865,0.9795,-0.2493,0.0500,0.3176,Dark,
48.6890,5.1204,6.1865,0.0000,0.0000,0.1845,0.2047,0.9613,-0.0409,0.1947,0.9800,0.0764,0.1862,0.9795,-0.2493,0.0499,0.3179,Dark,
48.7003,5.1268,6.1890,0.0000,0.0000,0.1843,0.2045,0.9614,-0.0409,0.1945,0.9800,0.0763,0.1860,0.9796,-0.2494,0.0498,0.3181,Dark,
48.7112,5.1322,6.1887,0.0000,0.0000,0.1843,0.2043,0.9614,-0.0408,0.1945,0.9801,0.0763,0.1859,0.9796,-0.2494,0.0497,0.3183,Dark,
48.7223,5.1377,6.1887,0.0000,0.0000,0.1844,0.2048,0.9613,-0.0403,0.1950,0.9800,0.0766,0.1865,0.9795,-0.2494,0.0496,0.3184,Dark,
48.7335,5.1393,6.1900,0.0000,0.0000,0.1844,0.2047,0.9613,-0.0402,0.1949,0.9800,0.0767,0.1863,0.9795,-0.2494,0.0495,0.3186,Dark,
48.7445,5.1399,6.1915,0.0000,0.0000,0.1846,0.2048,0.9613,-0.0399,0.1951,0.9800,0.0769,0.1865,0.9794,-0.2495,0.0494,0.3187,Dark,
48.7558,5.1400,6.1985,0.0000,0.0000,0.1852,0.2051,0.9610,-0.0390,0.1955,0.9799,0.0777,0.1869,0.9793,-0.2495,0.0493,0.3188,Dark,
48.7668,5.1354,6.2031,0.0000,0.0000,0.1854,0.2053,0.9610,-0.0387,0.1957,0.9799,0.0780,0.1870,0.9793,-0.2495,0.0493,0.3190,Dark,
48.7779,5.1315,6.2092,0.0000,0.0000,0.1857,0.2055,0.9609,-0.0383,0.1960,0.9799,0.0783,0.1873,0.9792,-0.2495,0.0492,0.3190,Dark,
48.7893,5.1257,6.2107,0.0000,0.0000,0.1861,0.2060,0.9607,-0.0378,0.1965,0.9798,0.0787,0.1878,0.9790,-0.2495,0.0491,0.3191,Dark,
48.8002,5.1332,6.2072,0.0000,0.0000,0.1863,0.2062,0.9606,-0.0375,0.1966,0.9798,0.0790,0.1880,0.9790,-0.2495,0.0491,0.3192,Dark,
48.8113,5.1399,6.2100,0.0000,0.0000,0.1866,0.2063,0.9605,-0.0372,0.1968,0.9797,0.0793,0.1881,0.9789,-0.2495,0.0490,0.3192,Dark,
48.8225,5.1424,6.2133,0.0000,0.0000,0.1871,0.2071,0.9603,-0.0365,0.1976,0.9796,0.0799,0.1889,0.9787,-0.2495,0.0490,0.3192,Dark,
48.8338,5.1393,6.2145,0.0000,0.0000,0.1874,0.2074,0.9601,-0.0362,0.1980,0.9795,0.0802,0.1893,0.9786,-0.2496,0.0489,0.3192,Dark,
48.8449,5.1360,6.2185,0.0000,0.0000,0.1876,0.2079,0.9600,-0.0359,0.1984,0.9795,0.0805,0.1897,0.9785,-0.2496,0.0489,0.3192,Dark,
48.8561,5.1530,6.2282,0.0000,0.0000,0.1883,0.2087,0.9597,-0.0351,0.1992,0.9793,0.0813,0.1906,0.9783,-0.2496,0.0489,0.3192,Dark,
48.8670,5.1562,6.2340,0.0000,0.0000,0.1888,0.2092,0.9595,-0.0346,0.1998,0.9792,0.0817,0.1911,0.9782,-0.2496,0.0489,0.3192,Dark,
48.8782,5.1585,6.2319,0.0000,0.0000,0.1893,0.2097,0.9593,-0.0341,0.2003,0.9792,0.0823,0.1916,0.9780,-0.2496,0.0489,0.3192,Dark,
48.8895,5.1519,6.2321,0.0000,0.0000,0.1900,0.2102,0.9590,-0.0332,0.2008,0.9791,0.0831,0.1921,0.9778,-0.2496,0.0489,0.3191,Dark,
48.9005,5.1450,6.2339,0.0000,0.0000,0.1905,0.2108,0.9588,-0.0327,0.2014,0.9790,0.0836,0.1927,0.9777,-0.2497,0.0488,0.3191,Dark,
48.9117,5.1401,6.2397,0.0000,0.0000,0.1909,0.2114,0.9586,-0.0322,0.2019,0.9789,0.0841,0.1933,0.9775,-0.2497,0.0488,0.3191,Dark,
48.9276,5.1368,6.2550,0.0000,0.0000,0.1914,0.2125,0.9582,-0.0314,0.2031,0.9787,0.0847,0.1944,0.9772,-0.2497,0.0488,0.3190,Dark,
48.9341,5.1344,6.2625,0.0000,0.0000,0.1915,0.2130,0.9581,-0.0313,0.2036,0.9786,0.0848,0.1950,0.9771,-0.2498,0.0489,0.3189,Dark,
48.9454,5.1326,6.2656,0.0000,0.0000,0.1916,0.2137,0.9579,-0.0310,0.2042,0.9784,0.0850,0.1957,0.9770,-0.2498,0.0489,0.3188,Dark,
48.9563,5.1302,6.2712,0.0000,0.0000,0.1915,0.2148,0.9577,-0.0309,0.2053,0.9782,0.0850,0.1968,0.9768,-0.2499,0.0489,0.3188,Dark,
48.9673,5.1414,6.2739,0.0000,0.0000,0.1912,0.2157,0.9576,-0.0311,0.2060,0.9780,0.0847,0.1976,0.9766,-0.2499,0.0490,0.3187,Dark,
48.9786,5.1510,6.2734,0.0000,0.0000,0.1907,0.2165,0.9575,-0.0315,0.2068,0.9779,0.0843,0.1984,0.9765,-0.2499,0.0490,0.3186,Dark,
48.9897,5.1597,6.2783,0.0000,0.0000,0.1903,0.2177,0.9573,-0.0317,0.2080,0.9776,0.0840,0.1996,0.9763,-0.2500,0.0491,0.3186,Dark,
49.0010,5.1696,6.2824,0.0000,0.0000,0.1898,0.2184,0.9572,-0.0321,0.2086,0.9775,0.0836,0.2003,0.9762,-0.2500,0.0491,0.3185,Dark,
49.0118,5.1767,6.2811,0.0000,0.0000,0.1896,0.2191,0.9571,-0.0322,0.2093,0.9773,0.0834,0.2010,0.9760,-0.2500,0.0492,0.3185,Dark,
49.0230,5.1711,6.2866,0.0000,0.0000,0.1895,0.2197,0.9570,-0.0320,0.2100,0.9772,0.0835,0.2017,0.9759,-0.2500,0.0493,0.3184,Dark,
49.0344,5.1740,6.2918,0.0000,0.0000,0.1895,0.2202,0.9569,-0.0319,0.2104,0.9771,0.0835,0.2022,0.9758,-0.2501,0.0493,0.3184,Dark,
49.0454,5.1760,6.2974,0.0000,0.0000,0.1896,0.2206,0.9567,-0.0318,0.2108,0.9770,0.0836,0.2026,0.9757,-0.2501,0.0493,0.3183,Dark,
49.0564,5.1724,6.3074,0.0000,0.0000,0.1898,0.2213,0.9566,-0.0316,0.2115,0.9769,0.0838,0.2032,0.9755,-0.2501,0.0493,0.3182,Dark,
49.0675,5.1689,6.3108,0.0000,0.0000,0.1899,0.2216,0.9565,-0.0314,0.2118,0.9768,0.0839,0.2035,0.9755,-0.2501,0.0493,0.3182,Dark,
49.0786,5.1657,6.3215,0.0000,0.0000,0.1901,0.2219,0.9564,-0.0312,0.2122,0.9767,0.0842,0.2039,0.9754,-0.2502,0.0494,0.3181,Dark,
49.0898,5.1779,6.3370,0.0000,0.0000,0.1907,0.2227,0.9560,-0.0305,0.2131,0.9766,0.0849,0.2047,0.9751,-0.2502,0.0494,0.3181,Dark,
49.1009,5.1808,6.3421,0.0000,0.0000,0.1908,0.2231,0.9559,-0.0303,0.2135,0.9765,0.0850,0.2052,0.9750,-0.2502,0.0493,0.3180,Dark,
49.1121,5.1831,6.3451,0.0000,0.0000,0.1911,0.2235,0.9558,-0.0300,0.2139,0.9764,0.0853,0.2056,0.9749,-0.2502,0.0493,0.3180,Dark,
49.1232,5.1964,6.3495,0.0000,0.0000,0.1912,0.2242,0.9556,-0.0300,0.2146,0.9762,0.0853,0.2062,0.9748,-0.2502,0.0493,0.3179,Dark,
49.1344,5.1961,6.3520,0.0000,0.0000,0.1912,0.2244,0.9556,-0.0301,0.2149,0.9762,0.0853,0.2065,0.9747,-0.2502,0.0494,0.3179,Dark,
49.1456,5.1958,6.3529,0.0000,0.0000,0.1911,0.2249,0.9555,-0.0302,0.2153,0.9761,0.0852,0.2069,0.9746,-0.2502,0.0493,0.3178,Dark,
49.1568,5.1883,6.3473,0.0000,0.0000,0.1909,0.2252,0.9554,-0.0305,0.2156,0.9760,0.0850,0.2073,0.9746,-0.2502,0.0494,0.3178,Dark,
49.1680,5.1921,6.3419,0.0000,0.0000,0.1905,0.2255,0.9554,-0.0309,0.2159,0.9759,0.0846,0.2076,0.9746,-0.2502,0.0494,0.3177,Dark,
49.1788,5.1958,6.3445,0.0000,0.0000,0.1899,0.2257,0.9555,-0.0316,0.2163,0.9758,0.0839,0.2079,0.9746,-0.2501,0.0494,0.3177,Dark,
49.1900,5.1979,6.3517,0.0000,0.0000,0.1891,0.2261,0.9556,-0.0324,0.2167,0.9757,0.0830,0.2083,0.9745,-0.2501,0.0495,0.3176,Dark,
49.2012,5.2030,6.3557,0.0000,0.0000,0.1887,0.2264,0.9556,-0.0330,0.2171,0.9756,0.0825,0.2086,0.9745,-0.2501,0.0495,0.3176,Dark,
49.2123,5.2113,6.3607,0.0000,0.0000,0.1880,0.2270,0.9556,-0.0337,0.2177,0.9754,0.0818,0.2092,0.9744,-0.2501,0.0495,0.3176,Dark,
49.2235,5.2153,6.3741,0.0000,0.0000,0.1876,0.2275,0.9555,-0.0343,0.2183,0.9753,0.0813,0.2098,0.9744,-0.2501,0.0495,0.3175,Dark,
49.2346,5.2248,6.3850,0.0000,0.0000,0.1868,0.2274,0.9557,-0.0352,0.2183,0.9753,0.0805,0.2097,0.9744,-0.2501,0.0496,0.3175,Dark,
49.2459,5.2510,6.4077,0.0000,0.0000,0.1814,0.2222,0.9580,-0.0430,0.2125,0.9762,0.0738,0.2041,0.9762,-0.2501,0.0496,0.3175,Dark,
49.2571,5.2660,6.4148,0.0000,0.0000,0.1848,0.2261,0.9564,-0.0403,0.2166,0.9754,0.0769,0.2080,0.9751,-0.2501,0.0496,0.3174,Dark,
49.2682,5.2772,6.4307,0.0000,0.0000,0.1826,0.2241,0.9573,-0.0440,0.2144,0.9758,0.0740,0.2058,0.9758,-0.2501,0.0497,0.3174,Dark,
49.2791,5.2927,6.4344,0.0000,0.0000,0.1766,0.2174,0.9600,-0.0532,0.2071,0.9769,0.0663,0.1987,0.9778,-0.2501,0.0497,0.3174,Dark,
49.2902,5.3011,6.4344,0.0000,0.0000,0.1789,0.2199,0.9590,-0.0521,0.2097,0.9764,0.0681,0.2011,0.9772,-0.2501,0.0498,0.3173,Dark,
49.3016,5.3035,6.4405,0.0000,0.0000,0.1757,0.2173,0.9602,-0.0566,0.2068,0.9767,0.0642,0.1983,0.9780,-0.2501,0.0498,0.3173,Dark,
49.3125,5.3063,6.4465,0.0000,0.0000,0.1754,0.2165,0.9604,-0.0592,0.2058,0.9768,0.0627,0.1973,0.9783,-0.2501,0.0498,0.3173,Dark,
49.3236,5.3029,6.4492,0.0000,0.0000,0.1736,0.2150,0.9611,-0.0619,0.2041,0.9770,0.0605,0.1956,0.9788,-0.2501,0.0498,0.3173,Dark,
49.3349,5.2988,6.4535,0.0000,0.0000,0.1710,0.2131,0.9620,-0.0655,0.2019,0.9772,0.0573,0.1935,0.9794,-0.2501,0.0499,0.3173,Dark,
49.3461,5.2984,6.4703,0.0000,0.0000,0.1698,0.2131,0.9622,-0.0683,0.2017,0.9771,0.0553,0.1933,0.9796,-0.2501,0.0499,0.3173,Dark,
49.3572,5.3014,6.4760,0.0000,0.0000,0.1686,0.2113,0.9628,-0.0701,0.1997,0.9773,0.0538,0.1914,0.9800,-0.2501,0.0498,0.3173,Dark,
49.3685,5.3041,6.4830,0.0000,0.0000,0.1676,0.2107,0.9631,-0.0718,0.1990,0.9774,0.0524,0.1907,0.9803,-0.2501,0.0499,0.3173,Dark,
49.3793,5.3143,6.4879,0.0000,0.0000,0.1675,0.2116,0.9629,-0.0729,0.1998,0.9771,0.0518,0.1915,0.9801,-0.2501,0.0499,0.3173,Dark,
49.3905,5.3184,6.4932,0.0000,0.0000,0.1672,0.2116,0.9629,-0.0737,0.1997,0.9771,0.0513,0.1914,0.9802,-0.2501,0.0499,0.3173,Dark,
49.4017,5.3209,6.4975,0.0000,0.0000,0.1652,0.2097,0.9637,-0.0762,0.1977,0.9773,0.0490,0.1894,0.9807,-0.2502,0.0499,0.3173,Dark,
49.4131,5.3446,6.5169,0.0000,0.0000,0.1649,0.2102,0.9637,-0.0774,0.1980,0.9771,0.0483,0.1898,0.9806,-0.2502,0.0499,0.3173,Dark,
49.4240,5.3492,6.5180,0.0000,0.0000,0.1658,0.2121,0.9631,-0.0769,0.1999,0.9768,0.0490,0.1917,0.9802,-0.2502,0.0499,0.3173,Dark,
49.4350,5.3521,6.5179,0.0000,0.0000,0.1644,0.2106,0.9636,-0.0786,0.1983,0.9770,0.0474,0.1901,0.9806,-0.2503,0.0499,0.3173,Dark,
49.4462,5.3617,6.5277,0.0000,0.0000,0.1642,0.2112,0.9636,-0.0796,0.1989,0.9768,0.0468,0.1906,0.9805,-0.2503,0.0499,0.3173,Dark,
49.4574,5.3571,6.5304,0.0000,0.0000,0.1639,0.2114,0.9635,-0.0803,0.1991,0.9767,0.0463,0.1908,0.9805,-0.2503,0.0499,0.3173,Dark,
49.4684,5.3535,6.5396,0.0000,0.0000,0.1641,0.2117,0.9634,-0.0803,0.1994,0.9766,0.0464,0.1911,0.9805,-0.2504,0.0499,0.3173,Dark,
49.4798,5.3872,6.5758,0.0000,0.0000,0.1658,0.2104,0.9634,-0.0791,0.1981,0.9770,0.0480,0.1898,0.9807,-0.2504,0.0499,0.3173,Dark,
49.4908,5.4069,6.5874,0.0000,0.0000,0.1673,0.2090,0.9635,-0.0781,0.1966,0.9774,0.0492,0.1883,0.9809,-0.2504,0.0499,0.3173,Dark,
49.5020,5.4228,6.5930,0.0000,0.0000,0.1693,0.2074,0.9635,-0.0762,0.1951,0.9778,0.0512,0.1868,0.9811,-0.2504,0.0499,0.3173,Dark,
49.5144,5.4210,6.6092,0.0000,0.0000,0.1730,0.2031,0.9637,-0.0724,0.1909,0.9789,0.0550,0.1824,0.9817,-0.2504,0.0499,0.3173,Dark,
49.5241,5.4162,6.6188,0.0000,0.0000,0.1742,0.2014,0.9639,-0.0713,0.1892,0.9793,0.0562,0.1807,0.9819,-0.2505,0.0499,0.3173,Dark,
49.5353,5.4121,6.6255,0.0000,0.0000,0.1753,0.2000,0.9640,-0.0704,0.1878,0.9797,0.0572,0.1793,0.9821,-0.2505,0.0499,0.3173,Dark,
49.5464,5.4047,6.6399,0.0000,0.0000,0.1766,0.1976,0.9642,-0.0694,0.1854,0.9802,0.0584,0.1769,0.9825,-0.2506,0.0499,0.3173,Dark,
49.5577,5.4119,6.6462,0.0000,0.0000,0.1772,0.1968,0.9643,-0.0688,0.1845,0.9804,0.0590,0.1760,0.9826,-0.2506,0.0499,0.3173,Dark,
49.5689,5.4179,6.6526,0.0000,0.0000,0.1777,0.1963,0.9643,-0.0683,0.1840,0.9805,0.0595,0.1755,0.9827,-0.2506,0.0499,0.3173,Dark,
49.5799,5.4188,6.6615,0.0000,0.0000,0.1789,0.1955,0.9643,-0.0673,0.1833,0.9808,0.0606,0.1747,0.9828,-0.2506,0.0500,0.3173,Dark,
49.5909,5.4229,6.6638,0.0000,0.0000,0.1791,0.1954,0.9642,-0.0673,0.1831,0.9808,0.0608,0.1745,0.9828,-0.2507,0.0500,0.3172,Dark,
49.6022,5.4256,6.6760,0.0000,0.0000,0.1796,0.1954,0.9641,-0.0669,0.1831,0.9808,0.0613,0.1745,0.9827,-0.2507,0.0500,0.3172,Dark,
49.6134,5.4493,6.6906,0.0000,0.0000,0.1803,0.1950,0.9641,-0.0665,0.1827,0.9809,0.0618,0.1741,0.9828,-0.2507,0.0500,0.3172,Dark,
49.6244,5.4543,6.6940,0.0000,0.0000,0.1804,0.1956,0.9640,-0.0666,0.1833,0.9808,0.0618,0.1747,0.9827,-0.2507,0.0500,0.3172,Dark,
49.6356,5.4574,6.6961,0.0000,0.0000,0.1807,0.1956,0.9639,-0.0663,0.1833,0.9808,0.0622,0.1747,0.9827,-0.2507,0.0500,0.3172,Dark,
49.6469,5.4545,6.6971,0.0000,0.0000,0.1818,0.1956,0.9637,-0.0655,0.1834,0.9809,0.0631,0.1747,0.9826,-0.2507,0.0500,0.3172,Dark,
49.6583,5.4621,6.6976,0.0000,0.0000,0.1821,0.1957,0.9636,-0.0652,0.1835,0.9809,0.0634,0.1748,0.9826,-0.2507,0.0500,0.3172,Dark,
49.6694,5.4778,6.7072,0.0000,0.0000,0.1828,0.1961,0.9634,-0.0647,0.1839,0.9808,0.0640,0.1752,0.9824,-0.2507,0.0500,0.3172,Dark,
49.6808,5.4848,6.7179,0.0000,0.0000,0.1831,0.1963,0.9633,-0.0644,0.1840,0.9808,0.0644,0.1754,0.9824,-0.2507,0.0500,0.3172,Dark,
49.6917,5.4868,6.7265,0.0000,0.0000,0.1832,0.1964,0.9632,-0.0643,0.1842,0.9808,0.0644,0.1755,0.9824,-0.2506,0.0500,0.3172,Dark,
49.7028,5.4843,6.7356,0.0000,0.0000,0.1831,0.1966,0.9632,-0.0645,0.1843,0.9807,0.0643,0.1757,0.9823,-0.2506,0.0500,0.3172,Dark,
49.7140,5.4817,6.7365,0.0000,0.0000,0.1828,0.1964,0.9633,-0.0648,0.1841,0.9808,0.0640,0.1755,0.9824,-0.2506,0.0500,0.3172,Dark,
49.7250,5.4840,6.7365,0.0000,0.0000,0.1826,0.1964,0.9634,-0.0650,0.1840,0.9808,0.0638,0.1754,0.9824,-0.2506,0.0500,0.3172,Dark,
49.7357,5.4895,6.7443,0.0000,0.0000,0.1820,0.1963,0.9635,-0.0655,0.1840,0.9808,0.0632,0.1754,0.9825,-0.2505,0.0500,0.3172,Dark,
49.7474,5.4922,6.7468,0.0000,0.0000,0.1815,0.1964,0.9636,-0.0660,0.1840,0.9807,0.0627,0.1755,0.9825,-0.2505,0.0500,0.3172,Dark,
49.7580,5.4947,6.7486,0.0000,0.0000,0.1814,0.1967,0.9635,-0.0660,0.1843,0.9807,0.0627,0.1757,0.9824,-0.2505,0.0500,0.3172,Dark,
49.7693,5.4931,6.7517,0.0000,0.0000,0.1807,0.1968,0.9636,-0.0665,0.1844,0.9806,0.0620,0.1759,0.9825,-0.2504,0.0501,0.3172,Dark,
49.7804,5.4904,6.7582,0.0000,0.0000,0.1802,0.1970,0.9637,-0.0670,0.1847,0.9805,0.0615,0.1761,0.9825,-0.2504,0.0501,0.3172,Dark,
49.7918,5.4899,6.7688,0.0000,0.0000,0.1799,0.1972,0.9637,-0.0671,0.1850,0.9804,0.0613,0.1764,0.9824,-0.2503,0.0502,0.3173,Dark,
49.8029,5.4975,6.7726,0.0000,0.0000,0.1799,0.1974,0.9637,-0.0670,0.1853,0.9804,0.0614,0.1766,0.9824,-0.2503,0.0502,0.3173,Dark,
49.8138,5.5042,6.7733,0.0000,0.0000,0.1801,0.1977,0.9636,-0.0668,0.1856,0.9803,0.0615,0.1769,0.9823,-0.2502,0.0502,0.3173,Dark,
49.8249,5.5202,6.7851,0.0000,0.0000,0.1801,0.1982,0.9635,-0.0668,0.1862,0.9802,0.0616,0.1775,0.9822,-0.2501,0.0502,0.3173,Dark,
49.8365,5.5249,6.7951,0.0000,0.0000,0.1798,0.1977,0.9636,-0.0670,0.1856,0.9803,0.0613,0.1769,0.9823,-0.2501,0.0502,0.3173,Dark,
49.8474,5.5322,6.8030,0.0000,0.0000,0.1802,0.1977,0.9636,-0.0666,0.1858,0.9803,0.0617,0.1771,0.9823,-0.2501,0.0502,0.3173,Dark,
49.8583,5.5436,6.7975,0.0000,0.0000,0.1815,0.1989,0.9631,-0.0653,0.1871,0.9802,0.0630,0.1783,0.9820,-0.2500,0.0502,0.3173,Dark,
49.8697,5.5470,6.7957,0.0000,0.0000,0.1813,0.1984,0.9632,-0.0655,0.1866,0.9802,0.0628,0.1778,0.9821,-0.2500,0.0502,0.3172,Dark,
49.8813,5.5393,6.7930,0.0000,0.0000,0.1817,0.1987,0.9631,-0.0650,0.1869,0.9802,0.0632,0.1781,0.9820,-0.2499,0.0501,0.3172,Dark,
49.8917,5.5319,6.7923,0.0000,0.0000,0.1827,0.1997,0.9627,-0.0640,0.1879,0.9801,0.0642,0.1791,0.9817,-0.2499,0.0501,0.3172,Dark,
49.9030,5.5291,6.7954,0.0000,0.0000,0.1827,0.1995,0.9627,-0.0640,0.1878,0.9801,0.0643,0.1790,0.9818,-0.2499,0.0501,0.3172,Dark,
49.9140,5.5388,6.7975,0.0000,0.0000,0.1830,0.1998,0.9626,-0.0637,0.1881,0.9801,0.0646,0.1793,0.9817,-0.2498,0.0501,0.3172,Dark,
49.9253,5.5516,6.7972,0.0000,0.0000,0.1835,0.2010,0.9622,-0.0630,0.1893,0.9799,0.0652,0.1805,0.9814,-0.2498,0.0501,0.3172,Dark,
49.9362,5.5538,6.7969,0.0000,0.0000,0.1835,0.2010,0.9622,-0.0630,0.1893,0.9799,0.0652,0.1805,0.9814,-0.2498,0.0501,0.3172,Dark,
49.9473,5.5523,6.7961,0.0000,0.0000,0.1838,0.2016,0.9621,-0.0627,0.1899,0.9798,0.0655,0.1811,0.9813,-0.2498,0.0501,0.3171,Dark,
49.9586,5.5514,6.8042,0.0000,0.0000,0.1843,0.2031,0.9617,-0.0622,0.1915,0.9795,0.0660,0.1827,0.9810,-0.2498,0.0502,0.3171,Dark,
49.9697,5.5648,6.8060,0.0000,0.0000,0.1845,0.2037,0.9615,-0.0619,0.1921,0.9794,0.0662,0.1833,0.9808,-0.2497,0.0502,0.3171,Dark,
49.9814,5.5767,6.8188,0.0000,0.0000,0.1849,0.2045,0.9612,-0.0616,0.1930,0.9793,0.0666,0.1841,0.9806,-0.2497,0.0502,0.3170,Dark,
49.9919,5.5690,6.8290,0.0000,0.0000,0.1848,0.2045,0.9613,-0.0617,0.1929,0.9793,0.0665,0.1841,0.9807,-0.2497,0.0502,0.3170,Dark,
50.0030,5.5550,6.8304,0.0000,0.0000,0.1848,0.2053,0.9611,-0.0618,0.1938,0.9791,0.0665,0.1849,0.9805,-0.2497,0.0503,0.3169,Dark,
50.0141,5.5436,6.8301,0.0000,0.0000,0.1849,0.2060,0.9609,-0.0617,0.1945,0.9790,0.0666,0.1856,0.9804,-0.2497,0.0503,0.3169,Dark,
50.0255,5.5339,6.8361,0.0000,0.0000,0.1849,0.2066,0.9608,-0.0617,0.1951,0.9788,0.0666,0.1863,0.9802,-0.2497,0.0503,0.3169,Dark,
50.0364,5.5451,6.8340,0.0000,0.0000,0.1852,0.2080,0.9604,-0.0614,0.1965,0.9786,0.0669,0.1876,0.9800,-0.2497,0.0504,0.3169,Dark,
50.0477,5.5547,6.8295,0.0000,0.0000,0.1852,0.2088,0.9603,-0.0614,0.1973,0.9784,0.0669,0.1884,0.9798,-0.2497,0.0504,0.3169,Dark,
50.0589,5.5562,6.8417,0.0000,0.0000,0.1854,0.2098,0.9600,-0.0612,0.1983,0.9782,0.0671,0.1894,0.9796,-0.2497,0.0504,0.3169,Dark,
50.0701,5.5494,6.8477,0.0000,0.0000,0.1855,0.2104,0.9598,-0.0610,0.1989,0.9781,0.0673,0.1901,0.9795,-0.2497,0.0504,0.3168,Dark,
50.0812,5.5546,6.8531,0.0000,0.0000,0.1856,0.2110,0.9597,-0.0609,0.1995,0.9780,0.0674,0.1907,0.9793,-0.2496,0.0504,0.3168,Dark,
50.0923,5.5650,6.8707,0.0000,0.0000,0.1858,0.2119,0.9595,-0.0608,0.2004,0.9778,0.0675,0.1916,0.9791,-0.2496,0.0504,0.3168,Dark,
50.1033,5.5706,6.8717,0.0000,0.0000,0.1858,0.2123,0.9594,-0.0607,0.2009,0.9777,0.0676,0.1921,0.9791,-0.2497,0.0504,0.3168,Dark,
50.1145,5.5668,6.8720,0.0000,0.0000,0.1860,0.2129,0.9592,-0.0605,0.2015,0.9776,0.0678,0.1927,0.9789,-0.2497,0.0504,0.3168,Dark,
50.1257,5.5628,6.8652,0.0000,0.0000,0.1862,0.2138,0.9590,-0.0603,0.2024,0.9775,0.0680,0.1935,0.9787,-0.2496,0.0504,0.3168,Dark,
50.1368,5.5637,6.8664,0.0000,0.0000,0.1864,0.2143,0.9588,-0.0601,0.2029,0.9774,0.0682,0.1940,0.9786,-0.2497,0.0504,0.3168,Dark,
50.1478,5.5690,6.8679,0.0000,0.0000,0.1866,0.2146,0.9587,-0.0599,0.2032,0.9773,0.0684,0.1944,0.9785,-0.2497,0.0504,0.3168,Dark,
50.1591,5.5814,6.8883,0.0000,0.0000,0.1870,0.2149,0.9586,-0.0593,0.2035,0.9773,0.0689,0.1947,0.9784,-0.2497,0.0504,0.3168,Dark,
50.1701,5.5865,6.8866,0.0000,0.0000,0.1871,0.2149,0.9586,-0.0587,0.2035,0.9773,0.0693,0.1947,0.9784,-0.2497,0.0504,0.3168,Dark,
50.1813,5.5958,6.8841,0.0000,0.0000,0.1873,0.2150,0.9585,-0.0581,0.2037,0.9773,0.0696,0.1948,0.9784,-0.2497,0.0505,0.3168,Dark,
50.1925,5.5998,6.8794,0.0000,0.0000,0.1875,0.2148,0.9585,-0.0567,0.2036,0.9774,0.0705,0.1948,0.9783,-0.2497,0.0505,0.3168,Dark,
50.2037,5.5966,6.8833,0.0000,0.0000,0.1876,0.2149,0.9584,-0.0562,0.2037,0.9774,0.0707,0.1949,0.9783,-0.2497,0.0504,0.3168,Dark,
50.2147,5.6015,6.8877,0.0000,0.0000,0.1877,0.2149,0.9584,-0.0558,0.2037,0.9774,0.0710,0.1949,0.9782,-0.2497,0.0504,0.3168,Dark,
50.2259,5.6071,6.8992,0.0000,0.0000,0.1876,0.2149,0.9584,-0.0550,0.2038,0.9775,0.0713,0.1950,0.9782,-0.2497,0.0504,0.3168,Dark,
50.2370,5.6090,6.9016,0.0000,0.0000,0.1876,0.2150,0.9584,-0.0547,0.2039,0.9775,0.0715,0.1951,0.9782,-0.2497,0.0504,0.3168,Dark,
50.2480,5.6152,6.9028,0.0000,0.0000,0.1876,0.2150,0.9584,-0.0544,0.2040,0.9775,0.0716,0.1952,0.9782,-0.2497,0.0504,0.3168,Dark,
50.2592,5.6192,6.9177,0.0000,0.0000,0.1874,0.2154,0.9584,-0.0540,0.2044,0.9774,0.0717,0.1956,0.9781,-0.2497,0.0504,0.3168,Dark,
50.2703,5.6187,6.9260,0.0000,0.0000,0.1874,0.2157,0.9583,-0.0538,0.2048,0.9773,0.0718,0.1960,0.9780,-0.2497,0.0504,0.3168,Dark,
50.2816,5.6189,6.9326,0.0000,0.0000,0.1875,0.2158,0.9583,-0.0537,0.2049,0.9773,0.0719,0.1961,0.9779,-0.2498,0.0504,0.3169,Dark,
50.2928,5.6264,6.9343,0.0000,0.0000,0.1876,0.2163,0.9581,-0.0533,0.2054,0.9772,0.0721,0.1966,0.9778,-0.2498,0.0504,0.3169,Dark,
50.3038,5.6330,6.9302,0.0000,0.0000,0.1876,0.2162,0.9581,-0.0531,0.2054,0.9772,0.0722,0.1966,0.9778,-0.2497,0.0504,0.3169,Dark,
50.3149,5.6368,6.9265,0.0000,0.0000,0.1877,0.2164,0.9581,-0.0529,0.2056,0.9772,0.0724,0.1968,0.9778,-0.2497,0.0504,0.3169,Dark,
50.3260,5.6399,6.9042,0.0000,0.0000,0.1882,0.2168,0.9579,-0.0520,0.2060,0.9772,0.0731,0.1972,0.9776,-0.2497,0.0504,0.3170,Dark,
50.3372,5.6394,6.9138,0.0000,0.0000,0.1884,0.2171,0.9578,-0.0515,0.2063,0.9771,0.0734,0.1975,0.9775,-0.2497,0.0504,0.3170,Dark,
50.3483,5.6378,6.9226,0.0000,0.0000,0.1887,0.2173,0.9577,-0.0511,0.2066,0.9771,0.0738,0.1978,0.9775,-0.2497,0.0503,0.3170,Dark,
50.3595,5.6457,6.9303,0.0000,0.0000,0.1894,0.2177,0.9575,-0.0500,0.2071,0.9770,0.0747,0.1982,0.9773,-0.2497,0.0503,0.3171,Dark,
50.3706,5.6534,6.9358,0.0000,0.0000,0.1898,0.2178,0.9574,-0.0495,0.2072,0.9771,0.0751,0.1983,0.9773,-0.2497,0.0503,0.3171,Dark,
50.3817,5.6585,6.9387,0.0000,0.0000,0.1903,0.2179,0.9572,-0.0488,0.2074,0.9770,0.0757,0.1985,0.9772,-0.2497,0.0503,0.3171,Dark,
50.3931,5.6716,6.9431,0.0000,0.0000,0.1910,0.2183,0.9570,-0.0477,0.2079,0.9770,0.0766,0.1990,0.9770,-0.2497,0.0502,0.3172,Dark,
50.4041,5.6784,6.9548,0.0000,0.0000,0.1913,0.2185,0.9569,-0.0473,0.2080,0.9770,0.0770,0.1991,0.9769,-0.2496,0.0502,0.3172,Dark,
50.4152,5.6839,6.9641,0.0000,0.0000,0.1915,0.2187,0.9568,-0.0471,0.2083,0.9769,0.0772,0.1994,0.9769,-0.2496,0.0502,0.3173,Dark,
50.4265,5.6882,6.9624,0.0000,0.0000,0.1920,0.2194,0.9565,-0.0462,0.2091,0.9768,0.0779,0.2002,0.9767,-0.2496,0.0502,0.3173,Dark,
50.4376,5.6873,6.9611,0.0000,0.0000,0.1924,0.2196,0.9564,-0.0456,0.2093,0.9768,0.0784,0.2004,0.9766,-0.2496,0.0502,0.3173,Dark,
50.4485,5.6843,6.9594,0.0000,0.0000,0.1928,0.2199,0.9563,-0.0451,0.2096,0.9767,0.0789,0.2007,0.9765,-0.2496,0.0501,0.3173,Dark,
50.4599,5.6837,6.9602,0.0000,0.0000,0.1935,0.2207,0.9560,-0.0441,0.2105,0.9766,0.0797,0.2015,0.9762,-0.2496,0.0501,0.3174,Dark,
50.4709,5.6858,6.9617,0.0000,0.0000,0.1938,0.2211,0.9558,-0.0436,0.2109,0.9765,0.0801,0.2020,0.9761,-0.2496,0.0501,0.3174,Dark,
50.4822,5.6926,6.9627,0.0000,0.0000,0.1939,0.2215,0.9557,-0.0434,0.2113,0.9765,0.0803,0.2024,0.9760,-0.2496,0.0501,0.3174,Dark,
50.4935,5.7022,6.9565,0.0000,0.0000,0.1944,0.2226,0.9553,-0.0427,0.2124,0.9762,0.0809,0.2035,0.9757,-0.2496,0.0502,0.3174,Dark,
50.5044,5.7048,6.9649,0.0000,0.0000,0.1945,0.2231,0.9552,-0.0425,0.2129,0.9761,0.0811,0.2040,0.9756,-0.2496,0.0502,0.3174,Dark,
50.5155,5.7061,6.9722,0.0000,0.0000,0.1948,0.2238,0.9550,-0.0421,0.2137,0.9760,0.0814,0.2048,0.9754,-0.2496,0.0502,0.3175,Dark,
50.5266,5.7052,6.9897,0.0000,0.0000,0.1950,0.2249,0.9547,-0.0415,0.2149,0.9757,0.0818,0.2060,0.9751,-0.2496,0.0502,0.3175,Dark,
50.5380,5.7040,6.9894,0.0000,0.0000,0.1951,0.2255,0.9545,-0.0413,0.2155,0.9756,0.0820,0.2066,0.9750,-0.2496,0.0503,0.3175,Dark,
50.5493,5.7097,6.9876,0.0000,0.0000,0.1953,0.2260,0.9544,-0.0409,0.2161,0.9755,0.0823,0.2071,0.9749,-0.2496,0.0503,0.3175,Dark,
50.5600,5.7132,7.0030,0.0000,0.0000,0.1959,0.2269,0.9540,-0.0401,0.2172,0.9753,0.0830,0.2082,0.9746,-0.2496,0.0503,0.3175,Dark,
50.5711,5.7119,7.0085,0.0000,0.0000,0.1962,0.2274,0.9538,-0.0397,0.2177,0.9752,0.0833,0.2087,0.9744,-0.2496,0.0503,0.3175,Dark,
50.5822,5.7554,7.0136,0.0000,0.0000,0.1962,0.2284,0.9536,-0.0395,0.2188,0.9750,0.0835,0.2097,0.9742,-0.2496,0.0503,0.3175,Dark,
50.5936,5.7644,7.0125,0.0000,0.0000,0.1962,0.2287,0.9535,-0.0394,0.2191,0.9749,0.0835,0.2100,0.9741,-0.2495,0.0503,0.3175,Dark,
50.6047,5.7712,7.0215,0.0000,0.0000,0.1964,0.2292,0.9534,-0.0392,0.2197,0.9748,0.0837,0.2106,0.9740,-0.2495,0.0503,0.3174,Dark,
50.6214,5.7718,7.0307,0.0000,0.0000,0.1964,0.2299,0.9532,-0.0390,0.2204,0.9746,0.0838,0.2113,0.9738,-0.2495,0.0503,0.3174,Dark,
50.6267,5.7694,7.0319,0.0000,0.0000,0.1964,0.2302,0.9531,-0.0388,0.2208,0.9746,0.0839,0.2117,0.9737,-0.2495,0.0503,0.3174,Dark,
50.6381,5.7683,7.0325,0.0000,0.0000,0.1970,0.2307,0.9529,-0.0381,0.2212,0.9745,0.0845,0.2121,0.9736,-0.2495,0.0503,0.3174,Dark,
50.6492,5.7755,7.0372,0.0000,0.0000,0.1969,0.2313,0.9527,-0.0381,0.2219,0.9743,0.0845,0.2128,0.9734,-0.2495,0.0503,0.3173,Dark,
50.6602,5.7745,7.0472,0.0000,0.0000,0.1968,0.2323,0.9525,-0.0381,0.2228,0.9741,0.0844,0.2138,0.9732,-0.2495,0.0503,0.3173,Dark,
50.6715,5.7734,7.0561,0.0000,0.0000,0.1969,0.2324,0.9525,-0.0380,0.2230,0.9741,0.0845,0.2139,0.9732,-0.2496,0.0503,0.3172,Dark,
50.6825,5.7756,7.0669,0.0000,0.0000,0.1969,0.2331,0.9523,-0.0380,0.2236,0.9739,0.0845,0.2146,0.9730,-0.2496,0.0503,0.3172,Dark,
50.6936,5.7761,7.0609,0.0000,0.0000,0.1968,0.2338,0.9522,-0.0381,0.2243,0.9738,0.0844,0.2153,0.9729,-0.2496,0.0504,0.3172,Dark,
50.7051,5.7794,7.0550,0.0000,0.0000,0.1969,0.2345,0.9519,-0.0379,0.2251,0.9736,0.0846,0.2161,0.9727,-0.2497,0.0504,0.3171,Dark,
50.7163,5.8002,7.0799,0.0000,0.0000,0.1970,0.2356,0.9517,-0.0376,0.2262,0.9734,0.0848,0.2171,0.9725,-0.2497,0.0504,0.3171,Dark,
50.7274,5.8145,7.0979,0.0000,0.0000,0.1975,0.2356,0.9516,-0.0380,0.2261,0.9734,0.0849,0.2171,0.9725,-0.2498,0.0504,0.3170,Dark,
50.7390,5.8234,7.1128,0.0000,0.0000,0.1959,0.2331,0.9525,-0.0393,0.2235,0.9739,0.0834,0.2145,0.9732,-0.2498,0.0505,0.3169,Dark,
50.7494,5.8385,7.1281,0.0000,0.0000,0.1933,0.2280,0.9543,-0.0436,0.2181,0.9750,0.0799,0.2091,0.9746,-0.2498,0.0505,0.3169,Dark,
50.7608,5.8442,7.1432,0.0000,0.0000,0.1920,0.2265,0.9549,-0.0465,0.2163,0.9752,0.0778,0.2074,0.9752,-0.2499,0.0506,0.3168,Dark,
50.7720,5.8480,7.1551,0.0000,0.0000,0.1887,0.2238,0.9562,-0.0506,0.2133,0.9757,0.0740,0.2045,0.9761,-0.2499,0.0506,0.3168,Dark,
50.7828,5.8622,7.1850,0.0000,0.0000,0.1848,0.2210,0.9576,-0.0569,0.2100,0.9761,0.0689,0.2012,0.9771,-0.2500,0.0507,0.3167,Dark,
50.7939,5.8708,7.1848,0.0000,0.0000,0.1833,0.2206,0.9580,-0.0598,0.2094,0.9760,0.0667,0.2007,0.9774,-0.2500,0.0507,0.3167,Dark,
50.8056,5.8843,7.1827,0.0000,0.0000,0.1816,0.2200,0.9585,-0.0627,0.2086,0.9760,0.0643,0.2000,0.9777,-0.2501,0.0508,0.3166,Dark,
50.8162,5.9010,7.1797,0.0000,0.0000,0.1800,0.2195,0.9589,-0.0661,0.2078,0.9759,0.0618,0.1992,0.9780,-0.2501,0.0508,0.3166,Dark,
50.8275,5.9048,7.1736,0.0000,0.0000,0.1794,0.2197,0.9589,-0.0673,0.2079,0.9758,0.0610,0.1993,0.9780,-0.2502,0.0509,0.3166,Dark,
50.8388,5.9074,7.1725,0.0000,0.0000,0.1792,0.2204,0.9588,-0.0684,0.2085,0.9756,0.0604,0.1999,0.9780,-0.2502,0.0509,0.3166,Dark,
50.8499,5.8993,7.1750,0.0000,0.0000,0.1787,0.2205,0.9589,-0.0692,0.2085,0.9756,0.0597,0.2000,0.9780,-0.2503,0.0509,0.3165,Dark,
50.8610,5.8928,7.1754,0.0000,0.0000,0.1791,0.2212,0.9587,-0.0689,0.2092,0.9754,0.0600,0.2007,0.9778,-0.2503,0.0509,0.3165,Dark,
50.8722,5.8917,7.1804,0.0000,0.0000,0.1795,0.2219,0.9584,-0.0684,0.2100,0.9753,0.0605,0.2014,0.9776,-0.2504,0.0510,0.3165,Dark,
50.8831,5.8972,7.1837,0.0000,0.0000,0.1791,0.2222,0.9584,-0.0686,0.2104,0.9752,0.0602,0.2018,0.9776,-0.2504,0.0510,0.3165,Dark,
50.8945,5.9023,7.1838,0.0000,0.0000,0.1789,0.2228,0.9583,-0.0685,0.2110,0.9751,0.0601,0.2024,0.9774,-0.2505,0.0510,0.3165,Dark,
50.9060,5.9026,7.1868,0.0000,0.0000,0.1789,0.2238,0.9581,-0.0680,0.2120,0.9749,0.0604,0.2034,0.9772,-0.2505,0.0510,0.3165,Dark,
50.9166,5.9048,7.1889,0.0000,0.0000,0.1784,0.2239,0.9581,-0.0682,0.2121,0.9749,0.0600,0.2036,0.9772,-0.2506,0.0510,0.3165,Dark,
50.9275,5.9063,7.1857,0.0000,0.0000,0.1782,0.2242,0.9581,-0.0680,0.2124,0.9748,0.0600,0.2039,0.9771,-0.2506,0.0510,0.3165,Dark,
50.9393,5.9032,7.1921,0.0000,0.0000,0.1779,0.2245,0.9581,-0.0677,0.2127,0.9748,0.0600,0.2043,0.9771,-0.2506,0.0510,0.3165,Dark,
50.9501,5.9016,7.1995,0.0000,0.0000,0.1774,0.2248,0.9581,-0.0678,0.2130,0.9747,0.0597,0.2046,0.9770,-0.2506,0.0511,0.3165,Dark,
50.9675,5.8918,7.1958,0.0000,0.0000,0.1770,0.2252,0.9581,-0.0676,0.2134,0.9746,0.0596,0.2050,0.9770,-0.2507,0.0511,0.3165,Dark,
50.9720,5.8853,7.2068,0.0000,0.0000,0.1765,0.2252,0.9582,-0.0679,0.2134,0.9746,0.0592,0.2050,0.9770,-0.2507,0.0511,0.3165,Dark,
50.9833,5.8890,7.2152,0.0000,0.0000,0.1764,0.2257,0.9581,-0.0677,0.2139,0.9745,0.0592,0.2056,0.9769,-0.2507,0.0511,0.3165,Dark,
50.9945,5.9037,7.1788,0.0000,0.0000,0.1765,0.2262,0.9579,-0.0672,0.2144,0.9744,0.0595,0.2061,0.9767,-0.2507,0.0511,0.3166,Dark,
51.0057,5.9133,7.1692,0.0000,0.0000,0.1767,0.2267,0.9578,-0.0668,0.2149,0.9743,0.0598,0.2066,0.9766,-0.2507,0.0511,0.3166,Dark,
51.0169,5.9200,7.1612,0.0000,0.0000,0.1768,0.2271,0.9577,-0.0665,0.2153,0.9743,0.0600,0.2070,0.9765,-0.2508,0.0511,0.3166,Dark,
51.0277,5.9264,7.1564,0.0000,0.0000,0.1772,0.2280,0.9574,-0.0659,0.2163,0.9741,0.0605,0.2079,0.9763,-0.2508,0.0511,0.3166,Dark,
51.0391,5.9275,7.1590,0.0000,0.0000,0.1768,0.2278,0.9575,-0.0662,0.2160,0.9741,0.0601,0.2077,0.9763,-0.2508,0.0511,0.3166,Dark,
51.0501,5.9274,7.1696,0.0000,0.0000,0.1771,0.2284,0.9573,-0.0657,0.2167,0.9740,0.0605,0.2083,0.9762,-0.2508,0.0511,0.3166,Dark,
51.0614,5.9238,7.1852,0.0000,0.0000,0.1780,0.2300,0.9568,-0.0646,0.2184,0.9737,0.0616,0.2100,0.9758,-0.2508,0.0511,0.3166,Dark,
51.0723,5.9205,7.1905,0.0000,0.0000,0.1777,0.2297,0.9569,-0.0648,0.2181,0.9738,0.0613,0.2098,0.9758,-0.2508,0.0510,0.3166,Dark,
51.0834,5.9178,7.2027,0.0000,0.0000,0.1781,0.2306,0.9566,-0.0644,0.2190,0.9736,0.0617,0.2106,0.9756,-0.2508,0.0510,0.3166,Dark,
51.0947,5.9338,7.2132,0.0000,0.0000,0.1787,0.2321,0.9561,-0.0639,0.2206,0.9733,0.0623,0.2122,0.9752,-0.2508,0.0510,0.3167,Dark,
51.1057,5.9400,7.2137,0.0000,0.0000,0.1789,0.2327,0.9560,-0.0638,0.2212,0.9731,0.0624,0.2128,0.9751,-0.2508,0.0510,0.3166,Dark,
51.1171,5.9452,7.2138,0.0000,0.0000,0.1791,0.2334,0.9558,-0.0637,0.2219,0.9730,0.0626,0.2135,0.9749,-0.2508,0.0510,0.3166,Dark,
51.1280,5.9341,7.2132,0.0000,0.0000,0.1793,0.2340,0.9556,-0.0636,0.2225,0.9729,0.0628,0.2141,0.9748,-0.2508,0.0511,0.3166,Dark,
51.1391,5.9387,7.2229,0.0000,0.0000,0.1796,0.2350,0.9553,-0.0636,0.2236,0.9726,0.0629,0.2152,0.9745,-0.2509,0.0511,0.3166,Dark,
51.1503,5.9404,7.2291,0.0000,0.0000,0.1796,0.2358,0.9551,-0.0638,0.2243,0.9724,0.0628,0.2159,0.9744,-0.2509,0.0511,0.3166,Dark,
51.1617,5.9424,7.2290,0.0000,0.0000,0.1793,0.2369,0.9548,-0.0643,0.2254,0.9721,0.0624,0.2170,0.9742,-0.2509,0.0511,0.3166,Dark,
51.1727,5.9472,7.2241,0.0000,0.0000,0.1791,0.2374,0.9548,-0.0647,0.2259,0.9720,0.0622,0.2175,0.9741,-0.2509,0.0511,0.3166,Dark,
51.1837,5.9493,7.2232,0.0000,0.0000,0.1790,0.2380,0.9546,-0.0649,0.2265,0.9719,0.0620,0.2181,0.9740,-0.2509,0.0511,0.3166,Dark,
51.1948,5.9478,7.2184,0.0000,0.0000,0.1790,0.2392,0.9543,-0.0652,0.2277,0.9716,0.0619,0.2193,0.9737,-0.2509,0.0512,0.3166,Dark,
51.2062,5.9523,7.2155,0.0000,0.0000,0.1790,0.2399,0.9541,-0.0654,0.2284,0.9714,0.0618,0.2200,0.9735,-0.2510,0.0512,0.3166,Dark,
51.2174,5.9631,7.2301,0.0000,0.0000,0.1791,0.2411,0.9538,-0.0656,0.2295,0.9711,0.0617,0.2212,0.9733,-0.2510,0.0512,0.3165,Dark,
51.2283,5.9692,7.2433,0.0000,0.0000,0.1790,0.2419,0.9536,-0.0658,0.2303,0.9709,0.0616,0.2220,0.9731,-0.2510,0.0512,0.3165,Dark,
51.2394,5.9631,7.2543,0.0000,0.0000,0.1790,0.2429,0.9534,-0.0660,0.2313,0.9706,0.0615,0.2230,0.9729,-0.2510,0.0513,0.3165,Dark,
51.2506,5.9582,7.2826,0.0000,0.0000,0.1789,0.2445,0.9530,-0.0665,0.2329,0.9702,0.0612,0.2245,0.9726,-0.2510,0.0514,0.3165,Dark,
51.2617,5.9591,7.2763,0.0000,0.0000,0.1786,0.2454,0.9528,-0.0669,0.2338,0.9700,0.0608,0.2254,0.9724,-0.2510,0.0514,0.3165,Dark,
51.2729,5.9653,7.2698,0.0000,0.0000,0.1786,0.2463,0.9526,-0.0671,0.2347,0.9697,0.0607,0.2263,0.9722,-0.2509,0.0515,0.3164,Dark,
51.2842,5.9766,7.2891,0.0000,0.0000,0.1785,0.2475,0.9523,-0.0677,0.2360,0.9694,0.0604,0.2276,0.9719,-0.2509,0.0516,0.3164,Dark,
51.2951,5.9799,7.2892,0.0000,0.0000,0.1785,0.2482,0.9521,-0.0679,0.2368,0.9692,0.0602,0.2283,0.9717,-0.2509,0.0516,0.3164,Dark,
51.3079,6.0006,7.2999,0.0000,0.0000,0.1787,0.2491,0.9519,-0.0681,0.2377,0.9690,0.0603,0.2292,0.9715,-0.2509,0.0516,0.3164,Dark,
51.3176,6.0000,7.3066,0.0000,0.0000,0.1790,0.2497,0.9516,-0.0681,0.2383,0.9688,0.0604,0.2298,0.9714,-0.2508,0.0516,0.3163,Dark,
51.3288,5.9989,7.2968,0.0000,0.0000,0.1795,0.2501,0.9514,-0.0678,0.2388,0.9687,0.0608,0.2303,0.9712,-0.2508,0.0516,0.3163,Dark,
51.3396,5.9938,7.2888,0.0000,0.0000,0.1795,0.2505,0.9513,-0.0679,0.2392,0.9686,0.0608,0.2306,0.9711,-0.2508,0.0516,0.3163,Dark,
51.3509,5.9860,7.2509,0.0000,0.0000,0.1804,0.2511,0.9510,-0.0672,0.2399,0.9685,0.0616,0.2313,0.9709,-0.2507,0.0516,0.3162,Dark,
51.3619,5.9848,7.2522,0.0000,0.0000,0.1810,0.2515,0.9508,-0.0668,0.2404,0.9684,0.0621,0.2318,0.9708,-0.2507,0.0517,0.3162,Dark,
51.3733,5.9970,7.2556,0.0000,0.0000,0.1811,0.2516,0.9507,-0.0668,0.2405,0.9683,0.0622,0.2319,0.9708,-0.2507,0.0517,0.3162,Dark,
51.3842,6.0207,7.2653,0.0000,0.0000,0.1817,0.2527,0.9503,-0.0663,0.2416,0.9681,0.0627,0.2329,0.9705,-0.2507,0.0517,0.3162,Dark,
51.3953,6.0307,7.2604,0.0000,0.0000,0.1822,0.2533,0.9501,-0.0659,0.2423,0.9680,0.0632,0.2336,0.9703,-0.2507,0.0517,0.3161,Dark,
51.4066,6.0349,7.2627,0.0000,0.0000,0.1828,0.2546,0.9496,-0.0653,0.2436,0.9677,0.0638,0.2349,0.9699,-0.2507,0.0517,0.3161,Dark,
51.4177,6.0311,7.2701,0.0000,0.0000,0.1830,0.2551,0.9494,-0.0651,0.2442,0.9675,0.0641,0.2355,0.9698,-0.2507,0.0517,0.3160,Dark,
51.4288,6.0276,7.2807,0.0000,0.0000,0.1832,0.2557,0.9492,-0.0649,0.2448,0.9674,0.0642,0.2361,0.9696,-0.2507,0.0517,0.3160,Dark,
51.4401,6.0199,7.2916,0.0000,0.0000,0.1837,0.2567,0.9489,-0.0645,0.2458,0.9672,0.0647,0.2370,0.9693,-0.2507,0.0517,0.3160,Dark,
51.4511,6.0132,7.2913,0.0000,0.0000,0.1839,0.2572,0.9487,-0.0643,0.2464,0.9670,0.0649,0.2376,0.9692,-0.2507,0.0517,0.3159,Dark,
51.4622,6.0080,7.2888,0.0000,0.0000,0.1841,0.2575,0.9486,-0.0641,0.2467,0.9670,0.0651,0.2379,0.9691,-0.2507,0.0517,0.3159,Dark,
51.4735,5.9980,7.2876,0.0000,0.0000,0.1843,0.2585,0.9483,-0.0639,0.2477,0.9667,0.0653,0.2390,0.9688,-0.2507,0.0517,0.3159,Dark,
51.4849,5.9964,7.2895,0.0000,0.0000,0.1843,0.2591,0.9481,-0.0639,0.2483,0.9666,0.0654,0.2395,0.9687,-0.2507,0.0518,0.3158,Dark,
51.4956,5.9956,7.2919,0.0000,0.0000,0.1846,0.2597,0.9479,-0.0636,0.2489,0.9664,0.0657,0.2402,0.9685,-0.2507,0.0518,0.3158,Dark,
51.5068,5.9998,7.2818,0.0000,0.0000,0.1849,0.2608,0.9475,-0.0633,0.2501,0.9661,0.0659,0.2414,0.9682,-0.2507,0.0518,0.3158,Dark,
51.5180,6.0034,7.2767,0.0000,0.0000,0.1849,0.2616,0.9473,-0.0632,0.2509,0.9660,0.0660,0.2421,0.9680,-0.2507,0.0519,0.3158,Dark,
51.5295,6.0207,7.2737,0.0000,0.0000,0.1854,0.2622,0.9470,-0.0623,0.2517,0.9658,0.0667,0.2429,0.9678,-0.2507,0.0519,0.3157,Dark,
51.5403,6.0345,7.2758,0.0000,0.0000,0.1858,0.2626,0.9468,-0.0616,0.2521,0.9657,0.0673,0.2433,0.9676,-0.2506,0.0519,0.3157,Dark,
51.5513,6.0452,7.2775,0.0000,0.0000,0.1861,0.2630,0.9467,-0.0610,0.2526,0.9656,0.0677,0.2438,0.9675,-0.2506,0.0520,0.3157,Dark,
51.5626,6.0512,7.2863,0.0000,0.0000,0.1870,0.2634,0.9464,-0.0597,0.2530,0.9656,0.0688,0.2441,0.9673,-0.2506,0.0520,0.3157,Dark,
51.5737,6.0543,7.2920,0.0000,0.0000,0.1875,0.2638,0.9462,-0.0591,0.2535,0.9655,0.0694,0.2446,0.9671,-0.2506,0.0520,0.3157,Dark,
51.5846,6.0562,7.2922,0.0000,0.0000,0.1878,0.2640,0.9461,-0.0588,0.2538,0.9655,0.0697,0.2449,0.9670,-0.2506,0.0521,0.3157,Dark,
51.5959,6.0686,7.2904,0.0000,0.0000,0.1886,0.2646,0.9457,-0.0580,0.2545,0.9653,0.0705,0.2455,0.9668,-0.2506,0.0521,0.3157,Dark,
51.6070,6.0674,7.2884,0.0000,0.0000,0.1890,0.2650,0.9455,-0.0575,0.2549,0.9653,0.0710,0.2459,0.9667,-0.2506,0.0521,0.3157,Dark,
51.6181,6.0657,7.2890,0.0000,0.0000,0.1892,0.2652,0.9454,-0.0573,0.2552,0.9652,0.0711,0.2462,0.9666,-0.2506,0.0522,0.3157,Dark,
51.6295,6.0972,7.2914,0.0000,0.0000,0.1892,0.2657,0.9453,-0.0571,0.2557,0.9651,0.0713,0.2467,0.9665,-0.2506,0.0522,0.3157,Dark,
51.6406,6.0985,7.2925,0.0000,0.0000,0.1893,0.2658,0.9453,-0.0570,0.2558,0.9650,0.0713,0.2468,0.9664,-0.2505,0.0522,0.3157,Dark,
51.6518,6.0992,7.2887,0.0000,0.0000,0.1892,0.2660,0.9452,-0.0569,0.2560,0.9650,0.0713,0.2470,0.9664,-0.2505,0.0522,0.3157,Dark,
51.6627,6.0884,7.2877,0.0000,0.0000,0.1892,0.2659,0.9452,-0.0566,0.2560,0.9650,0.0715,0.2470,0.9664,-0.2505,0.0522,0.3157,Dark,
51.6739,6.0926,7.2902,0.0000,0.0000,0.1891,0.2660,0.9453,-0.0566,0.2561,0.9650,0.0715,0.2471,0.9664,-0.2505,0.0522,0.3157,Dark,
51.6850,6.0976,7.2876,0.0000,0.0000,0.1891,0.2660,0.9453,-0.0564,0.2561,0.9650,0.0715,0.2471,0.9663,-0.2505,0.0522,0.3157,Dark,
51.6960,6.1003,7.2982,0.0000,0.0000,0.1889,0.2663,0.9452,-0.0563,0.2565,0.9649,0.0715,0.2474,0.9663,-0.2505,0.0522,0.3157,Dark,
51.7072,6.1033,7.3083,0.0000,0.0000,0.1890,0.2664,0.9451,-0.0561,0.2566,0.9649,0.0716,0.2476,0.9662,-0.2505,0.0522,0.3157,Dark,
51.7183,6.1049,7.3171,0.0000,0.0000,0.1891,0.2665,0.9451,-0.0558,0.2568,0.9649,0.0718,0.2477,0.9662,-0.2504,0.0522,0.3157,Dark,
51.7296,6.0969,7.3161,0.0000,0.0000,0.1890,0.2670,0.9450,-0.0555,0.2572,0.9648,0.0719,0.2482,0.9660,-0.2504,0.0522,0.3157,Dark,
51.7409,6.0969,7.3077,0.0000,0.0000,0.1891,0.2672,0.9449,-0.0553,0.2575,0.9647,0.0720,0.2485,0.9660,-0.2504,0.0522,0.3157,Dark,
51.7516,6.0969,7.3096,0.0000,0.0000,0.1892,0.2672,0.9449,-0.0551,0.2575,0.9647,0.0722,0.2485,0.9659,-0.2504,0.0522,0.3157,Dark,
51.7637,6.0905,7.3034,0.0000,0.0000,0.1891,0.2677,0.9448,-0.0550,0.2580,0.9646,0.0722,0.2490,0.9658,-0.2504,0.0522,0.3157,Dark,
51.7741,6.0921,7.2973,0.0000,0.0000,0.1890,0.2679,0.9447,-0.0549,0.2582,0.9645,0.0722,0.2492,0.9658,-0.2504,0.0522,0.3158,Dark,
51.7852,6.0934,7.2999,0.0000,0.0000,0.1890,0.2680,0.9447,-0.0548,0.2584,0.9645,0.0722,0.2494,0.9657,-0.2504,0.0522,0.3158,Dark,
51.7963,6.0763,7.2913,0.0000,0.0000,0.1889,0.2681,0.9447,-0.0545,0.2585,0.9645,0.0723,0.2494,0.9657,-0.2504,0.0522,0.3158,Dark,
51.8075,6.0868,7.2837,0.0000,0.0000,0.1886,0.2680,0.9448,-0.0546,0.2584,0.9645,0.0721,0.2494,0.9657,-0.2504,0.0523,0.3158,Dark,
51.8185,6.0909,7.2922,0.0000,0.0000,0.1881,0.2682,0.9448,-0.0546,0.2586,0.9644,0.0718,0.2496,0.9657,-0.2504,0.0523,0.3158,Dark,
51.8297,6.0871,7.3038,0.0000,0.0000,0.1878,0.2684,0.9448,-0.0547,0.2588,0.9644,0.0716,0.2498,0.9656,-0.2504,0.0523,0.3157,Dark,
51.8412,6.0765,7.3141,0.0000,0.0000,0.1875,0.2685,0.9449,-0.0548,0.2589,0.9644,0.0714,0.2499,0.9656,-0.2504,0.0523,0.3157,Dark,
51.8520,6.0612,7.3001,0.0000,0.0000,0.1872,0.2690,0.9448,-0.0545,0.2594,0.9642,0.0714,0.2504,0.9655,-0.2504,0.0523,0.3157,Dark,
51.8631,6.0585,7.2919,0.0000,0.0000,0.1871,0.2693,0.9447,-0.0543,0.2598,0.9641,0.0714,0.2509,0.9654,-0.2505,0.0523,0.3157,Dark,
51.8747,6.0602,7.2850,0.0000,0.0000,0.1869,0.2696,0.9446,-0.0542,0.2601,0.9641,0.0714,0.2512,0.9653,-0.2505,0.0524,0.3156,Dark,
51.8856,6.0648,7.2842,0.0000,0.0000,0.1865,0.2700,0.9446,-0.0540,0.2605,0.9640,0.0713,0.2516,0.9652,-0.2505,0.0524,0.3156,Dark,
51.8965,6.0663,7.2780,0.0000,0.0000,0.1863,0.2703,0.9446,-0.0540,0.2608,0.9639,0.0712,0.2519,0.9651,-0.2505,0.0524,0.3156,Dark,
51.9078,6.0621,7.2726,0.0000,0.0000,0.1861,0.2704,0.9446,-0.0539,0.2609,0.9639,0.0711,0.2521,0.9651,-0.2505,0.0524,0.3155,Dark,
51.9189,6.0505,7.2818,0.0000,0.0000,0.1855,0.2711,0.9445,-0.0541,0.2615,0.9637,0.0707,0.2527,0.9650,-0.2505,0.0525,0.3155,Dark,
51.9302,6.0442,7.2933,0.0000,0.0000,0.1855,0.2712,0.9445,-0.0539,0.2617,0.9636,0.0708,0.2529,0.9649,-0.2505,0.0525,0.3154,Dark,
51.9415,6.0394,7.2897,0.0000,0.0000,0.1852,0.2718,0.9444,-0.0539,0.2622,0.9635,0.0706,0.2534,0.9648,-0.2505,0.0525,0.3154,Dark,
51.9523,6.0696,7.3033,0.0000,0.0000,0.2032,0.2734,0.9402,-0.0369,0.2650,0.9636,0.0886,0.2555,0.9627,-0.2505,0.0526,0.3154,Dark,
51.9638,6.0853,7.3157,0.0000,0.0000,0.1932,0.2739,0.9422,-0.0495,0.2646,0.9631,0.0770,0.2555,0.9637,-0.2505,0.0526,0.3153,Dark,
51.9750,6.0949,7.3393,0.0000,0.0000,0.2396,0.2713,0.9322,0.0019,0.2653,0.9642,0.1269,0.2546,0.9587,-0.2505,0.0527,0.3153,Dark,
51.9858,6.0900,7.3360,0.0000,0.0000,0.2575,0.2698,0.9278,0.0248,0.2653,0.9638,0.1476,0.2541,0.9559,-0.2505,0.0527,0.3153,Dark,
51.9969,6.0759,7.3308,0.0000,0.0000,0.2676,0.2693,0.9251,0.0375,0.2655,0.9634,0.1591,0.2539,0.9541,-0.2504,0.0528,0.3152,Dark,
52.0081,6.0631,7.3265,0.0000,0.0000,0.2798,0.2680,0.9219,0.0559,0.2652,0.9626,0.1744,0.2534,0.9515,-0.2504,0.0528,0.3152,Dark,
52.0191,6.0644,7.3219,0.0000,0.0000,0.2795,0.2684,0.9219,0.0585,0.2657,0.9623,0.1755,0.2540,0.9512,-0.2504,0.0528,0.3151,Dark,
52.0302,6.0678,7.3192,0.0000,0.0000,0.2838,0.2679,0.9207,0.0660,0.2656,0.9618,0.1813,0.2539,0.9501,-0.2503,0.0529,0.3151,Dark,
52.0414,6.0688,7.3166,0.0000,0.0000,0.2789,0.2674,0.9223,0.0654,0.2649,0.9620,0.1784,0.2534,0.9508,-0.2503,0.0528,0.3151,Dark,
52.0525,6.0659,7.3140,0.0000,0.0000,0.2775,0.2665,0.9230,0.0663,0.2641,0.9622,0.1780,0.2527,0.9510,-0.2503,0.0529,0.3150,Dark,
52.0638,6.0663,7.3123,0.0000,0.0000,0.2802,0.2663,0.9223,0.0713,0.2641,0.9619,0.1818,0.2527,0.9503,-0.2502,0.0529,0.3150,Dark,
52.0749,6.0535,7.3446,0.0000,0.0000,0.2727,0.2659,0.9246,0.0669,0.2634,0.9624,0.1756,0.2524,0.9516,-0.2502,0.0529,0.3150,Dark,
52.0922,6.0454,7.3404,0.0000,0.0000,0.2688,0.2654,0.9259,0.0660,0.2627,0.9626,0.1730,0.2519,0.9522,-0.2502,0.0529,0.3149,Dark,
52.0973,6.0454,7.3404,0.0000,0.0000,0.2691,0.2654,0.9258,0.0663,0.2628,0.9626,0.1733,0.2520,0.9521,-0.2501,0.0529,0.3149,Dark,
52.1083,6.0491,7.3289,0.0000,0.0000,0.2653,0.2651,0.9270,0.0652,0.2623,0.9628,0.1707,0.2517,0.9526,-0.2501,0.0529,0.3148,Dark,
52.1193,6.0511,7.3242,0.0000,0.0000,0.2639,0.2654,0.9273,0.0653,0.2626,0.9627,0.1700,0.2521,0.9527,-0.2501,0.0529,0.3148,Dark,
52.1306,6.0495,7.3219,0.0000,0.0000,0.2628,0.2655,0.9276,0.0655,0.2627,0.9627,0.1695,0.2523,0.9527,-0.2501,0.0529,0.3148,Dark,
52.1418,6.0443,7.3166,0.0000,0.0000,0.2606,0.2661,0.9281,0.0659,0.2633,0.9625,0.1684,0.2530,0.9527,-0.2501,0.0529,0.3147,Dark,
52.1531,6.0424,7.3115,0.0000,0.0000,0.2597,0.2664,0.9282,0.0661,0.2636,0.9624,0.1681,0.2534,0.9526,-0.2501,0.0529,0.3147,Dark,
52.1639,6.0478,7.3074,0.0000,0.0000,0.2587,0.2670,0.9283,0.0662,0.2642,0.9622,0.1676,0.2541,0.9526,-0.2500,0.0529,0.3147,Dark,
52.1753,6.0537,7.2882,0.0000,0.0000,0.2572,0.2678,0.9285,0.0665,0.2650,0.9619,0.1669,0.2550,0.9524,-0.2500,0.0529,0.3147,Dark,
52.1862,6.0541,7.2920,0.0000,0.0000,0.2566,0.2683,0.9285,0.0668,0.2656,0.9618,0.1668,0.2556,0.9523,-0.2500,0.0529,0.3147,Dark,
52.1975,6.0539,7.2959,0.0000,0.0000,0.2560,0.2688,0.9286,0.0670,0.2661,0.9616,0.1665,0.2561,0.9522,-0.2500,0.0529,0.3146,Dark,
52.2085,6.0488,7.2988,0.0000,0.0000,0.2544,0.2691,0.9289,0.0668,0.2664,0.9615,0.1655,0.2565,0.9523,-0.2500,0.0530,0.3146,Dark,
52.2196,6.0455,7.3084,0.0000,0.0000,0.2540,0.2697,0.9289,0.0671,0.2670,0.9614,0.1654,0.2571,0.9521,-0.2500,0.0530,0.3146,Dark,
52.2307,6.0407,7.3155,0.0000,0.0000,0.2535,0.2704,0.9288,0.0672,0.2677,0.9612,0.1652,0.2579,0.9519,-0.2500,0.0530,0.3146,Dark,
52.2419,6.0369,7.3321,0.0000,0.0000,0.2525,0.2710,0.9289,0.0673,0.2683,0.9610,0.1647,0.2585,0.9519,-0.2500,0.0530,0.3146,Dark,
52.2532,6.0374,7.3146,0.0000,0.0000,0.2525,0.2713,0.9288,0.0678,0.2687,0.9608,0.1650,0.2590,0.9517,-0.2500,0.0530,0.3146,Dark,
52.2643,6.0358,7.3027,0.0000,0.0000,0.2522,0.2722,0.9286,0.0685,0.2696,0.9605,0.1651,0.2599,0.9514,-0.2500,0.0530,0.3146,Dark,
52.2753,6.0288,7.3067,0.0000,0.0000,0.2519,0.2727,0.9285,0.0686,0.2701,0.9604,0.1650,0.2604,0.9513,-0.2499,0.0530,0.3146,Dark,
52.2864,6.0227,7.3152,0.0000,0.0000,0.2518,0.2730,0.9285,0.0689,0.2705,0.9603,0.1651,0.2608,0.9512,-0.2499,0.0531,0.3146,Dark,
52.2978,6.0176,7.3323,0.0000,0.0000,0.2517,0.2741,0.9282,0.0694,0.2716,0.9599,0.1653,0.2619,0.9508,-0.2499,0.0531,0.3146,Dark,
52.3088,6.0193,7.3370,0.0000,0.0000,0.2515,0.2746,0.9281,0.0696,0.2721,0.9598,0.1653,0.2624,0.9507,-0.2498,0.0531,0.3146,Dark,
52.3199,6.0212,7.3437,0.0000,0.0000,0.2517,0.2753,0.9278,0.0700,0.2729,0.9595,0.1656,0.2632,0.9504,-0.2498,0.0531,0.3146,Dark,
52.3311,6.0178,7.3505,0.0000,0.0000,0.2517,0.2760,0.9276,0.0706,0.2736,0.9592,0.1658,0.2640,0.9502,-0.2498,0.0531,0.3147,Dark,
52.3421,6.0136,7.3518,0.0000,0.0000,0.2516,0.2763,0.9276,0.0708,0.2739,0.9592,0.1659,0.2642,0.9501,-0.2498,0.0530,0.3147,Dark,
52.3534,6.0100,7.3454,0.0000,0.0000,0.2518,0.2766,0.9274,0.0713,0.2742,0.9590,0.1662,0.2646,0.9499,-0.2497,0.0530,0.3147,Dark,
52.3644,6.0039,7.3313,0.0000,0.0000,0.2517,0.2768,0.9274,0.0718,0.2745,0.9589,0.1664,0.2649,0.9498,-0.2497,0.0530,0.3147,Dark,
52.3755,6.0046,7.3250,0.0000,0.0000,0.2519,0.2770,0.9273,0.0722,0.2746,0.9588,0.1667,0.2651,0.9497,-0.2496,0.0530,0.3147,Dark,
52.3869,6.0056,7.3206,0.0000,0.0000,0.2518,0.2774,0.9272,0.0723,0.2751,0.9587,0.1667,0.2655,0.9496,-0.2496,0.0530,0.3148,Dark,
52.3979,6.0008,7.3164,0.0000,0.0000,0.2519,0.2779,0.9270,0.0728,0.2756,0.9585,0.1670,0.2660,0.9494,-0.2496,0.0529,0.3148,Dark,
52.4092,5.9958,7.3201,0.0000,0.0000,0.2520,0.2782,0.9269,0.0731,0.2760,0.9584,0.1672,0.2664,0.9493,-0.2495,0.0529,0.3148,Dark,
52.4201,5.9908,7.3236,0.0000,0.0000,0.2522,0.2783,0.9268,0.0734,0.2761,0.9583,0.1674,0.2665,0.9492,-0.2495,0.0529,0.3148,Dark,
52.4311,5.9807,7.3384,0.0000,0.0000,0.2526,0.2793,0.9264,0.0740,0.2772,0.9580,0.1679,0.2676,0.9488,-0.2495,0.0529,0.3148,Dark,
52.4423,5.9766,7.3258,0.0000,0.0000,0.2529,0.2798,0.9262,0.0744,0.2777,0.9578,0.1683,0.2681,0.9486,-0.2495,0.0529,0.3149,Dark,
52.4537,5.9592,7.3167,0.0000,0.0000,0.2530,0.2803,0.9260,0.0748,0.2782,0.9576,0.1685,0.2686,0.9484,-0.2495,0.0528,0.3149,Dark,
52.4645,5.9562,7.3190,0.0000,0.0000,0.2532,0.2806,0.9258,0.0750,0.2785,0.9575,0.1687,0.2689,0.9483,-0.2495,0.0528,0.3149,Dark,
52.4759,5.9544,7.3244,0.0000,0.0000,0.2531,0.2808,0.9258,0.0749,0.2787,0.9575,0.1687,0.2691,0.9482,-0.2494,0.0528,0.3149,Dark,
52.4872,5.9518,7.3280,0.0000,0.0000,0.2528,0.2814,0.9257,0.0746,0.2794,0.9573,0.1683,0.2698,0.9481,-0.2494,0.0528,0.3149,Dark,
52.4980,5.9521,7.3245,0.0000,0.0000,0.2528,0.2819,0.9255,0.0746,0.2799,0.9571,0.1683,0.2702,0.9480,-0.2494,0.0528,0.3149,Dark,
52.5092,5.9521,7.3282,0.0000,0.0000,0.2522,0.2826,0.9255,0.0736,0.2805,0.9570,0.1675,0.2709,0.9479,-0.2494,0.0528,0.3149,Dark,
52.5205,5.9657,7.3271,0.0000,0.0000,0.2275,0.2826,0.9319,0.0432,0.2790,0.9593,0.1399,0.2699,0.9527,-0.2494,0.0528,0.3149,Dark,
52.5314,5.9782,7.3239,0.0000,0.0000,0.2030,0.2797,0.9384,0.0161,0.2746,0.9614,0.1137,0.2662,0.9572,-0.2494,0.0528,0.3149,Dark,
52.5424,5.9881,7.3010,0.0000,0.0000,0.1722,0.2744,0.9461,-0.0219,0.2671,0.9634,0.0791,0.2595,0.9625,-0.2494,0.0528,0.3149,Dark,
52.5540,5.9829,7.2826,0.0000,0.0000,0.1440,0.2683,0.9525,-0.0595,0.2587,0.9641,0.0459,0.2517,0.9667,-0.2494,0.0527,0.3150,Dark,
52.5651,5.9804,7.2856,0.0000,0.0000,0.1368,0.2675,0.9538,-0.0713,0.2572,0.9637,0.0363,0.2504,0.9675,-0.2494,0.0527,0.3150,Dark,
52.5760,5.9780,7.2865,0.0000,0.0000,0.1359,0.2677,0.9539,-0.0763,0.2570,0.9634,0.0334,0.2501,0.9676,-0.2494,0.0528,0.3150,Dark,
52.5872,5.9792,7.3013,0.0000,0.0000,0.1379,0.2691,0.9532,-0.0814,0.2581,0.9627,0.0319,0.2511,0.9674,-0.2494,0.0528,0.3150,Dark,
52.5983,5.9855,7.3102,0.0000,0.0000,0.1369,0.2697,0.9532,-0.0853,0.2583,0.9623,0.0295,0.2513,0.9674,-0.2494,0.0528,0.3150,Dark,
52.6095,5.9905,7.3212,0.0000,0.0000,0.1452,0.2720,0.9513,-0.0795,0.2610,0.9621,0.0368,0.2537,0.9666,-0.2494,0.0528,0.3150,Dark,
52.6205,5.9883,7.3282,0.0000,0.0000,0.1488,0.2734,0.9503,-0.0801,0.2623,0.9617,0.0384,0.2548,0.9662,-0.2494,0.0528,0.3150,Dark,
52.6316,5.9937,7.3251,0.0000,0.0000,0.1518,0.2741,0.9496,-0.0788,0.2630,0.9616,0.0406,0.2555,0.9660,-0.2494,0.0528,0.3149,Dark,
52.6427,5.9980,7.3269,0.0000,0.0000,0.1556,0.2752,0.9487,-0.0765,0.2642,0.9614,0.0438,0.2566,0.9655,-0.2494,0.0528,0.3149,Dark,
52.6541,6.0019,7.3369,0.0000,0.0000,0.1587,0.2767,0.9478,-0.0762,0.2657,0.9610,0.0456,0.2579,0.9651,-0.2494,0.0528,0.3149,Dark,
52.6651,6.0112,7.3447,0.0000,0.0000,0.1598,0.2775,0.9474,-0.0763,0.2664,0.9608,0.0461,0.2586,0.9649,-0.2494,0.0528,0.3149,Dark,
52.6761,6.0182,7.3429,0.0000,0.0000,0.1615,0.2783,0.9468,-0.0756,0.2673,0.9607,0.0474,0.2594,0.9646,-0.2494,0.0528,0.3149,Dark,
52.6873,6.0208,7.3409,0.0000,0.0000,0.1627,0.2792,0.9464,-0.0766,0.2681,0.9603,0.0475,0.2602,0.9644,-0.2494,0.0528,0.3149,Dark,
52.6986,6.0169,7.3411,0.0000,0.0000,0.1631,0.2796,0.9461,-0.0770,0.2686,0.9602,0.0476,0.2606,0.9643,-0.2493,0.0529,0.3149,Dark,
52.7097,6.0130,7.3439,0.0000,0.0000,0.1636,0.2800,0.9460,-0.0772,0.2690,0.9600,0.0477,0.2610,0.9642,-0.2493,0.0529,0.3149,Dark,
52.7214,6.0256,7.3491,0.0000,0.0000,0.1647,0.2806,0.9456,-0.0770,0.2696,0.9599,0.0483,0.2616,0.9640,-0.2492,0.0529,0.3149,Dark,
52.7319,6.0315,7.3504,0.0000,0.0000,0.1652,0.2808,0.9454,-0.0769,0.2699,0.9598,0.0487,0.2618,0.9639,-0.2492,0.0529,0.3149,Dark,
52.7429,6.0363,7.3464,0.0000,0.0000,0.1658,0.2807,0.9454,-0.0764,0.2698,0.9599,0.0492,0.2617,0.9639,-0.2491,0.0529,0.3149,Dark,
52.7541,6.0404,7.3418,0.0000,0.0000,0.1664,0.2810,0.9452,-0.0759,0.2702,0.9598,0.0498,0.2620,0.9638,-0.2491,0.0528,0.3149,Dark,
52.7655,6.0400,7.3414,0.0000,0.0000,0.1665,0.2808,0.9452,-0.0757,0.2700,0.9599,0.0499,0.2618,0.9638,-0.2490,0.0528,0.3149,Dark,
52.7764,6.0396,7.3424,0.0000,0.0000,0.1670,0.2809,0.9451,-0.0751,0.2702,0.9599,0.0505,0.2620,0.9637,-0.2490,0.0528,0.3149,Dark,
52.7877,6.0359,7.3376,0.0000,0.0000,0.1672,0.2811,0.9450,-0.0745,0.2705,0.9598,0.0509,0.2622,0.9637,-0.2489,0.0528,0.3149,Dark,
52.7987,6.0368,7.3323,0.0000,0.0000,0.1677,0.2808,0.9450,-0.0739,0.2702,0.9600,0.0515,0.2619,0.9637,-0.2489,0.0527,0.3149,Dark,
52.8098,6.0376,7.3454,0.0000,0.0000,0.1684,0.2808,0.9449,-0.0731,0.2703,0.9600,0.0522,0.2620,0.9637,-0.2489,0.0527,0.3149,Dark,
52.8213,6.0643,7.3599,0.0000,0.0000,0.1676,0.2812,0.9449,-0.0736,0.2707,0.9599,0.0516,0.2624,0.9636,-0.2488,0.0527,0.3149,Dark,
52.8324,6.0661,7.3625,0.0000,0.0000,0.1673,0.2814,0.9449,-0.0737,0.2708,0.9598,0.0514,0.2626,0.9635,-0.2488,0.0526,0.3149,Dark,
52.8496,6.0781,7.3570,0.0000,0.0000,0.1667,0.2818,0.9449,-0.0740,0.2712,0.9597,0.0508,0.2630,0.9635,-0.2488,0.0526,0.3149,Dark,
52.8543,6.0868,7.3536,0.0000,0.0000,0.1664,0.2823,0.9448,-0.0740,0.2717,0.9595,0.0507,0.2635,0.9633,-0.2488,0.0526,0.3149,Dark,
52.8659,6.0933,7.3517,0.0000,0.0000,0.1661,0.2826,0.9447,-0.0741,0.2720,0.9594,0.0504,0.2639,0.9632,-0.2488,0.0526,0.3150,Dark,
52.8768,6.0987,7.3511,0.0000,0.0000,0.1655,0.2833,0.9447,-0.0743,0.2727,0.9592,0.0501,0.2645,0.9631,-0.2488,0.0526,0.3150,Dark,
52.8878,6.0971,7.3499,0.0000,0.0000,0.1652,0.2834,0.9447,-0.0745,0.2729,0.9592,0.0498,0.2647,0.9630,-0.2488,0.0526,0.3150,Dark,
52.8990,6.1035,7.3488,0.0000,0.0000,0.1644,0.2836,0.9447,-0.0750,0.2730,0.9591,0.0491,0.2649,0.9630,-0.2488,0.0527,0.3149,Dark,
52.9101,6.1151,7.3793,0.0000,0.0000,0.1630,0.2838,0.9449,-0.0762,0.2732,0.9589,0.0478,0.2651,0.9630,-0.2488,0.0527,0.3149,Dark,
52.9213,6.1201,7.3906,0.0000,0.0000,0.1632,0.2842,0.9448,-0.0759,0.2736,0.9588,0.0481,0.2655,0.9629,-0.2488,0.0527,0.3149,Dark,
52.9333,6.1242,7.3952,0.0000,0.0000,0.1624,0.2845,0.9448,-0.0765,0.2738,0.9587,0.0473,0.2658,0.9629,-0.2488,0.0527,0.3149,Dark,
52.9435,6.1171,7.3966,0.0000,0.0000,0.1611,0.2846,0.9450,-0.0776,0.2739,0.9586,0.0461,0.2659,0.9629,-0.2489,0.0527,0.3149,Dark,
52.9546,6.1139,7.3940,0.0000,0.0000,0.1603,0.2846,0.9451,-0.0783,0.2738,0.9586,0.0453,0.2659,0.9629,-0.2489,0.0528,0.3149,Dark,
52.9658,6.1113,7.3862,0.0000,0.0000,0.1595,0.2848,0.9452,-0.0790,0.2740,0.9585,0.0446,0.2661,0.9629,-0.2489,0.0528,0.3150,Dark,
52.9822,6.1282,7.3765,0.0000,0.0000,0.1580,0.2848,0.9455,-0.0804,0.2738,0.9584,0.0431,0.2660,0.9630,-0.2489,0.0528,0.3150,Dark,
52.9881,6.1332,7.3740,0.0000,0.0000,0.1572,0.2847,0.9456,-0.0811,0.2737,0.9584,0.0423,0.2659,0.9631,-0.2489,0.0528,0.3150,Dark,
52.9993,6.1401,7.3935,0.0000,0.0000,0.1558,0.2845,0.9459,-0.0822,0.2734,0.9584,0.0411,0.2656,0.9632,-0.2489,0.0528,0.3150,Dark,
53.0106,6.1418,7.4236,0.0000,0.0000,0.1552,0.2846,0.9460,-0.0829,0.2735,0.9583,0.0404,0.2658,0.9632,-0.2489,0.0527,0.3150,Dark,
53.0215,6.1419,7.4479,0.0000,0.0000,0.1546,0.2848,0.9461,-0.0835,0.2736,0.9582,0.0398,0.2659,0.9632,-0.2489,0.0527,0.3151,Dark,
53.0328,6.1568,7.4624,0.0000,0.0000,0.1536,0.2852,0.9461,-0.0845,0.2740,0.9580,0.0388,0.2663,0.9631,-0.2489,0.0527,0.3151,Dark,
53.0437,6.1688,7.4689,0.0000,0.0000,0.1537,0.2856,0.9459,-0.0844,0.2744,0.9579,0.0389,0.2666,0.9630,-0.2489,0.0527,0.3151,Dark,
53.0550,6.1730,7.4724,0.0000,0.0000,0.1537,0.2856,0.9459,-0.0843,0.2744,0.9579,0.0389,0.2667,0.9630,-0.2489,0.0527,0.3151,Dark,
53.0659,6.2029,7.4695,0.0000,0.0000,0.1542,0.2856,0.9459,-0.0846,0.2744,0.9579,0.0390,0.2666,0.9630,-0.2489,0.0527,0.3152,Dark,
53.0772,6.2243,7.4884,0.0000,0.0000,0.1566,0.2849,0.9457,-0.0825,0.2738,0.9582,0.0413,0.2660,0.9631,-0.2489,0.0526,0.3152,Dark,
53.0883,6.2404,7.5036,0.0000,0.0000,0.1661,0.2804,0.9454,-0.0753,0.2697,0.9600,0.0499,0.2615,0.9639,-0.2489,0.0526,0.3152,Dark,
53.0994,6.2637,7.5166,0.0000,0.0000,0.1826,0.2684,0.9458,-0.0638,0.2582,0.9640,0.0643,0.2494,0.9663,-0.2489,0.0526,0.3152,Dark,
53.1105,6.2696,7.5207,0.0000,0.0000,0.1919,0.2609,0.9461,-0.0561,0.2510,0.9664,0.0730,0.2418,0.9676,-0.2489,0.0526,0.3153,Dark,
53.1219,6.2794,7.5223,0.0000,0.0000,0.1964,0.2573,0.9461,-0.0534,0.2476,0.9674,0.0768,0.2382,0.9682,-0.2489,0.0526,0.3153,Dark,
53.1328,6.2903,7.5138,0.0000,0.0000,0.2030,0.2511,0.9464,-0.0491,0.2414,0.9692,0.0824,0.2318,0.9693,-0.2489,0.0526,0.3153,Dark,
53.1439,6.2920,7.5184,0.0000,0.0000,0.2035,0.2497,0.9467,-0.0495,0.2401,0.9695,0.0825,0.2304,0.9696,-0.2489,0.0526,0.3154,Dark,
53.1551,6.2932,7.5223,0.0000,0.0000,0.2039,0.2493,0.9467,-0.0500,0.2395,0.9696,0.0824,0.2298,0.9697,-0.2489,0.0526,0.3154,Dark,
53.1662,6.2894,7.5375,0.0000,0.0000,0.2050,0.2501,0.9463,-0.0500,0.2404,0.9694,0.0830,0.2306,0.9695,-0.2489,0.0526,0.3154,Dark,
53.1774,6.2863,7.5439,0.0000,0.0000,0.2048,0.2510,0.9461,-0.0506,0.2413,0.9691,0.0826,0.2315,0.9693,-0.2490,0.0526,0.3154,Dark,
53.1884,6.2807,7.5481,0.0000,0.0000,0.2052,0.2505,0.9461,-0.0503,0.2408,0.9693,0.0830,0.2310,0.9694,-0.2490,0.0526,0.3154,Dark,
53.1996,6.2848,7.5523,0.0000,0.0000,0.2043,0.2518,0.9460,-0.0513,0.2421,0.9689,0.0820,0.2323,0.9692,-0.2490,0.0526,0.3155,Dark,
53.2108,6.2926,7.5546,0.0000,0.0000,0.2036,0.2527,0.9459,-0.0519,0.2429,0.9687,0.0814,0.2332,0.9690,-0.2490,0.0526,0.3155,Dark,
53.2219,6.3075,7.5565,0.0000,0.0000,0.2028,0.2533,0.9459,-0.0526,0.2435,0.9685,0.0806,0.2338,0.9689,-0.2490,0.0526,0.3155,Dark,
53.2332,6.3145,7.5702,0.0000,0.0000,0.2015,0.2547,0.9458,-0.0536,0.2449,0.9681,0.0794,0.2352,0.9687,-0.2490,0.0526,0.3155,Dark,
53.2446,6.3084,7.5700,0.0000,0.0000,0.2012,0.2549,0.9458,-0.0536,0.2450,0.9680,0.0792,0.2354,0.9687,-0.2490,0.0526,0.3155,Dark,
53.2557,6.3129,7.5693,0.0000,0.0000,0.2005,0.2550,0.9459,-0.0540,0.2451,0.9680,0.0787,0.2355,0.9687,-0.2490,0.0526,0.3155,Dark,
53.2666,6.3096,7.5682,0.0000,0.0000,0.1987,0.2551,0.9463,-0.0551,0.2451,0.9679,0.0772,0.2356,0.9688,-0.2490,0.0526,0.3155,Dark,
53.2777,6.3047,7.5722,0.0000,0.0000,0.1974,0.2548,0.9466,-0.0560,0.2447,0.9680,0.0760,0.2353,0.9689,-0.2490,0.0526,0.3155,Dark,
53.2889,6.3191,7.5760,0.0000,0.0000,0.1963,0.2547,0.9469,-0.0568,0.2446,0.9680,0.0750,0.2352,0.9691,-0.2491,0.0526,0.3156,Dark,
53.2999,6.3290,7.5843,0.0000,0.0000,0.1940,0.2541,0.9475,-0.0583,0.2439,0.9680,0.0731,0.2346,0.9693,-0.2491,0.0526,0.3156,Dark,
53.3110,6.3281,7.5933,0.0000,0.0000,0.1926,0.2537,0.9479,-0.0594,0.2434,0.9681,0.0718,0.2341,0.9695,-0.2491,0.0525,0.3156,Dark,
53.3224,6.3361,7.6009,0.0000,0.0000,0.1902,0.2533,0.9485,-0.0611,0.2429,0.9681,0.0697,0.2337,0.9698,-0.2491,0.0526,0.3156,Dark,
53.3334,6.3397,7.6010,0.0000,0.0000,0.1890,0.2529,0.9488,-0.0619,0.2425,0.9682,0.0687,0.2333,0.9700,-0.2491,0.0526,0.3156,Dark,
53.3445,6.3434,7.5913,0.0000,0.0000,0.1878,0.2525,0.9492,-0.0628,0.2420,0.9682,0.0676,0.2329,0.9701,-0.2492,0.0526,0.3156,Dark,
53.3557,6.3416,7.5820,0.0000,0.0000,0.1857,0.2516,0.9498,-0.0643,0.2410,0.9684,0.0657,0.2320,0.9705,-0.2492,0.0526,0.3156,Dark,
53.3667,6.3410,7.5824,0.0000,0.0000,0.1847,0.2514,0.9501,-0.0651,0.2407,0.9684,0.0648,0.2317,0.9706,-0.2492,0.0526,0.3156,Dark,
53.3780,6.3405,7.5759,0.0000,0.0000,0.1838,0.2512,0.9503,-0.0656,0.2404,0.9685,0.0640,0.2315,0.9707,-0.2492,0.0526,0.3156,Dark,
53.3896,6.3119,7.5682,0.0000,0.0000,0.1818,0.2509,0.9508,-0.0670,0.2400,0.9685,0.0623,0.2312,0.9709,-0.2492,0.0526,0.3156,Dark,
53.4001,6.3055,7.5687,0.0000,0.0000,0.1813,0.2507,0.9509,-0.0673,0.2397,0.9685,0.0619,0.2310,0.9710,-0.2493,0.0526,0.3155,Dark,
53.4113,6.3010,7.5686,0.0000,0.0000,0.1805,0.2506,0.9511,-0.0676,0.2396,0.9685,0.0614,0.2309,0.9711,-0.2493,0.0526,0.3155,Dark,
53.4224,6.3108,7.5707,0.0000,0.0000,0.1792,0.2502,0.9515,-0.0683,0.2392,0.9686,0.0603,0.2305,0.9712,-0.2493,0.0527,0.3155,Dark,
53.4338,6.3232,7.5582,0.0000,0.0000,0.1781,0.2496,0.9518,-0.0668,0.2387,0.9688,0.0604,0.2301,0.9713,-0.2493,0.0527,0.3155,Dark,
53.4447,6.3417,7.5474,0.0000,0.0000,0.1805,0.2466,0.9522,-0.0623,0.2361,0.9697,0.0639,0.2274,0.9717,-0.2492,0.0527,0.3155,Dark,
53.4562,6.3365,7.5475,0.0000,0.0000,0.2169,0.2319,0.9482,-0.0070,0.2244,0.9745,0.1101,0.2149,0.9704,-0.2492,0.0527,0.3155,Dark,
53.4671,6.3183,7.5619,0.0000,0.0000,0.2338,0.2244,0.9460,0.0212,0.2181,0.9757,0.1327,0.2085,0.9690,-0.2491,0.0527,0.3155,Dark,
53.4782,6.3283,7.5749,0.0000,0.0000,0.2474,0.2187,0.9439,0.0394,0.2131,0.9762,0.1486,0.2033,0.9678,-0.2491,0.0527,0.3155,Dark,
53.4892,6.3557,7.6053,0.0000,0.0000,0.2650,0.2017,0.9429,0.0666,0.1968,0.9782,0.1710,0.1870,0.9674,-0.2491,0.0527,0.3155,Dark,
53.5003,6.3728,7.6196,0.0000,0.0000,0.2682,0.1910,0.9442,0.0742,0.1861,0.9797,0.1763,0.1764,0.9684,-0.2490,0.0527,0.3155,Dark,
53.5116,6.4375,7.6521,0.0000,0.0000,0.2727,0.1752,0.9460,0.0825,0.1700,0.9820,0.1825,0.1606,0.9700,-0.2490,0.0527,0.3155,Dark,
53.5230,6.4619,7.6699,0.0000,0.0000,0.2760,0.1694,0.9461,0.0875,0.1643,0.9825,0.1867,0.1549,0.9701,-0.2490,0.0527,0.3155,Dark,
53.5341,6.4800,7.6851,0.0000,0.0000,0.2753,0.1643,0.9472,0.0878,0.1590,0.9834,0.1864,0.1498,0.9710,-0.2489,0.0527,0.3154,Dark,
53.5451,6.5321,7.6961,0.0000,0.0000,0.2732,0.1595,0.9486,0.0860,0.1540,0.9843,0.1844,0.1449,0.9721,-0.2489,0.0526,0.3154,Dark,
53.5564,6.5369,7.6941,0.0000,0.0000,0.2743,0.1568,0.9488,0.0875,0.1512,0.9846,0.1857,0.1421,0.9723,-0.2489,0.0526,0.3154,Dark,
53.5671,6.5392,7.6819,0.0000,0.0000,0.2709,0.1570,0.9497,0.0835,0.1513,0.9850,0.1819,0.1422,0.9730,-0.2488,0.0526,0.3154,Dark,
53.5782,6.5258,7.6835,0.0000,0.0000,0.2722,0.1540,0.9498,0.0851,0.1482,0.9853,0.1834,0.1392,0.9731,-0.2488,0.0526,0.3154,Dark,
53.5897,6.5312,7.6943,0.0000,0.0000,0.2720,0.1547,0.9498,0.0849,0.1490,0.9852,0.1832,0.1400,0.9731,-0.2488,0.0526,0.3153,Dark,
53.6057,6.5313,7.7346,0.0000,0.0000,0.2709,0.1572,0.9497,0.0835,0.1514,0.9849,0.1819,0.1424,0.9729,-0.2488,0.0526,0.3153,Dark,
53.6116,6.5265,7.7398,0.0000,0.0000,0.2705,0.1565,0.9499,0.0830,0.1507,0.9851,0.1815,0.1417,0.9731,-0.2488,0.0526,0.3153,Dark,
53.6229,6.5352,7.7412,0.0000,0.0000,0.2707,0.1572,0.9498,0.0834,0.1515,0.9849,0.1818,0.1424,0.9730,-0.2487,0.0527,0.3153,Dark,
53.6340,6.5417,7.7418,0.0000,0.0000,0.2701,0.1572,0.9499,0.0827,0.1515,0.9850,0.1811,0.1424,0.9731,-0.2487,0.0527,0.3153,Dark,
53.6453,6.5745,7.7434,0.0000,0.0000,0.2704,0.1580,0.9497,0.0825,0.1523,0.9849,0.1812,0.1432,0.9730,-0.2487,0.0527,0.3152,Dark,
53.6565,6.5850,7.7458,0.0000,0.0000,0.2709,0.1587,0.9494,0.0828,0.1530,0.9848,0.1817,0.1439,0.9728,-0.2487,0.0527,0.3152,Dark,
53.6674,6.5916,7.7429,0.0000,0.0000,0.2708,0.1584,0.9495,0.0822,0.1527,0.9848,0.1813,0.1436,0.9729,-0.2487,0.0527,0.3152,Dark,
53.6786,6.5723,7.7394,0.0000,0.0000,0.2713,0.1583,0.9494,0.0818,0.1526,0.9849,0.1814,0.1434,0.9729,-0.2487,0.0527,0.3152,Dark,
53.6898,6.5614,7.7389,0.0000,0.0000,0.2717,0.1589,0.9492,0.0820,0.1532,0.9848,0.1817,0.1440,0.9728,-0.2486,0.0527,0.3152,Dark,
53.7008,6.5533,7.7392,0.0000,0.0000,0.2713,0.1586,0.9493,0.0812,0.1528,0.9849,0.1811,0.1436,0.9729,-0.2487,0.0527,0.3152,Dark,
53.7120,6.5423,7.7642,0.0000,0.0000,0.2719,0.1589,0.9491,0.0811,0.1532,0.9849,0.1814,0.1440,0.9728,-0.2486,0.0527,0.3151,Dark,
53.7233,6.5483,7.7841,0.0000,0.0000,0.2721,0.1596,0.9490,0.0811,0.1538,0.9848,0.1815,0.1446,0.9727,-0.2486,0.0527,0.3151,Dark,
53.7344,6.5561,7.7895,0.0000,0.0000,0.2719,0.1599,0.9489,0.0805,0.1542,0.9848,0.1811,0.1449,0.9727,-0.2486,0.0527,0.3151,Dark,
53.7463,6.5580,7.7959,0.0000,0.0000,0.2719,0.1599,0.9489,0.0804,0.1542,0.9848,0.1811,0.1449,0.9727,-0.2486,0.0526,0.3152,Dark,
53.7567,6.5612,7.7994,0.0000,0.0000,0.2725,0.1606,0.9487,0.0809,0.1548,0.9846,0.1816,0.1456,0.9725,-0.2486,0.0526,0.3152,Dark,
53.7676,6.5624,7.8026,0.0000,0.0000,0.2725,0.1605,0.9487,0.0803,0.1548,0.9847,0.1813,0.1455,0.9726,-0.2486,0.0526,0.3152,Dark,
53.7788,6.5619,7.7965,0.0000,0.0000,0.2725,0.1598,0.9488,0.0801,0.1540,0.9848,0.1813,0.1447,0.9727,-0.2485,0.0526,0.3152,Dark,
53.7902,6.5530,7.7907,0.0000,0.0000,0.2730,0.1598,0.9486,0.0805,0.1541,0.9848,0.1817,0.1447,0.9726,-0.2485,0.0526,0.3152,Dark,
53.8011,6.5424,7.7834,0.0000,0.0000,0.2735,0.1595,0.9486,0.0806,0.1537,0.9848,0.1820,0.1444,0.9726,-0.2485,0.0526,0.3152,Dark,
53.8122,6.5405,7.7814,0.0000,0.0000,0.2734,0.1596,0.9486,0.0802,0.1538,0.9848,0.1818,0.1445,0.9727,-0.2485,0.0525,0.3152,Dark,
53.8235,6.5398,7.7867,0.0000,0.0000,0.2736,0.1592,0.9486,0.0803,0.1534,0.9849,0.1819,0.1440,0.9727,-0.2485,0.0525,0.3153,Dark,
53.8345,6.5686,7.7989,0.0000,0.0000,0.2740,0.1587,0.9485,0.0803,0.1529,0.9850,0.1822,0.1436,0.9727,-0.2484,0.0525,0.3153,Dark,
53.8457,6.5891,7.8040,0.0000,0.0000,0.2743,0.1587,0.9485,0.0804,0.1529,0.9850,0.1824,0.1435,0.9727,-0.2484,0.0525,0.3153,Dark,
53.8569,6.6049,7.7950,0.0000,0.0000,0.2745,0.1586,0.9484,0.0804,0.1528,0.9850,0.1825,0.1434,0.9727,-0.2484,0.0525,0.3153,Dark,
53.8679,6.5886,7.7671,0.0000,0.0000,0.2753,0.1585,0.9482,0.0806,0.1527,0.9850,0.1830,0.1433,0.9726,-0.2484,0.0525,0.3154,Dark,
53.8791,6.5878,7.7568,0.0000,0.0000,0.2756,0.1586,0.9481,0.0808,0.1527,0.9850,0.1833,0.1433,0.9726,-0.2484,0.0524,0.3154,Dark,
53.8906,6.5871,7.7637,0.0000,0.0000,0.2758,0.1584,0.9481,0.0806,0.1526,0.9850,0.1833,0.1431,0.9726,-0.2484,0.0524,0.3154,Dark,
53.9015,6.6065,7.7765,0.0000,0.0000,0.2762,0.1585,0.9479,0.0804,0.1526,0.9850,0.1834,0.1432,0.9726,-0.2484,0.0524,0.3155,Dark,
53.9124,6.6086,7.7808,0.0000,0.0000,0.2763,0.1586,0.9479,0.0801,0.1527,0.9850,0.1833,0.1432,0.9726,-0.2484,0.0524,0.3155,Dark,
53.9240,6.6131,7.7727,0.0000,0.0000,0.2766,0.1588,0.9478,0.0797,0.1529,0.9850,0.1833,0.1434,0.9725,-0.2484,0.0523,0.3155,Dark,
53.9348,6.6160,7.7730,0.0000,0.0000,0.2767,0.1588,0.9478,0.0793,0.1529,0.9851,0.1832,0.1433,0.9726,-0.2484,0.0523,0.3155,Dark,
53.9461,6.6093,7.7740,0.0000,0.0000,0.2769,0.1588,0.9477,0.0792,0.1529,0.9851,0.1833,0.1433,0.9726,-0.2484,0.0523,0.3156,Dark,
53.9571,6.6020,7.7935,0.0000,0.0000,0.2775,0.1591,0.9475,0.0790,0.1531,0.9850,0.1835,0.1435,0.9725,-0.2484,0.0523,0.3156,Dark,
53.9681,6.5999,7.7948,0.0000,0.0000,0.2775,0.1591,0.9474,0.0787,0.1531,0.9851,0.1834,0.1435,0.9725,-0.2484,0.0523,0.3156,Dark,
53.9793,6.5953,7.7948,0.0000,0.0000,0.2779,0.1594,0.9473,0.0788,0.1534,0.9850,0.1836,0.1438,0.9724,-0.2485,0.0523,0.3156,Dark,
53.9904,6.5884,7.8152,0.0000,0.0000,0.2785,0.1596,0.9471,0.0785,0.1536,0.9850,0.1838,0.1440,0.9724,-0.2485,0.0523,0.3156,Dark,
54.0016,6.5851,7.8215,0.0000,0.0000,0.2786,0.1596,0.9471,0.0782,0.1535,0.9851,0.1837,0.1438,0.9724,-0.2485,0.0523,0.3157,Dark,
54.0132,6.5826,7.8269,0.0000,0.0000,0.2788,0.1599,0.9469,0.0782,0.1538,0.9850,0.1838,0.1441,0.9723,-0.2486,0.0523,0.3157,Dark,
54.0239,6.6083,7.8183,0.0000,0.0000,0.2791,0.1605,0.9468,0.0778,0.1544,0.9849,0.1838,0.1447,0.9723,-0.2486,0.0523,0.3157,Dark,
54.0349,6.6314,7.8223,0.0000,0.0000,0.2790,0.1606,0.9468,0.0773,0.1545,0.9850,0.1835,0.1448,0.9723,-0.2486,0.0523,0.3157,Dark,
54.0461,6.6354,7.8260,0.0000,0.0000,0.2793,0.1611,0.9466,0.0773,0.1550,0.9849,0.1837,0.1453,0.9722,-0.2486,0.0523,0.3157,Dark,
54.0573,6.6372,7.8101,0.0000,0.0000,0.2795,0.1613,0.9465,0.0767,0.1552,0.9849,0.1835,0.1455,0.9722,-0.2486,0.0523,0.3157,Dark,
54.0685,6.6351,7.7989,0.0000,0.0000,0.2793,0.1614,0.9465,0.0762,0.1552,0.9849,0.1832,0.1455,0.9723,-0.2487,0.0523,0.3157,Dark,
54.0794,6.6228,7.7893,0.0000,0.0000,0.2793,0.1616,0.9465,0.0758,0.1554,0.9849,0.1830,0.1456,0.9723,-0.2487,0.0523,0.3157,Dark,
54.0906,6.6122,7.8161,0.0000,0.0000,0.2794,0.1619,0.9464,0.0751,0.1557,0.9850,0.1827,0.1459,0.9723,-0.2487,0.0523,0.3157,Dark,
54.1018,6.6108,7.8080,0.0000,0.0000,0.2793,0.1619,0.9465,0.0745,0.1556,0.9850,0.1824,0.1459,0.9724,-0.2488,0.0523,0.3157,Dark,
54.1129,6.6033,7.8006,0.0000,0.0000,0.2795,0.1622,0.9463,0.0744,0.1559,0.9850,0.1824,0.1461,0.9723,-0.2488,0.0523,0.3157,Dark,
54.1242,6.6029,7.7964,0.0000,0.0000,0.2796,0.1624,0.9463,0.0736,0.1560,0.9850,0.1821,0.1462,0.9723,-0.2488,0.0523,0.3157,Dark,
54.1352,6.6074,7.7901,0.0000,0.0000,0.2794,0.1626,0.9463,0.0731,0.1562,0.9850,0.1818,0.1464,0.9724,-0.2489,0.0523,0.3157,Dark,
54.1463,6.6065,7.7869,0.0000,0.0000,0.2795,0.1632,0.9462,0.0729,0.1567,0.9849,0.1817,0.1469,0.9723,-0.2489,0.0523,0.3157,Dark,
54.1576,6.6060,7.7915,0.0000,0.0000,0.2792,0.1636,0.9462,0.0720,0.1571,0.9850,0.1811,0.1473,0.9724,-0.2489,0.0523,0.3157,Dark,
54.1686,6.6051,7.8017,0.0000,0.0000,0.2790,0.1641,0.9462,0.0714,0.1576,0.9849,0.1808,0.1478,0.9724,-0.2489,0.0524,0.3157,Dark,
54.1797,6.6095,7.8103,0.0000,0.0000,0.2790,0.1647,0.9461,0.0711,0.1582,0.9848,0.1806,0.1484,0.9723,-0.2489,0.0524,0.3157,Dark,
54.1909,6.6158,7.8136,0.0000,0.0000,0.2791,0.1656,0.9459,0.0706,0.1592,0.9847,0.1805,0.1493,0.9722,-0.2488,0.0524,0.3157,Dark,
54.2020,6.6173,7.7871,0.0000,0.0000,0.2791,0.1658,0.9458,0.0703,0.1594,0.9847,0.1803,0.1495,0.9722,-0.2488,0.0524,0.3156,Dark,
54.2134,6.6151,7.7642,0.0000,0.0000,0.2794,0.1660,0.9457,0.0704,0.1597,0.9847,0.1805,0.1497,0.9721,-0.2488,0.0524,0.3156,Dark,
54.2244,6.6011,7.7836,0.0000,0.0000,0.2798,0.1665,0.9455,0.0702,0.1601,0.9846,0.1807,0.1502,0.9720,-0.2487,0.0524,0.3156,Dark,
54.2355,6.5918,7.7774,0.0000,0.0000,0.2802,0.1665,0.9454,0.0703,0.1601,0.9846,0.1809,0.1501,0.9720,-0.2487,0.0524,0.3156,Dark,
54.2465,6.5910,7.7737,0.0000,0.0000,0.2807,0.1668,0.9452,0.0707,0.1605,0.9845,0.1814,0.1504,0.9718,-0.2487,0.0524,0.3156,Dark,
54.2577,6.5898,7.7917,0.0000,0.0000,0.2813,0.1672,0.9449,0.0708,0.1608,0.9844,0.1818,0.1508,0.9717,-0.2486,0.0524,0.3157,Dark,
54.2692,6.5893,7.7759,0.0000,0.0000,0.2817,0.1672,0.9448,0.0710,0.1609,0.9844,0.1820,0.1508,0.9717,-0.2486,0.0524,0.3156,Dark,
54.2803,6.5922,7.7638,0.0000,0.0000,0.2822,0.1675,0.9446,0.0713,0.1611,0.9844,0.1825,0.1510,0.9715,-0.2485,0.0524,0.3156,Dark,
54.2911,6.5974,7.7411,0.0000,0.0000,0.2824,0.1678,0.9445,0.0711,0.1614,0.9843,0.1825,0.1514,0.9715,-0.2485,0.0524,0.3157,Dark,
54.3023,6.6003,7.7396,0.0000,0.0000,0.2826,0.1680,0.9444,0.0711,0.1616,0.9843,0.1826,0.1515,0.9714,-0.2485,0.0523,0.3156,Dark,
54.3134,6.6068,7.7407,0.0000,0.0000,0.2830,0.1686,0.9442,0.0714,0.1621,0.9842,0.1830,0.1521,0.9713,-0.2485,0.0523,0.3156,Dark,
54.3251,6.6027,7.7729,0.0000,0.0000,0.2833,0.1694,0.9440,0.0713,0.1629,0.9841,0.1831,0.1529,0.9711,-0.2485,0.0523,0.3156,Dark,
54.3357,6.5945,7.7810,0.0000,0.0000,0.2833,0.1695,0.9439,0.0711,0.1630,0.9841,0.1830,0.1529,0.9711,-0.2485,0.0523,0.3156,Dark,
54.3470,6.5943,7.7862,0.0000,0.0000,0.2833,0.1701,0.9438,0.0710,0.1636,0.9840,0.1830,0.1535,0.9711,-0.2485,0.0523,0.3156,Dark,
54.3585,6.5942,7.7916,0.0000,0.0000,0.2833,0.1711,0.9437,0.0704,0.1647,0.9838,0.1827,0.1546,0.9709,-0.2485,0.0523,0.3156,Dark,
54.3693,6.5951,7.7764,0.0000,0.0000,0.2830,0.1713,0.9437,0.0700,0.1648,0.9838,0.1823,0.1547,0.9710,-0.2486,0.0524,0.3156,Dark,
54.3804,6.6024,7.7511,0.0000,0.0000,0.2834,0.1720,0.9435,0.0699,0.1655,0.9837,0.1825,0.1553,0.9709,-0.2486,0.0524,0.3156,Dark,
54.3918,6.6038,7.7408,0.0000,0.0000,0.2831,0.1723,0.9435,0.0694,0.1658,0.9837,0.1821,0.1557,0.9709,-0.2486,0.0524,0.3156,Dark,
54.4032,6.5891,7.7335,0.0000,0.0000,0.2832,0.1727,0.9434,0.0693,0.1661,0.9837,0.1822,0.1560,0.9708,-0.2487,0.0524,0.3156,Dark,
54.4138,6.5951,7.7200,0.0000,0.0000,0.2833,0.1732,0.9433,0.0690,0.1666,0.9836,0.1821,0.1565,0.9708,-0.2487,0.0524,0.3156,Dark,
54.4250,6.5975,7.7321,0.0000,0.0000,0.2832,0.1735,0.9432,0.0688,0.1670,0.9836,0.1819,0.1568,0.9707,-0.2487,0.0524,0.3156,Dark,
54.4362,6.5879,7.7429,0.0000,0.0000,0.2832,0.1739,0.9432,0.0687,0.1674,0.9835,0.1818,0.1572,0.9707,-0.2487,0.0524,0.3156,Dark,
54.4476,6.5794,7.7456,0.0000,0.0000,0.2829,0.1744,0.9432,0.0679,0.1679,0.9835,0.1813,0.1577,0.9707,-0.2488,0.0524,0.3156,Dark,
54.4583,6.5771,7.7506,0.0000,0.0000,0.2830,0.1745,0.9431,0.0679,0.1681,0.9834,0.1814,0.1579,0.9707,-0.2488,0.0524,0.3156,Dark,
54.4695,6.5655,7.7615,0.0000,0.0000,0.2830,0.1748,0.9430,0.0678,0.1684,0.9834,0.1813,0.1582,0.9706,-0.2488,0.0524,0.3157,Dark,
54.4805,6.5703,7.7686,0.0000,0.0000,0.2829,0.1754,0.9430,0.0673,0.1689,0.9833,0.1810,0.1587,0.9706,-0.2488,0.0524,0.3157,Dark,
54.4935,6.5726,7.7685,0.0000,0.0000,0.2831,0.1754,0.9429,0.0673,0.1689,0.9833,0.1811,0.1587,0.9706,-0.2488,0.0524,0.3157,Dark,
54.5028,6.5686,7.7665,0.0000,0.0000,0.2830,0.1755,0.9429,0.0671,0.1691,0.9833,0.1810,0.1588,0.9706,-0.2488,0.0524,0.3157,Dark,
54.5138,6.5586,7.7629,0.0000,0.0000,0.2829,0.1759,0.9429,0.0668,0.1695,0.9833,0.1808,0.1592,0.9705,-0.2488,0.0524,0.3158,Dark,
54.5252,6.5539,7.7716,0.0000,0.0000,0.2829,0.1760,0.9429,0.0666,0.1697,0.9833,0.1807,0.1594,0.9705,-0.2488,0.0523,0.3158,Dark,
54.5363,6.5590,7.7798,0.0000,0.0000,0.2829,0.1763,0.9428,0.0664,0.1699,0.9832,0.1806,0.1596,0.9705,-0.2487,0.0523,0.3158,Dark,
54.5474,6.5554,7.7759,0.0000,0.0000,0.2828,0.1768,0.9427,0.0661,0.1704,0.9831,0.1804,0.1601,0.9705,-0.2487,0.0522,0.3159,Dark,
54.5585,6.5480,7.7726,0.0000,0.0000,0.2829,0.1769,0.9427,0.0660,0.1705,0.9831,0.1804,0.1602,0.9705,-0.2487,0.0522,0.3159,Dark,
54.5697,6.5511,7.7692,0.0000,0.0000,0.2831,0.1770,0.9426,0.0660,0.1707,0.9831,0.1805,0.1603,0.9704,-0.2487,0.0522,0.3160,Dark,
54.5812,6.5466,7.7767,0.0000,0.0000,0.2833,0.1774,0.9425,0.0660,0.1711,0.9830,0.1806,0.1607,0.9703,-0.2487,0.0522,0.3160,Dark,
54.5917,6.5419,7.7682,0.0000,0.0000,0.2834,0.1774,0.9424,0.0660,0.1711,0.9830,0.1807,0.1607,0.9703,-0.2486,0.0521,0.3161,Dark,
54.6029,6.5608,7.7608,0.0000,0.0000,0.2837,0.1776,0.9423,0.0661,0.1713,0.9830,0.1809,0.1609,0.9702,-0.2487,0.0521,0.3161,Dark,
54.6142,6.5735,7.7513,0.0000,0.0000,0.2841,0.1781,0.9421,0.0663,0.1719,0.9829,0.1812,0.1614,0.9701,-0.2487,0.0521,0.3161,Dark,
54.6254,6.5714,7.7530,0.0000,0.0000,0.2842,0.1783,0.9421,0.0663,0.1720,0.9829,0.1813,0.1616,0.9701,-0.2487,0.0521,0.3162,Dark,
54.6363,6.5707,7.7558,0.0000,0.0000,0.2844,0.1787,0.9419,0.0664,0.1725,0.9828,0.1814,0.1620,0.9700,-0.2487,0.0521,0.3162,Dark,
54.6476,6.5694,7.7685,0.0000,0.0000,0.2844,0.1793,0.9418,0.0662,0.1731,0.9827,0.1813,0.1626,0.9699,-0.2487,0.0521,0.3163,Dark,
54.6591,6.5715,7.7802,0.0000,0.0000,0.2843,0.1795,0.9418,0.0660,0.1733,0.9827,0.1812,0.1628,0.9699,-0.2487,0.0521,0.3163,Dark,
54.6698,6.5720,7.7891,0.0000,0.0000,0.2842,0.1799,0.9417,0.0657,0.1737,0.9826,0.1810,0.1632,0.9699,-0.2487,0.0521,0.3163,Dark,
54.6810,6.5663,7.7824,0.0000,0.0000,0.2837,0.1806,0.9418,0.0649,0.1744,0.9825,0.1803,0.1639,0.9698,-0.2487,0.0520,0.3164,Dark,
54.6920,6.5611,7.7814,0.0000,0.0000,0.2833,0.1810,0.9418,0.0644,0.1748,0.9825,0.1799,0.1643,0.9699,-0.2487,0.0520,0.3164,Dark,
54.7033,6.5589,7.7802,0.0000,0.0000,0.2830,0.1814,0.9418,0.0639,0.1752,0.9825,0.1796,0.1647,0.9699,-0.2488,0.0520,0.3164,Dark,
54.7145,6.5532,7.7706,0.0000,0.0000,0.2824,0.1822,0.9418,0.0629,0.1759,0.9824,0.1787,0.1654,0.9699,-0.2488,0.0520,0.3164,Dark,
54.7256,6.5498,7.7617,0.0000,0.0000,0.2819,0.1826,0.9419,0.0623,0.1763,0.9824,0.1782,0.1658,0.9699,-0.2488,0.0520,0.3165,Dark,
54.7368,6.5613,7.7542,0.0000,0.0000,0.2817,0.1831,0.9419,0.0620,0.1768,0.9823,0.1779,0.1663,0.9699,-0.2488,0.0521,0.3165,Dark,
54.7481,6.5724,7.7613,0.0000,0.0000,0.2813,0.1836,0.9419,0.0613,0.1773,0.9823,0.1774,0.1668,0.9699,-0.2489,0.0520,0.3165,Dark,
54.7589,6.5733,7.7589,0.0000,0.0000,0.2810,0.1839,0.9419,0.0608,0.1775,0.9822,0.1770,0.1671,0.9699,-0.2489,0.0520,0.3165,Dark,
54.7703,6.5804,7.7571,0.0000,0.0000,0.2805,0.1842,0.9420,0.0603,0.1778,0.9822,0.1765,0.1673,0.9700,-0.2489,0.0520,0.3165,Dark,
54.7814,6.5925,7.7724,0.0000,0.0000,0.2798,0.1852,0.9420,0.0593,0.1788,0.9821,0.1756,0.1684,0.9700,-0.2489,0.0520,0.3165,Dark,
54.7922,6.5990,7.7799,0.0000,0.0000,0.2793,0.1858,0.9421,0.0587,0.1794,0.9820,0.1751,0.1689,0.9700,-0.2489,0.0520,0.3165,Dark,
54.8035,6.5996,7.7863,0.0000,0.0000,0.2788,0.1862,0.9421,0.0581,0.1798,0.9820,0.1746,0.1694,0.9700,-0.2490,0.0520,0.3165,Dark,
54.8149,6.6176,7.8207,0.0000,0.0000,0.2781,0.1875,0.9421,0.0571,0.1811,0.9818,0.1737,0.1706,0.9699,-0.2490,0.0520,0.3165,Dark,
54.8257,6.6328,7.8112,0.0000,0.0000,0.2778,0.1881,0.9420,0.0567,0.1817,0.9817,0.1734,0.1712,0.9699,-0.2490,0.0520,0.3165,Dark,
54.8376,6.6347,7.8021,0.0000,0.0000,0.2776,0.1887,0.9420,0.0564,0.1823,0.9816,0.1731,0.1719,0.9698,-0.2490,0.0520,0.3165,Dark,
54.8484,6.6435,7.8208,0.0000,0.0000,0.2773,0.1896,0.9419,0.0559,0.1832,0.9815,0.1726,0.1728,0.9697,-0.2490,0.0520,0.3165,Dark,
54.8649,6.6520,7.8276,0.0000,0.0000,0.2767,0.1912,0.9417,0.0550,0.1848,0.9812,0.1719,0.1743,0.9696,-0.2490,0.0520,0.3165,Dark,
54.8703,6.6520,7.8276,0.0000,0.0000,0.2767,0.1912,0.9417,0.0550,0.1848,0.9812,0.1719,0.1743,0.9696,-0.2490,0.0520,0.3165,Dark,
54.8816,6.6556,7.8217,0.0000,0.0000,0.2762,0.1926,0.9416,0.0541,0.1862,0.9810,0.1713,0.1757,0.9694,-0.2490,0.0521,0.3165,Dark,
54.8927,6.6545,7.7982,0.0000,0.0000,0.2760,0.1934,0.9415,0.0538,0.1869,0.9809,0.1710,0.1765,0.9693,-0.2491,0.0521,0.3164,Dark,
54.9036,6.6567,7.7794,0.0000,0.0000,0.2757,0.1942,0.9414,0.0534,0.1877,0.9808,0.1706,0.1773,0.9693,-0.2490,0.0521,0.3164,Dark,
54.9149,6.6527,7.7634,0.0000,0.0000,0.2751,0.1957,0.9413,0.0525,0.1893,0.9805,0.1699,0.1788,0.9691,-0.2490,0.0521,0.3164,Dark,
54.9260,6.6481,7.7579,0.0000,0.0000,0.2749,0.1967,0.9412,0.0521,0.1903,0.9803,0.1696,0.1798,0.9690,-0.2490,0.0521,0.3164,Dark,
54.9373,6.6410,7.7551,0.0000,0.0000,0.2745,0.1976,0.9411,0.0517,0.1912,0.9802,0.1692,0.1807,0.9689,-0.2490,0.0522,0.3163,Dark,
54.9483,6.6305,7.7537,0.0000,0.0000,0.2739,0.1991,0.9409,0.0507,0.1928,0.9799,0.1685,0.1822,0.9687,-0.2489,0.0522,0.3163,Dark,
54.9595,6.6277,7.7635,0.0000,0.0000,0.2739,0.1998,0.9408,0.0500,0.1936,0.9798,0.1681,0.1830,0.9686,-0.2489,0.0523,0.3163,Dark,
54.9729,6.6182,7.7719,0.0000,0.0000,0.2708,0.2014,0.9413,0.0464,0.1951,0.9797,0.1647,0.1846,0.9689,-0.2489,0.0523,0.3162,Dark,
54.9818,6.5762,7.7820,0.0000,0.0000,0.2306,0.2263,0.9464,-0.0028,0.2184,0.9759,0.1195,0.2085,0.9707,-0.2488,0.0523,0.3162,Dark,
54.9932,6.5480,7.7623,0.0000,0.0000,0.2141,0.2366,0.9477,-0.0253,0.2277,0.9734,0.0998,0.2182,0.9708,-0.2488,0.0523,0.3162,Dark,
55.0040,6.5383,7.7448,0.0000,0.0000,0.2036,0.2426,0.9485,-0.0381,0.2330,0.9717,0.0880,0.2238,0.9707,-0.2488,0.0523,0.3161,Dark,
55.0151,6.5282,7.7148,0.0000,0.0000,0.1944,0.2504,0.9484,-0.0506,0.2402,0.9694,0.0770,0.2312,0.9699,-0.2487,0.0523,0.3161,Dark,
55.0262,6.5271,7.7014,0.0000,0.0000,0.1914,0.2524,0.9485,-0.0541,0.2420,0.9688,0.0737,0.2331,0.9697,-0.2487,0.0523,0.3161,Dark,
55.0375,6.5348,7.6929,0.0000,0.0000,0.1913,0.2536,0.9482,-0.0546,0.2432,0.9684,0.0734,0.2343,0.9694,-0.2487,0.0523,0.3161,Dark,
55.0484,6.5258,7.7096,0.0000,0.0000,0.1897,0.2565,0.9478,-0.0570,0.2460,0.9676,0.0714,0.2372,0.9688,-0.2486,0.0523,0.3161,Dark,
55.0597,6.5139,7.7080,0.0000,0.0000,0.1902,0.2569,0.9475,-0.0563,0.2465,0.9675,0.0720,0.2376,0.9687,-0.2486,0.0523,0.3160,Dark,
55.0707,6.5245,7.7065,0.0000,0.0000,0.1907,0.2576,0.9472,-0.0557,0.2473,0.9674,0.0726,0.2384,0.9685,-0.2486,0.0523,0.3160,Dark,
55.0819,6.5360,7.7238,0.0000,0.0000,0.1937,0.2588,0.9463,-0.0524,0.2487,0.9672,0.0758,0.2397,0.9679,-0.2486,0.0523,0.3160,Dark,
55.0932,6.5387,7.7098,0.0000,0.0000,0.1936,0.2588,0.9463,-0.0524,0.2487,0.9672,0.0757,0.2397,0.9679,-0.2486,0.0523,0.3160,Dark,
55.1041,6.5531,7.6978,0.0000,0.0000,0.1941,0.2609,0.9457,-0.0517,0.2508,0.9667,0.0763,0.2418,0.9673,-0.2486,0.0523,0.3159,Dark,
55.1153,6.5413,7.6971,0.0000,0.0000,0.1938,0.2615,0.9455,-0.0517,0.2514,0.9665,0.0762,0.2425,0.9672,-0.2486,0.0523,0.3159,Dark,
55.1265,6.5317,7.6907,0.0000,0.0000,0.1937,0.2623,0.9454,-0.0515,0.2522,0.9663,0.0762,0.2433,0.9670,-0.2486,0.0523,0.3159,Dark,
55.1425,6.5500,7.6932,0.0000,0.0000,0.1934,0.2639,0.9450,-0.0511,0.2540,0.9659,0.0762,0.2450,0.9665,-0.2486,0.0523,0.3159,Dark,
55.1489,6.5568,7.6978,0.0000,0.0000,0.1925,0.2649,0.9449,-0.0517,0.2549,0.9656,0.0755,0.2460,0.9663,-0.2486,0.0524,0.3159,Dark,
55.1602,6.5669,7.7072,0.0000,0.0000,0.1930,0.2649,0.9448,-0.0509,0.2550,0.9656,0.0761,0.2461,0.9662,-0.2486,0.0524,0.3159,Dark,
55.1709,6.5628,7.7219,0.0000,0.0000,0.1929,0.2662,0.9444,-0.0507,0.2564,0.9653,0.0762,0.2474,0.9659,-0.2486,0.0524,0.3158,Dark,
55.1822,6.5589,7.7380,0.0000,0.0000,0.1909,0.2672,0.9445,-0.0527,0.2572,0.9649,0.0742,0.2484,0.9658,-0.2486,0.0524,0.3158,Dark,
55.1934,6.5559,7.7483,0.0000,0.0000,0.1904,0.2683,0.9443,-0.0533,0.2583,0.9646,0.0736,0.2495,0.9656,-0.2486,0.0524,0.3159,Dark,
55.2045,6.5459,7.7476,0.0000,0.0000,0.1897,0.2700,0.9440,-0.0540,0.2599,0.9641,0.0729,0.2511,0.9652,-0.2487,0.0524,0.3158,Dark,
55.2155,6.5435,7.7399,0.0000,0.0000,0.1897,0.2706,0.9438,-0.0540,0.2606,0.9639,0.0729,0.2518,0.9650,-0.2487,0.0524,0.3159,Dark,
55.2270,6.5416,7.7295,0.0000,0.0000,0.1902,0.2713,0.9435,-0.0532,0.2613,0.9638,0.0736,0.2525,0.9648,-0.2487,0.0524,0.3159,Dark,
55.2379,6.5265,7.7168,0.0000,0.0000,0.1907,0.2725,0.9431,-0.0523,0.2626,0.9635,0.0742,0.2538,0.9644,-0.2486,0.0524,0.3159,Dark,
55.2491,6.5217,7.7158,0.0000,0.0000,0.1899,0.2728,0.9431,-0.0529,0.2629,0.9634,0.0735,0.2541,0.9644,-0.2486,0.0523,0.3159,Dark,
55.2602,6.5260,7.7169,0.0000,0.0000,0.1901,0.2735,0.9429,-0.0525,0.2637,0.9632,0.0739,0.2549,0.9641,-0.2486,0.0523,0.3159,Dark,
55.2712,6.5417,7.7239,0.0000,0.0000,0.1908,0.2752,0.9423,-0.0514,0.2654,0.9628,0.0748,0.2566,0.9636,-0.2486,0.0523,0.3159,Dark,
55.2824,6.5518,7.7221,0.0000,0.0000,0.1912,0.2757,0.9420,-0.0507,0.2660,0.9626,0.0753,0.2572,0.9634,-0.2486,0.0523,0.3160,Dark,
55.2938,6.5606,7.7201,0.0000,0.0000,0.1918,0.2764,0.9417,-0.0499,0.2668,0.9625,0.0760,0.2579,0.9632,-0.2486,0.0522,0.3160,Dark,
55.3046,6.5571,7.7172,0.0000,0.0000,0.1928,0.2776,0.9412,-0.0485,0.2681,0.9622,0.0772,0.2592,0.9627,-0.2486,0.0522,0.3160,Dark,
55.3157,6.5543,7.7109,0.0000,0.0000,0.1935,0.2782,0.9408,-0.0475,0.2688,0.9620,0.0781,0.2599,0.9625,-0.2486,0.0522,0.3160,Dark,
55.3272,6.5682,7.7061,0.0000,0.0000,0.1941,0.2787,0.9406,-0.0466,0.2693,0.9619,0.0788,0.2605,0.9623,-0.2486,0.0521,0.3161,Dark,
55.3381,6.5676,7.7030,0.0000,0.0000,0.1946,0.2796,0.9402,-0.0455,0.2703,0.9617,0.0797,0.2614,0.9619,-0.2485,0.0521,0.3161,Dark,
55.3494,6.5572,7.7035,0.0000,0.0000,0.1946,0.2800,0.9401,-0.0451,0.2708,0.9616,0.0798,0.2619,0.9618,-0.2485,0.0521,0.3161,Dark,
55.3608,6.5603,7.7043,0.0000,0.0000,0.1947,0.2805,0.9399,-0.0447,0.2713,0.9615,0.0801,0.2624,0.9616,-0.2485,0.0521,0.3162,Dark,
55.3717,6.5604,7.7119,0.0000,0.0000,0.1928,0.2802,0.9404,-0.0461,0.2709,0.9615,0.0784,0.2620,0.9619,-0.2485,0.0520,0.3162,Dark,
55.3827,6.5606,7.7180,0.0000,0.0000,0.1935,0.2807,0.9401,-0.0450,0.2715,0.9614,0.0793,0.2627,0.9616,-0.2485,0.0520,0.3162,Dark,
55.3939,6.5671,7.7228,0.0000,0.0000,0.1933,0.2810,0.9401,-0.0451,0.2718,0.9613,0.0791,0.2629,0.9616,-0.2485,0.0520,0.3163,Dark,
55.4049,6.5767,7.7164,0.0000,0.0000,0.1924,0.2812,0.9402,-0.0454,0.2720,0.9612,0.0785,0.2632,0.9615,-0.2486,0.0520,0.3163,Dark,
55.4160,6.5813,7.7057,0.0000,0.0000,0.1922,0.2816,0.9401,-0.0454,0.2724,0.9611,0.0784,0.2636,0.9614,-0.2486,0.0520,0.3163,Dark,
55.4272,6.5894,7.6960,0.0000,0.0000,0.1919,0.2820,0.9400,-0.0456,0.2728,0.9610,0.0781,0.2640,0.9614,-0.2486,0.0520,0.3163,Dark,
55.4383,6.6025,7.7089,0.0000,0.0000,0.1919,0.2831,0.9397,-0.0453,0.2739,0.9607,0.0783,0.2652,0.9610,-0.2486,0.0520,0.3163,Dark,
55.4495,6.6076,7.7121,0.0000,0.0000,0.1920,0.2835,0.9396,-0.0450,0.2744,0.9606,0.0785,0.2656,0.9609,-0.2487,0.0520,0.3163,Dark,
55.4606,6.6038,7.7148,0.0000,0.0000,0.1916,0.2838,0.9395,-0.0452,0.2747,0.9605,0.0782,0.2659,0.9608,-0.2487,0.0520,0.3164,Dark,
55.4717,6.5945,7.7220,0.0000,0.0000,0.1911,0.2844,0.9395,-0.0454,0.2752,0.9603,0.0779,0.2665,0.9607,-0.2487,0.0520,0.3164,Dark,
55.4830,6.5899,7.7230,0.0000,0.0000,0.1905,0.2843,0.9396,-0.0460,0.2751,0.9603,0.0772,0.2664,0.9608,-0.2487,0.0520,0.3164,Dark,
55.4940,6.5848,7.7241,0.0000,0.0000,0.1899,0.2845,0.9397,-0.0464,0.2753,0.9602,0.0767,0.2666,0.9607,-0.2488,0.0519,0.3164,Dark,
55.5053,6.5782,7.7297,0.0000,0.0000,0.1891,0.2844,0.9399,-0.0469,0.2752,0.9602,0.0760,0.2665,0.9608,-0.2488,0.0519,0.3164,Dark,
55.5163,6.5758,7.7410,0.0000,0.0000,0.1885,0.2846,0.9399,-0.0474,0.2753,0.9602,0.0755,0.2667,0.9608,-0.2488,0.0519,0.3165,Dark,
55.5273,6.5890,7.7503,0.0000,0.0000,0.1878,0.2846,0.9401,-0.0481,0.2752,0.9602,0.0748,0.2667,0.9609,-0.2488,0.0519,0.3165,Dark,
55.5385,6.5807,7.7460,0.0000,0.0000,0.1869,0.2846,0.9402,-0.0486,0.2752,0.9602,0.0740,0.2667,0.9609,-0.2489,0.0519,0.3165,Dark,
55.5497,6.5637,7.7555,0.0000,0.0000,0.1862,0.2850,0.9403,-0.0495,0.2756,0.9600,0.0732,0.2670,0.9609,-0.2489,0.0518,0.3166,Dark,
55.5609,6.6166,7.7112,0.0000,0.0000,0.1409,0.2823,0.9489,-0.0959,0.2697,0.9581,0.0264,0.2627,0.9645,-0.2489,0.0518,0.3166,Dark,
55.5720,6.5724,7.6686,0.0000,0.0000,0.0933,0.2678,0.9590,-0.1406,0.2524,0.9574,-0.0207,0.2468,0.9689,-0.2490,0.0518,0.3166,Dark,
55.5830,6.5363,7.6052,0.0000,0.0000,0.0438,0.2527,0.9666,-0.1952,0.2338,0.9525,-0.0738,0.2294,0.9705,-0.2490,0.0518,0.3166,Dark,
55.5943,6.4628,7.5012,0.0000,0.0000,-0.0767,0.2181,0.9729,-0.3122,0.1935,0.9301,-0.1951,0.1911,0.9620,-0.2490,0.0518,0.3167,Dark,
55.6057,6.4649,7.4650,0.0000,0.0000,-0.1340,0.2031,0.9699,-0.3641,0.1766,0.9145,-0.2508,0.1749,0.9521,-0.2490,0.0518,0.3166,Dark,
55.6165,6.4742,7.5068,0.0000,0.0000,-0.1662,0.1982,0.9660,-0.3971,0.1699,0.9019,-0.2842,0.1686,0.9438,-0.2491,0.0518,0.3167,Dark,
55.6277,6.4959,7.5583,0.0000,0.0000,-0.1823,0.1998,0.9627,-0.4209,0.1692,0.8912,-0.3049,0.1683,0.9374,-0.2491,0.0517,0.3167,Dark,
55.6393,6.4885,7.5670,0.0000,0.0000,-0.1789,0.2022,0.9629,-0.4233,0.1707,0.8898,-0.3047,0.1699,0.9372,-0.2490,0.0517,0.3167,Dark,
55.6500,6.4791,7.5709,0.0000,0.0000,-0.1856,0.2011,0.9618,-0.4333,0.1686,0.8853,-0.3135,0.1680,0.9346,-0.2490,0.0517,0.3167,Dark,
55.6614,6.4624,7.5528,0.0000,0.0000,-0.1776,0.2041,0.9627,-0.4357,0.1702,0.8839,-0.3111,0.1696,0.9351,-0.2490,0.0517,0.3167,Dark,
55.6727,6.4641,7.5423,0.0000,0.0000,-0.1720,0.2060,0.9633,-0.4352,0.1715,0.8838,-0.3083,0.1710,0.9358,-0.2490,0.0517,0.3167,Dark,
55.6834,6.4671,7.5407,0.0000,0.0000,-0.1660,0.2084,0.9639,-0.4342,0.1733,0.8840,-0.3049,0.1728,0.9366,-0.2490,0.0518,0.3167,Dark,
55.6946,6.4667,7.5325,0.0000,0.0000,-0.1551,0.2124,0.9648,-0.4323,0.1764,0.8843,-0.2988,0.1759,0.9380,-0.2489,0.0518,0.3167,Dark,
55.7058,6.4786,7.5269,0.0000,0.0000,-0.1504,0.2144,0.9651,-0.4315,0.1780,0.8844,-0.2961,0.1776,0.9385,-0.2489,0.0518,0.3167,Dark,
55.7170,6.4881,7.5315,0.0000,0.0000,-0.1460,0.2167,0.9652,-0.4307,0.1800,0.8844,-0.2937,0.1796,0.9389,-0.2488,0.0518,0.3167,Dark,
55.7280,6.4954,7.5361,0.0000,0.0000,-0.1385,0.2193,0.9658,-0.4294,0.1820,0.8846,-0.2895,0.1815,0.9398,-0.2488,0.0518,0.3167,Dark,
55.7392,6.5029,7.5370,0.0000,0.0000,-0.1363,0.2202,0.9659,-0.4294,0.1826,0.8845,-0.2884,0.1822,0.9400,-0.2487,0.0518,0.3167,Dark,
55.7502,6.5080,7.5390,0.0000,0.0000,-0.1353,0.2211,0.9658,-0.4303,0.1833,0.8839,-0.2885,0.1829,0.9398,-0.2487,0.0518,0.3167,Dark,
55.7617,6.5043,7.5341,0.0000,0.0000,-0.1339,0.2223,0.9657,-0.4318,0.1841,0.8830,-0.2888,0.1837,0.9396,-0.2486,0.0518,0.3167,Dark,
55.7728,6.4962,7.5294,0.0000,0.0000,-0.1331,0.2224,0.9658,-0.4324,0.1840,0.8827,-0.2888,0.1836,0.9396,-0.2486,0.0518,0.3167,Dark,
55.7836,6.4890,7.5231,0.0000,0.0000,-0.1314,0.2229,0.9660,-0.4321,0.1843,0.8828,-0.2878,0.1840,0.9399,-0.2485,0.0518,0.3167,Dark,
55.7950,6.4847,7.5103,0.0000,0.0000,-0.1319,0.2227,0.9659,-0.4342,0.1839,0.8818,-0.2892,0.1836,0.9395,-0.2485,0.0517,0.3167,Dark,
55.8060,6.4880,7.5046,0.0000,0.0000,-0.1310,0.2232,0.9659,-0.4342,0.1842,0.8818,-0.2889,0.1839,0.9395,-0.2485,0.0517,0.3166,Dark,
55.8171,6.4913,7.5033,0.0000,0.0000,-0.1312,0.2234,0.9658,-0.4350,0.1843,0.8813,-0.2894,0.1840,0.9393,-0.2484,0.0517,0.3166,Dark,
55.8281,6.4997,7.5170,0.0000,0.0000,-0.1315,0.2241,0.9657,-0.4364,0.1847,0.8806,-0.2904,0.1845,0.9390,-0.2484,0.0517,0.3166,Dark,
55.8393,6.5019,7.5292,0.0000,0.0000,-0.1292,0.2248,0.9658,-0.4353,0.1854,0.8810,-0.2887,0.1851,0.9394,-0.2484,0.0517,0.3166,Dark,
55.8505,6.4945,7.5250,0.0000,0.0000,-0.1305,0.2245,0.9657,-0.4368,0.1849,0.8804,-0.2901,0.1847,0.9390,-0.2484,0.0517,0.3166,Dark,
55.8616,6.4866,7.5157,0.0000,0.0000,-0.1301,0.2252,0.9656,-0.4374,0.1854,0.8800,-0.2903,0.1852,0.9388,-0.2484,0.0517,0.3166,Dark,
55.8730,6.4860,7.5167,0.0000,0.0000,-0.1311,0.2252,0.9654,-0.4385,0.1854,0.8794,-0.2914,0.1852,0.9385,-0.2484,0.0517,0.3165,Dark,
55.8840,6.4782,7.5167,0.0000,0.0000,-0.1322,0.2253,0.9653,-0.4396,0.1853,0.8789,-0.2925,0.1852,0.9382,-0.2484,0.0517,0.3165,Dark,
55.8952,6.4644,7.5303,0.0000,0.0000,-0.1346,0.2254,0.9649,-0.4420,0.1852,0.8777,-0.2950,0.1851,0.9374,-0.2484,0.0517,0.3165,Dark,
55.9062,6.4576,7.5204,0.0000,0.0000,-0.1356,0.2256,0.9647,-0.4429,0.1853,0.8772,-0.2960,0.1853,0.9370,-0.2484,0.0517,0.3165,Dark,
55.9173,6.4561,7.5112,0.0000,0.0000,-0.1366,0.2257,0.9646,-0.4438,0.1854,0.8767,-0.2971,0.1854,0.9367,-0.2484,0.0517,0.3165,Dark,
55.9286,6.4585,7.4719,0.0000,0.0000,-0.1385,0.2259,0.9642,-0.4455,0.1855,0.8758,-0.2989,0.1855,0.9361,-0.2484,0.0517,0.3165,Dark,
55.9396,6.4608,7.4647,0.0000,0.0000,-0.1392,0.2260,0.9641,-0.4461,0.1854,0.8756,-0.2996,0.1855,0.9359,-0.2484,0.0517,0.3165,Dark,
55.9507,6.4519,7.4612,0.0000,0.0000,-0.1395,0.2261,0.9641,-0.4464,0.1855,0.8754,-0.2999,0.1856,0.9357,-0.2484,0.0517,0.3165,Dark,
55.9618,6.4400,7.4278,0.0000,0.0000,-0.1403,0.2262,0.9639,-0.4472,0.1854,0.8750,-0.3007,0.1856,0.9355,-0.2484,0.0517,0.3165,Dark,
55.9730,6.4372,7.4143,0.0000,0.0000,-0.1403,0.2262,0.9639,-0.4472,0.1855,0.8750,-0.3007,0.1857,0.9355,-0.2484,0.0517,0.3165,Dark,
55.9843,6.4340,7.4034,0.0000,0.0000,-0.1402,0.2262,0.9639,-0.4472,0.1855,0.8750,-0.3007,0.1856,0.9355,-0.2484,0.0517,0.3165,Dark,
55.9955,6.4313,7.3821,0.0000,0.0000,-0.1398,0.2264,0.9640,-0.4470,0.1857,0.8750,-0.3004,0.1858,0.9356,-0.2484,0.0517,0.3165,Dark,
56.0073,6.4301,7.3657,0.0000,0.0000,-0.1399,0.2265,0.9639,-0.4472,0.1857,0.8749,-0.3006,0.1859,0.9355,-0.2484,0.0517,0.3165,Dark,
56.0178,6.4206,7.3526,0.0000,0.0000,-0.1399,0.2266,0.9639,-0.4472,0.1858,0.8749,-0.3005,0.1859,0.9355,-0.2484,0.0517,0.3166,Dark,
56.0294,6.4188,7.3374,0.0000,0.0000,-0.1397,0.2264,0.9639,-0.4472,0.1857,0.8750,-0.3004,0.1859,0.9355,-0.2484,0.0517,0.3166,Dark,
56.0399,6.4243,7.3241,0.0000,0.0000,-0.1398,0.2264,0.9639,-0.4472,0.1857,0.8749,-0.3005,0.1859,0.9355,-0.2485,0.0517,0.3166,Dark,
56.0520,6.4135,7.3057,0.0000,0.0000,-0.1395,0.2265,0.9640,-0.4470,0.1858,0.8750,-0.3002,0.1860,0.9356,-0.2485,0.0516,0.3167,Dark,
56.0621,6.4006,7.2989,0.0000,0.0000,-0.1394,0.2263,0.9640,-0.4471,0.1857,0.8750,-0.3002,0.1858,0.9356,-0.2485,0.0516,0.3167,Dark,
56.0734,6.3892,7.2881,0.0000,0.0000,-0.1391,0.2263,0.9641,-0.4468,0.1856,0.8752,-0.2999,0.1857,0.9357,-0.2485,0.0516,0.3167,Dark,
56.0845,6.3634,7.2806,0.0000,0.0000,-0.1388,0.2259,0.9642,-0.4466,0.1852,0.8753,-0.2997,0.1853,0.9359,-0.2485,0.0516,0.3168,Dark,
56.0956,6.3677,7.2816,0.0000,0.0000,-0.1386,0.2257,0.9643,-0.4466,0.1851,0.8754,-0.2996,0.1851,0.9359,-0.2485,0.0515,0.3168,Dark,
56.1067,6.3726,7.2675,0.0000,0.0000,-0.1375,0.2256,0.9645,-0.4456,0.1850,0.8759,-0.2985,0.1850,0.9363,-0.2485,0.0515,0.3169,Dark,
56.1179,6.4123,7.2562,0.0000,0.0000,-0.1330,0.2275,0.9647,-0.4427,0.1868,0.8770,-0.2947,0.1869,0.9371,-0.2485,0.0515,0.3169,Dark,
56.1290,6.4569,7.2554,0.0000,0.0000,-0.1072,0.2353,0.9660,-0.4137,0.1969,0.8888,-0.2660,0.1967,0.9437,-0.2485,0.0515,0.3169,Dark,
56.1399,6.4634,7.2974,0.0000,0.0000,-0.0449,0.2530,0.9664,-0.3304,0.2221,0.9173,-0.1895,0.2205,0.9568,-0.2485,0.0515,0.3170,Dark,
56.1513,6.4789,7.3570,0.0000,0.0000,0.1096,0.3008,0.9474,-0.0937,0.2895,0.9526,0.0111,0.2837,0.9588,-0.2485,0.0515,0.3170,Dark,
56.1623,6.4336,7.3733,0.0000,0.0000,0.0785,0.2945,0.9524,-0.0797,0.2852,0.9551,0.0017,0.2807,0.9598,-0.2485,0.0514,0.3171,Dark,
56.1735,6.3971,7.3905,0.0000,0.0000,0.2020,0.3243,0.9241,0.0474,0.3216,0.9457,0.1282,0.3140,0.9407,-0.2485,0.0514,0.3171,Dark,
56.1850,6.2947,7.4392,0.0000,0.0000,0.3396,0.3523,0.8721,0.2452,0.3572,0.9013,0.2951,0.3486,0.8896,-0.2485,0.0514,0.3171,Dark,
56.1957,6.2912,7.4717,0.0000,0.0000,0.3442,0.3536,0.8698,0.2689,0.3580,0.8942,0.3085,0.3508,0.8842,-0.2485,0.0514,0.3171,Dark,
56.2070,6.2949,7.5006,0.0000,0.0000,0.3848,0.3621,0.8490,0.3240,0.3672,0.8719,0.3561,0.3604,0.8622,-0.2486,0.0514,0.3172,Dark,
56.2181,6.2592,7.5365,0.0000,0.0000,0.3821,0.3617,0.8504,0.3337,0.3658,0.8688,0.3591,0.3603,0.8609,-0.2486,0.0514,0.3172,Dark,
56.2292,6.2455,7.5446,0.0000,0.0000,0.3902,0.3631,0.8461,0.3462,0.3671,0.8634,0.3693,0.3620,0.8559,-0.2486,0.0513,0.3172,Dark,
56.2425,6.2425,7.5539,0.0000,0.0000,0.3676,0.3604,0.8573,0.3278,0.3636,0.8720,0.3487,0.3592,0.8657,-0.2486,0.0513,0.3173,Dark,
56.2515,6.2545,7.5373,0.0000,0.0000,0.3610,0.3596,0.8604,0.3229,0.3625,0.8743,0.3428,0.3584,0.8683,-0.2486,0.0513,0.3173,Dark,
56.2625,6.2617,7.5231,0.0000,0.0000,0.3619,0.3597,0.8600,0.3254,0.3625,0.8733,0.3445,0.3586,0.8676,-0.2486,0.0513,0.3173,Dark,
56.2737,6.2667,7.5231,0.0000,0.0000,0.3540,0.3584,0.8639,0.3185,0.3609,0.8765,0.3370,0.3572,0.8711,-0.2487,0.0513,0.3173,Dark,
56.2851,6.2741,7.5391,0.0000,0.0000,0.3369,0.3558,0.8717,0.3029,0.3580,0.8832,0.3206,0.3546,0.8783,-0.2487,0.0513,0.3174,Dark,
56.2961,6.2757,7.5533,0.0000,0.0000,0.3321,0.3554,0.8737,0.2987,0.3574,0.8849,0.3162,0.3541,0.8801,-0.2487,0.0512,0.3174,Dark,
56.3073,6.2965,7.5964,0.0000,0.0000,0.3246,0.3553,0.8766,0.2923,0.3572,0.8871,0.3091,0.3540,0.8827,-0.2488,0.0512,0.3174,Dark,
56.3183,6.3118,7.5990,0.0000,0.0000,0.3216,0.3553,0.8777,0.2898,0.3571,0.8880,0.3064,0.3540,0.8836,-0.2488,0.0512,0.3174,Dark,
56.3295,6.3009,7.5989,0.0000,0.0000,0.3199,0.3556,0.8782,0.2885,0.3574,0.8883,0.3049,0.3543,0.8840,-0.2489,0.0512,0.3174,Dark,
56.3408,6.2906,7.6165,0.0000,0.0000,0.3186,0.3565,0.8783,0.2879,0.3583,0.8881,0.3039,0.3553,0.8840,-0.2488,0.0512,0.3174,Dark,
56.3517,6.2901,7.6140,0.0000,0.0000,0.3176,0.3567,0.8785,0.2872,0.3584,0.8883,0.3031,0.3555,0.8842,-0.2489,0.0512,0.3174,Dark,
56.3629,6.2905,7.6123,0.0000,0.0000,0.3168,0.3569,0.8788,0.2867,0.3586,0.8884,0.3024,0.3557,0.8843,-0.2489,0.0512,0.3174,Dark,
56.3798,6.2988,7.6217,0.0000,0.0000,0.3106,0.3508,0.8834,0.2808,0.3523,0.8928,0.2963,0.3495,0.8888,-0.2489,0.0511,0.3175,Dark,
56.3852,6.3025,7.6264,0.0000,0.0000,0.3086,0.3470,0.8856,0.2789,0.3485,0.8949,0.2943,0.3457,0.8910,-0.2489,0.0511,0.3175,Dark,
56.3964,6.3041,7.6308,0.0000,0.0000,0.3062,0.3443,0.8875,0.2766,0.3457,0.8966,0.2920,0.3430,0.8928,-0.2490,0.0511,0.3175,Dark,
56.4073,6.3006,7.6513,0.0000,0.0000,0.3019,0.3393,0.8909,0.2724,0.3406,0.8999,0.2877,0.3380,0.8961,-0.2490,0.0511,0.3174,Dark,
56.4185,6.2967,7.6626,0.0000,0.0000,0.2994,0.3371,0.8926,0.2700,0.3383,0.9015,0.2853,0.3357,0.8977,-0.2490,0.0511,0.3174,Dark,
56.4299,6.3027,7.6733,0.0000,0.0000,0.2952,0.3327,0.8957,0.2658,0.3338,0.9044,0.2811,0.3312,0.9007,-0.2490,0.0511,0.3174,Dark,
56.4408,6.3053,7.6738,0.0000,0.0000,0.2942,0.3326,0.8960,0.2649,0.3337,0.9047,0.2801,0.3312,0.9010,-0.2490,0.0512,0.3175,Dark,
56.4519,6.3068,7.6729,0.0000,0.0000,0.2920,0.3302,0.8976,0.2627,0.3312,0.9062,0.2779,0.3287,0.9026,-0.2490,0.0512,0.3175,Dark,
56.4632,6.3189,7.6963,0.0000,0.0000,0.2883,0.3261,0.9003,0.2590,0.3271,0.9088,0.2742,0.3247,0.9052,-0.2490,0.0512,0.3175,Dark,
56.4741,6.3269,7.6972,0.0000,0.0000,0.2868,0.3247,0.9013,0.2576,0.3256,0.9097,0.2728,0.3232,0.9062,-0.2490,0.0512,0.3175,Dark,
56.4853,6.3339,7.6978,0.0000,0.0000,0.2854,0.3234,0.9022,0.2562,0.3243,0.9106,0.2713,0.3219,0.9071,-0.2490,0.0512,0.3175,Dark,
56.4964,6.3386,7.6935,0.0000,0.0000,0.2830,0.3214,0.9036,0.2538,0.3223,0.9120,0.2690,0.3199,0.9085,-0.2490,0.0512,0.3175,Dark,
56.5076,6.3369,7.6923,0.0000,0.0000,0.2816,0.3200,0.9046,0.2524,0.3209,0.9129,0.2676,0.3185,0.9094,-0.2489,0.0512,0.3175,Dark,
56.5189,6.3336,7.6923,0.0000,0.0000,0.2799,0.3183,0.9057,0.2507,0.3191,0.9140,0.2659,0.3167,0.9105,-0.2489,0.0513,0.3175,Dark,
56.5358,6.3275,7.6881,0.0000,0.0000,0.2780,0.3162,0.9070,0.2488,0.3170,0.9152,0.2640,0.3147,0.9118,-0.2489,0.0513,0.3175,Dark,
56.5413,6.3250,7.6923,0.0000,0.0000,0.2766,0.3146,0.9080,0.2474,0.3154,0.9161,0.2626,0.3130,0.9127,-0.2488,0.0512,0.3175,Dark,
56.5521,6.3323,7.6958,0.0000,0.0000,0.2762,0.3139,0.9084,0.2470,0.3146,0.9165,0.2621,0.3123,0.9131,-0.2488,0.0512,0.3175,Dark,
56.5637,6.3242,7.7179,0.0000,0.0000,0.2743,0.3120,0.9096,0.2451,0.3127,0.9177,0.2603,0.3104,0.9143,-0.2487,0.0512,0.3175,Dark,
56.5744,6.3120,7.7250,0.0000,0.0000,0.2737,0.3113,0.9100,0.2445,0.3120,0.9181,0.2597,0.3097,0.9147,-0.2487,0.0512,0.3175,Dark,
56.5857,6.3087,7.7297,0.0000,0.0000,0.2727,0.3102,0.9107,0.2435,0.3109,0.9187,0.2587,0.3086,0.9154,-0.2487,0.0512,0.3175,Dark,
56.5972,6.3087,7.7408,0.0000,0.0000,0.2710,0.3085,0.9118,0.2418,0.3092,0.9197,0.2569,0.3069,0.9164,-0.2487,0.0511,0.3175,Dark,
56.6078,6.3127,7.7388,0.0000,0.0000,0.2689,0.3074,0.9128,0.2396,0.3080,0.9207,0.2548,0.3058,0.9174,-0.2486,0.0511,0.3175,Dark,
56.6191,6.3558,7.7371,0.0000,0.0000,0.2642,0.3049,0.9150,0.2348,0.3055,0.9228,0.2501,0.3032,0.9195,-0.2486,0.0511,0.3175,Dark,
56.6301,6.3950,7.6566,0.0000,0.0000,0.2180,0.2899,0.9319,0.1826,0.2899,0.9395,0.2009,0.2876,0.9364,-0.2486,0.0511,0.3175,Dark,
56.6418,6.3960,7.6280,0.0000,0.0000,0.1685,0.2815,0.9447,0.1287,0.2808,0.9511,0.1493,0.2786,0.9487,-0.2486,0.0511,0.3175,Dark,
56.6524,6.4135,7.6071,0.0000,0.0000,0.1029,0.2708,0.9571,0.0591,0.2692,0.9613,0.0817,0.2672,0.9602,-0.2485,0.0511,0.3175,Dark,
56.6637,6.4269,7.5354,0.0000,0.0000,-0.0258,0.2469,0.9687,-0.0779,0.2431,0.9669,-0.0511,0.2417,0.9690,-0.2485,0.0511,0.3175,Dark,
56.6747,6.4296,7.5128,0.0000,0.0000,-0.0909,0.2348,0.9678,-0.1467,0.2299,0.9621,-0.1181,0.2288,0.9663,-0.2485,0.0511,0.3175,Dark,
56.6858,6.4649,7.4784,0.0000,0.0000,-0.1696,0.2180,0.9611,-0.2327,0.2113,0.9493,-0.2005,0.2106,0.9568,-0.2485,0.0511,0.3175,Dark,
56.6972,6.4408,7.4677,0.0000,0.0000,-0.1898,0.2133,0.9584,-0.2572,0.2058,0.9442,-0.2228,0.2051,0.9530,-0.2485,0.0511,0.3174,Dark,
56.7081,6.4202,7.4668,0.0000,0.0000,-0.2032,0.2136,0.9555,-0.2753,0.2053,0.9392,-0.2386,0.2047,0.9493,-0.2485,0.0511,0.3174,Dark,
56.7192,6.3898,7.5005,0.0000,0.0000,-0.2018,0.2213,0.9541,-0.2854,0.2114,0.9348,-0.2430,0.2108,0.9468,-0.2485,0.0511,0.3174,Dark,
56.7304,6.3925,7.5290,0.0000,0.0000,-0.1904,0.2285,0.9547,-0.2809,0.2179,0.9347,-0.2350,0.2173,0.9474,-0.2485,0.0512,0.3174,Dark,
56.7417,6.3984,7.5121,0.0000,0.0000,-0.1663,0.2377,0.9570,-0.2648,0.2265,0.9373,-0.2149,0.2257,0.9502,-0.2485,0.0512,0.3174,Dark,
56.7529,6.3782,7.4824,0.0000,0.0000,-0.1403,0.2465,0.9589,-0.2539,0.2340,0.9385,-0.1964,0.2330,0.9524,-0.2485,0.0512,0.3174,Dark,
56.7639,6.3760,7.4698,0.0000,0.0000,-0.1169,0.2519,0.9607,-0.2391,0.2390,0.9411,-0.1772,0.2378,0.9550,-0.2485,0.0512,0.3174,Dark,
56.7753,6.3737,7.4616,0.0000,0.0000,-0.1083,0.2543,0.9611,-0.2381,0.2407,0.9409,-0.1724,0.2394,0.9555,-0.2485,0.0512,0.3174,Dark,
56.7860,6.3566,7.4686,0.0000,0.0000,-0.0929,0.2580,0.9617,-0.2381,0.2431,0.9403,-0.1647,0.2416,0.9563,-0.2485,0.0512,0.3174,Dark,
56.7973,6.3642,7.4761,0.0000,0.0000,-0.0859,0.2601,0.9618,-0.2387,0.2444,0.9398,-0.1615,0.2429,0.9565,-0.2485,0.0512,0.3174,Dark,
56.8083,6.3703,7.4815,0.0000,0.0000,-0.0885,0.2626,0.9608,-0.2482,0.2459,0.9370,-0.1677,0.2444,0.9551,-0.2485,0.0512,0.3174,Dark,
56.8199,6.3715,7.4872,0.0000,0.0000,-0.0697,0.2649,0.9617,-0.2447,0.2471,0.9376,-0.1565,0.2455,0.9567,-0.2485,0.0512,0.3174,Dark,
56.8305,6.3710,7.4900,0.0000,0.0000,-0.0641,0.2673,0.9615,-0.2462,0.2488,0.9367,-0.1545,0.2471,0.9566,-0.2485,0.0512,0.3174,Dark,
56.8418,6.3673,7.4986,0.0000,0.0000,-0.0466,0.2724,0.9611,-0.2430,0.2529,0.9365,-0.1441,0.2510,0.9572,-0.2485,0.0512,0.3174,Dark,
56.8532,6.3647,7.5044,0.0000,0.0000,-0.0403,0.2739,0.9609,-0.2434,0.2539,0.9361,-0.1411,0.2519,0.9574,-0.2485,0.0512,0.3174,Dark,
56.8640,6.3632,7.4975,0.0000,0.0000,-0.0361,0.2749,0.9608,-0.2453,0.2543,0.9355,-0.1400,0.2523,0.9575,-0.2485,0.0512,0.3174,Dark,
56.8754,6.3847,7.4983,0.0000,0.0000,-0.0302,0.2767,0.9605,-0.2506,0.2550,0.9339,-0.1399,0.2530,0.9573,-0.2486,0.0511,0.3174,Dark,
56.8862,6.3800,7.5045,0.0000,0.0000,-0.0247,0.2782,0.9602,-0.2505,0.2561,0.9336,-0.1370,0.2540,0.9575,-0.2486,0.0511,0.3174,Dark,
56.8975,6.3755,7.4946,0.0000,0.0000,-0.0213,0.2792,0.9600,-0.2520,0.2567,0.9330,-0.1361,0.2546,0.9574,-0.2486,0.0511,0.3174,Dark,
56.9091,6.3907,7.4909,0.0000,0.0000,-0.0162,0.2812,0.9595,-0.2558,0.2578,0.9317,-0.1355,0.2557,0.9572,-0.2486,0.0512,0.3174,Dark,
56.9198,6.3944,7.4936,0.0000,0.0000,-0.0123,0.2826,0.9592,-0.2560,0.2589,0.9314,-0.1337,0.2567,0.9572,-0.2486,0.0512,0.3174,Dark,
56.9308,6.3982,7.4889,0.0000,0.0000,-0.0094,0.2837,0.9589,-0.2567,0.2597,0.9309,-0.1326,0.2575,0.9571,-0.2486,0.0512,0.3174,Dark,
56.9420,6.4069,7.4891,0.0000,0.0000,-0.0035,0.2854,0.9584,-0.2576,0.2609,0.9304,-0.1301,0.2587,0.9572,-0.2486,0.0512,0.3174,Dark,
56.9532,6.4204,7.4909,0.0000,0.0000,-0.0005,0.2863,0.9582,-0.2577,0.2615,0.9302,-0.1286,0.2593,0.9572,-0.2487,0.0512,0.3174,Dark,
56.9642,6.4315,7.4919,0.0000,0.0000,0.0027,0.2875,0.9578,-0.2573,0.2626,0.9300,-0.1269,0.2603,0.9572,-0.2487,0.0512,0.3174,Dark,
56.9754,6.4295,7.4978,0.0000,0.0000,0.0077,0.2897,0.9571,-0.2573,0.2645,0.9294,-0.1244,0.2621,0.9570,-0.2487,0.0512,0.3174,Dark,
56.9864,6.4233,7.5012,0.0000,0.0000,0.0100,0.2908,0.9567,-0.2571,0.2654,0.9292,-0.1231,0.2631,0.9569,-0.2487,0.0512,0.3174,Dark,
56.9981,6.4172,7.4944,0.0000,0.0000,0.0122,0.2919,0.9564,-0.2568,0.2664,0.9290,-0.1218,0.2641,0.9568,-0.2487,0.0512,0.3174,Dark,
57.0091,6.4328,7.4938,0.0000,0.0000,0.0162,0.2940,0.9557,-0.2561,0.2683,0.9287,-0.1195,0.2659,0.9566,-0.2488,0.0512,0.3174,Dark,
57.0199,6.4472,7.4983,0.0000,0.0000,0.0179,0.2949,0.9554,-0.2557,0.2691,0.9286,-0.1184,0.2668,0.9565,-0.2488,0.0512,0.3174,Dark,
57.0313,6.4588,7.5205,0.0000,0.0000,0.0211,0.2969,0.9547,-0.2543,0.2711,0.9284,-0.1160,0.2687,0.9562,-0.2488,0.0512,0.3174,Dark,
57.0425,6.4422,7.5039,0.0000,0.0000,-0.0274,0.2810,0.9593,-0.2983,0.2522,0.9206,-0.1636,0.2510,0.9541,-0.2489,0.0512,0.3174,Dark,
57.0535,6.4523,7.4722,0.0000,0.0000,-0.0860,0.2676,0.9597,-0.3431,0.2368,0.9089,-0.2165,0.2367,0.9472,-0.2489,0.0512,0.3174,Dark,
57.0649,6.4610,7.4525,0.0000,0.0000,-0.1165,0.2631,0.9577,-0.3722,0.2303,0.8991,-0.2470,0.2309,0.9411,-0.2489,0.0512,0.3174,Dark,
57.0758,6.4410,7.3945,0.0000,0.0000,-0.1590,0.2537,0.9541,-0.4105,0.2187,0.8852,-0.2885,0.2200,0.9319,-0.2489,0.0512,0.3174,Dark,
57.0867,6.4453,7.3645,0.0000,0.0000,-0.1698,0.2513,0.9529,-0.4215,0.2155,0.8808,-0.2997,0.2170,0.9290,-0.2489,0.0512,0.3174,Dark,
57.0980,6.4478,7.3676,0.0000,0.0000,-0.1796,0.2492,0.9516,-0.4319,0.2127,0.8765,-0.3101,0.2143,0.9262,-0.2489,0.0512,0.3174,Dark,
57.1094,6.4525,7.3736,0.0000,0.0000,-0.1826,0.2488,0.9512,-0.4385,0.2113,0.8735,-0.3153,0.2131,0.9248,-0.2490,0.0512,0.3174,Dark,
57.1202,6.4552,7.3781,0.0000,0.0000,-0.1787,0.2500,0.9516,-0.4372,0.2123,0.8739,-0.3128,0.2141,0.9254,-0.2490,0.0512,0.3174,Dark,
57.1314,6.4561,7.3758,0.0000,0.0000,-0.1816,0.2495,0.9512,-0.4412,0.2113,0.8722,-0.3164,0.2133,0.9244,-0.2490,0.0512,0.3174,Dark,
57.1429,6.4818,7.3848,0.0000,0.0000,-0.1761,0.2512,0.9518,-0.4397,0.2126,0.8726,-0.3130,0.2145,0.9252,-0.2490,0.0512,0.3174,Dark,
57.1538,6.4771,7.3962,0.0000,0.0000,-0.1684,0.2530,0.9527,-0.4349,0.2144,0.8746,-0.3066,0.2163,0.9269,-0.2490,0.0512,0.3174,Dark,
57.1649,6.4711,7.4091,0.0000,0.0000,-0.1732,0.2517,0.9522,-0.4402,0.2127,0.8724,-0.3119,0.2146,0.9256,-0.2490,0.0512,0.3174,Dark,
57.1761,6.4690,7.4153,0.0000,0.0000,-0.1711,0.2521,0.9525,-0.4392,0.2129,0.8728,-0.3104,0.2149,0.9260,-0.2491,0.0512,0.3174,Dark,
57.1874,6.4677,7.4184,0.0000,0.0000,-0.1690,0.2525,0.9527,-0.4383,0.2133,0.8732,-0.3089,0.2153,0.9264,-0.2491,0.0512,0.3174,Dark,
57.1982,6.4688,7.4071,0.0000,0.0000,-0.1709,0.2522,0.9525,-0.4406,0.2127,0.8722,-0.3110,0.2147,0.9258,-0.2491,0.0512,0.3174,Dark,
57.2098,6.4691,7.4107,0.0000,0.0000,-0.1708,0.2524,0.9524,-0.4410,0.2128,0.8719,-0.3112,0.2149,0.9257,-0.2491,0.0512,0.3174,Dark,
57.2205,6.4842,7.4139,0.0000,0.0000,-0.1709,0.2529,0.9523,-0.4414,0.2132,0.8716,-0.3115,0.2153,0.9255,-0.2491,0.0513,0.3174,Dark,
57.2316,6.5039,7.4455,0.0000,0.0000,-0.1716,0.2533,0.9521,-0.4427,0.2134,0.8709,-0.3126,0.2156,0.9251,-0.2491,0.0513,0.3174,Dark,
57.2428,6.5091,7.4502,0.0000,0.0000,-0.1716,0.2532,0.9521,-0.4431,0.2133,0.8707,-0.3128,0.2154,0.9251,-0.2491,0.0513,0.3174,Dark,
57.2539,6.5124,7.4524,0.0000,0.0000,-0.1710,0.2534,0.9521,-0.4430,0.2134,0.8707,-0.3125,0.2156,0.9251,-0.2491,0.0513,0.3174,Dark,
57.2652,6.5067,7.4372,0.0000,0.0000,-0.1727,0.2522,0.9521,-0.4448,0.2122,0.8701,-0.3144,0.2143,0.9248,-0.2490,0.0513,0.3174,Dark,
57.2763,6.5012,7.4271,0.0000,0.0000,-0.1735,0.2515,0.9522,-0.4457,0.2115,0.8699,-0.3152,0.2136,0.9247,-0.2490,0.0513,0.3174,Dark,
57.2874,6.4798,7.4198,0.0000,0.0000,-0.1728,0.2509,0.9525,-0.4454,0.2110,0.8701,-0.3147,0.2130,0.9250,-0.2490,0.0513,0.3174,Dark,
57.2989,6.4730,7.4103,0.0000,0.0000,-0.1740,0.2502,0.9524,-0.4468,0.2103,0.8696,-0.3161,0.2123,0.9247,-0.2490,0.0512,0.3175,Dark,
57.3099,6.4835,7.4054,0.0000,0.0000,-0.1751,0.2497,0.9524,-0.4477,0.2097,0.8692,-0.3171,0.2117,0.9245,-0.2489,0.0512,0.3175,Dark,
57.3207,6.5285,7.3992,0.0000,0.0000,-0.1730,0.2502,0.9526,-0.4465,0.2102,0.8697,-0.3155,0.2121,0.9249,-0.2489,0.0512,0.3175,Dark,
57.3319,6.5459,7.4057,0.0000,0.0000,-0.1702,0.2512,0.9529,-0.4445,0.2112,0.8705,-0.3130,0.2132,0.9255,-0.2489,0.0512,0.3175,Dark,
57.3431,6.5438,7.4116,0.0000,0.0000,-0.1662,0.2525,0.9532,-0.4417,0.2126,0.8716,-0.3096,0.2145,0.9264,-0.2488,0.0512,0.3175,Dark,
57.3548,6.5220,7.4339,0.0000,0.0000,-0.1551,0.2560,0.9542,-0.4337,0.2161,0.8748,-0.2998,0.2180,0.9287,-0.2488,0.0511,0.3175,Dark,
57.3656,6.5079,7.4268,0.0000,0.0000,-0.1510,0.2568,0.9546,-0.4308,0.2171,0.8759,-0.2963,0.2189,0.9297,-0.2489,0.0511,0.3175,Dark,
57.3765,6.5045,7.4195,0.0000,0.0000,-0.1456,0.2583,0.9550,-0.4269,0.2186,0.8775,-0.2915,0.2204,0.9308,-0.2489,0.0511,0.3175,Dark,
57.3877,6.5055,7.4019,0.0000,0.0000,-0.1352,0.2610,0.9558,-0.4194,0.2216,0.8803,-0.2824,0.2233,0.9329,-0.2489,0.0511,0.3175,Dark,
57.3989,6.5078,7.4144,0.0000,0.0000,-0.1308,0.2623,0.9561,-0.4162,0.2230,0.8815,-0.2786,0.2246,0.9338,-0.2489,0.0511,0.3175,Dark,
57.4100,6.5183,7.4265,0.0000,0.0000,-0.1246,0.2638,0.9565,-0.4121,0.2246,0.8830,-0.2733,0.2262,0.9350,-0.2490,0.0511,0.3175,Dark,
57.4212,6.5460,7.5394,0.0000,0.0000,-0.0861,0.2713,0.9586,-0.3853,0.2333,0.8928,-0.2399,0.2342,0.9421,-0.2490,0.0511,0.3175,Dark,
57.4321,6.5620,7.5782,0.0000,0.0000,-0.0596,0.2757,0.9594,-0.3626,0.2393,0.9007,-0.2145,0.2396,0.9469,-0.2490,0.0511,0.3174,Dark,
57.4432,6.5952,7.6057,0.0000,0.0000,-0.0064,0.2822,0.9593,-0.3252,0.2481,0.9125,-0.1678,0.2471,0.9543,-0.2490,0.0511,0.3174,Dark,
57.4546,6.6426,7.7174,0.0000,0.0000,0.1414,0.2944,0.9452,-0.1918,0.2724,0.9429,-0.0214,0.2659,0.9638,-0.2491,0.0511,0.3174,Dark,
57.4657,6.6578,7.7517,0.0000,0.0000,0.1879,0.2975,0.9361,-0.1276,0.2818,0.9510,0.0359,0.2730,0.9614,-0.2491,0.0511,0.3174,Dark,
57.4768,6.6847,7.7777,0.0000,0.0000,0.1900,0.2971,0.9357,-0.1108,0.2830,0.9527,0.0454,0.2740,0.9606,-0.2491,0.0511,0.3174,Dark,
57.4880,6.7334,7.8505,0.0000,0.0000,0.2650,0.3010,0.9161,0.0599,0.2990,0.9524,0.1682,0.2881,0.9427,-0.2491,0.0511,0.3174,Dark,
57.4991,6.7561,7.8516,0.0000,0.0000,0.2852,0.2920,0.9129,0.0938,0.2914,0.9520,0.1951,0.2803,0.9399,-0.2491,0.0511,0.3174,Dark,
57.5101,6.7726,7.8508,0.0000,0.0000,0.3124,0.2957,0.9027,0.1337,0.2972,0.9454,0.2286,0.2856,0.9307,-0.2492,0.0511,0.3174,Dark,
57.5215,6.7846,7.8534,0.0000,0.0000,0.3069,0.2761,0.9108,0.1316,0.2765,0.9520,0.2245,0.2655,0.9376,-0.2492,0.0511,0.3174,Dark,
57.5323,6.7838,7.8455,0.0000,0.0000,0.3102,0.2695,0.9117,0.1338,0.2697,0.9536,0.2273,0.2587,0.9388,-0.2492,0.0511,0.3175,Dark,
57.5436,6.7818,7.8404,0.0000,0.0000,0.3181,0.2644,0.9105,0.1411,0.2648,0.9539,0.2350,0.2535,0.9383,-0.2492,0.0511,0.3175,Dark,
57.5547,6.7917,7.8256,0.0000,0.0000,0.3075,0.2534,0.9172,0.1257,0.2527,0.9593,0.2221,0.2418,0.9446,-0.2492,0.0511,0.3175,Dark,
57.5658,6.8016,7.8322,0.0000,0.0000,0.3045,0.2500,0.9191,0.1207,0.2489,0.9610,0.2181,0.2381,0.9465,-0.2492,0.0510,0.3175,Dark,
57.5769,6.7985,7.8388,0.0000,0.0000,0.3052,0.2468,0.9197,0.1200,0.2456,0.9619,0.2181,0.2347,0.9473,-0.2492,0.0510,0.3176,Dark,
57.5882,6.8022,7.8360,0.0000,0.0000,0.2952,0.2442,0.9237,0.1058,0.2423,0.9644,0.2060,0.2316,0.9508,-0.2492,0.0510,0.3176,Dark,
57.5997,6.8073,7.8435,0.0000,0.0000,0.2913,0.2441,0.9249,0.1001,0.2419,0.9651,0.2013,0.2312,0.9519,-0.2493,0.0509,0.3177,Dark,
57.6101,6.8100,7.8489,0.0000,0.0000,0.2857,0.2464,0.9261,0.0925,0.2439,0.9654,0.1946,0.2333,0.9527,-0.2493,0.0508,0.3177,Dark,
57.6215,6.8116,7.8496,0.0000,0.0000,0.2898,0.2419,0.9260,0.0950,0.2393,0.9663,0.1980,0.2286,0.9532,-0.2493,0.0508,0.3178,Dark,
57.6325,6.8094,7.8540,0.0000,0.0000,0.2892,0.2419,0.9262,0.0932,0.2392,0.9665,0.1969,0.2285,0.9534,-0.2493,0.0507,0.3178,Dark,
57.6436,6.8034,7.8569,0.0000,0.0000,0.2890,0.2420,0.9262,0.0919,0.2393,0.9666,0.1962,0.2285,0.9536,-0.2493,0.0507,0.3179,Dark,
57.6549,6.7984,7.8510,0.0000,0.0000,0.2902,0.2429,0.9257,0.0917,0.2402,0.9664,0.1967,0.2294,0.9533,-0.2493,0.0506,0.3180,Dark,
57.6660,6.7988,7.8549,0.0000,0.0000,0.2906,0.2427,0.9256,0.0915,0.2400,0.9664,0.1968,0.2291,0.9533,-0.2493,0.0506,0.3180,Dark,
57.6772,6.7890,7.8581,0.0000,0.0000,0.2911,0.2424,0.9255,0.0917,0.2398,0.9665,0.1972,0.2289,0.9533,-0.2494,0.0506,0.3181,Dark,
57.6881,6.7844,7.8589,0.0000,0.0000,0.2923,0.2423,0.9251,0.0923,0.2397,0.9664,0.1981,0.2288,0.9531,-0.2494,0.0505,0.3182,Dark,
57.6993,6.7875,7.8725,0.0000,0.0000,0.2926,0.2405,0.9255,0.0923,0.2379,0.9669,0.1984,0.2269,0.9535,-0.2494,0.0505,0.3182,Dark,
57.7104,6.8112,7.8832,0.0000,0.0000,0.2924,0.2355,0.9269,0.0926,0.2326,0.9681,0.1983,0.2218,0.9547,-0.2494,0.0504,0.3183,Dark,
57.7217,6.8593,7.8878,0.0000,0.0000,0.2847,0.1990,0.9377,0.0825,0.1942,0.9775,0.1893,0.1839,0.9645,-0.2494,0.0504,0.3184,Dark,
57.7329,6.8802,7.9157,0.0000,0.0000,0.2820,0.1659,0.9450,0.0778,0.1597,0.9841,0.1855,0.1499,0.9712,-0.2494,0.0504,0.3184,Dark,
57.7439,6.9046,7.9377,0.0000,0.0000,0.2856,0.1381,0.9483,0.0803,0.1309,0.9881,0.1885,0.1214,0.9745,-0.2494,0.0504,0.3184,Dark,
57.7550,6.9306,8.0429,0.0000,0.0000,0.2795,0.0776,0.9570,0.0676,0.0676,0.9954,0.1790,0.0589,0.9821,-0.2494,0.0504,0.3185,Dark,
57.7661,6.9360,8.0757,0.0000,0.0000,0.2781,0.0460,0.9595,0.0633,0.0346,0.9974,0.1761,0.0264,0.9840,-0.2494,0.0504,0.3185,Dark,
57.7774,6.9785,8.0976,0.0000,0.0000,0.2828,0.0230,0.9589,0.0657,0.0108,0.9978,0.1798,0.0027,0.9837,-0.2494,0.0504,0.3186,Dark,
57.7884,7.0480,8.1669,0.0000,0.0000,0.2764,-0.0225,0.9608,0.0516,-0.0367,0.9980,0.1695,-0.0442,0.9845,-0.2495,0.0504,0.3186,Dark,
57.8003,7.0751,8.2176,0.0000,0.0000,0.2697,-0.0395,0.9621,0.0396,-0.0545,0.9977,0.1602,-0.0620,0.9851,-0.2494,0.0504,0.3187,Dark,
57.8106,7.1169,8.2908,0.0000,0.0000,0.2674,-0.0503,0.9623,0.0275,-0.0662,0.9974,0.1531,-0.0738,0.9854,-0.2494,0.0503,0.3187,Dark,
57.8218,7.1298,8.3124,0.0000,0.0000,0.2687,-0.0513,0.9619,0.0245,-0.0675,0.9974,0.1525,-0.0753,0.9854,-0.2494,0.0503,0.3187,Dark,
57.8331,7.1392,8.3266,0.0000,0.0000,0.2683,-0.0536,0.9618,0.0198,-0.0700,0.9973,0.1500,-0.0780,0.9856,-0.2494,0.0503,0.3187,Dark,
57.8444,7.1586,8.3489,0.0000,0.0000,0.2715,-0.0530,0.9610,0.0154,-0.0700,0.9974,0.1497,-0.0782,0.9856,-0.2494,0.0503,0.3188,Dark,
57.8553,7.1460,8.3605,0.0000,0.0000,0.2715,-0.0525,0.9610,0.0119,-0.0696,0.9975,0.1480,-0.0780,0.9859,-0.2494,0.0503,0.3188,Dark,
57.8667,7.1346,8.3695,0.0000,0.0000,0.2662,-0.0865,0.9600,0.0064,-0.1046,0.9945,0.1424,-0.1125,0.9834,-0.2494,0.0503,0.3188,Dark,
57.8779,7.1381,8.3682,0.0000,0.0000,0.2736,-0.0517,0.9605,0.0059,-0.0694,0.9976,0.1463,-0.0780,0.9862,-0.2495,0.0503,0.3188,Dark,
57.8889,7.1503,8.3736,0.0000,0.0000,0.2698,-0.0695,0.9604,0.0015,-0.0877,0.9961,0.1420,-0.0961,0.9852,-0.2495,0.0503,0.3188,Dark,
57.9012,7.1156,8.4007,0.0000,0.0000,0.2768,-0.0638,0.9588,0.0054,-0.0821,0.9966,0.1478,-0.0907,0.9848,-0.2495,0.0502,0.3188,Dark,
57.9111,7.1584,8.4209,0.0000,0.0000,0.2883,-0.0615,0.9556,0.0161,-0.0801,0.9967,0.1592,-0.0886,0.9833,-0.2495,0.0502,0.3188,Dark,
57.9221,7.1933,8.4432,0.0000,0.0000,0.3006,-0.0625,0.9517,0.0305,-0.0814,0.9962,0.1728,-0.0897,0.9809,-0.2495,0.0502,0.3189,Dark,
57.9335,7.2666,8.4672,0.0000,0.0000,0.3339,-0.0744,0.9397,0.0691,-0.0945,0.9931,0.2092,-0.1020,0.9725,-0.2494,0.0502,0.3188,Dark,
57.9444,7.3032,8.4719,0.0000,0.0000,0.3442,-0.0781,0.9356,0.0808,-0.0987,0.9918,0.2204,-0.1059,0.9696,-0.2494,0.0502,0.3188,Dark,
57.9555,7.3268,8.4935,0.0000,0.0000,0.3511,-0.0868,0.9323,0.0902,-0.1079,0.9901,0.2286,-0.1147,0.9667,-0.2494,0.0502,0.3188,Dark,
57.9668,7.3579,8.4993,0.0000,0.0000,0.3622,-0.0913,0.9276,0.1034,-0.1129,0.9882,0.2409,-0.1193,0.9632,-0.2493,0.0502,0.3188,Dark,
57.9778,7.3756,8.4886,0.0000,0.0000,0.3661,-0.0924,0.9260,0.1075,-0.1142,0.9876,0.2449,-0.1205,0.9620,-0.2493,0.0502,0.3188,Dark,
57.9890,7.3890,8.4723,0.0000,0.0000,0.3675,-0.0942,0.9252,0.1094,-0.1161,0.9872,0.2466,-0.1224,0.9614,-0.2493,0.0503,0.3188,Dark,
58.0002,7.4217,8.4627,0.0000,0.0000,0.3704,-0.0948,0.9240,0.1123,-0.1167,0.9868,0.2496,-0.1230,0.9605,-0.2492,0.0503,0.3188,Dark,
58.0112,7.4134,8.4700,0.0000,0.0000,0.3710,-0.0942,0.9238,0.1126,-0.1161,0.9868,0.2500,-0.1224,0.9605,-0.2492,0.0503,0.3188,Dark,
58.0223,7.4049,8.4726,0.0000,0.0000,0.3694,-0.0933,0.9246,0.1102,-0.1151,0.9872,0.2480,-0.1215,0.9611,-0.2492,0.0503,0.3188,Dark,
58.0337,7.3771,8.4776,0.0000,0.0000,0.3708,-0.0921,0.9241,0.1110,-0.1139,0.9873,0.2492,-0.1204,0.9610,-0.2491,0.0503,0.3187,Dark,
58.0447,7.3690,8.4786,0.0000,0.0000,0.3704,-0.0906,0.9244,0.1101,-0.1123,0.9876,0.2485,-0.1189,0.9613,-0.2491,0.0503,0.3187,Dark,
58.0558,7.3645,8.4747,0.0000,0.0000,0.3698,-0.0903,0.9247,0.1092,-0.1119,0.9877,0.2478,-0.1185,0.9615,-0.2490,0.0503,0.3187,Dark,
58.0669,7.3551,8.4767,0.0000,0.0000,0.3696,-0.0889,0.9249,0.1088,-0.1105,0.9879,0.2475,-0.1171,0.9618,-0.2490,0.0503,0.3187,Dark,
58.0780,7.3558,8.4805,0.0000,0.0000,0.3703,-0.0881,0.9247,0.1093,-0.1097,0.9879,0.2481,-0.1163,0.9617,-0.2489,0.0502,0.3187,Dark,
58.0892,7.3565,8.4850,0.0000,0.0000,0.3697,-0.0880,0.9250,0.1086,-0.1096,0.9880,0.2475,-0.1163,0.9619,-0.2489,0.0502,0.3187,Dark,
58.1011,7.3679,8.4850,0.0000,0.0000,0.3702,-0.0863,0.9249,0.1089,-0.1078,0.9882,0.2479,-0.1145,0.9620,-0.2489,0.0502,0.3186,Dark,
58.1114,7.3673,8.4812,0.0000,0.0000,0.3708,-0.0848,0.9248,0.1096,-0.1063,0.9883,0.2486,-0.1130,0.9620,-0.2489,0.0502,0.3186,Dark,
58.1225,7.3660,8.4824,0.0000,0.0000,0.3704,-0.0840,0.9250,0.1091,-0.1055,0.9884,0.2482,-0.1123,0.9622,-0.2489,0.0502,0.3186,Dark,
58.1338,7.3441,8.4958,0.0000,0.0000,0.3706,-0.0818,0.9252,0.1093,-0.1032,0.9886,0.2484,-0.1100,0.9624,-0.2489,0.0502,0.3185,Dark,
58.1452,7.3302,8.5065,0.0000,0.0000,0.3709,-0.0804,0.9252,0.1097,-0.1017,0.9888,0.2487,-0.1085,0.9625,-0.2489,0.0502,0.3185,Dark,
58.1561,7.3197,8.4976,0.0000,0.0000,0.3704,-0.0797,0.9254,0.1092,-0.1010,0.9889,0.2482,-0.1078,0.9627,-0.2489,0.0502,0.3185,Dark,
58.1671,7.3230,8.4834,0.0000,0.0000,0.3705,-0.0781,0.9256,0.1094,-0.0992,0.9890,0.2483,-0.1061,0.9628,-0.2488,0.0502,0.3185,Dark,
58.1782,7.3192,8.4786,0.0000,0.0000,0.3708,-0.0766,0.9256,0.1099,-0.0976,0.9891,0.2487,-0.1045,0.9629,-0.2488,0.0502,0.3185,Dark,
58.1895,7.3162,8.4728,0.0000,0.0000,0.3703,-0.0758,0.9258,0.1095,-0.0968,0.9893,0.2483,-0.1038,0.9631,-0.2488,0.0502,0.3184,Dark,
58.2006,7.3419,8.4680,0.0000,0.0000,0.3697,-0.0755,0.9261,0.1094,-0.0965,0.9893,0.2479,-0.1034,0.9632,-0.2488,0.0502,0.3184,Dark,
58.2118,7.3440,8.4661,0.0000,0.0000,0.3703,-0.0744,0.9259,0.1101,-0.0953,0.9893,0.2486,-0.1023,0.9632,-0.2488,0.0502,0.3184,Dark,
58.2231,7.3456,8.4697,0.0000,0.0000,0.3700,-0.0748,0.9260,0.1100,-0.0957,0.9893,0.2483,-0.1026,0.9632,-0.2487,0.0502,0.3184,Dark,
58.2345,7.3394,8.4474,0.0000,0.0000,0.3733,-0.0724,0.9249,0.1167,-0.0930,0.9888,0.2533,-0.0999,0.9622,-0.2487,0.0502,0.3184,Dark,
58.2453,7.3250,8.4260,0.0000,0.0000,0.4006,-0.0560,0.9145,0.1486,-0.0762,0.9860,0.2834,-0.0832,0.9554,-0.2487,0.0502,0.3184,Dark,
58.2562,7.3140,8.4280,0.0000,0.0000,0.4254,-0.0493,0.9037,0.1859,-0.0688,0.9802,0.3144,-0.0755,0.9463,-0.2487,0.0502,0.3185,Dark,
58.2678,7.1187,8.4749,0.0000,0.0000,0.4659,-0.0060,0.8848,0.3456,-0.0148,0.9383,0.4091,-0.0194,0.9123,-0.2486,0.0502,0.3185,Dark,
58.2785,7.0499,8.5138,0.0000,0.0000,0.4956,0.0333,0.8679,0.4152,0.0288,0.9093,0.4573,0.0247,0.8890,-0.2486,0.0502,0.3185,Dark,
58.2896,6.9992,8.5753,0.0000,0.0000,0.5214,0.0302,0.8528,0.4615,0.0268,0.8867,0.4927,0.0235,0.8699,-0.2485,0.0502,0.3186,Dark,
58.3008,6.9710,8.6804,0.0000,0.0000,0.5914,0.0723,0.8032,0.5539,0.0713,0.8295,0.5733,0.0683,0.8165,-0.2485,0.0502,0.3186,Dark,
58.3125,6.8299,8.7230,0.0000,0.0000,0.6130,0.1090,0.7826,0.5811,0.1093,0.8065,0.5976,0.1060,0.7947,-0.2484,0.0501,0.3186,Dark,
58.3232,6.5592,8.6801,0.0000,0.0000,0.6387,0.1339,0.7577,0.6136,0.1350,0.7780,0.6266,0.1318,0.7681,-0.2484,0.0501,0.3187,Dark,
58.3342,6.4392,8.6591,0.0000,0.0000,0.6525,0.1230,0.7477,0.6300,0.1238,0.7667,0.6417,0.1209,0.7574,-0.2484,0.0501,0.3187,Dark,
58.3458,6.3885,8.6413,0.0000,0.0000,0.6615,0.1475,0.7353,0.6408,0.1489,0.7532,0.6516,0.1459,0.7444,-0.2484,0.0501,0.3187,Dark,
58.3565,6.3892,8.5809,0.0000,0.0000,0.6460,0.1431,0.7498,0.6260,0.1442,0.7664,0.6364,0.1414,0.7583,-0.2483,0.0500,0.3188,Dark,
58.3676,6.4128,8.5434,0.0000,0.0000,0.6438,0.1315,0.7538,0.6242,0.1324,0.7700,0.6343,0.1298,0.7621,-0.2483,0.0500,0.3188,Dark,
58.3789,6.4769,8.5132,0.0000,0.0000,0.6408,0.1395,0.7550,0.6216,0.1404,0.7707,0.6315,0.1379,0.7630,-0.2483,0.0500,0.3188,Dark,
58.3899,6.5018,8.4897,0.0000,0.0000,0.6370,0.1375,0.7585,0.6185,0.1383,0.7735,0.6281,0.1359,0.7662,-0.2483,0.0500,0.3189,Dark,
58.4009,6.4781,8.4794,0.0000,0.0000,0.6353,0.1313,0.7610,0.6171,0.1320,0.7757,0.6265,0.1297,0.7686,-0.2482,0.0500,0.3189,Dark,
58.4122,6.4632,8.4730,0.0000,0.0000,0.6328,0.1371,0.7621,0.6148,0.1379,0.7766,0.6241,0.1356,0.7695,-0.2482,0.0499,0.3189,Dark,
58.4233,6.4138,8.4957,0.0000,0.0000,0.6296,0.1373,0.7647,0.6119,0.1380,0.7788,0.6210,0.1358,0.7719,-0.2482,0.0499,0.3190,Dark,
58.4369,6.3897,8.5031,0.0000,0.0000,0.6325,0.1379,0.7622,0.6152,0.1386,0.7761,0.6242,0.1364,0.7693,-0.2482,0.0499,0.3190,Dark,
58.4458,6.3773,8.5115,0.0000,0.0000,0.6313,0.1375,0.7633,0.6141,0.1383,0.7770,0.6229,0.1361,0.7703,-0.2482,0.0499,0.3190,Dark,
58.4570,6.4802,8.5158,0.0000,0.0000,0.6251,0.1377,0.7683,0.6079,0.1384,0.7818,0.6168,0.1363,0.7752,-0.2482,0.0499,0.3191,Dark,
58.4679,6.5288,8.5145,0.0000,0.0000,0.6229,0.1356,0.7705,0.6057,0.1363,0.7839,0.6146,0.1342,0.7774,-0.2482,0.0499,0.3190,Dark,
58.4791,6.5690,8.5333,0.0000,0.0000,0.6212,0.1348,0.7720,0.6041,0.1354,0.7853,0.6129,0.1333,0.7788,-0.2482,0.0499,0.3191,Dark,
58.4901,6.6734,8.5429,0.0000,0.0000,0.6208,0.1352,0.7723,0.6038,0.1358,0.7855,0.6126,0.1337,0.7790,-0.2482,0.0499,0.3191,Dark,
58.5014,6.6407,8.5371,0.0000,0.0000,0.6207,0.1371,0.7720,0.6038,0.1377,0.7851,0.6125,0.1356,0.7787,-0.2483,0.0500,0.3191,Dark,
58.5125,6.5459,8.5318,0.0000,0.0000,0.6195,0.1374,0.7729,0.6027,0.1381,0.7859,0.6114,0.1360,0.7796,-0.2483,0.0500,0.3191,Dark,
58.5238,6.4928,8.5288,0.0000,0.0000,0.6180,0.1351,0.7745,0.6013,0.1357,0.7875,0.6099,0.1336,0.7811,-0.2483,0.0500,0.3191,Dark,
58.5347,6.4717,8.5281,0.0000,0.0000,0.6152,0.1346,0.7768,0.5983,0.1352,0.7898,0.6070,0.1332,0.7834,-0.2484,0.0500,0.3191,Dark,
58.5461,6.4669,8.5237,0.0000,0.0000,0.6097,0.1307,0.7818,0.5926,0.1312,0.7947,0.6014,0.1292,0.7884,-0.2484,0.0500,0.3191,Dark,
58.5571,6.4733,8.5199,0.0000,0.0000,0.6064,0.1303,0.7844,0.5892,0.1308,0.7973,0.5981,0.1288,0.7910,-0.2484,0.0499,0.3191,Dark,
58.5680,6.4664,8.5169,0.0000,0.0000,0.6030,0.1301,0.7870,0.5858,0.1306,0.7999,0.5947,0.1286,0.7936,-0.2485,0.0500,0.3191,Dark,
58.5793,6.4827,8.5337,0.0000,0.0000,0.5991,0.1298,0.7900,0.5817,0.1303,0.8029,0.5907,0.1283,0.7966,-0.2486,0.0500,0.3191,Dark,
58.5904,6.5037,8.5382,0.0000,0.0000,0.5968,0.1272,0.7922,0.5793,0.1276,0.8050,0.5883,0.1257,0.7988,-0.2486,0.0500,0.3191,Dark,
58.6017,6.5375,8.5415,0.0000,0.0000,0.5943,0.1267,0.7942,0.5767,0.1271,0.8070,0.5858,0.1252,0.8007,-0.2487,0.0500,0.3190,Dark,
58.6129,6.5735,8.5476,0.0000,0.0000,0.5909,0.1263,0.7968,0.5732,0.1267,0.8096,0.5823,0.1248,0.8033,-0.2487,0.0500,0.3190,Dark,
58.6238,6.5756,8.5551,0.0000,0.0000,0.5886,0.1266,0.7985,0.5708,0.1270,0.8112,0.5800,0.1251,0.8050,-0.2487,0.0500,0.3190,Dark,
58.6351,6.5731,8.5615,0.0000,0.0000,0.5865,0.1273,0.7999,0.5687,0.1277,0.8126,0.5779,0.1258,0.8064,-0.2487,0.0500,0.3190,Dark,
58.6461,6.5901,8.5786,0.0000,0.0000,0.5827,0.1251,0.8030,0.5647,0.1255,0.8157,0.5740,0.1236,0.8095,-0.2488,0.0500,0.3190,Dark,
58.6575,6.6083,8.5798,0.0000,0.0000,0.5809,0.1255,0.8042,0.5628,0.1258,0.8169,0.5721,0.1240,0.8107,-0.2488,0.0500,0.3189,Dark,
58.6694,6.5582,8.5797,0.0000,0.0000,0.5791,0.1263,0.8054,0.5609,0.1266,0.8181,0.5703,0.1247,0.8119,-0.2488,0.0500,0.3189,Dark,
58.6796,6.4999,8.5691,0.0000,0.0000,0.5766,0.1242,0.8075,0.5584,0.1245,0.8202,0.5678,0.1226,0.8140,-0.2488,0.0501,0.3189,Dark,
58.6905,6.4885,8.5609,0.0000,0.0000,0.5760,0.1214,0.8084,0.5578,0.1217,0.8210,0.5671,0.1198,0.8149,-0.2488,0.0501,0.3189,Dark,
58.7019,6.5306,8.5547,0.0000,0.0000,0.5743,0.1215,0.8096,0.5560,0.1217,0.8222,0.5654,0.1198,0.8161,-0.2488,0.0501,0.3188,Dark,
58.7130,6.5716,8.5857,0.0000,0.0000,0.5714,0.1219,0.8116,0.5530,0.1221,0.8242,0.5625,0.1202,0.8180,-0.2488,0.0502,0.3188,Dark,
58.7242,6.5661,8.5899,0.0000,0.0000,0.5706,0.1202,0.8124,0.5521,0.1204,0.8250,0.5616,0.1186,0.8188,-0.2488,0.0502,0.3188,Dark,
58.7351,6.5327,8.5927,0.0000,0.0000,0.5691,0.1203,0.8134,0.5506,0.1205,0.8260,0.5601,0.1186,0.8199,-0.2487,0.0502,0.3188,Dark,
58.7463,6.4996,8.5960,0.0000,0.0000,0.5666,0.1211,0.8150,0.5480,0.1213,0.8276,0.5576,0.1195,0.8215,-0.2487,0.0502,0.3188,Dark,
58.7577,6.5038,8.6047,0.0000,0.0000,0.5656,0.1219,0.8156,0.5469,0.1222,0.8282,0.5565,0.1203,0.8221,-0.2487,0.0503,0.3187,Dark,
58.7685,6.5096,8.6128,0.0000,0.0000,0.5644,0.1223,0.8164,0.5457,0.1226,0.8290,0.5553,0.1207,0.8228,-0.2486,0.0502,0.3187,Dark,
58.7798,6.5423,8.6597,0.0000,0.0000,0.5622,0.1237,0.8177,0.5434,0.1240,0.8303,0.5531,0.1221,0.8241,-0.2486,0.0502,0.3187,Dark,
58.7909,6.5619,8.6735,0.0000,0.0000,0.5598,0.1257,0.8191,0.5408,0.1260,0.8317,0.5506,0.1241,0.8255,-0.2486,0.0502,0.3187,Dark,
58.8019,6.5821,8.6827,0.0000,0.0000,0.5539,0.1295,0.8225,0.5347,0.1298,0.8350,0.5446,0.1279,0.8289,-0.2485,0.0503,0.3187,Dark,
58.8132,6.6103,8.4582,0.0000,0.0000,0.5027,0.1261,0.8552,0.4813,0.1262,0.8674,0.4924,0.1243,0.8615,-0.2485,0.0502,0.3187,Dark,
58.8244,6.6176,8.3036,0.0000,0.0000,0.4476,0.1229,0.8858,0.4240,0.1228,0.8973,0.4361,0.1210,0.8917,-0.2485,0.0502,0.3187,Dark,
58.8353,6.5978,8.1820,0.0000,0.0000,0.4103,0.1217,0.9038,0.3854,0.1213,0.9148,0.3982,0.1196,0.9095,-0.2485,0.0502,0.3186,Dark,
58.8466,6.6072,7.8941,0.0000,0.0000,0.2477,0.1148,0.9620,0.2127,0.1136,0.9705,0.2307,0.1118,0.9666,-0.2485,0.0503,0.3186,Dark,
58.8580,6.6307,7.8309,0.0000,0.0000,0.1506,0.1208,0.9812,0.1100,0.1189,0.9868,0.1310,0.1172,0.9844,-0.2485,0.0503,0.3186,Dark,
58.8689,6.6445,7.7904,0.0000,0.0000,0.0680,0.1248,0.9898,0.0230,0.1223,0.9922,0.0462,0.1206,0.9916,-0.2485,0.0502,0.3186,Dark,
58.8799,6.6518,7.6738,0.0000,0.0000,-0.0478,0.1324,0.9900,-0.1016,0.1287,0.9865,-0.0739,0.1271,0.9891,-0.2485,0.0503,0.3186,Dark,
58.8910,6.6440,7.6387,0.0000,0.0000,-0.1782,0.1231,0.9763,-0.2338,0.1181,0.9651,-0.2053,0.1169,0.9717,-0.2485,0.0503,0.3186,Dark,
58.9023,6.6208,7.6110,0.0000,0.0000,-0.2642,0.1139,0.9577,-0.3208,0.1082,0.9410,-0.2919,0.1070,0.9505,-0.2485,0.0503,0.3186,Dark,
58.9136,6.6165,7.5508,0.0000,0.0000,-0.3794,0.1087,0.9188,-0.4380,0.1015,0.8932,-0.4082,0.1005,0.9073,-0.2485,0.0503,0.3186,Dark,
58.9246,6.6299,7.5410,0.0000,0.0000,-0.3792,0.1068,0.9191,-0.4431,0.0990,0.8910,-0.4106,0.0979,0.9065,-0.2485,0.0503,0.3186,Dark,
58.9355,6.6162,7.5344,0.0000,0.0000,-0.4239,0.1065,0.8994,-0.4752,0.0996,0.8742,-0.4491,0.0989,0.8880,-0.2485,0.0503,0.3186,Dark,
58.9467,6.6031,7.4879,0.0000,0.0000,-0.4191,0.1098,0.9013,-0.4610,0.1043,0.8812,-0.4396,0.1037,0.8922,-0.2485,0.0503,0.3186,Dark,
58.9580,6.6005,7.5013,0.0000,0.0000,-0.4052,0.1144,0.9071,-0.4448,0.1092,0.8890,-0.4245,0.1086,0.8989,-0.2485,0.0503,0.3186,Dark,
58.9693,6.5917,7.5134,0.0000,0.0000,-0.3927,0.1189,0.9119,-0.4305,0.1140,0.8954,-0.4112,0.1135,0.9045,-0.2486,0.0503,0.3186,Dark,
58.9802,6.5882,7.5629,0.0000,0.0000,-0.3579,0.1284,0.9249,-0.3992,0.1232,0.9086,-0.3781,0.1226,0.9176,-0.2486,0.0504,0.3186,Dark,
58.9914,6.5887,7.5774,0.0000,0.0000,-0.3544,0.1315,0.9258,-0.3998,0.1258,0.9079,-0.3766,0.1252,0.9179,-0.2485,0.0503,0.3186,Dark,
59.0024,6.6020,7.5855,0.0000,0.0000,-0.3421,0.1353,0.9299,-0.3925,0.1289,0.9107,-0.3668,0.1283,0.9214,-0.2485,0.0503,0.3187,Dark,
59.0140,6.6141,7.5649,0.0000,0.0000,-0.3196,0.1413,0.9369,-0.3814,0.1337,0.9147,-0.3500,0.1329,0.9273,-0.2485,0.0503,0.3187,Dark,
59.0247,6.6135,7.5640,0.0000,0.0000,-0.3091,0.1434,0.9402,-0.3771,0.1350,0.9163,-0.3426,0.1342,0.9298,-0.2485,0.0503,0.3187,Dark,
59.0358,6.6171,7.5645,0.0000,0.0000,-0.3016,0.1458,0.9422,-0.3760,0.1367,0.9165,-0.3383,0.1358,0.9312,-0.2485,0.0503,0.3188,Dark,
59.0470,6.6246,7.5365,0.0000,0.0000,-0.2875,0.1490,0.9461,-0.3761,0.1383,0.9162,-0.3313,0.1373,0.9335,-0.2485,0.0503,0.3188,Dark,
59.0585,6.6300,7.5688,0.0000,0.0000,-0.2811,0.1510,0.9477,-0.3773,0.1393,0.9156,-0.3288,0.1382,0.9342,-0.2485,0.0503,0.3189,Dark,
59.0694,6.6259,7.5958,0.0000,0.0000,-0.2751,0.1528,0.9492,-0.3792,0.1401,0.9146,-0.3269,0.1390,0.9348,-0.2486,0.0502,0.3189,Dark,
59.0803,6.6209,7.5739,0.0000,0.0000,-0.2645,0.1560,0.9517,-0.3854,0.1413,0.9119,-0.3249,0.1400,0.9353,-0.2486,0.0502,0.3189,Dark,
59.0916,6.6203,7.5668,0.0000,0.0000,-0.2580,0.1580,0.9531,-0.3878,0.1422,0.9107,-0.3230,0.1409,0.9359,-0.2486,0.0502,0.3190,Dark,
59.1026,6.6320,7.5582,0.0000,0.0000,-0.2525,0.1598,0.9543,-0.3914,0.1429,0.9090,-0.3222,0.1415,0.9360,-0.2486,0.0502,0.3190,Dark,
59.1138,6.6481,7.5889,0.0000,0.0000,-0.2409,0.1645,0.9565,-0.3987,0.1451,0.9055,-0.3205,0.1437,0.9363,-0.2486,0.0502,0.3190,Dark,
59.1250,6.6516,7.6023,0.0000,0.0000,-0.2346,0.1668,0.9577,-0.4021,0.1462,0.9038,-0.3193,0.1447,0.9365,-0.2486,0.0501,0.3191,Dark,
59.1362,6.6508,7.6120,0.0000,0.0000,-0.2294,0.1687,0.9586,-0.4064,0.1468,0.9018,-0.3192,0.1453,0.9365,-0.2486,0.0501,0.3191,Dark,
59.1473,6.6399,7.5942,0.0000,0.0000,-0.2175,0.1724,0.9607,-0.4139,0.1480,0.8982,-0.3176,0.1464,0.9369,-0.2486,0.0501,0.3192,Dark,
59.1585,6.6329,7.6021,0.0000,0.0000,-0.2122,0.1740,0.9616,-0.4179,0.1485,0.8963,-0.3173,0.1469,0.9369,-0.2486,0.0501,0.3192,Dark,
59.1697,6.6242,7.6174,0.0000,0.0000,-0.1998,0.1782,0.9635,-0.4242,0.1502,0.8930,-0.3150,0.1486,0.9374,-0.2486,0.0501,0.3192,Dark,
59.1805,6.6220,7.6159,0.0000,0.0000,-0.1948,0.1797,0.9643,-0.4279,0.1506,0.8912,-0.3147,0.1489,0.9374,-0.2486,0.0501,0.3192,Dark,
59.1918,6.6253,7.6151,0.0000,0.0000,-0.1902,0.1810,0.9649,-0.4317,0.1508,0.8893,-0.3147,0.1491,0.9374,-0.2486,0.0501,0.3193,Dark,
59.2032,6.6325,7.6007,0.0000,0.0000,-0.1811,0.1838,0.9661,-0.4387,0.1515,0.8858,-0.3145,0.1499,0.9374,-0.2487,0.0501,0.3192,Dark,
59.2141,6.6352,7.5955,0.0000,0.0000,-0.1772,0.1853,0.9666,-0.4422,0.1519,0.8840,-0.3147,0.1504,0.9372,-0.2487,0.0501,0.3193,Dark,
59.2255,6.6202,7.5923,0.0000,0.0000,-0.1739,0.1864,0.9670,-0.4457,0.1520,0.8822,-0.3152,0.1504,0.9370,-0.2487,0.0501,0.3193,Dark,
59.2363,6.6097,7.5755,0.0000,0.0000,-0.1671,0.1889,0.9677,-0.4514,0.1528,0.8791,-0.3154,0.1513,0.9368,-0.2487,0.0501,0.3193,Dark,
59.2474,6.6127,7.5638,0.0000,0.0000,-0.1640,0.1901,0.9680,-0.4540,0.1532,0.8778,-0.3154,0.1517,0.9367,-0.2488,0.0501,0.3193,Dark,
59.2587,6.6077,7.5545,0.0000,0.0000,-0.1615,0.1909,0.9682,-0.4566,0.1533,0.8764,-0.3158,0.1518,0.9366,-0.2488,0.0501,0.3193,Dark,
59.2698,6.6056,7.5549,0.0000,0.0000,-0.1566,0.1924,0.9687,-0.4609,0.1534,0.8741,-0.3162,0.1520,0.9364,-0.2488,0.0501,0.3193,Dark,
59.2809,6.6053,7.5646,0.0000,0.0000,-0.1546,0.1931,0.9689,-0.4630,0.1535,0.8730,-0.3165,0.1522,0.9363,-0.2488,0.0501,0.3193,Dark,
59.2921,6.5986,7.5730,0.0000,0.0000,-0.1530,0.1934,0.9691,-0.4649,0.1533,0.8720,-0.3169,0.1519,0.9362,-0.2489,0.0501,0.3194,Dark,
59.3033,6.6009,7.5652,0.0000,0.0000,-0.1501,0.1941,0.9694,-0.4683,0.1531,0.8702,-0.3176,0.1518,0.9360,-0.2489,0.0501,0.3194,Dark,
59.3164,6.6069,7.5652,0.0000,0.0000,-0.1491,0.1946,0.9695,-0.4698,0.1532,0.8694,-0.3180,0.1520,0.9358,-0.2489,0.0501,0.3194,Dark,
59.3256,6.6063,7.5649,0.0000,0.0000,-0.1482,0.1948,0.9696,-0.4712,0.1530,0.8686,-0.3185,0.1518,0.9357,-0.2490,0.0501,0.3194,Dark,
59.3367,6.6122,7.5798,0.0000,0.0000,-0.1469,0.1954,0.9697,-0.4738,0.1530,0.8672,-0.3194,0.1518,0.9354,-0.2490,0.0501,0.3194,Dark,
59.3478,6.6167,7.5959,0.0000,0.0000,-0.1465,0.1958,0.9696,-0.4750,0.1530,0.8666,-0.3200,0.1519,0.9352,-0.2491,0.0501,0.3194,Dark,
59.3590,6.6144,7.6083,0.0000,0.0000,-0.1465,0.1962,0.9696,-0.4764,0.1531,0.8658,-0.3208,0.1520,0.9349,-0.2491,0.0501,0.3194,Dark,
59.3702,6.6081,7.5922,0.0000,0.0000,-0.1466,0.1966,0.9695,-0.4786,0.1531,0.8646,-0.3222,0.1521,0.9344,-0.2491,0.0501,0.3194,Dark,
59.3815,6.6038,7.5989,0.0000,0.0000,-0.1468,0.1969,0.9694,-0.4796,0.1532,0.8640,-0.3229,0.1522,0.9341,-0.2491,0.0501,0.3194,Dark,
59.3924,6.6057,7.6044,0.0000,0.0000,-0.1472,0.1970,0.9693,-0.4808,0.1531,0.8634,-0.3238,0.1522,0.9338,-0.2492,0.0501,0.3194,Dark,
59.4036,6.6247,7.5900,0.0000,0.0000,-0.1477,0.1975,0.9691,-0.4824,0.1533,0.8624,-0.3250,0.1524,0.9334,-0.2491,0.0501,0.3194,Dark,
59.4173,6.6386,7.5860,0.0000,0.0000,-0.1479,0.1978,0.9690,-0.4830,0.1535,0.8620,-0.3255,0.1526,0.9331,-0.2491,0.0501,0.3194,Dark,
59.4258,6.6355,7.5818,0.0000,0.0000,-0.1483,0.1979,0.9689,-0.4837,0.1536,0.8616,-0.3261,0.1527,0.9329,-0.2491,0.0501,0.3194,Dark,
59.4370,6.6417,7.5796,0.0000,0.0000,-0.1493,0.1978,0.9688,-0.4850,0.1534,0.8610,-0.3273,0.1525,0.9325,-0.2491,0.0501,0.3195,Dark,
59.4480,6.6495,7.5904,0.0000,0.0000,-0.1498,0.1976,0.9688,-0.4856,0.1532,0.8606,-0.3279,0.1523,0.9324,-0.2491,0.0501,0.3195,Dark,
59.4591,6.6560,7.5993,0.0000,0.0000,-0.1502,0.1975,0.9687,-0.4861,0.1530,0.8604,-0.3284,0.1521,0.9322,-0.2491,0.0500,0.3195,Dark,
59.4703,6.6597,7.5833,0.0000,0.0000,-0.1510,0.1974,0.9686,-0.4868,0.1530,0.8600,-0.3292,0.1520,0.9319,-0.2490,0.0500,0.3195,Dark,
59.4813,6.6559,7.5842,0.0000,0.0000,-0.1512,0.1975,0.9686,-0.4870,0.1530,0.8599,-0.3294,0.1520,0.9319,-0.2490,0.0500,0.3195,Dark,
59.4924,6.6466,7.5847,0.0000,0.0000,-0.1512,0.1974,0.9686,-0.4871,0.1529,0.8599,-0.3294,0.1519,0.9319,-0.2490,0.0500,0.3195,Dark,
59.5038,6.6510,7.5869,0.0000,0.0000,-0.1512,0.1976,0.9685,-0.4871,0.1532,0.8598,-0.3295,0.1522,0.9318,-0.2489,0.0499,0.3195,Dark,
59.5147,6.6621,7.5924,0.0000,0.0000,-0.1513,0.1977,0.9685,-0.4870,0.1532,0.8598,-0.3295,0.1523,0.9318,-0.2489,0.0499,0.3195,Dark,
59.5258,6.6603,7.5961,0.0000,0.0000,-0.1512,0.1978,0.9685,-0.4870,0.1533,0.8599,-0.3294,0.1524,0.9318,-0.2489,0.0499,0.3195,Dark,
59.5371,6.6542,7.6177,0.0000,0.0000,-0.1513,0.1981,0.9684,-0.4869,0.1535,0.8599,-0.3294,0.1526,0.9318,-0.2489,0.0499,0.3194,Dark,
59.5481,6.6496,7.6270,0.0000,0.0000,-0.1512,0.1982,0.9684,-0.4867,0.1536,0.8599,-0.3293,0.1528,0.9318,-0.2488,0.0499,0.3194,Dark,
59.5593,6.6482,7.6338,0.0000,0.0000,-0.1514,0.1984,0.9684,-0.4868,0.1537,0.8599,-0.3294,0.1529,0.9317,-0.2488,0.0499,0.3194,Dark,
59.5706,6.6409,7.6474,0.0000,0.0000,-0.1514,0.1987,0.9683,-0.4866,0.1541,0.8599,-0.3293,0.1533,0.9317,-0.2488,0.0499,0.3194,Dark,
59.5817,6.6346,7.6437,0.0000,0.0000,-0.1515,0.1988,0.9683,-0.4866,0.1542,0.8599,-0.3293,0.1534,0.9317,-0.2488,0.0499,0.3194,Dark,
59.5929,6.6343,7.6402,0.0000,0.0000,-0.1514,0.1989,0.9683,-0.4864,0.1543,0.8600,-0.3291,0.1535,0.9317,-0.2488,0.0499,0.3194,Dark,
59.6038,6.6349,7.6308,0.0000,0.0000,-0.1513,0.1993,0.9682,-0.4861,0.1547,0.8601,-0.3289,0.1539,0.9317,-0.2488,0.0499,0.3193,Dark,
59.6150,6.6364,7.6645,0.0000,0.0000,-0.1501,0.1995,0.9683,-0.4848,0.1550,0.8608,-0.3276,0.1542,0.9321,-0.2488,0.0499,0.3193,Dark,
59.6285,6.7103,7.7159,0.0000,0.0000,-0.0930,0.2095,0.9734,-0.4395,0.1673,0.8825,-0.2743,0.1659,0.9472,-0.2488,0.0499,0.3193,Dark,
59.6374,6.7397,7.7327,0.0000,0.0000,-0.1008,0.2080,0.9729,-0.4401,0.1664,0.8824,-0.2783,0.1651,0.9462,-0.2487,0.0499,0.3193,Dark,
59.6484,6.7620,7.7734,0.0000,0.0000,-0.0106,0.2262,0.9740,-0.3328,0.1937,0.9229,-0.1740,0.1906,0.9661,-0.2487,0.0499,0.3193,Dark,
59.6596,6.7727,7.8034,0.0000,0.0000,0.0637,0.2418,0.9682,-0.2636,0.2139,0.9406,-0.0994,0.2092,0.9728,-0.2487,0.0499,0.3193,Dark,
59.6707,6.7808,7.8308,0.0000,0.0000,0.2148,0.2720,0.9380,-0.0604,0.2610,0.9634,0.0835,0.2512,0.9643,-0.2487,0.0499,0.3193,Dark,
59.6819,6.7837,7.8610,0.0000,0.0000,0.2527,0.2806,0.9260,-0.0008,0.2742,0.9617,0.1328,0.2631,0.9556,-0.2486,0.0499,0.3193,Dark,
59.6930,6.7802,7.8830,0.0000,0.0000,0.2742,0.2849,0.9185,0.0275,0.2807,0.9594,0.1581,0.2687,0.9502,-0.2486,0.0498,0.3194,Dark,
59.7040,6.7622,7.8354,0.0000,0.0000,0.2886,0.2877,0.9132,0.0615,0.2855,0.9564,0.1820,0.2734,0.9445,-0.2486,0.0498,0.3194,Dark,
59.7152,6.7491,7.8168,0.0000,0.0000,0.2775,0.2863,0.9171,0.0544,0.2835,0.9574,0.1725,0.2719,0.9467,-0.2485,0.0498,0.3194,Dark,
59.7264,6.7562,7.8009,0.0000,0.0000,0.2734,0.2862,0.9183,0.0543,0.2834,0.9575,0.1702,0.2721,0.9471,-0.2485,0.0498,0.3194,Dark,
59.7376,6.7635,7.7850,0.0000,0.0000,0.2584,0.2845,0.9232,0.0406,0.2807,0.9589,0.1555,0.2700,0.9502,-0.2485,0.0498,0.3194,Dark,
59.7486,6.7806,7.7998,0.0000,0.0000,0.2472,0.2831,0.9267,0.0325,0.2787,0.9598,0.1455,0.2684,0.9522,-0.2484,0.0497,0.3195,Dark,
59.7599,6.7806,7.8198,0.0000,0.0000,0.2469,0.2834,0.9267,0.0337,0.2791,0.9597,0.1459,0.2689,0.9521,-0.2484,0.0497,0.3195,Dark,
59.7719,6.7712,7.8272,0.0000,0.0000,0.2323,0.2818,0.9309,0.0196,0.2767,0.9608,0.1313,0.2669,0.9547,-0.2484,0.0497,0.3195,Dark,
59.7820,6.7654,7.8435,0.0000,0.0000,0.2286,0.2812,0.9320,0.0160,0.2758,0.9611,0.1276,0.2662,0.9554,-0.2484,0.0497,0.3195,Dark,
59.7933,6.7671,7.8549,0.0000,0.0000,0.2269,0.2810,0.9325,0.0143,0.2755,0.9612,0.1258,0.2660,0.9557,-0.2483,0.0496,0.3195,Dark,
59.8044,6.7837,7.8551,0.0000,0.0000,0.2224,0.2808,0.9337,0.0095,0.2750,0.9614,0.1211,0.2656,0.9564,-0.2483,0.0496,0.3195,Dark,
59.8156,6.7957,7.8469,0.0000,0.0000,0.2215,0.2806,0.9339,0.0083,0.2748,0.9615,0.1200,0.2654,0.9566,-0.2483,0.0496,0.3195,Dark,
59.8267,6.8045,7.8388,0.0000,0.0000,0.2206,0.2806,0.9341,0.0072,0.2747,0.9615,0.1190,0.2654,0.9568,-0.2482,0.0496,0.3196,Dark,
59.8379,6.8002,7.8266,0.0000,0.0000,0.2206,0.2809,0.9340,0.0064,0.2749,0.9614,0.1186,0.2656,0.9568,-0.2482,0.0496,0.3196,Dark,
59.8492,6.7904,7.8363,0.0000,0.0000,0.2206,0.2810,0.9340,0.0059,0.2750,0.9614,0.1184,0.2657,0.9568,-0.2482,0.0496,0.3196,Dark,
59.8601,6.7855,7.8453,0.0000,0.0000,0.2209,0.2814,0.9338,0.0056,0.2754,0.9613,0.1184,0.2660,0.9567,-0.2482,0.0496,0.3196,Dark,
59.8712,6.7858,7.8352,0.0000,0.0000,0.2221,0.2823,0.9332,0.0060,0.2764,0.9610,0.1193,0.2670,0.9563,-0.2481,0.0496,0.3196,Dark,
59.8826,6.7901,7.8421,0.0000,0.0000,0.2218,0.2824,0.9333,0.0053,0.2765,0.9610,0.1188,0.2670,0.9563,-0.2481,0.0496,0.3196,Dark,
59.8937,6.7920,7.8473,0.0000,0.0000,0.2220,0.2828,0.9331,0.0052,0.2769,0.9609,0.1188,0.2674,0.9562,-0.2481,0.0496,0.3196,Dark,
59.9047,6.7991,7.8526,0.0000,0.0000,0.2229,0.2840,0.9326,0.0055,0.2781,0.9605,0.1195,0.2686,0.9558,-0.2481,0.0496,0.3195,Dark,
59.9159,6.8039,7.8486,0.0000,0.0000,0.2219,0.2843,0.9327,0.0042,0.2783,0.9605,0.1183,0.2688,0.9559,-0.2481,0.0496,0.3195,Dark,
59.9268,6.8099,7.8440,0.0000,0.0000,0.2219,0.2849,0.9325,0.0038,0.2789,0.9603,0.1181,0.2694,0.9558,-0.2481,0.0497,0.3195,Dark,
59.9386,6.8191,7.8446,0.0000,0.0000,0.2213,0.2857,0.9324,0.0027,0.2797,0.9601,0.1173,0.2702,0.9556,-0.2481,0.0497,0.3195,Dark,
59.9494,6.8218,7.8513,0.0000,0.0000,0.2213,0.2858,0.9324,0.0024,0.2798,0.9601,0.1171,0.2703,0.9556,-0.2481,0.0497,0.3195,Dark,
59.9603,6.8172,7.8574,0.0000,0.0000,0.2207,0.2859,0.9325,0.0017,0.2798,0.9600,0.1165,0.2703,0.9557,-0.2481,0.0497,0.3195,Dark,
59.9714,6.8144,7.8683,0.0000,0.0000,0.2196,0.2858,0.9328,0.0001,0.2796,0.9601,0.1151,0.2702,0.9559,-0.2482,0.0497,0.3195,Dark,
59.9825,6.8159,7.8754,0.0000,0.0000,0.2192,0.2859,0.9329,-0.0004,0.2796,0.9601,0.1146,0.2702,0.9560,-0.2482,0.0497,0.3195,Dark,
59.9938,6.8121,7.8806,0.0000,0.0000,0.2187,0.2857,0.9330,-0.0010,0.2794,0.9602,0.1141,0.2700,0.9561,-0.2482,0.0497,0.3194,Dark,
60.0048,6.8052,7.8692,0.0000,0.0000,0.2178,0.2856,0.9333,-0.0023,0.2792,0.9602,0.1130,0.2698,0.9563,-0.2482,0.0497,0.3194,Dark,
60.0162,6.8014,7.8584,0.0000,0.0000,0.2175,0.2857,0.9333,-0.0027,0.2792,0.9602,0.1126,0.2699,0.9563,-0.2482,0.0497,0.3194,Dark,
60.0271,6.7948,7.8424,0.0000,0.0000,0.2169,0.2857,0.9334,-0.0035,0.2792,0.9602,0.1119,0.2699,0.9564,-0.2482,0.0497,0.3194,Dark,
60.0382,6.7935,7.8466,0.0000,0.0000,0.2165,0.2855,0.9336,-0.0040,0.2789,0.9603,0.1115,0.2696,0.9565,-0.2483,0.0497,0.3194,Dark,
60.0495,6.8036,7.8519,0.0000,0.0000,0.2162,0.2854,0.9337,-0.0044,0.2788,0.9604,0.1112,0.2695,0.9566,-0.2483,0.0497,0.3194,Dark,
60.0604,6.7801,7.8537,0.0000,0.0000,0.2154,0.2853,0.9339,-0.0054,0.2785,0.9604,0.1102,0.2693,0.9567,-0.2484,0.0497,0.3194,Dark,
60.0717,6.7711,7.8607,0.0000,0.0000,0.2148,0.2851,0.9341,-0.0062,0.2783,0.9605,0.1095,0.2691,0.9569,-0.2484,0.0497,0.3194,Dark,
60.0828,6.7752,7.8659,0.0000,0.0000,0.2141,0.2849,0.9343,-0.0069,0.2780,0.9606,0.1088,0.2688,0.9570,-0.2485,0.0497,0.3194,Dark,
60.0940,6.7612,7.8661,0.0000,0.0000,0.2129,0.2845,0.9347,-0.0083,0.2775,0.9607,0.1075,0.2684,0.9573,-0.2485,0.0497,0.3194,Dark,
60.1052,6.7588,7.8602,0.0000,0.0000,0.2121,0.2843,0.9350,-0.0093,0.2773,0.9607,0.1065,0.2682,0.9575,-0.2485,0.0497,0.3194,Dark,
60.1163,6.7596,7.8548,0.0000,0.0000,0.2113,0.2839,0.9353,-0.0102,0.2768,0.9609,0.1057,0.2677,0.9577,-0.2485,0.0497,0.3194,Dark,
60.1274,6.7630,7.8515,0.0000,0.0000,0.2100,0.2830,0.9358,-0.0117,0.2759,0.9611,0.1043,0.2668,0.9581,-0.2486,0.0497,0.3194,Dark,
60.1385,6.7669,7.8601,0.0000,0.0000,0.2094,0.2825,0.9361,-0.0124,0.2753,0.9613,0.1037,0.2662,0.9583,-0.2486,0.0497,0.3194,Dark,
60.1497,6.7660,7.8677,0.0000,0.0000,0.2087,0.2819,0.9365,-0.0132,0.2746,0.9615,0.1029,0.2656,0.9586,-0.2486,0.0497,0.3194,Dark,
60.1610,6.7681,7.9023,0.0000,0.0000,0.2076,0.2814,0.9369,-0.0146,0.2741,0.9616,0.1016,0.2650,0.9589,-0.2486,0.0496,0.3195,Dark,
60.1719,6.7708,7.9051,0.0000,0.0000,0.2074,0.2812,0.9370,-0.0150,0.2739,0.9617,0.1013,0.2648,0.9590,-0.2486,0.0496,0.3195,Dark,
60.1831,6.7665,7.9058,0.0000,0.0000,0.2070,0.2809,0.9372,-0.0156,0.2735,0.9618,0.1008,0.2645,0.9591,-0.2486,0.0496,0.3195,Dark,
60.1948,6.7544,7.9027,0.0000,0.0000,0.2066,0.2806,0.9373,-0.0162,0.2731,0.9618,0.1003,0.2641,0.9593,-0.2486,0.0495,0.3195,Dark,
60.2055,6.7469,7.9004,0.0000,0.0000,0.2065,0.2804,0.9374,-0.0164,0.2728,0.9619,0.1002,0.2639,0.9593,-0.2486,0.0495,0.3195,Dark,
60.2165,6.7392,7.8993,0.0000,0.0000,0.2063,0.2801,0.9375,-0.0168,0.2726,0.9620,0.0999,0.2636,0.9594,-0.2486,0.0495,0.3196,Dark,
60.2276,6.7517,7.8781,0.0000,0.0000,0.2063,0.2801,0.9376,-0.0170,0.2724,0.9620,0.0997,0.2635,0.9595,-0.2486,0.0494,0.3196,Dark,
60.2409,6.7675,7.9003,0.0000,0.0000,0.2061,0.2799,0.9376,-0.0173,0.2722,0.9621,0.0995,0.2633,0.9596,-0.2486,0.0494,0.3195,Dark,
60.2498,6.7878,7.9194,0.0000,0.0000,0.2022,0.2757,0.9397,-0.0214,0.2677,0.9633,0.0954,0.2589,0.9612,-0.2486,0.0494,0.3195,Dark,
60.2613,6.8114,7.9752,0.0000,0.0000,0.1963,0.2694,0.9428,-0.0311,0.2606,0.9650,0.0876,0.2519,0.9638,-0.2487,0.0494,0.3195,Dark,
60.2721,6.8149,7.9876,0.0000,0.0000,0.1835,0.2521,0.9501,-0.0474,0.2419,0.9691,0.0728,0.2337,0.9696,-0.2487,0.0494,0.3195,Dark,
60.2833,6.8144,7.9938,0.0000,0.0000,0.1775,0.2426,0.9537,-0.0555,0.2318,0.9712,0.0656,0.2237,0.9725,-0.2487,0.0494,0.3195,Dark,
60.2947,6.8142,7.9892,0.0000,0.0000,0.1708,0.2329,0.9574,-0.0658,0.2212,0.9730,0.0570,0.2132,0.9753,-0.2487,0.0494,0.3195,Dark,
60.3056,6.8152,7.9935,0.0000,0.0000,0.1689,0.2308,0.9582,-0.0693,0.2189,0.9733,0.0543,0.2109,0.9760,-0.2488,0.0494,0.3195,Dark,
60.3170,6.8102,7.9981,0.0000,0.0000,0.1682,0.2300,0.9585,-0.0712,0.2179,0.9734,0.0530,0.2100,0.9763,-0.2488,0.0494,0.3195,Dark,
60.3279,6.8012,7.9998,0.0000,0.0000,0.1686,0.2300,0.9585,-0.0734,0.2177,0.9732,0.0521,0.2097,0.9764,-0.2488,0.0494,0.3195,Dark,
60.3392,6.7974,8.0101,0.0000,0.0000,0.1703,0.2319,0.9577,-0.0729,0.2197,0.9729,0.0533,0.2116,0.9759,-0.2489,0.0494,0.3195,Dark,
60.3501,6.7981,8.0180,0.0000,0.0000,0.1689,0.2302,0.9584,-0.0753,0.2178,0.9731,0.0514,0.2097,0.9764,-0.2489,0.0494,0.3195,Dark,
60.3615,6.8041,8.0196,0.0000,0.0000,0.1734,0.2348,0.9564,-0.0724,0.2226,0.9722,0.0552,0.2144,0.9752,-0.2489,0.0494,0.3196,Dark,
60.3726,6.8078,8.0171,0.0000,0.0000,0.1749,0.2363,0.9558,-0.0715,0.2240,0.9720,0.0565,0.2159,0.9748,-0.2489,0.0494,0.3196,Dark,
60.3835,6.8148,8.0142,0.0000,0.0000,0.1757,0.2367,0.9556,-0.0713,0.2245,0.9719,0.0570,0.2163,0.9747,-0.2490,0.0494,0.3196,Dark,
60.3947,6.8241,8.0186,0.0000,0.0000,0.1797,0.2398,0.9541,-0.0681,0.2278,0.9713,0.0607,0.2194,0.9737,-0.2490,0.0494,0.3196,Dark,
60.4058,6.8269,8.0166,0.0000,0.0000,0.1808,0.2404,0.9537,-0.0675,0.2284,0.9712,0.0616,0.2200,0.9735,-0.2490,0.0494,0.3196,Dark,
60.4171,6.8201,8.0149,0.0000,0.0000,0.1816,0.2407,0.9535,-0.0670,0.2288,0.9712,0.0622,0.2204,0.9734,-0.2490,0.0494,0.3197,Dark,
60.4361,6.8075,8.0064,0.0000,0.0000,0.1829,0.2422,0.9528,-0.0662,0.2303,0.9709,0.0633,0.2219,0.9730,-0.2490,0.0493,0.3197,Dark,
60.4390,6.8075,8.0064,0.0000,0.0000,0.1831,0.2416,0.9530,-0.0660,0.2298,0.9710,0.0635,0.2213,0.9731,-0.2490,0.0493,0.3197,Dark,
60.4507,6.8065,8.0000,0.0000,0.0000,0.1838,0.2412,0.9529,-0.0653,0.2296,0.9711,0.0642,0.2210,0.9732,-0.2490,0.0492,0.3198,Dark,
60.4616,6.8032,7.9884,0.0000,0.0000,0.1847,0.2405,0.9529,-0.0645,0.2289,0.9713,0.0651,0.2203,0.9733,-0.2489,0.0490,0.3198,Dark,
60.4729,6.8002,7.9973,0.0000,0.0000,0.1857,0.2395,0.9530,-0.0636,0.2280,0.9716,0.0661,0.2193,0.9734,-0.2489,0.0489,0.3199,Dark,
60.4838,6.8028,8.0057,0.0000,0.0000,0.1870,0.2380,0.9531,-0.0623,0.2266,0.9720,0.0673,0.2179,0.9737,-0.2488,0.0487,0.3200,Dark,
60.4949,6.8188,8.0002,0.0000,0.0000,0.1955,0.2362,0.9518,-0.0537,0.2252,0.9728,0.0761,0.2162,0.9734,-0.2486,0.0485,0.3201,Dark,
60.5060,6.8304,8.0050,0.0000,0.0000,0.2088,0.2339,0.9496,-0.0378,0.2237,0.9739,0.0909,0.2144,0.9725,-0.2485,0.0482,0.3201,Dark,
60.5173,6.8241,8.0082,0.0000,0.0000,0.2232,0.2285,0.9476,-0.0221,0.2190,0.9755,0.1063,0.2093,0.9720,-0.2483,0.0479,0.3203,Dark,
60.5283,6.8251,7.9959,0.0000,0.0000,0.2422,0.2181,0.9454,0.0013,0.2096,0.9778,0.1278,0.1995,0.9715,-0.2482,0.0476,0.3204,Dark,
60.5396,6.8310,8.0001,0.0000,0.0000,0.2497,0.2121,0.9448,0.0110,0.2039,0.9789,0.1365,0.1936,0.9715,-0.2481,0.0473,0.3205,Dark,
60.5505,6.8376,8.0033,0.0000,0.0000,0.2558,0.2066,0.9444,0.0181,0.1984,0.9799,0.1432,0.1881,0.9717,-0.2479,0.0469,0.3207,Dark,
60.5617,6.8484,7.9840,0.0000,0.0000,0.2602,0.1991,0.9448,0.0242,0.1910,0.9813,0.1484,0.1807,0.9723,-0.2478,0.0466,0.3209,Dark,
60.5729,6.8502,7.9863,0.0000,0.0000,0.2637,0.1956,0.9446,0.0285,0.1875,0.9818,0.1523,0.1772,0.9723,-0.2476,0.0462,0.3212,Dark,
60.5840,6.8343,7.9881,0.0000,0.0000,0.2646,0.1908,0.9453,0.0303,0.1826,0.9827,0.1537,0.1724,0.9730,-0.2475,0.0459,0.3214,Dark,
60.5952,6.8158,7.9859,0.0000,0.0000,0.2633,0.1874,0.9463,0.0297,0.1790,0.9834,0.1526,0.1689,0.9737,-0.2473,0.0455,0.3216,Dark,
60.6062,6.8127,7.9966,0.0000,0.0000,0.2648,0.1838,0.9466,0.0312,0.1753,0.9840,0.1542,0.1652,0.9741,-0.2472,0.0452,0.3219,Dark,
60.6174,6.8093,8.0048,0.0000,0.0000,0.2646,0.1809,0.9472,0.0309,0.1723,0.9846,0.1540,0.1622,0.9747,-0.2470,0.0448,0.3222,Dark,
60.6287,6.8008,8.0070,0.0000,0.0000,0.2637,0.1798,0.9477,0.0299,0.1711,0.9848,0.1529,0.1611,0.9750,-0.2469,0.0445,0.3225,Dark,
60.6396,6.7944,8.0100,0.0000,0.0000,0.2629,0.1778,0.9483,0.0291,0.1690,0.9852,0.1521,0.1589,0.9755,-0.2468,0.0441,0.3228,Dark,
60.6508,6.8115,8.0117,0.0000,0.0000,0.2638,0.1750,0.9486,0.0303,0.1663,0.9856,0.1532,0.1562,0.9758,-0.2467,0.0437,0.3231,Dark,
60.6619,6.8187,7.9865,0.0000,0.0000,0.2625,0.1748,0.9490,0.0290,0.1661,0.9857,0.1519,0.1560,0.9760,-0.2466,0.0434,0.3234,Dark,
60.6734,6.8119,7.9995,0.0000,0.0000,0.2627,0.1730,0.9492,0.0292,0.1644,0.9860,0.1521,0.1542,0.9763,-0.2465,0.0430,0.3238,Dark,
60.6842,6.8033,7.9920,0.0000,0.0000,0.2632,0.1723,0.9492,0.0298,0.1637,0.9861,0.1526,0.1535,0.9763,-0.2464,0.0427,0.3241,Dark,
60.6954,6.7988,7.9767,0.0000,0.0000,0.2638,0.1704,0.9494,0.0306,0.1618,0.9863,0.1533,0.1516,0.9765,-0.2463,0.0423,0.3244,Dark,
60.7067,6.7971,7.9747,0.0000,0.0000,0.2642,0.1685,0.9496,0.0309,0.1599,0.9866,0.1537,0.1497,0.9767,-0.2461,0.0419,0.3247,Dark,
60.7176,6.7831,7.9662,0.0000,0.0000,0.2648,0.1672,0.9497,0.0316,0.1588,0.9868,0.1543,0.1485,0.9768,-0.2460,0.0416,0.3250,Dark,
60.7290,6.7810,7.9638,0.0000,0.0000,0.2652,0.1649,0.9500,0.0320,0.1564,0.9872,0.1547,0.1461,0.9771,-0.2460,0.0412,0.3254,Dark,
60.7400,6.7796,7.9650,0.0000,0.0000,0.2649,0.1620,0.9506,0.0317,0.1535,0.9876,0.1544,0.1432,0.9776,-0.2458,0.0408,0.3257,Dark,
60.7513,6.7770,7.9520,0.0000,0.0000,0.2662,0.1607,0.9504,0.0333,0.1522,0.9878,0.1558,0.1419,0.9775,-0.2457,0.0404,0.3260,Dark,
60.7623,6.7773,7.9433,0.0000,0.0000,0.2664,0.1582,0.9508,0.0336,0.1497,0.9882,0.1561,0.1394,0.9779,-0.2456,0.0400,0.3264,Dark,
60.7735,6.7707,7.9368,0.0000,0.0000,0.2668,0.1554,0.9511,0.0342,0.1469,0.9886,0.1566,0.1366,0.9782,-0.2455,0.0395,0.3267,Dark,
60.7849,6.7664,7.9277,0.0000,0.0000,0.2672,0.1536,0.9513,0.0349,0.1451,0.9888,0.1571,0.1348,0.9783,-0.2454,0.0391,0.3271,Dark,
60.7956,6.7654,7.9185,0.0000,0.0000,0.2676,0.1516,0.9515,0.0354,0.1431,0.9891,0.1575,0.1327,0.9786,-0.2453,0.0388,0.3274,Dark,
60.8069,6.7658,7.9120,0.0000,0.0000,0.2680,0.1493,0.9518,0.0359,0.1408,0.9894,0.1580,0.1304,0.9788,-0.2451,0.0384,0.3278,Dark,
60.8179,6.7514,7.8987,0.0000,0.0000,0.2682,0.1477,0.9520,0.0364,0.1392,0.9896,0.1583,0.1288,0.9790,-0.2450,0.0380,0.3281,Dark,
60.8292,6.7459,7.9084,0.0000,0.0000,0.2686,0.1455,0.9522,0.0368,0.1370,0.9899,0.1588,0.1266,0.9792,-0.2448,0.0375,0.3285,Dark,
60.8403,6.7445,7.9175,0.0000,0.0000,0.2689,0.1436,0.9524,0.0372,0.1351,0.9901,0.1591,0.1247,0.9794,-0.2447,0.0371,0.3288,Dark,
60.8514,6.7757,7.9466,0.0000,0.0000,0.2760,0.1460,0.9500,0.0448,0.1380,0.9894,0.1666,0.1273,0.9778,-0.2445,0.0367,0.3292,Dark,
60.8624,6.8032,7.9767,0.0000,0.0000,0.2847,0.1459,0.9475,0.0556,0.1383,0.9888,0.1764,0.1275,0.9760,-0.2444,0.0364,0.3296,Dark,
60.8739,6.8223,7.9998,0.0000,0.0000,0.2945,0.1454,0.9445,0.0662,0.1383,0.9882,0.1868,0.1273,0.9741,-0.2442,0.0360,0.3299,Dark,
60.8851,6.8402,7.9840,0.0000,0.0000,0.3065,0.1428,0.9411,0.0822,0.1362,0.9873,0.2010,0.1251,0.9716,-0.2441,0.0356,0.3303,Dark,
60.8959,6.8402,7.9845,0.0000,0.0000,0.3090,0.1403,0.9406,0.0865,0.1339,0.9872,0.2043,0.1228,0.9712,-0.2440,0.0352,0.3306,Dark,
60.9074,6.8340,7.9755,0.0000,0.0000,0.3094,0.1341,0.9414,0.0887,0.1277,0.9878,0.2055,0.1166,0.9717,-0.2439,0.0349,0.3309,Dark,
60.9182,6.8281,7.9706,0.0000,0.0000,0.3129,0.1330,0.9404,0.0937,0.1267,0.9875,0.2098,0.1156,0.9709,-0.2439,0.0345,0.3313,Dark,
60.9295,6.8236,7.9645,0.0000,0.0000,0.3123,0.1293,0.9411,0.0945,0.1230,0.9879,0.2098,0.1119,0.9713,-0.2438,0.0342,0.3316,Dark,
60.9406,6.8041,7.9535,0.0000,0.0000,0.3069,0.1244,0.9436,0.0910,0.1180,0.9888,0.2052,0.1071,0.9728,-0.2437,0.0338,0.3318,Dark,
60.9516,6.7929,7.9502,0.0000,0.0000,0.3087,0.1221,0.9433,0.0942,0.1157,0.9888,0.2077,0.1049,0.9725,-0.2437,0.0335,0.3321,Dark,
60.9629,6.7846,7.9671,0.0000,0.0000,0.3058,0.1203,0.9445,0.0920,0.1139,0.9892,0.2050,0.1031,0.9733,-0.2437,0.0331,0.3324,Dark,
60.9741,6.7538,7.9790,0.0000,0.0000,0.3017,0.1197,0.9459,0.0891,0.1132,0.9896,0.2014,0.1026,0.9741,-0.2436,0.0328,0.3326,Dark,
60.9854,6.7783,7.9757,0.0000,0.0000,0.3004,0.1179,0.9465,0.0884,0.1114,0.9898,0.2004,0.1008,0.9745,-0.2436,0.0324,0.3329,Dark,
60.9962,6.7999,7.9730,0.0000,0.0000,0.2990,0.1163,0.9472,0.0874,0.1098,0.9901,0.1991,0.0992,0.9749,-0.2436,0.0321,0.3332,Dark,
61.0074,6.7931,7.9592,0.0000,0.0000,0.2960,0.1161,0.9481,0.0852,0.1097,0.9903,0.1965,0.0991,0.9755,-0.2436,0.0317,0.3334,Dark,
61.0184,6.7811,7.9523,0.0000,0.0000,0.2949,0.1133,0.9488,0.0843,0.1068,0.9907,0.1954,0.0963,0.9760,-0.2435,0.0313,0.3336,Dark,
61.0296,6.7685,7.9555,0.0000,0.0000,0.2942,0.1105,0.9493,0.0839,0.1039,0.9910,0.1948,0.0934,0.9764,-0.2435,0.0309,0.3339,Dark,
61.0411,6.7824,7.9737,0.0000,0.0000,0.2936,0.1070,0.9499,0.0838,0.1003,0.9914,0.1945,0.0898,0.9768,-0.2435,0.0305,0.3341,Dark,
61.0521,6.8113,7.9867,0.0000,0.0000,0.2924,0.0986,0.9512,0.0824,0.0916,0.9924,0.1932,0.0813,0.9778,-0.2435,0.0301,0.3343,Dark,
61.0631,6.8352,7.9899,0.0000,0.0000,0.2692,0.0602,0.9612,0.0566,0.0514,0.9971,0.1682,0.0417,0.9849,-0.2434,0.0296,0.3345,Dark,
61.0744,6.9138,8.0217,0.0000,0.0000,0.2497,-0.0021,0.9683,0.0343,-0.0126,0.9993,0.1469,-0.0218,0.9889,-0.2434,0.0291,0.3347,Dark,
61.0856,6.9297,8.0462,0.0000,0.0000,0.2622,-0.0108,0.9650,0.0459,-0.0217,0.9987,0.1591,-0.0309,0.9868,-0.2433,0.0285,0.3349,Dark,
61.0970,6.9793,8.0986,0.0000,0.0000,0.2760,-0.0450,0.9601,0.0597,-0.0569,0.9966,0.1731,-0.0657,0.9827,-0.2432,0.0280,0.3351,Dark,
61.1078,7.0102,8.1221,0.0000,0.0000,0.2657,-0.0681,0.9617,0.0477,-0.0805,0.9956,0.1617,-0.0892,0.9828,-0.2430,0.0275,0.3353,Dark,
61.1187,7.0230,8.1376,0.0000,0.0000,0.2793,-0.0660,0.9579,0.0602,-0.0787,0.9951,0.1750,-0.0874,0.9807,-0.2428,0.0269,0.3355,Dark,
61.1302,7.0246,8.1360,0.0000,0.0000,0.2849,-0.0709,0.9559,0.0638,-0.0840,0.9944,0.1797,-0.0927,0.9793,-0.2426,0.0264,0.3357,Dark,
61.1413,7.0145,8.1330,0.0000,0.0000,0.2751,-0.1026,0.9559,0.0527,-0.1162,0.9918,0.1690,-0.1247,0.9777,-0.2424,0.0259,0.3359,Dark,
61.1521,6.9952,8.1275,0.0000,0.0000,0.2912,-0.0789,0.9534,0.0689,-0.0923,0.9933,0.1855,-0.1010,0.9774,-0.2422,0.0255,0.3362,Dark,
61.1632,6.9716,8.0998,0.0000,0.0000,0.2864,-0.1073,0.9521,0.0650,-0.1213,0.9905,0.1809,-0.1296,0.9749,-0.2420,0.0250,0.3364,Dark,
61.1744,6.9564,8.0995,0.0000,0.0000,0.2927,-0.0871,0.9522,0.0717,-0.1006,0.9923,0.1876,-0.1091,0.9762,-0.2417,0.0246,0.3366,Dark,
61.1856,6.9463,8.1000,0.0000,0.0000,0.2936,-0.1067,0.9500,0.0741,-0.1207,0.9899,0.1891,-0.1289,0.9734,-0.2415,0.0241,0.3369,Dark,
61.1967,6.9127,8.1025,0.0000,0.0000,0.3042,-0.0819,0.9491,0.0873,-0.0952,0.9916,0.2012,-0.1036,0.9741,-0.2413,0.0237,0.3371,Dark,
61.2080,6.8973,8.1048,0.0000,0.0000,0.3031,-0.0990,0.9478,0.0877,-0.1125,0.9898,0.2007,-0.1207,0.9722,-0.2411,0.0233,0.3374,Dark,
61.2191,6.8861,8.1055,0.0000,0.0000,0.3068,-0.0962,0.9469,0.0926,-0.1096,0.9897,0.2051,-0.1178,0.9716,-0.2409,0.0229,0.3376,Dark,
61.2301,6.8750,8.0905,0.0000,0.0000,0.3076,-0.0836,0.9479,0.0951,-0.0964,0.9908,0.2067,-0.1048,0.9728,-0.2407,0.0226,0.3378,Dark,
61.2413,6.8679,8.0853,0.0000,0.0000,0.3112,-0.0880,0.9463,0.1001,-0.1009,0.9898,0.2110,-0.1092,0.9714,-0.2405,0.0224,0.3380,Dark,
61.2525,6.8632,8.0784,0.0000,0.0000,0.3114,-0.0858,0.9464,0.1009,-0.0986,0.9900,0.2115,-0.1069,0.9715,-0.2404,0.0221,0.3382,Dark,
61.2634,6.8582,8.0550,0.0000,0.0000,0.3129,-0.0839,0.9461,0.1041,-0.0965,0.9899,0.2138,-0.1048,0.9712,-0.2402,0.0219,0.3384,Dark,
61.2745,6.8546,8.0481,0.0000,0.0000,0.3137,-0.0814,0.9460,0.1057,-0.0938,0.9900,0.2150,-0.1021,0.9713,-0.2401,0.0217,0.3386,Dark,
61.2858,6.8532,8.0528,0.0000,0.0000,0.3114,-0.0816,0.9468,0.1035,-0.0938,0.9902,0.2127,-0.1022,0.9718,-0.2400,0.0216,0.3388,Dark,
61.2970,6.8501,8.0646,0.0000,0.0000,0.3109,-0.0792,0.9471,0.1041,-0.0911,0.9904,0.2127,-0.0996,0.9720,-0.2399,0.0214,0.3390,Dark,
61.3080,6.8511,8.0709,0.0000,0.0000,0.3107,-0.0772,0.9474,0.1048,-0.0890,0.9905,0.2129,-0.0975,0.9722,-0.2398,0.0213,0.3392,Dark,
61.3192,6.8469,8.0412,0.0000,0.0000,0.3060,-0.0779,0.9488,0.1012,-0.0896,0.9908,0.2087,-0.0980,0.9731,-0.2397,0.0212,0.3394,Dark,
61.3302,6.8424,8.0445,0.0000,0.0000,0.3055,-0.0767,0.9491,0.1012,-0.0882,0.9910,0.2084,-0.0967,0.9732,-0.2397,0.0211,0.3395,Dark,
61.3416,6.8463,8.0482,0.0000,0.0000,0.3048,-0.0754,0.9494,0.1011,-0.0867,0.9911,0.2080,-0.0952,0.9735,-0.2396,0.0210,0.3397,Dark,
61.3527,6.8596,8.0090,0.0000,0.0000,0.3019,-0.0753,0.9504,0.0990,-0.0866,0.9913,0.2054,-0.0951,0.9740,-0.2396,0.0210,0.3398,Dark,
61.3637,6.8682,8.0035,0.0000,0.0000,0.2992,-0.0766,0.9511,0.0963,-0.0878,0.9915,0.2027,-0.0963,0.9745,-0.2396,0.0209,0.3399,Dark,
61.3749,6.8726,7.9986,0.0000,0.0000,0.2983,-0.0756,0.9515,0.0957,-0.0868,0.9916,0.2019,-0.0953,0.9748,-0.2395,0.0208,0.3401,Dark,
61.3862,6.8597,7.9905,0.0000,0.0000,0.2957,-0.0764,0.9522,0.0935,-0.0875,0.9918,0.1995,-0.0960,0.9752,-0.2396,0.0207,0.3402,Dark,
61.3974,6.8464,8.0016,0.0000,0.0000,0.2953,-0.0754,0.9524,0.0934,-0.0864,0.9919,0.1993,-0.0949,0.9753,-0.2396,0.0207,0.3403,Dark,
61.4083,6.8411,8.0102,0.0000,0.0000,0.2952,-0.0741,0.9525,0.0936,-0.0851,0.9920,0.1993,-0.0936,0.9755,-0.2395,0.0206,0.3404,Dark,
61.4193,6.8380,8.0160,0.0000,0.0000,0.2953,-0.0725,0.9526,0.0939,-0.0835,0.9921,0.1995,-0.0920,0.9756,-0.2395,0.0206,0.3405,Dark,
61.4306,6.8552,8.0153,0.0000,0.0000,0.2945,-0.0708,0.9530,0.0932,-0.0817,0.9923,0.1988,-0.0902,0.9759,-0.2395,0.0205,0.3406,Dark,
61.4417,6.8430,8.0098,0.0000,0.0000,0.2943,-0.0695,0.9532,0.0930,-0.0804,0.9924,0.1985,-0.0890,0.9761,-0.2395,0.0205,0.3407,Dark,
61.4530,6.8316,7.9941,0.0000,0.0000,0.2925,-0.0706,0.9536,0.0913,-0.0815,0.9925,0.1968,-0.0900,0.9763,-0.2395,0.0204,0.3408,Dark,
61.4639,6.8230,7.9736,0.0000,0.0000,0.2909,-0.0704,0.9542,0.0898,-0.0812,0.9926,0.1952,-0.0898,0.9766,-0.2395,0.0203,0.3408,Dark,
61.4750,6.8150,7.9685,0.0000,0.0000,0.2908,-0.0693,0.9543,0.0897,-0.0801,0.9927,0.1951,-0.0886,0.9768,-0.2395,0.0203,0.3409,Dark,
61.4862,6.8199,7.9553,0.0000,0.0000,0.2915,-0.0664,0.9543,0.0908,-0.0771,0.9929,0.1960,-0.0856,0.9769,-0.2395,0.0203,0.3409,Dark,
61.4976,6.8274,7.9712,0.0000,0.0000,0.2924,-0.0640,0.9541,0.0919,-0.0747,0.9930,0.1970,-0.0832,0.9769,-0.2395,0.0203,0.3410,Dark,
61.5084,6.8212,7.9846,0.0000,0.0000,0.2925,-0.0621,0.9542,0.0920,-0.0728,0.9931,0.1971,-0.0814,0.9770,-0.2395,0.0203,0.3410,Dark,
61.5195,6.8052,7.9820,0.0000,0.0000,0.2919,-0.0611,0.9545,0.0913,-0.0717,0.9932,0.1965,-0.0803,0.9772,-0.2395,0.0203,0.3411,Dark,
61.5308,6.7956,7.9913,0.0000,0.0000,0.2924,-0.0596,0.9544,0.0919,-0.0701,0.9933,0.1971,-0.0788,0.9772,-0.2394,0.0203,0.3411,Dark,
61.5419,6.7863,7.9976,0.0000,0.0000,0.2931,-0.0581,0.9543,0.0925,-0.0686,0.9933,0.1977,-0.0773,0.9772,-0.2395,0.0203,0.3411,Dark,
61.5532,6.7864,7.9867,0.0000,0.0000,0.2946,-0.0550,0.9540,0.0941,-0.0654,0.9934,0.1993,-0.0741,0.9771,-0.2394,0.0203,0.3411,Dark,
61.5644,6.7923,7.9839,0.0000,0.0000,0.2956,-0.0536,0.9538,0.0951,-0.0640,0.9934,0.2003,-0.0727,0.9770,-0.2394,0.0203,0.3411,Dark,
61.5753,6.7850,7.9808,0.0000,0.0000,0.2962,-0.0522,0.9537,0.0957,-0.0625,0.9934,0.2009,-0.0713,0.9770,-0.2394,0.0203,0.3411,Dark,
61.5866,6.7937,7.9891,0.0000,0.0000,0.2978,-0.0495,0.9533,0.0973,-0.0598,0.9935,0.2025,-0.0686,0.9769,-0.2393,0.0203,0.3410,Dark,
61.5978,6.8061,7.9670,0.0000,0.0000,0.2962,-0.0515,0.9537,0.0955,-0.0617,0.9935,0.2008,-0.0705,0.9771,-0.2393,0.0203,0.3410,Dark,
61.6089,6.8172,7.9482,0.0000,0.0000,0.2975,-0.0497,0.9534,0.0969,-0.0599,0.9935,0.2022,-0.0687,0.9769,-0.2393,0.0203,0.3410,Dark,
61.6199,6.8241,7.9666,0.0000,0.0000,0.2987,-0.0477,0.9531,0.0981,-0.0579,0.9935,0.2034,-0.0667,0.9768,-0.2393,0.0203,0.3409,Dark,
61.6312,6.8196,7.9678,0.0000,0.0000,0.2993,-0.0471,0.9530,0.0987,-0.0573,0.9935,0.2040,-0.0661,0.9767,-0.2392,0.0203,0.3409,Dark,
61.6423,6.7991,7.9743,0.0000,0.0000,0.3003,-0.0451,0.9528,0.0998,-0.0553,0.9935,0.2051,-0.0641,0.9766,-0.2393,0.0204,0.3408,Dark,
61.6583,6.7922,7.9653,0.0000,0.0000,0.3021,-0.0419,0.9523,0.1018,-0.0520,0.9934,0.2071,-0.0608,0.9764,-0.2392,0.0204,0.3408,Dark,
61.6647,6.7922,7.9653,0.0000,0.0000,0.3024,-0.0414,0.9523,0.1021,-0.0515,0.9934,0.2073,-0.0603,0.9764,-0.2392,0.0204,0.3407,Dark,
61.6757,6.7945,7.9664,0.0000,0.0000,0.3032,-0.0396,0.9521,0.1030,-0.0496,0.9934,0.2082,-0.0585,0.9763,-0.2392,0.0205,0.3407,Dark,
61.6867,6.8088,7.9702,0.0000,0.0000,0.3038,-0.0375,0.9520,0.1037,-0.0476,0.9935,0.2089,-0.0564,0.9763,-0.2392,0.0206,0.3406,Dark,
61.6983,6.8204,7.9705,0.0000,0.0000,0.3045,-0.0354,0.9519,0.1046,-0.0455,0.9935,0.2097,-0.0543,0.9763,-0.2392,0.0206,0.3406,Dark,
61.7095,6.8416,7.9706,0.0000,0.0000,0.3051,-0.0336,0.9517,0.1056,-0.0436,0.9935,0.2105,-0.0525,0.9762,-0.2393,0.0207,0.3405,Dark,
61.7204,6.8479,7.9714,0.0000,0.0000,0.3057,-0.0318,0.9516,0.1064,-0.0417,0.9935,0.2112,-0.0506,0.9761,-0.2393,0.0208,0.3405,Dark,
61.7316,6.8537,7.9716,0.0000,0.0000,0.3062,-0.0297,0.9515,0.1070,-0.0396,0.9935,0.2118,-0.0485,0.9761,-0.2393,0.0208,0.3404,Dark,
61.7424,6.8567,7.9660,0.0000,0.0000,0.3070,-0.0268,0.9513,0.1081,-0.0367,0.9935,0.2127,-0.0455,0.9761,-0.2393,0.0209,0.3404,Dark,
61.7538,6.8562,7.9637,0.0000,0.0000,0.3074,-0.0247,0.9513,0.1087,-0.0345,0.9935,0.2132,-0.0434,0.9761,-0.2394,0.0210,0.3403,Dark,
61.7651,6.8471,7.9619,0.0000,0.0000,0.3075,-0.0230,0.9513,0.1090,-0.0327,0.9935,0.2134,-0.0416,0.9761,-0.2394,0.0211,0.3403,Dark,
61.7758,6.8346,7.9750,0.0000,0.0000,0.3080,-0.0204,0.9512,0.1097,-0.0301,0.9935,0.2140,-0.0390,0.9760,-0.2394,0.0212,0.3403,Dark,
61.7870,6.8313,7.9780,0.0000,0.0000,0.3081,-0.0191,0.9512,0.1100,-0.0287,0.9935,0.2143,-0.0376,0.9761,-0.2394,0.0213,0.3402,Dark,
61.7982,6.8469,7.9860,0.0000,0.0000,0.3080,-0.0175,0.9512,0.1101,-0.0271,0.9936,0.2142,-0.0360,0.9761,-0.2394,0.0214,0.3402,Dark,
61.8097,6.8505,7.9901,0.0000,0.0000,0.3080,-0.0162,0.9512,0.1103,-0.0258,0.9936,0.2143,-0.0347,0.9761,-0.2394,0.0214,0.3402,Dark,
61.8203,6.8528,7.9889,0.0000,0.0000,0.3080,-0.0151,0.9513,0.1103,-0.0246,0.9936,0.2144,-0.0335,0.9762,-0.2394,0.0215,0.3402,Dark,
61.8320,6.8399,8.0006,0.0000,0.0000,0.3081,-0.0135,0.9513,0.1104,-0.0230,0.9936,0.2144,-0.0319,0.9762,-0.2394,0.0215,0.3402,Dark,
61.8428,6.8437,8.0108,0.0000,0.0000,0.3081,-0.0125,0.9513,0.1105,-0.0219,0.9936,0.2145,-0.0309,0.9762,-0.2394,0.0216,0.3402,Dark,
61.8538,6.8477,8.0053,0.0000,0.0000,0.3081,-0.0116,0.9513,0.1104,-0.0210,0.9937,0.2144,-0.0299,0.9763,-0.2394,0.0216,0.3401,Dark,
61.8652,6.8535,8.0036,0.0000,0.0000,0.3084,-0.0098,0.9512,0.1107,-0.0192,0.9937,0.2147,-0.0281,0.9763,-0.2394,0.0217,0.3401,Dark,
61.8761,6.8545,8.0056,0.0000,0.0000,0.3085,-0.0091,0.9512,0.1108,-0.0184,0.9937,0.2149,-0.0274,0.9763,-0.2394,0.0217,0.3401,Dark,
61.8872,6.8543,7.9988,0.0000,0.0000,0.3086,-0.0086,0.9512,0.1108,-0.0179,0.9937,0.2149,-0.0269,0.9763,-0.2394,0.0218,0.3401,Dark,
61.8983,6.8499,8.0039,0.0000,0.0000,0.3086,-0.0075,0.9512,0.1107,-0.0168,0.9937,0.2149,-0.0258,0.9763,-0.2394,0.0218,0.3401,Dark,
61.9096,6.8372,8.0115,0.0000,0.0000,0.3085,-0.0073,0.9512,0.1106,-0.0165,0.9937,0.2148,-0.0255,0.9763,-0.2394,0.0218,0.3401,Dark,
61.9206,6.8269,8.0152,0.0000,0.0000,0.3087,-0.0065,0.9511,0.1108,-0.0158,0.9937,0.2149,-0.0248,0.9763,-0.2393,0.0218,0.3401,Dark,
61.9317,6.8161,8.0164,0.0000,0.0000,0.3088,-0.0052,0.9511,0.1109,-0.0144,0.9937,0.2151,-0.0234,0.9763,-0.2393,0.0218,0.3401,Dark,
61.9430,6.8094,8.0135,0.0000,0.0000,0.3089,-0.0044,0.9511,0.1110,-0.0136,0.9937,0.2152,-0.0227,0.9763,-0.2393,0.0219,0.3401,Dark,
61.9542,6.8036,8.0120,0.0000,0.0000,0.3090,-0.0035,0.9511,0.1111,-0.0127,0.9937,0.2152,-0.0217,0.9763,-0.2393,0.0219,0.3401,Dark,
61.9654,6.8024,8.0057,0.0000,0.0000,0.3092,-0.0025,0.9510,0.1113,-0.0117,0.9937,0.2155,-0.0207,0.9763,-0.2393,0.0219,0.3401,Dark,
61.9763,6.8008,8.0009,0.0000,0.0000,0.3093,-0.0017,0.9510,0.1114,-0.0109,0.9937,0.2156,-0.0199,0.9763,-0.2393,0.0220,0.3401,Dark,
61.9874,6.7934,8.0013,0.0000,0.0000,0.3095,-0.0005,0.9509,0.1116,-0.0096,0.9937,0.2158,-0.0187,0.9763,-0.2393,0.0220,0.3401,Dark,
61.9986,6.7880,8.0035,0.0000,0.0000,0.3098,0.0002,0.9508,0.1118,-0.0089,0.9937,0.2161,-0.0180,0.9762,-0.2393,0.0220,0.3401,Dark,
62.0100,6.7836,8.0058,0.0000,0.0000,0.3098,0.0006,0.9508,0.1118,-0.0084,0.9937,0.2160,-0.0175,0.9762,-0.2393,0.0220,0.3401,Dark,
62.0211,6.7866,7.9834,0.0000,0.0000,0.3098,0.0021,0.9508,0.1116,-0.0070,0.9937,0.2160,-0.0161,0.9763,-0.2393,0.0220,0.3401,Dark,
62.0320,6.7845,7.9813,0.0000,0.0000,0.3098,0.0030,0.9508,0.1116,-0.0060,0.9937,0.2159,-0.0151,0.9763,-0.2393,0.0221,0.3401,Dark,
62.0435,6.7823,7.9801,0.0000,0.0000,0.3097,0.0039,0.9508,0.1114,-0.0051,0.9938,0.2158,-0.0143,0.9763,-0.2393,0.0221,0.3401,Dark,
62.0542,6.7877,7.9935,0.0000,0.0000,0.3094,0.0055,0.9509,0.1110,-0.0035,0.9938,0.2155,-0.0126,0.9764,-0.2393,0.0221,0.3401,Dark,
62.0657,6.7937,8.0009,0.0000,0.0000,0.3093,0.0062,0.9509,0.1108,-0.0028,0.9938,0.2154,-0.0119,0.9765,-0.2393,0.0221,0.3401,Dark,
62.0766,6.7997,8.0058,0.0000,0.0000,0.3096,0.0066,0.9509,0.1110,-0.0024,0.9938,0.2156,-0.0115,0.9764,-0.2393,0.0222,0.3401,Dark,
62.0877,6.8033,8.0135,0.0000,0.0000,0.3084,0.0079,0.9512,0.1096,-0.0010,0.9940,0.2143,-0.0102,0.9767,-0.2393,0.0222,0.3401,Dark,
62.0989,6.7898,8.0167,0.0000,0.0000,0.3089,0.0081,0.9511,0.1100,-0.0008,0.9939,0.2148,-0.0100,0.9766,-0.2393,0.0222,0.3402,Dark,
62.1101,6.7739,8.0047,0.0000,0.0000,0.3083,0.0092,0.9512,0.1091,0.0003,0.9940,0.2140,-0.0089,0.9768,-0.2393,0.0222,0.3402,Dark,
62.1211,6.7720,7.9872,0.0000,0.0000,0.3080,0.0098,0.9513,0.1087,0.0009,0.9941,0.2137,-0.0083,0.9769,-0.2393,0.0222,0.3402,Dark,
62.1322,6.7841,7.9727,0.0000,0.0000,0.3077,0.0105,0.9514,0.1083,0.0016,0.9941,0.2133,-0.0076,0.9770,-0.2393,0.0222,0.3402,Dark,
62.1439,6.7954,7.9790,0.0000,0.0000,0.3074,0.0117,0.9515,0.1078,0.0028,0.9942,0.2129,-0.0064,0.9770,-0.2393,0.0222,0.3402,Dark,
62.1546,6.7919,7.9899,0.0000,0.0000,0.3073,0.0124,0.9515,0.1076,0.0035,0.9942,0.2128,-0.0057,0.9771,-0.2394,0.0222,0.3402,Dark,
62.1664,6.7900,7.9996,0.0000,0.0000,0.3073,0.0132,0.9515,0.1075,0.0043,0.9942,0.2127,-0.0050,0.9771,-0.2394,0.0221,0.3402,Dark,
62.1774,6.7735,7.9889,0.0000,0.0000,0.3073,0.0149,0.9515,0.1073,0.0060,0.9942,0.2126,-0.0032,0.9771,-0.2394,0.0221,0.3402,Dark,
62.1878,6.7630,7.9896,0.0000,0.0000,0.3071,0.0157,0.9515,0.1070,0.0069,0.9942,0.2124,-0.0024,0.9772,-0.2394,0.0222,0.3402,Dark,
62.1991,6.7559,7.9903,0.0000,0.0000,0.3069,0.0168,0.9516,0.1067,0.0080,0.9943,0.2121,-0.0013,0.9772,-0.2394,0.0222,0.3402,Dark,
62.2104,6.7470,7.9736,0.0000,0.0000,0.3067,0.0185,0.9516,0.1063,0.0097,0.9943,0.2118,0.0004,0.9773,-0.2394,0.0222,0.3402,Dark,
62.2217,6.7454,7.9794,0.0000,0.0000,0.3066,0.0198,0.9516,0.1060,0.0110,0.9943,0.2117,0.0017,0.9773,-0.2394,0.0222,0.3402,Dark,
62.2326,6.7555,7.9840,0.0000,0.0000,0.3065,0.0209,0.9517,0.1058,0.0122,0.9943,0.2115,0.0028,0.9774,-0.2394,0.0222,0.3402,Dark,
62.2437,6.7549,7.9938,0.0000,0.0000,0.3065,0.0228,0.9516,0.1056,0.0142,0.9943,0.2114,0.0048,0.9774,-0.2394,0.0223,0.3402,Dark,
62.2545,6.7467,8.0072,0.0000,0.0000,0.3062,0.0239,0.9517,0.1052,0.0153,0.9943,0.2111,0.0059,0.9774,-0.2395,0.0223,0.3402,Dark,
62.2659,6.7395,8.0171,0.0000,0.0000,0.3059,0.0249,0.9517,0.1047,0.0163,0.9944,0.2107,0.0069,0.9775,-0.2395,0.0223,0.3402,Dark,
62.2773,6.7324,8.0211,0.0000,0.0000,0.3057,0.0265,0.9517,0.1042,0.0179,0.9944,0.2104,0.0085,0.9776,-0.2395,0.0223,0.3402,Dark,
62.2881,6.7335,8.0153,0.0000,0.0000,0.3057,0.0273,0.9518,0.1039,0.0186,0.9944,0.2102,0.0092,0.9776,-0.2396,0.0223,0.3402,Dark,
62.2995,6.7277,7.9968,0.0000,0.0000,0.3052,0.0288,0.9519,0.1031,0.0201,0.9945,0.2096,0.0107,0.9777,-0.2397,0.0223,0.3402,Dark,
62.3106,6.7376,7.9868,0.0000,0.0000,0.3049,0.0293,0.9519,0.1027,0.0206,0.9945,0.2093,0.0112,0.9778,-0.2397,0.0223,0.3401,Dark,
62.3217,6.7457,7.9708,0.0000,0.0000,0.3048,0.0302,0.9519,0.1025,0.0215,0.9945,0.2091,0.0121,0.9778,-0.2397,0.0223,0.3401,Dark,
62.3333,6.7543,7.9647,0.0000,0.0000,0.3047,0.0322,0.9519,0.1022,0.0235,0.9945,0.2089,0.0141,0.9778,-0.2398,0.0223,0.3401,Dark,
62.3443,6.7588,7.9712,0.0000,0.0000,0.3047,0.0330,0.9519,0.1020,0.0243,0.9945,0.2088,0.0149,0.9778,-0.2398,0.0223,0.3401,Dark,
62.3552,6.7613,7.9682,0.0000,0.0000,0.3047,0.0337,0.9519,0.1018,0.0250,0.9945,0.2087,0.0156,0.9778,-0.2399,0.0223,0.3401,Dark,
62.3664,6.7485,7.9673,0.0000,0.0000,0.3045,0.0356,0.9518,0.1015,0.0269,0.9945,0.2085,0.0174,0.9779,-0.2399,0.0223,0.3401,Dark,
62.3776,6.7520,7.9675,0.0000,0.0000,0.3043,0.0364,0.9519,0.1012,0.0277,0.9945,0.2083,0.0183,0.9779,-0.2399,0.0223,0.3400,Dark,
62.3885,6.7551,7.9539,0.0000,0.0000,0.3043,0.0370,0.9519,0.1011,0.0283,0.9945,0.2082,0.0189,0.9779,-0.2399,0.0223,0.3400,Dark,
62.3998,6.7631,7.9500,0.0000,0.0000,0.3039,0.0385,0.9519,0.1006,0.0298,0.9945,0.2078,0.0204,0.9780,-0.2399,0.0224,0.3400,Dark,
62.4108,6.7594,7.9558,0.0000,0.0000,0.3034,0.0388,0.9521,0.1001,0.0302,0.9945,0.2073,0.0207,0.9781,-0.2399,0.0224,0.3400,Dark,
62.4219,6.7553,7.9609,0.0000,0.0000,0.3038,0.0399,0.9519,0.1005,0.0313,0.9944,0.2077,0.0218,0.9780,-0.2399,0.0224,0.3399,Dark,
62.4332,6.7396,7.9658,0.0000,0.0000,0.3021,0.0399,0.9524,0.0985,0.0313,0.9946,0.2058,0.0218,0.9784,-0.2399,0.0224,0.3399,Dark,
62.4443,6.7279,7.9631,0.0000,0.0000,0.3014,0.0399,0.9527,0.0977,0.0313,0.9947,0.2051,0.0218,0.9785,-0.2399,0.0225,0.3399,Dark,
62.4554,6.7191,7.9590,0.0000,0.0000,0.3022,0.0412,0.9524,0.0985,0.0327,0.9946,0.2059,0.0232,0.9783,-0.2399,0.0225,0.3398,Dark,
62.4668,6.7114,7.9456,0.0000,0.0000,0.3009,0.0413,0.9527,0.0972,0.0327,0.9947,0.2045,0.0232,0.9786,-0.2398,0.0225,0.3398,Dark,
62.4778,6.7144,7.9434,0.0000,0.0000,0.2994,0.0408,0.9532,0.0955,0.0321,0.9949,0.2029,0.0227,0.9789,-0.2398,0.0226,0.3398,Dark,
62.4889,6.7209,7.9342,0.0000,0.0000,0.2991,0.0415,0.9533,0.0951,0.0329,0.9949,0.2025,0.0234,0.9790,-0.2398,0.0226,0.3398,Dark,
62.4998,6.7244,7.9274,0.0000,0.0000,0.2984,0.0417,0.9535,0.0944,0.0332,0.9950,0.2018,0.0237,0.9791,-0.2398,0.0226,0.3398,Dark,
62.5110,6.7268,7.9225,0.0000,0.0000,0.2978,0.0419,0.9537,0.0936,0.0333,0.9951,0.2011,0.0238,0.9793,-0.2398,0.0227,0.3398,Dark,
62.5221,6.7390,7.9265,0.0000,0.0000,0.2965,0.0417,0.9541,0.0922,0.0331,0.9952,0.1998,0.0237,0.9796,-0.2398,0.0227,0.3398,Dark,
62.5335,6.7340,7.9340,0.0000,0.0000,0.2958,0.0418,0.9543,0.0915,0.0332,0.9953,0.1991,0.0237,0.9797,-0.2397,0.0227,0.3398,Dark,
62.5444,6.7295,7.9216,0.0000,0.0000,0.2953,0.0418,0.9545,0.0909,0.0332,0.9953,0.1985,0.0237,0.9798,-0.2397,0.0227,0.3398,Dark,
62.5556,6.7205,7.9127,0.0000,0.0000,0.2944,0.0418,0.9548,0.0899,0.0332,0.9954,0.1975,0.0237,0.9800,-0.2397,0.0227,0.3398,Dark,
62.5667,6.7031,7.9143,0.0000,0.0000,0.2938,0.0417,0.9549,0.0893,0.0331,0.9955,0.1969,0.0236,0.9801,-0.2397,0.0227,0.3398,Dark,
62.5780,6.6896,7.9161,0.0000,0.0000,0.2935,0.0415,0.9550,0.0889,0.0329,0.9955,0.1966,0.0234,0.9802,-0.2397,0.0227,0.3399,Dark,
62.5894,6.7016,7.9435,0.0000,0.0000,0.2911,0.0418,0.9558,0.0859,0.0332,0.9958,0.1938,0.0237,0.9807,-0.2396,0.0226,0.3399,Dark,
62.6001,6.7273,7.9625,0.0000,0.0000,0.2689,0.0368,0.9625,0.0658,0.0281,0.9974,0.1722,0.0188,0.9849,-0.2396,0.0226,0.3399,Dark,
62.6113,6.7494,7.9880,0.0000,0.0000,0.2443,0.0347,0.9691,0.0365,0.0256,0.9990,0.1450,0.0163,0.9893,-0.2396,0.0226,0.3399,Dark,
62.6225,6.7306,8.0132,0.0000,0.0000,0.2048,0.0284,0.9784,-0.0076,0.0189,0.9998,0.1026,0.0095,0.9947,-0.2396,0.0225,0.3399,Dark,
62.6337,6.7212,8.0145,0.0000,0.0000,0.1944,0.0254,0.9806,-0.0210,0.0157,0.9997,0.0905,0.0062,0.9959,-0.2396,0.0226,0.3399,Dark,
62.6448,6.7126,8.0227,0.0000,0.0000,0.1889,0.0246,0.9817,-0.0298,0.0147,0.9994,0.0833,0.0051,0.9965,-0.2396,0.0225,0.3399,Dark,
62.6560,6.6932,8.0237,0.0000,0.0000,0.1848,0.0238,0.9825,-0.0398,0.0136,0.9991,0.0763,0.0038,0.9971,-0.2396,0.0225,0.3399,Dark,
62.6671,6.6909,8.0200,0.0000,0.0000,0.1858,0.0238,0.9823,-0.0415,0.0135,0.9990,0.0760,0.0035,0.9971,-0.2396,0.0225,0.3399,Dark,
62.6783,6.6889,8.0074,0.0000,0.0000,0.1840,0.0235,0.9826,-0.0458,0.0131,0.9989,0.0729,0.0031,0.9973,-0.2396,0.0225,0.3399,Dark,
62.6896,6.6789,8.0003,0.0000,0.0000,0.1931,0.0254,0.9808,-0.0405,0.0148,0.9991,0.0803,0.0046,0.9968,-0.2396,0.0225,0.3399,Dark,
62.7004,6.6652,8.0053,0.0000,0.0000,0.1976,0.0261,0.9799,-0.0377,0.0155,0.9992,0.0841,0.0052,0.9964,-0.2396,0.0225,0.3399,Dark,
62.7115,6.6540,8.0125,0.0000,0.0000,0.2016,0.0269,0.9791,-0.0351,0.0163,0.9993,0.0875,0.0058,0.9961,-0.2396,0.0225,0.3399,Dark,
62.7226,6.6621,8.0020,0.0000,0.0000,0.2094,0.0284,0.9774,-0.0297,0.0176,0.9994,0.0943,0.0071,0.9955,-0.2396,0.0225,0.3399,Dark,
62.7340,6.6532,7.9862,0.0000,0.0000,0.2116,0.0291,0.9769,-0.0285,0.0183,0.9994,0.0960,0.0077,0.9953,-0.2396,0.0225,0.3399,Dark,
62.7500,6.6565,7.9956,0.0000,0.0000,0.2166,0.0304,0.9758,-0.0253,0.0195,0.9995,0.1003,0.0089,0.9949,-0.2396,0.0226,0.3399,Dark,
62.7559,6.6644,7.9965,0.0000,0.0000,0.2186,0.0312,0.9753,-0.0243,0.0204,0.9995,0.1019,0.0097,0.9948,-0.2396,0.0226,0.3399,Dark,
62.7670,6.6770,7.9987,0.0000,0.0000,0.2200,0.0321,0.9750,-0.0237,0.0212,0.9995,0.1029,0.0105,0.9946,-0.2396,0.0226,0.3399,Dark,
62.7785,6.6882,8.0046,0.0000,0.0000,0.2217,0.0328,0.9746,-0.0228,0.0218,0.9995,0.1043,0.0111,0.9945,-0.2396,0.0226,0.3399,Dark,
62.7897,6.6868,8.0099,0.0000,0.0000,0.2237,0.0341,0.9741,-0.0223,0.0232,0.9995,0.1056,0.0123,0.9943,-0.2396,0.0226,0.3399,Dark,
62.8006,6.6909,8.0121,0.0000,0.0000,0.2248,0.0348,0.9738,-0.0219,0.0239,0.9995,0.1063,0.0130,0.9942,-0.2396,0.0226,0.3399,Dark,
62.8115,6.6941,8.0169,0.0000,0.0000,0.2255,0.0354,0.9736,-0.0218,0.0245,0.9995,0.1068,0.0135,0.9942,-0.2396,0.0226,0.3399,Dark,
62.8232,6.6973,8.0260,0.0000,0.0000,0.2264,0.0370,0.9733,-0.0221,0.0260,0.9994,0.1072,0.0150,0.9941,-0.2396,0.0226,0.3399,Dark,
62.8340,6.6844,8.0301,0.0000,0.0000,0.2269,0.0374,0.9732,-0.0221,0.0264,0.9994,0.1074,0.0154,0.9941,-0.2396,0.0226,0.3399,Dark,
62.8451,6.6729,8.0167,0.0000,0.0000,0.2275,0.0378,0.9731,-0.0220,0.0268,0.9994,0.1078,0.0158,0.9941,-0.2396,0.0226,0.3398,Dark,
62.8561,6.6833,8.0100,0.0000,0.0000,0.2286,0.0387,0.9727,-0.0216,0.0276,0.9994,0.1086,0.0166,0.9939,-0.2396,0.0226,0.3398,Dark,
62.8672,6.6785,8.0147,0.0000,0.0000,0.2293,0.0389,0.9726,-0.0212,0.0278,0.9994,0.1091,0.0168,0.9939,-0.2396,0.0226,0.3398,Dark,
62.8783,6.6753,8.0345,0.0000,0.0000,0.2296,0.0381,0.9725,-0.0224,0.0269,0.9994,0.1087,0.0158,0.9939,-0.2396,0.0226,0.3398,Dark,
62.8896,6.7350,8.0917,0.0000,0.0000,0.2290,0.0324,0.9729,-0.0270,0.0210,0.9994,0.1061,0.0097,0.9943,-0.2396,0.0226,0.3398,Dark,
62.9007,6.7540,8.1224,0.0000,0.0000,0.2267,0.0249,0.9736,-0.0315,0.0133,0.9994,0.1027,0.0019,0.9947,-0.2396,0.0227,0.3398,Dark,
62.9118,6.7691,8.1235,0.0000,0.0000,0.2256,0.0190,0.9740,-0.0358,0.0072,0.9993,0.1000,-0.0044,0.9950,-0.2395,0.0227,0.3398,Dark,
62.9229,6.7822,8.1115,0.0000,0.0000,0.2222,0.0106,0.9749,-0.0444,-0.0015,0.9990,0.0940,-0.0133,0.9955,-0.2395,0.0227,0.3398,Dark,
62.9341,6.7855,8.1016,0.0000,0.0000,0.2213,0.0070,0.9752,-0.0476,-0.0052,0.9989,0.0919,-0.0171,0.9956,-0.2395,0.0228,0.3398,Dark,
62.9454,6.7884,8.0992,0.0000,0.0000,0.2212,0.0045,0.9752,-0.0503,-0.0078,0.9987,0.0905,-0.0199,0.9957,-0.2394,0.0228,0.3397,Dark,
62.9564,6.7797,8.1102,0.0000,0.0000,0.2210,-0.0001,0.9753,-0.0551,-0.0125,0.9984,0.0880,-0.0249,0.9958,-0.2394,0.0228,0.3397,Dark,
62.9676,6.7866,8.1191,0.0000,0.0000,0.2210,-0.0009,0.9753,-0.0572,-0.0133,0.9983,0.0869,-0.0258,0.9959,-0.2393,0.0228,0.3397,Dark,
62.9786,6.7922,8.1206,0.0000,0.0000,0.2220,-0.0002,0.9751,-0.0581,-0.0126,0.9982,0.0870,-0.0253,0.9959,-0.2392,0.0228,0.3397,Dark,
62.9898,6.8231,8.1154,0.0000,0.0000,0.2216,-0.0024,0.9751,-0.0617,-0.0150,0.9980,0.0851,-0.0278,0.9960,-0.2392,0.0228,0.3397,Dark,
63.0011,6.8170,8.1105,0.0000,0.0000,0.2222,-0.0023,0.9750,-0.0626,-0.0148,0.9979,0.0849,-0.0277,0.9960,-0.2391,0.0228,0.3396,Dark,
63.0121,6.7996,8.1156,0.0000,0.0000,0.2213,-0.0036,0.9752,-0.0660,-0.0163,0.9977,0.0827,-0.0293,0.9961,-0.2391,0.0228,0.3396,Dark,
63.0233,6.7904,8.1136,0.0000,0.0000,0.2212,-0.0044,0.9752,-0.0672,-0.0170,0.9976,0.0821,-0.0302,0.9962,-0.2390,0.0228,0.3396,Dark,
63.0344,6.7798,8.1120,0.0000,0.0000,0.2209,-0.0052,0.9753,-0.0685,-0.0179,0.9975,0.0813,-0.0311,0.9962,-0.2390,0.0228,0.3396,Dark,
63.0456,6.7720,8.0947,0.0000,0.0000,0.2212,-0.0059,0.9752,-0.0699,-0.0187,0.9974,0.0808,-0.0320,0.9962,-0.2389,0.0228,0.3395,Dark,
63.0571,6.7715,8.0937,0.0000,0.0000,0.2211,-0.0064,0.9752,-0.0707,-0.0192,0.9973,0.0803,-0.0325,0.9962,-0.2389,0.0227,0.3395,Dark,
63.0679,6.7822,8.0939,0.0000,0.0000,0.2209,-0.0067,0.9753,-0.0715,-0.0195,0.9972,0.0798,-0.0329,0.9963,-0.2388,0.0228,0.3395,Dark,
63.0789,6.7776,8.0828,0.0000,0.0000,0.2200,-0.0074,0.9755,-0.0735,-0.0202,0.9971,0.0783,-0.0336,0.9964,-0.2388,0.0228,0.3394,Dark,
63.0904,6.7654,8.0928,0.0000,0.0000,0.2193,-0.0078,0.9756,-0.0748,-0.0206,0.9970,0.0773,-0.0341,0.9964,-0.2387,0.0228,0.3394,Dark,
63.1014,6.7672,8.1009,0.0000,0.0000,0.2188,-0.0088,0.9757,-0.0758,-0.0216,0.9969,0.0765,-0.0351,0.9965,-0.2387,0.0228,0.3394,Dark,
63.1122,6.7986,8.1494,0.0000,0.0000,0.2156,-0.0158,0.9763,-0.0796,-0.0287,0.9964,0.0729,-0.0423,0.9964,-0.2387,0.0228,0.3394,Dark,
63.1235,6.8252,8.1654,0.0000,0.0000,0.2120,-0.0207,0.9771,-0.0839,-0.0335,0.9959,0.0688,-0.0473,0.9965,-0.2387,0.0229,0.3394,Dark,
63.1346,6.8406,8.1761,0.0000,0.0000,0.2095,-0.0247,0.9775,-0.0872,-0.0374,0.9955,0.0658,-0.0513,0.9965,-0.2387,0.0229,0.3393,Dark,
63.1458,6.8547,8.1937,0.0000,0.0000,0.2097,-0.0248,0.9774,-0.0891,-0.0376,0.9953,0.0650,-0.0515,0.9966,-0.2386,0.0229,0.3393,Dark,
63.1571,6.8531,8.2012,0.0000,0.0000,0.2069,-0.0290,0.9779,-0.0927,-0.0418,0.9948,0.0617,-0.0559,0.9965,-0.2386,0.0229,0.3393,Dark,
63.1682,6.8485,8.2090,0.0000,0.0000,0.2040,-0.0327,0.9784,-0.0968,-0.0455,0.9943,0.0581,-0.0597,0.9965,-0.2386,0.0229,0.3393,Dark,
63.1790,6.8543,8.2055,0.0000,0.0000,0.1990,-0.0384,0.9792,-0.1038,-0.0512,0.9933,0.0519,-0.0656,0.9965,-0.2386,0.0230,0.3393,Dark,
63.1902,6.8537,8.1962,0.0000,0.0000,0.1970,-0.0404,0.9796,-0.1065,-0.0531,0.9929,0.0495,-0.0676,0.9965,-0.2385,0.0229,0.3393,Dark,
63.2017,6.8532,8.1960,0.0000,0.0000,0.1953,-0.0420,0.9798,-0.1090,-0.0547,0.9925,0.0473,-0.0692,0.9965,-0.2385,0.0230,0.3393,Dark,
63.2133,6.8296,8.1917,0.0000,0.0000,0.1928,-0.0439,0.9803,-0.1125,-0.0566,0.9920,0.0442,-0.0713,0.9965,-0.2385,0.0230,0.3393,Dark,
63.2236,6.8371,8.1916,0.0000,0.0000,0.1916,-0.0446,0.9805,-0.1140,-0.0572,0.9918,0.0428,-0.0719,0.9965,-0.2385,0.0229,0.3394,Dark,
63.2350,6.8444,8.1801,0.0000,0.0000,0.1897,-0.0467,0.9807,-0.1161,-0.0593,0.9915,0.0408,-0.0740,0.9964,-0.2385,0.0229,0.3394,Dark,
63.2461,6.8259,8.1596,0.0000,0.0000,0.1881,-0.0490,0.9809,-0.1179,-0.0615,0.9911,0.0390,-0.0763,0.9963,-0.2385,0.0229,0.3394,Dark,
63.2573,6.8269,8.1524,0.0000,0.0000,0.1884,-0.0495,0.9808,-0.1176,-0.0620,0.9911,0.0393,-0.0769,0.9963,-0.2384,0.0229,0.3395,Dark,
63.2693,6.8268,8.1553,0.0000,0.0000,0.1881,-0.0504,0.9808,-0.1180,-0.0629,0.9910,0.0389,-0.0778,0.9962,-0.2384,0.0229,0.3395,Dark,
63.2797,6.8218,8.1758,0.0000,0.0000,0.1872,-0.0517,0.9810,-0.1192,-0.0641,0.9908,0.0379,-0.0791,0.9961,-0.2383,0.0228,0.3395,Dark,
63.2906,6.8256,8.1893,0.0000,0.0000,0.1868,-0.0523,0.9810,-0.1196,-0.0647,0.9907,0.0374,-0.0797,0.9961,-0.2383,0.0228,0.3396,Dark,
63.3017,6.8282,8.2033,0.0000,0.0000,0.1861,-0.0534,0.9811,-0.1205,-0.0657,0.9905,0.0366,-0.0807,0.9961,-0.2383,0.0227,0.3396,Dark,
63.3130,6.8555,8.2092,0.0000,0.0000,0.1851,-0.0532,0.9813,-0.1215,-0.0656,0.9904,0.0355,-0.0806,0.9961,-0.2383,0.0227,0.3396,Dark,
63.3239,6.8351,8.2042,0.0000,0.0000,0.1845,-0.0536,0.9814,-0.1219,-0.0659,0.9904,0.0351,-0.0809,0.9961,-0.2382,0.0226,0.3397,Dark,
63.3351,6.8170,8.2144,0.0000,0.0000,0.1839,-0.0540,0.9815,-0.1224,-0.0663,0.9903,0.0345,-0.0813,0.9961,-0.2382,0.0226,0.3397,Dark,
63.3462,6.7866,8.2174,0.0000,0.0000,0.1829,-0.0543,0.9816,-0.1230,-0.0665,0.9902,0.0336,-0.0816,0.9961,-0.2382,0.0226,0.3397,Dark,
63.3576,6.7929,8.2131,0.0000,0.0000,0.1827,-0.0542,0.9817,-0.1231,-0.0665,0.9902,0.0335,-0.0815,0.9961,-0.2382,0.0225,0.3398,Dark,
63.3684,6.8139,8.2093,0.0000,0.0000,0.1824,-0.0545,0.9817,-0.1232,-0.0666,0.9901,0.0332,-0.0817,0.9961,-0.2381,0.0225,0.3398,Dark,
63.3797,6.8233,8.2065,0.0000,0.0000,0.1825,-0.0543,0.9817,-0.1230,-0.0664,0.9902,0.0334,-0.0815,0.9961,-0.2381,0.0225,0.3398,Dark,
63.3907,6.8350,8.2054,0.0000,0.0000,0.1825,-0.0542,0.9817,-0.1229,-0.0662,0.9902,0.0335,-0.0813,0.9961,-0.2380,0.0224,0.3399,Dark,
63.4021,6.8431,8.2056,0.0000,0.0000,0.1825,-0.0537,0.9817,-0.1229,-0.0658,0.9902,0.0334,-0.0809,0.9962,-0.2380,0.0224,0.3399,Dark,
63.4132,6.8429,8.2143,0.0000,0.0000,0.1829,-0.0535,0.9817,-0.1225,-0.0655,0.9903,0.0338,-0.0807,0.9962,-0.2380,0.0224,0.3399,Dark,
63.4241,6.8469,8.2215,0.0000,0.0000,0.1836,-0.0533,0.9816,-0.1220,-0.0653,0.9904,0.0345,-0.0804,0.9962,-0.2380,0.0223,0.3400,Dark,
63.4354,6.8856,8.2509,0.0000,0.0000,0.2125,-0.0479,0.9760,-0.0938,-0.0605,0.9938,0.0640,-0.0753,0.9951,-0.2379,0.0223,0.3400,Dark,
63.4468,6.9154,8.2370,0.0000,0.0000,0.2465,-0.0467,0.9680,-0.0554,-0.0598,0.9967,0.1013,-0.0741,0.9921,-0.2379,0.0223,0.3400,Dark,
63.4577,6.9190,8.2239,0.0000,0.0000,0.2754,-0.0489,0.9601,-0.0260,-0.0625,0.9977,0.1314,-0.0766,0.9884,-0.2378,0.0222,0.3401,Dark,
63.4690,6.9155,8.1954,0.0000,0.0000,0.3110,-0.0559,0.9488,0.0224,-0.0699,0.9973,0.1743,-0.0830,0.9812,-0.2378,0.0222,0.3401,Dark,
63.4798,6.9094,8.1776,0.0000,0.0000,0.3156,-0.0585,0.9471,0.0353,-0.0723,0.9968,0.1829,-0.0849,0.9795,-0.2377,0.0222,0.3401,Dark,
63.4914,6.9125,8.1656,0.0000,0.0000,0.3199,-0.0598,0.9456,0.0464,-0.0734,0.9962,0.1906,-0.0857,0.9779,-0.2377,0.0221,0.3401,Dark,
63.5021,6.9158,8.1586,0.0000,0.0000,0.3166,-0.0615,0.9465,0.0547,-0.0746,0.9957,0.1927,-0.0863,0.9775,-0.2376,0.0221,0.3401,Dark,
63.5150,6.9141,8.1595,0.0000,0.0000,0.3154,-0.0629,0.9469,0.0585,-0.0758,0.9954,0.1937,-0.0873,0.9772,-0.2376,0.0220,0.3402,Dark,
63.5246,6.9253,8.1610,0.0000,0.0000,0.3149,-0.0636,0.9470,0.0620,-0.0763,0.9952,0.1951,-0.0876,0.9769,-0.2376,0.0219,0.3402,Dark,
63.5355,6.9375,8.1657,0.0000,0.0000,0.3126,-0.0629,0.9478,0.0671,-0.0753,0.9949,0.1963,-0.0862,0.9768,-0.2375,0.0219,0.3402,Dark,
63.5470,6.9407,8.1631,0.0000,0.0000,0.3111,-0.0631,0.9483,0.0687,-0.0753,0.9948,0.1962,-0.0861,0.9768,-0.2375,0.0218,0.3402,Dark,
63.5578,6.9390,8.1606,0.0000,0.0000,0.3097,-0.0634,0.9487,0.0701,-0.0754,0.9947,0.1961,-0.0861,0.9768,-0.2374,0.0217,0.3403,Dark,
63.5689,6.9294,8.1677,0.0000,0.0000,0.3044,-0.0629,0.9505,0.0693,-0.0746,0.9948,0.1928,-0.0851,0.9775,-0.2373,0.0216,0.3403,Dark,
63.5805,6.9240,8.1781,0.0000,0.0000,0.3031,-0.0637,0.9508,0.0700,-0.0752,0.9947,0.1923,-0.0856,0.9776,-0.2372,0.0215,0.3404,Dark,
63.5914,6.9202,8.1925,0.0000,0.0000,0.3015,-0.0639,0.9513,0.0715,-0.0753,0.9946,0.1922,-0.0856,0.9776,-0.2372,0.0214,0.3404,Dark,
63.6023,6.9142,8.1962,0.0000,0.0000,0.3014,-0.0642,0.9513,0.0726,-0.0755,0.9945,0.1926,-0.0857,0.9775,-0.2371,0.0213,0.3405,Dark,
63.6138,6.9095,8.1979,0.0000,0.0000,0.3019,-0.0649,0.9511,0.0741,-0.0761,0.9943,0.1936,-0.0863,0.9773,-0.2370,0.0212,0.3405,Dark,
63.6248,6.8827,8.2034,0.0000,0.0000,0.3004,-0.0651,0.9516,0.0741,-0.0762,0.9943,0.1928,-0.0864,0.9774,-0.2369,0.0210,0.3406,Dark,
63.6387,6.8733,8.2002,0.0000,0.0000,0.2996,-0.0655,0.9518,0.0739,-0.0765,0.9943,0.1923,-0.0867,0.9775,-0.2368,0.0209,0.3407,Dark,
63.6470,6.8712,8.1977,0.0000,0.0000,0.2990,-0.0655,0.9520,0.0739,-0.0763,0.9943,0.1919,-0.0866,0.9776,-0.2367,0.0208,0.3408,Dark,
63.6581,6.9047,8.1840,0.0000,0.0000,0.2991,-0.0664,0.9519,0.0745,-0.0772,0.9942,0.1922,-0.0874,0.9775,-0.2366,0.0207,0.3409,Dark,
63.6694,6.9187,8.1999,0.0000,0.0000,0.2997,-0.0683,0.9516,0.0754,-0.0791,0.9940,0.1930,-0.0893,0.9771,-0.2365,0.0206,0.3410,Dark,
63.6805,6.9161,8.2140,0.0000,0.0000,0.2992,-0.0687,0.9517,0.0750,-0.0794,0.9940,0.1925,-0.0897,0.9772,-0.2364,0.0205,0.3411,Dark,
63.6915,6.9326,8.2485,0.0000,0.0000,0.3004,-0.0720,0.9511,0.0762,-0.0827,0.9937,0.1937,-0.0930,0.9766,-0.2363,0.0203,0.3412,Dark,
63.7026,6.9385,8.2592,0.0000,0.0000,0.3030,-0.0767,0.9499,0.0791,-0.0875,0.9930,0.1965,-0.0977,0.9756,-0.2362,0.0202,0.3413,Dark,
63.7140,6.9437,8.2653,0.0000,0.0000,0.3021,-0.0764,0.9502,0.0778,-0.0870,0.9932,0.1954,-0.0974,0.9759,-0.2361,0.0201,0.3414,Dark,
63.7251,6.9463,8.2277,0.0000,0.0000,0.3037,-0.0798,0.9494,0.0799,-0.0905,0.9927,0.1972,-0.1008,0.9752,-0.2360,0.0199,0.3415,Dark,
63.7361,6.9425,8.2195,0.0000,0.0000,0.3047,-0.0820,0.9489,0.0813,-0.0927,0.9924,0.1984,-0.1030,0.9747,-0.2359,0.0198,0.3416,Dark,
63.7476,6.9476,8.2140,0.0000,0.0000,0.3058,-0.0841,0.9484,0.0826,-0.0948,0.9921,0.1996,-0.1051,0.9742,-0.2358,0.0196,0.3417,Dark,
63.7584,6.9490,8.2254,0.0000,0.0000,0.3071,-0.0865,0.9477,0.0843,-0.0973,0.9917,0.2012,-0.1075,0.9736,-0.2357,0.0194,0.3418,Dark,
63.7696,6.9469,8.2114,0.0000,0.0000,0.3077,-0.0884,0.9474,0.0850,-0.0991,0.9914,0.2018,-0.1094,0.9733,-0.2355,0.0193,0.3419,Dark,
63.7815,6.9404,8.1986,0.0000,0.0000,0.3084,-0.0902,0.9470,0.0859,-0.1009,0.9912,0.2026,-0.1112,0.9729,-0.2354,0.0191,0.3421,Dark,
63.7917,6.9281,8.1951,0.0000,0.0000,0.3090,-0.0927,0.9465,0.0870,-0.1034,0.9908,0.2034,-0.1136,0.9725,-0.2353,0.0189,0.3422,Dark,
63.8028,6.9239,8.1825,0.0000,0.0000,0.3094,-0.0943,0.9462,0.0877,-0.1050,0.9906,0.2039,-0.1152,0.9722,-0.2353,0.0187,0.3423,Dark,
63.8142,6.9230,8.1738,0.0000,0.0000,0.3097,-0.0957,0.9460,0.0882,-0.1064,0.9904,0.2044,-0.1167,0.9719,-0.2352,0.0185,0.3424,Dark,
63.8253,6.9163,8.1786,0.0000,0.0000,0.3098,-0.0969,0.9459,0.0886,-0.1076,0.9902,0.2045,-0.1178,0.9717,-0.2351,0.0184,0.3426,Dark,
63.8363,6.9108,8.1611,0.0000,0.0000,0.3099,-0.0982,0.9457,0.0889,-0.1088,0.9901,0.2048,-0.1191,0.9715,-0.2349,0.0182,0.3427,Dark,
63.8475,6.9007,8.1474,0.0000,0.0000,0.3102,-0.0992,0.9455,0.0893,-0.1097,0.9899,0.2051,-0.1200,0.9714,-0.2348,0.0180,0.3429,Dark,
63.8586,6.8941,8.1490,0.0000,0.0000,0.3103,-0.1003,0.9453,0.0897,-0.1107,0.9898,0.2053,-0.1210,0.9712,-0.2347,0.0178,0.3430,Dark,
63.8697,6.8965,8.1384,0.0000,0.0000,0.3103,-0.1017,0.9452,0.0898,-0.1121,0.9896,0.2054,-0.1224,0.9710,-0.2345,0.0176,0.3432,Dark,
63.8809,6.8794,8.1310,0.0000,0.0000,0.3108,-0.1033,0.9448,0.0905,-0.1136,0.9894,0.2060,-0.1240,0.9707,-0.2344,0.0174,0.3434,Dark,
63.8920,6.8480,8.0742,0.0000,0.0000,0.3114,-0.1048,0.9445,0.0918,-0.1151,0.9891,0.2069,-0.1254,0.9703,-0.2343,0.0171,0.3436,Dark,
63.9034,6.8339,8.0652,0.0000,0.0000,0.3120,-0.1064,0.9441,0.0940,-0.1165,0.9887,0.2082,-0.1268,0.9698,-0.2341,0.0168,0.3437,Dark,
63.9142,6.8300,8.0604,0.0000,0.0000,0.3157,-0.1042,0.9431,0.0992,-0.1142,0.9885,0.2127,-0.1245,0.9692,-0.2339,0.0165,0.3439,Dark,
63.9254,6.8088,8.0465,0.0000,0.0000,0.3276,-0.0922,0.9403,0.1194,-0.1018,0.9876,0.2287,-0.1117,0.9671,-0.2337,0.0161,0.3441,Dark,
63.9368,6.7920,8.0113,0.0000,0.0000,0.3329,-0.0907,0.9386,0.1334,-0.1000,0.9860,0.2382,-0.1094,0.9650,-0.2335,0.0158,0.3443,Dark,
63.9517,6.8016,7.9768,0.0000,0.0000,0.3438,-0.0808,0.9356,0.1567,-0.0895,0.9836,0.2551,-0.0984,0.9619,-0.2333,0.0155,0.3445,Dark,
63.9589,6.8070,7.9760,0.0000,0.0000,0.3489,-0.0780,0.9339,0.1666,-0.0864,0.9822,0.2625,-0.0952,0.9602,-0.2331,0.0152,0.3447,Dark,
63.9699,6.8130,8.0090,0.0000,0.0000,0.3504,-0.0781,0.9333,0.1703,-0.0864,0.9816,0.2650,-0.0951,0.9595,-0.2329,0.0148,0.3449,Dark,
63.9812,6.8241,8.0617,0.0000,0.0000,0.3511,-0.0781,0.9331,0.1748,-0.0862,0.9808,0.2675,-0.0948,0.9589,-0.2327,0.0144,0.3451,Dark,
63.9925,6.8421,8.0766,0.0000,0.0000,0.3533,-0.0812,0.9320,0.1782,-0.0892,0.9799,0.2703,-0.0977,0.9578,-0.2325,0.0141,0.3453,Dark,
64.0033,6.8570,8.1018,0.0000,0.0000,0.3534,-0.0893,0.9312,0.1789,-0.0975,0.9790,0.2706,-0.1059,0.9569,-0.2322,0.0137,0.3455,Dark,
64.0146,6.8808,8.1379,0.0000,0.0000,0.3581,-0.0929,0.9291,0.1844,-0.1012,0.9776,0.2757,-0.1095,0.9550,-0.2320,0.0132,0.3458,Dark,
64.0262,6.8773,8.1524,0.0000,0.0000,0.3603,-0.0975,0.9277,0.1866,-0.1059,0.9767,0.2779,-0.1142,0.9538,-0.2317,0.0128,0.3460,Dark,
64.0372,6.8724,8.1815,0.0000,0.0000,0.3614,-0.1030,0.9267,0.1873,-0.1116,0.9759,0.2788,-0.1198,0.9528,-0.2315,0.0124,0.3462,Dark,
64.0480,6.8820,8.2021,0.0000,0.0000,0.3648,-0.1065,0.9250,0.1897,-0.1151,0.9751,0.2818,-0.1234,0.9515,-0.2312,0.0120,0.3464,Dark,
64.0595,6.9002,8.1994,0.0000,0.0000,0.3661,-0.1105,0.9240,0.1903,-0.1192,0.9745,0.2827,-0.1275,0.9507,-0.2310,0.0115,0.3467,Dark,
64.0704,6.9097,8.2087,0.0000,0.0000,0.3685,-0.1154,0.9224,0.1915,-0.1242,0.9736,0.2846,-0.1326,0.9494,-0.2306,0.0110,0.3469,Dark,
64.0817,6.9024,8.2071,0.0000,0.0000,0.3700,-0.1206,0.9212,0.1919,-0.1297,0.9728,0.2856,-0.1380,0.9484,-0.2304,0.0105,0.3472,Dark,
64.0927,6.8806,8.2070,0.0000,0.0000,0.3717,-0.1243,0.9200,0.1929,-0.1334,0.9721,0.2869,-0.1418,0.9474,-0.2301,0.0100,0.3474,Dark,
64.1037,6.8535,8.1900,0.0000,0.0000,0.3734,-0.1292,0.9186,0.1928,-0.1385,0.9714,0.2878,-0.1470,0.9464,-0.2298,0.0094,0.3476,Dark,
64.1148,6.8494,8.2034,0.0000,0.0000,0.3748,-0.1342,0.9173,0.1935,-0.1436,0.9705,0.2888,-0.1521,0.9452,-0.2295,0.0088,0.3479,Dark,
64.1261,6.8496,8.2154,0.0000,0.0000,0.3778,-0.1395,0.9153,0.1961,-0.1491,0.9692,0.2917,-0.1575,0.9435,-0.2292,0.0082,0.3482,Dark,
64.1372,6.9073,8.2232,0.0000,0.0000,0.3794,-0.1438,0.9140,0.1960,-0.1534,0.9685,0.2925,-0.1619,0.9425,-0.2289,0.0077,0.3484,Dark,
64.1482,6.9282,8.2285,0.0000,0.0000,0.3811,-0.1507,0.9122,0.1968,-0.1605,0.9672,0.2937,-0.1690,0.9408,-0.2286,0.0070,0.3487,Dark,
64.1595,6.9430,8.2309,0.0000,0.0000,0.3831,-0.1546,0.9107,0.1981,-0.1644,0.9663,0.2954,-0.1730,0.9396,-0.2283,0.0064,0.3490,Dark,
64.1704,6.9454,8.2307,0.0000,0.0000,0.3860,-0.1644,0.9077,0.1986,-0.1747,0.9644,0.2972,-0.1833,0.9371,-0.2280,0.0057,0.3493,Dark,
64.1816,6.9406,8.2315,0.0000,0.0000,0.3887,-0.1734,0.9049,0.1998,-0.1839,0.9624,0.2992,-0.1925,0.9346,-0.2276,0.0050,0.3496,Dark,
64.1927,6.9370,8.2422,0.0000,0.0000,0.3913,-0.1835,0.9018,0.2010,-0.1945,0.9601,0.3011,-0.2030,0.9317,-0.2273,0.0042,0.3498,Dark,
64.2037,6.9226,8.2316,0.0000,0.0000,0.3944,-0.1937,0.8983,0.2016,-0.2050,0.9578,0.3030,-0.2135,0.9287,-0.2270,0.0035,0.3502,Dark,
64.2153,6.9260,8.2150,0.0000,0.0000,0.3966,-0.2004,0.8958,0.2028,-0.2120,0.9560,0.3048,-0.2205,0.9265,-0.2267,0.0029,0.3505,Dark,
64.2261,6.9291,8.2045,0.0000,0.0000,0.3985,-0.2065,0.8936,0.2037,-0.2182,0.9544,0.3062,-0.2267,0.9246,-0.2264,0.0023,0.3508,Dark,
64.2374,6.9048,8.1979,0.0000,0.0000,0.4010,-0.2125,0.8911,0.2046,-0.2244,0.9528,0.3080,-0.2330,0.9224,-0.2261,0.0016,0.3512,Dark,
64.2483,6.8789,8.2022,0.0000,0.0000,0.4030,-0.2159,0.8894,0.2060,-0.2278,0.9517,0.3097,-0.2365,0.9210,-0.2258,0.0010,0.3515,Dark,
64.2600,6.8574,8.2062,0.0000,0.0000,0.4045,-0.2201,0.8877,0.2072,-0.2321,0.9504,0.3110,-0.2407,0.9194,-0.2255,0.0004,0.3519,Dark,
64.2706,6.8526,8.2003,0.0000,0.0000,0.4061,-0.2230,0.8862,0.2083,-0.2351,0.9494,0.3124,-0.2438,0.9181,-0.2253,-0.0002,0.3522,Dark,
64.2818,6.8639,8.1925,0.0000,0.0000,0.4074,-0.2261,0.8848,0.2094,-0.2382,0.9484,0.3136,-0.2469,0.9169,-0.2250,-0.0008,0.3526,Dark,
64.2930,6.8745,8.1926,0.0000,0.0000,0.4082,-0.2288,0.8838,0.2099,-0.2409,0.9476,0.3143,-0.2496,0.9159,-0.2247,-0.0014,0.3529,Dark,
64.3044,6.9013,8.2077,0.0000,0.0000,0.4087,-0.2327,0.8825,0.2100,-0.2449,0.9465,0.3146,-0.2536,0.9147,-0.2245,-0.0019,0.3533,Dark,
64.3151,6.9223,8.2203,0.0000,0.0000,0.4078,-0.2402,0.8809,0.2092,-0.2526,0.9447,0.3137,-0.2612,0.9129,-0.2243,-0.0025,0.3536,Dark,
64.3263,6.9585,8.2394,0.0000,0.0000,0.3920,-0.2713,0.8791,0.1910,-0.2837,0.9397,0.2964,-0.2924,0.9092,-0.2241,-0.0031,0.3540,Dark,
64.3375,6.9737,8.2765,0.0000,0.0000,0.3889,-0.2779,0.8784,0.1862,-0.2903,0.9386,0.2924,-0.2991,0.9083,-0.2238,-0.0037,0.3543,Dark,
64.3487,6.9795,8.3060,0.0000,0.0000,0.3863,-0.2846,0.8774,0.1823,-0.2970,0.9373,0.2891,-0.3059,0.9071,-0.2236,-0.0043,0.3547,Dark,
64.3601,6.9839,8.3087,0.0000,0.0000,0.3838,-0.2921,0.8760,0.1768,-0.3045,0.9359,0.2851,-0.3136,0.9057,-0.2234,-0.0049,0.3550,Dark,
64.3709,6.9845,8.3015,0.0000,0.0000,0.3832,-0.2966,0.8748,0.1746,-0.3090,0.9349,0.2837,-0.3182,0.9046,-0.2231,-0.0055,0.3553,Dark,
64.3820,6.9700,8.2929,0.0000,0.0000,0.3841,-0.2987,0.8736,0.1745,-0.3111,0.9342,0.2842,-0.3204,0.9037,-0.2229,-0.0061,0.3557,Dark,
64.3932,6.9559,8.2638,0.0000,0.0000,0.3844,-0.3005,0.8729,0.1724,-0.3130,0.9340,0.2834,-0.3225,0.9032,-0.2227,-0.0068,0.3560,Dark,
64.4044,6.9545,8.2451,0.0000,0.0000,0.3842,-0.3051,0.8714,0.1709,-0.3176,0.9327,0.2825,-0.3272,0.9017,-0.2224,-0.0074,0.3563,Dark,
64.4158,6.9522,8.2305,0.0000,0.0000,0.3859,-0.3068,0.8701,0.1719,-0.3192,0.9320,0.2839,-0.3289,0.9007,-0.2222,-0.0081,0.3565,Dark,
64.4265,6.9598,8.2236,0.0000,0.0000,0.3869,-0.3092,0.8687,0.1715,-0.3217,0.9312,0.2842,-0.3315,0.8996,-0.2220,-0.0088,0.3568,Dark,
64.4378,6.9661,8.2151,0.0000,0.0000,0.3869,-0.3127,0.8675,0.1706,-0.3252,0.9301,0.2838,-0.3350,0.8984,-0.2217,-0.0095,0.3571,Dark,
64.4489,6.9554,8.2090,0.0000,0.0000,0.3893,-0.3133,0.8662,0.1724,-0.3258,0.9296,0.2860,-0.3357,0.8975,-0.2215,-0.0101,0.3573,Dark,
64.4600,6.9364,8.1992,0.0000,0.0000,0.3889,-0.3157,0.8655,0.1705,-0.3281,0.9291,0.2848,-0.3382,0.8969,-0.2212,-0.0108,0.3576,Dark,
64.4713,6.9281,8.1920,0.0000,0.0000,0.3890,-0.3187,0.8643,0.1701,-0.3312,0.9281,0.2847,-0.3414,0.8958,-0.2210,-0.0114,0.3578,Dark,
64.4823,6.9412,8.1871,0.0000,0.0000,0.3896,-0.3215,0.8630,0.1703,-0.3340,0.9270,0.2851,-0.3442,0.8946,-0.2208,-0.0119,0.3581,Dark,
64.4934,6.9651,8.2492,0.0000,0.0000,0.3865,-0.3289,0.8616,0.1660,-0.3413,0.9252,0.2813,-0.3516,0.8929,-0.2205,-0.0124,0.3583,Dark,
64.5046,6.9738,8.2776,0.0000,0.0000,0.3849,-0.3359,0.8596,0.1639,-0.3484,0.9229,0.2794,-0.3587,0.8907,-0.2203,-0.0129,0.3585,Dark,
64.5156,6.9813,8.3325,0.0000,0.0000,0.3828,-0.3444,0.8572,0.1600,-0.3569,0.9204,0.2764,-0.3673,0.8881,-0.2201,-0.0134,0.3588,Dark,
64.5268,6.9782,8.3555,0.0000,0.0000,0.3825,-0.3481,0.8558,0.1584,-0.3606,0.9192,0.2755,-0.3711,0.8868,-0.2198,-0.0139,0.3590,Dark,
64.5380,6.9758,8.3569,0.0000,0.0000,0.3821,-0.3528,0.8541,0.1567,-0.3653,0.9176,0.2744,-0.3759,0.8851,-0.2196,-0.0143,0.3592,Dark,
64.5494,6.9918,8.3382,0.0000,0.0000,0.3814,-0.3564,0.8530,0.1538,-0.3688,0.9167,0.2726,-0.3796,0.8841,-0.2194,-0.0147,0.3594,Dark,
64.5602,6.9920,8.3216,0.0000,0.0000,0.3821,-0.3590,0.8515,0.1537,-0.3715,0.9156,0.2729,-0.3824,0.8828,-0.2192,-0.0152,0.3596,Dark,
64.5715,6.9919,8.3191,0.0000,0.0000,0.3823,-0.3613,0.8505,0.1534,-0.3738,0.9147,0.2729,-0.3847,0.8818,-0.2190,-0.0156,0.3597,Dark,
64.5824,6.9693,8.3220,0.0000,0.0000,0.3811,-0.3664,0.8488,0.1515,-0.3788,0.9130,0.2713,-0.3898,0.8800,-0.2188,-0.0160,0.3599,Dark,
64.5937,6.9619,8.3164,0.0000,0.0000,0.3841,-0.3646,0.8483,0.1543,-0.3771,0.9132,0.2743,-0.3881,0.8799,-0.2185,-0.0164,0.3600,Dark,
64.6051,6.9570,8.3130,0.0000,0.0000,0.3825,-0.3709,0.8462,0.1525,-0.3833,0.9109,0.2725,-0.3943,0.8776,-0.2184,-0.0168,0.3601,Dark,
64.6159,6.9507,8.2894,0.0000,0.0000,0.3835,-0.3724,0.8451,0.1534,-0.3849,0.9101,0.2735,-0.3960,0.8766,-0.2181,-0.0173,0.3602,Dark,
64.6270,6.9503,8.2818,0.0000,0.0000,0.3844,-0.3749,0.8436,0.1544,-0.3875,0.9089,0.2744,-0.3985,0.8752,-0.2179,-0.0178,0.3603,Dark,
64.6382,6.9300,8.2769,0.0000,0.0000,0.3857,-0.3770,0.8421,0.1557,-0.3896,0.9077,0.2757,-0.4006,0.8738,-0.2176,-0.0183,0.3603,Dark,
64.6494,6.9057,8.2720,0.0000,0.0000,0.3872,-0.3779,0.8410,0.1574,-0.3906,0.9070,0.2773,-0.4015,0.8729,-0.2174,-0.0188,0.3604,Dark,
64.6605,6.9010,8.2485,0.0000,0.0000,0.3884,-0.3794,0.8398,0.1589,-0.3922,0.9061,0.2786,-0.4030,0.8717,-0.2171,-0.0192,0.3605,Dark,
64.6716,6.9087,8.2288,0.0000,0.0000,0.3896,-0.3800,0.8389,0.1605,-0.3929,0.9055,0.2801,-0.4037,0.8710,-0.2169,-0.0195,0.3607,Dark,
64.6828,6.9225,8.2024,0.0000,0.0000,0.3904,-0.3800,0.8385,0.1620,-0.3929,0.9052,0.2812,-0.4036,0.8706,-0.2166,-0.0199,0.3609,Dark,
64.6941,6.9260,8.1880,0.0000,0.0000,0.3910,-0.3809,0.8379,0.1628,-0.3938,0.9047,0.2818,-0.4045,0.8700,-0.2164,-0.0202,0.3610,Dark,
64.7053,6.9072,8.1785,0.0000,0.0000,0.3915,-0.3819,0.8371,0.1638,-0.3948,0.9041,0.2826,-0.4055,0.8693,-0.2162,-0.0205,0.3611,Dark,
64.7161,6.8817,8.1507,0.0000,0.0000,0.3916,-0.3823,0.8370,0.1646,-0.3950,0.9038,0.2830,-0.4057,0.8691,-0.2159,-0.0208,0.3612,Dark,
64.7273,6.8757,8.1544,0.0000,0.0000,0.3918,-0.3834,0.8364,0.1652,-0.3960,0.9033,0.2834,-0.4068,0.8685,-0.2157,-0.0211,0.3613,Dark,
64.7384,6.8648,8.1588,0.0000,0.0000,0.3922,-0.3843,0.8358,0.1660,-0.3969,0.9027,0.2839,-0.4076,0.8679,-0.2155,-0.0214,0.3615,Dark,
64.7497,6.8499,8.1613,0.0000,0.0000,0.3920,-0.3841,0.8359,0.1668,-0.3966,0.9027,0.2842,-0.4073,0.8679,-0.2152,-0.0217,0.3616,Dark,
64.7607,6.8434,8.1655,0.0000,0.0000,0.3922,-0.3850,0.8355,0.1671,-0.3974,0.9023,0.2845,-0.4081,0.8675,-0.2150,-0.0219,0.3617,Dark,
64.7718,6.8332,8.1679,0.0000,0.0000,0.3923,-0.3853,0.8352,0.1676,-0.3977,0.9021,0.2847,-0.4084,0.8673,-0.2148,-0.0221,0.3618,Dark,
64.7829,6.8378,8.1514,0.0000,0.0000,0.3918,-0.3845,0.8359,0.1675,-0.3967,0.9026,0.2844,-0.4075,0.8678,-0.2145,-0.0223,0.3620,Dark,
64.7941,6.8484,8.1437,0.0000,0.0000,0.3919,-0.3844,0.8359,0.1676,-0.3965,0.9026,0.2845,-0.4073,0.8678,-0.2143,-0.0225,0.3621,Dark,
64.8056,6.8334,8.1437,0.0000,0.0000,0.3913,-0.3836,0.8365,0.1673,-0.3955,0.9031,0.2840,-0.4064,0.8684,-0.2141,-0.0226,0.3622,Dark,
64.8165,6.8374,8.1500,0.0000,0.0000,0.3913,-0.3834,0.8366,0.1675,-0.3952,0.9032,0.2841,-0.4061,0.8685,-0.2139,-0.0228,0.3623,Dark,
64.8274,6.8399,8.1565,0.0000,0.0000,0.3913,-0.3833,0.8366,0.1678,-0.3950,0.9032,0.2842,-0.4060,0.8686,-0.2137,-0.0230,0.3624,Dark,
64.8386,6.8667,8.1740,0.0000,0.0000,0.4004,-0.3836,0.8322,0.1785,-0.3961,0.9007,0.2942,-0.4066,0.8649,-0.2135,-0.0231,0.3624,Dark,
64.8499,6.8735,8.1832,0.0000,0.0000,0.4096,-0.3854,0.8268,0.1887,-0.3989,0.8974,0.3041,-0.4089,0.8604,-0.2133,-0.0232,0.3625,Dark,
64.8610,6.8774,8.1985,0.0000,0.0000,0.4145,-0.4000,0.8174,0.1976,-0.4145,0.8883,0.3108,-0.4236,0.8508,-0.2131,-0.0233,0.3626,Dark,
64.8720,6.8745,8.2370,0.0000,0.0000,0.4276,-0.4096,0.8058,0.2152,-0.4258,0.8788,0.3262,-0.4337,0.8399,-0.2129,-0.0234,0.3627,Dark,
64.8833,6.8799,8.2574,0.0000,0.0000,0.4329,-0.4092,0.8032,0.2221,-0.4259,0.8771,0.3324,-0.4335,0.8376,-0.2127,-0.0235,0.3628,Dark,
64.8945,6.8851,8.2619,0.0000,0.0000,0.4325,-0.4134,0.8012,0.2227,-0.4302,0.8748,0.3324,-0.4376,0.8354,-0.2126,-0.0235,0.3629,Dark,
64.9057,6.8574,8.2624,0.0000,0.0000,0.4343,-0.4160,0.7989,0.2266,-0.4330,0.8724,0.3352,-0.4401,0.8330,-0.2124,-0.0235,0.3629,Dark,
64.9167,6.8468,8.2600,0.0000,0.0000,0.4347,-0.4144,0.7995,0.2277,-0.4313,0.8730,0.3359,-0.4384,0.8336,-0.2123,-0.0236,0.3630,Dark,
64.9277,6.8382,8.2582,0.0000,0.0000,0.4331,-0.4157,0.7998,0.2265,-0.4324,0.8728,0.3345,-0.4396,0.8336,-0.2121,-0.0236,0.3630,Dark,
64.9389,6.8646,8.2526,0.0000,0.0000,0.4326,-0.4143,0.8008,0.2266,-0.4308,0.8735,0.3343,-0.4380,0.8345,-0.2120,-0.0236,0.3630,Dark,
64.9501,6.8717,8.2483,0.0000,0.0000,0.4331,-0.4128,0.8013,0.2274,-0.4292,0.8741,0.3349,-0.4365,0.8351,-0.2120,-0.0237,0.3631,Dark,
64.9616,6.8766,8.2366,0.0000,0.0000,0.4322,-0.4131,0.8016,0.2267,-0.4295,0.8742,0.3340,-0.4367,0.8353,-0.2119,-0.0237,0.3631,Dark,
64.9723,6.8863,8.2312,0.0000,0.0000,0.4320,-0.4112,0.8027,0.2270,-0.4274,0.8751,0.3341,-0.4347,0.8363,-0.2118,-0.0237,0.3632,Dark,
64.9836,6.8826,8.2358,0.0000,0.0000,0.4328,-0.4100,0.8028,0.2282,-0.4263,0.8754,0.3351,-0.4335,0.8365,-0.2118,-0.0238,0.3632,Dark,
64.9945,6.8800,8.2451,0.0000,0.0000,0.4320,-0.4108,0.8029,0.2274,-0.4269,0.8752,0.3343,-0.4342,0.8365,-0.2117,-0.0238,0.3632,Dark,
65.0057,6.8978,8.2644,0.0000,0.0000,0.4315,-0.4097,0.8037,0.2273,-0.4257,0.8758,0.3340,-0.4331,0.8372,-0.2117,-0.0239,0.3633,Dark,
65.0171,6.8999,8.2723,0.0000,0.0000,0.4319,-0.4094,0.8037,0.2278,-0.4254,0.8759,0.3344,-0.4328,0.8372,-0.2116,-0.0239,0.3633,Dark,
65.0280,6.9014,8.2697,0.0000,0.0000,0.4310,-0.4103,0.8037,0.2269,-0.4263,0.8757,0.3335,-0.4336,0.8371,-0.2116,-0.0240,0.3633,Dark,
65.0391,6.8823,8.2732,0.0000,0.0000,0.4315,-0.4103,0.8034,0.2275,-0.4263,0.8755,0.3341,-0.4336,0.8369,-0.2116,-0.0240,0.3633,Dark,
65.0504,6.8754,8.2783,0.0000,0.0000,0.4312,-0.4104,0.8035,0.2272,-0.4263,0.8756,0.3338,-0.4337,0.8370,-0.2115,-0.0241,0.3633,Dark,
65.0615,6.8708,8.3052,0.0000,0.0000,0.4314,-0.4100,0.8036,0.2272,-0.4259,0.8758,0.3339,-0.4333,0.8371,-0.2114,-0.0241,0.3633,Dark,
65.0730,6.8994,8.3342,0.0000,0.0000,0.4318,-0.4089,0.8040,0.2271,-0.4248,0.8764,0.3341,-0.4322,0.8376,-0.2114,-0.0241,0.3633,Dark,
65.0840,6.9198,8.3370,0.0000,0.0000,0.4300,-0.4101,0.8043,0.2248,-0.4258,0.8764,0.3320,-0.4334,0.8378,-0.2114,-0.0242,0.3634,Dark,
65.0948,6.9357,8.3367,0.0000,0.0000,0.4211,-0.4196,0.8041,0.2140,-0.4348,0.8747,0.3220,-0.4427,0.8368,-0.2113,-0.0242,0.3634,Dark,
65.1059,6.9588,8.3204,0.0000,0.0000,0.4147,-0.4257,0.8042,0.2052,-0.4405,0.8740,0.3144,-0.4487,0.8365,-0.2113,-0.0242,0.3634,Dark,
65.1175,6.9445,8.3098,0.0000,0.0000,0.4144,-0.4250,0.8047,0.2039,-0.4397,0.8747,0.3136,-0.4481,0.8372,-0.2112,-0.0243,0.3634,Dark,
65.1282,6.9315,8.3199,0.0000,0.0000,0.4142,-0.4236,0.8056,0.2026,-0.4382,0.8758,0.3128,-0.4467,0.8382,-0.2111,-0.0243,0.3634,Dark,
65.1394,6.9316,8.3163,0.0000,0.0000,0.4131,-0.4237,0.8061,0.1997,-0.4382,0.8764,0.3108,-0.4469,0.8388,-0.2111,-0.0243,0.3633,Dark,
65.1506,6.9264,8.3060,0.0000,0.0000,0.4138,-0.4232,0.8060,0.1998,-0.4376,0.8767,0.3113,-0.4465,0.8389,-0.2110,-0.0243,0.3633,Dark,
65.1618,6.9332,8.3135,0.0000,0.0000,0.4154,-0.4209,0.8064,0.2002,-0.4354,0.8777,0.3124,-0.4443,0.8396,-0.2109,-0.0243,0.3633,Dark,
65.1728,6.9403,8.3151,0.0000,0.0000,0.4118,-0.4241,0.8066,0.1957,-0.4384,0.8772,0.3083,-0.4474,0.8395,-0.2109,-0.0243,0.3633,Dark,
65.1840,6.9449,8.3055,0.0000,0.0000,0.4122,-0.4234,0.8067,0.1955,-0.4377,0.8776,0.3084,-0.4468,0.8398,-0.2108,-0.0243,0.3633,Dark,
65.1951,6.9616,8.2914,0.0000,0.0000,0.4134,-0.4218,0.8070,0.1956,-0.4361,0.8784,0.3091,-0.4453,0.8403,-0.2107,-0.0243,0.3632,Dark,
65.2062,6.9549,8.2837,0.0000,0.0000,0.4143,-0.4209,0.8070,0.1961,-0.4353,0.8787,0.3099,-0.4445,0.8405,-0.2107,-0.0242,0.3632,Dark,
65.2175,6.9476,8.2898,0.0000,0.0000,0.4151,-0.4198,0.8071,0.1965,-0.4342,0.8791,0.3105,-0.4434,0.8408,-0.2106,-0.0241,0.3632,Dark,
65.2296,6.9193,8.2924,0.0000,0.0000,0.4162,-0.4184,0.8073,0.1968,-0.4330,0.8797,0.3112,-0.4422,0.8412,-0.2105,-0.0241,0.3632,Dark,
65.2396,6.9258,8.2886,0.0000,0.0000,0.4168,-0.4176,0.8074,0.1972,-0.4322,0.8800,0.3117,-0.4414,0.8414,-0.2105,-0.0240,0.3632,Dark,
65.2511,6.9331,8.3065,0.0000,0.0000,0.4171,-0.4166,0.8077,0.1970,-0.4312,0.8805,0.3118,-0.4405,0.8419,-0.2105,-0.0240,0.3632,Dark,
65.2619,6.9319,8.3239,0.0000,0.0000,0.4172,-0.4157,0.8082,0.1962,-0.4303,0.8811,0.3114,-0.4397,0.8424,-0.2104,-0.0239,0.3632,Dark,
65.2732,6.9275,8.3265,0.0000,0.0000,0.4173,-0.4152,0.8084,0.1959,-0.4297,0.8815,0.3114,-0.4392,0.8427,-0.2104,-0.0239,0.3632,Dark,
65.2842,6.9225,8.3270,0.0000,0.0000,0.4174,-0.4149,0.8084,0.1956,-0.4295,0.8816,0.3113,-0.4390,0.8428,-0.2104,-0.0238,0.3632,Dark,
65.2953,6.9301,8.3210,0.0000,0.0000,0.4176,-0.4143,0.8087,0.1953,-0.4288,0.8820,0.3112,-0.4383,0.8432,-0.2104,-0.0238,0.3632,Dark,
65.3065,6.9232,8.3182,0.0000,0.0000,0.4177,-0.4138,0.8089,0.1953,-0.4283,0.8823,0.3113,-0.4379,0.8434,-0.2104,-0.0237,0.3632,Dark,
65.3177,6.9174,8.3452,0.0000,0.0000,0.4177,-0.4133,0.8091,0.1951,-0.4279,0.8825,0.3112,-0.4374,0.8437,-0.2103,-0.0237,0.3632,Dark,
65.3290,6.9147,8.3673,0.0000,0.0000,0.4176,-0.4128,0.8095,0.1946,-0.4273,0.8829,0.3109,-0.4369,0.8441,-0.2103,-0.0236,0.3632,Dark,
65.3399,6.9078,8.3652,0.0000,0.0000,0.4178,-0.4122,0.8097,0.1946,-0.4268,0.8832,0.3110,-0.4364,0.8443,-0.2103,-0.0236,0.3632,Dark,
65.3510,6.9031,8.3676,0.0000,0.0000,0.4178,-0.4117,0.8099,0.1946,-0.4262,0.8834,0.3111,-0.4359,0.8445,-0.2103,-0.0235,0.3632,Dark,
65.3623,6.8967,8.3632,0.0000,0.0000,0.4178,-0.4113,0.8101,0.1945,-0.4258,0.8837,0.3110,-0.4354,0.8448,-0.2102,-0.0235,0.3632,Dark,
65.3735,6.9082,8.3614,0.0000,0.0000,0.4178,-0.4109,0.8103,0.1944,-0.4254,0.8839,0.3110,-0.4351,0.8450,-0.2102,-0.0235,0.3633,Dark,
65.3851,6.9184,8.3572,0.0000,0.0000,0.4178,-0.4105,0.8105,0.1944,-0.4250,0.8841,0.3110,-0.4347,0.8452,-0.2102,-0.0234,0.3633,Dark,
65.3955,6.9303,8.3397,0.0000,0.0000,0.4172,-0.4101,0.8110,0.1938,-0.4245,0.8844,0.3104,-0.4342,0.8456,-0.2102,-0.0234,0.3633,Dark,
65.4068,6.9330,8.3290,0.0000,0.0000,0.4170,-0.4099,0.8113,0.1936,-0.4242,0.8846,0.3101,-0.4340,0.8459,-0.2102,-0.0234,0.3633,Dark,
65.4180,6.9339,8.3340,0.0000,0.0000,0.4167,-0.4095,0.8116,0.1934,-0.4238,0.8849,0.3099,-0.4335,0.8462,-0.2102,-0.0233,0.3633,Dark,
65.4292,6.9444,8.3297,0.0000,0.0000,0.4166,-0.4088,0.8120,0.1933,-0.4231,0.8852,0.3098,-0.4328,0.8466,-0.2102,-0.0233,0.3632,Dark,
65.4405,6.9322,8.3220,0.0000,0.0000,0.4165,-0.4083,0.8123,0.1933,-0.4226,0.8855,0.3098,-0.4324,0.8468,-0.2102,-0.0232,0.3633,Dark,
65.4513,6.9218,8.3188,0.0000,0.0000,0.4165,-0.4079,0.8125,0.1932,-0.4221,0.8857,0.3097,-0.4319,0.8471,-0.2102,-0.0231,0.3633,Dark,
65.4627,6.9091,8.3098,0.0000,0.0000,0.4163,-0.4072,0.8130,0.1930,-0.4213,0.8861,0.3095,-0.4311,0.8476,-0.2102,-0.0231,0.3632,Dark,
65.4737,6.9124,8.3067,0.0000,0.0000,0.4162,-0.4064,0.8134,0.1930,-0.4206,0.8865,0.3094,-0.4304,0.8479,-0.2102,-0.0230,0.3632,Dark,
65.4848,6.9169,8.3101,0.0000,0.0000,0.4163,-0.4055,0.8138,0.1930,-0.4197,0.8869,0.3095,-0.4295,0.8484,-0.2102,-0.0229,0.3632,Dark,
65.4959,6.9434,8.3015,0.0000,0.0000,0.4166,-0.4042,0.8143,0.1934,-0.4183,0.8875,0.3098,-0.4281,0.8490,-0.2101,-0.0228,0.3632,Dark,
65.5070,6.9451,8.2922,0.0000,0.0000,0.4169,-0.4030,0.8148,0.1938,-0.4171,0.8880,0.3102,-0.4269,0.8494,-0.2101,-0.0226,0.3632,Dark,
65.5180,6.9452,8.2825,0.0000,0.0000,0.4172,-0.4019,0.8151,0.1942,-0.4161,0.8883,0.3106,-0.4259,0.8498,-0.2101,-0.0225,0.3632,Dark,
65.5295,6.9395,8.2732,0.0000,0.0000,0.4176,-0.4004,0.8156,0.1950,-0.4146,0.8889,0.3112,-0.4244,0.8503,-0.2100,-0.0224,0.3632,Dark,
65.5403,6.9456,8.2735,0.0000,0.0000,0.4184,-0.3988,0.8160,0.1960,-0.4131,0.8894,0.3120,-0.4228,0.8508,-0.2100,-0.0222,0.3632,Dark,
65.5515,6.9515,8.2928,0.0000,0.0000,0.4190,-0.3973,0.8165,0.1967,-0.4116,0.8899,0.3128,-0.4213,0.8513,-0.2099,-0.0221,0.3632,Dark,
65.5629,6.9272,8.3180,0.0000,0.0000,0.4195,-0.3953,0.8172,0.1977,-0.4096,0.8906,0.3135,-0.4193,0.8520,-0.2097,-0.0219,0.3632,Dark,
65.5737,6.9245,8.3241,0.0000,0.0000,0.4203,-0.3937,0.8175,0.1988,-0.4080,0.8911,0.3145,-0.4176,0.8525,-0.2096,-0.0217,0.3633,Dark,
65.5849,6.9223,8.3282,0.0000,0.0000,0.4211,-0.3924,0.8177,0.1999,-0.4067,0.8914,0.3154,-0.4163,0.8528,-0.2094,-0.0216,0.3634,Dark,
65.5962,6.9410,8.3309,0.0000,0.0000,0.4216,-0.3914,0.8180,0.2011,-0.4057,0.8916,0.3162,-0.4153,0.8530,-0.2091,-0.0215,0.3634,Dark,
65.6071,6.9413,8.3319,0.0000,0.0000,0.4228,-0.3901,0.8180,0.2027,-0.4044,0.8918,0.3176,-0.4139,0.8531,-0.2089,-0.0214,0.3635,Dark,
65.6182,6.9403,8.3421,0.0000,0.0000,0.4236,-0.3906,0.8173,0.2050,-0.4051,0.8910,0.3192,-0.4144,0.8523,-0.2086,-0.0212,0.3635,Dark,
65.6296,6.9373,8.3516,0.0000,0.0000,0.4369,-0.3941,0.8086,0.2240,-0.4099,0.8842,0.3353,-0.4181,0.8442,-0.2084,-0.0212,0.3635,Dark,
65.6405,6.9145,8.3519,0.0000,0.0000,0.4475,-0.3936,0.8030,0.2375,-0.4104,0.8804,0.3474,-0.4180,0.8394,-0.2081,-0.0210,0.3637,Dark,
65.6517,6.8964,8.3584,0.0000,0.0000,0.4520,-0.3954,0.7996,0.2458,-0.4125,0.8772,0.3538,-0.4196,0.8359,-0.2078,-0.0209,0.3638,Dark,
65.6630,6.8311,8.3636,0.0000,0.0000,0.4547,-0.3946,0.7984,0.2549,-0.4116,0.8750,0.3594,-0.4182,0.8342,-0.2075,-0.0209,0.3639,Dark,
65.6742,6.8309,8.3643,0.0000,0.0000,0.4572,-0.3920,0.7983,0.2603,-0.4089,0.8747,0.3633,-0.4154,0.8339,-0.2072,-0.0208,0.3640,Dark,
65.6854,6.8344,8.3735,0.0000,0.0000,0.4569,-0.3922,0.7984,0.2626,-0.4087,0.8741,0.3642,-0.4152,0.8336,-0.2069,-0.0207,0.3641,Dark,
65.6964,6.8315,8.3847,0.0000,0.0000,0.4561,-0.3924,0.7987,0.2660,-0.4085,0.8731,0.3654,-0.4148,0.8333,-0.2066,-0.0207,0.3641,Dark,
65.7074,6.8579,8.3880,0.0000,0.0000,0.4569,-0.3931,0.7980,0.2689,-0.4090,0.8720,0.3671,-0.4153,0.8323,-0.2064,-0.0207,0.3642,Dark,
65.7186,6.8780,8.3747,0.0000,0.0000,0.4553,-0.3941,0.7984,0.2690,-0.4096,0.8717,0.3663,-0.4159,0.8324,-0.2061,-0.0208,0.3642,Dark,
65.7300,6.8805,8.3659,0.0000,0.0000,0.4528,-0.3941,0.7997,0.2691,-0.4092,0.8719,0.3650,-0.4155,0.8332,-0.2058,-0.0208,0.3642,Dark,
65.7409,6.8919,8.3696,0.0000,0.0000,0.4527,-0.3940,0.7999,0.2701,-0.4089,0.8717,0.3653,-0.4152,0.8332,-0.2055,-0.0207,0.3642,Dark,
65.7519,6.8993,8.3678,0.0000,0.0000,0.4518,-0.3942,0.8003,0.2701,-0.4088,0.8717,0.3648,-0.4151,0.8334,-0.2053,-0.0207,0.3642,Dark,
65.7631,6.8909,8.3780,0.0000,0.0000,0.4495,-0.3936,0.8019,0.2694,-0.4078,0.8724,0.3632,-0.4142,0.8346,-0.2050,-0.0207,0.3640,Dark,
65.7742,6.8974,8.3857,0.0000,0.0000,0.4495,-0.3935,0.8020,0.2699,-0.4076,0.8724,0.3635,-0.4140,0.8346,-0.2047,-0.0206,0.3639,Dark,
65.7855,6.9020,8.3822,0.0000,0.0000,0.4486,-0.3947,0.8019,0.2693,-0.4087,0.8720,0.3627,-0.4151,0.8343,-0.2045,-0.0207,0.3636,Dark,
65.7965,6.9199,8.3740,0.0000,0.0000,0.4482,-0.3947,0.8021,0.2694,-0.4085,0.8721,0.3625,-0.4150,0.8345,-0.2042,-0.0207,0.3633,Dark,
65.8078,6.9182,8.3689,0.0000,0.0000,0.4484,-0.3941,0.8023,0.2697,-0.4077,0.8724,0.3628,-0.4143,0.8347,-0.2039,-0.0206,0.3631,Dark,
65.8233,6.9090,8.3776,0.0000,0.0000,0.4485,-0.3921,0.8032,0.2699,-0.4055,0.8733,0.3629,-0.4122,0.8357,-0.2037,-0.0205,0.3628,Dark,
65.8299,6.9033,8.3779,0.0000,0.0000,0.4487,-0.3908,0.8037,0.2701,-0.4040,0.8740,0.3631,-0.4108,0.8363,-0.2034,-0.0204,0.3625,Dark,
65.8413,6.9077,8.3781,0.0000,0.0000,0.4492,-0.3890,0.8043,0.2706,-0.4021,0.8747,0.3636,-0.4090,0.8370,-0.2030,-0.0202,0.3622,Dark,
65.8522,6.9125,8.3753,0.0000,0.0000,0.4495,-0.3874,0.8049,0.2707,-0.4003,0.8755,0.3638,-0.4073,0.8377,-0.2027,-0.0199,0.3618,Dark,
65.8638,6.9323,8.3629,0.0000,0.0000,0.4504,-0.3846,0.8057,0.2713,-0.3973,0.8767,0.3646,-0.4045,0.8387,-0.2023,-0.0197,0.3615,Dark,
65.8745,6.9405,8.3559,0.0000,0.0000,0.4516,-0.3825,0.8061,0.2725,-0.3950,0.8773,0.3657,-0.4023,0.8393,-0.2018,-0.0193,0.3612,Dark,
65.8856,6.9460,8.3622,0.0000,0.0000,0.4524,-0.3802,0.8067,0.2732,-0.3925,0.8782,0.3665,-0.3999,0.8401,-0.2014,-0.0190,0.3608,Dark,
65.8974,6.9342,8.3758,0.0000,0.0000,0.4536,-0.3771,0.8075,0.2739,-0.3891,0.8795,0.3675,-0.3967,0.8412,-0.2009,-0.0186,0.3604,Dark,
65.9086,6.9294,8.3823,0.0000,0.0000,0.4548,-0.3741,0.8082,0.2750,-0.3859,0.8806,0.3686,-0.3936,0.8421,-0.2004,-0.0181,0.3600,Dark,
65.9190,6.9258,8.3758,0.0000,0.0000,0.4561,-0.3715,0.8087,0.2760,-0.3829,0.8816,0.3698,-0.3909,0.8429,-0.1999,-0.0176,0.3596,Dark,
65.9308,6.8969,8.3572,0.0000,0.0000,0.4575,-0.3687,0.8092,0.2771,-0.3799,0.8825,0.3711,-0.3880,0.8436,-0.1993,-0.0171,0.3593,Dark,
65.9417,6.8973,8.3479,0.0000,0.0000,0.4593,-0.3659,0.8094,0.2787,-0.3769,0.8833,0.3727,-0.3852,0.8442,-0.1987,-0.0166,0.3589,Dark,
65.9525,6.8982,8.3505,0.0000,0.0000,0.4611,-0.3630,0.8097,0.2803,-0.3736,0.8842,0.3745,-0.3821,0.8449,-0.1981,-0.0161,0.3586,Dark,
65.9636,6.9080,8.3613,0.0000,0.0000,0.4631,-0.3595,0.8101,0.2819,-0.3699,0.8852,0.3763,-0.3786,0.8456,-0.1974,-0.0156,0.3583,Dark,
65.9749,6.9261,8.3671,0.0000,0.0000,0.4652,-0.3562,0.8104,0.2839,-0.3664,0.8861,0.3784,-0.3752,0.8462,-0.1967,-0.0150,0.3580,Dark,
65.9859,6.9599,8.3843,0.0000,0.0000,0.4673,-0.3532,0.8105,0.2855,-0.3632,0.8869,0.3802,-0.3721,0.8467,-0.1959,-0.0146,0.3577,Dark,
65.9974,6.9755,8.3846,0.0000,0.0000,0.4694,-0.3506,0.8104,0.2874,-0.3603,0.8875,0.3822,-0.3695,0.8470,-0.1951,-0.0142,0.3575,Dark,
66.0083,6.9854,8.3844,0.0000,0.0000,0.4714,-0.3482,0.8103,0.2893,-0.3576,0.8879,0.3842,-0.3670,0.8472,-0.1944,-0.0137,0.3572,Dark,
66.0193,6.9966,8.3692,0.0000,0.0000,0.4731,-0.3462,0.8101,0.2904,-0.3553,0.8885,0.3856,-0.3649,0.8475,-0.1936,-0.0134,0.3568,Dark,
66.0305,6.9997,8.3631,0.0000,0.0000,0.4755,-0.3446,0.8095,0.2927,-0.3533,0.8885,0.3879,-0.3631,0.8472,-0.1927,-0.0131,0.3565,Dark,
66.0422,7.0009,8.3678,0.0000,0.0000,0.4773,-0.3436,0.8088,0.2943,-0.3521,0.8885,0.3896,-0.3620,0.8468,-0.1918,-0.0128,0.3562,Dark,
66.0527,6.9871,8.3885,0.0000,0.0000,0.4783,-0.3433,0.8083,0.2949,-0.3513,0.8886,0.3904,-0.3615,0.8467,-0.1909,-0.0126,0.3558,Dark,
66.0638,6.9797,8.3969,0.0000,0.0000,0.4804,-0.3428,0.8073,0.2970,-0.3506,0.8882,0.3925,-0.3610,0.8459,-0.1900,-0.0125,0.3554,Dark,
66.0754,6.9737,8.3959,0.0000,0.0000,0.4819,-0.3432,0.8062,0.2983,-0.3506,0.8877,0.3939,-0.3612,0.8452,-0.1891,-0.0124,0.3551,Dark,
66.0861,6.9634,8.3827,0.0000,0.0000,0.4834,-0.3434,0.8052,0.2994,-0.3505,0.8874,0.3952,-0.3613,0.8446,-0.1882,-0.0124,0.3547,Dark,
66.0978,6.9656,8.3733,0.0000,0.0000,0.4849,-0.3442,0.8040,0.3010,-0.3509,0.8867,0.3967,-0.3619,0.8436,-0.1872,-0.0124,0.3543,Dark,
66.1090,6.9682,8.3622,0.0000,0.0000,0.4863,-0.3455,0.8026,0.3023,-0.3519,0.8859,0.3980,-0.3631,0.8425,-0.1862,-0.0124,0.3539,Dark,
66.1199,6.9681,8.3475,0.0000,0.0000,0.4875,-0.3469,0.8013,0.3029,-0.3529,0.8853,0.3989,-0.3643,0.8415,-0.1852,-0.0125,0.3535,Dark,
66.1310,6.9709,8.3430,0.0000,0.0000,0.4892,-0.3485,0.7995,0.3045,-0.3541,0.8843,0.4005,-0.3658,0.8401,-0.1841,-0.0127,0.3530,Dark,
66.1421,6.9729,8.3369,0.0000,0.0000,0.4912,-0.3507,0.7974,0.3054,-0.3559,0.8832,0.4019,-0.3679,0.8385,-0.1830,-0.0128,0.3526,Dark,
66.1531,6.9922,8.3382,0.0000,0.0000,0.4935,-0.3528,0.7950,0.3057,-0.3575,0.8825,0.4033,-0.3700,0.8370,-0.1819,-0.0131,0.3522,Dark,
66.1644,7.0026,8.3435,0.0000,0.0000,0.4959,-0.3557,0.7922,0.3075,-0.3599,0.8809,0.4054,-0.3727,0.8347,-0.1808,-0.0135,0.3518,Dark,
66.1757,7.0105,8.3274,0.0000,0.0000,0.4984,-0.3594,0.7890,0.3092,-0.3632,0.8789,0.4074,-0.3763,0.8321,-0.1796,-0.0139,0.3515,Dark,
66.1864,7.0141,8.3145,0.0000,0.0000,0.5008,-0.3632,0.7856,0.3100,-0.3665,0.8772,0.4091,-0.3801,0.8296,-0.1785,-0.0145,0.3511,Dark,
66.1979,7.0052,8.3151,0.0000,0.0000,0.5035,-0.3679,0.7818,0.3122,-0.3709,0.8746,0.4115,-0.3847,0.8262,-0.1774,-0.0152,0.3507,Dark,
66.2092,7.0055,8.2756,0.0000,0.0000,0.5057,-0.3731,0.7778,0.3132,-0.3758,0.8722,0.4131,-0.3899,0.8230,-0.1762,-0.0160,0.3504,Dark,
66.2198,7.0129,8.2896,0.0000,0.0000,0.5031,-0.3846,0.7740,0.3099,-0.3870,0.8684,0.4100,-0.4013,0.8191,-0.1751,-0.0169,0.3501,Dark,
66.2312,6.9997,8.3013,0.0000,0.0000,0.5116,-0.3841,0.7686,0.3198,-0.3869,0.8649,0.4193,-0.4010,0.8145,-0.1740,-0.0179,0.3498,Dark,
66.2424,6.9779,8.3625,0.0000,0.0000,0.5147,-0.3904,0.7634,0.3250,-0.3935,0.8600,0.4233,-0.4073,0.8093,-0.1729,-0.0190,0.3497,Dark,
66.2534,6.9683,8.3713,0.0000,0.0000,0.5159,-0.3995,0.7578,0.3279,-0.4028,0.8546,0.4252,-0.4163,0.8037,-0.1719,-0.0204,0.3495,Dark,
66.2643,6.9801,8.3746,0.0000,0.0000,0.5224,-0.4043,0.7508,0.3361,-0.4081,0.8488,0.4325,-0.4214,0.7971,-0.1709,-0.0218,0.3494,Dark,
66.2758,7.0025,8.3745,0.0000,0.0000,0.5281,-0.4090,0.7442,0.3443,-0.4132,0.8430,0.4395,-0.4261,0.7908,-0.1699,-0.0233,0.3493,Dark,
66.2870,7.0102,8.3559,0.0000,0.0000,0.5297,-0.4195,0.7372,0.3468,-0.4241,0.8366,0.4414,-0.4368,0.7838,-0.1690,-0.0251,0.3491,Dark,
66.2978,7.0242,8.3419,0.0000,0.0000,0.5336,-0.4283,0.7293,0.3520,-0.4335,0.8296,0.4459,-0.4458,0.7762,-0.1683,-0.0270,0.3488,Dark,
66.3093,7.0468,8.3244,0.0000,0.0000,0.5351,-0.4413,0.7203,0.3550,-0.4471,0.8210,0.4480,-0.4590,0.7672,-0.1675,-0.0288,0.3485,Dark,
66.3211,7.0576,8.3212,0.0000,0.0000,0.5353,-0.4566,0.7106,0.3560,-0.4632,0.8116,0.4485,-0.4745,0.7574,-0.1668,-0.0308,0.3481,Dark,
66.3314,7.0574,8.3202,0.0000,0.0000,0.5393,-0.4683,0.6999,0.3610,-0.4759,0.8020,0.4529,-0.4867,0.7470,-0.1661,-0.0327,0.3478,Dark,
66.3423,7.0336,8.3335,0.0000,0.0000,0.5407,-0.4815,0.6898,0.3627,-0.4901,0.7926,0.4544,-0.5003,0.7370,-0.1654,-0.0345,0.3477,Dark,
66.3536,7.0146,8.3331,0.0000,0.0000,0.5420,-0.4932,0.6804,0.3647,-0.5028,0.7837,0.4560,-0.5124,0.7277,-0.1648,-0.0362,0.3475,Dark,
66.3648,6.9770,8.3321,0.0000,0.0000,0.5469,-0.5006,0.6710,0.3706,-0.5114,0.7753,0.4614,-0.5204,0.7186,-0.1642,-0.0380,0.3473,Dark,
66.3757,6.9370,8.3167,0.0000,0.0000,0.5514,-0.5090,0.6609,0.3786,-0.5211,0.7650,0.4675,-0.5291,0.7082,-0.1635,-0.0396,0.3473,Dark,
66.3870,6.9315,8.3105,0.0000,0.0000,0.5526,-0.5167,0.6540,0.3807,-0.5295,0.7581,0.4690,-0.5370,0.7011,-0.1630,-0.0411,0.3473,Dark,
66.3981,6.9367,8.2945,0.0000,0.0000,0.5572,-0.5221,0.6457,0.3880,-0.5360,0.7497,0.4750,-0.5428,0.6927,-0.1625,-0.0426,0.3475,Dark,
66.4095,6.9337,8.2513,0.0000,0.0000,0.5621,-0.5241,0.6398,0.3986,-0.5389,0.7421,0.4826,-0.5447,0.6859,-0.1619,-0.0438,0.3478,Dark,
66.4204,6.9246,8.2269,0.0000,0.0000,0.5623,-0.5322,0.6329,0.4008,-0.5476,0.7345,0.4837,-0.5529,0.6785,-0.1614,-0.0452,0.3480,Dark,
66.4314,6.9024,8.2088,0.0000,0.0000,0.5708,-0.5306,0.6266,0.4121,-0.5471,0.7286,0.4936,-0.5517,0.6723,-0.1611,-0.0465,0.3481,Dark,
66.4425,6.8551,8.1706,0.0000,0.0000,0.5786,-0.5302,0.6197,0.4249,-0.5477,0.7207,0.5038,-0.5514,0.6649,-0.1607,-0.0476,0.3482,Dark,
66.4538,6.8334,8.1605,0.0000,0.0000,0.5770,-0.5400,0.6128,0.4245,-0.5580,0.7130,0.5027,-0.5613,0.6575,-0.1604,-0.0488,0.3482,Dark,
66.4648,6.7711,8.1751,0.0000,0.0000,0.5844,-0.5375,0.6080,0.4385,-0.5560,0.7061,0.5132,-0.5585,0.6517,-0.1601,-0.0497,0.3483,Dark,
66.4759,6.7521,8.1881,0.0000,0.0000,0.5845,-0.5428,0.6031,0.4415,-0.5616,0.6998,0.5147,-0.5636,0.6461,-0.1598,-0.0505,0.3487,Dark,
66.4873,6.7243,8.1997,0.0000,0.0000,0.5897,-0.5421,0.5987,0.4496,-0.5614,0.6948,0.5213,-0.5630,0.6413,-0.1596,-0.0513,0.3489,Dark,
66.4982,6.7305,8.2072,0.0000,0.0000,0.5968,-0.5370,0.5962,0.4608,-0.5567,0.6912,0.5304,-0.5578,0.6384,-0.1593,-0.0520,0.3492,Dark,
66.5095,6.7556,8.1869,0.0000,0.0000,0.5999,-0.5354,0.5946,0.4651,-0.5551,0.6896,0.5341,-0.5561,0.6367,-0.1591,-0.0527,0.3496,Dark,
66.5207,6.7666,8.1682,0.0000,0.0000,0.6039,-0.5337,0.5920,0.4704,-0.5537,0.6871,0.5388,-0.5545,0.6342,-0.1590,-0.0534,0.3499,Dark,
66.5316,6.7890,8.1977,0.0000,0.0000,0.6094,-0.5291,0.5905,0.4771,-0.5494,0.6859,0.5449,-0.5500,0.6329,-0.1589,-0.0540,0.3501,Dark,
66.5428,6.7966,8.2065,0.0000,0.0000,0.6130,-0.5277,0.5881,0.4812,-0.5483,0.6840,0.5487,-0.5487,0.6307,-0.1588,-0.0546,0.3503,Dark,
66.5540,6.7902,8.2145,0.0000,0.0000,0.6155,-0.5267,0.5863,0.4842,-0.5475,0.6825,0.5515,-0.5478,0.6291,-0.1586,-0.0551,0.3505,Dark,
66.5651,6.7900,8.2332,0.0000,0.0000,0.6204,-0.5218,0.5855,0.4896,-0.5429,0.6823,0.5567,-0.5431,0.6286,-0.1585,-0.0557,0.3507,Dark,
66.5762,6.7934,8.2395,0.0000,0.0000,0.6229,-0.5206,0.5839,0.4924,-0.5421,0.6809,0.5594,-0.5421,0.6271,-0.1584,-0.0562,0.3509,Dark,
66.5875,6.7893,8.2474,0.0000,0.0000,0.6259,-0.5169,0.5840,0.4959,-0.5386,0.6812,0.5627,-0.5385,0.6273,-0.1584,-0.0568,0.3510,Dark,
66.5984,6.7883,8.2487,0.0000,0.0000,0.6277,-0.5165,0.5825,0.4979,-0.5387,0.6797,0.5645,-0.5383,0.6257,-0.1584,-0.0573,0.3510,Dark,
66.6097,6.7869,8.2313,0.0000,0.0000,0.6290,-0.5170,0.5806,0.4992,-0.5396,0.6780,0.5659,-0.5391,0.6239,-0.1584,-0.0578,0.3511,Dark,
66.6209,6.7880,8.2147,0.0000,0.0000,0.6304,-0.5152,0.5807,0.5007,-0.5380,0.6782,0.5674,-0.5373,0.6240,-0.1584,-0.0582,0.3509,Dark,
66.6320,6.7843,8.2144,0.0000,0.0000,0.6316,-0.5152,0.5793,0.5021,-0.5382,0.6769,0.5687,-0.5375,0.6227,-0.1583,-0.0585,0.3508,Dark,
66.6431,6.7810,8.2291,0.0000,0.0000,0.6328,-0.5145,0.5786,0.5031,-0.5378,0.6765,0.5698,-0.5369,0.6221,-0.1582,-0.0588,0.3509,Dark,
66.6542,6.7677,8.2449,0.0000,0.0000,0.6349,-0.5138,0.5769,0.5048,-0.5372,0.6757,0.5717,-0.5363,0.6208,-0.1584,-0.0588,0.3510,Dark,
66.6655,6.7696,8.2448,0.0000,0.0000,0.6339,-0.5108,0.5808,0.5032,-0.5342,0.6792,0.5705,-0.5333,0.6246,-0.1583,-0.0589,0.3508,Dark,
66.6766,6.7719,8.2381,0.0000,0.0000,0.6359,-0.5082,0.5809,0.5049,-0.5319,0.6798,0.5724,-0.5309,0.6249,-0.1581,-0.0590,0.3511,Dark,
66.6876,6.7730,8.2251,0.0000,0.0000,0.6359,-0.5041,0.5844,0.5040,-0.5280,0.6835,0.5720,-0.5270,0.6285,-0.1578,-0.0589,0.3509,Dark,
66.6987,6.7591,8.2211,0.0000,0.0000,0.6365,-0.5031,0.5846,0.5044,-0.5268,0.6842,0.5725,-0.5259,0.6290,-0.1579,-0.0590,0.3510,Dark,
66.7099,6.7468,8.2121,0.0000,0.0000,0.6347,-0.5016,0.5878,0.5015,-0.5252,0.6875,0.5702,-0.5245,0.6323,-0.1577,-0.0590,0.3511,Dark,
66.7214,6.7413,8.1939,0.0000,0.0000,0.6367,-0.4987,0.5881,0.5022,-0.5224,0.6891,0.5716,-0.5218,0.6332,-0.1575,-0.0590,0.3511,Dark,
66.7322,6.7428,8.1850,0.0000,0.0000,0.6351,-0.4981,0.5904,0.4995,-0.5221,0.6914,0.5695,-0.5214,0.6355,-0.1571,-0.0590,0.3510,Dark,
66.7433,6.7452,8.1941,0.0000,0.0000,0.6358,-0.4966,0.5909,0.4995,-0.5203,0.6927,0.5698,-0.5198,0.6364,-0.1570,-0.0591,0.3512,Dark,
66.7544,6.7431,8.1975,0.0000,0.0000,0.6347,-0.4949,0.5935,0.4967,-0.5185,0.6960,0.5680,-0.5182,0.6394,-0.1567,-0.0592,0.3511,Dark,
66.7659,6.7489,8.1927,0.0000,0.0000,0.6360,-0.4940,0.5929,0.4975,-0.5178,0.6960,0.5691,-0.5175,0.6391,-0.1563,-0.0593,0.3510,Dark,
66.7767,6.7537,8.1776,0.0000,0.0000,0.6373,-0.4917,0.5933,0.4981,-0.5157,0.6971,0.5701,-0.5154,0.6398,-0.1558,-0.0593,0.3511,Dark,
66.7879,6.7270,8.1608,0.0000,0.0000,0.6379,-0.4898,0.5943,0.4969,-0.5141,0.6991,0.5699,-0.5138,0.6413,-0.1553,-0.0594,0.3510,Dark,
66.7990,6.7409,8.1602,0.0000,0.0000,0.6389,-0.4887,0.5941,0.4972,-0.5133,0.6995,0.5706,-0.5129,0.6414,-0.1549,-0.0596,0.3509,Dark,
66.8101,6.7526,8.1705,0.0000,0.0000,0.6414,-0.4878,0.5922,0.4990,-0.5129,0.6986,0.5727,-0.5124,0.6399,-0.1544,-0.0598,0.3509,Dark,
66.8214,6.7522,8.1787,0.0000,0.0000,0.6414,-0.4871,0.5927,0.4970,-0.5125,0.7002,0.5718,-0.5120,0.6410,-0.1539,-0.0600,0.3507,Dark,
66.8326,6.7600,8.1763,0.0000,0.0000,0.6434,-0.4871,0.5905,0.4984,-0.5129,0.6989,0.5736,-0.5122,0.6392,-0.1535,-0.0603,0.3505,Dark,
66.8436,6.7656,8.1990,0.0000,0.0000,0.6451,-0.4857,0.5899,0.4978,-0.5121,0.7000,0.5742,-0.5114,0.6394,-0.1530,-0.0605,0.3503,Dark,
66.8546,6.7901,8.1869,0.0000,0.0000,0.6208,-0.4969,0.6064,0.4657,-0.5213,0.7151,0.5459,-0.5220,0.6554,-0.1526,-0.0608,0.3500,Dark,
66.8663,6.8055,8.1770,0.0000,0.0000,0.5910,-0.5142,0.6216,0.4299,-0.5359,0.7266,0.5127,-0.5382,0.6689,-0.1522,-0.0610,0.3496,Dark,
66.8771,6.8321,8.1707,0.0000,0.0000,0.5295,-0.5494,0.6464,0.3532,-0.5648,0.7458,0.4429,-0.5710,0.6912,-0.1519,-0.0611,0.3493,Dark,
66.8882,6.8432,8.1673,0.0000,0.0000,0.5693,-0.5286,0.6297,0.3964,-0.5491,0.7358,0.4850,-0.5528,0.6777,-0.1516,-0.0612,0.3488,Dark,
66.8993,6.8327,8.1757,0.0000,0.0000,0.5049,-0.5623,0.6549,0.3195,-0.5751,0.7531,0.4134,-0.5832,0.6993,-0.1514,-0.0613,0.3485,Dark,
66.9103,6.8120,8.1849,0.0000,0.0000,0.5051,-0.5614,0.6555,0.3097,-0.5744,0.7577,0.4087,-0.5833,0.7019,-0.1511,-0.0614,0.3483,Dark,
66.9217,6.8075,8.1835,0.0000,0.0000,0.4915,-0.5667,0.6612,0.2901,-0.5778,0.7628,0.3920,-0.5882,0.7074,-0.1510,-0.0614,0.3481,Dark,
66.9333,6.7845,8.1929,0.0000,0.0000,0.4852,-0.5682,0.6646,0.2738,-0.5784,0.7684,0.3806,-0.5901,0.7120,-0.1509,-0.0615,0.3478,Dark,
66.9438,6.7704,8.1922,0.0000,0.0000,0.4958,-0.5639,0.6604,0.2807,-0.5755,0.7681,0.3896,-0.5870,0.7097,-0.1508,-0.0615,0.3477,Dark,
66.9550,6.7732,8.1920,0.0000,0.0000,0.4905,-0.5661,0.6625,0.2711,-0.5767,0.7707,0.3821,-0.5890,0.7121,-0.1509,-0.0615,0.3475,Dark,
66.9662,6.7790,8.1601,0.0000,0.0000,0.5087,-0.5588,0.6549,0.2841,-0.5720,0.7695,0.3982,-0.5837,0.7076,-0.1510,-0.0615,0.3472,Dark,
66.9772,6.7826,8.1457,0.0000,0.0000,0.5142,-0.5581,0.6513,0.2871,-0.5722,0.7682,0.4026,-0.5837,0.7051,-0.1511,-0.0614,0.3471,Dark,
66.9884,6.7814,8.1349,0.0000,0.0000,0.5179,-0.5585,0.6479,0.2888,-0.5732,0.7668,0.4054,-0.5847,0.7027,-0.1513,-0.0614,0.3467,Dark,
66.9995,6.7862,8.1300,0.0000,0.0000,0.5263,-0.5567,0.6427,0.2943,-0.5727,0.7651,0.4127,-0.5839,0.6991,-0.1516,-0.0615,0.3465,Dark,
67.0106,6.7928,8.1410,0.0000,0.0000,0.5283,-0.5573,0.6405,0.2951,-0.5740,0.7639,0.4141,-0.5849,0.6974,-0.1518,-0.0615,0.3464,Dark,
67.0217,6.8053,8.1502,0.0000,0.0000,0.5289,-0.5582,0.6393,0.2943,-0.5755,0.7630,0.4141,-0.5863,0.6963,-0.1519,-0.0615,0.3461,Dark,
67.0331,6.8236,8.1764,0.0000,0.0000,0.5314,-0.5573,0.6380,0.2952,-0.5749,0.7631,0.4159,-0.5857,0.6957,-0.1521,-0.0615,0.3460,Dark,
67.0440,6.8285,8.1807,0.0000,0.0000,0.5307,-0.5578,0.6381,0.2937,-0.5752,0.7635,0.4148,-0.5862,0.6959,-0.1523,-0.0616,0.3461,Dark,
67.0551,6.8459,8.1829,0.0000,0.0000,0.5307,-0.5588,0.6372,0.2934,-0.5758,0.7631,0.4146,-0.5871,0.6953,-0.1525,-0.0616,0.3460,Dark,
67.0663,6.8611,8.1674,0.0000,0.0000,0.5292,-0.5596,0.6378,0.2918,-0.5760,0.7636,0.4130,-0.5876,0.6958,-0.1528,-0.0617,0.3459,Dark,
67.0776,6.8614,8.1700,0.0000,0.0000,0.5275,-0.5618,0.6373,0.2903,-0.5778,0.7628,0.4114,-0.5895,0.6951,-0.1530,-0.0617,0.3461,Dark,
67.0885,6.8531,8.1730,0.0000,0.0000,0.5257,-0.5644,0.6365,0.2888,-0.5802,0.7616,0.4097,-0.5920,0.6941,-0.1532,-0.0618,0.3461,Dark,
67.0996,6.8567,8.1668,0.0000,0.0000,0.5236,-0.5644,0.6382,0.2872,-0.5798,0.7624,0.4078,-0.5917,0.6954,-0.1535,-0.0620,0.3462,Dark,
67.1111,6.8680,8.1494,0.0000,0.0000,0.5213,-0.5661,0.6386,0.2855,-0.5813,0.7620,0.4058,-0.5932,0.6953,-0.1536,-0.0620,0.3466,Dark,
67.1220,6.8715,8.1342,0.0000,0.0000,0.5204,-0.5668,0.6387,0.2851,-0.5822,0.7614,0.4051,-0.5940,0.6951,-0.1538,-0.0621,0.3468,Dark,
67.1333,6.8774,8.1475,0.0000,0.0000,0.5189,-0.5660,0.6407,0.2849,-0.5811,0.7623,0.4042,-0.5928,0.6965,-0.1541,-0.0622,0.3470,Dark,
67.1443,6.8783,8.1822,0.0000,0.0000,0.5161,-0.5678,0.6412,0.2828,-0.5828,0.7618,0.4017,-0.5945,0.6965,-0.1542,-0.0622,0.3476,Dark,
67.1556,6.8902,8.2119,0.0000,0.0000,0.5128,-0.5692,0.6427,0.2799,-0.5840,0.7620,0.3986,-0.5957,0.6973,-0.1546,-0.0623,0.3479,Dark,
67.1665,6.9055,8.2462,0.0000,0.0000,0.5077,-0.5712,0.6450,0.2754,-0.5850,0.7628,0.3937,-0.5971,0.6989,-0.1553,-0.0624,0.3483,Dark,
67.1778,6.9086,8.2699,0.0000,0.0000,0.5026,-0.5767,0.6441,0.2703,-0.5898,0.7610,0.3885,-0.6022,0.6974,-0.1559,-0.0625,0.3487,Dark,
67.1888,6.9196,8.2869,0.0000,0.0000,0.4981,-0.5824,0.6425,0.2658,-0.5950,0.7585,0.3839,-0.6076,0.6953,-0.1565,-0.0625,0.3495,Dark,
67.2000,6.9758,8.3597,0.0000,0.0000,0.4929,-0.5859,0.6433,0.2604,-0.5980,0.7580,0.3785,-0.6108,0.6954,-0.1572,-0.0629,0.3501,Dark,
67.2112,7.0160,8.3959,0.0000,0.0000,0.4857,-0.5940,0.6413,0.2530,-0.6050,0.7549,0.3711,-0.6183,0.6928,-0.1580,-0.0633,0.3510,Dark,
67.2221,7.0393,8.4224,0.0000,0.0000,0.4777,-0.6027,0.6392,0.2447,-0.6122,0.7518,0.3628,-0.6262,0.6901,-0.1588,-0.0637,0.3519,Dark,
67.2335,7.0709,8.4656,0.0000,0.0000,0.4698,-0.6098,0.6383,0.2367,-0.6188,0.7490,0.3547,-0.6330,0.6881,-0.1595,-0.0641,0.3531,Dark,
67.2445,7.0797,8.3578,0.0000,0.0000,0.4625,-0.6186,0.6351,0.2299,-0.6269,0.7444,0.3476,-0.6413,0.6840,-0.1599,-0.0643,0.3546,Dark,
67.2557,7.0336,8.3152,0.0000,0.0000,0.4708,-0.6070,0.6402,0.2397,-0.6160,0.7504,0.3569,-0.6300,0.6897,-0.1603,-0.0647,0.3561,Dark,
67.2668,6.9805,8.3616,0.0000,0.0000,0.4751,-0.5962,0.6472,0.2456,-0.6051,0.7574,0.3622,-0.6190,0.6969,-0.1606,-0.0651,0.3578,Dark,
67.2780,6.9371,8.3226,0.0000,0.0000,0.4721,-0.5969,0.6487,0.2445,-0.6051,0.7576,0.3602,-0.6192,0.6977,-0.1606,-0.0652,0.3595,Dark,
67.2894,6.8945,8.2658,0.0000,0.0000,0.4494,-0.6038,0.6584,0.2250,-0.6080,0.7614,0.3385,-0.6236,0.7046,-0.1608,-0.0655,0.3614,Dark,
67.3002,6.8463,8.2313,0.0000,0.0000,0.4248,-0.6164,0.6630,0.2032,-0.6170,0.7603,0.3148,-0.6339,0.7064,-0.1611,-0.0660,0.3636,Dark,
67.3114,6.8099,8.1925,0.0000,0.0000,0.4302,-0.6214,0.6549,0.2134,-0.6231,0.7525,0.3227,-0.6390,0.6982,-0.1613,-0.0665,0.3658,Dark,
67.3224,6.8638,7.9269,0.0000,0.0000,0.3834,-0.6490,0.6571,0.1693,-0.6444,0.7457,0.2763,-0.6629,0.6958,-0.1615,-0.0674,0.3681,Dark,
67.3341,6.8856,7.7934,0.0000,0.0000,0.3808,-0.6480,0.6596,0.1743,-0.6435,0.7453,0.2776,-0.6612,0.6969,-0.1617,-0.0683,0.3704,Dark,
67.3454,6.6895,7.6914,0.0000,0.0000,0.3534,-0.6639,0.6591,0.1517,-0.6564,0.7390,0.2521,-0.6749,0.6934,-0.1618,-0.0690,0.3729,Dark,
67.3560,6.1088,7.5830,0.0000,0.0000,0.2864,-0.6848,0.6701,0.1164,-0.6729,0.7305,0.2003,-0.6906,0.6950,-0.1618,-0.0698,0.3758,Dark,
67.3670,5.8977,7.4642,0.0000,0.0000,0.2411,-0.6963,0.6760,0.0829,-0.6813,0.7273,0.1606,-0.6993,0.6965,-0.1618,-0.0705,0.3785,Dark,
67.3784,5.8692,7.3781,0.0670,0.0000,0.1956,-0.7090,0.6776,0.0583,-0.6925,0.7190,0.1255,-0.7095,0.6935,-0.1616,-0.0714,0.3811,Dark,
67.3895,5.5636,7.3493,0.1207,0.0000,0.1162,-0.7234,0.6806,0.0199,-0.7078,0.7062,0.0668,-0.7212,0.6895,-0.1613,-0.0726,0.3837,Dark,
67.4006,6.7913,8.1044,0.2097,0.0000,0.0974,-0.7434,0.6617,0.0014,-0.7267,0.6869,0.0480,-0.7405,0.6703,-0.1609,-0.0738,0.3864,Dark,
67.4118,6.7913,8.1044,0.3677,0.0000,0.0688,-0.7547,0.6525,-0.0268,-0.7363,0.6761,0.0195,-0.7509,0.6601,-0.1605,-0.0750,0.3894,Dark,
67.4227,6.7913,8.1044,0.5954,0.1183,0.0412,-0.7701,0.6366,-0.0543,-0.7503,0.6588,-0.0080,-0.7654,0.6435,-0.1605,-0.0762,0.3922,Dark,
67.4341,6.7913,8.1044,0.6763,0.2865,0.0118,-0.7856,0.6187,-0.0834,-0.7645,0.6392,-0.0374,-0.7801,0.6245,-0.1608,-0.0774,0.3948,Dark,
67.4453,6.7913,8.1044,0.7410,0.4211,0.0202,-0.8082,0.5885,-0.0762,-0.7887,0.6100,-0.0294,-0.8035,0.5946,-0.1610,-0.0788,0.3975,Dark,
67.4562,6.7913,8.1044,0.7928,0.4635,-0.0001,-0.8276,0.5614,-0.0967,-0.8075,0.5818,-0.0498,-0.8224,0.5668,-0.1614,-0.0803,0.4003,Dark,
67.4673,6.7913,8.1044,0.7847,0.4974,-0.0186,-0.8456,0.5335,-0.1153,-0.8253,0.5528,-0.0683,-0.8401,0.5381,-0.1615,-0.0819,0.4032,Dark,
67.4787,6.7913,8.1044,0.8277,0.5979,-0.0365,-0.8638,0.5025,-0.1333,-0.8432,0.5209,-0.0862,-0.8579,0.5065,-0.1615,-0.0836,0.4061,Dark,
67.4897,6.7913,8.1044,0.8898,0.7427,-0.0556,-0.8809,0.4699,-0.1526,-0.8599,0.4872,-0.1053,-0.8747,0.4732,-0.1614,-0.0852,0.4093,Dark,
67.5008,6.7913,8.1044,1.0000,0.7941,-0.0766,-0.8949,0.4397,-0.1736,-0.8730,0.4558,-0.1263,-0.8880,0.4422,-0.1615,-0.0867,0.4123,Dark,
67.5121,0.0000,8.1044,1.0000,0.8353,NaN,NaN,NaN,-0.1961,-0.8839,0.4245,-0.1487,-0.8993,0.4113,-0.1616,-0.0881,0.4155,Dark,
67.5230,0.0000,8.1044,1.0000,0.8946,NaN,NaN,NaN,-0.2173,-0.8927,0.3947,-0.1700,-0.9084,0.3819,-0.1618,-0.0894,0.4185,Dark,
67.5343,0.0000,8.1044,1.0000,1.0000,NaN,NaN,NaN,-0.2336,-0.9016,0.3642,-0.1862,-0.9174,0.3516,-0.1621,-0.0909,0.4215,Dark,
67.5456,0.0000,0.0000,1.0000,1.0000,NaN,NaN,NaN,NaN,NaN,NaN,0.0000,0.0000,0.0000,0.0000,0.0000,0.0000,Dark,
67.5564,0.0000,0.0000,1.0000,1.0000,NaN,NaN,NaN,NaN,NaN,NaN,0.0000,0.0000,0.0000,0.0000,0.0000,0.0000,Dark,
67.5676,0.0000,0.0000,1.0000,1.0000,NaN,NaN,NaN,NaN,NaN,NaN,0.0000,0.0000,0.0000,0.0000,0.0000,0.0000,Dark,
67.5789,0.0000,0.0000,1.0000,1.0000,NaN,NaN,NaN,NaN,NaN,NaN,0.0000,0.0000,0.0000,0.0000,0.0000,0.0000,Dark,
67.5899,0.0000,0.0000,1.0000,1.0000,NaN,NaN,NaN,NaN,NaN,NaN,0.0000,0.0000,0.0000,0.0000,0.0000,0.0000,Dark,
67.6011,0.0000,0.0000,1.0000,1.0000,NaN,NaN,NaN,NaN,NaN,NaN,0.0000,0.0000,0.0000,0.0000,0.0000,0.0000,Dark,
67.6123,0.0000,0.0000,1.0000,1.0000,NaN,NaN,NaN,NaN,NaN,NaN,0.0000,0.0000,0.0000,0.0000,0.0000,0.0000,Dark,
67.6233,0.0000,0.0000,1.0000,1.0000,NaN,NaN,NaN,NaN,NaN,NaN,0.0000,0.0000,0.0000,0.0000,0.0000,0.0000,Dark,
67.6345,0.0000,0.0000,1.0000,1.0000,NaN,NaN,NaN,NaN,NaN,NaN,0.0000,0.0000,0.0000,0.0000,0.0000,0.0000,Dark,
67.6457,0.0000,0.0000,1.0000,1.0000,NaN,NaN,NaN,NaN,NaN,NaN,0.0000,0.0000,0.0000,0.0000,0.0000,0.0000,Dark,
67.6568,0.0000,0.0000,1.0000,1.0000,NaN,NaN,NaN,NaN,NaN,NaN,0.0000,0.0000,0.0000,0.0000,0.0000,0.0000,Dark,
67.6679,0.0000,0.0000,1.0000,1.0000,NaN,NaN,NaN,NaN,NaN,NaN,0.0000,0.0000,0.0000,0.0000,0.0000,0.0000,Dark,
67.6792,0.0000,0.0000,1.0000,1.0000,NaN,NaN,NaN,NaN,NaN,NaN,0.0000,0.0000,0.0000,0.0000,0.0000,0.0000,Dark,
67.6903,0.0000,0.0000,1.0000,1.0000,NaN,NaN,NaN,NaN,NaN,NaN,0.0000,0.0000,0.0000,0.0000,0.0000,0.0000,Dark,
67.7014,0.0000,0.0000,1.0000,1.0000,NaN,NaN,NaN,NaN,NaN,NaN,0.0000,0.0000,0.0000,0.0000,0.0000,0.0000,Dark,
67.7126,0.0000,0.0000,1.0000,1.0000,NaN,NaN,NaN,NaN,NaN,NaN,0.0000,0.0000,0.0000,0.0000,0.0000,0.0000,Dark,
67.7237,0.0000,0.0000,1.0000,1.0000,NaN,NaN,NaN,NaN,NaN,NaN,0.0000,0.0000,0.0000,0.0000,0.0000,0.0000,Dark,
67.7346,0.0000,0.0000,1.0000,1.0000,NaN,NaN,NaN,NaN,NaN,NaN,0.0000,0.0000,0.0000,0.0000,0.0000,0.0000,Dark,
67.7461,0.0000,0.0000,1.0000,1.0000,NaN,NaN,NaN,NaN,NaN,NaN,0.0000,0.0000,0.0000,0.0000,0.0000,0.0000,Dark,
67.7571,0.0000,0.0000,1.0000,1.0000,NaN,NaN,NaN,NaN,NaN,NaN,0.0000,0.0000,0.0000,0.0000,0.0000,0.0000,Dark,
67.7681,0.0000,0.0000,1.0000,1.0000,NaN,NaN,NaN,NaN,NaN,NaN,0.0000,0.0000,0.0000,0.0000,0.0000,0.0000,Dark,
67.7793,0.0000,0.0000,1.0000,1.0000,NaN,NaN,NaN,NaN,NaN,NaN,0.0000,0.0000,0.0000,0.0000,0.0000,0.0000,Dark,
67.7903,0.0000,0.0000,1.0000,1.0000,NaN,NaN,NaN,NaN,NaN,NaN,0.0000,0.0000,0.0000,0.0000,0.0000,0.0000,Dark,
67.8016,0.0000,0.0000,1.0000,1.0000,NaN,NaN,NaN,NaN,NaN,NaN,0.0000,0.0000,0.0000,0.0000,0.0000,0.0000,Dark,
67.8128,0.0000,0.0000,1.0000,1.0000,NaN,NaN,NaN,NaN,NaN,NaN,0.0000,0.0000,0.0000,0.0000,0.0000,0.0000,Dark,
67.8238,0.0000,0.0000,1.0000,1.0000,NaN,NaN,NaN,NaN,NaN,NaN,0.0000,0.0000,0.0000,0.0000,0.0000,0.0000,Dark,
67.8350,0.0000,0.0000,1.0000,1.0000,NaN,NaN,NaN,NaN,NaN,NaN,0.0000,0.0000,0.0000,0.0000,0.0000,0.0000,Dark,
67.8462,0.0000,0.0000,1.0000,1.0000,NaN,NaN,NaN,NaN,NaN,NaN,0.0000,0.0000,0.0000,0.0000,0.0000,0.0000,Dark,
67.8577,0.0000,0.0000,1.0000,1.0000,NaN,NaN,NaN,NaN,NaN,NaN,0.0000,0.0000,0.0000,0.0000,0.0000,0.0000,Dark,
67.8682,0.0000,0.0000,1.0000,1.0000,NaN,NaN,NaN,NaN,NaN,NaN,0.0000,0.0000,0.0000,0.0000,0.0000,0.0000,Dark,
67.8794,0.0000,0.0000,1.0000,1.0000,NaN,NaN,NaN,NaN,NaN,NaN,0.0000,0.0000,0.0000,0.0000,0.0000,0.0000,Dark,
67.8910,0.0000,0.0000,1.0000,1.0000,NaN,NaN,NaN,NaN,NaN,NaN,0.0000,0.0000,0.0000,0.0000,0.0000,0.0000,Dark,
67.9024,0.0000,0.0000,1.0000,1.0000,NaN,NaN,NaN,NaN,NaN,NaN,0.0000,0.0000,0.0000,0.0000,0.0000,0.0000,Dark,
67.9130,0.0000,0.0000,0.0000,0.0000,NaN,NaN,NaN,NaN,NaN,NaN,0.0000,0.0000,0.0000,0.0000,0.0000,0.0000,Dark,
67.9242,0.0000,0.0000,0.0000,0.0000,NaN,NaN,NaN,NaN,NaN,NaN,0.0000,0.0000,0.0000,0.0000,0.0000,0.0000,Dark,
67.9350,0.0000,0.0000,0.0000,0.0000,NaN,NaN,NaN,NaN,NaN,NaN,0.0000,0.0000,0.0000,0.0000,0.0000,0.0000,Dark,
67.9462,0.0000,0.0000,0.0000,0.0000,NaN,NaN,NaN,NaN,NaN,NaN,0.0000,0.0000,0.0000,0.0000,0.0000,0.0000,Dark,
67.9582,0.0000,0.0000,0.0000,0.0000,NaN,NaN,NaN,NaN,NaN,NaN,0.0000,0.0000,0.0000,0.0000,0.0000,0.0000,Dark,
67.9685,0.0000,0.0000,0.0000,0.0000,NaN,NaN,NaN,NaN,NaN,NaN,0.0000,0.0000,0.0000,0.0000,0.0000,0.0000,Dark,
67.9796,0.0000,0.0000,0.0000,0.0000,NaN,NaN,NaN,NaN,NaN,NaN,0.0000,0.0000,0.0000,0.0000,0.0000,0.0000,Dark,
67.9912,0.0000,0.0000,0.0000,0.0000,NaN,NaN,NaN,NaN,NaN,NaN,0.0000,0.0000,0.0000,0.0000,0.0000,0.0000,Dark,
68.0019,0.0000,0.0000,0.0000,0.0000,NaN,NaN,NaN,NaN,NaN,NaN,0.0000,0.0000,0.0000,0.0000,0.0000,0.0000,Dark,
68.0131,0.0000,0.0000,0.0000,0.0000,NaN,NaN,NaN,NaN,NaN,NaN,0.0000,0.0000,0.0000,0.0000,0.0000,0.0000,Dark,
68.0246,0.0000,0.0000,0.0000,0.0000,NaN,NaN,NaN,NaN,NaN,NaN,0.0000,0.0000,0.0000,0.0000,0.0000,0.0000,Dark,
68.0353,0.0000,0.0000,0.0000,0.0000,NaN,NaN,NaN,NaN,NaN,NaN,0.0000,0.0000,0.0000,0.0000,0.0000,0.0000,Dark,
68.0466,0.0000,0.0000,0.0000,0.0000,NaN,NaN,NaN,NaN,NaN,NaN,0.0000,0.0000,0.0000,0.0000,0.0000,0.0000,Dark,
68.0585,0.0000,0.0000,0.0000,0.0000,NaN,NaN,NaN,NaN,NaN,NaN,0.0000,0.0000,0.0000,0.0000,0.0000,0.0000,Dark,
68.0689,0.0000,0.0000,0.0000,0.0000,NaN,NaN,NaN,NaN,NaN,NaN,0.0000,0.0000,0.0000,0.0000,0.0000,0.0000,Dark,
68.0799,0.0000,0.0000,0.0000,0.0000,NaN,NaN,NaN,NaN,NaN,NaN,0.0000,0.0000,0.0000,0.0000,0.0000,0.0000,Dark,
68.0911,0.0000,0.0000,0.0000,0.0000,NaN,NaN,NaN,NaN,NaN,NaN,0.0000,0.0000,0.0000,0.0000,0.0000,0.0000,Dark,
68.1024,0.0000,0.0000,0.0000,0.0000,NaN,NaN,NaN,NaN,NaN,NaN,0.0000,0.0000,0.0000,0.0000,0.0000,0.0000,Dark,
68.1132,0.0000,0.0000,0.0000,0.0000,NaN,NaN,NaN,NaN,NaN,NaN,0.0000,0.0000,0.0000,0.0000,0.0000,0.0000,Dark,
68.1246,0.0000,0.0000,0.0000,0.0000,NaN,NaN,NaN,NaN,NaN,NaN,0.0000,0.0000,0.0000,0.0000,0.0000,0.0000,Dark,
68.1359,0.0000,0.0000,0.0000,0.0000,NaN,NaN,NaN,NaN,NaN,NaN,0.0000,0.0000,0.0000,0.0000,0.0000,0.0000,Dark,
68.1467,0.0000,0.0000,0.0000,0.0000,NaN,NaN,NaN,NaN,NaN,NaN,0.0000,0.0000,0.0000,0.0000,0.0000,0.0000,Dark,
68.1581,0.0000,0.0000,0.0000,0.0000,NaN,NaN,NaN,NaN,NaN,NaN,0.0000,0.0000,0.0000,0.0000,0.0000,0.0000,Dark,
68.1693,0.0000,0.0000,0.0000,0.0000,NaN,NaN,NaN,NaN,NaN,NaN,0.0000,0.0000,0.0000,0.0000,0.0000,0.0000,Dark,
68.1800,0.0000,0.0000,0.0000,0.0000,NaN,NaN,NaN,NaN,NaN,NaN,0.0000,0.0000,0.0000,0.0000,0.0000,0.0000,Dark,
68.1912,0.0000,0.0000,0.0000,0.0000,NaN,NaN,NaN,NaN,NaN,NaN,0.0000,0.0000,0.0000,0.0000,0.0000,0.0000,Dark,
68.2030,0.0000,0.0000,0.0000,0.0000,NaN,NaN,NaN,NaN,NaN,NaN,0.0000,0.0000,0.0000,0.0000,0.0000,0.0000,Dark,
68.2137,0.0000,0.0000,0.0000,0.0000,NaN,NaN,NaN,NaN,NaN,NaN,0.0000,0.0000,0.0000,0.0000,0.0000,0.0000,Dark,
68.2246,0.0000,0.0000,0.0000,0.0000,NaN,NaN,NaN,NaN,NaN,NaN,0.0000,0.0000,0.0000,0.0000,0.0000,0.0000,Dark,
68.2359,0.0000,0.0000,0.0000,0.0000,NaN,NaN,NaN,NaN,NaN,NaN,0.0000,0.0000,0.0000,0.0000,0.0000,0.0000,Dark,
68.2469,0.0000,0.0000,0.0000,0.0000,NaN,NaN,NaN,NaN,NaN,NaN,0.0000,0.0000,0.0000,0.0000,0.0000,0.0000,Dark,
68.2581,0.0000,0.0000,0.0000,0.0000,NaN,NaN,NaN,NaN,NaN,NaN,0.0000,0.0000,0.0000,0.0000,0.0000,0.0000,Dark,
68.2698,0.0000,0.0000,0.0000,0.0000,NaN,NaN,NaN,NaN,NaN,NaN,0.0000,0.0000,0.0000,0.0000,0.0000,0.0000,Dark,
68.2809,0.0000,0.0000,0.0000,0.0000,NaN,NaN,NaN,NaN,NaN,NaN,0.0000,0.0000,0.0000,0.0000,0.0000,0.0000,Dark,
68.2917,0.0000,0.0000,0.0000,0.0000,NaN,NaN,NaN,NaN,NaN,NaN,0.0000,0.0000,0.0000,0.0000,0.0000,0.0000,Dark,
68.3028,0.0000,0.0000,0.0000,0.0000,NaN,NaN,NaN,NaN,NaN,NaN,0.0000,0.0000,0.0000,0.0000,0.0000,0.0000,Dark,
68.3137,0.0000,0.0000,0.0000,0.0000,NaN,NaN,NaN,NaN,NaN,NaN,0.0000,0.0000,0.0000,0.0000,0.0000,0.0000,Dark,
68.3249,0.0000,0.0000,0.0000,0.0000,NaN,NaN,NaN,NaN,NaN,NaN,0.0000,0.0000,0.0000,0.0000,0.0000,0.0000,Dark,
68.3363,0.0000,0.0000,0.0000,0.0000,NaN,NaN,NaN,NaN,NaN,NaN,0.0000,0.0000,0.0000,0.0000,0.0000,0.0000,Dark,
68.3472,0.0000,0.0000,0.0000,0.0000,NaN,NaN,NaN,NaN,NaN,NaN,0.0000,0.0000,0.0000,0.0000,0.0000,0.0000,Dark,
68.3637,0.0000,0.0000,0.0000,0.0000,NaN,NaN,NaN,NaN,NaN,NaN,0.0000,0.0000,0.0000,0.0000,0.0000,0.0000,Dark,
68.3703,0.0000,0.0000,0.0000,0.0000,NaN,NaN,NaN,NaN,NaN,NaN,0.0000,0.0000,0.0000,0.0000,0.0000,0.0000,Dark,
68.3804,0.0000,0.0000,0.0000,0.0000,NaN,NaN,NaN,NaN,NaN,NaN,0.0000,0.0000,0.0000,0.0000,0.0000,0.0000,Dark,
68.3915,0.0000,0.0000,0.0000,0.0000,NaN,NaN,NaN,NaN,NaN,NaN,0.0000,0.0000,0.0000,0.0000,0.0000,0.0000,Dark,
68.4036,0.0000,0.0000,0.0000,0.0000,NaN,NaN,NaN,NaN,NaN,NaN,0.0000,0.0000,0.0000,0.0000,0.0000,0.0000,Dark,
68.4140,0.0000,0.0000,0.0000,0.0000,NaN,NaN,NaN,NaN,NaN,NaN,0.0000,0.0000,0.0000,0.0000,0.0000,0.0000,Dark,
68.4253,0.0000,0.0000,0.0000,0.0000,NaN,NaN,NaN,NaN,NaN,NaN,0.0000,0.0000,0.0000,0.0000,0.0000,0.0000,Dark,
68.4363,0.0000,0.0000,0.0000,0.0000,NaN,NaN,NaN,NaN,NaN,NaN,0.0000,0.0000,0.0000,0.0000,0.0000,0.0000,Dark,
68.4474,0.0000,0.0000,0.0000,0.0000,NaN,NaN,NaN,NaN,NaN,NaN,0.0000,0.0000,0.0000,0.0000,0.0000,0.0000,Dark,
68.4584,0.0000,0.0000,0.0000,0.0000,NaN,NaN,NaN,NaN,NaN,NaN,0.0000,0.0000,0.0000,0.0000,0.0000,0.0000,Dark,
68.4701,0.0000,0.0000,0.0000,0.0000,NaN,NaN,NaN,NaN,NaN,NaN,0.0000,0.0000,0.0000,0.0000,0.0000,0.0000,Dark,
68.4808,0.0000,0.0000,0.0000,0.0000,NaN,NaN,NaN,NaN,NaN,NaN,0.0000,0.0000,0.0000,0.0000,0.0000,0.0000,Dark,
68.4918,0.0000,0.0000,0.0000,0.0000,NaN,NaN,NaN,NaN,NaN,NaN,0.0000,0.0000,0.0000,0.0000,0.0000,0.0000,Dark,
68.5041,0.0000,0.0000,0.0000,0.0000,NaN,NaN,NaN,NaN,NaN,NaN,0.0000,0.0000,0.0000,0.0000,0.0000,0.0000,Dark,
68.5142,0.0000,0.0000,0.0000,0.0000,NaN,NaN,NaN,NaN,NaN,NaN,0.0000,0.0000,0.0000,0.0000,0.0000,0.0000,Dark,
68.5253,0.0000,0.0000,0.0000,0.0000,NaN,NaN,NaN,NaN,NaN,NaN,0.0000,0.0000,0.0000,0.0000,0.0000,0.0000,Dark,
68.5377,0.0000,0.0000,0.0000,0.0000,NaN,NaN,NaN,NaN,NaN,NaN,0.0000,0.0000,0.0000,0.0000,0.0000,0.0000,Dark,
68.5477,0.0000,0.0000,0.0000,0.0000,NaN,NaN,NaN,NaN,NaN,NaN,0.0000,0.0000,0.0000,0.0000,0.0000,0.0000,Dark,
68.5588,0.0000,0.0000,0.0000,0.0000,NaN,NaN,NaN,NaN,NaN,NaN,0.0000,0.0000,0.0000,0.0000,0.0000,0.0000,Dark,
68.5705,0.0000,0.0000,0.0000,0.0000,NaN,NaN,NaN,NaN,NaN,NaN,0.0000,0.0000,0.0000,0.0000,0.0000,0.0000,Dark,
68.5812,0.0000,0.0000,0.0000,0.0000,NaN,NaN,NaN,NaN,NaN,NaN,0.0000,0.0000,0.0000,0.0000,0.0000,0.0000,Dark,
68.5924,0.0000,0.0000,0.0000,0.0000,NaN,NaN,NaN,NaN,NaN,NaN,0.0000,0.0000,0.0000,0.0000,0.0000,0.0000,Dark,
68.6046,0.0000,0.0000,0.0000,0.0000,NaN,NaN,NaN,NaN,NaN,NaN,0.0000,0.0000,0.0000,0.0000,0.0000,0.0000,Dark,
68.6147,0.0000,0.0000,0.0000,0.0000,NaN,NaN,NaN,NaN,NaN,NaN,0.0000,0.0000,0.0000,0.0000,0.0000,0.0000,Dark,
68.6258,0.0000,0.0000,0.0000,0.0000,NaN,NaN,NaN,NaN,NaN,NaN,0.0000,0.0000,0.0000,0.0000,0.0000,0.0000,Dark,
68.6370,0.0000,0.0000,0.0000,0.0000,NaN,NaN,NaN,NaN,NaN,NaN,0.0000,0.0000,0.0000,0.0000,0.0000,0.0000,Dark,
68.6484,0.0000,0.0000,0.0000,0.0000,NaN,NaN,NaN,NaN,NaN,NaN,0.0000,0.0000,0.0000,0.0000,0.0000,0.0000,Dark,
68.6594,0.0000,0.0000,0.0000,0.0000,NaN,NaN,NaN,NaN,NaN,NaN,0.0000,0.0000,0.0000,0.0000,0.0000,0.0000,Dark,
68.6703,0.0000,0.0000,0.0000,0.0000,NaN,NaN,NaN,NaN,NaN,NaN,0.0000,0.0000,0.0000,0.0000,0.0000,0.0000,Dark,
68.6823,0.0000,0.0000,0.0000,0.0000,NaN,NaN,NaN,NaN,NaN,NaN,0.0000,0.0000,0.0000,0.0000,0.0000,0.0000,Dark,
68.6924,0.0000,0.0000,0.0000,0.0000,NaN,NaN,NaN,NaN,NaN,NaN,0.0000,0.0000,0.0000,0.0000,0.0000,0.0000,Dark,
68.7042,0.0000,0.0000,0.0000,0.0000,NaN,NaN,NaN,NaN,NaN,NaN,0.0000,0.0000,0.0000,0.0000,0.0000,0.0000,Dark,
68.7154,0.0000,0.0000,0.0000,0.0000,NaN,NaN,NaN,NaN,NaN,NaN,0.0000,0.0000,0.0000,0.0000,0.0000,0.0000,Dark,
68.7259,0.0000,0.0000,0.0000,0.0000,NaN,NaN,NaN,NaN,NaN,NaN,0.0000,0.0000,0.0000,0.0000,0.0000,0.0000,Dark,
68.7375,0.0000,0.0000,0.0000,0.0000,NaN,NaN,NaN,NaN,NaN,NaN,0.0000,0.0000,0.0000,0.0000,0.0000,0.0000,Dark,
68.7488,0.0000,0.0000,0.0000,0.0000,NaN,NaN,NaN,NaN,NaN,NaN,0.0000,0.0000,0.0000,0.0000,0.0000,0.0000,Dark,
68.7595,0.0000,0.0000,0.0000,0.0000,NaN,NaN,NaN,NaN,NaN,NaN,0.0000,0.0000,0.0000,0.0000,0.0000,0.0000,Dark,
68.7707,0.0000,0.0000,0.0000,0.0000,NaN,NaN,NaN,NaN,NaN,NaN,0.0000,0.0000,0.0000,0.0000,0.0000,0.0000,Dark,
68.7825,0.0000,0.0000,0.0000,0.0000,NaN,NaN,NaN,NaN,NaN,NaN,0.0000,0.0000,0.0000,0.0000,0.0000,0.0000,Dark,
68.7929,0.0000,0.0000,0.0000,0.0000,NaN,NaN,NaN,NaN,NaN,NaN,0.0000,0.0000,0.0000,0.0000,0.0000,0.0000,Dark,
68.8084,0.0000,0.0000,0.0000,0.0000,NaN,NaN,NaN,NaN,NaN,NaN,0.0000,0.0000,0.0000,0.0000,0.0000,0.0000,Dark,
68.8158,0.0000,0.0000,0.0000,0.0000,NaN,NaN,NaN,NaN,NaN,NaN,0.0000,0.0000,0.0000,0.0000,0.0000,0.0000,Dark,
68.8261,0.0000,0.0000,0.0000,0.0000,NaN,NaN,NaN,NaN,NaN,NaN,0.0000,0.0000,0.0000,0.0000,0.0000,0.0000,Dark,
68.8375,0.0000,0.0000,0.0000,0.0000,NaN,NaN,NaN,NaN,NaN,NaN,0.0000,0.0000,0.0000,0.0000,0.0000,0.0000,Dark,
68.8494,0.0000,0.0000,0.0000,0.0000,NaN,NaN,NaN,NaN,NaN,NaN,0.0000,0.0000,0.0000,0.0000,0.0000,0.0000,Dark,
68.8597,0.0000,0.0000,0.0000,0.0000,NaN,NaN,NaN,NaN,NaN,NaN,0.0000,0.0000,0.0000,0.0000,0.0000,0.0000,Dark,
68.8707,0.0000,0.0000,0.0000,0.0000,NaN,NaN,NaN,NaN,NaN,NaN,0.0000,0.0000,0.0000,0.0000,0.0000,0.0000,Dark,
68.8826,0.0000,0.0000,0.0000,0.0000,NaN,NaN,NaN,NaN,NaN,NaN,0.0000,0.0000,0.0000,0.0000,0.0000,0.0000,Dark,
68.8933,0.0000,0.0000,0.0000,0.0000,NaN,NaN,NaN,NaN,NaN,NaN,0.0000,0.0000,0.0000,0.0000,0.0000,0.0000,Dark,
68.9042,0.0000,0.0000,0.0000,0.0000,NaN,NaN,NaN,NaN,NaN,NaN,0.0000,0.0000,0.0000,0.0000,0.0000,0.0000,Dark,
68.9158,0.0000,0.0000,0.0000,0.0000,NaN,NaN,NaN,NaN,NaN,NaN,0.0000,0.0000,0.0000,0.0000,0.0000,0.0000,Dark,
68.9268,0.0000,0.0000,0.0000,0.0000,NaN,NaN,NaN,NaN,NaN,NaN,0.0000,0.0000,0.0000,0.0000,0.0000,0.0000,Dark,
68.9377,0.0000,0.0000,0.0000,0.0000,NaN,NaN,NaN,NaN,NaN,NaN,0.0000,0.0000,0.0000,0.0000,0.0000,0.0000,Dark,
68.9496,0.0000,0.0000,0.0000,0.0000,NaN,NaN,NaN,NaN,NaN,NaN,0.0000,0.0000,0.0000,0.0000,0.0000,0.0000,Dark,
68.9600,0.0000,0.0000,0.0000,0.0000,NaN,NaN,NaN,NaN,NaN,NaN,0.0000,0.0000,0.0000,0.0000,0.0000,0.0000,Dark,
68.9710,0.0000,0.0000,0.0000,0.0000,NaN,NaN,NaN,NaN,NaN,NaN,0.0000,0.0000,0.0000,0.0000,0.0000,0.0000,Dark,
68.9823,0.0000,0.0000,0.0000,0.0000,NaN,NaN,NaN,NaN,NaN,NaN,0.0000,0.0000,0.0000,0.0000,0.0000,0.0000,Dark,
68.9939,0.0000,0.0000,0.0000,0.0000,NaN,NaN,NaN,NaN,NaN,NaN,0.0000,0.0000,0.0000,0.0000,0.0000,0.0000,Dark,
69.0043,0.0000,0.0000,0.0000,0.0000,NaN,NaN,NaN,NaN,NaN,NaN,0.0000,0.0000,0.0000,0.0000,0.0000,0.0000,Dark,
69.0162,0.0000,0.0000,0.0000,0.0000,NaN,NaN,NaN,NaN,NaN,NaN,0.0000,0.0000,0.0000,0.0000,0.0000,0.0000,Dark,
69.0267,0.0000,0.0000,0.0000,0.0000,NaN,NaN,NaN,NaN,NaN,NaN,0.0000,0.0000,0.0000,0.0000,0.0000,0.0000,Dark,
69.0376,0.0000,0.0000,0.0000,0.0000,NaN,NaN,NaN,NaN,NaN,NaN,0.0000,0.0000,0.0000,0.0000,0.0000,0.0000,Dark,
69.0497,0.0000,0.0000,0.0000,0.0000,NaN,NaN,NaN,NaN,NaN,NaN,0.0000,0.0000,0.0000,0.0000,0.0000,0.0000,Dark,
69.0602,0.0000,0.0000,0.0000,0.0000,NaN,NaN,NaN,NaN,NaN,NaN,0.0000,0.0000,0.0000,0.0000,0.0000,0.0000,Dark,
69.0712,0.0000,0.0000,0.0000,0.0000,NaN,NaN,NaN,NaN,NaN,NaN,0.0000,0.0000,0.0000,0.0000,0.0000,0.0000,Dark,
69.0822,0.0000,0.0000,0.0000,0.0000,NaN,NaN,NaN,NaN,NaN,NaN,0.0000,0.0000,0.0000,0.0000,0.0000,0.0000,Dark,
69.0937,0.0000,0.0000,0.0000,0.0000,NaN,NaN,NaN,NaN,NaN,NaN,0.0000,0.0000,0.0000,0.0000,0.0000,0.0000,Dark,
69.1045,0.0000,0.0000,0.0000,0.0000,NaN,NaN,NaN,NaN,NaN,NaN,0.0000,0.0000,0.0000,0.0000,0.0000,0.0000,Dark,
69.1159,0.0000,0.0000,0.0000,0.0000,NaN,NaN,NaN,NaN,NaN,NaN,0.0000,0.0000,0.0000,0.0000,0.0000,0.0000,Dark,
69.1271,0.0000,0.0000,0.0000,0.0000,NaN,NaN,NaN,NaN,NaN,NaN,0.0000,0.0000,0.0000,0.0000,0.0000,0.0000,Dark,
69.1380,0.0000,0.0000,0.0000,0.0000,NaN,NaN,NaN,NaN,NaN,NaN,0.0000,0.0000,0.0000,0.0000,0.0000,0.0000,Dark,
69.1490,0.0000,0.0000,0.0000,0.0000,NaN,NaN,NaN,NaN,NaN,NaN,0.0000,0.0000,0.0000,0.0000,0.0000,0.0000,Dark,
69.1609,0.0000,0.0000,0.0000,0.0000,NaN,NaN,NaN,NaN,NaN,NaN,0.0000,0.0000,0.0000,0.0000,0.0000,0.0000,Dark,
69.1717,0.0000,0.0000,0.0000,0.0000,NaN,NaN,NaN,NaN,NaN,NaN,0.0000,0.0000,0.0000,0.0000,0.0000,0.0000,Dark,
69.1826,0.0000,0.0000,0.0000,0.0000,NaN,NaN,NaN,NaN,NaN,NaN,0.0000,0.0000,0.0000,0.0000,0.0000,0.0000,Dark,
69.1939,0.0000,0.0000,0.0000,0.0000,NaN,NaN,NaN,NaN,NaN,NaN,0.0000,0.0000,0.0000,0.0000,0.0000,0.0000,Dark,
69.2050,0.0000,0.0000,0.0000,0.0000,NaN,NaN,NaN,NaN,NaN,NaN,0.0000,0.0000,0.0000,0.0000,0.0000,0.0000,Dark,
69.2160,0.0000,0.0000,0.0000,0.0000,NaN,NaN,NaN,NaN,NaN,NaN,0.0000,0.0000,0.0000,0.0000,0.0000,0.0000,Dark,
69.2275,0.0000,0.0000,0.0000,0.0000,NaN,NaN,NaN,NaN,NaN,NaN,0.0000,0.0000,0.0000,0.0000,0.0000,0.0000,Dark,
69.2382,0.0000,0.0000,0.0000,0.0000,NaN,NaN,NaN,NaN,NaN,NaN,0.0000,0.0000,0.0000,0.0000,0.0000,0.0000,Dark,
69.2497,0.0000,0.0000,0.0000,0.0000,NaN,NaN,NaN,NaN,NaN,NaN,0.0000,0.0000,0.0000,0.0000,0.0000,0.0000,Dark,
69.2611,0.0000,0.0000,0.0000,0.0000,NaN,NaN,NaN,NaN,NaN,NaN,0.0000,0.0000,0.0000,0.0000,0.0000,0.0000,Dark,
69.2719,0.0000,0.0000,0.0000,0.0000,NaN,NaN,NaN,NaN,NaN,NaN,0.0000,0.0000,0.0000,0.0000,0.0000,0.0000,Dark,
69.2827,0.0000,0.0000,0.0000,0.0000,NaN,NaN,NaN,NaN,NaN,NaN,0.0000,0.0000,0.0000,0.0000,0.0000,0.0000,Dark,
69.2945,0.0000,0.0000,0.0000,0.0000,NaN,NaN,NaN,NaN,NaN,NaN,0.0000,0.0000,0.0000,0.0000,0.0000,0.0000,Dark,
69.3052,0.0000,0.0000,0.0000,0.0000,NaN,NaN,NaN,NaN,NaN,NaN,0.0000,0.0000,0.0000,0.0000,0.0000,0.0000,Dark,
69.3161,0.0000,0.0000,0.0000,0.0000,NaN,NaN,NaN,NaN,NaN,NaN,0.0000,0.0000,0.0000,0.0000,0.0000,0.0000,Dark,
69.3281,0.0000,0.0000,0.0000,0.0000,NaN,NaN,NaN,NaN,NaN,NaN,0.0000,0.0000,0.0000,0.0000,0.0000,0.0000,Dark,
69.3385,0.0000,0.0000,0.0000,0.0000,NaN,NaN,NaN,NaN,NaN,NaN,0.0000,0.0000,0.0000,0.0000,0.0000,0.0000,Dark,
69.3496,0.0000,0.0000,0.0000,0.0000,NaN,NaN,NaN,NaN,NaN,NaN,0.0000,0.0000,0.0000,0.0000,0.0000,0.0000,Dark,
69.3617,0.0000,0.0000,0.0000,0.0000,NaN,NaN,NaN,NaN,NaN,NaN,0.0000,0.0000,0.0000,0.0000,0.0000,0.0000,Dark,
69.3718,0.0000,0.0000,0.0000,0.0000,NaN,NaN,NaN,NaN,NaN,NaN,0.0000,0.0000,0.0000,0.0000,0.0000,0.0000,Dark,
69.3832,0.0000,0.0000,0.0000,0.0000,NaN,NaN,NaN,NaN,NaN,NaN,0.0000,0.0000,0.0000,0.0000,0.0000,0.0000,Dark,
69.3954,0.0000,0.0000,0.0000,0.0000,NaN,NaN,NaN,NaN,NaN,NaN,0.0000,0.0000,0.0000,0.0000,0.0000,0.0000,Dark,
69.4056,0.0000,0.0000,0.0000,0.0000,NaN,NaN,NaN,NaN,NaN,NaN,0.0000,0.0000,0.0000,0.0000,0.0000,0.0000,Dark,
69.4165,0.0000,0.0000,0.0000,0.0000,NaN,NaN,NaN,NaN,NaN,NaN,0.0000,0.0000,0.0000,0.0000,0.0000,0.0000,Dark,
69.4285,0.0000,0.0000,0.0000,0.0000,NaN,NaN,NaN,NaN,NaN,NaN,0.0000,0.0000,0.0000,0.0000,0.0000,0.0000,Dark,
69.4389,0.0000,0.0000,0.0000,0.0000,NaN,NaN,NaN,NaN,NaN,NaN,0.0000,0.0000,0.0000,0.0000,0.0000,0.0000,Dark,
69.4500,0.0000,0.0000,0.0000,0.0000,NaN,NaN,NaN,NaN,NaN,NaN,0.0000,0.0000,0.0000,0.0000,0.0000,0.0000,Dark,
69.4618,0.0000,0.0000,0.0000,0.0000,NaN,NaN,NaN,NaN,NaN,NaN,0.0000,0.0000,0.0000,0.0000,0.0000,0.0000,Dark,
69.4724,0.0000,0.0000,0.0000,0.0000,NaN,NaN,NaN,NaN,NaN,NaN,0.0000,0.0000,0.0000,0.0000,0.0000,0.0000,Dark,
69.4834,0.0000,0.0000,0.0000,0.0000,NaN,NaN,NaN,NaN,NaN,NaN,0.0000,0.0000,0.0000,0.0000,0.0000,0.0000,Dark,
69.4944,0.0000,0.0000,0.0000,0.0000,NaN,NaN,NaN,NaN,NaN,NaN,0.0000,0.0000,0.0000,0.0000,0.0000,0.0000,Dark,
69.5057,0.0000,0.0000,0.0000,0.0000,NaN,NaN,NaN,NaN,NaN,NaN,0.0000,0.0000,0.0000,0.0000,0.0000,0.0000,Dark,
69.5169,0.0000,0.0000,0.0000,0.0000,NaN,NaN,NaN,NaN,NaN,NaN,0.0000,0.0000,0.0000,0.0000,0.0000,0.0000,Dark,
69.5278,0.0000,0.0000,0.0000,0.0000,NaN,NaN,NaN,NaN,NaN,NaN,0.0000,0.0000,0.0000,0.0000,0.0000,0.0000,Dark,
69.5391,0.0000,0.0000,0.0000,0.0000,NaN,NaN,NaN,NaN,NaN,NaN,0.0000,0.0000,0.0000,0.0000,0.0000,0.0000,Dark,
69.5501,0.0000,0.0000,0.0000,0.0000,NaN,NaN,NaN,NaN,NaN,NaN,0.0000,0.0000,0.0000,0.0000,0.0000,0.0000,Dark,
69.5614,0.0000,0.0000,0.0000,0.0000,NaN,NaN,NaN,NaN,NaN,NaN,0.0000,0.0000,0.0000,0.0000,0.0000,0.0000,Dark,
69.5727,0.0000,0.0000,0.0000,0.0000,NaN,NaN,NaN,NaN,NaN,NaN,0.0000,0.0000,0.0000,0.0000,0.0000,0.0000,Dark,
69.5895,0.0000,0.0000,0.0000,0.0000,NaN,NaN,NaN,NaN,NaN,NaN,0.0000,0.0000,0.0000,0.0000,0.0000,0.0000,Dark,
69.5948,0.0000,0.0000,0.0000,0.0000,NaN,NaN,NaN,NaN,NaN,NaN,0.0000,0.0000,0.0000,0.0000,0.0000,0.0000,Dark,
69.6060,0.0000,0.0000,0.0000,0.0000,NaN,NaN,NaN,NaN,NaN,NaN,0.0000,0.0000,0.0000,0.0000,0.0000,0.0000,Dark,
69.6172,0.0000,0.0000,0.0000,0.0000,NaN,NaN,NaN,NaN,NaN,NaN,0.0000,0.0000,0.0000,0.0000,0.0000,0.0000,Dark,
69.6290,0.0000,0.0000,0.0000,0.0000,NaN,NaN,NaN,NaN,NaN,NaN,0.0000,0.0000,0.0000,0.0000,0.0000,0.0000,Dark,
69.6396,0.0000,0.0000,0.0000,0.0000,NaN,NaN,NaN,NaN,NaN,NaN,0.0000,0.0000,0.0000,0.0000,0.0000,0.0000,Dark,
69.6506,0.0000,0.0000,0.0000,0.0000,NaN,NaN,NaN,NaN,NaN,NaN,0.0000,0.0000,0.0000,0.0000,0.0000,0.0000,Dark,
69.6618,0.0000,0.0000,0.0000,0.0000,NaN,NaN,NaN,NaN,NaN,NaN,0.0000,0.0000,0.0000,0.0000,0.0000,0.0000,Dark,
69.6735,0.0000,0.0000,0.0000,0.0000,NaN,NaN,NaN,NaN,NaN,NaN,0.0000,0.0000,0.0000,0.0000,0.0000,0.0000,Dark,
69.6837,0.0000,0.0000,0.0000,0.0000,NaN,NaN,NaN,NaN,NaN,NaN,0.0000,0.0000,0.0000,0.0000,0.0000,0.0000,Dark,
69.6949,0.0000,0.0000,0.0000,0.0000,NaN,NaN,NaN,NaN,NaN,NaN,0.0000,0.0000,0.0000,0.0000,0.0000,0.0000,Dark,
69.7066,0.0000,0.0000,0.0000,0.0000,NaN,NaN,NaN,NaN,NaN,NaN,0.0000,0.0000,0.0000,0.0000,0.0000,0.0000,Dark,
69.7174,0.0000,0.0000,0.0000,0.0000,NaN,NaN,NaN,NaN,NaN,NaN,0.0000,0.0000,0.0000,0.0000,0.0000,0.0000,Dark,
69.7283,0.0000,0.0000,0.0000,0.0000,NaN,NaN,NaN,NaN,NaN,NaN,0.0000,0.0000,0.0000,0.0000,0.0000,0.0000,Dark,
69.7401,0.0000,0.0000,0.0000,0.0000,NaN,NaN,NaN,NaN,NaN,NaN,0.0000,0.0000,0.0000,0.0000,0.0000,0.0000,Dark,
69.7506,0.0000,0.0000,0.0000,0.0000,NaN,NaN,NaN,NaN,NaN,NaN,0.0000,0.0000,0.0000,0.0000,0.0000,0.0000,Dark,
69.7618,0.0000,0.0000,0.0000,0.0000,NaN,NaN,NaN,NaN,NaN,NaN,0.0000,0.0000,0.0000,0.0000,0.0000,0.0000,Dark,
69.7738,0.0000,0.0000,0.0000,0.0000,NaN,NaN,NaN,NaN,NaN,NaN,0.0000,0.0000,0.0000,0.0000,0.0000,0.0000,Dark,
69.7842,0.0000,0.0000,0.0000,0.0000,NaN,NaN,NaN,NaN,NaN,NaN,0.0000,0.0000,0.0000,0.0000,0.0000,0.0000,Dark,
69.7952,0.0000,0.0000,0.0000,0.0000,NaN,NaN,NaN,NaN,NaN,NaN,0.0000,0.0000,0.0000,0.0000,0.0000,0.0000,Dark,
69.8070,0.0000,0.0000,0.0000,0.0000,NaN,NaN,NaN,NaN,NaN,NaN,0.0000,0.0000,0.0000,0.0000,0.0000,0.0000,Dark,
69.8178,0.0000,0.0000,0.0000,0.0000,NaN,NaN,NaN,NaN,NaN,NaN,0.0000,0.0000,0.0000,0.0000,0.0000,0.0000,Dark,
69.8285,0.0000,0.0000,0.0000,0.0000,NaN,NaN,NaN,NaN,NaN,NaN,0.0000,0.0000,0.0000,0.0000,0.0000,0.0000,Dark,
69.8404,0.0000,0.0000,0.0000,0.0000,NaN,NaN,NaN,NaN,NaN,NaN,0.0000,0.0000,0.0000,0.0000,0.0000,0.0000,Dark,
69.8509,0.0000,0.0000,0.0000,0.0000,NaN,NaN,NaN,NaN,NaN,NaN,0.0000,0.0000,0.0000,0.0000,0.0000,0.0000,Dark,
69.8622,0.0000,0.0000,0.0000,0.0000,NaN,NaN,NaN,NaN,NaN,NaN,0.0000,0.0000,0.0000,0.0000,0.0000,0.0000,Dark,
69.8741,0.0000,0.0000,0.0000,0.0000,NaN,NaN,NaN,NaN,NaN,NaN,0.0000,0.0000,0.0000,0.0000,0.0000,0.0000,Dark,
69.8843,0.0000,0.0000,0.0000,0.0000,NaN,NaN,NaN,NaN,NaN,NaN,0.0000,0.0000,0.0000,0.0000,0.0000,0.0000,Dark,
69.8954,0.0000,0.0000,0.0000,0.0000,NaN,NaN,NaN,NaN,NaN,NaN,0.0000,0.0000,0.0000,0.0000,0.0000,0.0000,Dark,
69.9069,0.0000,0.0000,0.0000,0.0000,NaN,NaN,NaN,NaN,NaN,NaN,0.0000,0.0000,0.0000,0.0000,0.0000,0.0000,Dark,
69.9177,0.0000,0.0000,0.0000,0.0000,NaN,NaN,NaN,NaN,NaN,NaN,0.0000,0.0000,0.0000,0.0000,0.0000,0.0000,Dark,
69.9290,0.0000,0.0000,0.0000,0.0000,NaN,NaN,NaN,NaN,NaN,NaN,0.0000,0.0000,0.0000,0.0000,0.0000,0.0000,Dark,
69.9411,0.0000,0.0000,0.0000,0.0000,NaN,NaN,NaN,NaN,NaN,NaN,0.0000,0.0000,0.0000,0.0000,0.0000,0.0000,Dark,
69.9512,0.0000,0.0000,0.0000,0.0000,NaN,NaN,NaN,NaN,NaN,NaN,0.0000,0.0000,0.0000,0.0000,0.0000,0.0000,Dark,
69.9624,0.0000,0.0000,0.0000,0.0000,NaN,NaN,NaN,NaN,NaN,NaN,0.0000,0.0000,0.0000,0.0000,0.0000,0.0000,Dark,
69.9737,0.0000,0.0000,0.0000,0.0000,NaN,NaN,NaN,NaN,NaN,NaN,0.0000,0.0000,0.0000,0.0000,0.0000,0.0000,Dark,
69.9881,0.0000,0.0000,0.0000,0.0000,NaN,NaN,NaN,NaN,NaN,NaN,0.0000,0.0000,0.0000,0.0000,0.0000,0.0000,Dark,
69.9960,0.0000,0.0000,0.0000,0.0000,NaN,NaN,NaN,NaN,NaN,NaN,0.0000,0.0000,0.0000,0.0000,0.0000,0.0000,Dark,
70.0074,0.0000,0.0000,0.0000,0.0000,NaN,NaN,NaN,NaN,NaN,NaN,0.0000,0.0000,0.0000,0.0000,0.0000,0.0000,Dark,
70.0182,0.0000,0.0000,0.0000,0.0000,NaN,NaN,NaN,NaN,NaN,NaN,0.0000,0.0000,0.0000,0.0000,0.0000,0.0000,Dark,
70.0293,0.0000,0.0000,0.0000,0.0000,NaN,NaN,NaN,NaN,NaN,NaN,0.0000,0.0000,0.0000,0.0000,0.0000,0.0000,Dark,
70.0406,0.0000,0.0000,0.0000,0.0000,NaN,NaN,NaN,NaN,NaN,NaN,0.0000,0.0000,0.0000,0.0000,0.0000,0.0000,Dark,
70.0514,0.0000,0.0000,0.0000,0.0000,NaN,NaN,NaN,NaN,NaN,NaN,0.0000,0.0000,0.0000,0.0000,0.0000,0.0000,Dark,
70.0624,0.0000,0.0000,0.0000,0.0000,NaN,NaN,NaN,NaN,NaN,NaN,0.0000,0.0000,0.0000,0.0000,0.0000,0.0000,Dark,
70.0737,0.0000,0.0000,0.0000,0.0000,NaN,NaN,NaN,NaN,NaN,NaN,0.0000,0.0000,0.0000,0.0000,0.0000,0.0000,Dark,
70.0850,0.0000,0.0000,0.0000,0.0000,NaN,NaN,NaN,NaN,NaN,NaN,0.0000,0.0000,0.0000,0.0000,0.0000,0.0000,Dark,
70.0958,0.0000,0.0000,0.0000,0.0000,NaN,NaN,NaN,NaN,NaN,NaN,0.0000,0.0000,0.0000,0.0000,0.0000,0.0000,Dark,
70.1072,0.0000,0.0000,0.0000,0.0000,NaN,NaN,NaN,NaN,NaN,NaN,0.0000,0.0000,0.0000,0.0000,0.0000,0.0000,Dark,
70.1183,0.0000,0.0000,0.0000,0.0000,NaN,NaN,NaN,NaN,NaN,NaN,0.0000,0.0000,0.0000,0.0000,0.0000,0.0000,Dark,
70.1295,0.0000,0.0000,0.0000,0.0000,NaN,NaN,NaN,NaN,NaN,NaN,0.0000,0.0000,0.0000,0.0000,0.0000,0.0000,Dark,
70.1415,0.0000,0.0000,0.0000,0.0000,NaN,NaN,NaN,NaN,NaN,NaN,0.0000,0.0000,0.0000,0.0000,0.0000,0.0000,Dark,
70.1521,0.0000,0.0000,0.0000,0.0000,NaN,NaN,NaN,NaN,NaN,NaN,0.0000,0.0000,0.0000,0.0000,0.0000,0.0000,Dark,
70.1629,0.0000,0.0000,0.0000,0.0000,NaN,NaN,NaN,NaN,NaN,NaN,0.0000,0.0000,0.0000,0.0000,0.0000,0.0000,Dark,
70.1741,0.0000,0.0000,0.0000,0.0000,NaN,NaN,NaN,NaN,NaN,NaN,0.0000,0.0000,0.0000,0.0000,0.0000,0.0000,Dark,
70.1859,0.0000,0.0000,0.0000,0.0000,NaN,NaN,NaN,NaN,NaN,NaN,0.0000,0.0000,0.0000,0.0000,0.0000,0.0000,Dark,
70.1961,0.0000,0.0000,0.0000,0.0000,NaN,NaN,NaN,NaN,NaN,NaN,0.0000,0.0000,0.0000,0.0000,0.0000,0.0000,Dark,
70.2073,0.0000,0.0000,0.0000,0.0000,NaN,NaN,NaN,NaN,NaN,NaN,0.0000,0.0000,0.0000,0.0000,0.0000,0.0000,Dark,
70.2193,0.0000,0.0000,0.0000,0.0000,NaN,NaN,NaN,NaN,NaN,NaN,0.0000,0.0000,0.0000,0.0000,0.0000,0.0000,Dark,
70.2299,0.0000,0.0000,0.0000,0.0000,NaN,NaN,NaN,NaN,NaN,NaN,0.0000,0.0000,0.0000,0.0000,0.0000,0.0000,Dark,
70.2410,0.0000,0.0000,0.0000,0.0000,NaN,NaN,NaN,NaN,NaN,NaN,0.0000,0.0000,0.0000,0.0000,0.0000,0.0000,Dark,
70.2521,0.0000,0.0000,0.0000,0.0000,NaN,NaN,NaN,NaN,NaN,NaN,0.0000,0.0000,0.0000,0.0000,0.0000,0.0000,Dark,
70.2632,0.0000,0.0000,0.0000,0.0000,NaN,NaN,NaN,NaN,NaN,NaN,0.0000,0.0000,0.0000,0.0000,0.0000,0.0000,Dark,
70.2740,0.0000,0.0000,0.0000,0.0000,NaN,NaN,NaN,NaN,NaN,NaN,0.0000,0.0000,0.0000,0.0000,0.0000,0.0000,Dark,
70.2860,0.0000,0.0000,0.0000,0.0000,NaN,NaN,NaN,NaN,NaN,NaN,0.0000,0.0000,0.0000,0.0000,0.0000,0.0000,Dark,
70.2962,0.0000,0.0000,0.0000,0.0000,NaN,NaN,NaN,NaN,NaN,NaN,0.0000,0.0000,0.0000,0.0000,0.0000,0.0000,Dark,
70.3075,0.0000,0.0000,0.0000,0.0000,NaN,NaN,NaN,NaN,NaN,NaN,0.0000,0.0000,0.0000,0.0000,0.0000,0.0000,Dark,
70.3194,0.0000,0.0000,0.0000,0.0000,NaN,NaN,NaN,NaN,NaN,NaN,0.0000,0.0000,0.0000,0.0000,0.0000,0.0000,Dark,
70.3297,0.0000,0.0000,0.0000,0.0000,NaN,NaN,NaN,NaN,NaN,NaN,0.0000,0.0000,0.0000,0.0000,0.0000,0.0000,Dark,
70.3414,0.0000,0.0000,0.0000,0.0000,NaN,NaN,NaN,NaN,NaN,NaN,0.0000,0.0000,0.0000,0.0000,0.0000,0.0000,Dark,
70.3526,0.0000,0.0000,0.0000,0.0000,NaN,NaN,NaN,NaN,NaN,NaN,0.0000,0.0000,0.0000,0.0000,0.0000,0.0000,Dark,
70.3632,0.0000,0.0000,0.0000,0.0000,NaN,NaN,NaN,NaN,NaN,NaN,0.0000,0.0000,0.0000,0.0000,0.0000,0.0000,Dark,
70.3746,0.0000,0.0000,0.0000,0.0000,NaN,NaN,NaN,NaN,NaN,NaN,0.0000,0.0000,0.0000,0.0000,0.0000,0.0000,Dark,
70.3863,0.0000,0.0000,0.0000,0.0000,NaN,NaN,NaN,NaN,NaN,NaN,0.0000,0.0000,0.0000,0.0000,0.0000,0.0000,Dark,
70.3965,0.0000,0.0000,0.0000,0.0000,NaN,NaN,NaN,NaN,NaN,NaN,0.0000,0.0000,0.0000,0.0000,0.0000,0.0000,Dark,
70.4076,0.0000,0.0000,0.0000,0.0000,NaN,NaN,NaN,NaN,NaN,NaN,0.0000,0.0000,0.0000,0.0000,0.0000,0.0000,Dark,
70.4201,0.0000,0.0000,0.0000,0.0000,NaN,NaN,NaN,NaN,NaN,NaN,0.0000,0.0000,0.0000,0.0000,0.0000,0.0000,Dark,
70.4299,0.0000,0.0000,0.0000,0.0000,NaN,NaN,NaN,NaN,NaN,NaN,0.0000,0.0000,0.0000,0.0000,0.0000,0.0000,Dark,
70.4412,0.0000,0.0000,0.0000,0.0000,NaN,NaN,NaN,NaN,NaN,NaN,0.0000,0.0000,0.0000,0.0000,0.0000,0.0000,Dark,
70.4526,0.0000,0.0000,0.0000,0.0000,NaN,NaN,NaN,NaN,NaN,NaN,0.0000,0.0000,0.0000,0.0000,0.0000,0.0000,Dark,
70.4636,0.0000,0.0000,0.0000,0.0000,NaN,NaN,NaN,NaN,NaN,NaN,0.0000,0.0000,0.0000,0.0000,0.0000,0.0000,Dark,
70.4747,0.0000,0.0000,0.0000,0.0000,NaN,NaN,NaN,NaN,NaN,NaN,0.0000,0.0000,0.0000,0.0000,0.0000,0.0000,Dark,
70.4859,0.0000,0.0000,0.0000,0.0000,NaN,NaN,NaN,NaN,NaN,NaN,0.0000,0.0000,0.0000,0.0000,0.0000,0.0000,Dark,
70.4971,0.0000,0.0000,0.0000,0.0000,NaN,NaN,NaN,NaN,NaN,NaN,0.0000,0.0000,0.0000,0.0000,0.0000,0.0000,Dark,
70.5081,0.0000,0.0000,0.0000,0.0000,NaN,NaN,NaN,NaN,NaN,NaN,0.0000,0.0000,0.0000,0.0000,0.0000,0.0000,Dark,
70.5192,0.0000,0.0000,0.0000,0.0000,NaN,NaN,NaN,NaN,NaN,NaN,0.0000,0.0000,0.0000,0.0000,0.0000,0.0000,Dark,
70.5305,0.0000,0.0000,0.0000,0.0000,NaN,NaN,NaN,NaN,NaN,NaN,0.0000,0.0000,0.0000,0.0000,0.0000,0.0000,Dark,
70.5417,0.0000,0.0000,0.0000,0.0000,NaN,NaN,NaN,NaN,NaN,NaN,0.0000,0.0000,0.0000,0.0000,0.0000,0.0000,Dark,
70.5530,0.0000,0.0000,0.0000,0.0000,NaN,NaN,NaN,NaN,NaN,NaN,0.0000,0.0000,0.0000,0.0000,0.0000,0.0000,Dark,
70.5637,0.0000,0.0000,0.0000,0.0000,NaN,NaN,NaN,NaN,NaN,NaN,0.0000,0.0000,0.0000,0.0000,0.0000,0.0000,Dark,
70.5748,0.0000,0.0000,0.0000,0.0000,NaN,NaN,NaN,NaN,NaN,NaN,0.0000,0.0000,0.0000,0.0000,0.0000,0.0000,Dark,
70.5861,0.0000,0.0000,0.0000,0.0000,NaN,NaN,NaN,NaN,NaN,NaN,0.0000,0.0000,0.0000,0.0000,0.0000,0.0000,Dark,
70.5975,0.0000,0.0000,0.0000,0.0000,NaN,NaN,NaN,NaN,NaN,NaN,0.0000,0.0000,0.0000,0.0000,0.0000,0.0000,Dark,
70.6081,0.0000,0.0000,0.0000,0.0000,NaN,NaN,NaN,NaN,NaN,NaN,0.0000,0.0000,0.0000,0.0000,0.0000,0.0000,Dark,
70.6196,0.0000,0.0000,0.0000,0.0000,NaN,NaN,NaN,NaN,NaN,NaN,0.0000,0.0000,0.0000,0.0000,0.0000,0.0000,Dark,
70.6310,0.0000,0.0000,0.0000,0.0000,NaN,NaN,NaN,NaN,NaN,NaN,0.0000,0.0000,0.0000,0.0000,0.0000,0.0000,Dark,
70.6416,0.0000,0.0000,0.0000,0.0000,NaN,NaN,NaN,NaN,NaN,NaN,0.0000,0.0000,0.0000,0.0000,0.0000,0.0000,Dark,
70.6533,0.0000,0.0000,0.0000,0.0000,NaN,NaN,NaN,NaN,NaN,NaN,0.0000,0.0000,0.0000,0.0000,0.0000,0.0000,Dark,
70.6641,0.0000,0.0000,0.0000,0.0000,NaN,NaN,NaN,NaN,NaN,NaN,0.0000,0.0000,0.0000,0.0000,0.0000,0.0000,Dark,
70.6750,0.0000,0.0000,0.0000,0.0000,NaN,NaN,NaN,NaN,NaN,NaN,0.0000,0.0000,0.0000,0.0000,0.0000,0.0000,Dark,
70.6861,0.0000,0.0000,0.0000,0.0000,NaN,NaN,NaN,NaN,NaN,NaN,0.0000,0.0000,0.0000,0.0000,0.0000,0.0000,Dark,
70.6981,0.0000,0.0000,0.0000,0.0000,NaN,NaN,NaN,NaN,NaN,NaN,0.0000,0.0000,0.0000,0.0000,0.0000,0.0000,Dark,
70.7086,0.0000,0.0000,0.0000,0.0000,NaN,NaN,NaN,NaN,NaN,NaN,0.0000,0.0000,0.0000,0.0000,0.0000,0.0000,Dark,
70.7196,0.0000,0.0000,0.0000,0.0000,NaN,NaN,NaN,NaN,NaN,NaN,0.0000,0.0000,0.0000,0.0000,0.0000,0.0000,Dark,
70.7314,0.0000,0.0000,0.0000,0.0000,NaN,NaN,NaN,NaN,NaN,NaN,0.0000,0.0000,0.0000,0.0000,0.0000,0.0000,Dark,
70.7423,0.0000,0.0000,0.0000,0.0000,NaN,NaN,NaN,NaN,NaN,NaN,0.0000,0.0000,0.0000,0.0000,0.0000,0.0000,Dark,
70.7530,0.0000,0.0000,0.0000,0.0000,NaN,NaN,NaN,NaN,NaN,NaN,0.0000,0.0000,0.0000,0.0000,0.0000,0.0000,Dark,
70.7651,0.0000,0.0000,0.0000,0.0000,NaN,NaN,NaN,NaN,NaN,NaN,0.0000,0.0000,0.0000,0.0000,0.0000,0.0000,Dark,
70.7755,0.0000,0.0000,0.0000,0.0000,NaN,NaN,NaN,NaN,NaN,NaN,0.0000,0.0000,0.0000,0.0000,0.0000,0.0000,Dark,
70.7865,0.0000,0.0000,0.0000,0.0000,NaN,NaN,NaN,NaN,NaN,NaN,0.0000,0.0000,0.0000,0.0000,0.0000,0.0000,Dark,
70.7983,0.0000,0.0000,0.0000,0.0000,NaN,NaN,NaN,NaN,NaN,NaN,0.0000,0.0000,0.0000,0.0000,0.0000,0.0000,Dark,
70.8087,0.0000,0.0000,0.0000,0.0000,NaN,NaN,NaN,NaN,NaN,NaN,0.0000,0.0000,0.0000,0.0000,0.0000,0.0000,Dark,
70.8204,0.0000,0.0000,0.0000,0.0000,NaN,NaN,NaN,NaN,NaN,NaN,0.0000,0.0000,0.0000,0.0000,0.0000,0.0000,Dark,
70.8315,0.0000,0.0000,0.0000,0.0000,NaN,NaN,NaN,NaN,NaN,NaN,0.0000,0.0000,0.0000,0.0000,0.0000,0.0000,Dark,
70.8424,0.0000,0.0000,0.0000,0.0000,NaN,NaN,NaN,NaN,NaN,NaN,0.0000,0.0000,0.0000,0.0000,0.0000,0.0000,Dark,
70.8535,0.0000,0.0000,0.0000,0.0000,NaN,NaN,NaN,NaN,NaN,NaN,0.0000,0.0000,0.0000,0.0000,0.0000,0.0000,Dark,
70.8655,0.0000,0.0000,0.0000,0.0000,NaN,NaN,NaN,NaN,NaN,NaN,0.0000,0.0000,0.0000,0.0000,0.0000,0.0000,Dark,
70.8761,0.0000,0.0000,0.0000,0.0000,NaN,NaN,NaN,NaN,NaN,NaN,0.0000,0.0000,0.0000,0.0000,0.0000,0.0000,Dark,
70.8869,0.0000,0.0000,0.0000,0.0000,NaN,NaN,NaN,NaN,NaN,NaN,0.0000,0.0000,0.0000,0.0000,0.0000,0.0000,Dark,
70.8987,0.0000,0.0000,0.0000,0.0000,NaN,NaN,NaN,NaN,NaN,NaN,0.0000,0.0000,0.0000,0.0000,0.0000,0.0000,Dark,
70.9110,0.0000,0.0000,0.0000,0.0000,NaN,NaN,NaN,NaN,NaN,NaN,0.0000,0.0000,0.0000,0.0000,0.0000,0.0000,Dark,
71.1196,0.0000,0.0000,0.0000,0.0000,NaN,NaN,NaN,NaN,NaN,NaN,0.0000,0.0000,0.0000,0.0000,0.0000,0.0000,Dark,
71.3298,0.0000,0.0000,0.0000,0.0000,NaN,NaN,NaN,NaN,NaN,NaN,0.0000,0.0000,0.0000,0.0000,0.0000,0.0000,Dark,
71.5405,0.0000,0.0000,0.0000,0.0000,NaN,NaN,NaN,NaN,NaN,NaN,0.0000,0.0000,0.0000,0.0000,0.0000,0.0000,Dark,
71.7461,0.0000,0.0000,0.0000,0.0000,NaN,NaN,NaN,NaN,NaN,NaN,0.0000,0.0000,0.0000,0.0000,0.0000,0.0000,Dark,
71.9567,0.0000,0.0000,0.0000,0.0000,NaN,NaN,NaN,NaN,NaN,NaN,0.0000,0.0000,0.0000,0.0000,0.0000,0.0000,Dark,
72.1672,0.0000,0.0000,0.0000,0.0000,NaN,NaN,NaN,NaN,NaN,NaN,0.0000,0.0000,0.0000,0.0000,0.0000,0.0000,Dark,
72.3788,0.0000,0.0000,0.0000,0.0000,NaN,NaN,NaN,NaN,NaN,NaN,0.0000,0.0000,0.0000,0.0000,0.0000,0.0000,Dark,
72.5894,0.0000,0.0000,0.0000,0.0000,NaN,NaN,NaN,NaN,NaN,NaN,0.0000,0.0000,0.0000,0.0000,0.0000,0.0000,Dark,
72.7993,0.0000,0.0000,0.0000,0.0000,NaN,NaN,NaN,NaN,NaN,NaN,0.0000,0.0000,0.0000,0.0000,0.0000,0.0000,Dark,
73.0099,0.0000,0.0000,0.0000,0.0000,NaN,NaN,NaN,NaN,NaN,NaN,0.0000,0.0000,0.0000,0.0000,0.0000,0.0000,Dark,
73.2201,0.0000,0.0000,0.0000,0.0000,NaN,NaN,NaN,NaN,NaN,NaN,0.0000,0.0000,0.0000,0.0000,0.0000,0.0000,Dark,
73.4313,0.0000,0.0000,0.0000,0.0000,NaN,NaN,NaN,NaN,NaN,NaN,0.0000,0.0000,0.0000,0.0000,0.0000,0.0000,Dark,
73.6410,0.0000,0.0000,0.0000,0.0000,NaN,NaN,NaN,NaN,NaN,NaN,0.0000,0.0000,0.0000,0.0000,0.0000,0.0000,Dark,
73.8470,0.0000,0.0000,0.0000,0.0000,NaN,NaN,NaN,NaN,NaN,NaN,0.0000,0.0000,0.0000,0.0000,0.0000,0.0000,Dark,
74.0629,0.0000,0.0000,0.0000,0.0000,NaN,NaN,NaN,NaN,NaN,NaN,0.0000,0.0000,0.0000,0.0000,0.0000,0.0000,Dark,
74.2685,0.0000,0.0000,0.0000,0.0000,NaN,NaN,NaN,NaN,NaN,NaN,0.0000,0.0000,0.0000,0.0000,0.0000,0.0000,Dark,
74.4711,0.0000,0.0000,0.0000,0.0000,NaN,NaN,NaN,NaN,NaN,NaN,0.0000,0.0000,0.0000,0.0000,0.0000,0.0000,Dark,
74.6823,0.0000,0.0000,0.0000,0.0000,NaN,NaN,NaN,NaN,NaN,NaN,0.0000,0.0000,0.0000,0.0000,0.0000,0.0000,Dark,
74.8922,0.0000,0.0000,0.0000,0.0000,NaN,NaN,NaN,NaN,NaN,NaN,0.0000,0.0000,0.0000,0.0000,0.0000,0.0000,Dark,
75.0972,0.0000,0.0000,0.0000,0.0000,NaN,NaN,NaN,NaN,NaN,NaN,0.0000,0.0000,0.0000,0.0000,0.0000,0.0000,Dark,
75.3210,0.0000,0.0000,0.0000,0.0000,NaN,NaN,NaN,NaN,NaN,NaN,0.0000,0.0000,0.0000,0.0000,0.0000,0.0000,Dark,
75.5273,0.0000,0.0000,0.0000,0.0000,NaN,NaN,NaN,NaN,NaN,NaN,0.0000,0.0000,0.0000,0.0000,0.0000,0.0000,Dark,
75.7385,0.0000,0.0000,0.0000,0.0000,NaN,NaN,NaN,NaN,NaN,NaN,0.0000,0.0000,0.0000,0.0000,0.0000,0.0000,Dark,
75.9490,0.0000,0.0000,0.0000,0.0000,NaN,NaN,NaN,NaN,NaN,NaN,0.0000,0.0000,0.0000,0.0000,0.0000,0.0000,Dark,
76.1603,0.0000,0.0000,0.0000,0.0000,NaN,NaN,NaN,NaN,NaN,NaN,0.0000,0.0000,0.0000,0.0000,0.0000,0.0000,Dark,
76.3661,0.0000,0.0000,0.0000,0.0000,NaN,NaN,NaN,NaN,NaN,NaN,0.0000,0.0000,0.0000,0.0000,0.0000,0.0000,Dark,
76.5775,0.0000,0.0000,0.0000,0.0000,NaN,NaN,NaN,NaN,NaN,NaN,0.0000,0.0000,0.0000,0.0000,0.0000,0.0000,Dark,
76.7877,0.0000,0.0000,0.0000,0.0000,NaN,NaN,NaN,NaN,NaN,NaN,0.0000,0.0000,0.0000,0.0000,0.0000,0.0000,Dark,
76.9984,0.0000,0.0000,0.0000,0.0000,NaN,NaN,NaN,NaN,NaN,NaN,0.0000,0.0000,0.0000,0.0000,0.0000,0.0000,Dark,
77.2079,0.0000,0.0000,0.0000,0.0000,NaN,NaN,NaN,NaN,NaN,NaN,0.0000,0.0000,0.0000,0.0000,0.0000,0.0000,Dark,
77.4178,0.0000,0.0000,0.0000,0.0000,NaN,NaN,NaN,NaN,NaN,NaN,0.0000,0.0000,0.0000,0.0000,0.0000,0.0000,Dark,
77.6241,0.0000,0.0000,0.0000,0.0000,NaN,NaN,NaN,NaN,NaN,NaN,0.0000,0.0000,0.0000,0.0000,0.0000,0.0000,Dark,
77.8414,0.0000,0.0000,0.0000,0.0000,NaN,NaN,NaN,NaN,NaN,NaN,0.0000,0.0000,0.0000,0.0000,0.0000,0.0000,Dark,
78.0512,0.0000,0.0000,0.0000,0.0000,NaN,NaN,NaN,NaN,NaN,NaN,0.0000,0.0000,0.0000,0.0000,0.0000,0.0000,Dark,
78.2564,0.0000,0.0000,0.0000,0.0000,NaN,NaN,NaN,NaN,NaN,NaN,0.0000,0.0000,0.0000,0.0000,0.0000,0.0000,Dark,
78.4585,0.0000,0.0000,0.0000,0.0000,NaN,NaN,NaN,NaN,NaN,NaN,0.0000,0.0000,0.0000,0.0000,0.0000,0.0000,Dark,
78.6691,0.0000,0.0000,0.0000,0.0000,NaN,NaN,NaN,NaN,NaN,NaN,0.0000,0.0000,0.0000,0.0000,0.0000,0.0000,Dark,
78.8802,0.0000,0.0000,0.0000,0.0000,NaN,NaN,NaN,NaN,NaN,NaN,0.0000,0.0000,0.0000,0.0000,0.0000,0.0000,Dark,
79.0975,0.0000,0.0000,0.0000,0.0000,NaN,NaN,NaN,NaN,NaN,NaN,0.0000,0.0000,0.0000,0.0000,0.0000,0.0000,Dark,
79.3006,0.0000,0.0000,0.0000,0.0000,NaN,NaN,NaN,NaN,NaN,NaN,0.0000,0.0000,0.0000,0.0000,0.0000,0.0000,Dark,
79.5066,0.0000,0.0000,0.0000,0.0000,NaN,NaN,NaN,NaN,NaN,NaN,0.0000,0.0000,0.0000,0.0000,0.0000,0.0000,Dark,
79.7118,0.0000,0.0000,0.0000,0.0000,NaN,NaN,NaN,NaN,NaN,NaN,0.0000,0.0000,0.0000,0.0000,0.0000,0.0000,Dark,
79.9184,0.0000,0.0000,0.0000,0.0000,NaN,NaN,NaN,NaN,NaN,NaN,0.0000,0.0000,0.0000,0.0000,0.0000,0.0000,Dark,
80.1241,0.0000,0.0000,0.0000,0.0000,NaN,NaN,NaN,NaN,NaN,NaN,0.0000,0.0000,0.0000,0.0000,0.0000,0.0000,Dark,
80.3256,0.0000,0.0000,0.0000,0.0000,NaN,NaN,NaN,NaN,NaN,NaN,0.0000,0.0000,0.0000,0.0000,0.0000,0.0000,Dark,
80.5366,0.0000,0.0000,0.0000,0.0000,NaN,NaN,NaN,NaN,NaN,NaN,0.0000,0.0000,0.0000,0.0000,0.0000,0.0000,Dark,
80.7472,0.0000,0.0000,0.0000,0.0000,NaN,NaN,NaN,NaN,NaN,NaN,0.0000,0.0000,0.0000,0.0000,0.0000,0.0000,Dark,
80.9528,0.0000,0.0000,0.0000,0.0000,NaN,NaN,NaN,NaN,NaN,NaN,0.0000,0.0000,0.0000,0.0000,0.0000,0.0000,Dark,
81.1856,0.0000,0.0000,0.0000,0.0000,NaN,NaN,NaN,NaN,NaN,NaN,0.0000,0.0000,0.0000,0.0000,0.0000,0.0000,Dark,
81.3767,0.0000,0.0000,0.0000,0.0000,NaN,NaN,NaN,NaN,NaN,NaN,0.0000,0.0000,0.0000,0.0000,0.0000,0.0000,Dark,
81.5940,0.0000,0.0000,0.0000,0.0000,NaN,NaN,NaN,NaN,NaN,NaN,0.0000,0.0000,0.0000,0.0000,0.0000,0.0000,Dark,
81.8039,0.0000,0.0000,0.0000,0.0000,NaN,NaN,NaN,NaN,NaN,NaN,0.0000,0.0000,0.0000,0.0000,0.0000,0.0000,Dark,
82.0163,0.0000,0.0000,0.0000,0.0000,NaN,NaN,NaN,NaN,NaN,NaN,0.0000,0.0000,0.0000,0.0000,0.0000,0.0000,Dark,
82.2204,0.0000,0.0000,0.0000,0.0000,NaN,NaN,NaN,NaN,NaN,NaN,0.0000,0.0000,0.0000,0.0000,0.0000,0.0000,Dark,
82.4431,0.0000,0.0000,0.0000,0.0000,NaN,NaN,NaN,NaN,NaN,NaN,0.0000,0.0000,0.0000,0.0000,0.0000,0.0000,Dark,
82.6532,0.0000,0.0000,0.0000,0.0000,NaN,NaN,NaN,NaN,NaN,NaN,0.0000,0.0000,0.0000,0.0000,0.0000,0.0000,Dark,
82.8597,0.0000,0.0000,0.0000,0.0000,NaN,NaN,NaN,NaN,NaN,NaN,0.0000,0.0000,0.0000,0.0000,0.0000,0.0000,Dark,
83.0653,0.0000,0.0000,0.0000,0.0000,NaN,NaN,NaN,NaN,NaN,NaN,0.0000,0.0000,0.0000,0.0000,0.0000,0.0000,Dark,
83.2829,0.0000,0.0000,0.0000,0.0000,NaN,NaN,NaN,NaN,NaN,NaN,0.0000,0.0000,0.0000,0.0000,0.0000,0.0000,Dark,
83.4880,0.0000,0.0000,0.0000,0.0000,NaN,NaN,NaN,NaN,NaN,NaN,0.0000,0.0000,0.0000,0.0000,0.0000,0.0000,Dark,
83.7094,0.0000,0.0000,0.0000,0.0000,NaN,NaN,NaN,NaN,NaN,NaN,0.0000,0.0000,0.0000,0.0000,0.0000,0.0000,Dark,
83.9189,0.0000,0.0000,0.0000,0.0000,NaN,NaN,NaN,NaN,NaN,NaN,0.0000,0.0000,0.0000,0.0000,0.0000,0.0000,Dark,
84.1296,0.0000,0.0000,0.0000,0.0000,NaN,NaN,NaN,NaN,NaN,NaN,0.0000,0.0000,0.0000,0.0000,0.0000,0.0000,Dark,
84.3399,0.0000,0.0000,0.0000,0.0000,NaN,NaN,NaN,NaN,NaN,NaN,0.0000,0.0000,0.0000,0.0000,0.0000,0.0000,Dark,
84.5522,0.0000,0.0000,0.0000,0.0000,NaN,NaN,NaN,NaN,NaN,NaN,0.0000,0.0000,0.0000,0.0000,0.0000,0.0000,Dark,
84.7606,0.0000,0.0000,0.0000,0.0000,NaN,NaN,NaN,NaN,NaN,NaN,0.0000,0.0000,0.0000,0.0000,0.0000,0.0000,Dark,
84.9707,0.0000,0.0000,0.0000,0.0000,NaN,NaN,NaN,NaN,NaN,NaN,0.0000,0.0000,0.0000,0.0000,0.0000,0.0000,Dark,
85.1817,0.0000,0.0000,0.0000,0.0000,NaN,NaN,NaN,NaN,NaN,NaN,0.0000,0.0000,0.0000,0.0000,0.0000,0.0000,Dark,
85.3928,0.0000,0.0000,0.0000,0.0000,NaN,NaN,NaN,NaN,NaN,NaN,0.0000,0.0000,0.0000,0.0000,0.0000,0.0000,Dark,
85.6023,0.0000,0.0000,0.0000,0.0000,NaN,NaN,NaN,NaN,NaN,NaN,0.0000,0.0000,0.0000,0.0000,0.0000,0.0000,Dark,
85.8128,0.0000,0.0000,0.0000,0.0000,NaN,NaN,NaN,NaN,NaN,NaN,0.0000,0.0000,0.0000,0.0000,0.0000,0.0000,Dark,
86.0231,0.0000,0.0000,0.0000,0.0000,NaN,NaN,NaN,NaN,NaN,NaN,0.0000,0.0000,0.0000,0.0000,0.0000,0.0000,Dark,
86.2342,0.0000,0.0000,0.0000,0.0000,NaN,NaN,NaN,NaN,NaN,NaN,0.0000,0.0000,0.0000,0.0000,0.0000,0.0000,Dark,
86.4392,0.0000,0.0000,0.0000,0.0000,NaN,NaN,NaN,NaN,NaN,NaN,0.0000,0.0000,0.0000,0.0000,0.0000,0.0000,Dark,
86.6490,0.0000,0.0000,0.0000,0.0000,NaN,NaN,NaN,NaN,NaN,NaN,0.0000,0.0000,0.0000,0.0000,0.0000,0.0000,Dark,
86.8601,0.0000,0.0000,0.0000,0.0000,NaN,NaN,NaN,NaN,NaN,NaN,0.0000,0.0000,0.0000,0.0000,0.0000,0.0000,Dark,
87.0721,0.0000,0.0000,0.0000,0.0000,NaN,NaN,NaN,NaN,NaN,NaN,0.0000,0.0000,0.0000,0.0000,0.0000,0.0000,Dark,
87.2826,0.0000,0.0000,0.0000,0.0000,NaN,NaN,NaN,NaN,NaN,NaN,0.0000,0.0000,0.0000,0.0000,0.0000,0.0000,Dark,
87.4933,0.0000,0.0000,0.0000,0.0000,NaN,NaN,NaN,NaN,NaN,NaN,0.0000,0.0000,0.0000,0.0000,0.0000,0.0000,Dark,
87.7134,0.0000,0.0000,0.0000,0.0000,NaN,NaN,NaN,NaN,NaN,NaN,0.0000,0.0000,0.0000,0.0000,0.0000,0.0000,Dark,
87.9193,0.0000,0.0000,0.0000,0.0000,NaN,NaN,NaN,NaN,NaN,NaN,0.0000,0.0000,0.0000,0.0000,0.0000,0.0000,Dark,
88.1254,0.0000,0.0000,0.0000,0.0000,NaN,NaN,NaN,NaN,NaN,NaN,0.0000,0.0000,0.0000,0.0000,0.0000,0.0000,Dark,
88.3353,0.0000,0.0000,0.0000,0.0000,NaN,NaN,NaN,NaN,NaN,NaN,0.0000,0.0000,0.0000,0.0000,0.0000,0.0000,Dark,
88.5457,0.0000,0.0000,0.0000,0.0000,NaN,NaN,NaN,NaN,NaN,NaN,0.0000,0.0000,0.0000,0.0000,0.0000,0.0000,Dark,
88.7513,0.0000,0.0000,0.0000,0.0000,NaN,NaN,NaN,NaN,NaN,NaN,0.0000,0.0000,0.0000,0.0000,0.0000,0.0000,Dark,
88.9682,0.0000,0.0000,0.0000,0.0000,NaN,NaN,NaN,NaN,NaN,NaN,0.0000,0.0000,0.0000,0.0000,0.0000,0.0000,Dark,
89.1779,0.0000,0.0000,0.0000,0.0000,NaN,NaN,NaN,NaN,NaN,NaN,0.0000,0.0000,0.0000,0.0000,0.0000,0.0000,Dark,
89.3888,0.0000,0.0000,0.0000,0.0000,NaN,NaN,NaN,NaN,NaN,NaN,0.0000,0.0000,0.0000,0.0000,0.0000,0.0000,Dark,
89.5984,0.0000,0.0000,0.0000,0.0000,NaN,NaN,NaN,NaN,NaN,NaN,0.0000,0.0000,0.0000,0.0000,0.0000,0.0000,Dark,
89.8086,0.0000,0.0000,0.0000,0.0000,NaN,NaN,NaN,NaN,NaN,NaN,0.0000,0.0000,0.0000,0.0000,0.0000,0.0000,Dark,
90.0191,0.0000,0.0000,0.0000,0.0000,NaN,NaN,NaN,NaN,NaN,NaN,0.0000,0.0000,0.0000,0.0000,0.0000,0.0000,Dark,
90.2248,0.0000,0.0000,0.0000,0.0000,NaN,NaN,NaN,NaN,NaN,NaN,0.0000,0.0000,0.0000,0.0000,0.0000,0.0000,Dark,
90.4310,0.0000,0.0000,0.0000,0.0000,NaN,NaN,NaN,NaN,NaN,NaN,0.0000,0.0000,0.0000,0.0000,0.0000,0.0000,Dark,
90.6363,0.0000,0.0000,0.0000,0.0000,NaN,NaN,NaN,NaN,NaN,NaN,0.0000,0.0000,0.0000,0.0000,0.0000,0.0000,Dark,
90.8484,0.0000,0.0000,0.0000,0.0000,NaN,NaN,NaN,NaN,NaN,NaN,0.0000,0.0000,0.0000,0.0000,0.0000,0.0000,Dark,
91.0595,0.0000,0.0000,0.0000,0.0000,NaN,NaN,NaN,NaN,NaN,NaN,0.0000,0.0000,0.0000,0.0000,0.0000,0.0000,Dark,
91.2742,0.0000,0.0000,0.0000,0.0000,NaN,NaN,NaN,NaN,NaN,NaN,0.0000,0.0000,0.0000,0.0000,0.0000,0.0000,Dark,
91.4840,0.0000,0.0000,0.0000,0.0000,NaN,NaN,NaN,NaN,NaN,NaN,0.0000,0.0000,0.0000,0.0000,0.0000,0.0000,Dark,
91.6943,0.0000,0.0000,0.0000,0.0000,NaN,NaN,NaN,NaN,NaN,NaN,0.0000,0.0000,0.0000,0.0000,0.0000,0.0000,Dark,
91.9054,0.0000,0.0000,0.0000,0.0000,NaN,NaN,NaN,NaN,NaN,NaN,0.0000,0.0000,0.0000,0.0000,0.0000,0.0000,Dark,
92.1116,0.0000,0.0000,0.0000,0.0000,NaN,NaN,NaN,NaN,NaN,NaN,0.0000,0.0000,0.0000,0.0000,0.0000,0.0000,Dark,
92.3214,0.0000,0.0000,0.0000,0.0000,NaN,NaN,NaN,NaN,NaN,NaN,0.0000,0.0000,0.0000,0.0000,0.0000,0.0000,Dark,
92.5316,0.0000,0.0000,0.0000,0.0000,NaN,NaN,NaN,NaN,NaN,NaN,0.0000,0.0000,0.0000,0.0000,0.0000,0.0000,Dark,
92.7432,0.0000,0.0000,0.0000,0.0000,NaN,NaN,NaN,NaN,NaN,NaN,0.0000,0.0000,0.0000,0.0000,0.0000,0.0000,Dark,
92.9528,0.0000,0.0000,0.0000,0.0000,NaN,NaN,NaN,NaN,NaN,NaN,0.0000,0.0000,0.0000,0.0000,0.0000,0.0000,Dark,
93.1633,0.0000,0.0000,0.0000,0.0000,NaN,NaN,NaN,NaN,NaN,NaN,0.0000,0.0000,0.0000,0.0000,0.0000,0.0000,Dark,
93.3739,0.0000,0.0000,0.0000,0.0000,NaN,NaN,NaN,NaN,NaN,NaN,0.0000,0.0000,0.0000,0.0000,0.0000,0.0000,Dark,
93.5834,0.0000,0.0000,0.0000,0.0000,NaN,NaN,NaN,NaN,NaN,NaN,0.0000,0.0000,0.0000,0.0000,0.0000,0.0000,Dark,
93.7951,0.0000,0.0000,0.0000,0.0000,NaN,NaN,NaN,NaN,NaN,NaN,0.0000,0.0000,0.0000,0.0000,0.0000,0.0000,Dark,
94.0013,0.0000,0.0000,0.0000,0.0000,NaN,NaN,NaN,NaN,NaN,NaN,0.0000,0.0000,0.0000,0.0000,0.0000,0.0000,Dark,
94.2062,0.0000,0.0000,0.0000,0.0000,NaN,NaN,NaN,NaN,NaN,NaN,0.0000,0.0000,0.0000,0.0000,0.0000,0.0000,Dark,
94.4133,0.0000,0.0000,0.0000,0.0000,NaN,NaN,NaN,NaN,NaN,NaN,0.0000,0.0000,0.0000,0.0000,0.0000,0.0000,Dark,
94.6236,0.0000,0.0000,0.0000,0.0000,NaN,NaN,NaN,NaN,NaN,NaN,0.0000,0.0000,0.0000,0.0000,0.0000,0.0000,Dark,
94.8290,0.0000,0.0000,0.0000,0.0000,NaN,NaN,NaN,NaN,NaN,NaN,0.0000,0.0000,0.0000,0.0000,0.0000,0.0000,Dark,
95.0462,0.0000,0.0000,0.0000,0.0000,NaN,NaN,NaN,NaN,NaN,NaN,0.0000,0.0000,0.0000,0.0000,0.0000,0.0000,Dark,
95.2533,0.0000,0.0000,0.0000,0.0000,NaN,NaN,NaN,NaN,NaN,NaN,0.0000,0.0000,0.0000,0.0000,0.0000,0.0000,Dark,
95.4699,0.0000,0.0000,0.0000,0.0000,NaN,NaN,NaN,NaN,NaN,NaN,0.0000,0.0000,0.0000,0.0000,0.0000,0.0000,Dark,
95.6800,0.0000,0.0000,0.0000,0.0000,NaN,NaN,NaN,NaN,NaN,NaN,0.0000,0.0000,0.0000,0.0000,0.0000,0.0000,Dark,
95.8918,0.0000,0.0000,0.0000,0.0000,NaN,NaN,NaN,NaN,NaN,NaN,0.0000,0.0000,0.0000,0.0000,0.0000,0.0000,Dark,
96.1136,0.0000,0.0000,0.0000,0.0000,NaN,NaN,NaN,NaN,NaN,NaN,0.0000,0.0000,0.0000,0.0000,0.0000,0.0000,Dark,
96.3128,0.0000,0.0000,0.0000,0.0000,NaN,NaN,NaN,NaN,NaN,NaN,0.0000,0.0000,0.0000,0.0000,0.0000,0.0000,Dark,
96.5248,0.0000,0.0000,0.0000,0.0000,NaN,NaN,NaN,NaN,NaN,NaN,0.0000,0.0000,0.0000,0.0000,0.0000,0.0000,Dark,
96.7347,0.0000,0.0000,0.0000,0.0000,NaN,NaN,NaN,NaN,NaN,NaN,0.0000,0.0000,0.0000,0.0000,0.0000,0.0000,Dark,
96.9398,0.0000,0.0000,0.0000,0.0000,NaN,NaN,NaN,NaN,NaN,NaN,0.0000,0.0000,0.0000,0.0000,0.0000,0.0000,Dark,
97.1417,0.0000,0.0000,0.0000,0.0000,NaN,NaN,NaN,NaN,NaN,NaN,0.0000,0.0000,0.0000,0.0000,0.0000,0.0000,Dark,
97.3465,0.0000,0.0000,0.0000,0.0000,NaN,NaN,NaN,NaN,NaN,NaN,0.0000,0.0000,0.0000,0.0000,0.0000,0.0000,Dark,
97.5652,0.0000,0.0000,0.0000,0.0000,NaN,NaN,NaN,NaN,NaN,NaN,0.0000,0.0000,0.0000,0.0000,0.0000,0.0000,Dark,
97.7701,0.0000,0.0000,0.0000,0.0000,NaN,NaN,NaN,NaN,NaN,NaN,0.0000,0.0000,0.0000,0.0000,0.0000,0.0000,Dark,
97.9715,0.0000,0.0000,0.0000,0.0000,NaN,NaN,NaN,NaN,NaN,NaN,0.0000,0.0000,0.0000,0.0000,0.0000,0.0000,Dark,
98.1816,0.0000,0.0000,0.0000,0.0000,NaN,NaN,NaN,NaN,NaN,NaN,0.0000,0.0000,0.0000,0.0000,0.0000,0.0000,Dark,
98.3920,0.0000,0.0000,0.0000,0.0000,NaN,NaN,NaN,NaN,NaN,NaN,0.0000,0.0000,0.0000,0.0000,0.0000,0.0000,Dark,
98.6018,0.0000,0.0000,0.0000,0.0000,NaN,NaN,NaN,NaN,NaN,NaN,0.0000,0.0000,0.0000,0.0000,0.0000,0.0000,Dark,
98.8141,0.0000,0.0000,0.0000,0.0000,NaN,NaN,NaN,NaN,NaN,NaN,0.0000,0.0000,0.0000,0.0000,0.0000,0.0000,Dark,
99.0238,0.0000,0.0000,0.0000,0.0000,NaN,NaN,NaN,NaN,NaN,NaN,0.0000,0.0000,0.0000,0.0000,0.0000,0.0000,Dark,
99.2334,0.0000,0.0000,0.0000,0.0000,NaN,NaN,NaN,NaN,NaN,NaN,0.0000,0.0000,0.0000,0.0000,0.0000,0.0000,Dark,
99.4439,0.0000,0.0000,0.0000,0.0000,NaN,NaN,NaN,NaN,NaN,NaN,0.0000,0.0000,0.0000,0.0000,0.0000,0.0000,Dark,
99.6510,0.0000,0.0000,0.0000,0.0000,NaN,NaN,NaN,NaN,NaN,NaN,0.0000,0.0000,0.0000,0.0000,0.0000,0.0000,Dark,
99.8536,0.0000,0.0000,0.0000,0.0000,NaN,NaN,NaN,NaN,NaN,NaN,0.0000,0.0000,0.0000,0.0000,0.0000,0.0000,Dark,
100.0668,0.0000,0.0000,0.0000,0.0000,NaN,NaN,NaN,NaN,NaN,NaN,0.0000,0.0000,0.0000,0.0000,0.0000,0.0000,Dark,
100.2813,0.0000,0.0000,0.0000,0.0000,NaN,NaN,NaN,NaN,NaN,NaN,0.0000,0.0000,0.0000,0.0000,0.0000,0.0000,Dark,
100.4918,0.0000,0.0000,0.0000,0.0000,NaN,NaN,NaN,NaN,NaN,NaN,0.0000,0.0000,0.0000,0.0000,0.0000,0.0000,Dark,
100.6971,0.0000,0.0000,0.0000,0.0000,NaN,NaN,NaN,NaN,NaN,NaN,0.0000,0.0000,0.0000,0.0000,0.0000,0.0000,Dark,
100.9074,0.0000,0.0000,0.0000,0.0000,NaN,NaN,NaN,NaN,NaN,NaN,0.0000,0.0000,0.0000,0.0000,0.0000,0.0000,Dark,
101.1131,0.0000,0.0000,0.0000,0.0000,NaN,NaN,NaN,NaN,NaN,NaN,0.0000,0.0000,0.0000,0.0000,0.0000,0.0000,Dark,
101.3343,0.0000,0.0000,0.0000,0.0000,NaN,NaN,NaN,NaN,NaN,NaN,0.0000,0.0000,0.0000,0.0000,0.0000,0.0000,Dark,
101.5494,0.0000,0.0000,0.0000,0.0000,NaN,NaN,NaN,NaN,NaN,NaN,0.0000,0.0000,0.0000,0.0000,0.0000,0.0000,Dark,
101.7504,0.0000,0.0000,0.0000,0.0000,NaN,NaN,NaN,NaN,NaN,NaN,0.0000,0.0000,0.0000,0.0000,0.0000,0.0000,Dark,
101.9607,0.0000,0.0000,0.0000,0.0000,NaN,NaN,NaN,NaN,NaN,NaN,0.0000,0.0000,0.0000,0.0000,0.0000,0.0000,Dark,
102.1716,0.0000,0.0000,0.0000,0.0000,NaN,NaN,NaN,NaN,NaN,NaN,0.0000,0.0000,0.0000,0.0000,0.0000,0.0000,Dark,
102.3828,0.0000,0.0000,0.0000,0.0000,NaN,NaN,NaN,NaN,NaN,NaN,0.0000,0.0000,0.0000,0.0000,0.0000,0.0000,Dark,
102.6056,0.0000,0.0000,0.0000,0.0000,NaN,NaN,NaN,NaN,NaN,NaN,0.0000,0.0000,0.0000,0.0000,0.0000,0.0000,Dark,
102.8090,0.0000,0.0000,0.0000,0.0000,NaN,NaN,NaN,NaN,NaN,NaN,0.0000,0.0000,0.0000,0.0000,0.0000,0.0000,Dark,
103.0190,0.0000,0.0000,0.0000,0.0000,NaN,NaN,NaN,NaN,NaN,NaN,0.0000,0.0000,0.0000,0.0000,0.0000,0.0000,Dark,
103.2306,0.0000,0.0000,0.0000,0.0000,NaN,NaN,NaN,NaN,NaN,NaN,0.0000,0.0000,0.0000,0.0000,0.0000,0.0000,Dark,
103.4357,0.0000,0.0000,0.0000,0.0000,NaN,NaN,NaN,NaN,NaN,NaN,0.0000,0.0000,0.0000,0.0000,0.0000,0.0000,Dark,
103.6461,0.0000,0.0000,0.0000,0.0000,NaN,NaN,NaN,NaN,NaN,NaN,0.0000,0.0000,0.0000,0.0000,0.0000,0.0000,Dark,
103.8565,0.0000,0.0000,0.0000,0.0000,NaN,NaN,NaN,NaN,NaN,NaN,0.0000,0.0000,0.0000,0.0000,0.0000,0.0000,Dark,
104.0626,0.0000,0.0000,0.0000,0.0000,NaN,NaN,NaN,NaN,NaN,NaN,0.0000,0.0000,0.0000,0.0000,0.0000,0.0000,Dark,
104.2858,0.0000,0.0000,0.0000,0.0000,NaN,NaN,NaN,NaN,NaN,NaN,0.0000,0.0000,0.0000,0.0000,0.0000,0.0000,Dark,
104.4928,0.0000,0.0000,0.0000,0.0000,NaN,NaN,NaN,NaN,NaN,NaN,0.0000,0.0000,0.0000,0.0000,0.0000,0.0000,Dark,
104.7003,0.0000,0.0000,0.0000,0.0000,NaN,NaN,NaN,NaN,NaN,NaN,0.0000,0.0000,0.0000,0.0000,0.0000,0.0000,Dark,
104.9056,0.0000,0.0000,0.0000,0.0000,NaN,NaN,NaN,NaN,NaN,NaN,0.0000,0.0000,0.0000,0.0000,0.0000,0.0000,Dark,
105.1088,0.0000,0.0000,0.0000,0.0000,NaN,NaN,NaN,NaN,NaN,NaN,0.0000,0.0000,0.0000,0.0000,0.0000,0.0000,Dark,
105.3201,0.0000,0.0000,0.0000,0.0000,NaN,NaN,NaN,NaN,NaN,NaN,0.0000,0.0000,0.0000,0.0000,0.0000,0.0000,Dark,
105.5320,0.0000,0.0000,0.0000,0.0000,NaN,NaN,NaN,NaN,NaN,NaN,0.0000,0.0000,0.0000,0.0000,0.0000,0.0000,Dark,
105.7458,0.0000,0.0000,0.0000,0.0000,NaN,NaN,NaN,NaN,NaN,NaN,0.0000,0.0000,0.0000,0.0000,0.0000,0.0000,Dark,
105.9559,0.0000,0.0000,0.0000,0.0000,NaN,NaN,NaN,NaN,NaN,NaN,0.0000,0.0000,0.0000,0.0000,0.0000,0.0000,Dark,
106.1666,0.0000,0.0000,0.0000,0.0000,NaN,NaN,NaN,NaN,NaN,NaN,0.0000,0.0000,0.0000,0.0000,0.0000,0.0000,Dark,
106.3772,0.0000,0.0000,0.0000,0.0000,NaN,NaN,NaN,NaN,NaN,NaN,0.0000,0.0000,0.0000,0.0000,0.0000,0.0000,Dark,
106.5827,0.0000,0.0000,0.0000,0.0000,NaN,NaN,NaN,NaN,NaN,NaN,0.0000,0.0000,0.0000,0.0000,0.0000,0.0000,Dark,
106.7931,0.0000,0.0000,0.0000,0.0000,NaN,NaN,NaN,NaN,NaN,NaN,0.0000,0.0000,0.0000,0.0000,0.0000,0.0000,Dark,
107.0095,0.0000,0.0000,0.0000,0.0000,NaN,NaN,NaN,NaN,NaN,NaN,0.0000,0.0000,0.0000,0.0000,0.0000,0.0000,Dark,
107.2195,0.0000,0.0000,0.0000,0.0000,NaN,NaN,NaN,NaN,NaN,NaN,0.0000,0.0000,0.0000,0.0000,0.0000,0.0000,Dark,
107.4312,0.0000,0.0000,0.0000,0.0000,NaN,NaN,NaN,NaN,NaN,NaN,0.0000,0.0000,0.0000,0.0000,0.0000,0.0000,Dark,
107.6409,0.0000,0.0000,0.0000,0.0000,NaN,NaN,NaN,NaN,NaN,NaN,0.0000,0.0000,0.0000,0.0000,0.0000,0.0000,Dark,
107.8515,0.0000,0.0000,0.0000,0.0000,NaN,NaN,NaN,NaN,NaN,NaN,0.0000,0.0000,0.0000,0.0000,0.0000,0.0000,Dark,
108.0616,0.0000,0.0000,0.0000,0.0000,NaN,NaN,NaN,NaN,NaN,NaN,0.0000,0.0000,0.0000,0.0000,0.0000,0.0000,Dark,
108.2723,0.0000,0.0000,0.0000,0.0000,NaN,NaN,NaN,NaN,NaN,NaN,0.0000,0.0000,0.0000,0.0000,0.0000,0.0000,Dark,
108.4794,0.0000,0.0000,0.0000,0.0000,NaN,NaN,NaN,NaN,NaN,NaN,0.0000,0.0000,0.0000,0.0000,0.0000,0.0000,Dark,
108.6897,0.0000,0.0000,0.0000,0.0000,NaN,NaN,NaN,NaN,NaN,NaN,0.0000,0.0000,0.0000,0.0000,0.0000,0.0000,Dark,
108.9053,0.0000,0.0000,0.0000,0.0000,NaN,NaN,NaN,NaN,NaN,NaN,0.0000,0.0000,0.0000,0.0000,0.0000,0.0000,Dark,
109.1115,0.0000,0.0000,0.0000,0.0000,NaN,NaN,NaN,NaN,NaN,NaN,0.0000,0.0000,0.0000,0.0000,0.0000,0.0000,Dark,
109.3215,0.0000,0.0000,0.0000,0.0000,NaN,NaN,NaN,NaN,NaN,NaN,0.0000,0.0000,0.0000,0.0000,0.0000,0.0000,Dark,
109.5321,0.0000,0.0000,0.0000,0.0000,NaN,NaN,NaN,NaN,NaN,NaN,0.0000,0.0000,0.0000,0.0000,0.0000,0.0000,Dark,
109.7426,0.0000,0.0000,0.0000,0.0000,NaN,NaN,NaN,NaN,NaN,NaN,0.0000,0.0000,0.0000,0.0000,0.0000,0.0000,Dark,
109.9532,0.0000,0.0000,0.0000,0.0000,NaN,NaN,NaN,NaN,NaN,NaN,0.0000,0.0000,0.0000,0.0000,0.0000,0.0000,Dark,
110.1667,0.0000,0.0000,0.0000,0.0000,NaN,NaN,NaN,NaN,NaN,NaN,0.0000,0.0000,0.0000,0.0000,0.0000,0.0000,Dark,
110.3723,0.0000,0.0000,0.0000,0.0000,NaN,NaN,NaN,NaN,NaN,NaN,0.0000,0.0000,0.0000,0.0000,0.0000,0.0000,Dark,
110.5940,0.0000,0.0000,0.0000,0.0000,NaN,NaN,NaN,NaN,NaN,NaN,0.0000,0.0000,0.0000,0.0000,0.0000,0.0000,Dark,
110.8077,0.0000,0.0000,0.0000,0.0000,NaN,NaN,NaN,NaN,NaN,NaN,0.0000,0.0000,0.0000,0.0000,0.0000,0.0000,Dark,
111.0147,0.0000,0.0000,0.0000,0.0000,NaN,NaN,NaN,NaN,NaN,NaN,0.0000,0.0000,0.0000,0.0000,0.0000,0.0000,Dark,
111.2215,0.0000,0.0000,0.0000,0.0000,NaN,NaN,NaN,NaN,NaN,NaN,0.0000,0.0000,0.0000,0.0000,0.0000,0.0000,Dark,
111.4376,0.0000,0.0000,0.0000,0.0000,NaN,NaN,NaN,NaN,NaN,NaN,0.0000,0.0000,0.0000,0.0000,0.0000,0.0000,Dark,
111.6484,0.0000,0.0000,0.0000,0.0000,NaN,NaN,NaN,NaN,NaN,NaN,0.0000,0.0000,0.0000,0.0000,0.0000,0.0000,Dark,
111.8587,0.0000,0.0000,0.0000,0.0000,NaN,NaN,NaN,NaN,NaN,NaN,0.0000,0.0000,0.0000,0.0000,0.0000,0.0000,Dark,
112.0689,0.0000,0.0000,0.0000,0.0000,NaN,NaN,NaN,NaN,NaN,NaN,0.0000,0.0000,0.0000,0.0000,0.0000,0.0000,Dark,
112.2799,0.0000,0.0000,0.0000,0.0000,NaN,NaN,NaN,NaN,NaN,NaN,0.0000,0.0000,0.0000,0.0000,0.0000,0.0000,Dark,
112.4934,0.0000,0.0000,0.0000,0.0000,NaN,NaN,NaN,NaN,NaN,NaN,0.0000,0.0000,0.0000,0.0000,0.0000,0.0000,Dark,
112.6913,0.0000,0.0000,0.0000,0.0000,NaN,NaN,NaN,NaN,NaN,NaN,0.0000,0.0000,0.0000,0.0000,0.0000,0.0000,Dark,
112.9125,0.0000,0.0000,0.0000,0.0000,NaN,NaN,NaN,NaN,NaN,NaN,0.0000,0.0000,0.0000,0.0000,0.0000,0.0000,Dark,
113.1224,0.0000,0.0000,0.0000,0.0000,NaN,NaN,NaN,NaN,NaN,NaN,0.0000,0.0000,0.0000,0.0000,0.0000,0.0000,Dark,
113.3456,0.0000,0.0000,0.0000,0.0000,NaN,NaN,NaN,NaN,NaN,NaN,0.0000,0.0000,0.0000,0.0000,0.0000,0.0000,Dark,
113.5436,0.0000,0.0000,0.0000,0.0000,NaN,NaN,NaN,NaN,NaN,NaN,0.0000,0.0000,0.0000,0.0000,0.0000,0.0000,Dark,
113.7541,0.0000,0.0000,0.0000,0.0000,NaN,NaN,NaN,NaN,NaN,NaN,0.0000,0.0000,0.0000,0.0000,0.0000,0.0000,Dark,
113.9643,0.0000,0.0000,0.0000,0.0000,NaN,NaN,NaN,NaN,NaN,NaN,0.0000,0.0000,0.0000,0.0000,0.0000,0.0000,Dark,
114.1747,0.0000,0.0000,0.0000,0.0000,NaN,NaN,NaN,NaN,NaN,NaN,0.0000,0.0000,0.0000,0.0000,0.0000,0.0000,Dark,
114.3808,0.0000,0.0000,0.0000,0.0000,NaN,NaN,NaN,NaN,NaN,NaN,0.0000,0.0000,0.0000,0.0000,0.0000,0.0000,Dark,
114.5910,0.0000,0.0000,0.0000,0.0000,NaN,NaN,NaN,NaN,NaN,NaN,0.0000,0.0000,0.0000,0.0000,0.0000,0.0000,Dark,
114.8018,0.0000,0.0000,0.0000,0.0000,NaN,NaN,NaN,NaN,NaN,NaN,0.0000,0.0000,0.0000,0.0000,0.0000,0.0000,Dark,
115.0115,0.0000,0.0000,0.0000,0.0000,NaN,NaN,NaN,NaN,NaN,NaN,0.0000,0.0000,0.0000,0.0000,0.0000,0.0000,Dark,
115.2213,0.0000,0.0000,0.0000,0.0000,NaN,NaN,NaN,NaN,NaN,NaN,0.0000,0.0000,0.0000,0.0000,0.0000,0.0000,Dark,
115.4315,0.0000,0.0000,0.0000,0.0000,NaN,NaN,NaN,NaN,NaN,NaN,0.0000,0.0000,0.0000,0.0000,0.0000,0.0000,Dark,
115.6422,0.0000,0.0000,0.0000,0.0000,NaN,NaN,NaN,NaN,NaN,NaN,0.0000,0.0000,0.0000,0.0000,0.0000,0.0000,Dark,
115.8525,0.0000,0.0000,0.0000,0.0000,NaN,NaN,NaN,NaN,NaN,NaN,0.0000,0.0000,0.0000,0.0000,0.0000,0.0000,Dark,
116.0626,0.0000,0.0000,0.0000,0.0000,NaN,NaN,NaN,NaN,NaN,NaN,0.0000,0.0000,0.0000,0.0000,0.0000,0.0000,Dark,
116.2693,0.0000,0.0000,0.0000,0.0000,NaN,NaN,NaN,NaN,NaN,NaN,0.0000,0.0000,0.0000,0.0000,0.0000,0.0000,Dark,
116.4708,0.0000,0.0000,0.0000,0.0000,NaN,NaN,NaN,NaN,NaN,NaN,0.0000,0.0000,0.0000,0.0000,0.0000,0.0000,Dark,
116.6806,0.0000,0.0000,0.0000,0.0000,NaN,NaN,NaN,NaN,NaN,NaN,0.0000,0.0000,0.0000,0.0000,0.0000,0.0000,Dark,
116.8919,0.0000,0.0000,0.0000,0.0000,NaN,NaN,NaN,NaN,NaN,NaN,0.0000,0.0000,0.0000,0.0000,0.0000,0.0000,Dark,
117.0962,0.0000,0.0000,0.0000,0.0000,NaN,NaN,NaN,NaN,NaN,NaN,0.0000,0.0000,0.0000,0.0000,0.0000,0.0000,Dark,
117.3176,0.0000,0.0000,0.0000,0.0000,NaN,NaN,NaN,NaN,NaN,NaN,0.0000,0.0000,0.0000,0.0000,0.0000,0.0000,Dark,
117.5280,0.0000,0.0000,0.0000,0.0000,NaN,NaN,NaN,NaN,NaN,NaN,0.0000,0.0000,0.0000,0.0000,0.0000,0.0000,Dark,
117.7384,0.0000,0.0000,0.0000,0.0000,NaN,NaN,NaN,NaN,NaN,NaN,0.0000,0.0000,0.0000,0.0000,0.0000,0.0000,Dark,
117.9488,0.0000,0.0000,0.0000,0.0000,NaN,NaN,NaN,NaN,NaN,NaN,0.0000,0.0000,0.0000,0.0000,0.0000,0.0000,Dark,
118.1600,0.0000,0.0000,0.0000,0.0000,NaN,NaN,NaN,NaN,NaN,NaN,0.0000,0.0000,0.0000,0.0000,0.0000,0.0000,Dark,
118.2899,0.0000,7.3493,0.0000,0.0000,NaN,NaN,NaN,-0.0357,-0.4046,0.9138,0.0070,-0.4087,0.9126,-0.1336,0.0062,0.6219,Dark,
118.2991,0.0000,8.1044,0.8000,0.4096,NaN,NaN,NaN,-0.0145,-0.4412,0.8973,0.0218,-0.4443,0.8956,-0.1333,0.0057,0.6216,Dark,
118.3046,6.7913,8.1044,0.8000,0.3277,0.0494,-0.4387,0.8973,-0.0135,-0.4409,0.8975,0.0188,-0.4437,0.8960,-0.1334,0.0055,0.6212,Dark,
118.3151,6.7913,8.1044,0.8000,0.2621,0.0483,-0.4363,0.8985,-0.0089,-0.4383,0.8988,0.0204,-0.4408,0.8974,-0.1334,0.0052,0.6206,Dark,
118.3312,6.7913,8.1044,0.8000,0.1678,0.0486,-0.4248,0.9040,-0.0010,-0.4264,0.9046,0.0245,-0.4286,0.9031,-0.1333,0.0049,0.6198,Dark,
118.3476,6.7913,8.1044,0.5120,0.1074,0.0516,-0.4214,0.9054,0.0069,-0.4228,0.9062,0.0298,-0.4248,0.9048,-0.1334,0.0042,0.6191,Dark,
118.3636,6.7913,8.1044,0.4096,0.1074,0.0364,-0.4205,0.9066,-0.0051,-0.4216,0.9068,0.0162,-0.4236,0.9057,-0.1334,0.0034,0.6185,Dark,
118.3800,6.7913,8.1044,0.4096,0.1074,0.0382,-0.4164,0.9084,-0.0010,-0.4176,0.9086,0.0191,-0.4194,0.9076,-0.1335,0.0027,0.6177,Dark,
118.3960,6.7913,8.1044,0.4096,0.0859,0.0244,-0.4125,0.9106,-0.0132,-0.4135,0.9104,0.0060,-0.4153,0.9096,-0.1335,0.0022,0.6169,Dark,
118.4122,6.7913,8.1044,0.2621,0.0687,0.0136,-0.4046,0.9144,-0.0228,-0.4054,0.9139,-0.0041,-0.4072,0.9133,-0.1336,0.0018,0.6162,Dark,
118.4282,6.7913,8.1044,0.2621,0.0687,0.0138,-0.4001,0.9164,-0.0216,-0.4009,0.9159,-0.0035,-0.4027,0.9153,-0.1337,0.0014,0.6157,Dark,
118.4444,6.7913,8.1044,0.2621,0.0687,0.0134,-0.3943,0.9189,-0.0213,-0.3953,0.9183,-0.0035,-0.3969,0.9178,-0.1339,0.0010,0.6153,Dark,
118.4604,6.7913,8.1044,0.2097,0.0440,0.0078,-0.3874,0.9219,-0.0263,-0.3884,0.9211,-0.0088,-0.3900,0.9208,-0.1339,0.0008,0.6149,Dark,
118.4770,6.7913,8.1044,0.1342,0.0281,0.0047,-0.3818,0.9243,-0.0289,-0.3828,0.9234,-0.0117,-0.3844,0.9231,-0.1342,0.0006,0.6149,Dark,
118.4869,6.7913,8.1044,0.1074,0.0225,0.0029,-0.3816,0.9243,-0.0305,-0.3827,0.9234,-0.0133,-0.3843,0.9231,-0.1345,0.0003,0.6150,Dark,
118.4977,6.7913,8.1044,0.0859,0.0180,0.0000,-0.3831,0.9237,-0.0333,-0.3843,0.9226,-0.0162,-0.3858,0.9225,-0.1346,-0.0001,0.6152,Dark,
118.5089,6.7913,8.1044,0.0550,0.0115,-0.0068,-0.3818,0.9242,-0.0398,-0.3828,0.9230,-0.0229,-0.3844,0.9229,-0.1348,-0.0002,0.6151,Dark,
118.5200,6.7913,8.1044,0.0440,0.0092,-0.0051,-0.3813,0.9244,-0.0379,-0.3824,0.9232,-0.0210,-0.3839,0.9231,-0.1350,-0.0003,0.6152,Dark,
118.5311,6.7913,8.1044,0.0352,0.0074,-0.0036,-0.3818,0.9242,-0.0364,-0.3830,0.9231,-0.0195,-0.3844,0.9230,-0.1352,-0.0006,0.6153,Dark,
118.5423,6.7913,8.1044,0.0225,0.0047,-0.0014,-0.3803,0.9248,-0.0340,-0.3815,0.9237,-0.0173,-0.3830,0.9236,-0.1354,-0.0008,0.6153,Dark,
118.5537,6.7913,8.1044,0.0180,0.0038,0.0002,-0.3780,0.9258,-0.0323,-0.3792,0.9248,-0.0156,-0.3806,0.9246,-0.1357,-0.0009,0.6153,Dark,
118.5644,6.7913,8.1044,0.0144,0.0030,0.0006,-0.3769,0.9263,-0.0318,-0.3781,0.9252,-0.0151,-0.3795,0.9251,-0.1357,-0.0011,0.6153,Dark,
118.5755,6.7913,8.1044,0.0092,0.0019,0.0010,-0.3743,0.9273,-0.0313,-0.3755,0.9263,-0.0147,-0.3769,0.9261,-0.1360,-0.0012,0.6154,Dark,
118.5867,6.7913,8.1044,0.0074,0.0015,0.0009,-0.3717,0.9283,-0.0314,-0.3730,0.9273,-0.0148,-0.3744,0.9272,-0.1362,-0.0012,0.6154,Dark,
118.5978,6.7913,8.1044,0.0059,0.0012,0.0014,-0.3690,0.9294,-0.0308,-0.3702,0.9284,-0.0143,-0.3716,0.9283,-0.1363,-0.0011,0.6154,Dark,
118.6089,6.7913,8.1044,0.0038,0.0008,0.0019,-0.3657,0.9307,-0.0303,-0.3670,0.9297,-0.0137,-0.3684,0.9296,-0.1366,-0.0010,0.6155,Dark,
118.6202,6.7913,8.1044,0.0030,0.0006,-0.0003,-0.3639,0.9314,-0.0324,-0.3652,0.9304,-0.0159,-0.3666,0.9303,-0.1369,-0.0008,0.6156,Dark,
118.6312,6.7913,8.1044,0.0024,0.0005,-0.0011,-0.3622,0.9321,-0.0332,-0.3635,0.9310,-0.0167,-0.3649,0.9309,-0.1371,-0.0007,0.6157,Dark,
118.6421,6.7913,8.1044,0.0015,0.0003,-0.0026,-0.3598,0.9330,-0.0346,-0.3611,0.9319,-0.0182,-0.3625,0.9318,-0.1374,-0.0005,0.6157,Dark,
118.6534,6.7913,8.1044,0.0012,0.0003,-0.0039,-0.3567,0.9342,-0.0359,-0.3579,0.9331,-0.0194,-0.3593,0.9330,-0.1376,-0.0002,0.6157,Dark,
118.6644,6.7913,8.1044,0.0010,0.0002,-0.0029,-0.3517,0.9361,-0.0350,-0.3529,0.9350,-0.0185,-0.3543,0.9349,-0.1377,0.0001,0.6157,Dark,
118.6755,6.7913,8.1044,0.0006,0.0001,-0.0034,-0.3303,0.9439,-0.0355,-0.3315,0.9428,-0.0190,-0.3329,0.9428,-0.1379,0.0006,0.6157,Dark,
118.6866,6.7913,8.1044,0.0005,0.0001,-0.0036,-0.3264,0.9452,-0.0357,-0.3276,0.9441,-0.0192,-0.3291,0.9441,-0.1381,0.0011,0.6157,Dark,
118.6979,6.7913,8.1044,0.0004,0.0001,-0.0033,-0.3152,0.9490,-0.0353,-0.3164,0.9480,-0.0189,-0.3178,0.9480,-0.1382,0.0016,0.6157,Dark,
118.7092,6.7913,8.1044,0.0003,0.0001,-0.0029,-0.2921,0.9564,-0.0350,-0.2931,0.9554,-0.0186,-0.2947,0.9554,-0.1384,0.0022,0.6157,Dark,
118.7199,6.7913,8.1044,0.0002,0.0000,-0.0034,-0.2874,0.9578,-0.0355,-0.2884,0.9568,-0.0191,-0.2900,0.9568,-0.1386,0.0029,0.6157,Dark,
118.7313,6.7913,8.1044,0.0002,0.0000,-0.0033,-0.2791,0.9602,-0.0354,-0.2801,0.9593,-0.0189,-0.2817,0.9593,-0.1388,0.0033,0.6155,Dark,
118.7422,6.7913,8.1044,0.0002,0.0000,0.0039,-0.2711,0.9626,-0.0282,-0.2720,0.9619,-0.0117,-0.2736,0.9618,-0.1391,0.0038,0.6154,Dark,
118.7535,6.7913,8.1044,0.0001,0.0000,0.0046,-0.2619,0.9651,-0.0275,-0.2628,0.9645,-0.0111,-0.2644,0.9643,-0.1393,0.0044,0.6153,Dark,
118.7644,6.7913,8.1044,0.0001,0.0000,0.0070,-0.2527,0.9675,-0.0251,-0.2535,0.9670,-0.0086,-0.2552,0.9669,-0.1395,0.0052,0.6153,Dark,
118.7755,6.7913,8.1044,0.0001,0.0000,-0.0341,-0.2175,0.9755,-0.0663,-0.2179,0.9737,-0.0498,-0.2198,0.9743,-0.1397,0.0060,0.6154,Dark,
118.7867,6.7913,8.1044,0.0001,0.0000,-0.0865,-0.1933,0.9773,-0.1186,-0.1933,0.9740,-0.1022,-0.1954,0.9754,-0.1398,0.0067,0.6154,Dark,
118.7977,6.7913,8.1044,0.0001,0.0000,-0.1368,-0.1667,0.9765,-0.1685,-0.1664,0.9716,-0.1523,-0.1687,0.9738,-0.1400,0.0073,0.6152,Dark,
118.8099,6.7913,8.1044,0.0001,0.0000,-0.0972,-0.1486,0.9841,-0.1292,-0.1485,0.9804,-0.1128,-0.1507,0.9821,-0.1403,0.0081,0.6150,Dark,
118.8198,6.7913,8.1044,0.0001,0.0000,-0.0441,-0.1321,0.9903,-0.0763,-0.1323,0.9883,-0.0598,-0.1343,0.9891,-0.1403,0.0089,0.6149,Dark,
118.8310,6.7913,8.1044,0.0001,0.0000,-0.0328,-0.1338,0.9905,-0.0650,-0.1340,0.9888,-0.0485,-0.1361,0.9895,-0.1401,0.0095,0.6147,Dark,
118.8421,4.8345,6.8253,0.0001,0.0000,-0.0278,-0.1358,0.9904,-0.0614,-0.1359,0.9888,-0.0442,-0.1381,0.9894,-0.1400,0.0100,0.6146,Dark,
118.8577,4.8820,6.6725,0.0000,0.0000,-0.0227,-0.1898,0.9816,-0.0610,-0.1898,0.9799,-0.0414,-0.1923,0.9805,-0.1395,0.0111,0.6140,Dark,
118.8681,5.0859,6.6645,0.0000,0.0000,-0.0220,-0.1971,0.9801,-0.0660,-0.1968,0.9782,-0.0435,-0.1999,0.9788,-0.1390,0.0117,0.6135,Dark,
118.8792,5.1276,6.7209,0.0000,0.0000,-0.0216,-0.1993,0.9797,-0.0689,-0.1988,0.9776,-0.0447,-0.2022,0.9783,-0.1387,0.0124,0.6131,Dark,
118.8904,5.1313,6.7376,0.0000,0.0000,-0.0225,-0.2029,0.9789,-0.0734,-0.2021,0.9766,-0.0474,-0.2059,0.9774,-0.1384,0.0129,0.6126,Dark,
118.9016,5.1763,6.7547,0.0000,0.0000,-0.0204,-0.2085,0.9778,-0.0792,-0.2074,0.9750,-0.0492,-0.2119,0.9761,-0.1382,0.0133,0.6121,Dark,
118.9129,5.2007,6.7560,0.0000,0.0000,-0.0211,-0.2101,0.9774,-0.0842,-0.2088,0.9743,-0.0520,-0.2137,0.9755,-0.1381,0.0137,0.6115,Dark,
118.9243,5.2194,6.7535,0.0000,0.0000,-0.0147,-0.2172,0.9760,-0.0823,-0.2157,0.9730,-0.0478,-0.2210,0.9741,-0.1381,0.0139,0.6110,Dark,
118.9349,5.2537,6.7631,0.0000,0.0000,-0.0139,-0.2247,0.9743,-0.0908,-0.2229,0.9706,-0.0516,-0.2290,0.9721,-0.1381,0.0140,0.6104,Dark,
118.9460,5.2679,6.7699,0.0000,0.0000,-0.0149,-0.2265,0.9739,-0.0968,-0.2242,0.9697,-0.0550,-0.2309,0.9714,-0.1383,0.0144,0.6097,Dark,
118.9575,5.2773,6.7755,0.0000,0.0000,-0.0144,-0.2243,0.9744,-0.1015,-0.2215,0.9699,-0.0571,-0.2288,0.9718,-0.1385,0.0147,0.6093,Dark,
118.9684,5.2965,6.7785,0.0000,0.0000,-0.0065,-0.2249,0.9744,-0.1042,-0.2221,0.9694,-0.0544,-0.2302,0.9716,-0.1385,0.0143,0.6099,Dark,
118.9795,5.3061,6.7805,0.0000,0.0000,-0.0058,-0.2252,0.9743,-0.1088,-0.2220,0.9689,-0.0563,-0.2307,0.9714,-0.1388,0.0146,0.6095,Dark,
118.9906,5.3244,6.7819,0.0000,0.0000,-0.0058,-0.2256,0.9742,-0.1141,-0.2222,0.9683,-0.0589,-0.2313,0.9711,-0.1392,0.0148,0.6091,Dark,
119.0017,5.3593,6.7930,0.0000,0.0000,-0.0030,-0.2239,0.9746,-0.1221,-0.2203,0.9678,-0.0613,-0.2303,0.9712,-0.1397,0.0150,0.6088,Dark,
119.0131,5.3743,6.7969,0.0000,0.0000,-0.0023,-0.2247,0.9744,-0.1267,-0.2212,0.9670,-0.0633,-0.2315,0.9708,-0.1404,0.0150,0.6084,Dark,
119.0244,5.3910,6.8091,0.0000,0.0000,0.0009,-0.2253,0.9743,-0.1340,-0.2220,0.9658,-0.0651,-0.2330,0.9703,-0.1412,0.0150,0.6080,Dark,
119.0364,5.3991,6.8163,0.0000,0.0000,0.0001,-0.2265,0.9740,-0.1399,-0.2238,0.9645,-0.0684,-0.2349,0.9696,-0.1418,0.0148,0.6078,Dark,
119.0463,5.4048,6.8184,0.0000,0.0000,0.0010,-0.2290,0.9734,-0.1439,-0.2272,0.9632,-0.0698,-0.2382,0.9687,-0.1426,0.0147,0.6074,Dark,
119.0581,5.4042,6.8202,0.0000,0.0000,0.0036,-0.2309,0.9730,-0.1500,-0.2300,0.9616,-0.0714,-0.2412,0.9679,-0.1433,0.0143,0.6069,Dark,
119.0686,5.3978,6.8200,0.0000,0.0000,0.0037,-0.2374,0.9714,-0.1537,-0.2377,0.9591,-0.0731,-0.2486,0.9659,-0.1438,0.0138,0.6062,Dark,
119.0800,5.3920,6.8123,0.0000,0.0000,0.0018,-0.2411,0.9705,-0.1588,-0.2424,0.9571,-0.0764,-0.2530,0.9644,-0.1446,0.0132,0.6057,Dark,
119.0911,5.3847,6.8078,0.0000,0.0000,0.0032,-0.2457,0.9693,-0.1628,-0.2482,0.9549,-0.0776,-0.2586,0.9629,-0.1457,0.0126,0.6052,Dark,
119.1023,5.3716,6.8095,0.0000,0.0000,0.0013,-0.2498,0.9683,-0.1670,-0.2537,0.9528,-0.0805,-0.2635,0.9613,-0.1467,0.0120,0.6047,Dark,
119.1135,5.3612,6.8047,0.0000,0.0000,0.0018,-0.2498,0.9683,-0.1681,-0.2551,0.9522,-0.0806,-0.2644,0.9610,-0.1477,0.0117,0.6041,Dark,
119.1244,5.3377,6.7905,0.0000,0.0000,-0.0107,-0.2505,0.9680,-0.1832,-0.2553,0.9493,-0.0945,-0.2651,0.9596,-0.1484,0.0119,0.6038,Dark,
119.1362,5.3158,6.7814,0.0000,0.0000,-0.0094,-0.2402,0.9707,-0.1830,-0.2446,0.9522,-0.0937,-0.2546,0.9625,-0.1488,0.0130,0.6037,Dark,
119.1468,5.2992,6.7784,0.0000,0.0000,-0.0060,-0.2319,0.9727,-0.1801,-0.2364,0.9548,-0.0906,-0.2464,0.9649,-0.1492,0.0137,0.6037,Dark,
119.1580,5.3146,6.7771,0.0000,0.0000,-0.0030,-0.2231,0.9748,-0.1777,-0.2280,0.9573,-0.0878,-0.2378,0.9673,-0.1495,0.0143,0.6037,Dark,
119.1691,5.3569,6.7756,0.0000,0.0000,0.0012,-0.2088,0.9780,-0.1743,-0.2141,0.9611,-0.0840,-0.2238,0.9710,-0.1496,0.0147,0.6036,Dark,
119.1805,5.3804,6.7953,0.0000,0.0000,0.0030,-0.2039,0.9790,-0.1724,-0.2096,0.9625,-0.0821,-0.2191,0.9723,-0.1500,0.0150,0.6033,Dark,
119.1912,5.4657,6.8659,0.0000,0.0000,0.0040,-0.2086,0.9780,-0.1724,-0.2148,0.9613,-0.0815,-0.2241,0.9712,-0.1502,0.0152,0.6029,Dark,
119.2026,5.5318,6.9104,0.0000,0.0000,0.0003,-0.2203,0.9754,-0.1768,-0.2269,0.9577,-0.0855,-0.2360,0.9680,-0.1504,0.0153,0.6027,Dark,
119.2138,5.5837,6.9408,0.0000,0.0000,-0.0034,-0.2349,0.9720,-0.1821,-0.2417,0.9531,-0.0900,-0.2509,0.9638,-0.1507,0.0155,0.6024,Dark,
119.2249,5.6524,6.9946,0.0000,0.0000,-0.0087,-0.2561,0.9666,-0.1913,-0.2633,0.9456,-0.0972,-0.2726,0.9572,-0.1508,0.0156,0.6021,Dark,
119.2358,5.6821,7.0177,0.0000,0.0000,-0.0106,-0.2602,0.9655,-0.1952,-0.2676,0.9436,-0.1002,-0.2769,0.9557,-0.1510,0.0157,0.6017,Dark,
119.2471,5.7020,7.0306,0.0000,0.0000,-0.0124,-0.2626,0.9648,-0.1994,-0.2699,0.9420,-0.1031,-0.2795,0.9546,-0.1514,0.0157,0.6011,Dark,
119.2582,5.7421,7.0459,0.0000,0.0000,-0.0088,-0.2673,0.9636,-0.2001,-0.2751,0.9404,-0.1016,-0.2847,0.9532,-0.1517,0.0157,0.6010,Dark,
119.2694,5.7709,7.0480,0.0000,0.0000,-0.0050,-0.2633,0.9647,-0.1983,-0.2709,0.9420,-0.0988,-0.2808,0.9547,-0.1516,0.0159,0.6007,Dark,
119.2806,5.7928,7.0555,0.0000,0.0000,-0.0011,-0.2619,0.9651,-0.1962,-0.2698,0.9427,-0.0957,-0.2796,0.9553,-0.1514,0.0160,0.6003,Dark,
119.2916,5.7951,7.0682,0.0000,0.0000,0.0034,-0.2607,0.9654,-0.1951,-0.2687,0.9433,-0.0929,-0.2788,0.9559,-0.1513,0.0160,0.6000,Dark,
119.3026,5.7957,7.0732,0.0000,0.0000,0.0069,-0.2602,0.9655,-0.1931,-0.2681,0.9438,-0.0902,-0.2783,0.9562,-0.1511,0.0161,0.5996,Dark,
119.3139,5.7951,7.0768,0.0000,0.0000,0.0092,-0.2679,0.9634,-0.1920,-0.2760,0.9418,-0.0884,-0.2863,0.9541,-0.1510,0.0161,0.5994,Dark,
119.3251,5.8087,7.0453,0.0000,0.0000,0.0127,-0.2635,0.9646,-0.1913,-0.2720,0.9431,-0.0863,-0.2822,0.9555,-0.1509,0.0162,0.5991,Dark,
119.3372,5.7952,7.0150,0.0000,0.0000,0.0151,-0.2575,0.9662,-0.1896,-0.2660,0.9451,-0.0842,-0.2763,0.9574,-0.1506,0.0161,0.5990,Dark,
119.3473,5.7725,6.9725,0.0000,0.0000,0.0178,-0.2581,0.9660,-0.1887,-0.2664,0.9452,-0.0824,-0.2769,0.9574,-0.1507,0.0161,0.5988,Dark,
119.3589,5.7740,6.9604,0.0000,0.0000,0.0182,-0.2580,0.9660,-0.1892,-0.2662,0.9452,-0.0824,-0.2768,0.9574,-0.1509,0.0161,0.5985,Dark,
119.3698,5.7758,6.9704,0.0000,0.0000,0.0197,-0.2565,0.9664,-0.1890,-0.2648,0.9456,-0.0816,-0.2755,0.9578,-0.1509,0.0161,0.5985,Dark,
119.3806,5.7782,6.9830,0.0000,0.0000,0.0201,-0.2532,0.9672,-0.1906,-0.2619,0.9461,-0.0821,-0.2725,0.9586,-0.1512,0.0162,0.5983,Dark,
119.3917,5.7743,6.9840,0.0000,0.0000,0.0207,-0.2516,0.9676,-0.1908,-0.2605,0.9464,-0.0819,-0.2711,0.9591,-0.1515,0.0162,0.5982,Dark,
119.4030,5.7701,6.9749,0.0000,0.0000,0.0208,-0.2507,0.9678,-0.1910,-0.2597,0.9466,-0.0820,-0.2703,0.9593,-0.1517,0.0163,0.5981,Dark,
119.4140,5.7688,6.9565,0.0000,0.0000,0.0205,-0.2492,0.9682,-0.1921,-0.2585,0.9467,-0.0826,-0.2690,0.9596,-0.1521,0.0163,0.5980,Dark,
119.4256,5.7649,6.9499,0.0000,0.0000,0.0207,-0.2480,0.9685,-0.1923,-0.2576,0.9469,-0.0826,-0.2680,0.9599,-0.1525,0.0163,0.5980,Dark,
119.4366,5.7621,6.9500,0.0000,0.0000,0.0207,-0.2476,0.9686,-0.1925,-0.2575,0.9469,-0.0827,-0.2677,0.9599,-0.1525,0.0163,0.5980,Dark,
119.4476,5.7649,6.9630,0.0000,0.0000,0.0205,-0.2478,0.9686,-0.1932,-0.2575,0.9468,-0.0831,-0.2679,0.9599,-0.1528,0.0162,0.5979,Dark,
119.4586,5.7656,6.9728,0.0000,0.0000,0.0211,-0.2476,0.9686,-0.1929,-0.2580,0.9467,-0.0826,-0.2680,0.9599,-0.1532,0.0161,0.5978,Dark,
119.4698,5.7665,6.9716,0.0000,0.0000,0.0196,-0.2472,0.9688,-0.1947,-0.2573,0.9465,-0.0843,-0.2676,0.9599,-0.1532,0.0161,0.5978,Dark,
119.4815,5.7467,6.9658,0.0000,0.0000,0.0201,-0.2472,0.9688,-0.1942,-0.2575,0.9466,-0.0837,-0.2676,0.9599,-0.1534,0.0161,0.5978,Dark,
119.4919,5.7524,6.9620,0.0000,0.0000,0.0204,-0.2463,0.9690,-0.1936,-0.2568,0.9469,-0.0833,-0.2668,0.9602,-0.1536,0.0160,0.5978,Dark,
119.5031,5.7577,6.9639,0.0000,0.0000,0.0204,-0.2448,0.9694,-0.1934,-0.2555,0.9473,-0.0832,-0.2654,0.9605,-0.1534,0.0161,0.5978,Dark,
119.5144,5.7471,6.9566,0.0000,0.0000,0.0210,-0.2434,0.9697,-0.1920,-0.2541,0.9479,-0.0822,-0.2639,0.9610,-0.1536,0.0160,0.5979,Dark,
119.5257,5.7405,6.9481,0.0000,0.0000,0.0212,-0.2428,0.9699,-0.1915,-0.2535,0.9482,-0.0818,-0.2633,0.9613,-0.1537,0.0160,0.5979,Dark,
119.5368,5.7341,6.9509,0.0000,0.0000,0.0215,-0.2423,0.9700,-0.1912,-0.2529,0.9484,-0.0815,-0.2627,0.9614,-0.1535,0.0160,0.5978,Dark,
119.5479,5.7460,6.9620,0.0000,0.0000,0.0232,-0.2414,0.9701,-0.1899,-0.2518,0.9490,-0.0800,-0.2618,0.9618,-0.1535,0.0159,0.5978,Dark,
119.5588,5.7523,6.9701,0.0000,0.0000,0.0245,-0.2416,0.9701,-0.1887,-0.2517,0.9492,-0.0787,-0.2618,0.9619,-0.1535,0.0158,0.5977,Dark,
119.5699,5.7517,7.0073,0.0000,0.0000,0.0277,-0.2402,0.9703,-0.1864,-0.2501,0.9501,-0.0760,-0.2604,0.9625,-0.1532,0.0156,0.5977,Dark,
119.5815,5.7457,7.0101,0.0000,0.0000,0.0360,-0.2357,0.9712,-0.1763,-0.2458,0.9532,-0.0667,-0.2558,0.9644,-0.1531,0.0155,0.5975,Dark,
119.5921,5.7345,7.0110,0.0000,0.0000,0.0581,-0.2238,0.9729,-0.1548,-0.2346,0.9597,-0.0445,-0.2443,0.9687,-0.1529,0.0153,0.5974,Dark,
119.6033,5.7170,6.9905,0.0000,0.0000,0.1047,-0.1935,0.9755,-0.1037,-0.2057,0.9731,0.0050,-0.2143,0.9768,-0.1526,0.0153,0.5974,Dark,
119.6146,5.7109,6.9649,0.0000,0.0000,0.1183,-0.1851,0.9756,-0.0870,-0.1974,0.9764,0.0202,-0.2057,0.9784,-0.1523,0.0152,0.5973,Dark,
119.6257,5.7105,6.9450,0.0000,0.0000,0.1261,-0.1826,0.9751,-0.0786,-0.1951,0.9776,0.0284,-0.2033,0.9787,-0.1521,0.0151,0.5972,Dark,
119.6368,5.7131,6.9335,0.0000,0.0000,0.1350,-0.1773,0.9748,-0.0683,-0.1898,0.9794,0.0381,-0.1979,0.9795,-0.1517,0.0151,0.5972,Dark,
119.6480,5.7151,6.9330,0.0000,0.0000,0.1356,-0.1783,0.9746,-0.0676,-0.1906,0.9793,0.0387,-0.1987,0.9793,-0.1514,0.0149,0.5971,Dark,
119.6592,5.7190,6.9340,0.0000,0.0000,0.1326,-0.1810,0.9745,-0.0708,-0.1931,0.9786,0.0355,-0.2014,0.9789,-0.1511,0.0148,0.5970,Dark,
119.6701,5.7336,6.9470,0.0000,0.0000,0.1373,-0.1777,0.9745,-0.0653,-0.1896,0.9797,0.0407,-0.1979,0.9794,-0.1507,0.0146,0.5970,Dark,
119.6816,5.7431,6.9411,0.0000,0.0000,0.1382,-0.1790,0.9741,-0.0642,-0.1906,0.9796,0.0416,-0.1990,0.9791,-0.1504,0.0144,0.5969,Dark,
119.6925,5.7510,6.9359,0.0000,0.0000,0.1404,-0.1797,0.9736,-0.0616,-0.1914,0.9796,0.0440,-0.1998,0.9789,-0.1500,0.0143,0.5969,Dark,
119.7037,5.7489,6.9307,0.0000,0.0000,0.1380,-0.1824,0.9735,-0.0633,-0.1940,0.9790,0.0419,-0.2024,0.9784,-0.1497,0.0141,0.5968,Dark,
119.7153,5.7412,6.9143,0.0000,0.0000,0.1391,-0.1840,0.9730,-0.0618,-0.1956,0.9787,0.0432,-0.2040,0.9780,-0.1494,0.0139,0.5968,Dark,
119.7261,5.7329,6.9016,0.0000,0.0000,0.1404,-0.1857,0.9725,-0.0602,-0.1972,0.9785,0.0446,-0.2055,0.9776,-0.1491,0.0137,0.5967,Dark,
119.7372,5.7264,6.9139,0.0000,0.0000,0.1410,-0.1872,0.9722,-0.0586,-0.1985,0.9783,0.0457,-0.2069,0.9773,-0.1487,0.0136,0.5967,Dark,
119.7483,5.7277,6.9258,0.0000,0.0000,0.1426,-0.1885,0.9717,-0.0564,-0.1997,0.9782,0.0475,-0.2081,0.9770,-0.1485,0.0134,0.5967,Dark,
119.7595,5.7303,6.9364,0.0000,0.0000,0.1441,-0.1900,0.9711,-0.0545,-0.2011,0.9781,0.0492,-0.2095,0.9766,-0.1482,0.0132,0.5967,Dark,
119.7705,5.7263,6.9202,0.0000,0.0000,0.1431,-0.1921,0.9709,-0.0547,-0.2030,0.9777,0.0486,-0.2115,0.9762,-0.1479,0.0129,0.5967,Dark,
119.7818,5.7240,6.9249,0.0000,0.0000,0.1436,-0.1941,0.9704,-0.0539,-0.2048,0.9773,0.0492,-0.2134,0.9757,-0.1478,0.0126,0.5966,Dark,
119.7930,5.7162,6.9291,0.0000,0.0000,0.1441,-0.1970,0.9698,-0.0531,-0.2076,0.9768,0.0498,-0.2162,0.9751,-0.1475,0.0122,0.5967,Dark,
119.8039,5.7318,6.9538,0.0000,0.0000,0.1434,-0.2002,0.9692,-0.0535,-0.2105,0.9761,0.0492,-0.2192,0.9744,-0.1473,0.0118,0.5966,Dark,
119.8150,5.7508,6.9726,0.0000,0.0000,0.1454,-0.2032,0.9683,-0.0522,-0.2136,0.9755,0.0509,-0.2224,0.9736,-0.1471,0.0115,0.5966,Dark,
119.8262,5.7955,7.0204,0.0000,0.0000,0.1423,-0.2086,0.9676,-0.0564,-0.2189,0.9741,0.0472,-0.2278,0.9726,-0.1469,0.0110,0.5967,Dark,
119.8374,5.8183,7.0340,0.0000,0.0000,0.1409,-0.2159,0.9662,-0.0593,-0.2262,0.9723,0.0450,-0.2352,0.9709,-0.1467,0.0105,0.5967,Dark,
119.8484,5.8334,7.0427,0.0000,0.0000,0.1427,-0.2187,0.9653,-0.0594,-0.2291,0.9716,0.0459,-0.2382,0.9701,-0.1465,0.0100,0.5966,Dark,
119.8596,5.8530,7.0723,0.0000,0.0000,0.1401,-0.2298,0.9631,-0.0652,-0.2401,0.9685,0.0417,-0.2495,0.9675,-0.1463,0.0096,0.5968,Dark,
119.8705,5.8608,7.0602,0.0000,0.0000,0.1398,-0.2372,0.9613,-0.0669,-0.2476,0.9666,0.0407,-0.2571,0.9655,-0.1461,0.0090,0.5969,Dark,
119.8818,5.8705,7.0495,0.0000,0.0000,0.1397,-0.2445,0.9595,-0.0679,-0.2547,0.9646,0.0401,-0.2644,0.9636,-0.1459,0.0085,0.5969,Dark,
119.8931,5.8764,7.0533,0.0000,0.0000,0.1378,-0.2535,0.9575,-0.0714,-0.2635,0.9620,0.0374,-0.2734,0.9612,-0.1457,0.0079,0.5971,Dark,
119.9039,5.8739,7.0444,0.0000,0.0000,0.1390,-0.2591,0.9558,-0.0705,-0.2691,0.9605,0.0384,-0.2791,0.9595,-0.1455,0.0073,0.5973,Dark,
119.9152,5.8762,7.0386,0.0000,0.0000,0.1391,-0.2654,0.9540,-0.0705,-0.2753,0.9588,0.0384,-0.2853,0.9577,-0.1453,0.0066,0.5974,Dark,
119.9263,5.8732,7.0592,0.0000,0.0000,0.1396,-0.2715,0.9523,-0.0704,-0.2812,0.9571,0.0387,-0.2913,0.9558,-0.1452,0.0061,0.5976,Dark,
119.9377,5.8699,7.0479,0.0000,0.0000,0.1422,-0.2756,0.9507,-0.0678,-0.2852,0.9561,0.0413,-0.2954,0.9545,-0.1450,0.0054,0.5977,Dark,
119.9486,5.8759,7.0387,0.0000,0.0000,0.1442,-0.2800,0.9491,-0.0656,-0.2896,0.9549,0.0434,-0.2998,0.9530,-0.1448,0.0048,0.5979,Dark,
119.9598,5.8773,7.0608,0.0000,0.0000,0.1458,-0.2835,0.9478,-0.0636,-0.2930,0.9540,0.0452,-0.3032,0.9519,-0.1446,0.0042,0.5980,Dark,
119.9708,5.8746,7.0506,0.0000,0.0000,0.1476,-0.2872,0.9464,-0.0617,-0.2967,0.9530,0.0470,-0.3069,0.9506,-0.1443,0.0035,0.5982,Dark,
119.9821,5.8934,7.0429,0.0000,0.0000,0.1490,-0.2913,0.9450,-0.0601,-0.3007,0.9518,0.0485,-0.3110,0.9492,-0.1441,0.0029,0.5983,Dark,
119.9933,5.9280,7.0550,0.0000,0.0000,0.1521,-0.2983,0.9423,-0.0565,-0.3080,0.9497,0.0519,-0.3181,0.9466,-0.1439,0.0023,0.5986,Dark,
120.0042,5.9437,7.0770,0.0000,0.0000,0.1547,-0.3062,0.9393,-0.0535,-0.3161,0.9472,0.0547,-0.3260,0.9438,-0.1438,0.0017,0.5988,Dark,
120.0154,5.9614,7.0965,0.0000,0.0000,0.1575,-0.3133,0.9365,-0.0508,-0.3235,0.9449,0.0575,-0.3333,0.9411,-0.1437,0.0011,0.5989,Dark,
120.0267,5.9673,7.1323,0.0000,0.0000,0.1610,-0.3266,0.9314,-0.0476,-0.3371,0.9403,0.0608,-0.3468,0.9360,-0.1435,0.0005,0.5993,Dark,
120.0377,5.9632,7.1317,0.0000,0.0000,0.1607,-0.3354,0.9283,-0.0481,-0.3460,0.9370,0.0604,-0.3557,0.9327,-0.1434,-0.0002,0.5994,Dark,
120.0490,5.9585,7.1310,0.0000,0.0000,0.1625,-0.3401,0.9263,-0.0464,-0.3509,0.9353,0.0621,-0.3604,0.9307,-0.1432,-0.0008,0.5996,Dark,
120.0600,5.9547,7.1277,0.0000,0.0000,0.1665,-0.3465,0.9232,-0.0424,-0.3578,0.9328,0.0662,-0.3671,0.9278,-0.1431,-0.0015,0.5999,Dark,
120.0710,5.9482,7.1210,0.0000,0.0000,0.1673,-0.3536,0.9203,-0.0416,-0.3651,0.9301,0.0670,-0.3742,0.9249,-0.1429,-0.0022,0.6001,Dark,
120.0822,5.9572,7.1185,0.0000,0.0000,0.1689,-0.3577,0.9184,-0.0399,-0.3696,0.9283,0.0686,-0.3785,0.9230,-0.1427,-0.0029,0.6002,Dark,
120.0935,5.9641,7.1021,0.0000,0.0000,0.1695,-0.3600,0.9174,-0.0392,-0.3721,0.9274,0.0693,-0.3809,0.9220,-0.1426,-0.0036,0.6005,Dark,
120.1046,5.9633,7.1024,0.0000,0.0000,0.1709,-0.3645,0.9154,-0.0376,-0.3768,0.9255,0.0708,-0.3855,0.9200,-0.1424,-0.0044,0.6007,Dark,
120.1156,5.9617,7.1034,0.0000,0.0000,0.1725,-0.3671,0.9141,-0.0359,-0.3796,0.9245,0.0724,-0.3882,0.9187,-0.1423,-0.0051,0.6008,Dark,
120.1268,5.9751,7.1371,0.0000,0.0000,0.1739,-0.3698,0.9127,-0.0343,-0.3826,0.9233,0.0739,-0.3911,0.9174,-0.1421,-0.0059,0.6011,Dark,
120.1379,5.9887,7.1703,0.0000,0.0000,0.1767,-0.3740,0.9104,-0.0314,-0.3872,0.9215,0.0769,-0.3954,0.9153,-0.1420,-0.0066,0.6013,Dark,
120.1491,6.0062,7.1964,0.0000,0.0000,0.1808,-0.3822,0.9062,-0.0276,-0.3961,0.9178,0.0808,-0.4040,0.9112,-0.1418,-0.0074,0.6015,Dark,
120.1602,6.0336,7.2283,0.0000,0.0000,0.1876,-0.3961,0.8988,-0.0213,-0.4110,0.9114,0.0875,-0.4184,0.9041,-0.1416,-0.0083,0.6019,Dark,
120.1713,6.0428,7.2407,0.0000,0.0000,0.1909,-0.4040,0.8946,-0.0184,-0.4195,0.9076,0.0906,-0.4266,0.8999,-0.1415,-0.0091,0.6021,Dark,
120.1825,6.0380,7.2488,0.0000,0.0000,0.1925,-0.4118,0.8907,-0.0172,-0.4279,0.9037,0.0921,-0.4347,0.8958,-0.1414,-0.0100,0.6024,Dark,
120.1947,6.0332,7.2443,0.0000,0.0000,0.1947,-0.4202,0.8863,-0.0153,-0.4367,0.8995,0.0941,-0.4433,0.8914,-0.1412,-0.0109,0.6028,Dark,
120.2048,6.0334,7.2402,0.0000,0.0000,0.1954,-0.4247,0.8840,-0.0147,-0.4415,0.8971,0.0947,-0.4480,0.8890,-0.1412,-0.0119,0.6031,Dark,
120.2161,6.0266,7.2365,0.0000,0.0000,0.1971,-0.4309,0.8806,-0.0130,-0.4481,0.8939,0.0965,-0.4543,0.8856,-0.1411,-0.0128,0.6035,Dark,
120.2275,6.0180,7.2286,0.0000,0.0000,0.1982,-0.4364,0.8776,-0.0119,-0.4539,0.8910,0.0976,-0.4600,0.8825,-0.1410,-0.0138,0.6039,Dark,
120.2382,6.0147,7.2223,0.0000,0.0000,0.1988,-0.4418,0.8748,-0.0114,-0.4593,0.8882,0.0981,-0.4654,0.8797,-0.1409,-0.0148,0.6041,Dark,
120.2495,6.0089,7.2174,0.0000,0.0000,0.1992,-0.4468,0.8722,-0.0110,-0.4645,0.8855,0.0985,-0.4705,0.8769,-0.1408,-0.0158,0.6043,Dark,
120.2612,6.0014,7.2118,0.0000,0.0000,0.1991,-0.4504,0.8703,-0.0110,-0.4680,0.8837,0.0985,-0.4740,0.8750,-0.1408,-0.0169,0.6046,Dark,
120.2717,5.9987,7.2197,0.0000,0.0000,0.1993,-0.4550,0.8679,-0.0107,-0.4725,0.8813,0.0987,-0.4786,0.8725,-0.1407,-0.0179,0.6049,Dark,
120.2831,6.0095,7.2267,0.0000,0.0000,0.2000,-0.4594,0.8654,-0.0099,-0.4770,0.8788,0.0995,-0.4830,0.8699,-0.1407,-0.0189,0.6052,Dark,
120.2943,6.0536,7.3120,0.0000,0.0000,0.1998,-0.4682,0.8607,-0.0102,-0.4859,0.8739,0.0992,-0.4918,0.8650,-0.1406,-0.0198,0.6054,Dark,
120.3055,6.0820,7.3495,0.0000,0.0000,0.2001,-0.4795,0.8544,-0.0102,-0.4975,0.8674,0.0993,-0.5033,0.8584,-0.1405,-0.0208,0.6058,Dark,
120.3163,6.1239,7.3965,0.0000,0.0000,0.2001,-0.4941,0.8461,-0.0122,-0.5124,0.8587,0.0983,-0.5181,0.8497,-0.1404,-0.0217,0.6060,Dark,
120.3276,6.1293,7.4076,0.0000,0.0000,0.2007,-0.5021,0.8412,-0.0133,-0.5207,0.8536,0.0981,-0.5263,0.8446,-0.1404,-0.0226,0.6065,Dark,
120.3383,6.1307,7.4017,0.0000,0.0000,0.2027,-0.5087,0.8367,-0.0128,-0.5277,0.8493,0.0994,-0.5333,0.8401,-0.1404,-0.0234,0.6068,Dark,
120.3500,6.1240,7.3958,0.0000,0.0000,0.2024,-0.5135,0.8338,-0.0161,-0.5325,0.8463,0.0976,-0.5383,0.8371,-0.1404,-0.0242,0.6070,Dark,
120.3612,6.1177,7.3960,0.0000,0.0000,0.2019,-0.5177,0.8314,-0.0178,-0.5366,0.8437,0.0966,-0.5425,0.8345,-0.1405,-0.0249,0.6074,Dark,
120.3719,6.1131,7.3819,0.0000,0.0000,0.2015,-0.5212,0.8293,-0.0191,-0.5400,0.8415,0.0957,-0.5460,0.8323,-0.1405,-0.0256,0.6077,Dark,
120.3830,6.1188,7.3669,0.0000,0.0000,0.2000,-0.5233,0.8283,-0.0217,-0.5420,0.8401,0.0937,-0.5482,0.8311,-0.1406,-0.0262,0.6080,Dark,
120.3945,6.1187,7.3638,0.0000,0.0000,0.1992,-0.5256,0.8271,-0.0228,-0.5443,0.8386,0.0927,-0.5505,0.8296,-0.1407,-0.0267,0.6084,Dark,
120.4055,6.1188,7.3422,0.0000,0.0000,0.1977,-0.5280,0.8259,-0.0248,-0.5466,0.8370,0.0910,-0.5529,0.8283,-0.1409,-0.0272,0.6086,Dark,
120.4168,6.1033,7.3208,0.0000,0.0000,0.1953,-0.5297,0.8254,-0.0279,-0.5481,0.8360,0.0882,-0.5545,0.8275,-0.1410,-0.0277,0.6089,Dark,
120.4280,6.0968,7.3173,0.0000,0.0000,0.1938,-0.5346,0.8226,-0.0296,-0.5529,0.8327,0.0866,-0.5594,0.8244,-0.1412,-0.0282,0.6092,Dark,
120.4390,6.0904,7.3028,0.0000,0.0000,0.1917,-0.5333,0.8239,-0.0320,-0.5515,0.8336,0.0844,-0.5581,0.8255,-0.1414,-0.0286,0.6094,Dark,
120.4500,6.0965,7.2863,0.0000,0.0000,0.1892,-0.5360,0.8227,-0.0347,-0.5539,0.8318,0.0818,-0.5607,0.8240,-0.1416,-0.0289,0.6096,Dark,
120.4615,6.1004,7.2862,0.0000,0.0000,0.1872,-0.5366,0.8228,-0.0368,-0.5544,0.8314,0.0797,-0.5612,0.8238,-0.1419,-0.0293,0.6099,Dark,
120.4727,6.0945,7.2862,0.0000,0.0000,0.1853,-0.5381,0.8223,-0.0388,-0.5558,0.8304,0.0778,-0.5626,0.8230,-0.1421,-0.0296,0.6101,Dark,
120.4833,6.0900,7.2713,0.0000,0.0000,0.1840,-0.5377,0.8228,-0.0398,-0.5554,0.8306,0.0766,-0.5622,0.8234,-0.1423,-0.0299,0.6103,Dark,
120.4950,6.0902,7.2769,0.0000,0.0000,0.1835,-0.5384,0.8225,-0.0400,-0.5560,0.8302,0.0763,-0.5628,0.8230,-0.1425,-0.0303,0.6105,Dark,
120.5061,6.0936,7.2816,0.0000,0.0000,0.1821,-0.5391,0.8223,-0.0413,-0.5565,0.8298,0.0749,-0.5634,0.8228,-0.1426,-0.0306,0.6106,Dark,
120.5168,6.0873,7.2808,0.0000,0.0000,0.1809,-0.5391,0.8226,-0.0420,-0.5565,0.8298,0.0740,-0.5634,0.8229,-0.1429,-0.0309,0.6107,Dark,
120.5281,6.0885,7.2785,0.0000,0.0000,0.1800,-0.5398,0.8223,-0.0426,-0.5572,0.8293,0.0732,-0.5640,0.8225,-0.1431,-0.0312,0.6108,Dark,
120.5392,6.0888,7.2757,0.0000,0.0000,0.1777,-0.5409,0.8221,-0.0447,-0.5582,0.8285,0.0710,-0.5651,0.8220,-0.1433,-0.0315,0.6108,Dark,
120.5502,6.0943,7.2673,0.0000,0.0000,0.1777,-0.5400,0.8227,-0.0442,-0.5575,0.8290,0.0713,-0.5643,0.8225,-0.1436,-0.0317,0.6109,Dark,
120.5615,6.0971,7.2678,0.0000,0.0000,0.1750,-0.5413,0.8224,-0.0467,-0.5587,0.8281,0.0687,-0.5655,0.8219,-0.1439,-0.0320,0.6109,Dark,
120.5726,6.0890,7.2686,0.0000,0.0000,0.1735,-0.5418,0.8224,-0.0480,-0.5592,0.8276,0.0673,-0.5660,0.8217,-0.1442,-0.0322,0.6109,Dark,
120.5840,6.0846,7.2807,0.0000,0.0000,0.1720,-0.5423,0.8224,-0.0492,-0.5598,0.8272,0.0659,-0.5665,0.8214,-0.1446,-0.0325,0.6109,Dark,
120.5946,6.0831,7.2894,0.0000,0.0000,0.1705,-0.5429,0.8223,-0.0505,-0.5605,0.8266,0.0646,-0.5671,0.8211,-0.1449,-0.0327,0.6109,Dark,
120.6058,6.0992,7.2957,0.0000,0.0000,0.1688,-0.5438,0.8220,-0.0519,-0.5614,0.8259,0.0630,-0.5680,0.8206,-0.1450,-0.0330,0.6109,Dark,
120.6171,6.1538,7.3594,0.0000,0.0000,0.1682,-0.5462,0.8206,-0.0525,-0.5639,0.8242,0.0624,-0.5704,0.8190,-0.1453,-0.0332,0.6109,Dark,
120.6287,6.1858,7.3997,0.0000,0.0000,0.1681,-0.5564,0.8137,-0.0524,-0.5744,0.8169,0.0625,-0.5807,0.8117,-0.1457,-0.0335,0.6108,Dark,
120.6391,6.2292,7.4311,0.0000,0.0000,0.1721,-0.5832,0.7939,-0.0485,-0.6023,0.7968,0.0664,-0.6078,0.7913,-0.1460,-0.0338,0.6108,Dark,
120.6504,6.2653,7.5048,0.0000,0.0000,0.1737,-0.5956,0.7843,-0.0494,-0.6154,0.7867,0.0669,-0.6207,0.7812,-0.1464,-0.0340,0.6107,Dark,
120.6617,6.2640,7.5269,0.0000,0.0000,0.1730,-0.6059,0.7765,-0.0518,-0.6259,0.7782,0.0654,-0.6312,0.7729,-0.1469,-0.0343,0.6107,Dark,
120.6729,6.2626,7.5422,0.0000,0.0000,0.1724,-0.6130,0.7710,-0.0543,-0.6334,0.7719,0.0639,-0.6386,0.7669,-0.1473,-0.0345,0.6106,Dark,
120.6837,6.2591,7.5674,0.0000,0.0000,0.1730,-0.6240,0.7621,-0.0581,-0.6448,0.7621,0.0624,-0.6501,0.7573,-0.1477,-0.0347,0.6105,Dark,
120.6947,6.2599,7.5637,0.0000,0.0000,0.1710,-0.6254,0.7614,-0.0625,-0.6461,0.7607,0.0593,-0.6516,0.7563,-0.1481,-0.0349,0.6104,Dark,
120.7058,6.2730,7.5600,0.0000,0.0000,0.1702,-0.6258,0.7612,-0.0658,-0.6465,0.7600,0.0573,-0.6522,0.7558,-0.1484,-0.0352,0.6103,Dark,
120.7176,6.2993,7.5415,0.0000,0.0000,0.1714,-0.6273,0.7597,-0.0688,-0.6484,0.7582,0.0566,-0.6543,0.7542,-0.1488,-0.0354,0.6102,Dark,
120.7282,6.3119,7.5329,0.0000,0.0000,0.1708,-0.6262,0.7607,-0.0714,-0.6475,0.7587,0.0550,-0.6535,0.7549,-0.1492,-0.0356,0.6100,Dark,
120.7398,6.3055,7.5272,0.0000,0.0000,0.1707,-0.6261,0.7608,-0.0736,-0.6477,0.7584,0.0539,-0.6537,0.7548,-0.1494,-0.0359,0.6099,Dark,
120.7510,6.3073,7.5045,0.0000,0.0000,0.1719,-0.6256,0.7610,-0.0756,-0.6476,0.7582,0.0537,-0.6537,0.7549,-0.1497,-0.0361,0.6098,Dark,
120.7617,6.3145,7.5138,0.0000,0.0000,0.1715,-0.6253,0.7613,-0.0777,-0.6476,0.7580,0.0525,-0.6537,0.7549,-0.1501,-0.0363,0.6096,Dark,
120.7730,6.3036,7.5224,0.0000,0.0000,0.1715,-0.6245,0.7620,-0.0794,-0.6472,0.7582,0.0517,-0.6532,0.7554,-0.1504,-0.0365,0.6095,Dark,
120.7840,6.3103,7.5266,0.0000,0.0000,0.1722,-0.6236,0.7625,-0.0815,-0.6467,0.7584,0.0512,-0.6528,0.7558,-0.1507,-0.0367,0.6093,Dark,
120.7950,6.3219,7.5253,0.0000,0.0000,0.1719,-0.6235,0.7627,-0.0832,-0.6467,0.7582,0.0502,-0.6529,0.7558,-0.1510,-0.0369,0.6091,Dark,
120.8061,6.3213,7.5227,0.0000,0.0000,0.1720,-0.6235,0.7627,-0.0843,-0.6468,0.7580,0.0497,-0.6530,0.7557,-0.1512,-0.0371,0.6090,Dark,
120.8177,6.3250,7.5051,0.0000,0.0000,0.1731,-0.6231,0.7627,-0.0853,-0.6468,0.7579,0.0499,-0.6530,0.7557,-0.1514,-0.0373,0.6089,Dark,
120.8286,6.3261,7.5140,0.0000,0.0000,0.1735,-0.6234,0.7624,-0.0859,-0.6472,0.7574,0.0498,-0.6535,0.7553,-0.1516,-0.0375,0.6087,Dark,
120.8397,6.3051,7.5190,0.0000,0.0000,0.1745,-0.6235,0.7621,-0.0866,-0.6475,0.7571,0.0500,-0.6539,0.7549,-0.1519,-0.0377,0.6086,Dark,
120.8508,6.3018,7.5163,0.0000,0.0000,0.1754,-0.6235,0.7619,-0.0865,-0.6478,0.7569,0.0506,-0.6540,0.7548,-0.1520,-0.0379,0.6084,Dark,
120.8622,6.2994,7.5109,0.0000,0.0000,0.1760,-0.6237,0.7615,-0.0866,-0.6483,0.7565,0.0509,-0.6545,0.7544,-0.1521,-0.0380,0.6082,Dark,
120.8738,6.2727,7.4873,0.0000,0.0000,0.1775,-0.6238,0.7611,-0.0864,-0.6487,0.7561,0.0518,-0.6549,0.7540,-0.1522,-0.0381,0.6080,Dark,
120.8844,6.2670,7.4736,0.0000,0.0000,0.1787,-0.6241,0.7607,-0.0860,-0.6492,0.7557,0.0527,-0.6553,0.7535,-0.1523,-0.0383,0.6078,Dark,
120.8956,6.2627,7.4869,0.0000,0.0000,0.1799,-0.6240,0.7604,-0.0855,-0.6494,0.7556,0.0535,-0.6554,0.7534,-0.1524,-0.0384,0.6077,Dark,
120.9066,6.2584,7.4901,0.0000,0.0000,0.1807,-0.6235,0.7606,-0.0861,-0.6492,0.7558,0.0537,-0.6552,0.7535,-0.1524,-0.0385,0.6076,Dark,
120.9178,6.2730,7.4827,0.0000,0.0000,0.1816,-0.6231,0.7608,-0.0862,-0.6489,0.7560,0.0541,-0.6549,0.7538,-0.1525,-0.0385,0.6074,Dark,
120.9288,6.2848,7.4860,0.0000,0.0000,0.1825,-0.6227,0.7609,-0.0861,-0.6486,0.7562,0.0546,-0.6547,0.7540,-0.1525,-0.0386,0.6072,Dark,
120.9400,6.2687,7.4873,0.0000,0.0000,0.1833,-0.6219,0.7613,-0.0869,-0.6479,0.7567,0.0547,-0.6541,0.7544,-0.1526,-0.0386,0.6070,Dark,
120.9513,6.3417,7.4889,0.0000,0.0000,0.1852,-0.6208,0.7618,-0.0866,-0.6472,0.7574,0.0559,-0.6533,0.7550,-0.1526,-0.0386,0.6069,Dark,
120.9625,6.4019,7.5492,0.0000,0.0000,0.1952,-0.6243,0.7564,-0.0747,-0.6524,0.7541,0.0670,-0.6574,0.7505,-0.1527,-0.0386,0.6068,Dark,
120.9734,6.4344,7.6637,0.0000,0.0000,0.2503,-0.6487,0.7187,-0.0193,-0.6878,0.7257,0.1235,-0.6867,0.7163,-0.1527,-0.0386,0.6067,Dark,
120.9844,6.4326,7.7149,0.0000,0.0000,0.2610,-0.6550,0.7091,-0.0124,-0.6966,0.7174,0.1326,-0.6945,0.7072,-0.1527,-0.0385,0.6066,Dark,
120.9956,6.3955,7.7206,0.0000,0.0000,0.2676,-0.6579,0.7040,-0.0148,-0.7015,0.7125,0.1352,-0.6991,0.7021,-0.1528,-0.0384,0.6064,Dark,
121.0066,6.3757,7.7040,0.0000,0.0000,0.2708,-0.6615,0.6993,-0.0148,-0.7062,0.7079,0.1369,-0.7035,0.6973,-0.1528,-0.0383,0.6065,Dark,
121.0180,6.3485,7.6889,0.0000,0.0000,0.2793,-0.6605,0.6970,-0.0095,-0.7073,0.7069,0.1442,-0.7038,0.6956,-0.1528,-0.0382,0.6063,Dark,
121.0290,6.3227,7.6829,0.0000,0.0000,0.2814,-0.6593,0.6973,-0.0166,-0.7071,0.7069,0.1421,-0.7040,0.6959,-0.1529,-0.0381,0.6062,Dark,
121.0399,6.3209,7.6753,0.0000,0.0000,0.2828,-0.6610,0.6950,-0.0191,-0.7095,0.7045,0.1417,-0.7064,0.6935,-0.1529,-0.0379,0.6063,Dark,
121.0513,6.3102,7.6691,0.0000,0.0000,0.2863,-0.6588,0.6957,-0.0192,-0.7082,0.7058,0.1437,-0.7050,0.6945,-0.1529,-0.0378,0.6062,Dark,
121.0624,6.2906,7.6564,0.0000,0.0000,0.2916,-0.6590,0.6934,-0.0201,-0.7098,0.7041,0.1462,-0.7065,0.6925,-0.1529,-0.0377,0.6061,Dark,
121.0735,6.2803,7.6549,0.0000,0.0000,0.2919,-0.6605,0.6917,-0.0231,-0.7115,0.7023,0.1450,-0.7084,0.6907,-0.1529,-0.0376,0.6060,Dark,
121.0846,6.2857,7.6550,0.0000,0.0000,0.2950,-0.6587,0.6922,-0.0230,-0.7105,0.7033,0.1468,-0.7073,0.6915,-0.1529,-0.0374,0.6059,Dark,
121.0957,6.3072,7.6693,0.0000,0.0000,0.3001,-0.6573,0.6913,-0.0230,-0.7104,0.7034,0.1497,-0.7070,0.6911,-0.1529,-0.0373,0.6058,Dark,
121.1069,6.3198,7.6746,0.0000,0.0000,0.3034,-0.6603,0.6870,-0.0217,-0.7144,0.6994,0.1522,-0.7106,0.6869,-0.1528,-0.0373,0.6059,Dark,
121.1181,6.3176,7.6804,0.0000,0.0000,0.3024,-0.6561,0.6914,-0.0263,-0.7099,0.7038,0.1495,-0.7068,0.6915,-0.1528,-0.0372,0.6058,Dark,
121.1293,6.3081,7.6963,0.0000,0.0000,0.3059,-0.6571,0.6889,-0.0269,-0.7121,0.7016,0.1513,-0.7087,0.6891,-0.1528,-0.0371,0.6057,Dark,
121.1403,6.3087,7.7054,0.0000,0.0000,0.3070,-0.6559,0.6896,-0.0279,-0.7112,0.7024,0.1515,-0.7079,0.6899,-0.1527,-0.0370,0.6057,Dark,
121.1515,6.3222,7.7038,0.0000,0.0000,0.3064,-0.6547,0.6910,-0.0310,-0.7099,0.7036,0.1497,-0.7070,0.6912,-0.1527,-0.0369,0.6056,Dark,
121.1628,6.3461,7.6965,0.0000,0.0000,0.3090,-0.6546,0.6899,-0.0315,-0.7107,0.7028,0.1509,-0.7076,0.6903,-0.1528,-0.0369,0.6055,Dark,
121.1737,6.3536,7.6928,0.0000,0.0000,0.3099,-0.6540,0.6901,-0.0322,-0.7102,0.7032,0.1511,-0.7072,0.6907,-0.1528,-0.0368,0.6055,Dark,
121.1853,6.3581,7.6996,0.0000,0.0000,0.3102,-0.6536,0.6904,-0.0336,-0.7099,0.7035,0.1507,-0.7070,0.6910,-0.1528,-0.0367,0.6054,Dark,
121.1960,6.3549,7.7098,0.0000,0.0000,0.3115,-0.6528,0.6905,-0.0351,-0.7095,0.7039,0.1508,-0.7067,0.6913,-0.1528,-0.0367,0.6054,Dark,
121.2072,6.3531,7.7124,0.0000,0.0000,0.3129,-0.6522,0.6905,-0.0348,-0.7091,0.7043,0.1517,-0.7063,0.6915,-0.1528,-0.0366,0.6053,Dark,
121.2184,6.3518,7.7267,0.0000,0.0000,0.3135,-0.6519,0.6904,-0.0356,-0.7090,0.7043,0.1517,-0.7063,0.6915,-0.1529,-0.0366,0.6052,Dark,
121.2301,6.3616,7.7240,0.0000,0.0000,0.3146,-0.6512,0.6906,-0.0370,-0.7085,0.7047,0.1516,-0.7059,0.6918,-0.1528,-0.0366,0.6052,Dark,
121.2405,6.3707,7.7123,0.0000,0.0000,0.3157,-0.6502,0.6910,-0.0369,-0.7078,0.7054,0.1523,-0.7052,0.6924,-0.1529,-0.0365,0.6051,Dark,
121.2518,6.3780,7.7009,0.0000,0.0000,0.3161,-0.6505,0.6906,-0.0374,-0.7081,0.7051,0.1523,-0.7056,0.6921,-0.1529,-0.0365,0.6050,Dark,
121.2630,6.3902,7.6944,0.0000,0.0000,0.3174,-0.6499,0.6906,-0.0378,-0.7078,0.7054,0.1529,-0.7053,0.6922,-0.1529,-0.0364,0.6050,Dark,
121.2741,6.3902,7.6996,0.0000,0.0000,0.3183,-0.6490,0.6910,-0.0375,-0.7072,0.7060,0.1536,-0.7047,0.6927,-0.1530,-0.0364,0.6049,Dark,
121.2855,6.3895,7.6971,0.0000,0.0000,0.3182,-0.6488,0.6912,-0.0386,-0.7071,0.7061,0.1530,-0.7046,0.6929,-0.1530,-0.0363,0.6048,Dark,
121.2962,6.3745,7.6919,0.0000,0.0000,0.3192,-0.6484,0.6912,-0.0391,-0.7069,0.7062,0.1533,-0.7044,0.6930,-0.1530,-0.0363,0.6047,Dark,
121.3072,6.3763,7.6890,0.0000,0.0000,0.3205,-0.6476,0.6913,-0.0384,-0.7064,0.7067,0.1544,-0.7039,0.6934,-0.1530,-0.0362,0.6047,Dark,
121.3186,6.3786,7.6828,0.0000,0.0000,0.3206,-0.6476,0.6913,-0.0390,-0.7066,0.7066,0.1542,-0.7040,0.6932,-0.1530,-0.0362,0.6046,Dark,
121.3297,6.3884,7.6754,0.0000,0.0000,0.3220,-0.6469,0.6912,-0.0385,-0.7064,0.7067,0.1553,-0.7037,0.6933,-0.1530,-0.0362,0.6046,Dark,
121.3411,6.3916,7.6728,0.0000,0.0000,0.3235,-0.6460,0.6914,-0.0374,-0.7059,0.7073,0.1566,-0.7030,0.6937,-0.1531,-0.0361,0.6045,Dark,
121.3519,6.3934,7.6758,0.0000,0.0000,0.3240,-0.6460,0.6911,-0.0375,-0.7061,0.7071,0.1569,-0.7032,0.6935,-0.1531,-0.0361,0.6044,Dark,
121.3630,6.3823,7.6770,0.0000,0.0000,0.3256,-0.6454,0.6910,-0.0366,-0.7060,0.7073,0.1582,-0.7029,0.6935,-0.1531,-0.0361,0.6043,Dark,
121.3741,6.3829,7.6754,0.0000,0.0000,0.3269,-0.6443,0.6914,-0.0355,-0.7053,0.7081,0.1595,-0.7020,0.6941,-0.1532,-0.0360,0.6043,Dark,
121.3855,6.3830,7.6939,0.0000,0.0000,0.3276,-0.6435,0.6918,-0.0358,-0.7046,0.7087,0.1598,-0.7014,0.6947,-0.1532,-0.0359,0.6043,Dark,
121.3969,6.3828,7.7075,0.0000,0.0000,0.3273,-0.6436,0.6918,-0.0369,-0.7047,0.7086,0.1591,-0.7015,0.6946,-0.1532,-0.0359,0.6042,Dark,
121.4075,6.3835,7.7186,0.0000,0.0000,0.3283,-0.6427,0.6922,-0.0363,-0.7040,0.7093,0.1599,-0.7008,0.6952,-0.1533,-0.0359,0.6041,Dark,
121.4188,6.3907,7.6990,0.0000,0.0000,0.3298,-0.6422,0.6920,-0.0357,-0.7039,0.7094,0.1611,-0.7006,0.6952,-0.1533,-0.0358,0.6040,Dark,
121.4301,6.3968,7.7063,0.0000,0.0000,0.3294,-0.6425,0.6919,-0.0368,-0.7042,0.7091,0.1603,-0.7009,0.6950,-0.1533,-0.0358,0.6039,Dark,
121.4417,6.4115,7.7126,0.0000,0.0000,0.3306,-0.6418,0.6920,-0.0361,-0.7038,0.7095,0.1614,-0.7005,0.6952,-0.1533,-0.0358,0.6039,Dark,
121.4522,6.4252,7.6901,0.0000,0.0000,0.3322,-0.6414,0.6916,-0.0351,-0.7039,0.7094,0.1628,-0.7004,0.6950,-0.1533,-0.0358,0.6038,Dark,
121.4634,6.4254,7.6913,0.0000,0.0000,0.3320,-0.6420,0.6911,-0.0357,-0.7044,0.7089,0.1624,-0.7010,0.6944,-0.1533,-0.0357,0.6038,Dark,
121.4744,6.4235,7.6915,0.0000,0.0000,0.3395,-0.6379,0.6912,-0.0270,-0.7023,0.7114,0.1709,-0.6977,0.6957,-0.1534,-0.0357,0.6037,Dark,
121.4858,6.4374,7.7281,0.0000,0.0000,0.3528,-0.6331,0.6890,-0.0120,-0.7010,0.7130,0.1856,-0.6945,0.6952,-0.1534,-0.0357,0.6036,Dark,
121.4971,6.4517,7.7334,0.0000,0.0000,0.3489,-0.6381,0.6864,-0.0171,-0.7052,0.7088,0.1809,-0.6991,0.6917,-0.1533,-0.0357,0.6038,Dark,
121.5080,6.4730,7.7303,0.0000,0.0000,0.3564,-0.6356,0.6848,-0.0081,-0.7048,0.7093,0.1895,-0.6975,0.6911,-0.1533,-0.0356,0.6037,Dark,
121.5192,6.4791,7.7239,0.0000,0.0000,0.3568,-0.6341,0.6860,-0.0078,-0.7034,0.7107,0.1899,-0.6961,0.6924,-0.1534,-0.0356,0.6037,Dark,
121.5303,6.4752,7.7169,0.0000,0.0000,0.3615,-0.6321,0.6854,-0.0016,-0.7025,0.7117,0.1956,-0.6944,0.6925,-0.1533,-0.0356,0.6037,Dark,
121.5414,6.4934,7.7269,0.0000,0.0000,0.3655,-0.6301,0.6851,0.0039,-0.7016,0.7125,0.2004,-0.6928,0.6927,-0.1534,-0.0356,0.6037,Dark,
121.5523,6.5004,7.7265,0.0000,0.0000,0.3669,-0.6302,0.6843,0.0061,-0.7020,0.7121,0.2023,-0.6929,0.6921,-0.1534,-0.0356,0.6037,Dark,
121.5635,6.4928,7.7265,0.0000,0.0000,0.3678,-0.6302,0.6838,0.0076,-0.7022,0.7119,0.2035,-0.6930,0.6917,-0.1533,-0.0356,0.6038,Dark,
121.5746,6.4863,7.7347,0.0000,0.0000,0.3575,-0.6374,0.6826,-0.0054,-0.7068,0.7074,0.1913,-0.6991,0.6889,-0.1534,-0.0356,0.6038,Dark,
121.5862,6.4851,7.7349,0.0000,0.0000,0.3644,-0.6337,0.6824,0.0030,-0.7048,0.7094,0.1993,-0.6961,0.6897,-0.1534,-0.0356,0.6038,Dark,
121.5969,6.4878,7.7353,0.0000,0.0000,0.3626,-0.6350,0.6822,0.0005,-0.7056,0.7086,0.1971,-0.6972,0.6892,-0.1532,-0.0356,0.6039,Dark,
121.6081,6.4900,7.7290,0.0000,0.0000,0.3570,-0.6397,0.6807,-0.0060,-0.7089,0.7052,0.1907,-0.7013,0.6868,-0.1532,-0.0355,0.6038,Dark,
121.6195,6.4906,7.7252,0.0000,0.0000,0.3604,-0.6381,0.6804,-0.0017,-0.7081,0.7061,0.1947,-0.7000,0.6871,-0.1532,-0.0355,0.6039,Dark,
121.6305,6.4868,7.7227,0.0000,0.0000,0.3612,-0.6381,0.6800,-0.0005,-0.7082,0.7060,0.1957,-0.7000,0.6868,-0.1532,-0.0355,0.6039,Dark,
121.6416,6.4818,7.7322,0.0000,0.0000,0.3609,-0.6389,0.6793,0.0000,-0.7089,0.7053,0.1958,-0.7007,0.6861,-0.1531,-0.0355,0.6038,Dark,
121.6529,6.4810,7.7534,0.0000,0.0000,0.3601,-0.6396,0.6791,-0.0008,-0.7093,0.7049,0.1949,-0.7013,0.6857,-0.1531,-0.0355,0.6038,Dark,
121.6638,6.4907,7.7709,0.0000,0.0000,0.3612,-0.6390,0.6792,0.0006,-0.7090,0.7052,0.1962,-0.7007,0.6859,-0.1531,-0.0354,0.6039,Dark,
121.6753,6.4856,7.7582,0.0000,0.0000,0.3621,-0.6383,0.6792,0.0023,-0.7086,0.7056,0.1975,-0.7001,0.6861,-0.1531,-0.0354,0.6039,Dark,
121.6862,6.4737,7.7520,0.0000,0.0000,0.3621,-0.6388,0.6789,0.0026,-0.7090,0.7052,0.1976,-0.7005,0.6857,-0.1531,-0.0354,0.6039,Dark,
121.6975,6.4742,7.7460,0.0000,0.0000,0.3619,-0.6388,0.6790,0.0027,-0.7088,0.7054,0.1975,-0.7004,0.6859,-0.1530,-0.0354,0.6040,Dark,
121.7083,6.4654,7.7170,0.0000,0.0000,0.3605,-0.6398,0.6787,0.0021,-0.7094,0.7048,0.1964,-0.7011,0.6855,-0.1530,-0.0354,0.6040,Dark,
121.7195,6.4594,7.7120,0.0000,0.0000,0.3593,-0.6408,0.6784,0.0012,-0.7100,0.7042,0.1953,-0.7019,0.6850,-0.1530,-0.0353,0.6040,Dark,
121.7307,6.4537,7.7083,0.0000,0.0000,0.3588,-0.6410,0.6785,0.0011,-0.7100,0.7042,0.1949,-0.7020,0.6850,-0.1530,-0.0353,0.6041,Dark,
121.7419,6.4536,7.7153,0.0000,0.0000,0.3568,-0.6424,0.6782,-0.0004,-0.7109,0.7033,0.1931,-0.7030,0.6845,-0.1530,-0.0353,0.6041,Dark,
121.7536,6.4592,7.7061,0.0000,0.0000,0.3554,-0.6437,0.6778,-0.0016,-0.7117,0.7024,0.1917,-0.7041,0.6838,-0.1530,-0.0353,0.6041,Dark,
121.7640,6.4904,7.6966,0.0000,0.0000,0.3538,-0.6450,0.6773,-0.0028,-0.7127,0.7014,0.1902,-0.7052,0.6830,-0.1530,-0.0353,0.6041,Dark,
121.7754,6.4818,7.6956,0.0000,0.0000,0.3533,-0.6452,0.6774,-0.0031,-0.7127,0.7014,0.1897,-0.7053,0.6831,-0.1530,-0.0353,0.6041,Dark,
121.7864,6.4729,7.6973,0.0000,0.0000,0.3522,-0.6463,0.6769,-0.0040,-0.7135,0.7006,0.1887,-0.7062,0.6824,-0.1530,-0.0353,0.6041,Dark,
121.7978,6.4458,7.7086,0.0000,0.0000,0.3505,-0.6476,0.6766,-0.0054,-0.7143,0.6998,0.1870,-0.7072,0.6818,-0.1530,-0.0353,0.6040,Dark,
121.8087,6.4507,7.7150,0.0000,0.0000,0.3499,-0.6478,0.6767,-0.0059,-0.7144,0.6998,0.1864,-0.7073,0.6819,-0.1529,-0.0353,0.6041,Dark,
121.8198,6.4573,7.7135,0.0000,0.0000,0.3488,-0.6485,0.6766,-0.0070,-0.7147,0.6993,0.1853,-0.7078,0.6816,-0.1529,-0.0352,0.6041,Dark,
121.8310,6.4793,7.7045,0.0000,0.0000,0.3480,-0.6486,0.6769,-0.0077,-0.7147,0.6994,0.1845,-0.7079,0.6818,-0.1529,-0.0352,0.6041,Dark,
121.8421,6.4615,7.6983,0.0000,0.0000,0.3478,-0.6488,0.6768,-0.0078,-0.7148,0.6993,0.1843,-0.7080,0.6817,-0.1529,-0.0352,0.6041,Dark,
121.8534,6.4449,7.6848,0.0000,0.0000,0.3469,-0.6490,0.6771,-0.0085,-0.7148,0.6993,0.1834,-0.7081,0.6819,-0.1529,-0.0353,0.6040,Dark,
121.8643,6.4411,7.6727,0.0000,0.0000,0.3458,-0.6478,0.6788,-0.0101,-0.7133,0.7008,0.1821,-0.7069,0.6835,-0.1529,-0.0352,0.6041,Dark,
121.8756,6.4368,7.6723,0.0000,0.0000,0.3460,-0.6482,0.6784,-0.0099,-0.7137,0.7003,0.1822,-0.7072,0.6831,-0.1528,-0.0352,0.6040,Dark,
121.8867,6.4354,7.6587,0.0000,0.0000,0.3454,-0.6485,0.6783,-0.0103,-0.7139,0.7002,0.1818,-0.7075,0.6830,-0.1528,-0.0352,0.6040,Dark,
121.8979,6.4395,7.6410,0.0000,0.0000,0.3461,-0.6476,0.6789,-0.0097,-0.7130,0.7011,0.1824,-0.7065,0.6837,-0.1527,-0.0352,0.6040,Dark,
121.9092,6.4345,7.6354,0.0000,0.0000,0.3456,-0.6477,0.6790,-0.0102,-0.7130,0.7011,0.1819,-0.7066,0.6838,-0.1527,-0.0352,0.6040,Dark,
121.9200,6.4307,7.6322,0.0000,0.0000,0.3458,-0.6477,0.6789,-0.0099,-0.7130,0.7011,0.1822,-0.7066,0.6838,-0.1527,-0.0352,0.6040,Dark,
121.9312,6.4396,7.6322,0.0000,0.0000,0.3457,-0.6473,0.6793,-0.0104,-0.7126,0.7015,0.1819,-0.7063,0.6842,-0.1526,-0.0352,0.6040,Dark,
121.9424,6.4294,7.6341,0.0000,0.0000,0.3462,-0.6468,0.6796,-0.0099,-0.7121,0.7020,0.1824,-0.7058,0.6846,-0.1526,-0.0353,0.6040,Dark,
121.9539,6.4191,7.6143,0.0000,0.0000,0.3460,-0.6463,0.6801,-0.0104,-0.7116,0.7025,0.1821,-0.7053,0.6851,-0.1526,-0.0353,0.6040,Dark,
121.9654,6.4174,7.6068,0.0000,0.0000,0.3455,-0.6466,0.6801,-0.0111,-0.7117,0.7023,0.1814,-0.7056,0.6850,-0.1526,-0.0353,0.6040,Dark,
121.9758,6.4159,7.6008,0.0000,0.0000,0.3457,-0.6465,0.6801,-0.0109,-0.7116,0.7025,0.1816,-0.7055,0.6851,-0.1525,-0.0353,0.6040,Dark,
121.9870,6.4136,7.5930,0.0000,0.0000,0.3457,-0.6461,0.6804,-0.0107,-0.7111,0.7030,0.1818,-0.7050,0.6855,-0.1525,-0.0353,0.6039,Dark,
121.9981,6.4099,7.5916,0.0000,0.0000,0.3456,-0.6460,0.6806,-0.0108,-0.7110,0.7032,0.1816,-0.7049,0.6857,-0.1524,-0.0353,0.6040,Dark,
122.0097,6.4112,7.5900,0.0000,0.0000,0.3455,-0.6456,0.6811,-0.0107,-0.7105,0.7036,0.1816,-0.7044,0.6861,-0.1524,-0.0353,0.6040,Dark,
122.0204,6.4138,7.5765,0.0000,0.0000,0.3452,-0.6455,0.6813,-0.0107,-0.7103,0.7038,0.1815,-0.7043,0.6864,-0.1524,-0.0353,0.6040,Dark,
122.0315,6.4154,7.5718,0.0000,0.0000,0.3455,-0.6451,0.6815,-0.0102,-0.7099,0.7042,0.1819,-0.7038,0.6867,-0.1523,-0.0353,0.6040,Dark,
122.0426,6.4167,7.5835,0.0000,0.0000,0.3455,-0.6450,0.6816,-0.0104,-0.7097,0.7044,0.1818,-0.7037,0.6869,-0.1522,-0.0353,0.6040,Dark,
122.0537,6.4147,7.5854,0.0000,0.0000,0.3455,-0.6446,0.6820,-0.0105,-0.7092,0.7050,0.1817,-0.7032,0.6873,-0.1521,-0.0353,0.6039,Dark,
122.0652,6.4196,7.5866,0.0000,0.0000,0.3454,-0.6443,0.6824,-0.0109,-0.7087,0.7054,0.1815,-0.7029,0.6877,-0.1520,-0.0353,0.6039,Dark,
122.0759,6.4237,7.5744,0.0000,0.0000,0.3453,-0.6442,0.6825,-0.0111,-0.7086,0.7055,0.1813,-0.7028,0.6878,-0.1520,-0.0353,0.6039,Dark,
122.0873,6.4045,7.5583,0.0000,0.0000,0.3455,-0.6434,0.6831,-0.0113,-0.7079,0.7062,0.1814,-0.7021,0.6885,-0.1519,-0.0352,0.6040,Dark,
122.0982,6.4003,7.5561,0.0000,0.0000,0.3458,-0.6431,0.6833,-0.0111,-0.7076,0.7065,0.1816,-0.7018,0.6888,-0.1518,-0.0352,0.6040,Dark,
122.1096,6.3969,7.5655,0.0000,0.0000,0.3456,-0.6431,0.6834,-0.0114,-0.7075,0.7066,0.1814,-0.7018,0.6889,-0.1518,-0.0352,0.6040,Dark,
122.1207,6.3947,7.5727,0.0000,0.0000,0.3454,-0.6425,0.6840,-0.0119,-0.7069,0.7073,0.1811,-0.7012,0.6896,-0.1518,-0.0351,0.6040,Dark,
122.1319,6.3921,7.5703,0.0000,0.0000,0.3453,-0.6421,0.6844,-0.0122,-0.7064,0.7077,0.1808,-0.7009,0.6900,-0.1517,-0.0351,0.6040,Dark,
122.1429,6.3895,7.5751,0.0000,0.0000,0.3451,-0.6423,0.6844,-0.0127,-0.7065,0.7076,0.1805,-0.7010,0.6899,-0.1517,-0.0351,0.6040,Dark,
122.1543,6.3790,7.5809,0.0000,0.0000,0.3449,-0.6420,0.6848,-0.0133,-0.7061,0.7080,0.1801,-0.7007,0.6904,-0.1516,-0.0350,0.6040,Dark,
122.1655,6.3812,7.5834,0.0000,0.0000,0.3448,-0.6418,0.6850,-0.0137,-0.7059,0.7082,0.1799,-0.7005,0.6906,-0.1516,-0.0350,0.6039,Dark,
122.1766,6.3837,7.5782,0.0000,0.0000,0.3445,-0.6419,0.6851,-0.0142,-0.7059,0.7082,0.1795,-0.7006,0.6906,-0.1516,-0.0350,0.6039,Dark,
122.1878,6.3913,7.5672,0.0000,0.0000,0.3443,-0.6416,0.6854,-0.0146,-0.7056,0.7085,0.1792,-0.7003,0.6910,-0.1514,-0.0350,0.6039,Dark,
122.1987,6.3853,7.5629,0.0000,0.0000,0.3444,-0.6413,0.6856,-0.0145,-0.7053,0.7088,0.1793,-0.7000,0.6912,-0.1514,-0.0350,0.6039,Dark,
122.2099,6.3795,7.5552,0.0000,0.0000,0.3445,-0.6413,0.6856,-0.0144,-0.7053,0.7088,0.1793,-0.7001,0.6912,-0.1513,-0.0349,0.6039,Dark,
122.2213,6.3763,7.5451,0.0000,0.0000,0.3447,-0.6409,0.6859,-0.0142,-0.7048,0.7092,0.1796,-0.6996,0.6916,-0.1512,-0.0349,0.6039,Dark,
122.2318,6.3988,7.5416,0.0000,0.0000,0.3453,-0.6404,0.6861,-0.0137,-0.7044,0.7097,0.1801,-0.6991,0.6919,-0.1512,-0.0349,0.6038,Dark,
122.2430,6.4182,7.5492,0.0000,0.0000,0.3450,-0.6407,0.6860,-0.0143,-0.7046,0.7095,0.1797,-0.6994,0.6918,-0.1511,-0.0349,0.6038,Dark,
122.2544,6.4008,7.5573,0.0000,0.0000,0.3451,-0.6403,0.6862,-0.0145,-0.7042,0.7099,0.1796,-0.6991,0.6921,-0.1510,-0.0349,0.6037,Dark,
122.2658,6.4045,7.5579,0.0000,0.0000,0.3455,-0.6401,0.6862,-0.0141,-0.7040,0.7100,0.1801,-0.6989,0.6921,-0.1508,-0.0349,0.6036,Dark,
122.2762,6.4064,7.5601,0.0000,0.0000,0.3455,-0.6403,0.6860,-0.0142,-0.7042,0.7099,0.1800,-0.6991,0.6920,-0.1507,-0.0350,0.6035,Dark,
122.2878,6.3967,7.5606,0.0000,0.0000,0.3461,-0.6398,0.6862,-0.0138,-0.7038,0.7103,0.1805,-0.6987,0.6923,-0.1505,-0.0350,0.6035,Dark,
122.2987,6.3953,7.5607,0.0000,0.0000,0.3469,-0.6396,0.6860,-0.0129,-0.7036,0.7105,0.1814,-0.6985,0.6922,-0.1504,-0.0350,0.6034,Dark,
122.3101,6.3930,7.5563,0.0000,0.0000,0.3469,-0.6399,0.6857,-0.0131,-0.7038,0.7103,0.1812,-0.6988,0.6920,-0.1503,-0.0351,0.6033,Dark,
122.3213,6.4064,7.5367,0.0000,0.0000,0.3465,-0.6400,0.6858,-0.0140,-0.7036,0.7105,0.1806,-0.6988,0.6922,-0.1502,-0.0351,0.6032,Dark,
122.3320,6.4090,7.5238,0.0000,0.0000,0.3470,-0.6400,0.6855,-0.0135,-0.7036,0.7105,0.1811,-0.6988,0.6920,-0.1500,-0.0352,0.6031,Dark,
122.3432,6.4108,7.5256,0.0000,0.0000,0.3467,-0.6406,0.6851,-0.0142,-0.7040,0.7101,0.1805,-0.6994,0.6916,-0.1499,-0.0353,0.6030,Dark,
122.3545,6.4170,7.5347,0.0000,0.0000,0.3463,-0.6407,0.6852,-0.0151,-0.7040,0.7100,0.1799,-0.6995,0.6916,-0.1498,-0.0353,0.6029,Dark,
122.3659,6.4127,7.5408,0.0000,0.0000,0.3464,-0.6406,0.6853,-0.0152,-0.7040,0.7100,0.1799,-0.6994,0.6917,-0.1497,-0.0354,0.6028,Dark,
122.3769,6.4044,7.5435,0.0000,0.0000,0.3456,-0.6406,0.6857,-0.0165,-0.7038,0.7102,0.1789,-0.6994,0.6920,-0.1496,-0.0355,0.6027,Dark,
122.3882,6.4002,7.5291,0.0000,0.0000,0.3451,-0.6415,0.6851,-0.0174,-0.7044,0.7096,0.1781,-0.7002,0.6914,-0.1495,-0.0356,0.6026,Dark,
122.3992,6.4004,7.5169,0.0000,0.0000,0.3448,-0.6415,0.6853,-0.0180,-0.7042,0.7098,0.1776,-0.7001,0.6916,-0.1494,-0.0358,0.6025,Dark,
122.4103,6.3948,7.4990,0.0000,0.0000,0.3436,-0.6419,0.6855,-0.0198,-0.7043,0.7097,0.1761,-0.7005,0.6916,-0.1493,-0.0360,0.6024,Dark,
122.4216,6.3894,7.4962,0.0000,0.0000,0.3426,-0.6427,0.6853,-0.0213,-0.7047,0.7092,0.1748,-0.7011,0.6913,-0.1492,-0.0361,0.6022,Dark,
122.4326,6.3857,7.4954,0.0000,0.0000,0.3419,-0.6430,0.6853,-0.0221,-0.7049,0.7089,0.1741,-0.7014,0.6912,-0.1491,-0.0363,0.6021,Dark,
122.4437,6.3777,7.4844,0.0000,0.0000,0.3406,-0.6433,0.6856,-0.0237,-0.7047,0.7091,0.1726,-0.7015,0.6914,-0.1490,-0.0365,0.6020,Dark,
122.4548,6.3746,7.4831,0.0000,0.0000,0.3394,-0.6442,0.6854,-0.0251,-0.7053,0.7085,0.1713,-0.7023,0.6910,-0.1489,-0.0367,0.6019,Dark,
122.4661,6.3701,7.4822,0.0000,0.0000,0.3384,-0.6444,0.6857,-0.0255,-0.7052,0.7085,0.1705,-0.7023,0.6912,-0.1489,-0.0370,0.6017,Dark,
122.4769,6.3648,7.4757,0.0000,0.0000,0.3365,-0.6449,0.6862,-0.0261,-0.7049,0.7088,0.1691,-0.7022,0.6916,-0.1488,-0.0372,0.6016,Dark,
122.4880,6.3638,7.4736,0.0000,0.0000,0.3348,-0.6461,0.6859,-0.0271,-0.7054,0.7083,0.1676,-0.7030,0.6911,-0.1487,-0.0374,0.6015,Dark,
122.4992,6.3676,7.4717,0.0000,0.0000,0.3337,-0.6466,0.6860,-0.0271,-0.7057,0.7080,0.1670,-0.7033,0.6910,-0.1486,-0.0377,0.6012,Dark,
122.5103,6.3864,7.4588,0.0000,0.0000,0.3308,-0.6472,0.6868,-0.0281,-0.7054,0.7083,0.1649,-0.7033,0.6915,-0.1486,-0.0379,0.6010,Dark,
122.5223,6.3988,7.4660,0.0000,0.0000,0.3295,-0.6477,0.6869,-0.0286,-0.7056,0.7080,0.1639,-0.7036,0.6915,-0.1485,-0.0381,0.6008,Dark,
122.5325,6.3922,7.4723,0.0000,0.0000,0.3310,-0.6481,0.6859,-0.0260,-0.7070,0.7068,0.1659,-0.7043,0.6903,-0.1483,-0.0384,0.6007,Dark,
122.5437,6.3624,7.4586,0.0000,0.0000,0.3258,-0.6486,0.6879,-0.0289,-0.7054,0.7082,0.1616,-0.7036,0.6920,-0.1485,-0.0384,0.6004,Dark,
122.5549,6.3427,7.4560,0.0000,0.0000,0.3223,-0.6496,0.6886,-0.0311,-0.7056,0.7079,0.1585,-0.7041,0.6922,-0.1485,-0.0385,0.6005,Dark,
122.5661,6.3195,7.4534,0.0000,0.0000,0.3217,-0.6497,0.6887,-0.0301,-0.7057,0.7079,0.1587,-0.7040,0.6923,-0.1486,-0.0386,0.6004,Dark,
122.5773,6.2751,7.4479,0.0000,0.0000,0.3174,-0.6491,0.6913,-0.0318,-0.7039,0.7096,0.1555,-0.7025,0.6945,-0.1486,-0.0386,0.6003,Dark,
122.5887,6.2543,7.4362,0.0000,0.0000,0.3138,-0.6493,0.6928,-0.0342,-0.7031,0.7102,0.1523,-0.7021,0.6956,-0.1488,-0.0387,0.6002,Dark,
122.5998,6.2494,7.4262,0.0000,0.0000,0.3095,-0.6492,0.6948,-0.0363,-0.7022,0.7110,0.1489,-0.7014,0.6970,-0.1489,-0.0387,0.6001,Dark,
122.6105,6.2337,7.4139,0.0000,0.0000,0.3034,-0.6480,0.6986,-0.0394,-0.6997,0.7133,0.1440,-0.6993,0.7001,-0.1491,-0.0387,0.6000,Dark,
122.6221,6.2240,7.4051,0.0000,0.0000,0.2999,-0.6478,0.7003,-0.0418,-0.6990,0.7139,0.1410,-0.6988,0.7013,-0.1494,-0.0387,0.5999,Dark,
122.6332,6.2180,7.3990,0.0000,0.0000,0.2976,-0.6483,0.7009,-0.0428,-0.6992,0.7136,0.1392,-0.6990,0.7015,-0.1496,-0.0387,0.5999,Dark,
122.6441,6.2025,7.4001,0.0000,0.0000,0.2923,-0.6449,0.7062,-0.0466,-0.6957,0.7168,0.1346,-0.6954,0.7059,-0.1497,-0.0389,0.5999,Dark,
122.6555,6.2016,7.4011,0.0000,0.0000,0.2902,-0.6436,0.7082,-0.0484,-0.6939,0.7184,0.1325,-0.6939,0.7078,-0.1499,-0.0388,0.5998,Dark,
122.6664,6.2030,7.4023,0.0000,0.0000,0.2849,-0.6448,0.7092,-0.0533,-0.6936,0.7184,0.1273,-0.6943,0.7083,-0.1503,-0.0387,0.5998,Dark,
122.6777,6.1887,7.3853,0.0000,0.0000,0.2793,-0.6437,0.7125,-0.0588,-0.6915,0.7200,0.1216,-0.6927,0.7109,-0.1506,-0.0387,0.6000,Dark,
122.6889,6.1843,7.3784,0.0000,0.0000,0.2762,-0.6417,0.7155,-0.0619,-0.6891,0.7220,0.1185,-0.6906,0.7135,-0.1509,-0.0386,0.5999,Dark,
122.6997,6.1801,7.3768,0.0000,0.0000,0.2729,-0.6404,0.7179,-0.0655,-0.6873,0.7234,0.1150,-0.6891,0.7155,-0.1511,-0.0386,0.6000,Dark,
122.7109,6.1826,7.3777,0.0000,0.0000,0.2677,-0.6387,0.7214,-0.0713,-0.6844,0.7256,0.1093,-0.6869,0.7185,-0.1514,-0.0386,0.6000,Dark,
122.7223,6.1900,7.3798,0.0000,0.0000,0.2652,-0.6383,0.7227,-0.0738,-0.6836,0.7261,0.1068,-0.6863,0.7194,-0.1516,-0.0386,0.6000,Dark,
122.7336,6.1959,7.3796,0.0000,0.0000,0.2621,-0.6373,0.7247,-0.0774,-0.6821,0.7272,0.1034,-0.6851,0.7211,-0.1516,-0.0386,0.5999,Dark,
122.7444,6.1913,7.3697,0.0000,0.0000,0.2572,-0.6355,0.7280,-0.0830,-0.6795,0.7290,0.0980,-0.6831,0.7237,-0.1519,-0.0386,0.5999,Dark,
122.7554,6.1951,7.3621,0.0000,0.0000,0.2542,-0.6349,0.7296,-0.0864,-0.6784,0.7296,0.0948,-0.6823,0.7249,-0.1521,-0.0386,0.5999,Dark,
122.7666,6.1981,7.3618,0.0000,0.0000,0.2517,-0.6343,0.7310,-0.0894,-0.6773,0.7303,0.0920,-0.6815,0.7260,-0.1521,-0.0386,0.5997,Dark,
122.7781,6.2166,7.3625,0.0000,0.0000,0.2479,-0.6328,0.7335,-0.0942,-0.6750,0.7318,0.0876,-0.6798,0.7282,-0.1523,-0.0386,0.5997,Dark,
122.7894,6.2091,7.3634,0.0000,0.0000,0.2458,-0.6322,0.7348,-0.0967,-0.6741,0.7323,0.0853,-0.6790,0.7291,-0.1525,-0.0385,0.5998,Dark,
122.8005,6.2018,7.3570,0.0000,0.0000,0.2436,-0.6314,0.7362,-0.0996,-0.6729,0.7330,0.0827,-0.6781,0.7303,-0.1525,-0.0386,0.5999,Dark,
122.8111,6.1873,7.3555,0.0000,0.0000,0.2405,-0.6297,0.7387,-0.1035,-0.6708,0.7344,0.0792,-0.6764,0.7323,-0.1527,-0.0386,0.5999,Dark,
122.8223,6.1885,7.3597,0.0000,0.0000,0.2382,-0.6285,0.7404,-0.1062,-0.6693,0.7354,0.0766,-0.6751,0.7337,-0.1529,-0.0386,0.5999,Dark,
122.8337,6.1911,7.3590,0.0000,0.0000,0.2369,-0.6278,0.7414,-0.1079,-0.6683,0.7360,0.0752,-0.6743,0.7346,-0.1529,-0.0386,0.5999,Dark,
122.8445,6.2185,7.3697,0.0000,0.0000,0.2347,-0.6260,0.7437,-0.1108,-0.6660,0.7377,0.0726,-0.6723,0.7367,-0.1530,-0.0386,0.6000,Dark,
122.8558,6.2130,7.3780,0.0000,0.0000,0.2330,-0.6251,0.7449,-0.1128,-0.6646,0.7386,0.0706,-0.6713,0.7378,-0.1532,-0.0386,0.6000,Dark,
122.8669,6.2060,7.3704,0.0000,0.0000,0.2317,-0.6231,0.7470,-0.1144,-0.6623,0.7405,0.0692,-0.6692,0.7399,-0.1533,-0.0386,0.6001,Dark,
122.8779,6.2048,7.3732,0.0000,0.0000,0.2306,-0.6222,0.7481,-0.1158,-0.6610,0.7414,0.0679,-0.6681,0.7410,-0.1534,-0.0386,0.6001,Dark,
122.8894,6.2164,7.3749,0.0000,0.0000,0.2297,-0.6210,0.7493,-0.1169,-0.6597,0.7424,0.0669,-0.6669,0.7421,-0.1535,-0.0386,0.6002,Dark,
122.9004,6.2275,7.3799,0.0000,0.0000,0.2295,-0.6200,0.7503,-0.1175,-0.6586,0.7433,0.0665,-0.6659,0.7430,-0.1535,-0.0386,0.6002,Dark,
122.9114,6.2266,7.3885,0.0000,0.0000,0.2285,-0.6187,0.7517,-0.1189,-0.6570,0.7444,0.0653,-0.6645,0.7444,-0.1536,-0.0386,0.6002,Dark,
122.9226,6.2237,7.3906,0.0000,0.0000,0.2276,-0.6176,0.7528,-0.1200,-0.6558,0.7453,0.0642,-0.6634,0.7455,-0.1537,-0.0387,0.6003,Dark,
122.9340,6.2203,7.3984,0.0000,0.0000,0.2270,-0.6167,0.7538,-0.1208,-0.6547,0.7461,0.0635,-0.6625,0.7464,-0.1537,-0.0387,0.6003,Dark,
122.9449,6.2187,7.4070,0.0000,0.0000,0.2262,-0.6152,0.7552,-0.1219,-0.6531,0.7474,0.0625,-0.6610,0.7478,-0.1538,-0.0386,0.6003,Dark,
122.9560,6.2232,7.4088,0.0000,0.0000,0.2254,-0.6138,0.7566,-0.1230,-0.6515,0.7486,0.0616,-0.6595,0.7492,-0.1540,-0.0386,0.6004,Dark,
122.9672,6.2269,7.4069,0.0000,0.0000,0.2249,-0.6125,0.7578,-0.1237,-0.6502,0.7497,0.0610,-0.6582,0.7503,-0.1540,-0.0386,0.6004,Dark,
122.9782,6.2221,7.3935,0.0000,0.0000,0.2244,-0.6100,0.7600,-0.1246,-0.6475,0.7518,0.0603,-0.6557,0.7526,-0.1541,-0.0386,0.6005,Dark,
122.9896,6.2286,7.3847,0.0000,0.0000,0.2241,-0.6084,0.7613,-0.1249,-0.6460,0.7530,0.0600,-0.6542,0.7540,-0.1542,-0.0385,0.6006,Dark,
123.0009,6.2339,7.3739,0.0000,0.0000,0.2241,-0.6069,0.7625,-0.1252,-0.6445,0.7543,0.0599,-0.6527,0.7552,-0.1543,-0.0385,0.6006,Dark,
123.0117,6.2356,7.3673,0.0000,0.0000,0.2242,-0.6051,0.7640,-0.1252,-0.6429,0.7557,0.0599,-0.6510,0.7567,-0.1544,-0.0384,0.6007,Dark,
123.0230,6.2380,7.3699,0.0000,0.0000,0.2240,-0.6034,0.7653,-0.1255,-0.6413,0.7570,0.0597,-0.6494,0.7581,-0.1545,-0.0384,0.6007,Dark,
123.0339,6.2392,7.3835,0.0000,0.0000,0.2240,-0.6020,0.7664,-0.1256,-0.6400,0.7580,0.0597,-0.6481,0.7592,-0.1546,-0.0384,0.6008,Dark,
123.0452,6.2458,7.4035,0.0000,0.0000,0.2238,-0.5994,0.7685,-0.1260,-0.6374,0.7602,0.0594,-0.6455,0.7614,-0.1546,-0.0383,0.6008,Dark,
123.0565,6.2614,7.4093,0.0000,0.0000,0.2237,-0.5978,0.7698,-0.1263,-0.6358,0.7615,0.0592,-0.6439,0.7628,-0.1547,-0.0382,0.6008,Dark,
123.0674,6.2741,7.4020,0.0000,0.0000,0.2239,-0.5965,0.7707,-0.1262,-0.6346,0.7624,0.0594,-0.6427,0.7638,-0.1548,-0.0382,0.6009,Dark,
123.0785,6.2892,7.3888,0.0000,0.0000,0.2237,-0.5940,0.7728,-0.1266,-0.6321,0.7645,0.0591,-0.6402,0.7659,-0.1548,-0.0381,0.6009,Dark,
123.0899,6.2958,7.3843,0.0000,0.0000,0.2234,-0.5924,0.7740,-0.1270,-0.6306,0.7656,0.0587,-0.6387,0.7672,-0.1549,-0.0380,0.6009,Dark,
123.1008,6.2999,7.3937,0.0000,0.0000,0.2232,-0.5911,0.7751,-0.1274,-0.6293,0.7667,0.0584,-0.6374,0.7683,-0.1551,-0.0380,0.6009,Dark,
123.1120,6.3158,7.4085,0.0000,0.0000,0.2225,-0.5889,0.7770,-0.1283,-0.6269,0.7684,0.0576,-0.6352,0.7702,-0.1552,-0.0379,0.6009,Dark,
123.1232,6.3215,7.4126,0.0000,0.0000,0.2221,-0.5876,0.7781,-0.1289,-0.6256,0.7694,0.0571,-0.6339,0.7713,-0.1552,-0.0378,0.6009,Dark,
123.1342,6.3256,7.4032,0.0000,0.0000,0.2215,-0.5864,0.7791,-0.1297,-0.6243,0.7703,0.0564,-0.6327,0.7723,-0.1555,-0.0378,0.6010,Dark,
123.1458,6.3178,7.4084,0.0000,0.0000,0.2201,-0.5849,0.7807,-0.1315,-0.6226,0.7714,0.0548,-0.6312,0.7737,-0.1556,-0.0377,0.6009,Dark,
123.1567,6.3125,7.4213,0.0000,0.0000,0.2193,-0.5836,0.7819,-0.1325,-0.6212,0.7724,0.0539,-0.6298,0.7749,-0.1557,-0.0375,0.6009,Dark,
123.1674,6.3085,7.4355,0.0000,0.0000,0.2185,-0.5826,0.7828,-0.1334,-0.6201,0.7731,0.0530,-0.6288,0.7757,-0.1558,-0.0375,0.6009,Dark,
123.1787,6.3175,7.4618,0.0000,0.0000,0.2170,-0.5809,0.7845,-0.1352,-0.6183,0.7742,0.0513,-0.6271,0.7772,-0.1559,-0.0374,0.6008,Dark,
123.1898,6.3193,7.4712,0.0000,0.0000,0.2170,-0.5803,0.7849,-0.1354,-0.6178,0.7746,0.0512,-0.6266,0.7777,-0.1560,-0.0373,0.6007,Dark,
123.2010,6.3205,7.4761,0.0000,0.0000,0.2159,-0.5804,0.7852,-0.1358,-0.6177,0.7746,0.0504,-0.6265,0.7778,-0.1562,-0.0373,0.6006,Dark,
123.2123,6.3658,7.4895,0.0000,0.0000,0.2151,-0.5874,0.7802,-0.1343,-0.6248,0.7691,0.0506,-0.6333,0.7723,-0.1562,-0.0372,0.6005,Dark,
123.2233,6.3819,7.4971,0.0000,0.0000,0.2143,-0.5872,0.7806,-0.1337,-0.6246,0.7694,0.0505,-0.6329,0.7726,-0.1563,-0.0372,0.6004,Dark,
123.2344,6.3943,7.5019,0.0000,0.0000,0.2081,-0.5919,0.7787,-0.1385,-0.6281,0.7657,0.0447,-0.6369,0.7696,-0.1564,-0.0371,0.6003,Dark,
123.2463,6.3941,7.5261,0.0000,0.0000,0.2123,-0.5919,0.7776,-0.1322,-0.6292,0.7659,0.0501,-0.6371,0.7691,-0.1565,-0.0370,0.6002,Dark,
123.2565,6.3967,7.5425,0.0000,0.0000,0.2099,-0.5919,0.7782,-0.1341,-0.6289,0.7659,0.0479,-0.6369,0.7694,-0.1567,-0.0369,0.6001,Dark,
123.2678,6.3992,7.5506,0.0000,0.0000,0.2059,-0.5946,0.7772,-0.1377,-0.6309,0.7635,0.0439,-0.6393,0.7677,-0.1569,-0.0369,0.6001,Dark,
123.2789,6.3788,7.5647,0.0000,0.0000,0.2077,-0.5926,0.7782,-0.1350,-0.6296,0.7651,0.0462,-0.6375,0.7690,-0.1570,-0.0368,0.6000,Dark,
123.2902,6.3745,7.5699,0.0000,0.0000,0.2092,-0.5911,0.7790,-0.1333,-0.6286,0.7662,0.0480,-0.6363,0.7700,-0.1571,-0.0367,0.5998,Dark,
123.3010,6.3708,7.5805,0.0000,0.0000,0.2101,-0.5903,0.7794,-0.1324,-0.6281,0.7668,0.0489,-0.6356,0.7705,-0.1573,-0.0366,0.5998,Dark,
123.3129,6.3794,7.5807,0.0000,0.0000,0.2092,-0.5898,0.7800,-0.1338,-0.6275,0.7670,0.0478,-0.6352,0.7709,-0.1573,-0.0366,0.5997,Dark,
123.3233,6.3853,7.5724,0.0000,0.0000,0.2103,-0.5889,0.7804,-0.1330,-0.6270,0.7676,0.0488,-0.6344,0.7715,-0.1574,-0.0365,0.5996,Dark,
123.3347,6.3936,7.5728,0.0000,0.0000,0.2128,-0.5863,0.7816,-0.1310,-0.6251,0.7695,0.0512,-0.6323,0.7731,-0.1576,-0.0365,0.5996,Dark,
123.3461,6.3962,7.5742,0.0000,0.0000,0.2140,-0.5845,0.7827,-0.1302,-0.6236,0.7708,0.0523,-0.6306,0.7743,-0.1576,-0.0365,0.5995,Dark,
123.3569,6.3925,7.5767,0.0000,0.0000,0.2146,-0.5841,0.7828,-0.1301,-0.6234,0.7710,0.0527,-0.6304,0.7745,-0.1577,-0.0364,0.5994,Dark,
123.3679,6.3892,7.5818,0.0000,0.0000,0.2157,-0.5831,0.7833,-0.1293,-0.6228,0.7716,0.0537,-0.6296,0.7751,-0.1578,-0.0364,0.5994,Dark,
123.3791,6.3876,7.5841,0.0000,0.0000,0.2174,-0.5817,0.7838,-0.1283,-0.6218,0.7726,0.0551,-0.6285,0.7759,-0.1579,-0.0364,0.5993,Dark,
123.3903,6.3871,7.5830,0.0000,0.0000,0.2181,-0.5812,0.7840,-0.1280,-0.6215,0.7729,0.0557,-0.6281,0.7761,-0.1579,-0.0364,0.5993,Dark,
123.4015,6.3870,7.5789,0.0000,0.0000,0.2172,-0.5824,0.7834,-0.1298,-0.6225,0.7718,0.0543,-0.6293,0.7753,-0.1580,-0.0363,0.5993,Dark,
123.4126,6.3867,7.5794,0.0000,0.0000,0.2182,-0.5819,0.7835,-0.1291,-0.6221,0.7722,0.0552,-0.6289,0.7755,-0.1580,-0.0363,0.5993,Dark,
123.4239,6.3875,7.5801,0.0000,0.0000,0.2192,-0.5814,0.7836,-0.1285,-0.6218,0.7726,0.0560,-0.6285,0.7758,-0.1579,-0.0363,0.5992,Dark,
123.4348,6.3770,7.6129,0.0000,0.0000,0.2206,-0.5805,0.7838,-0.1279,-0.6212,0.7731,0.0571,-0.6279,0.7762,-0.1580,-0.0363,0.5993,Dark,
123.4461,6.3676,7.6248,0.0000,0.0000,0.2213,-0.5800,0.7839,-0.1276,-0.6209,0.7734,0.0576,-0.6275,0.7765,-0.1580,-0.0363,0.5993,Dark,
123.4574,6.3657,7.6409,0.0000,0.0000,0.2231,-0.5788,0.7844,-0.1267,-0.6200,0.7743,0.0591,-0.6266,0.7771,-0.1580,-0.0363,0.5993,Dark,
123.4687,6.3658,7.6379,0.0000,0.0000,0.2232,-0.5789,0.7842,-0.1269,-0.6202,0.7741,0.0591,-0.6268,0.7770,-0.1581,-0.0363,0.5994,Dark,
123.4796,6.3697,7.6329,0.0000,0.0000,0.2236,-0.5783,0.7846,-0.1269,-0.6196,0.7745,0.0593,-0.6262,0.7774,-0.1581,-0.0362,0.5993,Dark,
123.4909,6.3791,7.6247,0.0000,0.0000,0.2251,-0.5766,0.7854,-0.1260,-0.6184,0.7757,0.0606,-0.6248,0.7784,-0.1581,-0.0362,0.5994,Dark,
123.5017,6.3824,7.6249,0.0000,0.0000,0.2251,-0.5764,0.7855,-0.1263,-0.6183,0.7757,0.0605,-0.6247,0.7785,-0.1582,-0.0361,0.5995,Dark,
123.5130,6.3905,7.6269,0.0000,0.0000,0.2258,-0.5758,0.7858,-0.1258,-0.6178,0.7762,0.0611,-0.6241,0.7789,-0.1583,-0.0361,0.5995,Dark,
123.5241,6.3812,7.6426,0.0000,0.0000,0.2267,-0.5749,0.7862,-0.1258,-0.6171,0.7768,0.0616,-0.6234,0.7795,-0.1583,-0.0360,0.5995,Dark,
123.5353,6.3771,7.6494,0.0000,0.0000,0.2272,-0.5744,0.7864,-0.1255,-0.6166,0.7772,0.0620,-0.6229,0.7798,-0.1584,-0.0360,0.5996,Dark,
123.5464,6.3776,7.6538,0.0000,0.0000,0.2269,-0.5740,0.7868,-0.1262,-0.6161,0.7775,0.0616,-0.6226,0.7801,-0.1584,-0.0360,0.5996,Dark,
123.5577,6.3806,7.6251,0.0000,0.0000,0.2257,-0.5740,0.7872,-0.1281,-0.6158,0.7774,0.0599,-0.6225,0.7804,-0.1585,-0.0359,0.5996,Dark,
123.5685,6.3838,7.6063,0.0000,0.0000,0.2252,-0.5733,0.7877,-0.1287,-0.6152,0.7778,0.0594,-0.6219,0.7809,-0.1586,-0.0358,0.5997,Dark,
123.5797,6.3780,7.5912,0.0000,0.0000,0.2245,-0.5728,0.7884,-0.1297,-0.6146,0.7781,0.0586,-0.6213,0.7814,-0.1587,-0.0356,0.5997,Dark,
123.5909,6.3710,7.5809,0.0000,0.0000,0.2228,-0.5731,0.7886,-0.1321,-0.6147,0.7776,0.0565,-0.6216,0.7813,-0.1588,-0.0354,0.5997,Dark,
123.6019,6.3699,7.5663,0.0000,0.0000,0.2209,-0.5735,0.7889,-0.1341,-0.6148,0.7772,0.0545,-0.6219,0.7812,-0.1589,-0.0353,0.5997,Dark,
123.6132,6.3688,7.5547,0.0000,0.0000,0.2191,-0.5732,0.7896,-0.1361,-0.6143,0.7772,0.0525,-0.6215,0.7816,-0.1591,-0.0351,0.5997,Dark,
123.6243,6.3691,7.5415,0.0000,0.0000,0.2159,-0.5744,0.7896,-0.1388,-0.6149,0.7763,0.0495,-0.6223,0.7812,-0.1592,-0.0350,0.5997,Dark,
123.6353,6.3692,7.5363,0.0000,0.0000,0.2131,-0.5748,0.7900,-0.1419,-0.6149,0.7757,0.0465,-0.6226,0.7811,-0.1594,-0.0348,0.5998,Dark,
123.6465,6.3704,7.5335,0.0000,0.0000,0.2088,-0.5752,0.7909,-0.1461,-0.6145,0.7753,0.0421,-0.6226,0.7814,-0.1596,-0.0346,0.5998,Dark,
123.6581,6.3716,7.5354,0.0000,0.0000,0.1970,-0.5739,0.7949,-0.1630,-0.6109,0.7748,0.0274,-0.6208,0.7835,-0.1599,-0.0344,0.5998,Dark,
123.6687,6.3718,7.5273,0.0000,0.0000,0.1899,-0.5718,0.7981,-0.1722,-0.6077,0.7753,0.0191,-0.6184,0.7856,-0.1603,-0.0342,0.5999,Dark,
123.6800,6.3588,7.5205,0.0000,0.0000,0.1824,-0.5709,0.8005,-0.1810,-0.6055,0.7750,0.0108,-0.6171,0.7868,-0.1609,-0.0339,0.5999,Dark,
123.6915,6.3337,7.5042,0.0000,0.0000,0.1736,-0.5701,0.8030,-0.1925,-0.6032,0.7740,0.0004,-0.6159,0.7878,-0.1614,-0.0336,0.5999,Dark,
123.7024,6.3227,7.5153,0.0000,0.0000,0.1666,-0.5690,0.8053,-0.2007,-0.6012,0.7735,-0.0073,-0.6145,0.7889,-0.1620,-0.0334,0.5999,Dark,
123.7138,6.3331,7.5237,0.0000,0.0000,0.1604,-0.5678,0.8074,-0.2084,-0.5993,0.7729,-0.0143,-0.6131,0.7898,-0.1625,-0.0331,0.5999,Dark,
123.7246,6.3309,7.5216,0.0000,0.0000,0.1549,-0.5666,0.8093,-0.2140,-0.5977,0.7727,-0.0199,-0.6118,0.7908,-0.1631,-0.0328,0.5999,Dark,
123.7355,6.3290,7.5257,0.0000,0.0000,0.1492,-0.5655,0.8112,-0.2196,-0.5961,0.7723,-0.0256,-0.6105,0.7916,-0.1637,-0.0324,0.5998,Dark,
123.7469,6.3574,7.5295,0.0000,0.0000,0.1446,-0.5638,0.8132,-0.2234,-0.5942,0.7726,-0.0298,-0.6086,0.7929,-0.1643,-0.0321,0.5997,Dark,
123.7582,6.3524,7.5317,0.0000,0.0000,0.1390,-0.5626,0.8149,-0.2286,-0.5927,0.7723,-0.0352,-0.6073,0.7937,-0.1649,-0.0318,0.5995,Dark,
123.7691,6.3482,7.5390,0.0000,0.0000,0.1322,-0.5627,0.8160,-0.2344,-0.5923,0.7709,-0.0416,-0.6070,0.7936,-0.1654,-0.0314,0.5995,Dark,
123.7802,6.3361,7.5493,0.0000,0.0000,0.1278,-0.5613,0.8177,-0.2374,-0.5909,0.7710,-0.0453,-0.6055,0.7946,-0.1659,-0.0310,0.5993,Dark,
123.7915,6.3392,7.5529,0.0000,0.0000,0.1223,-0.5596,0.8197,-0.2420,-0.5892,0.7709,-0.0504,-0.6038,0.7956,-0.1664,-0.0306,0.5992,Dark,
123.8023,6.3435,7.5618,0.0000,0.0000,0.1170,-0.5576,0.8218,-0.2463,-0.5873,0.7710,-0.0551,-0.6017,0.7968,-0.1670,-0.0303,0.5990,Dark,
123.8137,6.3415,7.5692,0.0000,0.0000,0.1102,-0.5569,0.8232,-0.2516,-0.5864,0.7700,-0.0613,-0.6008,0.7971,-0.1676,-0.0299,0.5989,Dark,
123.8250,6.3530,7.5691,0.0000,0.0000,0.1041,-0.5551,0.8252,-0.2567,-0.5845,0.7697,-0.0669,-0.5989,0.7980,-0.1681,-0.0295,0.5988,Dark,
123.8358,6.3618,7.5710,0.0000,0.0000,0.0983,-0.5533,0.8272,-0.2612,-0.5826,0.7696,-0.0721,-0.5969,0.7990,-0.1686,-0.0291,0.5985,Dark,
123.8468,6.3202,7.5843,0.0000,0.0000,0.0927,-0.5516,0.8289,-0.2645,-0.5810,0.7697,-0.0765,-0.5951,0.8000,-0.1691,-0.0287,0.5983,Dark,
123.8586,6.3122,7.5948,0.0000,0.0000,0.0874,-0.5502,0.8305,-0.2686,-0.5794,0.7695,-0.0813,-0.5935,0.8007,-0.1696,-0.0284,0.5981,Dark,
123.8695,6.3057,7.6011,0.0000,0.0000,0.0824,-0.5492,0.8316,-0.2723,-0.5784,0.7689,-0.0857,-0.5924,0.8011,-0.1700,-0.0281,0.5978,Dark,
123.8805,6.2974,7.6092,0.0000,0.0000,0.0780,-0.5485,0.8325,-0.2746,-0.5777,0.7687,-0.0890,-0.5915,0.8014,-0.1704,-0.0279,0.5975,Dark,
123.8917,6.2935,7.6112,0.0000,0.0000,0.0735,-0.5479,0.8333,-0.2781,-0.5770,0.7679,-0.0930,-0.5908,0.8015,-0.1708,-0.0276,0.5971,Dark,
123.9030,6.2895,7.6173,0.0000,0.0000,0.0699,-0.5470,0.8342,-0.2805,-0.5763,0.7676,-0.0960,-0.5898,0.8018,-0.1711,-0.0274,0.5968,Dark,
123.9138,6.2995,7.6206,0.0000,0.0000,0.0651,-0.5470,0.8346,-0.2835,-0.5763,0.7665,-0.1000,-0.5897,0.8014,-0.1714,-0.0272,0.5965,Dark,
123.9252,6.3035,7.6184,0.0000,0.0000,0.0612,-0.5466,0.8351,-0.2864,-0.5761,0.7656,-0.1033,-0.5893,0.8013,-0.1716,-0.0270,0.5961,Dark,
123.9364,6.3069,7.6160,0.0000,0.0000,0.0571,-0.5461,0.8358,-0.2894,-0.5756,0.7648,-0.1069,-0.5887,0.8012,-0.1720,-0.0268,0.5958,Dark,
123.9472,6.3063,7.6259,0.0000,0.0000,0.0506,-0.5476,0.8352,-0.2936,-0.5768,0.7623,-0.1124,-0.5899,0.7996,-0.1722,-0.0266,0.5955,Dark,
123.9586,6.2965,7.6272,0.0000,0.0000,0.0466,-0.5470,0.8358,-0.2965,-0.5764,0.7615,-0.1158,-0.5893,0.7996,-0.1724,-0.0264,0.5952,Dark,
123.9696,6.2885,7.6288,0.0000,0.0000,0.0438,-0.5463,0.8364,-0.2983,-0.5758,0.7612,-0.1181,-0.5886,0.7998,-0.1726,-0.0262,0.5950,Dark,
123.9808,6.2809,7.6223,0.0000,0.0000,0.0417,-0.5444,0.8378,-0.2984,-0.5742,0.7624,-0.1192,-0.5866,0.8011,-0.1728,-0.0259,0.5947,Dark,
123.9919,6.2752,7.6201,0.0000,0.0000,0.0390,-0.5438,0.8383,-0.3001,-0.5735,0.7622,-0.1214,-0.5859,0.8012,-0.1728,-0.0258,0.5944,Dark,
124.0028,6.2712,7.6246,0.0000,0.0000,0.0369,-0.5440,0.8383,-0.3013,-0.5735,0.7618,-0.1230,-0.5859,0.8010,-0.1729,-0.0256,0.5942,Dark,
124.0139,6.2871,7.6306,0.0000,0.0000,0.0326,-0.5453,0.8376,-0.3040,-0.5742,0.7602,-0.1266,-0.5868,0.7998,-0.1729,-0.0255,0.5938,Dark,
124.0253,6.2929,7.6322,0.0000,0.0000,0.0302,-0.5456,0.8375,-0.3055,-0.5743,0.7595,-0.1286,-0.5869,0.7994,-0.1730,-0.0254,0.5935,Dark,
124.0362,6.2932,7.6395,0.0000,0.0000,0.0277,-0.5450,0.8380,-0.3066,-0.5734,0.7597,-0.1304,-0.5860,0.7997,-0.1730,-0.0254,0.5932,Dark,
124.0480,6.2975,7.6444,0.0000,0.0000,0.0254,-0.5447,0.8383,-0.3084,-0.5729,0.7594,-0.1325,-0.5856,0.7997,-0.1730,-0.0253,0.5929,Dark,
124.0584,6.2999,7.6470,0.0000,0.0000,0.0231,-0.5441,0.8387,-0.3101,-0.5722,0.7592,-0.1345,-0.5849,0.7999,-0.1730,-0.0252,0.5926,Dark,
124.0702,6.3105,7.6564,0.0000,0.0000,0.0214,-0.5426,0.8397,-0.3111,-0.5706,0.7600,-0.1359,-0.5833,0.8008,-0.1729,-0.0251,0.5924,Dark,
124.0807,6.3060,7.6619,0.0000,0.0000,0.0197,-0.5421,0.8401,-0.3126,-0.5701,0.7598,-0.1374,-0.5828,0.8009,-0.1729,-0.0250,0.5921,Dark,
124.0924,6.3015,7.6751,0.0000,0.0000,0.0182,-0.5416,0.8404,-0.3136,-0.5694,0.7599,-0.1387,-0.5822,0.8011,-0.1729,-0.0249,0.5918,Dark,
124.1036,6.3173,7.6951,0.0000,0.0000,0.0169,-0.5408,0.8410,-0.3147,-0.5685,0.7601,-0.1399,-0.5813,0.8016,-0.1728,-0.0248,0.5916,Dark,
124.1141,6.3380,7.7015,0.0000,0.0000,0.0142,-0.5406,0.8412,-0.3170,-0.5678,0.7596,-0.1425,-0.5809,0.8014,-0.1728,-0.0248,0.5913,Dark,
124.1258,6.3554,7.6958,0.0000,0.0000,0.0094,-0.5392,0.8421,-0.3218,-0.5656,0.7593,-0.1474,-0.5791,0.8018,-0.1728,-0.0248,0.5911,Dark,
124.1399,6.3775,7.6756,0.0000,0.0000,-0.0014,-0.5392,0.8422,-0.3318,-0.5636,0.7565,-0.1582,-0.5781,0.8005,-0.1727,-0.0247,0.5909,Dark,
124.1475,6.3737,7.6640,0.0000,0.0000,-0.0055,-0.5397,0.8418,-0.3356,-0.5634,0.7549,-0.1623,-0.5783,0.7995,-0.1727,-0.0247,0.5907,Dark,
124.1589,6.3689,7.6551,0.0000,0.0000,-0.0093,-0.5408,0.8411,-0.3393,-0.5639,0.7529,-0.1661,-0.5792,0.7981,-0.1727,-0.0247,0.5905,Dark,
124.1700,6.3676,7.6672,0.0000,0.0000,-0.0141,-0.5416,0.8405,-0.3444,-0.5639,0.7506,-0.1712,-0.5796,0.7967,-0.1726,-0.0247,0.5904,Dark,
124.1811,6.3648,7.6832,0.0000,0.0000,-0.0165,-0.5427,0.8397,-0.3471,-0.5647,0.7488,-0.1738,-0.5806,0.7954,-0.1725,-0.0247,0.5902,Dark,
124.1926,6.3631,7.6912,0.0000,0.0000,-0.0186,-0.5435,0.8392,-0.3496,-0.5652,0.7472,-0.1762,-0.5814,0.7943,-0.1725,-0.0246,0.5900,Dark,
124.2035,6.3878,7.7005,0.0000,0.0000,-0.0213,-0.5447,0.8383,-0.3531,-0.5659,0.7450,-0.1793,-0.5824,0.7928,-0.1723,-0.0246,0.5899,Dark,
124.2145,6.4046,7.7017,0.0000,0.0000,-0.0217,-0.5456,0.8377,-0.3538,-0.5667,0.7441,-0.1799,-0.5833,0.7920,-0.1722,-0.0247,0.5898,Dark,
124.2259,6.4239,7.6854,0.0000,0.0000,-0.0224,-0.5463,0.8373,-0.3551,-0.5671,0.7432,-0.1809,-0.5839,0.7914,-0.1721,-0.0247,0.5897,Dark,
124.2373,6.4266,7.6792,0.0000,0.0000,-0.0226,-0.5470,0.8368,-0.3554,-0.5676,0.7426,-0.1812,-0.5846,0.7908,-0.1718,-0.0248,0.5897,Dark,
124.2479,6.4290,7.6743,0.0000,0.0000,-0.0226,-0.5479,0.8363,-0.3555,-0.5682,0.7421,-0.1813,-0.5853,0.7903,-0.1716,-0.0248,0.5896,Dark,
124.2595,6.4252,7.6579,0.0000,0.0000,-0.0222,-0.5489,0.8356,-0.3553,-0.5690,0.7416,-0.1810,-0.5862,0.7897,-0.1713,-0.0249,0.5896,Dark,
124.2703,6.4213,7.6671,0.0000,0.0000,-0.0213,-0.5496,0.8351,-0.3546,-0.5696,0.7415,-0.1803,-0.5869,0.7893,-0.1711,-0.0250,0.5896,Dark,
124.2815,6.4207,7.6752,0.0000,0.0000,-0.0201,-0.5506,0.8345,-0.3535,-0.5705,0.7414,-0.1791,-0.5878,0.7889,-0.1709,-0.0251,0.5896,Dark,
124.2933,6.4280,7.6967,0.0000,0.0000,-0.0182,-0.5509,0.8344,-0.3518,-0.5708,0.7419,-0.1773,-0.5881,0.7891,-0.1706,-0.0253,0.5897,Dark,
124.3039,6.4349,7.7055,0.0000,0.0000,-0.0157,-0.5511,0.8343,-0.3494,-0.5713,0.7427,-0.1749,-0.5885,0.7894,-0.1702,-0.0255,0.5898,Dark,
124.3148,6.4648,7.7110,0.0000,0.0000,-0.0120,-0.5515,0.8341,-0.3462,-0.5720,0.7436,-0.1714,-0.5890,0.7898,-0.1698,-0.0257,0.5899,Dark,
124.3261,6.4977,7.7528,0.0000,0.0000,0.0089,-0.5574,0.8302,-0.3250,-0.5817,0.7457,-0.1495,-0.5965,0.7886,-0.1694,-0.0259,0.5900,Dark,
124.3374,6.5027,7.7530,0.0000,0.0000,0.0224,-0.5675,0.8231,-0.3108,-0.5940,0.7420,-0.1353,-0.6075,0.7827,-0.1688,-0.0262,0.5901,Dark,
124.3481,6.5121,7.7518,0.0000,0.0000,0.0350,-0.5692,0.8214,-0.2989,-0.5980,0.7437,-0.1227,-0.6103,0.7826,-0.1683,-0.0266,0.5902,Dark,
124.3594,6.5109,7.7489,0.0000,0.0000,0.0456,-0.5756,0.8165,-0.2885,-0.6059,0.7413,-0.1119,-0.6173,0.7787,-0.1678,-0.0269,0.5902,Dark,
124.3704,6.5058,7.7394,0.0000,0.0000,0.0517,-0.5795,0.8134,-0.2818,-0.6105,0.7402,-0.1054,-0.6214,0.7764,-0.1672,-0.0273,0.5903,Dark,
124.3816,6.5046,7.7330,0.0000,0.0000,0.0590,-0.5809,0.8118,-0.2739,-0.6129,0.7411,-0.0977,-0.6232,0.7759,-0.1667,-0.0277,0.5904,Dark,
124.3930,6.5055,7.7204,0.0000,0.0000,0.0650,-0.5850,0.8084,-0.2656,-0.6177,0.7402,-0.0905,-0.6273,0.7735,-0.1663,-0.0281,0.5904,Dark,
124.4039,6.5084,7.7205,0.0000,0.0000,0.0662,-0.5874,0.8066,-0.2638,-0.6199,0.7390,-0.0892,-0.6295,0.7719,-0.1657,-0.0286,0.5905,Dark,
124.4150,6.5175,7.7214,0.0000,0.0000,0.0733,-0.5888,0.8050,-0.2555,-0.6223,0.7399,-0.0814,-0.6312,0.7714,-0.1652,-0.0290,0.5906,Dark,
124.4265,6.5341,7.7310,0.0000,0.0000,0.0773,-0.5897,0.8039,-0.2491,-0.6238,0.7408,-0.0761,-0.6321,0.7711,-0.1647,-0.0295,0.5906,Dark,
124.4376,6.5412,7.7220,0.0000,0.0000,0.0809,-0.5910,0.8026,-0.2444,-0.6257,0.7408,-0.0721,-0.6336,0.7703,-0.1642,-0.0300,0.5907,Dark,
124.4484,6.5359,7.7139,0.0000,0.0000,0.0877,-0.5911,0.8018,-0.2364,-0.6271,0.7422,-0.0645,-0.6341,0.7705,-0.1636,-0.0305,0.5907,Dark,
124.4598,6.5420,7.7041,0.0000,0.0000,0.0927,-0.5924,0.8003,-0.2288,-0.6294,0.7426,-0.0582,-0.6356,0.7698,-0.1631,-0.0311,0.5907,Dark,
124.4708,6.5515,7.7089,0.0000,0.0000,0.0969,-0.5937,0.7989,-0.2237,-0.6316,0.7423,-0.0536,-0.6372,0.7688,-0.1626,-0.0317,0.5908,Dark,
124.4821,6.5473,7.7142,0.0000,0.0000,0.1029,-0.5944,0.7976,-0.2162,-0.6335,0.7429,-0.0468,-0.6383,0.7684,-0.1621,-0.0324,0.5909,Dark,
124.4933,6.5419,7.7464,0.0000,0.0000,0.1089,-0.5932,0.7977,-0.2086,-0.6335,0.7451,-0.0399,-0.6375,0.7694,-0.1616,-0.0331,0.5909,Dark,
124.5040,6.5391,7.7413,0.0000,0.0000,0.1157,-0.5942,0.7959,-0.2018,-0.6360,0.7448,-0.0330,-0.6392,0.7683,-0.1610,-0.0337,0.5910,Dark,
124.5152,6.5303,7.7354,0.0000,0.0000,0.1223,-0.5948,0.7945,-0.1948,-0.6380,0.7450,-0.0261,-0.6404,0.7676,-0.1604,-0.0344,0.5911,Dark,
124.5264,6.5366,7.7196,0.0000,0.0000,0.1298,-0.5946,0.7935,-0.1895,-0.6395,0.7450,-0.0195,-0.6412,0.7671,-0.1599,-0.0352,0.5911,Dark,
124.5377,6.5470,7.7424,0.0000,0.0000,0.1365,-0.5973,0.7903,-0.1832,-0.6437,0.7431,-0.0129,-0.6446,0.7644,-0.1593,-0.0360,0.5913,Dark,
124.5488,6.5561,7.7633,0.0000,0.0000,0.1431,-0.5989,0.7879,-0.1770,-0.6466,0.7420,-0.0063,-0.6469,0.7625,-0.1589,-0.0369,0.5914,Dark,
124.5600,6.5714,7.7834,0.0000,0.0000,0.1496,-0.5990,0.7867,-0.1715,-0.6479,0.7421,-0.0002,-0.6477,0.7619,-0.1585,-0.0378,0.5914,Dark,
124.5710,6.5764,7.7974,0.0000,0.0000,0.1551,-0.6002,0.7847,-0.1667,-0.6501,0.7414,0.0051,-0.6494,0.7605,-0.1581,-0.0386,0.5917,Dark,
124.5824,6.5786,7.8062,0.0000,0.0000,0.1607,-0.6008,0.7831,-0.1618,-0.6516,0.7411,0.0104,-0.6504,0.7595,-0.1578,-0.0394,0.5919,Dark,
124.5935,6.5704,7.8101,0.0000,0.0000,0.1667,-0.6002,0.7823,-0.1574,-0.6520,0.7417,0.0158,-0.6505,0.7593,-0.1574,-0.0402,0.5920,Dark,
124.6046,6.5619,7.8108,0.0000,0.0000,0.1721,-0.6003,0.7810,-0.1530,-0.6527,0.7421,0.0207,-0.6510,0.7588,-0.1570,-0.0409,0.5922,Dark,
124.6156,6.5621,7.8104,0.0000,0.0000,0.1764,-0.6006,0.7799,-0.1493,-0.6531,0.7424,0.0247,-0.6514,0.7583,-0.1567,-0.0416,0.5924,Dark,
124.6267,6.5718,7.8217,0.0000,0.0000,0.1821,-0.6012,0.7781,-0.1445,-0.6543,0.7423,0.0301,-0.6523,0.7573,-0.1564,-0.0423,0.5925,Dark,
124.6380,6.5799,7.8385,0.0000,0.0000,0.1869,-0.6014,0.7768,-0.1408,-0.6551,0.7423,0.0344,-0.6529,0.7566,-0.1560,-0.0429,0.5927,Dark,
124.6493,6.5874,7.8524,0.0000,0.0000,0.1917,-0.6024,0.7748,-0.1367,-0.6569,0.7415,0.0390,-0.6544,0.7551,-0.1557,-0.0434,0.5927,Dark,
124.6602,6.6348,7.8592,0.0000,0.0000,0.1933,-0.6006,0.7758,-0.1351,-0.6553,0.7432,0.0405,-0.6527,0.7565,-0.1555,-0.0439,0.5928,Dark,
124.6713,6.6630,7.8400,0.0000,0.0000,0.1962,-0.6008,0.7749,-0.1329,-0.6559,0.7431,0.0431,-0.6532,0.7560,-0.1551,-0.0444,0.5930,Dark,
124.6826,6.6792,7.8229,0.0000,0.0000,0.1980,-0.6012,0.7742,-0.1314,-0.6563,0.7430,0.0448,-0.6535,0.7556,-0.1549,-0.0448,0.5930,Dark,
124.6939,6.6931,7.8119,0.0000,0.0000,0.1987,-0.6001,0.7748,-0.1327,-0.6552,0.7437,0.0445,-0.6527,0.7563,-0.1549,-0.0452,0.5931,Dark,
124.7048,6.6915,7.8062,0.0000,0.0000,0.2001,-0.6000,0.7746,-0.1322,-0.6552,0.7438,0.0455,-0.6527,0.7562,-0.1547,-0.0455,0.5933,Dark,
124.7159,6.6860,7.8041,0.0000,0.0000,0.2000,-0.6008,0.7740,-0.1329,-0.6558,0.7432,0.0451,-0.6535,0.7556,-0.1548,-0.0458,0.5933,Dark,
124.7271,6.6958,7.7756,0.0000,0.0000,0.1987,-0.6001,0.7749,-0.1346,-0.6545,0.7440,0.0435,-0.6526,0.7565,-0.1547,-0.0461,0.5934,Dark,
124.7380,6.7077,7.7643,0.0000,0.0000,0.1979,-0.6000,0.7751,-0.1356,-0.6542,0.7441,0.0426,-0.6524,0.7567,-0.1549,-0.0462,0.5935,Dark,
124.7492,6.7195,7.7561,0.0000,0.0000,0.1967,-0.6004,0.7751,-0.1372,-0.6543,0.7437,0.0412,-0.6527,0.7565,-0.1551,-0.0464,0.5936,Dark,
124.7604,6.7463,7.7986,0.0000,0.0000,0.1950,-0.6011,0.7751,-0.1404,-0.6545,0.7429,0.0387,-0.6533,0.7561,-0.1553,-0.0465,0.5936,Dark,
124.7713,6.7592,7.8148,0.0000,0.0000,0.1931,-0.6010,0.7756,-0.1429,-0.6542,0.7427,0.0364,-0.6532,0.7563,-0.1554,-0.0466,0.5938,Dark,
124.7825,6.7797,7.8268,0.0000,0.0000,0.1900,-0.6004,0.7768,-0.1467,-0.6532,0.7428,0.0329,-0.6525,0.7570,-0.1556,-0.0467,0.5939,Dark,
124.7942,6.8080,7.8470,0.0000,0.0000,0.1895,-0.5985,0.7784,-0.1485,-0.6515,0.7440,0.0318,-0.6509,0.7585,-0.1558,-0.0467,0.5941,Dark,
124.8046,6.8207,7.8571,0.0000,0.0000,0.1846,-0.5975,0.7804,-0.1543,-0.6496,0.7445,0.0263,-0.6495,0.7599,-0.1558,-0.0468,0.5943,Dark,
124.8163,6.8248,7.8654,0.0000,0.0000,0.1844,-0.5965,0.7812,-0.1550,-0.6486,0.7451,0.0258,-0.6486,0.7607,-0.1559,-0.0469,0.5944,Dark,
124.8270,6.8285,7.8890,0.0000,0.0000,0.1837,-0.5953,0.7822,-0.1567,-0.6474,0.7459,0.0246,-0.6476,0.7616,-0.1560,-0.0470,0.5945,Dark,
124.8384,6.8298,7.8898,0.0000,0.0000,0.1839,-0.5951,0.7823,-0.1569,-0.6471,0.7461,0.0247,-0.6474,0.7618,-0.1559,-0.0472,0.5947,Dark,
124.8495,6.8306,7.8894,0.0000,0.0000,0.1828,-0.5951,0.7826,-0.1585,-0.6468,0.7460,0.0232,-0.6473,0.7619,-0.1559,-0.0472,0.5947,Dark,
124.8606,6.8149,7.8916,0.0000,0.0000,0.1834,-0.5942,0.7831,-0.1586,-0.6460,0.7467,0.0234,-0.6465,0.7626,-0.1560,-0.0473,0.5948,Dark,
124.8714,6.8064,7.8877,0.0000,0.0000,0.1853,-0.5949,0.7821,-0.1568,-0.6471,0.7461,0.0254,-0.6474,0.7617,-0.1558,-0.0475,0.5951,Dark,
124.8829,6.7967,7.8850,0.0000,0.0000,0.1853,-0.5952,0.7819,-0.1572,-0.6473,0.7458,0.0252,-0.6477,0.7615,-0.1558,-0.0476,0.5952,Dark,
124.8939,6.7848,7.8829,0.0000,0.0000,0.1840,-0.5944,0.7829,-0.1592,-0.6461,0.7465,0.0235,-0.6468,0.7623,-0.1558,-0.0477,0.5954,Dark,
124.9052,6.7855,7.8823,0.0000,0.0000,0.1846,-0.5946,0.7825,-0.1589,-0.6464,0.7463,0.0239,-0.6471,0.7620,-0.1557,-0.0478,0.5956,Dark,
124.9161,6.7865,7.8968,0.0000,0.0000,0.1854,-0.5948,0.7822,-0.1584,-0.6467,0.7461,0.0246,-0.6473,0.7618,-0.1556,-0.0479,0.5957,Dark,
124.9275,6.7814,7.9283,0.0000,0.0000,0.1863,-0.5949,0.7819,-0.1580,-0.6468,0.7461,0.0253,-0.6475,0.7616,-0.1555,-0.0479,0.5959,Dark,
124.9384,6.7771,7.9429,0.0000,0.0000,0.1868,-0.5952,0.7815,-0.1578,-0.6471,0.7459,0.0257,-0.6478,0.7614,-0.1555,-0.0480,0.5960,Dark,
124.9497,6.7733,7.9518,0.0000,0.0000,0.1871,-0.5954,0.7814,-0.1578,-0.6471,0.7459,0.0258,-0.6479,0.7613,-0.1554,-0.0480,0.5961,Dark,
124.9611,6.7745,7.9672,0.0000,0.0000,0.1867,-0.5956,0.7813,-0.1589,-0.6470,0.7458,0.0250,-0.6480,0.7612,-0.1553,-0.0481,0.5962,Dark,
124.9717,6.7849,7.9746,0.0000,0.0000,0.1865,-0.5959,0.7811,-0.1594,-0.6471,0.7455,0.0247,-0.6483,0.7609,-0.1552,-0.0482,0.5964,Dark,
124.9828,6.7936,7.9751,0.0000,0.0000,0.1869,-0.5960,0.7810,-0.1593,-0.6471,0.7456,0.0249,-0.6484,0.7609,-0.1550,-0.0482,0.5965,Dark,
124.9947,6.8053,7.9629,0.0000,0.0000,0.1870,-0.5960,0.7809,-0.1599,-0.6470,0.7455,0.0246,-0.6484,0.7609,-0.1549,-0.0482,0.5967,Dark,
125.0052,6.7942,7.9520,0.0000,0.0000,0.1874,-0.5961,0.7807,-0.1598,-0.6471,0.7455,0.0249,-0.6486,0.7608,-0.1548,-0.0483,0.5968,Dark,
125.0165,6.7840,7.9371,0.0000,0.0000,0.1875,-0.5964,0.7805,-0.1601,-0.6471,0.7454,0.0248,-0.6487,0.7606,-0.1547,-0.0483,0.5969,Dark,
125.0282,6.7667,7.9219,0.0000,0.0000,0.1878,-0.5963,0.7805,-0.1604,-0.6470,0.7454,0.0248,-0.6487,0.7606,-0.1546,-0.0483,0.5970,Dark,
125.0386,6.7679,7.9202,0.0000,0.0000,0.1886,-0.5961,0.7804,-0.1600,-0.6469,0.7456,0.0255,-0.6486,0.7607,-0.1545,-0.0483,0.5971,Dark,
125.0502,6.7719,7.9143,0.0000,0.0000,0.1890,-0.5959,0.7805,-0.1604,-0.6467,0.7456,0.0255,-0.6485,0.7608,-0.1543,-0.0483,0.5972,Dark,
125.0612,6.7727,7.9154,0.0000,0.0000,0.1887,-0.5961,0.7804,-0.1611,-0.6467,0.7455,0.0249,-0.6487,0.7606,-0.1542,-0.0484,0.5973,Dark,
125.0721,6.7804,7.9161,0.0000,0.0000,0.1881,-0.5967,0.7801,-0.1622,-0.6470,0.7450,0.0241,-0.6492,0.7603,-0.1541,-0.0484,0.5974,Dark,
125.0832,6.7843,7.9237,0.0000,0.0000,0.1875,-0.5969,0.7801,-0.1635,-0.6469,0.7448,0.0231,-0.6493,0.7602,-0.1540,-0.0484,0.5974,Dark,
125.0949,6.7826,7.9214,0.0000,0.0000,0.1869,-0.5971,0.7801,-0.1645,-0.6468,0.7447,0.0223,-0.6494,0.7601,-0.1539,-0.0485,0.5975,Dark,
125.1056,6.7812,7.9190,0.0000,0.0000,0.1861,-0.5976,0.7799,-0.1658,-0.6470,0.7442,0.0212,-0.6498,0.7598,-0.1539,-0.0485,0.5976,Dark,
125.1170,6.7780,7.9158,0.0000,0.0000,0.1845,-0.5984,0.7797,-0.1682,-0.6473,0.7434,0.0191,-0.6505,0.7593,-0.1538,-0.0485,0.5976,Dark,
125.1284,6.7773,7.9306,0.0000,0.0000,0.1839,-0.5983,0.7799,-0.1693,-0.6470,0.7434,0.0182,-0.6503,0.7594,-0.1537,-0.0485,0.5977,Dark,
125.1388,6.7557,7.9434,0.0000,0.0000,0.1810,-0.5993,0.7798,-0.1727,-0.6472,0.7425,0.0149,-0.6510,0.7589,-0.1536,-0.0485,0.5978,Dark,
125.1499,6.7177,7.9132,0.0000,0.0000,0.1552,-0.6021,0.7832,-0.2042,-0.6440,0.7373,-0.0149,-0.6517,0.7583,-0.1535,-0.0485,0.5978,Dark,
125.1616,6.7021,7.8867,0.0000,0.0000,0.1563,-0.5991,0.7853,-0.2057,-0.6413,0.7392,-0.0150,-0.6491,0.7605,-0.1534,-0.0485,0.5978,Dark,
125.1722,6.7082,7.8645,0.0000,0.0000,0.1566,-0.5976,0.7864,-0.2076,-0.6398,0.7400,-0.0157,-0.6479,0.7616,-0.1534,-0.0485,0.5979,Dark,
125.1836,6.7063,7.8116,0.0000,0.0000,0.1592,-0.5956,0.7873,-0.2086,-0.6383,0.7410,-0.0148,-0.6466,0.7627,-0.1533,-0.0485,0.5980,Dark,
125.1945,6.6980,7.7876,0.0000,0.0000,0.1610,-0.5945,0.7878,-0.2084,-0.6374,0.7418,-0.0136,-0.6457,0.7634,-0.1532,-0.0485,0.5980,Dark,
125.2061,6.6813,7.7612,0.0000,0.0000,0.1634,-0.5938,0.7879,-0.2088,-0.6371,0.7420,-0.0125,-0.6455,0.7636,-0.1532,-0.0485,0.5980,Dark,
125.2170,6.6712,7.7561,0.0000,0.0000,0.1640,-0.5932,0.7882,-0.2095,-0.6366,0.7422,-0.0125,-0.6451,0.7640,-0.1532,-0.0485,0.5980,Dark,
125.2281,6.6651,7.7496,0.0000,0.0000,0.1665,-0.5916,0.7888,-0.2081,-0.6355,0.7435,-0.0104,-0.6439,0.7650,-0.1531,-0.0484,0.5980,Dark,
125.2391,6.6306,7.7351,0.0000,0.0000,0.1696,-0.5896,0.7897,-0.2068,-0.6342,0.7450,-0.0080,-0.6424,0.7663,-0.1531,-0.0484,0.5980,Dark,
125.2503,6.6184,7.7265,0.0000,0.0000,0.1713,-0.5889,0.7899,-0.2058,-0.6336,0.7458,-0.0066,-0.6418,0.7668,-0.1530,-0.0484,0.5980,Dark,
125.2642,6.6026,7.7053,0.0000,0.0000,0.1734,-0.5874,0.7905,-0.2048,-0.6326,0.7469,-0.0049,-0.6407,0.7677,-0.1529,-0.0484,0.5979,Dark,
125.2733,6.5987,7.6841,0.0000,0.0000,0.1740,-0.5866,0.7909,-0.2048,-0.6319,0.7475,-0.0046,-0.6400,0.7683,-0.1529,-0.0483,0.5979,Dark,
125.2836,6.5978,7.6676,0.0000,0.0000,0.1736,-0.5860,0.7915,-0.2057,-0.6310,0.7480,-0.0052,-0.6393,0.7689,-0.1528,-0.0483,0.5978,Dark,
125.2951,6.5766,7.6617,0.0000,0.0000,0.1743,-0.5863,0.7911,-0.2054,-0.6313,0.7478,-0.0047,-0.6397,0.7686,-0.1527,-0.0482,0.5977,Dark,
125.3062,6.5500,7.6569,0.0000,0.0000,0.1759,-0.5848,0.7918,-0.2043,-0.6302,0.7491,-0.0032,-0.6384,0.7697,-0.1528,-0.0482,0.5977,Dark,
125.3173,6.5439,7.6630,0.0000,0.0000,0.1766,-0.5844,0.7920,-0.2038,-0.6299,0.7495,-0.0026,-0.6381,0.7700,-0.1527,-0.0482,0.5976,Dark,
125.3290,6.5421,7.6691,0.0000,0.0000,0.1771,-0.5840,0.7922,-0.2036,-0.6294,0.7499,-0.0022,-0.6377,0.7703,-0.1527,-0.0482,0.5975,Dark,
125.3395,6.5368,7.6549,0.0000,0.0000,0.1778,-0.5839,0.7921,-0.2033,-0.6293,0.7501,-0.0017,-0.6376,0.7704,-0.1527,-0.0481,0.5974,Dark,
125.3504,6.5187,7.6418,0.0000,0.0000,0.1766,-0.5855,0.7912,-0.2049,-0.6306,0.7486,-0.0032,-0.6391,0.7692,-0.1527,-0.0481,0.5973,Dark,
125.3618,6.5030,7.6309,0.0000,0.0000,0.1777,-0.5841,0.7920,-0.2039,-0.6295,0.7498,-0.0020,-0.6379,0.7701,-0.1527,-0.0480,0.5972,Dark,
125.3729,6.4835,7.6250,0.0000,0.0000,0.1775,-0.5845,0.7918,-0.2046,-0.6300,0.7492,-0.0025,-0.6383,0.7698,-0.1527,-0.0480,0.5972,Dark,
125.3842,6.4795,7.6140,0.0000,0.0000,0.1770,-0.5852,0.7913,-0.2054,-0.6307,0.7484,-0.0031,-0.6391,0.7691,-0.1527,-0.0479,0.5971,Dark,
125.3951,6.4897,7.6055,0.0000,0.0000,0.1748,-0.5884,0.7895,-0.2073,-0.6333,0.7456,-0.0054,-0.6420,0.7667,-0.1528,-0.0479,0.5970,Dark,
125.4063,6.5024,7.6144,0.0000,0.0000,0.1700,-0.5967,0.7842,-0.2132,-0.6403,0.7379,-0.0110,-0.6498,0.7600,-0.1528,-0.0479,0.5969,Dark,
125.4175,6.5037,7.6121,0.0000,0.0000,0.1686,-0.5998,0.7822,-0.2159,-0.6430,0.7348,-0.0131,-0.6529,0.7574,-0.1528,-0.0478,0.5968,Dark,
125.4293,6.4925,7.6140,0.0000,0.0000,0.1633,-0.6072,0.7776,-0.2238,-0.6488,0.7273,-0.0201,-0.6598,0.7511,-0.1529,-0.0478,0.5967,Dark,
125.4394,6.4839,7.6157,0.0000,0.0000,0.1613,-0.6101,0.7757,-0.2273,-0.6510,0.7242,-0.0229,-0.6626,0.7487,-0.1529,-0.0478,0.5967,Dark,
125.4507,6.4777,7.6032,0.0000,0.0000,0.1595,-0.6128,0.7739,-0.2304,-0.6531,0.7214,-0.0255,-0.6651,0.7463,-0.1530,-0.0478,0.5967,Dark,
125.4624,6.4807,7.5908,0.0000,0.0000,0.1561,-0.6167,0.7716,-0.2363,-0.6558,0.7170,-0.0304,-0.6687,0.7429,-0.1530,-0.0478,0.5966,Dark,
125.4729,6.4875,7.5893,0.0000,0.0000,0.1533,-0.6197,0.7697,-0.2400,-0.6580,0.7138,-0.0339,-0.6715,0.7403,-0.1531,-0.0478,0.5965,Dark,
125.4841,6.4931,7.5865,0.0000,0.0000,0.1515,-0.6202,0.7697,-0.2426,-0.6581,0.7128,-0.0361,-0.6719,0.7398,-0.1531,-0.0477,0.5965,Dark,
125.4957,6.4770,7.5884,0.0000,0.0000,0.1497,-0.6214,0.7690,-0.2460,-0.6588,0.7110,-0.0388,-0.6731,0.7386,-0.1532,-0.0477,0.5964,Dark,
125.5064,6.4719,7.5905,0.0000,0.0000,0.1481,-0.6228,0.7683,-0.2483,-0.6596,0.7094,-0.0409,-0.6743,0.7374,-0.1533,-0.0476,0.5964,Dark,
125.5176,6.4679,7.5905,0.0000,0.0000,0.1467,-0.6237,0.7677,-0.2502,-0.6602,0.7082,-0.0426,-0.6751,0.7365,-0.1533,-0.0476,0.5963,Dark,
125.5291,6.4600,7.5898,0.0000,0.0000,0.1445,-0.6255,0.7668,-0.2536,-0.6612,0.7061,-0.0456,-0.6766,0.7349,-0.1533,-0.0476,0.5963,Dark,
125.5404,6.4629,7.5890,0.0000,0.0000,0.1431,-0.6262,0.7664,-0.2555,-0.6616,0.7050,-0.0473,-0.6773,0.7342,-0.1533,-0.0475,0.5963,Dark,
125.5509,6.4652,7.5883,0.0000,0.0000,0.1431,-0.6260,0.7666,-0.2559,-0.6613,0.7051,-0.0475,-0.6771,0.7344,-0.1533,-0.0475,0.5962,Dark,
125.5621,6.4600,7.6005,0.0000,0.0000,0.1424,-0.6267,0.7662,-0.2572,-0.6616,0.7044,-0.0486,-0.6776,0.7338,-0.1532,-0.0475,0.5962,Dark,
125.5733,6.4646,7.6110,0.0000,0.0000,0.1414,-0.6277,0.7655,-0.2583,-0.6623,0.7033,-0.0498,-0.6785,0.7329,-0.1533,-0.0474,0.5962,Dark,
125.5845,6.4683,7.6155,0.0000,0.0000,0.1405,-0.6284,0.7651,-0.2594,-0.6627,0.7025,-0.0508,-0.6791,0.7323,-0.1532,-0.0474,0.5962,Dark,
125.5956,6.4672,7.6134,0.0000,0.0000,0.1399,-0.6289,0.7648,-0.2605,-0.6629,0.7019,-0.0517,-0.6795,0.7318,-0.1533,-0.0473,0.5962,Dark,
125.6066,6.4591,7.6080,0.0000,0.0000,0.1395,-0.6291,0.7647,-0.2611,-0.6631,0.7015,-0.0522,-0.6797,0.7316,-0.1533,-0.0473,0.5962,Dark,
125.6179,6.4518,7.6073,0.0000,0.0000,0.1397,-0.6290,0.7648,-0.2612,-0.6630,0.7016,-0.0521,-0.6797,0.7317,-0.1533,-0.0473,0.5962,Dark,
125.6292,6.4500,7.6081,0.0000,0.0000,0.1398,-0.6291,0.7647,-0.2616,-0.6631,0.7013,-0.0523,-0.6798,0.7315,-0.1533,-0.0472,0.5962,Dark,
125.6399,6.4543,7.6089,0.0000,0.0000,0.1388,-0.6295,0.7645,-0.2627,-0.6632,0.7008,-0.0535,-0.6802,0.7311,-0.1533,-0.0472,0.5962,Dark,
125.6511,6.4585,7.6117,0.0000,0.0000,0.1388,-0.6296,0.7644,-0.2629,-0.6633,0.7006,-0.0535,-0.6803,0.7310,-0.1533,-0.0472,0.5962,Dark,
125.6628,6.4440,7.6037,0.0000,0.0000,0.1392,-0.6299,0.7641,-0.2627,-0.6636,0.7004,-0.0532,-0.6806,0.7307,-0.1532,-0.0472,0.5962,Dark,
125.6736,6.4336,7.5954,0.0000,0.0000,0.1395,-0.6301,0.7639,-0.2625,-0.6638,0.7004,-0.0530,-0.6807,0.7306,-0.1532,-0.0472,0.5962,Dark,
125.6845,6.4251,7.5982,0.0000,0.0000,0.1396,-0.6301,0.7638,-0.2625,-0.6638,0.7004,-0.0529,-0.6808,0.7306,-0.1532,-0.0471,0.5963,Dark,
125.6959,6.4237,7.5918,0.0000,0.0000,0.1403,-0.6300,0.7638,-0.2621,-0.6637,0.7006,-0.0524,-0.6807,0.7307,-0.1532,-0.0471,0.5963,Dark,
125.7070,6.4438,7.5849,0.0000,0.0000,0.1412,-0.6297,0.7639,-0.2613,-0.6636,0.7010,-0.0514,-0.6805,0.7309,-0.1532,-0.0471,0.5963,Dark,
125.7182,6.4608,7.5781,0.0000,0.0000,0.1421,-0.6294,0.7640,-0.2605,-0.6634,0.7014,-0.0505,-0.6803,0.7312,-0.1532,-0.0471,0.5963,Dark,
125.7293,6.4365,7.5743,0.0000,0.0000,0.1434,-0.6292,0.7639,-0.2593,-0.6636,0.7017,-0.0492,-0.6803,0.7313,-0.1532,-0.0471,0.5963,Dark,
125.7402,6.4446,7.5776,0.0000,0.0000,0.1441,-0.6295,0.7635,-0.2587,-0.6640,0.7015,-0.0485,-0.6806,0.7310,-0.1531,-0.0471,0.5963,Dark,
125.7514,6.4508,7.5727,0.0000,0.0000,0.1445,-0.6296,0.7634,-0.2583,-0.6641,0.7016,-0.0481,-0.6807,0.7310,-0.1531,-0.0470,0.5962,Dark,
125.7624,6.4672,7.5786,0.0000,0.0000,0.1449,-0.6295,0.7634,-0.2581,-0.6639,0.7018,-0.0478,-0.6806,0.7311,-0.1531,-0.0470,0.5963,Dark,
125.7741,6.4672,7.5866,0.0000,0.0000,0.1448,-0.6295,0.7634,-0.2582,-0.6639,0.7018,-0.0479,-0.6806,0.7311,-0.1531,-0.0469,0.5963,Dark,
125.7851,6.4649,7.5938,0.0000,0.0000,0.1448,-0.6295,0.7634,-0.2582,-0.6639,0.7019,-0.0479,-0.6805,0.7311,-0.1531,-0.0469,0.5963,Dark,
125.7959,6.4809,7.5927,0.0000,0.0000,0.1449,-0.6293,0.7635,-0.2582,-0.6638,0.7020,-0.0478,-0.6804,0.7313,-0.1532,-0.0469,0.5963,Dark,
125.8072,6.4822,7.5850,0.0000,0.0000,0.1450,-0.6290,0.7637,-0.2581,-0.6637,0.7021,-0.0477,-0.6802,0.7314,-0.1532,-0.0468,0.5963,Dark,
125.8182,6.4836,7.5881,0.0000,0.0000,0.1453,-0.6288,0.7639,-0.2577,-0.6637,0.7022,-0.0473,-0.6801,0.7316,-0.1532,-0.0468,0.5963,Dark,
125.8296,6.4778,7.6013,0.0000,0.0000,0.1458,-0.6284,0.7641,-0.2571,-0.6635,0.7026,-0.0467,-0.6798,0.7319,-0.1533,-0.0468,0.5963,Dark,
125.8406,6.4783,7.6104,0.0000,0.0000,0.1455,-0.6283,0.7642,-0.2573,-0.6633,0.7027,-0.0470,-0.6797,0.7320,-0.1532,-0.0467,0.5963,Dark,
125.8516,6.4794,7.6123,0.0000,0.0000,0.1456,-0.6283,0.7642,-0.2572,-0.6632,0.7028,-0.0469,-0.6796,0.7321,-0.1532,-0.0466,0.5963,Dark,
125.8630,6.5044,7.6141,0.0000,0.0000,0.1452,-0.6285,0.7641,-0.2575,-0.6632,0.7027,-0.0473,-0.6797,0.7319,-0.1532,-0.0466,0.5963,Dark,
125.8742,6.5103,7.6152,0.0000,0.0000,0.1453,-0.6285,0.7641,-0.2574,-0.6632,0.7028,-0.0472,-0.6796,0.7320,-0.1532,-0.0466,0.5963,Dark,
125.8853,6.5141,7.6102,0.0000,0.0000,0.1454,-0.6284,0.7642,-0.2573,-0.6632,0.7028,-0.0471,-0.6796,0.7321,-0.1532,-0.0465,0.5963,Dark,
125.8962,6.5099,7.6052,0.0000,0.0000,0.1453,-0.6287,0.7639,-0.2573,-0.6634,0.7026,-0.0471,-0.6799,0.7318,-0.1532,-0.0465,0.5962,Dark,
125.9074,6.5018,7.6040,0.0000,0.0000,0.1451,-0.6289,0.7639,-0.2575,-0.6634,0.7025,-0.0473,-0.6800,0.7317,-0.1533,-0.0465,0.5962,Dark,
125.9185,6.4956,7.5911,0.0000,0.0000,0.1453,-0.6288,0.7638,-0.2573,-0.6634,0.7026,-0.0471,-0.6800,0.7317,-0.1532,-0.0465,0.5961,Dark,
125.9298,6.5196,7.5734,0.0000,0.0000,0.1455,-0.6288,0.7639,-0.2571,-0.6634,0.7028,-0.0469,-0.6799,0.7318,-0.1533,-0.0465,0.5961,Dark,
125.9409,6.5294,7.5858,0.0000,0.0000,0.1457,-0.6289,0.7637,-0.2569,-0.6634,0.7028,-0.0467,-0.6800,0.7318,-0.1533,-0.0465,0.5961,Dark,
125.9520,6.5228,7.5924,0.0000,0.0000,0.1454,-0.6290,0.7637,-0.2570,-0.6634,0.7027,-0.0469,-0.6800,0.7317,-0.1533,-0.0465,0.5960,Dark,
125.9629,6.5145,7.5893,0.0000,0.0000,0.1452,-0.6290,0.7637,-0.2572,-0.6634,0.7027,-0.0472,-0.6800,0.7317,-0.1533,-0.0465,0.5960,Dark,
125.9744,6.5058,7.5863,0.0000,0.0000,0.1452,-0.6288,0.7639,-0.2570,-0.6632,0.7029,-0.0470,-0.6798,0.7319,-0.1533,-0.0465,0.5959,Dark,
125.9856,6.5249,7.5693,0.0000,0.0000,0.1454,-0.6285,0.7641,-0.2565,-0.6631,0.7033,-0.0467,-0.6795,0.7322,-0.1533,-0.0464,0.5959,Dark,
125.9966,6.5174,7.5598,0.0000,0.0000,0.1456,-0.6286,0.7640,-0.2562,-0.6631,0.7033,-0.0465,-0.6795,0.7322,-0.1533,-0.0464,0.5958,Dark,
126.0076,6.5107,7.5645,0.0000,0.0000,0.1452,-0.6286,0.7640,-0.2563,-0.6631,0.7033,-0.0467,-0.6795,0.7322,-0.1533,-0.0464,0.5957,Dark,
126.0192,6.5056,7.5666,0.0000,0.0000,0.1447,-0.6287,0.7641,-0.2563,-0.6632,0.7032,-0.0470,-0.6796,0.7321,-0.1533,-0.0464,0.5957,Dark,
126.0299,6.4986,7.5651,0.0000,0.0000,0.1444,-0.6285,0.7643,-0.2564,-0.6631,0.7033,-0.0472,-0.6794,0.7322,-0.1534,-0.0464,0.5956,Dark,
126.0413,6.4944,7.5570,0.0000,0.0000,0.1443,-0.6286,0.7643,-0.2561,-0.6633,0.7032,-0.0471,-0.6795,0.7322,-0.1535,-0.0463,0.5956,Dark,
126.0528,6.4932,7.5410,0.0000,0.0000,0.1438,-0.6288,0.7642,-0.2561,-0.6633,0.7032,-0.0474,-0.6795,0.7321,-0.1535,-0.0463,0.5956,Dark,
126.0635,6.4918,7.5351,0.0000,0.0000,0.1431,-0.6289,0.7642,-0.2565,-0.6632,0.7031,-0.0479,-0.6795,0.7321,-0.1536,-0.0463,0.5955,Dark,
126.0744,6.4911,7.5392,0.0000,0.0000,0.1421,-0.6287,0.7646,-0.2572,-0.6629,0.7032,-0.0488,-0.6792,0.7323,-0.1536,-0.0462,0.5955,Dark,
126.0858,6.4690,7.5406,0.0000,0.0000,0.1415,-0.6285,0.7648,-0.2573,-0.6627,0.7033,-0.0492,-0.6790,0.7325,-0.1537,-0.0461,0.5954,Dark,
126.0966,6.4698,7.5378,0.0000,0.0000,0.1410,-0.6283,0.7651,-0.2576,-0.6624,0.7035,-0.0496,-0.6787,0.7327,-0.1537,-0.0461,0.5954,Dark,
126.1081,6.4712,7.5283,0.0000,0.0000,0.1406,-0.6282,0.7652,-0.2577,-0.6622,0.7036,-0.0498,-0.6786,0.7329,-0.1538,-0.0460,0.5954,Dark,
126.1192,6.4402,7.5120,0.0000,0.0000,0.1393,-0.6285,0.7653,-0.2585,-0.6622,0.7033,-0.0509,-0.6786,0.7327,-0.1537,-0.0460,0.5953,Dark,
126.1302,6.4314,7.5066,0.0000,0.0000,0.1388,-0.6286,0.7652,-0.2588,-0.6623,0.7031,-0.0514,-0.6788,0.7326,-0.1538,-0.0460,0.5953,Dark,
126.1413,6.4241,7.5034,0.0000,0.0000,0.1382,-0.6290,0.7650,-0.2591,-0.6625,0.7028,-0.0518,-0.6790,0.7323,-0.1538,-0.0459,0.5952,Dark,
126.1525,6.4161,7.5014,0.0000,0.0000,0.1374,-0.6293,0.7649,-0.2594,-0.6625,0.7027,-0.0525,-0.6791,0.7322,-0.1538,-0.0459,0.5952,Dark,
126.1636,6.4034,7.5013,0.0000,0.0000,0.1373,-0.6293,0.7650,-0.2593,-0.6624,0.7029,-0.0525,-0.6790,0.7323,-0.1538,-0.0458,0.5951,Dark,
126.1748,6.3926,7.4855,0.0000,0.0000,0.1374,-0.6293,0.7649,-0.2590,-0.6624,0.7029,-0.0523,-0.6790,0.7323,-0.1537,-0.0458,0.5951,Dark,
126.1860,6.3885,7.4635,0.0000,0.0000,0.1368,-0.6296,0.7648,-0.2591,-0.6624,0.7029,-0.0527,-0.6791,0.7322,-0.1537,-0.0458,0.5950,Dark,
126.1970,6.3877,7.4570,0.0000,0.0000,0.1364,-0.6295,0.7649,-0.2593,-0.6623,0.7029,-0.0531,-0.6789,0.7323,-0.1537,-0.0457,0.5950,Dark,
126.2079,6.3882,7.4461,0.0000,0.0000,0.1361,-0.6292,0.7653,-0.2593,-0.6620,0.7032,-0.0532,-0.6786,0.7326,-0.1537,-0.0457,0.5949,Dark,
126.2197,6.3796,7.4299,0.0000,0.0000,0.1356,-0.6291,0.7654,-0.2593,-0.6619,0.7033,-0.0535,-0.6785,0.7327,-0.1536,-0.0456,0.5949,Dark,
126.2306,6.3821,7.4229,0.0000,0.0000,0.1354,-0.6292,0.7654,-0.2594,-0.6618,0.7033,-0.0537,-0.6785,0.7327,-0.1536,-0.0456,0.5949,Dark,
126.2416,6.3845,7.4211,0.0000,0.0000,0.1348,-0.6293,0.7654,-0.2599,-0.6617,0.7033,-0.0542,-0.6784,0.7327,-0.1536,-0.0456,0.5948,Dark,
126.2528,6.3514,7.4080,0.0000,0.0000,0.1336,-0.6296,0.7654,-0.2607,-0.6615,0.7032,-0.0553,-0.6784,0.7326,-0.1536,-0.0455,0.5948,Dark,
126.2636,6.3394,7.3978,0.0000,0.0000,0.1335,-0.6294,0.7656,-0.2607,-0.6612,0.7035,-0.0554,-0.6782,0.7328,-0.1536,-0.0455,0.5948,Dark,
126.2749,6.3299,7.3910,0.0000,0.0000,0.1337,-0.6293,0.7656,-0.2605,-0.6610,0.7037,-0.0552,-0.6780,0.7329,-0.1536,-0.0455,0.5948,Dark,
126.2862,6.3615,7.3803,0.0000,0.0000,0.1333,-0.6293,0.7657,-0.2607,-0.6607,0.7039,-0.0555,-0.6779,0.7331,-0.1535,-0.0454,0.5948,Dark,
126.2975,6.3526,7.3772,0.0000,0.0000,0.1326,-0.6295,0.7656,-0.2613,-0.6606,0.7038,-0.0563,-0.6779,0.7330,-0.1535,-0.0454,0.5948,Dark,
126.3085,6.3439,7.3751,0.0000,0.0000,0.1318,-0.6294,0.7658,-0.2620,-0.6603,0.7038,-0.0570,-0.6777,0.7331,-0.1535,-0.0453,0.5947,Dark,
126.3200,6.3168,7.3658,0.0000,0.0000,0.1309,-0.6293,0.7661,-0.2627,-0.6601,0.7038,-0.0578,-0.6775,0.7332,-0.1534,-0.0452,0.5947,Dark,
126.3305,6.3087,7.3598,0.0000,0.0000,0.1304,-0.6291,0.7663,-0.2631,-0.6598,0.7039,-0.0583,-0.6773,0.7334,-0.1534,-0.0452,0.5947,Dark,
126.3419,6.3049,7.3439,0.0000,0.0000,0.1300,-0.6290,0.7665,-0.2635,-0.6595,0.7040,-0.0587,-0.6771,0.7335,-0.1534,-0.0451,0.5947,Dark,
126.3535,6.3076,7.3319,0.0000,0.0000,0.1293,-0.6289,0.7666,-0.2640,-0.6592,0.7041,-0.0594,-0.6769,0.7337,-0.1534,-0.0450,0.5947,Dark,
126.3641,6.3057,7.3338,0.0000,0.0000,0.1289,-0.6285,0.7670,-0.2644,-0.6586,0.7045,-0.0598,-0.6764,0.7341,-0.1534,-0.0449,0.5947,Dark,
126.3751,6.3037,7.3269,0.0000,0.0000,0.1282,-0.6278,0.7677,-0.2651,-0.6576,0.7052,-0.0605,-0.6755,0.7348,-0.1535,-0.0448,0.5946,Dark,
126.3869,6.3011,7.3240,0.0000,0.0000,0.1277,-0.6266,0.7688,-0.2654,-0.6561,0.7064,-0.0609,-0.6742,0.7360,-0.1536,-0.0445,0.5946,Dark,
126.3980,6.2879,7.3251,0.0000,0.0000,0.1268,-0.6255,0.7698,-0.2662,-0.6548,0.7073,-0.0618,-0.6730,0.7371,-0.1537,-0.0443,0.5946,Dark,
126.4086,6.2773,7.3180,0.0000,0.0000,0.1258,-0.6240,0.7712,-0.2669,-0.6532,0.7085,-0.0626,-0.6714,0.7384,-0.1538,-0.0439,0.5946,Dark,
126.4198,6.2698,7.3087,0.0000,0.0000,0.1250,-0.6223,0.7727,-0.2674,-0.6515,0.7100,-0.0633,-0.6697,0.7399,-0.1538,-0.0435,0.5946,Dark,
126.4309,6.2633,7.3052,0.0000,0.0000,0.1238,-0.6208,0.7741,-0.2685,-0.6497,0.7112,-0.0644,-0.6680,0.7414,-0.1540,-0.0431,0.5946,Dark,
126.4420,6.2590,7.3050,0.0000,0.0000,0.1223,-0.6188,0.7760,-0.2699,-0.6475,0.7127,-0.0659,-0.6659,0.7431,-0.1541,-0.0427,0.5945,Dark,
126.4532,6.2698,7.3067,0.0000,0.0000,0.1212,-0.6164,0.7781,-0.2707,-0.6449,0.7147,-0.0669,-0.6634,0.7453,-0.1543,-0.0422,0.5945,Dark,
126.4645,6.2829,7.3074,0.0000,0.0000,0.1197,-0.6139,0.7802,-0.2720,-0.6422,0.7166,-0.0683,-0.6608,0.7474,-0.1545,-0.0416,0.5944,Dark,
126.4755,6.2947,7.3059,0.0000,0.0000,0.1185,-0.6109,0.7828,-0.2730,-0.6392,0.7190,-0.0694,-0.6577,0.7500,-0.1548,-0.0409,0.5944,Dark,
126.4865,6.2940,7.3143,0.0000,0.0000,0.1163,-0.6073,0.7859,-0.2750,-0.6355,0.7214,-0.0715,-0.6541,0.7530,-0.1550,-0.0401,0.5944,Dark,
126.4982,6.2879,7.3215,0.0000,0.0000,0.1134,-0.6032,0.7895,-0.2776,-0.6313,0.7241,-0.0742,-0.6499,0.7563,-0.1553,-0.0392,0.5944,Dark,
126.5091,6.2768,7.2946,0.0000,0.0000,0.1110,-0.5990,0.7930,-0.2797,-0.6272,0.7269,-0.0765,-0.6458,0.7597,-0.1557,-0.0383,0.5944,Dark,
126.5202,6.2734,7.2749,0.0000,0.0000,0.1076,-0.5945,0.7969,-0.2828,-0.6225,0.7297,-0.0797,-0.6412,0.7632,-0.1560,-0.0373,0.5943,Dark,
126.5311,6.2710,7.2586,0.0000,0.0000,0.1061,-0.5898,0.8006,-0.2841,-0.6179,0.7331,-0.0811,-0.6365,0.7670,-0.1564,-0.0362,0.5942,Dark,
126.5423,6.2325,7.1881,0.0000,0.0000,0.0956,-0.5654,0.8193,-0.2930,-0.5923,0.7505,-0.0912,-0.6115,0.7860,-0.1569,-0.0351,0.5941,Dark,
126.5538,6.2018,7.1670,0.0000,0.0000,0.0976,-0.5707,0.8153,-0.2880,-0.5983,0.7477,-0.0874,-0.6167,0.7823,-0.1573,-0.0340,0.5940,Dark,
126.5647,6.1281,7.0927,0.0000,0.0000,0.0495,-0.4995,0.8649,-0.3311,-0.5196,0.7877,-0.1353,-0.5417,0.8296,-0.1579,-0.0328,0.5939,Dark,
126.5757,5.9797,6.8810,0.0000,0.0000,0.0084,-0.4351,0.9004,-0.3542,-0.4508,0.8194,-0.1689,-0.4731,0.8647,-0.1584,-0.0315,0.5938,Dark,
126.5869,5.9121,6.7905,0.0000,0.0000,-0.0079,-0.3985,0.9171,-0.3587,-0.4136,0.8368,-0.1797,-0.4348,0.8824,-0.1590,-0.0302,0.5937,Dark,
126.5981,5.8687,6.7233,0.0000,0.0000,-0.0255,-0.3761,0.9262,-0.3622,-0.3900,0.8466,-0.1906,-0.4103,0.8918,-0.1595,-0.0290,0.5935,Dark,
126.6090,5.8425,6.6828,0.0000,0.0000,-0.0410,-0.3732,0.9268,-0.3563,-0.3861,0.8509,-0.1955,-0.4049,0.8932,-0.1601,-0.0277,0.5932,Dark,
126.6204,5.8490,6.6844,0.0000,0.0000,-0.0600,-0.3411,0.9381,-0.3654,-0.3528,0.8614,-0.2100,-0.3711,0.9045,-0.1605,-0.0265,0.5928,Dark,
126.6316,5.8599,6.7014,0.0000,0.0000,-0.0705,-0.3280,0.9420,-0.3670,-0.3392,0.8662,-0.2163,-0.3569,0.9088,-0.1609,-0.0254,0.5924,Dark,
126.6427,5.8563,6.7477,0.0000,0.0000,-0.0776,-0.3295,0.9410,-0.3599,-0.3402,0.8688,-0.2161,-0.3568,0.9088,-0.1613,-0.0242,0.5921,Dark,
126.6535,5.8680,6.7616,0.0000,0.0000,-0.0865,-0.3169,0.9445,-0.3628,-0.3271,0.8726,-0.2222,-0.3434,0.9125,-0.1618,-0.0230,0.5916,Dark,
126.6654,5.8890,6.7881,0.0000,0.0000,-0.0887,-0.3220,0.9426,-0.3561,-0.3321,0.8735,-0.2198,-0.3476,0.9115,-0.1622,-0.0219,0.5912,Dark,
126.6761,5.8962,6.7984,0.0000,0.0000,-0.0772,-0.3526,0.9326,-0.3423,-0.3634,0.8665,-0.2066,-0.3785,0.9023,-0.1626,-0.0207,0.5907,Dark,
126.6874,5.9020,6.8052,0.0000,0.0000,-0.0921,-0.3234,0.9418,-0.3526,-0.3334,0.8744,-0.2196,-0.3484,0.9113,-0.1629,-0.0195,0.5903,Dark,
126.6982,5.9050,6.8157,0.0000,0.0000,-0.0919,-0.3277,0.9403,-0.3492,-0.3378,0.8740,-0.2177,-0.3525,0.9101,-0.1634,-0.0184,0.5899,Dark,
126.7092,5.8977,6.8338,0.0000,0.0000,-0.0929,-0.3291,0.9397,-0.3449,-0.3393,0.8752,-0.2160,-0.3534,0.9102,-0.1637,-0.0172,0.5894,Dark,
126.7214,5.9101,6.8416,0.0000,0.0000,-0.0937,-0.3279,0.9400,-0.3437,-0.3383,0.8760,-0.2157,-0.3522,0.9107,-0.1640,-0.0161,0.5890,Dark,
126.7321,5.9238,6.8579,0.0000,0.0000,-0.0933,-0.3315,0.9388,-0.3399,-0.3421,0.8760,-0.2135,-0.3556,0.9099,-0.1643,-0.0150,0.5885,Dark,
126.7450,5.9255,6.8699,0.0000,0.0000,-0.0953,-0.3283,0.9398,-0.3402,-0.3388,0.8772,-0.2147,-0.3522,0.9110,-0.1646,-0.0139,0.5880,Dark,
126.7541,5.9491,6.8791,0.0000,0.0000,-0.0977,-0.3243,0.9409,-0.3417,-0.3348,0.8781,-0.2166,-0.3481,0.9121,-0.1650,-0.0128,0.5874,Dark,
126.7656,5.9673,6.8891,0.0000,0.0000,-0.1007,-0.3197,0.9422,-0.3436,-0.3303,0.8791,-0.2191,-0.3434,0.9133,-0.1654,-0.0117,0.5869,Dark,
126.7783,5.9907,6.9118,0.0000,0.0000,-0.1026,-0.3158,0.9433,-0.3453,-0.3265,0.8799,-0.2209,-0.3395,0.9143,-0.1658,-0.0106,0.5864,Dark,
126.7877,6.0145,6.9234,0.0000,0.0000,-0.1040,-0.3127,0.9442,-0.3467,-0.3236,0.8804,-0.2222,-0.3366,0.9151,-0.1663,-0.0094,0.5859,Dark,
126.7987,6.0319,6.9259,0.0000,0.0000,-0.1080,-0.3057,0.9460,-0.3505,-0.3168,0.8813,-0.2262,-0.3297,0.9166,-0.1667,-0.0083,0.5853,Dark,
126.8113,5.9953,6.9040,0.0000,0.0000,-0.1117,-0.2993,0.9476,-0.3546,-0.3106,0.8819,-0.2301,-0.3234,0.9179,-0.1672,-0.0071,0.5848,Dark,
126.8222,5.9805,6.8839,0.0000,0.0000,-0.1149,-0.2938,0.9489,-0.3582,-0.3052,0.8824,-0.2335,-0.3180,0.9189,-0.1676,-0.0060,0.5843,Dark,
126.8330,5.9338,6.8381,0.0000,0.0000,-0.1229,-0.2842,0.9509,-0.3650,-0.2953,0.8829,-0.2410,-0.3081,0.9203,-0.1681,-0.0049,0.5837,Dark,
126.8431,5.8836,6.7849,0.0000,0.0000,-0.1376,-0.2645,0.9545,-0.3755,-0.2749,0.8851,-0.2540,-0.2877,0.9234,-0.1685,-0.0038,0.5832,Dark,
126.8549,5.8756,6.7703,0.0000,0.0000,-0.1384,-0.2643,0.9545,-0.3747,-0.2748,0.8855,-0.2539,-0.2874,0.9236,-0.1689,-0.0026,0.5826,Dark,
126.8662,5.8712,6.7638,0.0000,0.0000,-0.1454,-0.2541,0.9562,-0.3801,-0.2643,0.8864,-0.2602,-0.2769,0.9250,-0.1693,-0.0015,0.5820,Dark,
126.8767,5.8751,6.7611,0.0000,0.0000,-0.1523,-0.2430,0.9580,-0.3856,-0.2530,0.8873,-0.2666,-0.2657,0.9265,-0.1697,-0.0004,0.5814,Dark,
126.8881,5.9034,6.8073,0.0000,0.0000,-0.1582,-0.2337,0.9594,-0.3891,-0.2435,0.8884,-0.2713,-0.2560,0.9278,-0.1700,0.0006,0.5808,Dark,
126.9015,5.9119,6.8231,0.0000,0.0000,-0.1627,-0.2254,0.9606,-0.3922,-0.2351,0.8893,-0.2752,-0.2476,0.9290,-0.1703,0.0017,0.5802,Dark,
126.9105,5.9253,6.8348,0.0000,0.0000,-0.1659,-0.2180,0.9617,-0.3943,-0.2276,0.8904,-0.2779,-0.2400,0.9301,-0.1704,0.0027,0.5796,Dark,
126.9215,5.9538,6.8840,0.0000,0.0000,-0.1656,-0.2146,0.9625,-0.3923,-0.2244,0.8920,-0.2768,-0.2365,0.9314,-0.1706,0.0036,0.5790,Dark,
126.9334,5.9618,6.8990,0.0000,0.0000,-0.1697,-0.2059,0.9637,-0.3953,-0.2155,0.8929,-0.2804,-0.2276,0.9325,-0.1707,0.0046,0.5784,Dark,
126.9454,5.9841,6.9279,0.0000,0.0000,-0.1689,-0.2025,0.9646,-0.3936,-0.2120,0.8945,-0.2791,-0.2241,0.9337,-0.1706,0.0055,0.5777,Dark,
126.9666,6.0037,6.9492,0.0000,0.0000,-0.1673,-0.2006,0.9653,-0.3912,-0.2101,0.8960,-0.2771,-0.2221,0.9348,-0.1705,0.0063,0.5771,Dark,
126.9715,6.0193,6.9558,0.0000,0.0000,-0.1650,-0.1981,0.9662,-0.3892,-0.2077,0.8974,-0.2749,-0.2197,0.9360,-0.1703,0.0070,0.5765,Dark,
126.9770,6.0193,6.9558,0.0000,0.0000,-0.1639,-0.1933,0.9674,-0.3882,-0.2029,0.8990,-0.2739,-0.2148,0.9375,-0.1701,0.0078,0.5760,Dark,
126.9879,6.0664,6.9841,0.0000,0.0000,-0.1604,-0.1903,0.9685,-0.3855,-0.2000,0.9008,-0.2708,-0.2119,0.9390,-0.1698,0.0085,0.5754,Dark,
126.9993,6.0819,7.0140,0.0000,0.0000,-0.1555,-0.1888,0.9696,-0.3802,-0.1987,0.9033,-0.2656,-0.2104,0.9408,-0.1693,0.0091,0.5749,Dark,
127.0104,6.1030,7.0381,0.0000,0.0000,-0.1439,-0.1888,0.9714,-0.3710,-0.1991,0.9070,-0.2550,-0.2108,0.9437,-0.1688,0.0097,0.5744,Dark,
127.0218,6.0775,7.1017,0.0000,0.0000,0.0343,-0.1706,0.9847,-0.1750,-0.1872,0.9666,-0.0647,-0.1937,0.9789,-0.1682,0.0102,0.5739,Dark,
127.0324,6.0645,7.1418,0.0000,0.0000,-0.0466,-0.1804,0.9825,-0.2469,-0.1934,0.9495,-0.1427,-0.2011,0.9691,-0.1677,0.0107,0.5735,Dark,
127.0446,6.0625,7.1433,0.0000,0.0000,0.0775,-0.1647,0.9833,-0.1150,-0.1813,0.9767,-0.0130,-0.1865,0.9824,-0.1671,0.0110,0.5730,Dark,
127.0546,6.0445,7.1271,0.0000,0.0000,0.1004,-0.1669,0.9808,-0.0891,-0.1842,0.9789,0.0116,-0.1889,0.9819,-0.1664,0.0113,0.5726,Dark,
127.0661,6.0420,7.1143,0.0000,0.0000,0.1043,-0.1660,0.9806,-0.0821,-0.1830,0.9797,0.0169,-0.1876,0.9821,-0.1658,0.0115,0.5721,Dark,
127.0775,6.0327,7.1000,0.0000,0.0000,0.1380,-0.1647,0.9766,-0.0418,-0.1824,0.9823,0.0541,-0.1863,0.9810,-0.1651,0.0116,0.5717,Dark,
127.0891,6.0241,7.0573,0.0000,0.0000,0.1218,-0.1702,0.9779,-0.0558,-0.1873,0.9807,0.0386,-0.1912,0.9808,-0.1645,0.0117,0.5713,Dark,
127.0989,6.0226,7.0339,0.0000,0.0000,0.1668,-0.1657,0.9720,-0.0034,-0.1836,0.9830,0.0875,-0.1867,0.9785,-0.1639,0.0117,0.5710,Dark,
127.1103,6.0073,6.9832,0.0000,0.0000,0.1313,-0.1725,0.9762,-0.0422,-0.1895,0.9810,0.0500,-0.1932,0.9799,-0.1632,0.0116,0.5707,Dark,
127.1215,5.9726,6.9121,0.0000,0.0000,0.1663,-0.1716,0.9710,-0.0005,-0.1892,0.9819,0.0884,-0.1922,0.9774,-0.1626,0.0115,0.5705,Dark,
127.1324,5.9543,6.8862,0.0000,0.0000,0.1773,-0.1730,0.9688,0.0127,-0.1909,0.9815,0.1005,-0.1936,0.9759,-0.1620,0.0114,0.5703,Dark,
127.1436,5.9310,6.8706,0.0000,0.0000,0.1696,-0.1772,0.9694,0.0047,-0.1949,0.9808,0.0926,-0.1977,0.9759,-0.1614,0.0113,0.5702,Dark,
127.1547,5.8109,6.8106,0.0000,0.0000,0.1684,-0.1807,0.9690,0.0061,-0.1982,0.9801,0.0925,-0.2009,0.9752,-0.1608,0.0111,0.5700,Dark,
127.1670,5.7703,6.7763,0.0000,0.0000,0.1672,-0.1849,0.9684,0.0045,-0.2025,0.9793,0.0911,-0.2052,0.9745,-0.1601,0.0108,0.5700,Dark,
127.1775,5.7599,6.7498,0.0000,0.0000,0.1456,-0.1965,0.9696,-0.0186,-0.2137,0.9767,0.0684,-0.2166,0.9739,-0.1595,0.0106,0.5700,Dark,
127.1883,5.7628,6.7019,0.0000,0.0000,0.1500,-0.2147,0.9651,-0.0146,-0.2327,0.9724,0.0727,-0.2352,0.9692,-0.1589,0.0103,0.5699,Dark,
127.1994,5.7727,6.6911,0.0000,0.0000,0.1544,-0.2191,0.9634,-0.0108,-0.2373,0.9714,0.0768,-0.2398,0.9678,-0.1583,0.0100,0.5699,Dark,
127.2105,5.7668,6.6843,0.0000,0.0000,0.1536,-0.2301,0.9610,-0.0118,-0.2486,0.9685,0.0758,-0.2509,0.9650,-0.1574,0.0096,0.5700,Dark,
127.2217,5.7430,6.6520,0.0000,0.0000,0.1509,-0.2434,0.9581,-0.0149,-0.2621,0.9649,0.0728,-0.2643,0.9617,-0.1568,0.0092,0.5701,Dark,
127.2331,5.7296,6.6278,0.0000,0.0000,0.1543,-0.2479,0.9564,-0.0122,-0.2668,0.9637,0.0759,-0.2690,0.9602,-0.1561,0.0088,0.5702,Dark,
127.2439,5.6989,6.6085,0.0000,0.0000,0.1569,-0.2527,0.9547,-0.0096,-0.2716,0.9624,0.0785,-0.2738,0.9586,-0.1555,0.0085,0.5703,Dark,
127.2553,5.6538,6.5440,0.0000,0.0000,0.1585,-0.2571,0.9533,-0.0077,-0.2759,0.9611,0.0801,-0.2781,0.9572,-0.1549,0.0081,0.5704,Dark,
127.2662,5.6380,6.5131,0.0000,0.0000,0.1625,-0.2592,0.9521,-0.0049,-0.2781,0.9605,0.0836,-0.2804,0.9563,-0.1541,0.0077,0.5706,Dark,
127.2774,5.6099,6.4902,0.0000,0.0000,0.1656,-0.2617,0.9508,-0.0018,-0.2807,0.9598,0.0866,-0.2829,0.9552,-0.1535,0.0073,0.5708,Dark,
127.2884,5.5721,6.4344,0.0000,0.0000,0.1668,-0.2652,0.9497,-0.0011,-0.2842,0.9588,0.0876,-0.2864,0.9541,-0.1528,0.0069,0.5710,Dark,
127.2995,5.5595,6.3965,0.0000,0.0000,0.1706,-0.2661,0.9487,0.0023,-0.2851,0.9585,0.0912,-0.2874,0.9535,-0.1520,0.0065,0.5713,Dark,
127.3109,5.5437,6.3672,0.0000,0.0000,0.1733,-0.2675,0.9478,0.0052,-0.2865,0.9581,0.0940,-0.2887,0.9528,-0.1514,0.0062,0.5716,Dark,
127.3218,5.5145,6.3092,0.0000,0.0000,0.1752,-0.2698,0.9468,0.0065,-0.2888,0.9574,0.0956,-0.2911,0.9519,-0.1508,0.0058,0.5718,Dark,
127.3331,5.5002,6.3142,0.0000,0.0000,0.1785,-0.2713,0.9458,0.0106,-0.2902,0.9569,0.0993,-0.2925,0.9511,-0.1500,0.0054,0.5721,Dark,
127.3440,5.4943,6.3215,0.0000,0.0000,0.1872,-0.2721,0.9439,0.0179,-0.2914,0.9564,0.1073,-0.2936,0.9499,-0.1495,0.0050,0.5724,Dark,
127.3553,5.4861,6.3304,0.0000,0.0000,0.2019,-0.2776,0.9392,0.0390,-0.2969,0.9541,0.1251,-0.2986,0.9461,-0.1490,0.0046,0.5726,Dark,
127.3663,5.4830,6.3410,0.0000,0.0000,0.2263,-0.2935,0.9288,0.1168,-0.3086,0.9440,0.1744,-0.3086,0.9351,-0.1483,0.0043,0.5729,Dark,
127.3778,5.4892,6.3477,0.0000,0.0000,0.2443,-0.2970,0.9231,0.1604,-0.3096,0.9372,0.2045,-0.3090,0.9288,-0.1477,0.0039,0.5732,Dark,
127.3886,5.4925,6.3561,0.0000,0.0000,0.2769,-0.2927,0.9153,0.2180,-0.3023,0.9279,0.2488,-0.3016,0.9204,-0.1473,0.0035,0.5735,Dark,
127.3997,5.4913,6.3443,0.0000,0.0000,0.2853,-0.2980,0.9109,0.2330,-0.3068,0.9228,0.2603,-0.3060,0.9157,-0.1466,0.0032,0.5738,Dark,
127.4108,5.4981,6.3336,0.0000,0.0000,0.2931,-0.2979,0.9085,0.2457,-0.3061,0.9197,0.2704,-0.3053,0.9130,-0.1462,0.0028,0.5741,Dark,
127.4231,5.4982,6.3275,0.0000,0.0000,0.3012,-0.2999,0.9052,0.2601,-0.3072,0.9154,0.2815,-0.3064,0.9093,-0.1458,0.0025,0.5744,Dark,
127.4333,5.4941,6.3225,0.0000,0.0000,0.2976,-0.3021,0.9056,0.2585,-0.3090,0.9153,0.2789,-0.3083,0.9095,-0.1452,0.0021,0.5747,Dark,
127.4445,5.4923,6.2925,0.0000,0.0000,0.2957,-0.3025,0.9061,0.2596,-0.3088,0.9150,0.2784,-0.3082,0.9097,-0.1448,0.0018,0.5750,Dark,
127.4555,5.4836,6.2694,0.0000,0.0000,0.3014,-0.3026,0.9042,0.2667,-0.3087,0.9130,0.2848,-0.3081,0.9077,-0.1444,0.0016,0.5753,Dark,
127.4665,5.4772,6.2539,0.0000,0.0000,0.3003,-0.3043,0.9040,0.2664,-0.3103,0.9126,0.2840,-0.3097,0.9074,-0.1439,0.0013,0.5756,Dark,
127.4777,5.4772,6.2504,0.0000,0.0000,0.3001,-0.3029,0.9045,0.2678,-0.3085,0.9127,0.2846,-0.3080,0.9078,-0.1435,0.0011,0.5758,Dark,
127.4893,5.4702,6.2594,0.0000,0.0000,0.3010,-0.3028,0.9043,0.2693,-0.3083,0.9124,0.2857,-0.3078,0.9075,-0.1432,0.0009,0.5761,Dark,
127.4999,5.4649,6.2631,0.0000,0.0000,0.3023,-0.3028,0.9038,0.2711,-0.3082,0.9119,0.2873,-0.3077,0.9071,-0.1427,0.0006,0.5763,Dark,
127.5110,5.4545,6.2550,0.0000,0.0000,0.3022,-0.3015,0.9043,0.2719,-0.3067,0.9122,0.2876,-0.3062,0.9075,-0.1424,0.0005,0.5766,Dark,
127.5222,5.4524,6.2455,0.0000,0.0000,0.3036,-0.3017,0.9038,0.2737,-0.3068,0.9116,0.2892,-0.3063,0.9069,-0.1421,0.0003,0.5768,Dark,
127.5335,5.4517,6.2460,0.0000,0.0000,0.3050,-0.3018,0.9033,0.2754,-0.3068,0.9111,0.2908,-0.3063,0.9064,-0.1416,0.0001,0.5771,Dark,
127.5446,5.4569,6.2436,0.0000,0.0000,0.3054,-0.3023,0.9030,0.2763,-0.3073,0.9106,0.2914,-0.3068,0.9061,-0.1414,0.0000,0.5773,Dark,
127.5557,5.4571,6.2408,0.0000,0.0000,0.3069,-0.3021,0.9025,0.2780,-0.3070,0.9102,0.2930,-0.3066,0.9056,-0.1411,-0.0001,0.5776,Dark,
127.5674,5.4569,6.2399,0.0000,0.0000,0.3077,-0.3034,0.9018,0.2790,-0.3083,0.9094,0.2939,-0.3079,0.9049,-0.1409,-0.0002,0.5778,Dark,
127.5783,5.4631,6.2481,0.0000,0.0000,0.3076,-0.3033,0.9019,0.2792,-0.3081,0.9095,0.2939,-0.3076,0.9050,-0.1407,-0.0003,0.5780,Dark,
127.5894,5.4616,6.2569,0.0000,0.0000,0.3079,-0.3033,0.9018,0.2796,-0.3081,0.9093,0.2943,-0.3077,0.9048,-0.1405,-0.0005,0.5782,Dark,
127.6002,5.4604,6.2694,0.0000,0.0000,0.3081,-0.3033,0.9017,0.2799,-0.3081,0.9093,0.2945,-0.3076,0.9048,-0.1404,-0.0006,0.5785,Dark,
127.6112,5.4462,6.2856,0.0000,0.0000,0.3064,-0.3031,0.9024,0.2784,-0.3078,0.9098,0.2929,-0.3073,0.9054,-0.1403,-0.0007,0.5786,Dark,
127.6227,5.4532,6.2894,0.0000,0.0000,0.3063,-0.3034,0.9023,0.2783,-0.3081,0.9097,0.2928,-0.3077,0.9053,-0.1402,-0.0009,0.5788,Dark,
127.6339,5.4597,6.2935,0.0000,0.0000,0.3056,-0.3038,0.9024,0.2777,-0.3084,0.9098,0.2922,-0.3080,0.9054,-0.1401,-0.0011,0.5790,Dark,
127.6448,5.4519,6.2900,0.0000,0.0000,0.3042,-0.3038,0.9028,0.2764,-0.3084,0.9102,0.2908,-0.3081,0.9058,-0.1401,-0.0012,0.5792,Dark,
127.6562,5.4412,6.2845,0.0000,0.0000,0.3034,-0.3045,0.9029,0.2756,-0.3091,0.9102,0.2900,-0.3087,0.9059,-0.1401,-0.0014,0.5793,Dark,
127.6670,5.4315,6.2730,0.0000,0.0000,0.3024,-0.3050,0.9031,0.2746,-0.3096,0.9104,0.2890,-0.3092,0.9060,-0.1401,-0.0015,0.5795,Dark,
127.6782,5.4199,6.2665,0.0000,0.0000,0.3002,-0.3041,0.9041,0.2724,-0.3086,0.9113,0.2868,-0.3083,0.9070,-0.1401,-0.0016,0.5796,Dark,
127.6896,5.4184,6.2703,0.0000,0.0000,0.3000,-0.3048,0.9039,0.2723,-0.3093,0.9112,0.2866,-0.3090,0.9069,-0.1402,-0.0017,0.5798,Dark,
127.7004,5.4231,6.2748,0.0000,0.0000,0.2955,-0.3048,0.9054,0.2677,-0.3093,0.9125,0.2821,-0.3089,0.9083,-0.1402,-0.0019,0.5800,Dark,
127.7115,5.4261,6.2704,0.0000,0.0000,0.2761,-0.3027,0.9122,0.2478,-0.3070,0.9189,0.2625,-0.3068,0.9149,-0.1402,-0.0020,0.5801,Dark,
127.7228,5.4224,6.2592,0.0000,0.0000,0.2523,-0.3010,0.9197,0.2233,-0.3050,0.9258,0.2383,-0.3050,0.9221,-0.1403,-0.0021,0.5802,Dark,
127.7338,5.4190,6.2488,0.0000,0.0000,0.2592,-0.3021,0.9174,0.2304,-0.3061,0.9237,0.2453,-0.3060,0.9199,-0.1403,-0.0022,0.5804,Dark,
127.7453,5.4115,6.2350,0.0000,0.0000,0.2481,-0.3025,0.9203,0.2164,-0.3068,0.9268,0.2328,-0.3068,0.9229,-0.1404,-0.0023,0.5804,Dark,
127.7572,5.4107,6.2279,0.0000,0.0000,0.2478,-0.3026,0.9203,0.2133,-0.3073,0.9274,0.2312,-0.3073,0.9231,-0.1405,-0.0024,0.5806,Dark,
127.7672,5.4106,6.2229,0.0000,0.0000,0.2429,-0.3005,0.9223,0.2053,-0.3055,0.9298,0.2248,-0.3055,0.9253,-0.1406,-0.0025,0.5807,Dark,
127.7783,5.4203,6.2284,0.0000,0.0000,0.2489,-0.3004,0.9208,0.2050,-0.3063,0.9296,0.2278,-0.3063,0.9243,-0.1407,-0.0026,0.5808,Dark,
127.7903,5.4172,6.2289,0.0000,0.0000,0.2494,-0.2997,0.9209,0.2021,-0.3061,0.9303,0.2267,-0.3061,0.9246,-0.1408,-0.0027,0.5809,Dark,
127.8006,5.4142,6.2302,0.0000,0.0000,0.2416,-0.2986,0.9233,0.1902,-0.3054,0.9330,0.2169,-0.3055,0.9272,-0.1410,-0.0028,0.5810,Dark,
127.8119,5.3813,6.1991,0.0000,0.0000,0.2458,-0.2978,0.9225,0.1867,-0.3055,0.9337,0.2175,-0.3056,0.9270,-0.1411,-0.0029,0.5811,Dark,
127.8232,5.3691,6.1884,0.0000,0.0000,0.2475,-0.2973,0.9222,0.1843,-0.3056,0.9341,0.2172,-0.3057,0.9270,-0.1413,-0.0029,0.5812,Dark,
127.8340,5.3724,6.1848,0.0000,0.0000,0.2544,-0.2958,0.9208,0.1833,-0.3053,0.9345,0.2204,-0.3054,0.9264,-0.1415,-0.0030,0.5814,Dark,
127.8460,5.3740,6.1898,0.0000,0.0000,0.2586,-0.2940,0.9201,0.1832,-0.3042,0.9348,0.2226,-0.3043,0.9262,-0.1416,-0.0031,0.5815,Dark,
127.8566,5.3769,6.1976,0.0000,0.0000,0.2641,-0.2922,0.9192,0.1996,-0.3011,0.9325,0.2333,-0.3011,0.9246,-0.1418,-0.0032,0.5816,Dark,
127.8678,5.3561,6.1991,0.0000,0.0000,0.2849,-0.2865,0.9148,0.2339,-0.2940,0.9267,0.2605,-0.2937,0.9197,-0.1420,-0.0033,0.5817,Dark,
127.8786,5.3481,6.1942,0.0000,0.0000,0.2894,-0.2849,0.9139,0.2425,-0.2919,0.9252,0.2669,-0.2916,0.9185,-0.1421,-0.0034,0.5818,Dark,
127.8903,5.3424,6.1827,0.0000,0.0000,0.2954,-0.2837,0.9123,0.2519,-0.2904,0.9232,0.2746,-0.2901,0.9168,-0.1423,-0.0034,0.5819,Dark,
127.9011,5.3444,6.1727,0.0000,0.0000,0.2996,-0.2837,0.9109,0.2605,-0.2899,0.9209,0.2808,-0.2895,0.9151,-0.1425,-0.0036,0.5820,Dark,
127.9120,5.3391,6.1734,0.0000,0.0000,0.3023,-0.2833,0.9101,0.2650,-0.2892,0.9199,0.2844,-0.2888,0.9142,-0.1426,-0.0037,0.5821,Dark,
127.9234,5.3343,6.1659,0.0000,0.0000,0.2969,-0.2861,0.9110,0.2607,-0.2919,0.9202,0.2795,-0.2915,0.9148,-0.1427,-0.0038,0.5822,Dark,
127.9343,5.3368,6.1728,0.0000,0.0000,0.3027,-0.2843,0.9097,0.2687,-0.2898,0.9186,0.2864,-0.2894,0.9134,-0.1429,-0.0038,0.5823,Dark,
127.9455,5.3285,6.1833,0.0000,0.0000,0.3038,-0.2839,0.9094,0.2707,-0.2893,0.9182,0.2879,-0.2889,0.9130,-0.1429,-0.0039,0.5824,Dark,
127.9570,5.3222,6.1747,0.0000,0.0000,0.3030,-0.2842,0.9096,0.2705,-0.2894,0.9182,0.2874,-0.2891,0.9131,-0.1430,-0.0040,0.5825,Dark,
127.9681,5.3178,6.1769,0.0000,0.0000,0.3020,-0.2839,0.9101,0.2706,-0.2890,0.9183,0.2869,-0.2886,0.9134,-0.1432,-0.0040,0.5825,Dark,
127.9790,5.3152,6.1838,0.0000,0.0000,0.3036,-0.2833,0.9097,0.2727,-0.2883,0.9179,0.2887,-0.2879,0.9131,-0.1432,-0.0041,0.5826,Dark,
127.9901,5.3140,6.1730,0.0000,0.0000,0.3037,-0.2833,0.9097,0.2732,-0.2883,0.9177,0.2891,-0.2880,0.9130,-0.1432,-0.0042,0.5827,Dark,
128.0013,5.3190,6.1707,0.0000,0.0000,0.3039,-0.2832,0.9096,0.2741,-0.2881,0.9175,0.2896,-0.2877,0.9129,-0.1432,-0.0042,0.5827,Dark,
128.0125,5.3136,6.1747,0.0000,0.0000,0.3050,-0.2828,0.9094,0.2755,-0.2876,0.9173,0.2908,-0.2873,0.9126,-0.1432,-0.0042,0.5827,Dark,
128.0236,5.3091,6.1861,0.0000,0.0000,0.3056,-0.2824,0.9093,0.2763,-0.2873,0.9171,0.2915,-0.2869,0.9125,-0.1431,-0.0043,0.5827,Dark,
128.0347,5.3099,6.2021,0.0000,0.0000,0.3063,-0.2823,0.9091,0.2774,-0.2871,0.9169,0.2924,-0.2867,0.9123,-0.1431,-0.0043,0.5827,Dark,
128.0459,5.3208,6.2048,0.0000,0.0000,0.3072,-0.2823,0.9088,0.2785,-0.2871,0.9165,0.2934,-0.2867,0.9120,-0.1430,-0.0043,0.5827,Dark,
128.0569,5.3303,6.2165,0.0000,0.0000,0.3080,-0.2820,0.9086,0.2794,-0.2867,0.9163,0.2943,-0.2863,0.9118,-0.1429,-0.0044,0.5827,Dark,
128.0682,5.3340,6.2319,0.0000,0.0000,0.3090,-0.2813,0.9085,0.2808,-0.2861,0.9162,0.2955,-0.2857,0.9116,-0.1429,-0.0044,0.5826,Dark,
128.0791,5.3374,6.2372,0.0000,0.0000,0.3094,-0.2812,0.9084,0.2812,-0.2859,0.9161,0.2958,-0.2855,0.9116,-0.1428,-0.0044,0.5826,Dark,
128.0904,5.3395,6.2315,0.0000,0.0000,0.3098,-0.2812,0.9083,0.2817,-0.2859,0.9159,0.2963,-0.2855,0.9114,-0.1427,-0.0043,0.5826,Dark,
128.1022,5.3526,6.2260,0.0000,0.0000,0.3101,-0.2810,0.9082,0.2823,-0.2856,0.9158,0.2968,-0.2852,0.9114,-0.1427,-0.0044,0.5826,Dark,
128.1129,5.3569,6.2269,0.0000,0.0000,0.3104,-0.2811,0.9081,0.2826,-0.2858,0.9157,0.2971,-0.2854,0.9112,-0.1426,-0.0044,0.5826,Dark,
128.1241,5.3596,6.2347,0.0000,0.0000,0.3105,-0.2808,0.9081,0.2828,-0.2854,0.9157,0.2972,-0.2850,0.9113,-0.1426,-0.0044,0.5826,Dark,
128.1354,5.3665,6.2690,0.0000,0.0000,0.3095,-0.2785,0.9092,0.2818,-0.2830,0.9168,0.2962,-0.2827,0.9123,-0.1425,-0.0045,0.5826,Dark,
128.1467,5.3738,6.2904,0.0000,0.0000,0.3094,-0.2789,0.9091,0.2818,-0.2835,0.9166,0.2961,-0.2831,0.9122,-0.1425,-0.0045,0.5826,Dark,
128.1581,5.3799,6.3057,0.0000,0.0000,0.2957,-0.2804,0.9132,0.2677,-0.2848,0.9204,0.2823,-0.2845,0.9162,-0.1425,-0.0045,0.5825,Dark,
128.1693,5.3874,6.3153,0.0000,0.0000,0.2781,-0.2831,0.9179,0.2497,-0.2875,0.9247,0.2645,-0.2872,0.9206,-0.1425,-0.0045,0.5825,Dark,
128.1801,5.3792,6.3120,0.0000,0.0000,0.2736,-0.2853,0.9186,0.2451,-0.2896,0.9252,0.2599,-0.2894,0.9212,-0.1425,-0.0045,0.5825,Dark,
128.1919,5.3774,6.3151,0.0000,0.0000,0.2667,-0.2882,0.9197,0.2381,-0.2925,0.9262,0.2529,-0.2923,0.9223,-0.1425,-0.0046,0.5825,Dark,
128.2034,5.3827,6.3062,0.0000,0.0000,0.2649,-0.2897,0.9197,0.2363,-0.2939,0.9262,0.2511,-0.2937,0.9223,-0.1426,-0.0046,0.5825,Dark,
128.2132,5.3722,6.2992,0.0000,0.0000,0.2605,-0.2907,0.9207,0.2318,-0.2949,0.9270,0.2467,-0.2947,0.9232,-0.1426,-0.0047,0.5825,Dark,
128.2243,5.3638,6.2907,0.0000,0.0000,0.2585,-0.2919,0.9209,0.2298,-0.2961,0.9271,0.2447,-0.2959,0.9233,-0.1426,-0.0047,0.5825,Dark,
128.2351,5.3368,6.2621,0.0000,0.0000,0.2567,-0.2936,0.9208,0.2280,-0.2978,0.9270,0.2429,-0.2977,0.9233,-0.1426,-0.0047,0.5824,Dark,
128.2462,5.3162,6.2457,0.0000,0.0000,0.2552,-0.2941,0.9211,0.2265,-0.2983,0.9272,0.2414,-0.2981,0.9235,-0.1426,-0.0048,0.5824,Dark,
128.2577,5.3012,6.2142,0.0000,0.0000,0.2537,-0.2949,0.9212,0.2223,-0.2995,0.9279,0.2386,-0.2993,0.9238,-0.1426,-0.0048,0.5824,Dark,
128.2695,5.2652,6.1515,0.0000,0.0000,0.2550,-0.2948,0.9209,0.2180,-0.3001,0.9287,0.2372,-0.3000,0.9240,-0.1427,-0.0048,0.5824,Dark,
128.2799,5.2304,6.1229,0.0000,0.0000,0.2559,-0.2944,0.9208,0.2158,-0.3002,0.9292,0.2366,-0.3000,0.9241,-0.1427,-0.0048,0.5824,Dark,
128.2930,5.1607,6.0716,0.0000,0.0000,0.2586,-0.2939,0.9202,0.2120,-0.3006,0.9299,0.2363,-0.3004,0.9241,-0.1427,-0.0048,0.5824,Dark,
128.3020,5.1280,6.0422,0.0000,0.0000,0.2596,-0.2936,0.9200,0.2094,-0.3008,0.9304,0.2355,-0.3006,0.9242,-0.1428,-0.0048,0.5824,Dark,
128.3214,5.0406,5.9579,0.0000,0.0000,0.2611,-0.2940,0.9195,0.2035,-0.3022,0.9313,0.2335,-0.3020,0.9243,-0.1428,-0.0048,0.5824,Dark,
128.3242,5.0406,5.9579,0.0000,0.0000,0.2609,-0.2940,0.9195,0.2033,-0.3023,0.9313,0.2333,-0.3021,0.9243,-0.1428,-0.0048,0.5825,Dark,
128.3361,4.9759,5.8583,0.0000,0.0000,0.2633,-0.2942,0.9188,0.1978,-0.3035,0.9321,0.2320,-0.3033,0.9242,-0.1429,-0.0048,0.5824,Dark,
128.3477,4.9589,5.8216,0.0000,0.0000,0.2645,-0.2935,0.9186,0.1951,-0.3034,0.9327,0.2314,-0.3032,0.9244,-0.1429,-0.0048,0.5825,Dark,
128.3583,4.9171,5.7744,0.0000,0.0000,0.2630,-0.2955,0.9184,0.1894,-0.3060,0.9330,0.2279,-0.3058,0.9244,-0.1429,-0.0048,0.5825,Dark,
128.3692,4.8263,5.7106,0.0000,0.0000,0.2634,-0.2959,0.9182,0.1819,-0.3075,0.9340,0.2246,-0.3073,0.9247,-0.1429,-0.0048,0.5825,Dark,
128.3801,4.7869,5.6878,0.0000,0.0000,0.2636,-0.2960,0.9181,0.1781,-0.3080,0.9346,0.2229,-0.3079,0.9249,-0.1429,-0.0048,0.5825,Dark,
128.3919,4.7095,5.6322,0.0000,0.0000,0.2631,-0.2970,0.9179,0.1700,-0.3099,0.9354,0.2189,-0.3098,0.9253,-0.1429,-0.0049,0.5826,Dark,
128.4021,4.6765,5.6015,0.0000,0.0000,0.2638,-0.2969,0.9178,0.1670,-0.3103,0.9358,0.2178,-0.3102,0.9254,-0.1430,-0.0049,0.5826,Dark,
128.4135,4.6453,5.5781,0.0000,0.0000,0.2643,-0.2972,0.9175,0.1641,-0.3111,0.9361,0.2167,-0.3110,0.9254,-0.1429,-0.0049,0.5827,Dark,
128.4245,4.6220,5.5454,0.0000,0.0000,0.2661,-0.2970,0.9171,0.1628,-0.3113,0.9363,0.2171,-0.3113,0.9252,-0.1429,-0.0049,0.5827,Dark,
128.4356,4.5671,5.4988,0.0000,0.0000,0.2673,-0.2971,0.9167,0.1580,-0.3121,0.9368,0.2155,-0.3121,0.9253,-0.1428,-0.0049,0.5827,Dark,
128.4466,4.5435,5.4830,0.0000,0.0000,0.2686,-0.2972,0.9163,0.1567,-0.3125,0.9369,0.2156,-0.3126,0.9251,-0.1428,-0.0049,0.5828,Dark,
128.4580,4.5256,5.4736,0.0000,0.0000,0.2689,-0.2982,0.9159,0.1543,-0.3138,0.9369,0.2146,-0.3139,0.9249,-0.1427,-0.0050,0.5828,Dark,
128.4691,4.4818,5.4355,0.0000,0.0000,0.2712,-0.2976,0.9154,0.1519,-0.3138,0.9373,0.2147,-0.3139,0.9248,-0.1426,-0.0050,0.5827,Dark,
128.4804,4.4643,5.4180,0.0000,0.0000,0.2716,-0.2978,0.9152,0.1503,-0.3144,0.9373,0.2142,-0.3145,0.9248,-0.1426,-0.0050,0.5827,Dark,
128.4917,4.4281,5.3969,0.0000,0.0000,0.2724,-0.2976,0.9150,0.1473,-0.3146,0.9377,0.2132,-0.3148,0.9249,-0.1425,-0.0051,0.5827,Dark,
128.5027,4.4104,5.3800,0.0000,0.0000,0.2728,-0.2977,0.9148,0.1461,-0.3150,0.9378,0.2129,-0.3151,0.9249,-0.1425,-0.0051,0.5828,Dark,
128.5140,4.3983,5.3686,0.0000,0.0000,0.2724,-0.2985,0.9147,0.1441,-0.3159,0.9378,0.2118,-0.3161,0.9248,-0.1425,-0.0052,0.5828,Dark,
128.5248,4.3949,5.3452,0.0000,0.0000,0.2727,-0.2976,0.9149,0.1431,-0.3152,0.9382,0.2115,-0.3154,0.9251,-0.1425,-0.0052,0.5828,Dark,
128.5358,4.3816,5.3133,0.0000,0.0000,0.2728,-0.2971,0.9150,0.1408,-0.3149,0.9386,0.2105,-0.3152,0.9254,-0.1425,-0.0051,0.5829,Dark,
128.5470,4.3793,5.3046,0.0000,0.0000,0.2725,-0.2976,0.9150,0.1393,-0.3155,0.9387,0.2096,-0.3158,0.9254,-0.1425,-0.0052,0.5829,Dark,
128.5582,4.3703,5.3003,0.0000,0.0000,0.2725,-0.2972,0.9151,0.1382,-0.3152,0.9389,0.2091,-0.3155,0.9256,-0.1425,-0.0052,0.5830,Dark,
128.5695,4.3636,5.2697,0.0000,0.0000,0.2729,-0.2971,0.9150,0.1369,-0.3153,0.9391,0.2087,-0.3157,0.9256,-0.1425,-0.0052,0.5830,Dark,
128.5805,4.3519,5.2613,0.0000,0.0000,0.2738,-0.2968,0.9149,0.1372,-0.3149,0.9391,0.2093,-0.3154,0.9256,-0.1425,-0.0052,0.5830,Dark,
128.5915,4.3425,5.2549,0.0000,0.0000,0.2732,-0.2975,0.9148,0.1358,-0.3157,0.9391,0.2084,-0.3161,0.9256,-0.1425,-0.0053,0.5831,Dark,
128.6027,4.3429,5.2340,0.0000,0.0000,0.2735,-0.2970,0.9149,0.1351,-0.3154,0.9393,0.2082,-0.3159,0.9257,-0.1425,-0.0053,0.5830,Dark,
128.6142,4.3438,5.2271,0.0000,0.0000,0.2728,-0.2976,0.9149,0.1339,-0.3160,0.9393,0.2073,-0.3165,0.9257,-0.1426,-0.0054,0.5831,Dark,
128.6251,4.3340,5.2216,0.0000,0.0000,0.2726,-0.2977,0.9149,0.1332,-0.3160,0.9393,0.2069,-0.3166,0.9257,-0.1426,-0.0054,0.5831,Dark,
128.6361,4.3236,5.2113,0.0000,0.0000,0.2726,-0.2978,0.9149,0.1324,-0.3162,0.9394,0.2065,-0.3168,0.9257,-0.1426,-0.0055,0.5831,Dark,
128.6480,4.3206,5.1996,0.0000,0.0000,0.2722,-0.2980,0.9149,0.1317,-0.3164,0.9394,0.2059,-0.3170,0.9258,-0.1426,-0.0055,0.5831,Dark,
128.6588,4.3143,5.1936,0.0000,0.0000,0.2718,-0.2979,0.9151,0.1307,-0.3163,0.9396,0.2053,-0.3170,0.9260,-0.1426,-0.0056,0.5831,Dark,
128.6698,4.3077,5.1969,0.0000,0.0000,0.2717,-0.2977,0.9152,0.1303,-0.3160,0.9398,0.2050,-0.3167,0.9261,-0.1426,-0.0056,0.5830,Dark,
128.6812,4.3020,5.1909,0.0000,0.0000,0.2717,-0.2977,0.9152,0.1301,-0.3160,0.9398,0.2049,-0.3167,0.9261,-0.1427,-0.0056,0.5830,Dark,
128.6921,4.3001,5.1805,0.0000,0.0000,0.2718,-0.2971,0.9153,0.1300,-0.3153,0.9400,0.2049,-0.3161,0.9263,-0.1427,-0.0056,0.5830,Dark,
128.7031,4.2844,5.1750,0.0000,0.0000,0.2716,-0.2968,0.9155,0.1296,-0.3150,0.9402,0.2046,-0.3158,0.9265,-0.1427,-0.0056,0.5830,Dark,
128.7143,4.2717,5.1621,0.0000,0.0000,0.2715,-0.2963,0.9157,0.1295,-0.3146,0.9404,0.2045,-0.3154,0.9267,-0.1426,-0.0056,0.5829,Dark,
128.7254,4.2595,5.1474,0.0000,0.0000,0.2720,-0.2954,0.9159,0.1299,-0.3137,0.9406,0.2050,-0.3145,0.9269,-0.1426,-0.0055,0.5829,Dark,
128.7364,4.2512,5.1438,0.0000,0.0000,0.2721,-0.2953,0.9159,0.1300,-0.3136,0.9406,0.2051,-0.3144,0.9269,-0.1427,-0.0055,0.5829,Dark,
128.7476,4.2459,5.1434,0.0000,0.0000,0.2722,-0.2948,0.9160,0.1301,-0.3132,0.9407,0.2052,-0.3139,0.9270,-0.1427,-0.0055,0.5828,Dark,
128.7589,4.2461,5.1331,0.0000,0.0000,0.2726,-0.2942,0.9161,0.1305,-0.3126,0.9409,0.2056,-0.3133,0.9271,-0.1426,-0.0055,0.5828,Dark,
128.7700,4.2441,5.1238,0.0000,0.0000,0.2727,-0.2937,0.9162,0.1307,-0.3121,0.9410,0.2057,-0.3128,0.9273,-0.1427,-0.0054,0.5828,Dark,
128.7813,4.2429,5.1094,0.0000,0.0000,0.2727,-0.2932,0.9163,0.1307,-0.3117,0.9412,0.2057,-0.3124,0.9274,-0.1427,-0.0054,0.5827,Dark,
128.7925,4.2460,5.1012,0.0000,0.0000,0.2725,-0.2926,0.9166,0.1306,-0.3110,0.9414,0.2056,-0.3117,0.9277,-0.1427,-0.0053,0.5827,Dark,
128.8033,4.2417,5.1056,0.0000,0.0000,0.2725,-0.2922,0.9167,0.1306,-0.3107,0.9415,0.2056,-0.3114,0.9278,-0.1427,-0.0053,0.5827,Dark,
128.8146,4.2383,5.1113,0.0000,0.0000,0.2726,-0.2919,0.9168,0.1308,-0.3104,0.9416,0.2057,-0.3110,0.9279,-0.1428,-0.0053,0.5826,Dark,
128.8259,4.2338,5.1151,0.0000,0.0000,0.2727,-0.2916,0.9169,0.1310,-0.3100,0.9417,0.2059,-0.3107,0.9279,-0.1428,-0.0053,0.5826,Dark,
128.8365,4.2421,5.1129,0.0000,0.0000,0.2726,-0.2914,0.9169,0.1310,-0.3099,0.9417,0.2058,-0.3106,0.9280,-0.1428,-0.0053,0.5826,Dark,
128.8477,4.2495,5.1174,0.0000,0.0000,0.2725,-0.2914,0.9170,0.1310,-0.3099,0.9417,0.2058,-0.3105,0.9280,-0.1429,-0.0053,0.5825,Dark,
128.8590,4.2535,5.1235,0.0000,0.0000,0.2727,-0.2913,0.9170,0.1314,-0.3098,0.9417,0.2061,-0.3104,0.9280,-0.1429,-0.0053,0.5825,Dark,
128.8702,4.2508,5.1253,0.0000,0.0000,0.2728,-0.2912,0.9170,0.1316,-0.3097,0.9417,0.2063,-0.3103,0.9280,-0.1430,-0.0053,0.5825,Dark,
128.8813,4.2477,5.1271,0.0000,0.0000,0.2728,-0.2911,0.9170,0.1317,-0.3097,0.9417,0.2063,-0.3102,0.9280,-0.1430,-0.0053,0.5824,Dark,
128.8928,4.2393,5.1380,0.0000,0.0000,0.2729,-0.2909,0.9170,0.1320,-0.3095,0.9417,0.2065,-0.3101,0.9280,-0.1430,-0.0053,0.5824,Dark,
128.9035,4.2500,5.1467,0.0000,0.0000,0.2734,-0.2907,0.9169,0.1325,-0.3093,0.9417,0.2070,-0.3098,0.9280,-0.1431,-0.0053,0.5825,Dark,
128.9149,4.2594,5.1578,0.0000,0.0000,0.2738,-0.2905,0.9169,0.1330,-0.3090,0.9417,0.2074,-0.3096,0.9280,-0.1431,-0.0053,0.5825,Dark,
128.9272,4.2797,5.1678,0.0000,0.0000,0.2743,-0.2901,0.9168,0.1336,-0.3087,0.9418,0.2080,-0.3092,0.9280,-0.1431,-0.0053,0.5824,Dark,
128.9371,4.2945,5.1676,0.0000,0.0000,0.2745,-0.2900,0.9168,0.1337,-0.3085,0.9418,0.2081,-0.3091,0.9280,-0.1431,-0.0053,0.5824,Dark,
128.9478,4.3052,5.1723,0.0000,0.0000,0.2746,-0.2899,0.9168,0.1338,-0.3085,0.9418,0.2082,-0.3091,0.9280,-0.1431,-0.0054,0.5824,Dark,
128.9592,4.3133,5.1972,0.0000,0.0000,0.2748,-0.2898,0.9168,0.1341,-0.3084,0.9418,0.2085,-0.3089,0.9280,-0.1431,-0.0054,0.5824,Dark,
128.9702,4.3181,5.2150,0.0000,0.0000,0.2750,-0.2897,0.9168,0.1343,-0.3083,0.9418,0.2087,-0.3088,0.9279,-0.1431,-0.0054,0.5824,Dark,
128.9816,4.3213,5.2324,0.0000,0.0000,0.2752,-0.2896,0.9167,0.1345,-0.3082,0.9418,0.2089,-0.3088,0.9279,-0.1431,-0.0054,0.5824,Dark,
128.9932,4.3474,5.2591,0.0000,0.0000,0.2751,-0.2893,0.9169,0.1345,-0.3079,0.9418,0.2089,-0.3084,0.9280,-0.1431,-0.0054,0.5824,Dark,
129.0037,4.3622,5.2685,0.0000,0.0000,0.2751,-0.2893,0.9169,0.1345,-0.3079,0.9419,0.2088,-0.3084,0.9280,-0.1432,-0.0054,0.5824,Dark,
129.0147,4.3734,5.2886,0.0000,0.0000,0.2752,-0.2891,0.9169,0.1347,-0.3077,0.9419,0.2090,-0.3082,0.9281,-0.1432,-0.0054,0.5824,Dark,
129.0262,4.4189,5.3188,0.0000,0.0000,0.2752,-0.2888,0.9170,0.1348,-0.3074,0.9420,0.2090,-0.3079,0.9282,-0.1432,-0.0054,0.5824,Dark,
129.0373,4.4332,5.3291,0.0000,0.0000,0.2752,-0.2885,0.9171,0.1349,-0.3071,0.9421,0.2091,-0.3076,0.9283,-0.1432,-0.0054,0.5824,Dark,
129.0483,4.4525,5.3562,0.0000,0.0000,0.2753,-0.2883,0.9171,0.1349,-0.3069,0.9421,0.2091,-0.3074,0.9283,-0.1433,-0.0053,0.5824,Dark,
129.0596,4.4579,5.3665,0.0000,0.0000,0.2752,-0.2883,0.9172,0.1348,-0.3069,0.9421,0.2090,-0.3074,0.9283,-0.1433,-0.0053,0.5824,Dark,
129.0705,4.4687,5.3743,0.0000,0.0000,0.2749,-0.2882,0.9173,0.1346,-0.3068,0.9422,0.2087,-0.3073,0.9284,-0.1433,-0.0053,0.5824,Dark,
129.0817,4.4877,5.4007,0.0000,0.0000,0.2746,-0.2880,0.9174,0.1343,-0.3066,0.9423,0.2085,-0.3071,0.9285,-0.1433,-0.0052,0.5824,Dark,
129.0932,4.4953,5.4233,0.0000,0.0000,0.2747,-0.2879,0.9174,0.1344,-0.3065,0.9423,0.2086,-0.3070,0.9286,-0.1433,-0.0053,0.5824,Dark,
129.1039,4.5082,5.4413,0.0000,0.0000,0.2747,-0.2881,0.9174,0.1344,-0.3067,0.9423,0.2085,-0.3072,0.9285,-0.1434,-0.0053,0.5824,Dark,
129.1150,4.5411,5.4888,0.0000,0.0000,0.2746,-0.2881,0.9174,0.1343,-0.3068,0.9423,0.2085,-0.3072,0.9285,-0.1434,-0.0053,0.5824,Dark,
129.1263,4.5599,5.5058,0.0000,0.0000,0.2743,-0.2880,0.9175,0.1339,-0.3067,0.9423,0.2082,-0.3072,0.9286,-0.1434,-0.0053,0.5824,Dark,
129.1375,4.5716,5.5174,0.0000,0.0000,0.2741,-0.2879,0.9176,0.1337,-0.3066,0.9424,0.2079,-0.3070,0.9287,-0.1434,-0.0053,0.5825,Dark,
129.1483,4.5893,5.5506,0.0000,0.0000,0.2739,-0.2878,0.9177,0.1334,-0.3065,0.9425,0.2077,-0.3070,0.9288,-0.1434,-0.0053,0.5825,Dark,
129.1597,4.5956,5.5679,0.0000,0.0000,0.2736,-0.2880,0.9177,0.1331,-0.3067,0.9425,0.2074,-0.3072,0.9288,-0.1435,-0.0053,0.5825,Dark,
129.1707,4.6070,5.5813,0.0000,0.0000,0.2734,-0.2880,0.9178,0.1328,-0.3067,0.9425,0.2072,-0.3072,0.9288,-0.1435,-0.0053,0.5825,Dark,
129.1819,4.6376,5.6069,0.0000,0.0000,0.2729,-0.2885,0.9178,0.1322,-0.3071,0.9424,0.2066,-0.3076,0.9288,-0.1435,-0.0053,0.5825,Dark,
129.1936,4.6542,5.6132,0.0000,0.0000,0.2728,-0.2884,0.9178,0.1321,-0.3071,0.9425,0.2065,-0.3076,0.9288,-0.1435,-0.0053,0.5825,Dark,
129.2042,4.6570,5.6329,0.0000,0.0000,0.2723,-0.2891,0.9177,0.1315,-0.3078,0.9423,0.2059,-0.3083,0.9287,-0.1436,-0.0054,0.5826,Dark,
129.2153,4.6561,5.6700,0.0000,0.0000,0.2724,-0.2891,0.9177,0.1314,-0.3079,0.9423,0.2060,-0.3084,0.9287,-0.1436,-0.0053,0.5826,Dark,
129.2266,4.6935,5.6868,0.0000,0.0000,0.2724,-0.2896,0.9176,0.1309,-0.3085,0.9422,0.2057,-0.3089,0.9286,-0.1436,-0.0053,0.5826,Dark,
129.2379,4.7517,5.7180,0.0000,0.0000,0.2724,-0.2902,0.9174,0.1298,-0.3092,0.9421,0.2052,-0.3097,0.9284,-0.1436,-0.0053,0.5826,Dark,
129.2487,4.7742,5.7277,0.0000,0.0000,0.2724,-0.2908,0.9172,0.1294,-0.3098,0.9419,0.2050,-0.3103,0.9283,-0.1436,-0.0053,0.5826,Dark,
129.2602,4.7921,5.7343,0.0000,0.0000,0.2724,-0.2915,0.9170,0.1290,-0.3106,0.9417,0.2049,-0.3110,0.9281,-0.1437,-0.0053,0.5827,Dark,
129.2709,4.8094,5.7433,0.0000,0.0000,0.2727,-0.2922,0.9167,0.1280,-0.3115,0.9416,0.2045,-0.3120,0.9278,-0.1437,-0.0053,0.5827,Dark,
129.2821,4.8148,5.7454,0.0000,0.0000,0.2730,-0.2926,0.9165,0.1275,-0.3120,0.9415,0.2045,-0.3124,0.9277,-0.1437,-0.0053,0.5827,Dark,
129.2940,4.8140,5.7467,0.0000,0.0000,0.2733,-0.2932,0.9162,0.1270,-0.3127,0.9413,0.2044,-0.3132,0.9274,-0.1437,-0.0053,0.5828,Dark,
129.3044,4.8011,5.7442,0.0000,0.0000,0.2739,-0.2940,0.9157,0.1261,-0.3138,0.9411,0.2043,-0.3142,0.9271,-0.1438,-0.0054,0.5828,Dark,
129.3154,4.7911,5.7372,0.0000,0.0000,0.2740,-0.2946,0.9155,0.1256,-0.3143,0.9410,0.2041,-0.3148,0.9269,-0.1437,-0.0054,0.5828,Dark,
129.3269,4.7839,5.7313,0.0000,0.0000,0.2743,-0.2951,0.9152,0.1253,-0.3150,0.9408,0.2041,-0.3155,0.9267,-0.1438,-0.0054,0.5829,Dark,
129.3385,4.7663,5.7340,0.0000,0.0000,0.2749,-0.2957,0.9149,0.1249,-0.3157,0.9406,0.2043,-0.3162,0.9264,-0.1438,-0.0055,0.5829,Dark,
129.3491,4.7568,5.7291,0.0000,0.0000,0.2752,-0.2960,0.9147,0.1248,-0.3161,0.9405,0.2044,-0.3166,0.9263,-0.1438,-0.0055,0.5829,Dark,
129.3603,4.7565,5.7255,0.0000,0.0000,0.2754,-0.2966,0.9145,0.1246,-0.3167,0.9403,0.2044,-0.3172,0.9261,-0.1438,-0.0055,0.5829,Dark,
129.3715,4.7396,5.6958,0.0000,0.0000,0.2758,-0.2973,0.9141,0.1245,-0.3175,0.9400,0.2046,-0.3180,0.9258,-0.1438,-0.0056,0.5830,Dark,
129.3824,4.7260,5.6859,0.0000,0.0000,0.2760,-0.2977,0.9139,0.1245,-0.3180,0.9399,0.2047,-0.3185,0.9256,-0.1438,-0.0056,0.5830,Dark,
129.3938,4.7189,5.6792,0.0000,0.0000,0.2763,-0.2982,0.9136,0.1247,-0.3184,0.9397,0.2049,-0.3189,0.9254,-0.1438,-0.0056,0.5830,Dark,
129.4049,4.7016,5.6581,0.0000,0.0000,0.2767,-0.2988,0.9133,0.1246,-0.3192,0.9395,0.2051,-0.3196,0.9251,-0.1438,-0.0057,0.5830,Dark,
129.4163,4.6937,5.6465,0.0000,0.0000,0.2772,-0.2991,0.9131,0.1249,-0.3195,0.9393,0.2055,-0.3199,0.9249,-0.1438,-0.0057,0.5830,Dark,
129.4271,4.7003,5.6372,0.0000,0.0000,0.2774,-0.2991,0.9130,0.1250,-0.3196,0.9393,0.2057,-0.3200,0.9248,-0.1438,-0.0057,0.5830,Dark,
129.4384,4.7014,5.6477,0.0000,0.0000,0.2777,-0.2991,0.9129,0.1250,-0.3198,0.9392,0.2059,-0.3201,0.9247,-0.1438,-0.0057,0.5831,Dark,
129.4494,4.6979,5.6414,0.0000,0.0000,0.2780,-0.2990,0.9129,0.1252,-0.3198,0.9392,0.2061,-0.3201,0.9247,-0.1439,-0.0057,0.5831,Dark,
129.4604,4.6546,5.6340,0.0000,0.0000,0.2777,-0.2994,0.9128,0.1249,-0.3203,0.9391,0.2058,-0.3206,0.9246,-0.1439,-0.0057,0.5831,Dark,
129.4724,4.6542,5.6315,0.0000,0.0000,0.2777,-0.2997,0.9127,0.1249,-0.3206,0.9389,0.2058,-0.3208,0.9245,-0.1439,-0.0057,0.5831,Dark,
129.4827,4.6560,5.6346,0.0000,0.0000,0.2779,-0.2999,0.9126,0.1251,-0.3208,0.9388,0.2060,-0.3211,0.9244,-0.1439,-0.0057,0.5832,Dark,
129.4946,4.6774,5.6397,0.0000,0.0000,0.2779,-0.3005,0.9124,0.1253,-0.3214,0.9386,0.2061,-0.3216,0.9242,-0.1440,-0.0058,0.5832,Dark,
129.5051,4.6782,5.6402,0.0000,0.0000,0.2780,-0.3011,0.9122,0.1254,-0.3220,0.9384,0.2062,-0.3222,0.9239,-0.1440,-0.0058,0.5832,Dark,
129.5160,4.6767,5.6485,0.0000,0.0000,0.2780,-0.3017,0.9120,0.1256,-0.3226,0.9382,0.2063,-0.3228,0.9237,-0.1440,-0.0059,0.5833,Dark,
129.5276,4.6764,5.6542,0.0000,0.0000,0.2779,-0.3025,0.9117,0.1257,-0.3235,0.9379,0.2063,-0.3236,0.9234,-0.1441,-0.0060,0.5833,Dark,
129.5385,4.6721,5.6533,0.0000,0.0000,0.2777,-0.3032,0.9116,0.1256,-0.3242,0.9376,0.2061,-0.3243,0.9232,-0.1442,-0.0061,0.5834,Dark,
129.5497,4.6694,5.6520,0.0000,0.0000,0.2773,-0.3040,0.9114,0.1252,-0.3251,0.9373,0.2058,-0.3252,0.9230,-0.1443,-0.0063,0.5836,Dark,
129.5611,4.6686,5.6466,0.0000,0.0000,0.2763,-0.3050,0.9114,0.1245,-0.3262,0.9371,0.2049,-0.3262,0.9228,-0.1444,-0.0064,0.5838,Dark,
129.5722,4.6622,5.6441,0.0000,0.0000,0.2758,-0.3059,0.9112,0.1241,-0.3271,0.9368,0.2045,-0.3271,0.9226,-0.1446,-0.0066,0.5839,Dark,
129.5836,4.6572,5.6554,0.0000,0.0000,0.2752,-0.3071,0.9110,0.1238,-0.3283,0.9364,0.2040,-0.3283,0.9223,-0.1446,-0.0068,0.5842,Dark,
129.5943,4.6427,5.6686,0.0000,0.0000,0.2749,-0.3088,0.9105,0.1238,-0.3301,0.9358,0.2038,-0.3300,0.9217,-0.1448,-0.0071,0.5844,Dark,
129.6060,4.6462,5.6712,0.0000,0.0000,0.2746,-0.3106,0.9100,0.1236,-0.3319,0.9352,0.2036,-0.3318,0.9211,-0.1450,-0.0074,0.5846,Dark,
129.6184,4.6540,5.6779,0.0000,0.0000,0.2745,-0.3128,0.9093,0.1239,-0.3342,0.9343,0.2037,-0.3340,0.9203,-0.1451,-0.0077,0.5849,Dark,
