timestamp_sec,left_pupil_mm,right_pupil_mm,left_blink,right_blink,left_gaze_x,left_gaze_y,left_gaze_z,right_gaze_x,right_gaze_y,right_gaze_z,combined_gaze_x,combined_gaze_y,combined_gaze_z,origin_x,origin_y,origin_z,light_condition,stimulus_event
0.0000,5.0745,6.4343,0.0000,0.0000,0.1027,-0.3847,0.9173,0.0444,-0.3861,0.9214,0.0743,-0.3892,0.9181,-0.1499,-0.0071,0.3447,Dark,StimulusPresenter: Start()
0.0000,5.1168,6.5985,0.0000,0.0000,0.1338,-0.3562,0.9248,-0.0106,-0.3619,0.9322,0.0642,-0.3690,0.9272,-0.1507,-0.0016,0.3104,Dark,StimulusPresenter: Start()
0.0200,5.1854,6.5651,0.0000,0.0000,0.1291,-0.3579,0.9248,-0.0440,-0.3630,0.9308,0.0457,-0.3726,0.9269,-0.1465,0.0011,0.3036,Dark,StimulusPresenter: Start()
0.2219,5.1323,6.5635,0.0000,0.0000,0.1209,-0.3697,0.9213,-0.0549,-0.3746,0.9255,0.0363,-0.3845,0.9224,-0.1454,0.0014,0.3049,Dark,StimulusPresenter: Start()
0.4252,5.0884,6.5766,0.0000,0.0000,0.1249,-0.3745,0.9188,-0.0479,-0.3785,0.9244,0.0417,-0.3887,0.9204,-0.1442,0.0014,0.3046,Dark,
0.6290,5.1970,6.6158,0.0000,0.0000,0.1338,-0.3817,0.9146,-0.0353,-0.3863,0.9217,0.0524,-0.3958,0.9168,-0.1433,0.0009,0.3070,Dark,
0.7340,5.2125,6.6466,0.0000,0.0000,0.1354,-0.3877,0.9118,-0.0318,-0.3928,0.9191,0.0549,-0.4019,0.9140,-0.1427,-0.0001,0.3077,Dark,
0.7496,5.2125,6.6475,0.0000,0.0000,0.1352,-0.3877,0.9118,-0.0320,-0.3928,0.9191,0.0548,-0.4019,0.9140,-0.1427,-0.0001,0.3076,Dark,
0.7642,5.2119,6.6497,0.0000,0.0000,0.1350,-0.3875,0.9119,-0.0320,-0.3927,0.9191,0.0547,-0.4018,0.9141,-0.1427,-0.0001,0.3075,Dark,
0.7756,5.2114,6.6497,0.0000,0.0000,0.1347,-0.3869,0.9122,-0.0322,-0.3921,0.9194,0.0544,-0.4012,0.9144,-0.1426,0.0000,0.3074,Dark,
0.7867,5.2114,6.6497,0.0000,0.0000,0.1346,-0.3865,0.9124,-0.0322,-0.3916,0.9196,0.0543,-0.4007,0.9146,-0.1426,0.0001,0.3074,Dark,
0.7975,5.2114,6.6497,0.0000,0.0000,0.1344,-0.3861,0.9126,-0.0324,-0.3912,0.9197,0.0542,-0.4003,0.9148,-0.1425,0.0002,0.3073,Dark,
0.8082,5.2114,6.6497,0.0000,0.0000,0.1342,-0.3857,0.9128,-0.0326,-0.3908,0.9199,0.0540,-0.3999,0.9150,-0.1425,0.0003,0.3072,Dark,
0.8194,5.2114,6.6497,0.0000,0.0000,0.1340,-0.3851,0.9131,-0.0327,-0.3901,0.9202,0.0538,-0.3993,0.9153,-0.1425,0.0004,0.3072,Dark,
0.8304,5.2114,6.6497,0.0000,0.0000,0.1336,-0.3845,0.9134,-0.0330,-0.3894,0.9205,0.0534,-0.3986,0.9156,-0.1425,0.0006,0.3071,Dark,
0.8414,5.2114,6.6497,0.0000,0.0000,0.1333,-0.3838,0.9137,-0.0334,-0.3887,0.9207,0.0531,-0.3979,0.9159,-0.1425,0.0007,0.3071,Dark,
0.8548,5.2114,6.6497,0.0000,0.0000,0.1329,-0.3831,0.9141,-0.0337,-0.3880,0.9210,0.0527,-0.3972,0.9162,-0.1424,0.0009,0.3070,Dark,
0.8639,5.2114,6.6497,0.0000,0.0000,0.1325,-0.3823,0.9145,-0.0341,-0.3872,0.9214,0.0523,-0.3964,0.9166,-0.1424,0.0010,0.3069,Dark,
0.8754,5.2114,6.6497,0.0000,0.0000,0.1320,-0.3814,0.9149,-0.0345,-0.3863,0.9217,0.0519,-0.3955,0.9170,-0.1424,0.0012,0.3069,Dark,
0.8863,5.2114,6.6497,0.0000,0.0000,0.1315,-0.3806,0.9154,-0.0350,-0.3854,0.9221,0.0514,-0.3946,0.9174,-0.1424,0.0014,0.3068,Dark,
0.8977,5.2114,6.6497,0.0000,0.0000,0.1312,-0.3797,0.9158,-0.0354,-0.3845,0.9224,0.0510,-0.3938,0.9178,-0.1425,0.0015,0.3068,Dark,
0.9087,5.2114,6.6497,0.0000,0.0000,0.1307,-0.3791,0.9161,-0.0358,-0.3839,0.9227,0.0506,-0.3931,0.9181,-0.1425,0.0017,0.3068,Dark,
0.9193,5.2114,6.6497,0.0000,0.0000,0.1302,-0.3784,0.9164,-0.0363,-0.3832,0.9229,0.0501,-0.3925,0.9184,-0.1425,0.0017,0.3068,Dark,
0.9306,5.2114,6.6497,0.0000,0.0000,0.1298,-0.3778,0.9167,-0.0368,-0.3827,0.9231,0.0496,-0.3919,0.9187,-0.1425,0.0018,0.3068,Dark,
0.9417,5.2114,6.6497,0.0000,0.0000,0.1294,-0.3776,0.9169,-0.0372,-0.3825,0.9232,0.0492,-0.3917,0.9188,-0.1426,0.0019,0.3067,Dark,
0.9534,5.2114,6.6497,0.0000,0.0000,0.1289,-0.3773,0.9171,-0.0376,-0.3822,0.9233,0.0488,-0.3914,0.9189,-0.1427,0.0020,0.3067,Dark,
0.9638,5.2114,6.6497,0.0000,0.0000,0.1284,-0.3768,0.9173,-0.0381,-0.3817,0.9235,0.0483,-0.3909,0.9191,-0.1427,0.0021,0.3067,Dark,
0.9757,5.2114,6.6497,0.0000,0.0000,0.1277,-0.3761,0.9177,-0.0388,-0.3810,0.9238,0.0476,-0.3902,0.9195,-0.1428,0.0022,0.3067,Dark,
0.9863,5.2114,6.6497,0.0000,0.0000,0.1272,-0.3752,0.9182,-0.0394,-0.3801,0.9241,0.0470,-0.3893,0.9199,-0.1428,0.0024,0.3067,Dark,
0.9973,5.2114,6.6497,0.0000,0.0000,0.1266,-0.3739,0.9188,-0.0400,-0.3788,0.9246,0.0464,-0.3880,0.9205,-0.1428,0.0026,0.3067,Dark,
1.0086,5.2114,6.6497,0.0000,0.0000,0.1258,-0.3725,0.9195,-0.0408,-0.3774,0.9252,0.0456,-0.3866,0.9211,-0.1429,0.0028,0.3067,Dark,
1.0195,5.2114,6.6497,0.0000,0.0000,0.1253,-0.3713,0.9200,-0.0413,-0.3762,0.9256,0.0451,-0.3854,0.9216,-0.1429,0.0030,0.3068,Dark,
1.0306,5.2114,6.6497,0.0000,0.0000,0.1247,-0.3702,0.9206,-0.0418,-0.3750,0.9261,0.0446,-0.3842,0.9222,-0.1430,0.0032,0.3068,Dark,
1.0423,5.2114,6.6497,0.0000,0.0000,0.1242,-0.3692,0.9210,-0.0424,-0.3740,0.9265,0.0440,-0.3833,0.9226,-0.1431,0.0033,0.3068,Dark,
1.0534,5.2114,6.6497,0.0000,0.0000,0.1238,-0.3682,0.9215,-0.0428,-0.3731,0.9268,0.0436,-0.3823,0.9230,-0.1432,0.0035,0.3069,Dark,
1.0643,5.2114,6.6497,0.0000,0.0000,0.1233,-0.3671,0.9220,-0.0433,-0.3721,0.9272,0.0431,-0.3813,0.9235,-0.1433,0.0036,0.3068,Dark,
1.0756,5.2114,6.6497,0.0000,0.0000,0.1227,-0.3661,0.9225,-0.0439,-0.3712,0.9275,0.0426,-0.3803,0.9239,-0.1434,0.0038,0.3068,Dark,
1.0868,5.2114,6.6497,0.0000,0.0000,0.1219,-0.3649,0.9230,-0.0447,-0.3701,0.9279,0.0417,-0.3792,0.9244,-0.1435,0.0039,0.3068,Dark,
1.0977,5.2114,6.6497,0.0000,0.0000,0.1210,-0.3637,0.9236,-0.0456,-0.3690,0.9283,0.0408,-0.3780,0.9249,-0.1437,0.0041,0.3068,Dark,
1.1098,5.2114,6.6497,0.0000,0.0000,0.1200,-0.3624,0.9243,-0.0466,-0.3677,0.9288,0.0399,-0.3767,0.9255,-0.1438,0.0043,0.3068,Dark,
1.1200,5.2114,6.6497,0.0000,0.0000,0.1190,-0.3611,0.9249,-0.0476,-0.3663,0.9293,0.0389,-0.3754,0.9261,-0.1439,0.0044,0.3068,Dark,
1.1320,5.2114,6.6497,0.0000,0.0000,0.1180,-0.3593,0.9257,-0.0486,-0.3647,0.9299,0.0379,-0.3737,0.9268,-0.1440,0.0046,0.3068,Dark,
1.1422,5.2114,6.6497,0.0000,0.0000,0.1173,-0.3577,0.9264,-0.0494,-0.3632,0.9304,0.0371,-0.3721,0.9274,-0.1441,0.0048,0.3069,Dark,
1.1534,5.2114,6.6497,0.0000,0.0000,0.1165,-0.3561,0.9272,-0.0502,-0.3616,0.9310,0.0363,-0.3705,0.9281,-0.1441,0.0050,0.3069,Dark,
1.1647,5.2114,6.6497,0.0000,0.0000,0.1156,-0.3548,0.9278,-0.0511,-0.3604,0.9314,0.0355,-0.3692,0.9287,-0.1442,0.0052,0.3070,Dark,
1.1842,5.2114,6.6497,0.0000,0.0000,0.1146,-0.3536,0.9283,-0.0520,-0.3594,0.9317,0.0345,-0.3682,0.9291,-0.1443,0.0053,0.3070,Dark,
1.1868,5.2114,6.6497,0.0000,0.0000,0.1135,-0.3529,0.9287,-0.0531,-0.3589,0.9319,0.0334,-0.3676,0.9294,-0.1443,0.0055,0.3070,Dark,
1.1980,5.2114,6.6497,0.0000,0.0000,0.1122,-0.3523,0.9291,-0.0544,-0.3585,0.9320,0.0322,-0.3670,0.9297,-0.1443,0.0055,0.3069,Dark,
1.2092,5.2114,6.6497,0.0000,0.0000,0.1110,-0.3521,0.9294,-0.0557,-0.3583,0.9319,0.0309,-0.3669,0.9298,-0.1444,0.0056,0.3069,Dark,
1.2203,5.2114,6.6497,0.0000,0.0000,0.1097,-0.3517,0.9297,-0.0569,-0.3579,0.9320,0.0297,-0.3665,0.9300,-0.1444,0.0056,0.3068,Dark,
1.2318,5.2114,6.6497,0.0000,0.0000,0.1105,-0.3527,0.9292,-0.0561,-0.3588,0.9317,0.0305,-0.3674,0.9296,-0.1443,0.0055,0.3068,Dark,
1.2427,5.2114,6.6497,0.0000,0.0000,0.1094,-0.3523,0.9295,-0.0572,-0.3584,0.9318,0.0294,-0.3670,0.9298,-0.1443,0.0055,0.3068,Dark,
1.2537,5.2114,6.6497,0.0000,0.0000,0.1083,-0.3518,0.9298,-0.0583,-0.3580,0.9319,0.0283,-0.3665,0.9300,-0.1442,0.0056,0.3067,Dark,
1.2650,5.2114,6.6497,0.0000,0.0000,0.1073,-0.3516,0.9300,-0.0593,-0.3579,0.9319,0.0272,-0.3664,0.9301,-0.1442,0.0056,0.3066,Dark,
1.2763,5.2114,6.6497,0.0000,0.0000,0.1061,-0.3517,0.9301,-0.0605,-0.3580,0.9318,0.0261,-0.3665,0.9300,-0.1441,0.0057,0.3065,Dark,
1.2875,5.2114,6.6497,0.0000,0.0000,0.1051,-0.3520,0.9301,-0.0615,-0.3582,0.9316,0.0250,-0.3668,0.9300,-0.1441,0.0057,0.3063,Dark,
1.2985,5.2114,6.6497,0.0000,0.0000,0.1041,-0.3521,0.9301,-0.0625,-0.3583,0.9315,0.0240,-0.3669,0.9300,-0.1440,0.0058,0.3061,Dark,
1.3130,5.2114,6.6497,0.0000,0.0000,0.1032,-0.3524,0.9302,-0.0634,-0.3585,0.9314,0.0232,-0.3671,0.9299,-0.1439,0.0058,0.3059,Dark,
1.3207,5.2114,6.6497,0.0000,0.0000,0.1023,-0.3524,0.9302,-0.0643,-0.3585,0.9313,0.0223,-0.3671,0.9299,-0.1438,0.0058,0.3057,Dark,
1.3316,5.2114,6.6497,0.0000,0.0000,0.1015,-0.3523,0.9303,-0.0651,-0.3584,0.9313,0.0215,-0.3670,0.9300,-0.1437,0.0059,0.3055,Dark,
1.3429,5.2114,6.6497,0.0000,0.0000,0.1008,-0.3522,0.9305,-0.0659,-0.3582,0.9313,0.0207,-0.3668,0.9301,-0.1436,0.0059,0.3052,Dark,
1.3541,5.2114,6.6497,0.0000,0.0000,0.0999,-0.3520,0.9306,-0.0667,-0.3580,0.9313,0.0199,-0.3667,0.9301,-0.1435,0.0060,0.3050,Dark,
1.3651,5.2114,6.6497,0.0000,0.0000,0.0991,-0.3519,0.9308,-0.0675,-0.3578,0.9313,0.0190,-0.3665,0.9302,-0.1435,0.0061,0.3047,Dark,
1.3763,5.2114,6.6497,0.0000,0.0000,0.0984,-0.3517,0.9309,-0.0683,-0.3576,0.9314,0.0183,-0.3663,0.9303,-0.1434,0.0062,0.3045,Dark,
1.3872,5.2114,6.6497,0.0000,0.0000,0.0977,-0.3514,0.9311,-0.0690,-0.3573,0.9314,0.0176,-0.3660,0.9304,-0.1434,0.0063,0.3042,Dark,
1.3985,5.2114,6.6497,0.0000,0.0000,0.0970,-0.3512,0.9313,-0.0697,-0.3570,0.9315,0.0169,-0.3658,0.9305,-0.1434,0.0064,0.3040,Dark,
1.4099,5.2114,6.6497,0.0000,0.0000,0.0962,-0.3509,0.9315,-0.0704,-0.3567,0.9316,0.0162,-0.3654,0.9307,-0.1434,0.0066,0.3037,Dark,
1.4208,5.2114,6.6497,0.0000,0.0000,0.0955,-0.3504,0.9317,-0.0711,-0.3562,0.9317,0.0155,-0.3649,0.9309,-0.1434,0.0067,0.3035,Dark,
1.4318,5.2114,6.6497,0.0000,0.0000,0.0948,-0.3499,0.9320,-0.0719,-0.3558,0.9318,0.0147,-0.3645,0.9311,-0.1435,0.0068,0.3033,Dark,
1.4502,5.2114,6.6497,0.0000,0.0000,0.0940,-0.3493,0.9323,-0.0726,-0.3552,0.9320,0.0139,-0.3639,0.9313,-0.1435,0.0069,0.3031,Dark,
1.4543,5.2114,6.6497,0.0000,0.0000,0.0933,-0.3486,0.9326,-0.0734,-0.3544,0.9322,0.0132,-0.3632,0.9316,-0.1437,0.0071,0.3029,Dark,
1.4654,5.2114,6.6497,0.0000,0.0000,0.0925,-0.3478,0.9330,-0.0742,-0.3537,0.9324,0.0124,-0.3624,0.9319,-0.1438,0.0072,0.3027,Dark,
1.4769,5.2114,6.6497,0.0000,0.0000,0.0917,-0.3471,0.9333,-0.0749,-0.3530,0.9326,0.0117,-0.3617,0.9322,-0.1439,0.0073,0.3027,Dark,
1.4876,5.2114,6.6497,0.0000,0.0000,0.0911,-0.3463,0.9337,-0.0756,-0.3523,0.9328,0.0110,-0.3610,0.9325,-0.1441,0.0074,0.3025,Dark,
1.4986,5.2114,6.6497,0.0000,0.0000,0.0904,-0.3459,0.9339,-0.0762,-0.3519,0.9329,0.0104,-0.3606,0.9327,-0.1442,0.0075,0.3024,Dark,
1.5103,5.2114,6.6497,0.0000,0.0000,0.0898,-0.3457,0.9341,-0.0768,-0.3517,0.9330,0.0098,-0.3603,0.9328,-0.1444,0.0075,0.3024,Dark,
1.5213,5.2114,6.6497,0.0000,0.0000,0.0893,-0.3456,0.9341,-0.0773,-0.3517,0.9329,0.0093,-0.3603,0.9328,-0.1446,0.0075,0.3023,Dark,
1.5322,5.2114,6.6497,0.0000,0.0000,0.0888,-0.3458,0.9341,-0.0778,-0.3519,0.9328,0.0088,-0.3605,0.9327,-0.1447,0.0075,0.3022,Dark,
1.5433,5.2114,6.6497,0.0000,0.0000,0.0884,-0.3459,0.9341,-0.0783,-0.3521,0.9327,0.0083,-0.3607,0.9327,-0.1449,0.0075,0.3023,Dark,
1.5544,5.2114,6.6497,0.0000,0.0000,0.0879,-0.3460,0.9341,-0.0788,-0.3521,0.9326,0.0078,-0.3607,0.9326,-0.1450,0.0075,0.3022,Dark,
1.5655,5.2114,6.6497,0.0000,0.0000,0.0874,-0.3461,0.9341,-0.0792,-0.3523,0.9325,0.0074,-0.3608,0.9326,-0.1452,0.0075,0.3022,Dark,
1.5768,5.2114,6.6497,0.0000,0.0000,0.0870,-0.3461,0.9341,-0.0796,-0.3523,0.9325,0.0070,-0.3609,0.9326,-0.1454,0.0075,0.3023,Dark,
1.5879,5.2114,6.6497,0.0000,0.0000,0.0866,-0.3461,0.9342,-0.0800,-0.3523,0.9324,0.0066,-0.3609,0.9326,-0.1456,0.0074,0.3023,Dark,
1.5988,5.2114,6.6497,0.0000,0.0000,0.0861,-0.3462,0.9342,-0.0805,-0.3525,0.9323,0.0061,-0.3610,0.9325,-0.1458,0.0074,0.3024,Dark,
1.6101,5.2114,6.6497,0.0000,0.0000,0.0857,-0.3467,0.9340,-0.0809,-0.3530,0.9321,0.0057,-0.3615,0.9323,-0.1460,0.0073,0.3025,Dark,
1.6210,5.2114,6.6497,0.0000,0.0000,0.0853,-0.3474,0.9338,-0.0813,-0.3538,0.9318,0.0053,-0.3623,0.9321,-0.1461,0.0072,0.3026,Dark,
1.6324,5.2114,6.6497,0.0000,0.0000,0.0849,-0.3482,0.9336,-0.0817,-0.3545,0.9315,0.0049,-0.3630,0.9318,-0.1463,0.0071,0.3027,Dark,
1.6434,5.2114,6.6497,0.0000,0.0000,0.0846,-0.3489,0.9333,-0.0820,-0.3553,0.9311,0.0046,-0.3638,0.9315,-0.1465,0.0070,0.3027,Dark,
1.6573,5.2114,6.6497,0.0000,0.0000,0.0842,-0.3496,0.9331,-0.0824,-0.3560,0.9308,0.0042,-0.3644,0.9312,-0.1466,0.0069,0.3028,Dark,
1.6657,5.2114,6.6497,0.0000,0.0000,0.0837,-0.3498,0.9331,-0.0829,-0.3562,0.9307,0.0037,-0.3647,0.9311,-0.1467,0.0068,0.3029,Dark,
1.6769,5.2114,6.6497,0.0000,0.0000,0.0833,-0.3498,0.9331,-0.0833,-0.3563,0.9307,0.0033,-0.3647,0.9311,-0.1469,0.0068,0.3030,Dark,
1.6879,5.2114,6.6497,0.0000,0.0000,0.0829,-0.3499,0.9331,-0.0837,-0.3563,0.9306,0.0029,-0.3647,0.9311,-0.1470,0.0067,0.3030,Dark,
1.6991,5.2114,6.6497,0.0000,0.0000,0.0826,-0.3500,0.9331,-0.0840,-0.3564,0.9305,0.0026,-0.3648,0.9311,-0.1471,0.0067,0.3031,Dark,
1.7106,5.2114,6.6497,0.0000,0.0000,0.0825,-0.3501,0.9331,-0.0841,-0.3566,0.9305,0.0025,-0.3650,0.9310,-0.1472,0.0066,0.3032,Dark,
1.7214,5.2114,6.6497,0.0000,0.0000,0.0825,-0.3503,0.9330,-0.0841,-0.3569,0.9304,0.0025,-0.3653,0.9309,-0.1472,0.0066,0.3032,Dark,
1.7326,5.2114,6.6497,0.0000,0.0000,0.0827,-0.3506,0.9329,-0.0839,-0.3572,0.9303,0.0027,-0.3655,0.9308,-0.1472,0.0065,0.3032,Dark,
1.7439,5.2114,6.6497,0.0000,0.0000,0.0829,-0.3508,0.9328,-0.0837,-0.3575,0.9302,0.0029,-0.3658,0.9307,-0.1473,0.0064,0.3032,Dark,
1.7548,5.2114,6.6497,0.0000,0.0000,0.0832,-0.3512,0.9326,-0.0833,-0.3579,0.9300,0.0033,-0.3662,0.9305,-0.1472,0.0064,0.3032,Dark,
1.7661,5.2114,6.6497,0.0000,0.0000,0.0836,-0.3514,0.9325,-0.0830,-0.3581,0.9300,0.0036,-0.3664,0.9305,-0.1472,0.0063,0.3032,Dark,
1.7776,5.2569,6.6608,0.0000,0.0000,0.0756,-0.3449,0.9356,-0.0919,-0.3510,0.9319,-0.0049,-0.3596,0.9331,-0.1471,0.0063,0.3032,Dark,
1.7886,5.2615,6.6644,0.0000,0.0000,0.0729,-0.3448,0.9358,-0.0949,-0.3507,0.9317,-0.0077,-0.3595,0.9331,-0.1470,0.0062,0.3032,Dark,
1.7995,5.2639,6.6808,0.0000,0.0000,0.0713,-0.3435,0.9364,-0.0973,-0.3494,0.9319,-0.0098,-0.3583,0.9336,-0.1469,0.0062,0.3032,Dark,
1.8107,5.2800,6.6973,0.0000,0.0000,0.0675,-0.3402,0.9379,-0.1018,-0.3456,0.9328,-0.0139,-0.3548,0.9349,-0.1469,0.0062,0.3033,Dark,
1.8220,5.2825,6.6984,0.0000,0.0000,0.0705,-0.3410,0.9374,-0.0989,-0.3466,0.9328,-0.0110,-0.3557,0.9345,-0.1467,0.0062,0.3033,Dark,
1.8329,5.2978,6.6951,0.0000,0.0000,0.0649,-0.3373,0.9392,-0.1053,-0.3424,0.9336,-0.0170,-0.3518,0.9359,-0.1467,0.0063,0.3033,Dark,
1.8440,5.3013,6.6867,0.0000,0.0000,0.0633,-0.3362,0.9397,-0.1068,-0.3411,0.9339,-0.0186,-0.3506,0.9363,-0.1466,0.0063,0.3033,Dark,
1.8557,5.3003,6.7019,0.0000,0.0000,0.0613,-0.3350,0.9402,-0.1092,-0.3397,0.9342,-0.0208,-0.3493,0.9368,-0.1464,0.0063,0.3033,Dark,
1.8667,5.3062,6.7157,0.0000,0.0000,0.0596,-0.3339,0.9407,-0.1110,-0.3385,0.9344,-0.0226,-0.3482,0.9372,-0.1464,0.0064,0.3033,Dark,
1.8776,5.3204,6.7194,0.0000,0.0000,0.0575,-0.3328,0.9412,-0.1129,-0.3373,0.9346,-0.0246,-0.3470,0.9375,-0.1463,0.0064,0.3033,Dark,
1.8892,5.3265,6.7245,0.0000,0.0000,0.0569,-0.3325,0.9414,-0.1136,-0.3370,0.9346,-0.0253,-0.3467,0.9376,-0.1462,0.0064,0.3033,Dark,
1.8998,5.3311,6.7273,0.0000,0.0000,0.0552,-0.3315,0.9418,-0.1153,-0.3359,0.9348,-0.0270,-0.3457,0.9380,-0.1462,0.0065,0.3033,Dark,
1.9110,5.3310,6.7404,0.0000,0.0000,0.0554,-0.3328,0.9414,-0.1150,-0.3372,0.9344,-0.0267,-0.3470,0.9375,-0.1461,0.0065,0.3033,Dark,
1.9220,5.3298,6.7491,0.0000,0.0000,0.0532,-0.3312,0.9421,-0.1174,-0.3354,0.9347,-0.0291,-0.3453,0.9381,-0.1461,0.0065,0.3032,Dark,
1.9334,5.3268,6.7577,0.0000,0.0000,0.0537,-0.3323,0.9416,-0.1170,-0.3366,0.9343,-0.0286,-0.3465,0.9376,-0.1460,0.0065,0.3032,Dark,
1.9442,5.3411,6.7747,0.0000,0.0000,0.0523,-0.3321,0.9418,-0.1184,-0.3363,0.9343,-0.0300,-0.3462,0.9377,-0.1460,0.0065,0.3032,Dark,
1.9553,5.3435,6.7828,0.0000,0.0000,0.0519,-0.3317,0.9419,-0.1188,-0.3359,0.9344,-0.0304,-0.3458,0.9378,-0.1459,0.0065,0.3031,Dark,
1.9665,5.3452,6.7764,0.0000,0.0000,0.0516,-0.3314,0.9421,-0.1192,-0.3356,0.9344,-0.0308,-0.3455,0.9379,-0.1459,0.0065,0.3031,Dark,
1.9778,5.3482,6.7705,0.0000,0.0000,0.0512,-0.3312,0.9422,-0.1196,-0.3353,0.9345,-0.0312,-0.3453,0.9380,-0.1458,0.0065,0.3031,Dark,
1.9891,5.3482,6.7701,0.0000,0.0000,0.0505,-0.3308,0.9423,-0.1202,-0.3349,0.9345,-0.0318,-0.3449,0.9381,-0.1458,0.0066,0.3030,Dark,
2.0010,5.3470,6.7698,0.0000,0.0000,0.0492,-0.3302,0.9426,-0.1217,-0.3342,0.9346,-0.0332,-0.3442,0.9383,-0.1458,0.0066,0.3029,Dark,
2.0112,5.3531,6.7796,0.0000,0.0000,0.0492,-0.3299,0.9427,-0.1217,-0.3339,0.9347,-0.0332,-0.3440,0.9384,-0.1457,0.0067,0.3029,Dark,
2.0226,5.3620,6.7939,0.0000,0.0000,0.0482,-0.3296,0.9429,-0.1228,-0.3335,0.9347,-0.0343,-0.3436,0.9385,-0.1457,0.0068,0.3028,Dark,
2.0336,5.3730,6.7943,0.0000,0.0000,0.0482,-0.3291,0.9431,-0.1228,-0.3330,0.9349,-0.0343,-0.3431,0.9387,-0.1456,0.0068,0.3027,Dark,
2.0448,5.3843,6.7939,0.0000,0.0000,0.0480,-0.3287,0.9432,-0.1229,-0.3326,0.9350,-0.0344,-0.3427,0.9388,-0.1455,0.0069,0.3026,Dark,
2.0557,5.3961,6.8122,0.0000,0.0000,0.0481,-0.3280,0.9434,-0.1227,-0.3319,0.9353,-0.0343,-0.3420,0.9391,-0.1455,0.0069,0.3026,Dark,
2.0668,5.3980,6.8079,0.0000,0.0000,0.0478,-0.3279,0.9435,-0.1228,-0.3317,0.9354,-0.0344,-0.3418,0.9391,-0.1454,0.0070,0.3025,Dark,
2.0783,5.4004,6.8041,0.0000,0.0000,0.0477,-0.3274,0.9437,-0.1228,-0.3312,0.9355,-0.0346,-0.3413,0.9393,-0.1453,0.0070,0.3025,Dark,
2.0892,5.4082,6.7977,0.0000,0.0000,0.0479,-0.3264,0.9440,-0.1223,-0.3302,0.9360,-0.0342,-0.3403,0.9397,-0.1452,0.0071,0.3024,Dark,
2.1003,5.4143,6.7935,0.0000,0.0000,0.0481,-0.3263,0.9441,-0.1221,-0.3300,0.9361,-0.0340,-0.3401,0.9398,-0.1451,0.0072,0.3024,Dark,
2.1114,5.4272,6.7911,0.0000,0.0000,0.0481,-0.3254,0.9444,-0.1219,-0.3290,0.9364,-0.0339,-0.3392,0.9401,-0.1450,0.0072,0.3024,Dark,
2.1227,5.4449,6.8089,0.0000,0.0000,0.0481,-0.3248,0.9446,-0.1218,-0.3285,0.9366,-0.0339,-0.3386,0.9403,-0.1450,0.0073,0.3023,Dark,
2.1341,5.4573,6.8136,0.0000,0.0000,0.0483,-0.3240,0.9448,-0.1215,-0.3276,0.9370,-0.0336,-0.3378,0.9406,-0.1449,0.0073,0.3023,Dark,
2.1448,5.4650,6.8171,0.0000,0.0000,0.0483,-0.3236,0.9450,-0.1215,-0.3272,0.9371,-0.0336,-0.3373,0.9408,-0.1448,0.0074,0.3023,Dark,
2.1559,5.4733,6.8151,0.0000,0.0000,0.0486,-0.3230,0.9451,-0.1213,-0.3266,0.9373,-0.0334,-0.3368,0.9410,-0.1448,0.0074,0.3022,Dark,
2.1672,5.4652,6.8127,0.0000,0.0000,0.0487,-0.3225,0.9453,-0.1212,-0.3261,0.9376,-0.0332,-0.3362,0.9412,-0.1447,0.0075,0.3022,Dark,
2.1783,5.4650,6.8143,0.0000,0.0000,0.0486,-0.3221,0.9455,-0.1212,-0.3256,0.9377,-0.0333,-0.3358,0.9413,-0.1446,0.0075,0.3022,Dark,
2.1894,5.4642,6.8215,0.0000,0.0000,0.0486,-0.3213,0.9457,-0.1213,-0.3247,0.9380,-0.0334,-0.3350,0.9416,-0.1446,0.0076,0.3022,Dark,
2.2007,5.4586,6.8245,0.0000,0.0000,0.0483,-0.3208,0.9459,-0.1216,-0.3242,0.9381,-0.0336,-0.3345,0.9418,-0.1446,0.0077,0.3022,Dark,
2.2120,5.4712,6.8131,0.0000,0.0000,0.0480,-0.3202,0.9461,-0.1221,-0.3236,0.9383,-0.0340,-0.3339,0.9420,-0.1445,0.0077,0.3022,Dark,
2.2228,5.4807,6.8143,0.0000,0.0000,0.0476,-0.3201,0.9462,-0.1225,-0.3234,0.9383,-0.0344,-0.3338,0.9420,-0.1445,0.0077,0.3021,Dark,
2.2342,5.4885,6.8196,0.0000,0.0000,0.0475,-0.3199,0.9463,-0.1227,-0.3232,0.9384,-0.0346,-0.3335,0.9421,-0.1445,0.0077,0.3021,Dark,
2.2452,5.4962,6.8290,0.0000,0.0000,0.0473,-0.3194,0.9464,-0.1230,-0.3226,0.9385,-0.0348,-0.3330,0.9423,-0.1444,0.0077,0.3021,Dark,
2.2562,5.4969,6.8249,0.0000,0.0000,0.0473,-0.3191,0.9466,-0.1231,-0.3222,0.9386,-0.0349,-0.3327,0.9424,-0.1444,0.0078,0.3021,Dark,
2.2691,5.4987,6.8205,0.0000,0.0000,0.0471,-0.3188,0.9467,-0.1233,-0.3219,0.9387,-0.0351,-0.3324,0.9425,-0.1444,0.0078,0.3021,Dark,
2.2787,5.4919,6.8162,0.0000,0.0000,0.0471,-0.3184,0.9468,-0.1236,-0.3216,0.9388,-0.0352,-0.3320,0.9426,-0.1443,0.0079,0.3021,Dark,
2.2899,5.4856,6.8090,0.0000,0.0000,0.0471,-0.3181,0.9469,-0.1237,-0.3212,0.9389,-0.0353,-0.3317,0.9427,-0.1443,0.0080,0.3021,Dark,
2.3010,5.4810,6.8037,0.0000,0.0000,0.0473,-0.3180,0.9469,-0.1236,-0.3211,0.9389,-0.0352,-0.3316,0.9428,-0.1443,0.0080,0.3021,Dark,
2.3123,5.4775,6.8096,0.0000,0.0000,0.0473,-0.3178,0.9470,-0.1238,-0.3209,0.9390,-0.0353,-0.3314,0.9428,-0.1442,0.0080,0.3021,Dark,
2.3231,5.4786,6.8150,0.0000,0.0000,0.0475,-0.3178,0.9470,-0.1238,-0.3209,0.9390,-0.0351,-0.3314,0.9428,-0.1441,0.0080,0.3020,Dark,
2.3346,5.4656,6.8199,0.0000,0.0000,0.0476,-0.3180,0.9469,-0.1238,-0.3211,0.9389,-0.0351,-0.3316,0.9428,-0.1441,0.0081,0.3020,Dark,
2.3465,5.4575,6.8268,0.0000,0.0000,0.0470,-0.3186,0.9467,-0.1246,-0.3216,0.9387,-0.0358,-0.3322,0.9425,-0.1440,0.0081,0.3020,Dark,
2.3563,5.4610,6.8249,0.0000,0.0000,0.0466,-0.3192,0.9465,-0.1251,-0.3221,0.9384,-0.0363,-0.3328,0.9423,-0.1440,0.0081,0.3020,Dark,
2.3677,5.4645,6.8229,0.0000,0.0000,0.0470,-0.3188,0.9467,-0.1247,-0.3217,0.9386,-0.0359,-0.3324,0.9425,-0.1439,0.0082,0.3019,Dark,
2.3788,5.4712,6.8163,0.0000,0.0000,0.0465,-0.3193,0.9465,-0.1253,-0.3223,0.9383,-0.0364,-0.3329,0.9423,-0.1439,0.0082,0.3019,Dark,
2.3897,5.4756,6.8114,0.0000,0.0000,0.0458,-0.3199,0.9464,-0.1261,-0.3228,0.9380,-0.0372,-0.3335,0.9420,-0.1439,0.0083,0.3019,Dark,
2.4008,5.4719,6.8123,0.0000,0.0000,0.0460,-0.3194,0.9465,-0.1259,-0.3224,0.9382,-0.0370,-0.3330,0.9422,-0.1438,0.0083,0.3019,Dark,
2.4132,5.4826,6.8130,0.0000,0.0000,0.0450,-0.3202,0.9463,-0.1272,-0.3231,0.9378,-0.0381,-0.3338,0.9419,-0.1438,0.0083,0.3019,Dark,
2.4231,5.4944,6.8138,0.0000,0.0000,0.0449,-0.3200,0.9463,-0.1274,-0.3229,0.9378,-0.0383,-0.3336,0.9419,-0.1438,0.0084,0.3019,Dark,
2.4342,5.4939,6.8141,0.0000,0.0000,0.0445,-0.3202,0.9463,-0.1281,-0.3231,0.9376,-0.0388,-0.3339,0.9418,-0.1438,0.0084,0.3019,Dark,
2.4459,5.4934,6.8149,0.0000,0.0000,0.0442,-0.3203,0.9463,-0.1287,-0.3233,0.9375,-0.0392,-0.3340,0.9418,-0.1438,0.0085,0.3019,Dark,
2.4568,5.4946,6.8183,0.0000,0.0000,0.0434,-0.3212,0.9460,-0.1301,-0.3240,0.9371,-0.0403,-0.3348,0.9414,-0.1438,0.0085,0.3019,Dark,
2.4677,5.4940,6.8143,0.0000,0.0000,0.0430,-0.3214,0.9460,-0.1308,-0.3242,0.9369,-0.0409,-0.3351,0.9413,-0.1439,0.0085,0.3020,Dark,
2.4790,5.4981,6.8108,0.0000,0.0000,0.0424,-0.3218,0.9459,-0.1316,-0.3246,0.9367,-0.0416,-0.3355,0.9411,-0.1439,0.0085,0.3020,Dark,
2.4900,5.5103,6.8502,0.0000,0.0000,0.0417,-0.3223,0.9457,-0.1327,-0.3251,0.9363,-0.0425,-0.3360,0.9409,-0.1439,0.0085,0.3020,Dark,
2.5012,5.5159,6.8647,0.0000,0.0000,0.0414,-0.3229,0.9455,-0.1332,-0.3257,0.9360,-0.0429,-0.3367,0.9406,-0.1440,0.0085,0.3020,Dark,
2.5123,5.5199,6.8672,0.0000,0.0000,0.0411,-0.3234,0.9454,-0.1335,-0.3262,0.9358,-0.0432,-0.3371,0.9405,-0.1440,0.0085,0.3020,Dark,
2.5233,5.5351,6.8553,0.0000,0.0000,0.0415,-0.3242,0.9451,-0.1330,-0.3270,0.9356,-0.0427,-0.3379,0.9402,-0.1440,0.0084,0.3020,Dark,
2.5345,5.5439,6.8418,0.0000,0.0000,0.0408,-0.3245,0.9450,-0.1337,-0.3273,0.9354,-0.0435,-0.3382,0.9401,-0.1440,0.0084,0.3020,Dark,
2.5458,5.5503,6.8352,0.0000,0.0000,0.0409,-0.3248,0.9449,-0.1334,-0.3276,0.9353,-0.0433,-0.3385,0.9400,-0.1440,0.0084,0.3021,Dark,
2.5568,5.5584,6.8331,0.0000,0.0000,0.0413,-0.3255,0.9446,-0.1326,-0.3283,0.9352,-0.0427,-0.3392,0.9398,-0.1440,0.0084,0.3021,Dark,
2.5680,5.5556,6.8356,0.0000,0.0000,0.0416,-0.3258,0.9445,-0.1322,-0.3287,0.9352,-0.0423,-0.3395,0.9397,-0.1441,0.0083,0.3021,Dark,
2.5792,5.5617,6.8609,0.0000,0.0000,0.0422,-0.3263,0.9443,-0.1312,-0.3292,0.9351,-0.0415,-0.3400,0.9395,-0.1441,0.0083,0.3021,Dark,
2.5904,5.5700,6.8628,0.0000,0.0000,0.0425,-0.3266,0.9442,-0.1308,-0.3296,0.9350,-0.0411,-0.3403,0.9394,-0.1441,0.0083,0.3021,Dark,
2.6014,5.5782,6.8635,0.0000,0.0000,0.0429,-0.3269,0.9441,-0.1304,-0.3300,0.9350,-0.0408,-0.3406,0.9393,-0.1441,0.0083,0.3021,Dark,
2.6129,5.5976,6.8760,0.0000,0.0000,0.0434,-0.3268,0.9441,-0.1297,-0.3299,0.9350,-0.0401,-0.3406,0.9394,-0.1441,0.0083,0.3021,Dark,
2.6237,5.6068,6.8770,0.0000,0.0000,0.0435,-0.3268,0.9441,-0.1297,-0.3300,0.9350,-0.0401,-0.3406,0.9393,-0.1441,0.0083,0.3021,Dark,
2.6348,5.6181,6.8781,0.0000,0.0000,0.0438,-0.3267,0.9441,-0.1296,-0.3299,0.9351,-0.0399,-0.3405,0.9394,-0.1442,0.0084,0.3021,Dark,
2.6461,5.6389,6.8847,0.0000,0.0000,0.0444,-0.3262,0.9443,-0.1291,-0.3294,0.9353,-0.0393,-0.3400,0.9396,-0.1442,0.0084,0.3021,Dark,
2.6574,5.6476,6.9017,0.0000,0.0000,0.0443,-0.3259,0.9444,-0.1293,-0.3291,0.9354,-0.0395,-0.3398,0.9397,-0.1443,0.0084,0.3022,Dark,
2.6683,5.6439,6.9159,0.0000,0.0000,0.0442,-0.3257,0.9444,-0.1294,-0.3290,0.9354,-0.0395,-0.3396,0.9397,-0.1444,0.0085,0.3022,Dark,
2.6803,5.6411,6.9429,0.0000,0.0000,0.0444,-0.3258,0.9444,-0.1293,-0.3291,0.9354,-0.0394,-0.3397,0.9397,-0.1445,0.0085,0.3022,Dark,
2.6906,5.6421,6.9508,0.0000,0.0000,0.0440,-0.3259,0.9444,-0.1296,-0.3291,0.9353,-0.0398,-0.3398,0.9397,-0.1446,0.0086,0.3022,Dark,
2.7017,5.6495,6.9555,0.0000,0.0000,0.0439,-0.3258,0.9444,-0.1297,-0.3290,0.9354,-0.0398,-0.3396,0.9397,-0.1447,0.0087,0.3022,Dark,
2.7135,5.6576,6.9671,0.0000,0.0000,0.0444,-0.3255,0.9445,-0.1290,-0.3288,0.9355,-0.0393,-0.3394,0.9398,-0.1449,0.0087,0.3022,Dark,
2.7240,5.6575,6.9757,0.0000,0.0000,0.0440,-0.3257,0.9445,-0.1293,-0.3290,0.9355,-0.0396,-0.3395,0.9398,-0.1450,0.0088,0.3022,Dark,
2.7351,5.6704,6.9826,0.0000,0.0000,0.0441,-0.3251,0.9447,-0.1291,-0.3283,0.9357,-0.0394,-0.3389,0.9400,-0.1452,0.0089,0.3022,Dark,
2.7471,5.6885,6.9674,0.0000,0.0000,0.0444,-0.3249,0.9447,-0.1284,-0.3283,0.9358,-0.0390,-0.3388,0.9401,-0.1454,0.0089,0.3022,Dark,
2.7575,5.6949,6.9681,0.0000,0.0000,0.0440,-0.3242,0.9450,-0.1287,-0.3276,0.9360,-0.0393,-0.3381,0.9403,-0.1456,0.0090,0.3022,Dark,
2.7687,5.6992,6.9688,0.0000,0.0000,0.0441,-0.3237,0.9451,-0.1285,-0.3272,0.9362,-0.0391,-0.3376,0.9405,-0.1458,0.0091,0.3023,Dark,
2.7797,5.6957,6.9382,0.0000,0.0000,0.0445,-0.3215,0.9459,-0.1277,-0.3251,0.9370,-0.0386,-0.3355,0.9413,-0.1459,0.0091,0.3023,Dark,
2.7908,5.6912,6.9149,0.0000,0.0000,0.0451,-0.3149,0.9481,-0.1274,-0.3185,0.9393,-0.0381,-0.3289,0.9436,-0.1462,0.0092,0.3023,Dark,
2.8019,5.6843,6.8956,0.0000,0.0000,0.0436,-0.3098,0.9498,-0.1281,-0.3133,0.9410,-0.0392,-0.3237,0.9454,-0.1464,0.0092,0.3023,Dark,
2.8131,5.6773,6.9071,0.0000,0.0000,0.0416,-0.3001,0.9530,-0.1298,-0.3033,0.9440,-0.0411,-0.3138,0.9486,-0.1466,0.0092,0.3023,Dark,
2.8247,5.6767,6.9111,0.0000,0.0000,0.0407,-0.2965,0.9542,-0.1304,-0.2997,0.9451,-0.0419,-0.3102,0.9498,-0.1468,0.0092,0.3023,Dark,
2.8352,5.6784,6.9148,0.0000,0.0000,0.0394,-0.2933,0.9552,-0.1313,-0.2965,0.9460,-0.0429,-0.3069,0.9508,-0.1471,0.0092,0.3023,Dark,
2.8466,5.6820,6.9222,0.0000,0.0000,0.0371,-0.2890,0.9566,-0.1337,-0.2922,0.9470,-0.0453,-0.3027,0.9520,-0.1472,0.0091,0.3023,Dark,
2.8578,5.6834,6.9434,0.0000,0.0000,0.0356,-0.2878,0.9570,-0.1354,-0.2910,0.9471,-0.0469,-0.3015,0.9523,-0.1475,0.0091,0.3024,Dark,
2.8690,5.6835,6.9616,0.0000,0.0000,0.0344,-0.2858,0.9577,-0.1369,-0.2890,0.9475,-0.0482,-0.2995,0.9529,-0.1477,0.0091,0.3024,Dark,
2.8800,5.6865,7.0090,0.0000,0.0000,0.0330,-0.2832,0.9585,-0.1391,-0.2864,0.9480,-0.0501,-0.2970,0.9536,-0.1479,0.0091,0.3023,Dark,
2.8913,5.6892,6.9942,0.0000,0.0000,0.0320,-0.2827,0.9587,-0.1404,-0.2859,0.9479,-0.0512,-0.2965,0.9536,-0.1481,0.0092,0.3023,Dark,
2.9021,5.6961,6.9789,0.0000,0.0000,0.0309,-0.2812,0.9592,-0.1418,-0.2844,0.9482,-0.0524,-0.2950,0.9541,-0.1483,0.0092,0.3023,Dark,
2.9134,5.7038,6.9888,0.0000,0.0000,0.0296,-0.2806,0.9594,-0.1433,-0.2838,0.9481,-0.0538,-0.2944,0.9542,-0.1484,0.0092,0.3024,Dark,
2.9245,5.7048,6.9901,0.0000,0.0000,0.0289,-0.2811,0.9593,-0.1440,-0.2844,0.9478,-0.0545,-0.2950,0.9540,-0.1486,0.0093,0.3024,Dark,
2.9355,5.7105,6.9934,0.0000,0.0000,0.0278,-0.2799,0.9596,-0.1452,-0.2832,0.9480,-0.0557,-0.2938,0.9543,-0.1487,0.0093,0.3024,Dark,
2.9467,5.7194,7.0098,0.0000,0.0000,0.0274,-0.2796,0.9597,-0.1454,-0.2830,0.9480,-0.0560,-0.2935,0.9543,-0.1488,0.0093,0.3024,Dark,
2.9580,5.7230,7.0127,0.0000,0.0000,0.0273,-0.2797,0.9597,-0.1452,-0.2832,0.9480,-0.0559,-0.2936,0.9543,-0.1488,0.0094,0.3025,Dark,
2.9690,5.7307,7.0152,0.0000,0.0000,0.0269,-0.2792,0.9599,-0.1454,-0.2828,0.9481,-0.0562,-0.2932,0.9544,-0.1489,0.0094,0.3025,Dark,
2.9800,5.7495,7.0345,0.0000,0.0000,0.0270,-0.2789,0.9599,-0.1446,-0.2826,0.9483,-0.0558,-0.2929,0.9545,-0.1489,0.0094,0.3024,Dark,
2.9918,5.7601,7.0381,0.0000,0.0000,0.0273,-0.2785,0.9600,-0.1440,-0.2823,0.9485,-0.0553,-0.2925,0.9547,-0.1489,0.0094,0.3024,Dark,
3.0025,5.7624,7.0405,0.0000,0.0000,0.0275,-0.2778,0.9602,-0.1435,-0.2817,0.9487,-0.0550,-0.2919,0.9549,-0.1488,0.0095,0.3024,Dark,
3.0137,5.7665,7.0486,0.0000,0.0000,0.0273,-0.2770,0.9605,-0.1432,-0.2809,0.9490,-0.0550,-0.2910,0.9551,-0.1487,0.0095,0.3024,Dark,
3.0251,5.7686,7.0501,0.0000,0.0000,0.0276,-0.2760,0.9608,-0.1428,-0.2801,0.9493,-0.0546,-0.2901,0.9554,-0.1487,0.0096,0.3024,Dark,
3.0358,5.7551,7.0595,0.0000,0.0000,0.0258,-0.2728,0.9617,-0.1443,-0.2769,0.9500,-0.0562,-0.2869,0.9563,-0.1486,0.0098,0.3024,Dark,
3.0469,5.7189,7.0465,0.0000,0.0000,0.0246,-0.2472,0.9686,-0.1446,-0.2508,0.9572,-0.0570,-0.2610,0.9637,-0.1485,0.0099,0.3023,Dark,
3.0589,5.6981,7.0407,0.0000,0.0000,0.0251,-0.2592,0.9655,-0.1435,-0.2632,0.9540,-0.0562,-0.2731,0.9603,-0.1484,0.0101,0.3023,Dark,
3.0694,5.6329,7.0184,0.0000,0.0000,0.0246,-0.2329,0.9722,-0.1378,-0.2364,0.9618,-0.0537,-0.2461,0.9678,-0.1482,0.0102,0.3023,Dark,
3.0804,5.5920,6.9747,0.0000,0.0000,0.0230,-0.1909,0.9813,-0.1352,-0.1936,0.9717,-0.0533,-0.2034,0.9777,-0.1481,0.0104,0.3022,Dark,
3.0915,5.5610,6.9408,0.0000,0.0000,0.0210,-0.2124,0.9769,-0.1337,-0.2156,0.9673,-0.0536,-0.2249,0.9729,-0.1479,0.0106,0.3022,Dark,
3.1028,5.5445,6.8980,0.0000,0.0000,0.0167,-0.1707,0.9852,-0.1346,-0.1729,0.9757,-0.0564,-0.1824,0.9816,-0.1477,0.0109,0.3021,Dark,
3.1139,5.4991,6.7740,0.0000,0.0000,-0.0030,-0.1407,0.9901,-0.1484,-0.1419,0.9787,-0.0734,-0.1514,0.9857,-0.1476,0.0111,0.3020,Dark,
3.1252,5.4719,6.5819,0.0000,0.0000,-0.0062,-0.1108,0.9938,-0.1440,-0.1116,0.9833,-0.0730,-0.1207,0.9900,-0.1474,0.0115,0.3020,Dark,
3.1361,5.4827,6.4302,0.0000,0.0000,-0.0081,-0.1095,0.9940,-0.1401,-0.1102,0.9840,-0.0720,-0.1189,0.9903,-0.1471,0.0118,0.3019,Dark,
3.1473,5.2455,6.0188,0.0000,0.0000,-0.0103,-0.0550,0.9984,-0.1244,-0.0550,0.9907,-0.0656,-0.0628,0.9959,-0.1470,0.0122,0.3018,Dark,
3.1584,5.0412,5.5589,0.0000,0.0000,0.0303,0.0149,0.9994,-0.0811,0.0160,0.9966,-0.0235,0.0080,0.9997,-0.1468,0.0125,0.3017,Dark,
3.1696,5.4722,5.1991,0.0000,0.0000,0.0594,0.0642,0.9962,-0.0494,0.0664,0.9966,0.0071,0.0581,0.9983,-0.1465,0.0129,0.3016,Dark,
3.1806,5.4722,6.9121,0.0000,0.0000,0.0592,0.0665,0.9960,-0.0496,0.0687,0.9964,0.0068,0.0605,0.9981,-0.1464,0.0132,0.3014,Dark,
3.1918,5.4722,6.9121,0.0000,0.0000,0.0588,0.0690,0.9959,-0.0500,0.0711,0.9962,0.0065,0.0629,0.9980,-0.1461,0.0136,0.3013,Dark,
3.2033,5.4722,6.9121,0.1770,0.0000,0.0582,0.0715,0.9957,-0.0506,0.0735,0.9960,0.0058,0.0654,0.9978,-0.1458,0.0139,0.3012,Dark,
3.2143,5.4722,6.9121,0.3186,0.2000,0.0575,0.0740,0.9956,-0.0513,0.0761,0.9958,0.0051,0.0679,0.9977,-0.1458,0.0142,0.3010,Dark,
3.2255,5.4722,6.9121,0.2875,0.3600,0.0569,0.0768,0.9954,-0.0519,0.0789,0.9955,0.0046,0.0708,0.9975,-0.1455,0.0146,0.3009,Dark,
3.2366,5.4722,6.9121,0.2101,0.3600,0.0567,0.0794,0.9952,-0.0522,0.0815,0.9953,0.0043,0.0734,0.9973,-0.1452,0.0150,0.3007,Dark,
3.2475,5.4722,6.9121,0.1680,0.3600,0.0567,0.0818,0.9950,-0.0521,0.0840,0.9951,0.0044,0.0758,0.9971,-0.1449,0.0155,0.3005,Dark,
3.2591,5.4722,6.9121,0.1680,0.3600,0.0655,0.1044,0.9924,-0.0423,0.1073,0.9933,0.0137,0.0988,0.9950,-0.1446,0.0160,0.3002,Dark,
3.2698,5.4722,6.9121,0.1680,0.2880,0.0650,0.1028,0.9926,-0.0429,0.1058,0.9935,0.0131,0.0973,0.9952,-0.1444,0.0164,0.2999,Dark,
3.2810,5.0333,6.9121,0.1680,0.1843,0.0391,0.1114,0.9930,-0.0699,0.1143,0.9910,-0.0135,0.1059,0.9943,-0.1442,0.0170,0.2995,Dark,
3.2923,5.0200,5.2463,0.1344,0.1475,0.0248,0.1125,0.9933,-0.0847,0.1153,0.9897,-0.0281,0.1069,0.9939,-0.1439,0.0176,0.2992,Dark,
3.3049,5.0215,5.4813,0.0860,0.0944,0.0329,0.1152,0.9928,-0.0764,0.1181,0.9901,-0.0199,0.1097,0.9938,-0.1437,0.0183,0.2988,Dark,
3.3144,5.0757,5.6748,0.0688,0.0755,0.0018,0.1106,0.9939,-0.1089,0.1129,0.9876,-0.0519,0.1047,0.9932,-0.1435,0.0191,0.2984,Dark,
3.3263,5.1302,5.8859,0.0551,0.0604,-0.0052,0.1133,0.9936,-0.1162,0.1154,0.9865,-0.0590,0.1072,0.9925,-0.1434,0.0199,0.2981,Dark,
3.3368,5.1772,6.0408,0.0441,0.0483,-0.0111,0.1169,0.9931,-0.1224,0.1189,0.9853,-0.0652,0.1108,0.9917,-0.1432,0.0208,0.2979,Dark,
3.3481,5.2274,6.1703,0.0282,0.0309,-0.0201,0.1222,0.9923,-0.1316,0.1239,0.9835,-0.0744,0.1160,0.9905,-0.1432,0.0217,0.2975,Dark,
3.3588,5.2314,6.2362,0.0226,0.0247,-0.0230,0.1314,0.9911,-0.1345,0.1332,0.9819,-0.0773,0.1252,0.9891,-0.1431,0.0227,0.2973,Dark,
3.3702,5.2290,6.2869,0.0180,0.0198,-0.0337,0.1376,0.9899,-0.1454,0.1391,0.9795,-0.0881,0.1313,0.9874,-0.1431,0.0238,0.2970,Dark,
3.3813,5.2524,6.3943,0.0115,0.0127,-0.0295,0.1523,0.9879,-0.1410,0.1539,0.9780,-0.0838,0.1461,0.9857,-0.1431,0.0250,0.2968,Dark,
3.3923,5.2767,6.4268,0.0092,0.0101,-0.0419,0.1576,0.9866,-0.1537,0.1589,0.9753,-0.0964,0.1513,0.9838,-0.1431,0.0263,0.2966,Dark,
3.4036,5.2984,6.4878,0.0074,0.0081,-0.0552,0.1669,0.9844,-0.1436,0.1679,0.9753,-0.0984,0.1618,0.9819,-0.1431,0.0277,0.2964,Dark,
3.4146,5.2960,6.2711,0.0059,0.0065,-0.0557,0.1798,0.9821,-0.1206,0.1807,0.9761,-0.0874,0.1762,0.9805,-0.1431,0.0291,0.2961,Dark,
3.4258,5.2871,6.1820,0.0047,0.0052,-0.0705,0.1888,0.9795,-0.1290,0.1894,0.9734,-0.0991,0.1854,0.9776,-0.1432,0.0306,0.2959,Dark,
3.4371,5.2764,5.8470,0.0038,0.0042,-0.0700,0.2023,0.9768,-0.1235,0.2029,0.9714,-0.0961,0.1992,0.9752,-0.1432,0.0323,0.2957,Dark,
3.4481,4.6390,6.9121,0.0030,0.0033,-0.0742,0.2282,0.9708,-0.1277,0.2288,0.9651,-0.1004,0.2252,0.9691,-0.1432,0.0342,0.2954,Dark,
3.4592,4.1733,6.9121,0.0024,0.0033,-0.0972,0.2694,0.9581,-0.1502,0.2698,0.9511,-0.1232,0.2664,0.9560,-0.1432,0.0362,0.2950,Dark,
3.4705,3.8008,6.9121,0.0019,0.0027,-0.1261,0.3126,0.9415,-0.1785,0.3125,0.9330,-0.1519,0.3095,0.9387,-0.1433,0.0381,0.2947,Dark,
3.4816,4.3299,6.9121,0.0012,0.0021,-0.1579,0.3389,0.9275,-0.2099,0.3383,0.9173,-0.1835,0.3356,0.9240,-0.1433,0.0401,0.2942,Dark,
3.4926,4.6758,6.9121,0.0010,0.0021,-0.1625,0.3558,0.9203,-0.2145,0.3550,0.9099,-0.1881,0.3524,0.9167,-0.1433,0.0421,0.2936,Dark,
3.5039,4.9614,6.9121,0.0008,0.0017,-0.1536,0.3590,0.9206,-0.2059,0.3583,0.9106,-0.1794,0.3557,0.9172,-0.1433,0.0443,0.2930,Dark,
3.5150,5.3260,5.9793,0.0005,0.0011,-0.1426,0.3583,0.9227,-0.1953,0.3577,0.9132,-0.1685,0.3550,0.9196,-0.1433,0.0465,0.2922,Dark,
3.5261,5.3744,6.1190,0.0004,0.0009,-0.1419,0.3693,0.9184,-0.1947,0.3686,0.9090,-0.1679,0.3659,0.9154,-0.1433,0.0488,0.2914,Dark,
3.5374,5.4066,6.2519,0.0003,0.0007,-0.1390,0.3745,0.9167,-0.1884,0.3739,0.9081,-0.1633,0.3714,0.9140,-0.1432,0.0510,0.2907,Dark,
3.5484,5.4632,6.5134,0.0002,0.0004,-0.1369,0.3755,0.9167,-0.1823,0.3749,0.9090,-0.1593,0.3726,0.9142,-0.1432,0.0532,0.2897,Dark,
3.5595,5.4966,6.6317,0.0002,0.0004,-0.1343,0.3859,0.9127,-0.1798,0.3853,0.9051,-0.1567,0.3830,0.9104,-0.1432,0.0554,0.2889,Dark,
3.5707,5.5213,6.7022,0.0001,0.0003,-0.1305,0.3976,0.9082,-0.1768,0.3970,0.9006,-0.1533,0.3947,0.9060,-0.1431,0.0577,0.2879,Dark,
3.5819,5.5776,6.8284,0.0001,0.0002,-0.1263,0.4050,0.9055,-0.1755,0.4044,0.8976,-0.1505,0.4019,0.9032,-0.1431,0.0601,0.2869,Dark,
3.5929,5.6134,6.8779,0.0001,0.0001,-0.1238,0.4173,0.9003,-0.1750,0.4165,0.8921,-0.1490,0.4140,0.8980,-0.1431,0.0625,0.2856,Dark,
3.6040,5.6406,6.8972,0.0001,0.0001,-0.1209,0.4300,0.8947,-0.1742,0.4292,0.8863,-0.1471,0.4266,0.8924,-0.1430,0.0646,0.2845,Dark,
3.6151,5.6956,6.9222,0.0000,0.0001,-0.1163,0.4373,0.8918,-0.1747,0.4364,0.8826,-0.1451,0.4336,0.8894,-0.1430,0.0667,0.2832,Dark,
3.6262,5.7296,6.9313,0.0000,0.0001,-0.1132,0.4474,0.8871,-0.1746,0.4464,0.8776,-0.1434,0.4435,0.8847,-0.1429,0.0688,0.2819,Dark,
3.6375,5.7749,6.9725,0.0000,0.0000,-0.1094,0.4535,0.8845,-0.1772,0.4523,0.8741,-0.1428,0.4492,0.8820,-0.1429,0.0709,0.2806,Dark,
3.6485,5.7891,7.0085,0.0000,0.0000,-0.1067,0.4640,0.8794,-0.1778,0.4627,0.8685,-0.1417,0.4594,0.8768,-0.1428,0.0729,0.2790,Dark,
3.6596,5.8232,7.0362,0.0000,0.0000,-0.1038,0.4740,0.8744,-0.1784,0.4726,0.8631,-0.1405,0.4693,0.8718,-0.1426,0.0749,0.2776,Dark,
3.6708,5.8565,7.0842,0.0000,0.0000,-0.0997,0.4786,0.8724,-0.1813,0.4768,0.8601,-0.1399,0.4733,0.8697,-0.1425,0.0768,0.2762,Dark,
3.6822,5.8607,7.0788,0.0000,0.0000,-0.0974,0.4889,0.8669,-0.1825,0.4870,0.8541,-0.1393,0.4834,0.8642,-0.1424,0.0787,0.2745,Dark,
3.6932,5.8453,7.0716,0.0000,0.0000,-0.0955,0.4973,0.8623,-0.1839,0.4951,0.8492,-0.1390,0.4916,0.8597,-0.1423,0.0805,0.2730,Dark,
3.7043,5.8100,7.0039,0.0000,0.0000,-0.0942,0.4986,0.8617,-0.1884,0.4960,0.8476,-0.1406,0.4924,0.8589,-0.1422,0.0823,0.2714,Dark,
3.7154,5.7952,6.9796,0.0000,0.0000,-0.0936,0.5108,0.8546,-0.1900,0.5079,0.8402,-0.1411,0.5044,0.8519,-0.1421,0.0840,0.2698,Dark,
3.7265,5.7675,6.9628,0.0000,0.0000,-0.0923,0.5211,0.8485,-0.1902,0.5180,0.8339,-0.1405,0.5146,0.8458,-0.1421,0.0857,0.2680,Dark,
3.7376,5.7461,6.9054,0.0000,0.0000,-0.0923,0.5345,0.8401,-0.1928,0.5311,0.8251,-0.1418,0.5278,0.8374,-0.1420,0.0873,0.2663,Dark,
3.7489,5.7473,6.9238,0.0000,0.0000,-0.0912,0.5494,0.8305,-0.1927,0.5459,0.8154,-0.1412,0.5427,0.8280,-0.1419,0.0887,0.2647,Dark,
3.7599,5.7626,6.9405,0.0000,0.0000,-0.0902,0.5585,0.8246,-0.1928,0.5548,0.8093,-0.1408,0.5517,0.8221,-0.1419,0.0901,0.2629,Dark,
3.7710,5.7988,6.9443,0.0000,0.0000,-0.0806,0.5784,0.8118,-0.1850,0.5750,0.7970,-0.1320,0.5718,0.8097,-0.1418,0.0914,0.2612,Dark,
3.7824,5.8152,6.9468,0.0000,0.0000,-0.0839,0.5805,0.8099,-0.1893,0.5767,0.7947,-0.1358,0.5737,0.8078,-0.1417,0.0927,0.2594,Dark,
3.7934,5.8526,6.9996,0.0000,0.0000,-0.0755,0.5980,0.7979,-0.1833,0.5945,0.7829,-0.1286,0.5913,0.7961,-0.1416,0.0940,0.2575,Dark,
3.8045,5.8695,7.0458,0.0000,0.0000,-0.0619,0.6151,0.7860,-0.1709,0.6123,0.7719,-0.1155,0.6089,0.7848,-0.1415,0.0952,0.2557,Dark,
3.8157,5.8820,7.0843,0.0000,0.0000,-0.0652,0.6230,0.7795,-0.1756,0.6198,0.7649,-0.1195,0.6166,0.7782,-0.1413,0.0963,0.2539,Dark,
3.8268,5.9206,7.1739,0.0000,0.0000,-0.0526,0.6346,0.7711,-0.1649,0.6321,0.7572,-0.1078,0.6285,0.7703,-0.1412,0.0974,0.2521,Dark,
3.8379,5.9368,7.1992,0.0000,0.0000,-0.0514,0.6420,0.7650,-0.1648,0.6394,0.7510,-0.1072,0.6359,0.7643,-0.1411,0.0985,0.2503,Dark,
3.8492,5.9488,7.2533,0.0000,0.0000,-0.0502,0.6491,0.7590,-0.1646,0.6465,0.7450,-0.1065,0.6431,0.7584,-0.1410,0.0996,0.2485,Dark,
3.8602,5.9838,7.3229,0.0000,0.0000,-0.0484,0.6531,0.7557,-0.1650,0.6503,0.7415,-0.1058,0.6469,0.7552,-0.1409,0.1005,0.2467,Dark,
3.8712,6.0129,7.3428,0.0000,0.0000,-0.0470,0.6590,0.7506,-0.1649,0.6562,0.7363,-0.1050,0.6528,0.7502,-0.1408,0.1014,0.2449,Dark,
3.8826,6.0359,7.3560,0.0000,0.0000,-0.0410,0.6705,0.7408,-0.1599,0.6680,0.7268,-0.0994,0.6645,0.7406,-0.1407,0.1022,0.2432,Dark,
3.8937,6.0481,7.3750,0.0000,0.0000,-0.0403,0.6724,0.7391,-0.1621,0.6697,0.7247,-0.1001,0.6663,0.7389,-0.1406,0.1030,0.2415,Dark,
3.9048,6.0484,7.3924,0.0000,0.0000,-0.0432,0.6711,0.7401,-0.1669,0.6679,0.7253,-0.1040,0.6647,0.7399,-0.1405,0.1037,0.2398,Dark,
3.9160,6.0470,7.4063,0.0000,0.0000,-0.0389,0.6802,0.7320,-0.1640,0.6772,0.7173,-0.1004,0.6739,0.7320,-0.1405,0.1044,0.2381,Dark,
3.9270,5.9999,7.3389,0.0000,0.0000,-0.0323,0.6745,0.7376,-0.1597,0.6719,0.7233,-0.0949,0.6682,0.7379,-0.1404,0.1050,0.2365,Dark,
3.9381,5.9632,7.3119,0.0000,0.0000,-0.0226,0.6798,0.7331,-0.1508,0.6779,0.7195,-0.0856,0.6739,0.7338,-0.1403,0.1056,0.2349,Dark,
3.9494,5.9340,7.2906,0.0000,0.0000,-0.0295,0.6840,0.7289,-0.1588,0.6814,0.7145,-0.0930,0.6778,0.7293,-0.1403,0.1062,0.2333,Dark,
3.9604,5.9036,7.2736,0.0000,0.0000,-0.0154,0.6889,0.7247,-0.1443,0.6876,0.7116,-0.0786,0.6834,0.7258,-0.1401,0.1066,0.2319,Dark,
3.9716,5.9073,7.2895,0.0000,0.0000,-0.0103,0.7013,0.7127,-0.1388,0.7007,0.6999,-0.0733,0.6963,0.7140,-0.1401,0.1071,0.2305,Dark,
3.9828,5.9125,7.3027,0.0000,0.0000,-0.0103,0.6983,0.7157,-0.1389,0.6976,0.7029,-0.0734,0.6932,0.7170,-0.1399,0.1074,0.2292,Dark,
3.9939,5.9341,7.3152,0.0000,0.0000,-0.0051,0.7054,0.7087,-0.1334,0.7053,0.6962,-0.0680,0.7007,0.7102,-0.1398,0.1078,0.2279,Dark,
4.0050,5.9371,7.3366,0.0000,0.0000,-0.0042,0.7135,0.7006,-0.1320,0.7136,0.6880,-0.0668,0.7090,0.7021,-0.1398,0.1081,0.2267,Dark,
4.0162,5.9378,7.3530,0.0000,0.0000,-0.0013,0.7135,0.7007,-0.1289,0.7138,0.6884,-0.0638,0.7091,0.7023,-0.1396,0.1084,0.2256,Dark,
4.0273,5.9402,7.3800,0.0000,0.0000,0.0016,0.7173,0.6968,-0.1254,0.7179,0.6847,-0.0606,0.7131,0.6984,-0.1395,0.1086,0.2247,Dark,
4.0383,5.9422,7.4011,0.0000,0.0000,0.0012,0.7192,0.6948,-0.1255,0.7199,0.6827,-0.0609,0.7150,0.6964,-0.1395,0.1088,0.2237,Dark,
4.0498,5.9501,7.4163,0.0000,0.0000,0.0029,0.7211,0.6929,-0.1236,0.7219,0.6808,-0.0591,0.7170,0.6945,-0.1393,0.1091,0.2229,Dark,
4.0607,5.9677,7.4310,0.0000,0.0000,0.0023,0.7214,0.6925,-0.1239,0.7223,0.6804,-0.0595,0.7174,0.6941,-0.1393,0.1093,0.2222,Dark,
4.0718,5.9759,7.4396,0.0000,0.0000,0.0028,0.7227,0.6911,-0.1233,0.7237,0.6790,-0.0590,0.7188,0.6928,-0.1393,0.1095,0.2215,Dark,
4.0830,5.9797,7.4454,0.0000,0.0000,0.0034,0.7233,0.6905,-0.1227,0.7244,0.6784,-0.0584,0.7194,0.6921,-0.1393,0.1096,0.2209,Dark,
4.0941,5.9903,7.4453,0.0000,0.0000,0.0020,0.7220,0.6919,-0.1240,0.7229,0.6797,-0.0597,0.7180,0.6934,-0.1392,0.1096,0.2203,Dark,
4.1054,5.9969,7.4315,0.0000,0.0000,0.0022,0.7226,0.6912,-0.1238,0.7236,0.6790,-0.0596,0.7187,0.6928,-0.1393,0.1097,0.2199,Dark,
4.1164,5.9913,7.4196,0.0000,0.0000,0.0021,0.7220,0.6918,-0.1238,0.7230,0.6796,-0.0597,0.7181,0.6934,-0.1392,0.1096,0.2196,Dark,
4.1276,5.9816,7.4512,0.0000,0.0000,0.0018,0.7205,0.6934,-0.1241,0.7215,0.6812,-0.0599,0.7165,0.6950,-0.1393,0.1096,0.2193,Dark,
4.1387,5.9773,7.4585,0.0000,0.0000,0.0014,0.7197,0.6943,-0.1245,0.7206,0.6821,-0.0604,0.7157,0.6958,-0.1394,0.1096,0.2192,Dark,
4.1500,5.9771,7.4671,0.0000,0.0000,0.0009,0.7177,0.6964,-0.1249,0.7186,0.6841,-0.0608,0.7136,0.6979,-0.1394,0.1093,0.2191,Dark,
4.1609,5.9776,7.4666,0.0000,0.0000,0.0004,0.7153,0.6988,-0.1255,0.7162,0.6866,-0.0613,0.7112,0.7003,-0.1395,0.1091,0.2193,Dark,
4.1720,5.9779,7.4617,0.0000,0.0000,-0.0004,0.7123,0.7019,-0.1261,0.7131,0.6897,-0.0620,0.7081,0.7033,-0.1396,0.1089,0.2196,Dark,
4.1833,5.9723,7.4623,0.0000,0.0000,-0.0011,0.7085,0.7057,-0.1265,0.7092,0.6936,-0.0626,0.7043,0.7072,-0.1397,0.1086,0.2200,Dark,
4.1945,5.9665,7.4659,0.0000,0.0000,-0.0024,0.7043,0.7099,-0.1276,0.7048,0.6978,-0.0638,0.6999,0.7114,-0.1398,0.1082,0.2206,Dark,
4.2056,5.9619,7.4741,0.0000,0.0000,-0.0035,0.6994,0.7147,-0.1284,0.6997,0.7028,-0.0647,0.6949,0.7162,-0.1400,0.1077,0.2215,Dark,
4.2167,5.9700,7.4845,0.0000,0.0000,-0.0043,0.6933,0.7207,-0.1289,0.6935,0.7088,-0.0653,0.6887,0.7221,-0.1402,0.1069,0.2225,Dark,
4.2279,5.9701,7.4866,0.0000,0.0000,-0.0054,0.6858,0.7278,-0.1298,0.6859,0.7160,-0.0663,0.6811,0.7292,-0.1404,0.1062,0.2237,Dark,
4.2389,5.9702,7.4804,0.0000,0.0000,-0.0063,0.6772,0.7358,-0.1306,0.6772,0.7241,-0.0672,0.6723,0.7372,-0.1406,0.1054,0.2253,Dark,
4.2502,5.9469,7.4602,0.0000,0.0000,-0.0073,0.6679,0.7442,-0.1313,0.6678,0.7327,-0.0680,0.6629,0.7456,-0.1408,0.1045,0.2269,Dark,
4.2614,5.9194,7.4486,0.0000,0.0000,-0.0085,0.6567,0.7541,-0.1324,0.6565,0.7427,-0.0691,0.6515,0.7555,-0.1411,0.1032,0.2286,Dark,
4.2722,5.8976,7.4230,0.0000,0.0000,-0.0099,0.6437,0.7652,-0.1335,0.6433,0.7539,-0.0704,0.6384,0.7665,-0.1414,0.1019,0.2307,Dark,
4.2834,5.8845,7.3943,0.0000,0.0000,-0.0100,0.6253,0.7803,-0.1330,0.6248,0.7693,-0.0701,0.6198,0.7816,-0.1416,0.1003,0.2328,Dark,
4.2947,5.8789,7.3891,0.0000,0.0000,-0.0149,0.5981,0.8012,-0.1373,0.5971,0.7903,-0.0747,0.5921,0.8024,-0.1420,0.0988,0.2351,Dark,
4.3057,5.8757,7.3455,0.0000,0.0000,-0.0237,0.5610,0.8275,-0.1460,0.5591,0.8161,-0.0835,0.5543,0.8281,-0.1424,0.0971,0.2376,Dark,
4.3170,5.8906,7.2586,0.0000,0.0000,-0.0074,0.5309,0.8474,-0.1167,0.5304,0.8397,-0.0607,0.5252,0.8488,-0.1427,0.0951,0.2402,Dark,
4.3283,5.8460,7.2168,0.0000,0.0000,0.0084,0.5146,0.8574,-0.0920,0.5151,0.8522,-0.0405,0.5096,0.8595,-0.1431,0.0930,0.2428,Dark,
4.3392,5.8921,7.5352,0.0000,0.0000,0.0179,0.4912,0.8709,-0.0794,0.4921,0.8669,-0.0294,0.4864,0.8732,-0.1434,0.0909,0.2457,Dark,
4.3504,5.9632,6.8634,0.0000,0.0000,0.0295,0.4635,0.8856,-0.0502,0.4647,0.8840,-0.0092,0.4596,0.8881,-0.1438,0.0883,0.2486,Dark,
4.3617,6.0914,6.2952,0.0000,0.0000,0.0262,0.5043,0.8632,-0.0420,0.5061,0.8615,-0.0070,0.5014,0.8652,-0.1441,0.0859,0.2517,Dark,
4.3727,5.9806,6.9485,0.0000,0.0000,0.0179,0.5187,0.8548,-0.0501,0.5205,0.8524,-0.0152,0.5159,0.8565,-0.1445,0.0835,0.2547,Dark,
4.3838,5.9806,6.9485,0.0000,0.0000,0.0156,0.4956,0.8684,-0.0524,0.4972,0.8661,-0.0175,0.4927,0.8700,-0.1448,0.0808,0.2577,Dark,
4.3949,5.9806,6.9485,0.0000,0.0000,0.0134,0.4718,0.8816,-0.0545,0.4732,0.8793,-0.0196,0.4687,0.8831,-0.1452,0.0782,0.2609,Dark,
4.4061,5.9806,6.9485,0.0000,0.0000,0.0115,0.4479,0.8940,-0.0565,0.4490,0.8917,-0.0216,0.4446,0.8955,-0.1456,0.0755,0.2641,Dark,
4.4173,5.9806,6.9485,0.0000,0.0000,0.0209,0.4342,0.9006,-0.0466,0.4357,0.8989,-0.0118,0.4311,0.9022,-0.1460,0.0726,0.2674,Dark,
4.4283,5.9806,6.9485,0.0000,0.0000,0.0180,0.4125,0.9108,-0.0495,0.4136,0.9091,-0.0147,0.4091,0.9124,-0.1463,0.0695,0.2704,Dark,
4.4395,5.9806,6.9485,0.0000,0.0000,0.0104,0.3800,0.9249,-0.0573,0.3806,0.9229,-0.0224,0.3763,0.9262,-0.1466,0.0664,0.2735,Dark,
4.4508,6.2414,6.9485,0.0000,0.0000,0.0117,0.3624,0.9320,-0.0558,0.3630,0.9301,-0.0210,0.3587,0.9332,-0.1468,0.0628,0.2765,Dark,
4.4620,6.2948,6.8520,0.0000,0.0000,0.0106,0.2404,0.9706,-0.0561,0.2394,0.9693,-0.0217,0.2357,0.9716,-0.1472,0.0594,0.2795,Dark,
4.4731,6.3168,7.1077,0.0000,0.0000,0.0090,0.1625,0.9867,-0.0587,0.1606,0.9853,-0.0237,0.1571,0.9873,-0.1475,0.0559,0.2825,Dark,
4.4840,6.3410,7.3674,0.0000,0.0000,0.0145,0.0834,0.9964,-0.0552,0.0804,0.9952,-0.0192,0.0772,0.9968,-0.1478,0.0521,0.2853,Dark,
4.4952,6.3917,7.7450,0.0000,0.0000,0.0238,-0.0307,0.9992,-0.0519,-0.0356,0.9980,-0.0127,-0.0382,0.9992,-0.1481,0.0482,0.2882,Dark,
4.5064,6.4104,7.7554,0.0000,0.0000,0.0278,-0.0942,0.9952,-0.0514,-0.1002,0.9936,-0.0103,-0.1025,0.9947,-0.1484,0.0444,0.2910,Dark,
4.5176,6.4246,7.7627,0.0000,0.0000,0.0333,-0.1493,0.9882,-0.0499,-0.1564,0.9864,-0.0067,-0.1584,0.9873,-0.1487,0.0405,0.2937,Dark,
4.5288,6.4299,7.8018,0.0000,0.0000,0.0409,-0.2160,0.9755,-0.0510,-0.2250,0.9730,-0.0032,-0.2267,0.9740,-0.1490,0.0361,0.2961,Dark,
4.5398,6.4250,7.8231,0.0000,0.0000,0.0436,-0.2568,0.9655,-0.0534,-0.2668,0.9623,-0.0029,-0.2682,0.9633,-0.1492,0.0318,0.2986,Dark,
4.5510,6.4341,7.8385,0.0000,0.0000,0.0496,-0.3003,0.9525,-0.0525,-0.3116,0.9488,0.0007,-0.3127,0.9498,-0.1495,0.0273,0.3008,Dark,
4.5622,6.4275,7.8778,0.0000,0.0000,0.0584,-0.3393,0.9389,-0.0549,-0.3524,0.9342,0.0042,-0.3533,0.9355,-0.1498,0.0227,0.3030,Dark,
4.5732,6.4160,7.8677,0.0000,0.0000,0.0618,-0.3748,0.9250,-0.0572,-0.3892,0.9194,0.0050,-0.3898,0.9209,-0.1501,0.0182,0.3052,Dark,
4.5845,6.4129,7.8579,0.0000,0.0000,0.0680,-0.4059,0.9114,-0.0565,-0.4216,0.9050,0.0087,-0.4219,0.9066,-0.1504,0.0137,0.3074,Dark,
4.5957,6.3728,7.8302,0.0000,0.0000,0.0768,-0.4469,0.8913,-0.0578,-0.4648,0.8835,0.0128,-0.4646,0.8854,-0.1506,0.0085,0.3091,Dark,
4.6066,6.3439,7.7835,0.0000,0.0000,0.0804,-0.4833,0.8718,-0.0589,-0.5025,0.8626,0.0142,-0.5018,0.8648,-0.1509,0.0036,0.3105,Dark,
4.6180,6.2937,7.7240,0.0000,0.0000,0.0779,-0.4893,0.8687,-0.0722,-0.5094,0.8575,0.0067,-0.5091,0.8607,-0.1512,-0.0012,0.3119,Dark,
4.6292,6.2701,7.7072,0.0000,0.0000,0.0812,-0.5040,0.8599,-0.0736,-0.5249,0.8480,0.0079,-0.5245,0.8513,-0.1514,-0.0058,0.3130,Dark,
4.6401,6.2546,7.7203,0.0000,0.0000,0.0810,-0.5345,0.8413,-0.0785,-0.5562,0.8273,0.0055,-0.5557,0.8314,-0.1518,-0.0097,0.3144,Dark,
4.6514,6.2449,7.7233,0.0000,0.0000,0.0793,-0.5529,0.8295,-0.0891,-0.5753,0.8131,-0.0003,-0.5750,0.8181,-0.1523,-0.0133,0.3160,Dark,
4.6623,6.2366,7.7119,0.0000,0.0000,0.0829,-0.5693,0.8179,-0.0887,-0.5925,0.8007,0.0019,-0.5920,0.8059,-0.1527,-0.0172,0.3174,Dark,
4.6736,6.2304,7.7080,0.0000,0.0000,0.0815,-0.5920,0.8018,-0.0937,-0.6156,0.7825,-0.0012,-0.6150,0.7885,-0.1532,-0.0209,0.3191,Dark,
4.6846,6.2722,7.7454,0.0000,0.0000,0.0861,-0.6207,0.7793,-0.0953,-0.6457,0.7576,0.0005,-0.6447,0.7644,-0.1536,-0.0248,0.3206,Dark,
4.6957,6.3159,7.7828,0.0000,0.0000,0.0983,-0.6456,0.7574,-0.0856,-0.6726,0.7350,0.0118,-0.6706,0.7418,-0.1540,-0.0289,0.3218,Dark,
4.7071,6.3516,7.8160,0.0000,0.0000,0.0933,-0.6514,0.7530,-0.0954,-0.6783,0.7285,0.0046,-0.6767,0.7362,-0.1543,-0.0328,0.3227,Dark,
4.7182,6.4302,7.8721,0.0000,0.0000,0.1068,-0.7179,0.6879,-0.0855,-0.7470,0.6593,0.0165,-0.7439,0.6681,-0.1544,-0.0368,0.3232,Dark,
4.7304,6.4450,7.9137,0.0000,0.0000,0.1094,-0.7433,0.6599,-0.0858,-0.7728,0.6288,0.0177,-0.7694,0.6385,-0.1547,-0.0406,0.3237,Dark,
4.7409,6.4548,7.9660,0.0000,0.0000,0.1143,-0.7579,0.6423,-0.0871,-0.7883,0.6091,0.0198,-0.7848,0.6194,-0.1550,-0.0442,0.3242,Dark,
4.7515,6.4263,7.9840,0.0000,0.0000,0.1205,-0.7758,0.6193,-0.0827,-0.8070,0.5848,0.0253,-0.8030,0.5954,-0.1553,-0.0476,0.3248,Dark,
4.7627,6.3925,7.9391,0.0000,0.0000,0.1312,-0.7669,0.6282,-0.0753,-0.8002,0.5950,0.0347,-0.7955,0.6050,-0.1556,-0.0510,0.3252,Dark,
4.7739,6.3659,7.8933,0.0000,0.0000,0.1310,-0.7886,0.6008,-0.0760,-0.8215,0.5652,0.0342,-0.8167,0.5760,-0.1559,-0.0540,0.3261,Dark,
4.7851,6.2580,7.7620,0.0000,0.0000,0.1274,-0.7534,0.6450,-0.0854,-0.7868,0.6112,0.0282,-0.7829,0.6215,-0.1563,-0.0570,0.3269,Dark,
4.7961,6.1983,7.7237,0.0000,0.0000,0.1256,-0.7439,0.6564,-0.0882,-0.7772,0.6231,0.0260,-0.7735,0.6332,-0.1566,-0.0600,0.3277,Dark,
4.8072,6.1557,7.7001,0.0000,0.0000,0.1345,-0.7804,0.6107,-0.0755,-0.8144,0.5754,0.0367,-0.8095,0.5860,-0.1569,-0.0628,0.3286,Dark,
4.8183,6.1150,7.6171,0.0000,0.0000,0.1201,-0.7347,0.6677,-0.0910,-0.7669,0.6353,0.0218,-0.7638,0.6451,-0.1572,-0.0656,0.3293,Dark,
4.8296,6.1244,7.5856,0.0000,0.0000,0.1236,-0.7375,0.6639,-0.0845,-0.7700,0.6324,0.0268,-0.7665,0.6417,-0.1574,-0.0683,0.3301,Dark,
4.8408,6.1347,7.5600,0.0000,0.0000,0.1258,-0.7541,0.6445,-0.0791,-0.7865,0.6125,0.0305,-0.7826,0.6218,-0.1575,-0.0710,0.3309,Dark,
4.8518,6.1908,7.6632,0.0000,0.0000,0.1164,-0.7711,0.6259,-0.0880,-0.8016,0.5913,0.0211,-0.7984,0.6017,-0.1578,-0.0737,0.3315,Dark,
4.8630,6.2540,7.7078,0.0000,0.0000,0.1231,-0.7792,0.6146,-0.0812,-0.8105,0.5801,0.0280,-0.8067,0.5903,-0.1579,-0.0763,0.3322,Dark,
4.8741,6.3034,7.7432,0.0000,0.0000,0.1230,-0.7654,0.6317,-0.0831,-0.7969,0.5983,0.0271,-0.7934,0.6081,-0.1580,-0.0788,0.3328,Dark,
4.8854,6.3473,7.8671,0.0000,0.0000,0.1249,-0.7813,0.6116,-0.0816,-0.8128,0.5768,0.0288,-0.8091,0.5870,-0.1580,-0.0813,0.3334,Dark,
4.8962,6.3467,7.8854,0.0000,0.0000,0.1277,-0.7933,0.5953,-0.0790,-0.8249,0.5597,0.0315,-0.8210,0.5701,-0.1582,-0.0839,0.3338,Dark,
4.9075,6.3301,7.8981,0.0000,0.0000,0.1325,-0.8029,0.5812,-0.0744,-0.8351,0.5450,0.0363,-0.8308,0.5555,-0.1582,-0.0862,0.3343,Dark,
4.9186,6.3097,7.8688,0.0000,0.0000,0.1421,-0.8169,0.5590,-0.0632,-0.8502,0.5226,0.0467,-0.8449,0.5329,-0.1583,-0.0884,0.3348,Dark,
4.9297,6.2885,7.8503,0.0000,0.0000,0.1463,-0.8187,0.5553,-0.0583,-0.8525,0.5194,0.0513,-0.8468,0.5294,-0.1583,-0.0906,0.3354,Dark,
4.9410,6.2739,7.8374,0.0000,0.0000,0.1467,-0.8249,0.5459,-0.0574,-0.8586,0.5094,0.0519,-0.8528,0.5196,-0.1584,-0.0926,0.3360,Dark,
4.9521,6.2444,7.7757,0.0000,0.0000,0.1497,-0.8275,0.5411,-0.0509,-0.8614,0.5054,0.0565,-0.8552,0.5152,-0.1586,-0.0944,0.3365,Dark,
4.9630,6.2348,7.7569,0.0000,0.0000,0.1521,-0.8302,0.5363,-0.0471,-0.8642,0.5009,0.0596,-0.8578,0.5105,-0.1587,-0.0963,0.3371,Dark,
4.9743,6.2117,7.7429,0.0000,0.0000,0.1541,-0.8317,0.5335,-0.0431,-0.8658,0.4985,0.0625,-0.8591,0.5079,-0.1588,-0.0980,0.3376,Dark,
4.9854,6.1943,7.7037,0.0000,0.0000,0.1536,-0.8318,0.5334,-0.0402,-0.8656,0.4991,0.0636,-0.8588,0.5083,-0.1590,-0.0997,0.3382,Dark,
4.9964,6.1952,7.7069,0.0000,0.0000,0.1545,-0.8329,0.5313,-0.0383,-0.8668,0.4972,0.0650,-0.8599,0.5063,-0.1591,-0.1013,0.3386,Dark,
5.0076,6.1777,7.7102,0.0000,0.0000,0.1549,-0.8333,0.5306,-0.0365,-0.8671,0.4969,0.0660,-0.8602,0.5057,-0.1591,-0.1029,0.3390,Dark,
5.0189,6.1527,7.6672,0.0000,0.0000,0.1537,-0.8328,0.5317,-0.0354,-0.8661,0.4985,0.0659,-0.8593,0.5072,-0.1593,-0.1044,0.3394,Dark,
5.0299,6.1428,7.6630,0.0000,0.0000,0.1537,-0.8335,0.5307,-0.0348,-0.8667,0.4976,0.0662,-0.8599,0.5062,-0.1594,-0.1056,0.3397,Dark,
5.0414,6.1278,7.6596,0.0000,0.0000,0.1540,-0.8341,0.5297,-0.0335,-0.8672,0.4969,0.0669,-0.8603,0.5053,-0.1594,-0.1069,0.3401,Dark,
5.0522,6.1026,7.6317,0.0000,0.0000,0.1520,-0.8333,0.5315,-0.0330,-0.8658,0.4993,0.0660,-0.8591,0.5075,-0.1595,-0.1080,0.3406,Dark,
5.0632,6.0908,7.6287,0.0000,0.0000,0.1513,-0.8342,0.5302,-0.0324,-0.8664,0.4983,0.0660,-0.8597,0.5065,-0.1596,-0.1090,0.3410,Dark,
5.0745,6.0791,7.6259,0.0000,0.0000,0.1503,-0.8346,0.5299,-0.0312,-0.8663,0.4986,0.0660,-0.8597,0.5065,-0.1596,-0.1099,0.3414,Dark,
5.0859,6.0628,7.6046,0.0000,0.0000,0.1446,-0.8358,0.5296,-0.0325,-0.8661,0.4989,0.0622,-0.8599,0.5066,-0.1598,-0.1108,0.3420,Dark,
5.0968,6.0575,7.5894,0.0000,0.0000,0.1427,-0.8370,0.5283,-0.0321,-0.8667,0.4979,0.0613,-0.8607,0.5055,-0.1599,-0.1115,0.3423,Dark,
5.1080,6.0575,7.5619,0.0000,0.0000,0.1363,-0.8388,0.5270,-0.0336,-0.8670,0.4972,0.0571,-0.8614,0.5047,-0.1600,-0.1122,0.3426,Dark,
5.1192,6.0594,7.5508,0.0000,0.0000,0.1327,-0.8408,0.5248,-0.0349,-0.8681,0.4952,0.0545,-0.8628,0.5026,-0.1602,-0.1129,0.3431,Dark,
5.1301,6.0611,7.5568,0.0000,0.0000,0.1306,-0.8414,0.5244,-0.0354,-0.8682,0.4950,0.0532,-0.8630,0.5023,-0.1603,-0.1133,0.3433,Dark,
5.1415,6.0426,7.5767,0.0000,0.0000,0.1258,-0.8399,0.5280,-0.0371,-0.8657,0.4992,0.0498,-0.8609,0.5064,-0.1604,-0.1137,0.3435,Dark,
5.1526,6.0335,7.5879,0.0000,0.0000,0.1234,-0.8394,0.5293,-0.0379,-0.8648,0.5007,0.0480,-0.8601,0.5079,-0.1606,-0.1140,0.3438,Dark,
5.1636,6.0265,7.5744,0.0000,0.0000,0.1216,-0.8380,0.5319,-0.0386,-0.8631,0.5035,0.0468,-0.8585,0.5106,-0.1607,-0.1142,0.3440,Dark,
5.1747,6.0182,7.5542,0.0000,0.0000,0.1189,-0.8365,0.5349,-0.0396,-0.8611,0.5068,0.0448,-0.8567,0.5139,-0.1609,-0.1143,0.3442,Dark,
5.1859,6.0125,7.5488,0.0000,0.0000,0.1166,-0.8351,0.5376,-0.0411,-0.8593,0.5098,0.0429,-0.8551,0.5168,-0.1611,-0.1144,0.3444,Dark,
5.1970,6.0079,7.5308,0.0000,0.0000,0.1152,-0.8335,0.5404,-0.0416,-0.8575,0.5127,0.0419,-0.8533,0.5197,-0.1614,-0.1144,0.3448,Dark,
5.2082,6.0160,7.5088,0.0000,0.0000,0.1121,-0.8306,0.5455,-0.0431,-0.8542,0.5182,0.0396,-0.8501,0.5251,-0.1616,-0.1143,0.3449,Dark,
5.2196,6.0085,7.5013,0.0000,0.0000,0.1097,-0.8291,0.5482,-0.0445,-0.8524,0.5210,0.0376,-0.8485,0.5279,-0.1619,-0.1141,0.3452,Dark,
5.2304,6.0024,7.4905,0.0000,0.0000,0.1078,-0.8278,0.5506,-0.0455,-0.8508,0.5235,0.0361,-0.8470,0.5304,-0.1621,-0.1140,0.3452,Dark,
5.2416,5.9995,7.5010,0.0000,0.0000,0.1046,-0.8252,0.5550,-0.0470,-0.8479,0.5282,0.0337,-0.8442,0.5350,-0.1623,-0.1139,0.3452,Dark,
5.2530,6.0065,7.5164,0.0000,0.0000,0.1026,-0.8236,0.5577,-0.0481,-0.8460,0.5310,0.0321,-0.8424,0.5378,-0.1625,-0.1137,0.3451,Dark,
5.2639,6.0133,7.5281,0.0000,0.0000,0.1010,-0.8222,0.5601,-0.0492,-0.8445,0.5333,0.0307,-0.8410,0.5402,-0.1626,-0.1136,0.3454,Dark,
5.2750,6.0180,7.5416,0.0000,0.0000,0.0980,-0.8197,0.5644,-0.0514,-0.8416,0.5377,0.0281,-0.8382,0.5446,-0.1628,-0.1134,0.3453,Dark,
5.2865,6.0201,7.5429,0.0000,0.0000,0.0961,-0.8182,0.5668,-0.0529,-0.8400,0.5400,0.0264,-0.8367,0.5470,-0.1630,-0.1133,0.3455,Dark,
5.2973,6.0184,7.5452,0.0000,0.0000,0.0937,-0.8155,0.5711,-0.0549,-0.8371,0.5444,0.0242,-0.8339,0.5514,-0.1632,-0.1132,0.3453,Dark,
5.3084,6.0164,7.5524,0.0000,0.0000,0.0920,-0.8141,0.5734,-0.0565,-0.8354,0.5467,0.0225,-0.8324,0.5537,-0.1633,-0.1131,0.3452,Dark,
5.3197,6.0221,7.5585,0.0000,0.0000,0.0905,-0.8127,0.5757,-0.0578,-0.8339,0.5489,0.0211,-0.8309,0.5560,-0.1634,-0.1130,0.3453,Dark,
5.3306,6.0262,7.5692,0.0000,0.0000,0.0885,-0.8103,0.5793,-0.0598,-0.8314,0.5525,0.0191,-0.8285,0.5596,-0.1635,-0.1129,0.3452,Dark,
5.3418,6.0255,7.5724,0.0000,0.0000,0.0873,-0.8090,0.5813,-0.0611,-0.8300,0.5545,0.0179,-0.8272,0.5617,-0.1636,-0.1127,0.3450,Dark,
5.3535,6.0299,7.5743,0.0000,0.0000,0.0863,-0.8077,0.5833,-0.0622,-0.8286,0.5563,0.0168,-0.8259,0.5636,-0.1636,-0.1125,0.3449,Dark,
5.3641,6.0331,7.5665,0.0000,0.0000,0.0855,-0.8063,0.5854,-0.0630,-0.8272,0.5584,0.0160,-0.8245,0.5657,-0.1637,-0.1124,0.3447,Dark,
5.3752,6.0333,7.5502,0.0000,0.0000,0.0837,-0.8038,0.5890,-0.0648,-0.8246,0.5620,0.0142,-0.8220,0.5693,-0.1637,-0.1122,0.3446,Dark,
5.3865,6.0337,7.5426,0.0000,0.0000,0.0828,-0.8024,0.5911,-0.0656,-0.8231,0.5641,0.0133,-0.8205,0.5715,-0.1637,-0.1119,0.3447,Dark,
5.3977,6.0336,7.5370,0.0000,0.0000,0.0820,-0.8009,0.5932,-0.0664,-0.8216,0.5662,0.0126,-0.8190,0.5736,-0.1637,-0.1117,0.3445,Dark,
5.4087,6.0310,7.5291,0.0000,0.0000,0.0801,-0.7990,0.5960,-0.0683,-0.8195,0.5690,0.0107,-0.8171,0.5764,-0.1638,-0.1115,0.3443,Dark,
5.4206,6.0383,7.5249,0.0000,0.0000,0.0790,-0.7977,0.5979,-0.0694,-0.8182,0.5708,0.0095,-0.8158,0.5783,-0.1638,-0.1112,0.3445,Dark,
5.4314,6.0493,7.5627,0.0000,0.0000,0.0778,-0.7954,0.6010,-0.0707,-0.8158,0.5739,0.0083,-0.8135,0.5815,-0.1639,-0.1110,0.3443,Dark,
5.4420,6.0590,7.5726,0.0000,0.0000,0.0768,-0.7950,0.6018,-0.0717,-0.8153,0.5746,0.0073,-0.8130,0.5822,-0.1639,-0.1107,0.3441,Dark,
5.4535,6.0666,7.5800,0.0000,0.0000,0.0762,-0.7933,0.6040,-0.0723,-0.8137,0.5768,0.0067,-0.8114,0.5845,-0.1640,-0.1105,0.3443,Dark,
5.4643,6.0439,7.5912,0.0000,0.0000,0.0744,-0.7916,0.6065,-0.0741,-0.8118,0.5792,0.0049,-0.8097,0.5869,-0.1640,-0.1102,0.3442,Dark,
5.4755,6.0473,7.5934,0.0000,0.0000,0.0733,-0.7904,0.6082,-0.0752,-0.8106,0.5808,0.0038,-0.8084,0.5886,-0.1641,-0.1100,0.3440,Dark,
5.4867,6.0505,7.6034,0.0000,0.0000,0.0722,-0.7891,0.6100,-0.0764,-0.8093,0.5824,0.0026,-0.8072,0.5903,-0.1642,-0.1098,0.3442,Dark,
5.4980,6.1165,7.6338,0.0000,0.0000,0.0651,-0.7885,0.6116,-0.0865,-0.8081,0.5827,-0.0059,-0.8065,0.5912,-0.1643,-0.1096,0.3440,Dark,
5.5092,6.1453,7.6509,0.0000,0.0000,0.0487,-0.7909,0.6100,-0.1050,-0.8086,0.5790,-0.0234,-0.8081,0.5885,-0.1644,-0.1093,0.3439,Dark,
5.5203,6.1660,7.6434,0.0000,0.0000,0.0358,-0.7946,0.6060,-0.1221,-0.8108,0.5724,-0.0384,-0.8115,0.5831,-0.1645,-0.1091,0.3441,Dark,
5.5313,6.1693,7.6411,0.0000,0.0000,0.0237,-0.7995,0.6002,-0.1419,-0.8142,0.5630,-0.0542,-0.8162,0.5752,-0.1646,-0.1088,0.3440,Dark,
5.5423,6.1614,7.6453,0.0000,0.0000,0.0189,-0.8021,0.5969,-0.1507,-0.8161,0.5579,-0.0610,-0.8187,0.5710,-0.1646,-0.1086,0.3439,Dark,
5.5536,6.1550,7.6520,0.0000,0.0000,0.0159,-0.8042,0.5941,-0.1574,-0.8178,0.5535,-0.0658,-0.8209,0.5672,-0.1647,-0.1084,0.3440,Dark,
5.5647,6.1794,7.6671,0.0000,0.0000,0.0145,-0.8073,0.5899,-0.1650,-0.8207,0.5471,-0.0701,-0.8243,0.5618,-0.1648,-0.1082,0.3439,Dark,
5.5757,6.1713,7.6721,0.0000,0.0000,0.0110,-0.8088,0.5880,-0.1711,-0.8215,0.5439,-0.0749,-0.8257,0.5591,-0.1649,-0.1080,0.3438,Dark,
5.5870,6.1639,7.6729,0.0000,0.0000,0.0103,-0.8094,0.5872,-0.1741,-0.8220,0.5422,-0.0766,-0.8264,0.5578,-0.1650,-0.1078,0.3440,Dark,
5.5980,6.1713,7.6841,0.0000,0.0000,0.0131,-0.8093,0.5873,-0.1753,-0.8224,0.5413,-0.0757,-0.8268,0.5573,-0.1651,-0.1076,0.3439,Dark,
5.6094,6.1824,7.6932,0.0000,0.0000,0.0114,-0.8099,0.5864,-0.1785,-0.8228,0.5396,-0.0781,-0.8275,0.5560,-0.1651,-0.1074,0.3439,Dark,
5.6205,6.1932,7.7028,0.0000,0.0000,0.0130,-0.8090,0.5877,-0.1783,-0.8221,0.5407,-0.0772,-0.8268,0.5572,-0.1652,-0.1072,0.3441,Dark,
5.6316,6.2105,7.7166,0.0000,0.0000,0.0141,-0.8087,0.5881,-0.1793,-0.8220,0.5405,-0.0771,-0.8268,0.5572,-0.1653,-0.1070,0.3441,Dark,
5.6425,6.2183,7.7204,0.0000,0.0000,0.0135,-0.8086,0.5882,-0.1806,-0.8219,0.5402,-0.0780,-0.8268,0.5571,-0.1653,-0.1069,0.3440,Dark,
5.6539,6.2237,7.7298,0.0000,0.0000,0.0145,-0.8075,0.5897,-0.1803,-0.8210,0.5417,-0.0773,-0.8258,0.5586,-0.1653,-0.1067,0.3443,Dark,
5.6651,6.2282,7.7489,0.0000,0.0000,0.0151,-0.8069,0.5905,-0.1809,-0.8205,0.5422,-0.0773,-0.8254,0.5593,-0.1653,-0.1065,0.3443,Dark,
5.6761,6.2280,7.7581,0.0000,0.0000,0.0155,-0.8058,0.5920,-0.1812,-0.8196,0.5436,-0.0772,-0.8244,0.5607,-0.1654,-0.1064,0.3443,Dark,
5.6872,6.2274,7.7533,0.0000,0.0000,0.0155,-0.8051,0.5929,-0.1818,-0.8190,0.5443,-0.0775,-0.8238,0.5615,-0.1654,-0.1061,0.3446,Dark,
5.6985,6.2452,7.7537,0.0000,0.0000,0.0156,-0.8048,0.5934,-0.1828,-0.8186,0.5445,-0.0779,-0.8236,0.5618,-0.1654,-0.1059,0.3447,Dark,
5.7094,6.2642,7.7583,0.0000,0.0000,0.0152,-0.8041,0.5943,-0.1836,-0.8179,0.5452,-0.0785,-0.8229,0.5627,-0.1655,-0.1056,0.3448,Dark,
5.7207,6.2796,7.7585,0.0000,0.0000,0.0147,-0.8032,0.5956,-0.1843,-0.8170,0.5464,-0.0791,-0.8220,0.5639,-0.1655,-0.1053,0.3450,Dark,
5.7318,6.2906,7.7652,0.0000,0.0000,0.0143,-0.8019,0.5973,-0.1852,-0.8157,0.5480,-0.0797,-0.8208,0.5656,-0.1655,-0.1050,0.3452,Dark,
5.7429,6.3030,7.7691,0.0000,0.0000,0.0139,-0.8005,0.5991,-0.1859,-0.8144,0.5497,-0.0802,-0.8195,0.5674,-0.1655,-0.1047,0.3453,Dark,
5.7541,6.3122,7.7737,0.0000,0.0000,0.0133,-0.7990,0.6012,-0.1868,-0.8128,0.5517,-0.0810,-0.8180,0.5695,-0.1654,-0.1043,0.3456,Dark,
5.7654,6.2798,7.7736,0.0000,0.0000,0.0130,-0.7976,0.6030,-0.1874,-0.8115,0.5535,-0.0815,-0.8167,0.5713,-0.1654,-0.1038,0.3457,Dark,
5.7763,6.2783,7.7696,0.0000,0.0000,0.0126,-0.7961,0.6051,-0.1880,-0.8099,0.5555,-0.0819,-0.8152,0.5734,-0.1654,-0.1033,0.3459,Dark,
5.7874,6.2770,7.7764,0.0000,0.0000,0.0122,-0.7944,0.6073,-0.1886,-0.8083,0.5578,-0.0824,-0.8136,0.5756,-0.1654,-0.1028,0.3461,Dark,
5.7986,6.2986,7.7919,0.0000,0.0000,0.0118,-0.7926,0.6096,-0.1895,-0.8065,0.5600,-0.0831,-0.8119,0.5779,-0.1654,-0.1022,0.3463,Dark,
5.8098,6.3156,7.8002,0.0000,0.0000,0.0115,-0.7906,0.6122,-0.1901,-0.8045,0.5627,-0.0835,-0.8099,0.5806,-0.1653,-0.1016,0.3464,Dark,
5.8209,6.3279,7.7980,0.0000,0.0000,0.0112,-0.7888,0.6146,-0.1905,-0.8028,0.5650,-0.0839,-0.8082,0.5830,-0.1653,-0.1010,0.3466,Dark,
5.8323,6.3533,7.8010,0.0000,0.0000,0.0117,-0.7869,0.6170,-0.1901,-0.8011,0.5676,-0.0835,-0.8064,0.5855,-0.1652,-0.1003,0.3468,Dark,
5.8432,6.3703,7.8063,0.0000,0.0000,0.0121,-0.7842,0.6204,-0.1897,-0.7985,0.5713,-0.0830,-0.8038,0.5891,-0.1651,-0.0996,0.3469,Dark,
5.8542,6.3834,7.8150,0.0000,0.0000,0.0125,-0.7814,0.6239,-0.1893,-0.7959,0.5750,-0.0827,-0.8011,0.5927,-0.1650,-0.0988,0.3471,Dark,
5.8657,6.3905,7.8370,0.0000,0.0000,0.0130,-0.7787,0.6273,-0.1885,-0.7934,0.5788,-0.0820,-0.7985,0.5964,-0.1649,-0.0979,0.3472,Dark,
5.8768,6.4078,7.8475,0.0000,0.0000,0.0133,-0.7757,0.6310,-0.1880,-0.7905,0.5829,-0.0816,-0.7955,0.6004,-0.1648,-0.0971,0.3473,Dark,
5.8878,6.4214,7.8898,0.0000,0.0000,0.0140,-0.7719,0.6356,-0.1869,-0.7869,0.5881,-0.0808,-0.7919,0.6053,-0.1646,-0.0961,0.3474,Dark,
5.8989,6.3918,7.9021,0.0000,0.0000,0.0352,-0.7564,0.6531,-0.1638,-0.7753,0.6100,-0.0583,-0.7782,0.6253,-0.1644,-0.0952,0.3476,Dark,
5.9102,6.3628,7.8810,0.0000,0.0000,0.0590,-0.7402,0.6698,-0.1407,-0.7631,0.6308,-0.0345,-0.7640,0.6442,-0.1642,-0.0942,0.3477,Dark,
5.9213,6.3382,7.8540,0.0000,0.0000,0.0789,-0.7259,0.6833,-0.1149,-0.7517,0.6494,-0.0116,-0.7508,0.6604,-0.1640,-0.0932,0.3478,Dark,
5.9325,6.2922,7.8048,0.0000,0.0000,0.0958,-0.7140,0.6935,-0.0901,-0.7418,0.6645,0.0092,-0.7393,0.6733,-0.1638,-0.0921,0.3479,Dark,
5.9435,6.2734,7.7893,0.0000,0.0000,0.1018,-0.7069,0.6999,-0.0796,-0.7352,0.6732,0.0174,-0.7321,0.6810,-0.1637,-0.0910,0.3480,Dark,
5.9545,6.2601,7.7889,0.0000,0.0000,0.1041,-0.7026,0.7039,-0.0733,-0.7308,0.6787,0.0215,-0.7274,0.6858,-0.1634,-0.0897,0.3481,Dark,
5.9658,6.2711,7.7972,0.0000,0.0000,0.1043,-0.6998,0.7067,-0.0677,-0.7275,0.6828,0.0242,-0.7240,0.6894,-0.1632,-0.0885,0.3482,Dark,
5.9771,6.2690,7.8037,0.0000,0.0000,0.1046,-0.6957,0.7107,-0.0655,-0.7231,0.6876,0.0253,-0.7197,0.6939,-0.1630,-0.0873,0.3482,Dark,
5.9881,6.2675,7.8255,0.0000,0.0000,0.0963,-0.6963,0.7112,-0.0722,-0.7226,0.6875,0.0176,-0.7196,0.6942,-0.1627,-0.0860,0.3483,Dark,
5.9990,6.3260,7.8538,0.0000,0.0000,0.1002,-0.6896,0.7173,-0.0638,-0.7158,0.6954,0.0236,-0.7126,0.7012,-0.1624,-0.0848,0.3483,Dark,
6.0104,6.3228,7.8615,0.0000,0.0000,0.0999,-0.6856,0.7211,-0.0624,-0.7116,0.6998,0.0241,-0.7084,0.7054,-0.1622,-0.0835,0.3483,Dark,
6.0215,6.3192,7.8566,0.0000,0.0000,0.0978,-0.6828,0.7241,-0.0630,-0.7083,0.7031,0.0226,-0.7052,0.7086,-0.1620,-0.0821,0.3483,Dark,
6.0327,6.3639,7.8694,0.0000,0.0000,0.0968,-0.6791,0.7277,-0.0609,-0.7041,0.7075,0.0230,-0.7011,0.7127,-0.1617,-0.0806,0.3483,Dark,
6.0437,6.3720,7.8855,0.0000,0.0000,0.0972,-0.6733,0.7330,-0.0592,-0.6981,0.7135,0.0240,-0.6951,0.7185,-0.1615,-0.0791,0.3484,Dark,
6.0548,6.3796,7.8815,0.0000,0.0000,0.0969,-0.6682,0.7376,-0.0582,-0.6928,0.7188,0.0243,-0.6899,0.7235,-0.1611,-0.0775,0.3484,Dark,
6.0661,6.3610,7.8661,0.0000,0.0000,0.0966,-0.6643,0.7412,-0.0556,-0.6884,0.7232,0.0253,-0.6855,0.7276,-0.1608,-0.0758,0.3484,Dark,
6.0776,6.3492,7.8546,0.0000,0.0000,0.0971,-0.6581,0.7466,-0.0536,-0.6820,0.7294,0.0264,-0.6792,0.7335,-0.1605,-0.0740,0.3484,Dark,
6.0886,6.3355,7.7715,0.0000,0.0000,0.0962,-0.6524,0.7518,-0.0515,-0.6757,0.7353,0.0269,-0.6730,0.7392,-0.1602,-0.0722,0.3484,Dark,
6.0994,6.3186,7.7169,0.0000,0.0000,0.0942,-0.6471,0.7565,-0.0524,-0.6700,0.7405,0.0254,-0.6675,0.7442,-0.1598,-0.0703,0.3484,Dark,
6.1108,6.3006,7.6743,0.0000,0.0000,0.0919,-0.6385,0.7641,-0.0528,-0.6608,0.7487,0.0239,-0.6585,0.7522,-0.1594,-0.0683,0.3484,Dark,
6.1218,6.1445,7.6770,0.0000,0.0000,0.0741,-0.5812,0.8104,-0.0429,-0.5984,0.8001,0.0190,-0.5970,0.8020,-0.1591,-0.0663,0.3483,Dark,
6.1328,6.0281,7.5033,0.0000,0.0000,0.0605,-0.5294,0.8462,-0.0305,-0.5421,0.8398,0.0174,-0.5413,0.8406,-0.1587,-0.0643,0.3482,Dark,
6.1444,5.7824,7.3601,0.0000,0.0000,0.0837,-0.4794,0.8736,0.0093,-0.4905,0.8714,0.0485,-0.4896,0.8706,-0.1582,-0.0623,0.3481,Dark,
6.1551,5.4444,6.7979,0.0000,0.0000,0.0416,-0.4520,0.8910,-0.0172,-0.4595,0.8880,0.0136,-0.4594,0.8881,-0.1579,-0.0603,0.3478,Dark,
6.1662,5.3481,6.6543,0.0000,0.0000,0.0400,-0.4423,0.8960,-0.0138,-0.4490,0.8934,0.0144,-0.4490,0.8934,-0.1575,-0.0582,0.3476,Dark,
6.1778,5.3498,6.5661,0.0000,0.0000,0.0306,-0.4443,0.8954,-0.0196,-0.4504,0.8926,0.0067,-0.4504,0.8928,-0.1571,-0.0561,0.3474,Dark,
6.1886,5.5903,6.9482,0.0000,0.0000,0.0146,-0.4581,0.8888,-0.0305,-0.4634,0.8856,-0.0069,-0.4635,0.8860,-0.1568,-0.0538,0.3471,Dark,
6.1998,5.7721,7.1066,0.0000,0.0000,0.0139,-0.4478,0.8940,-0.0291,-0.4527,0.8912,-0.0066,-0.4529,0.8915,-0.1564,-0.0517,0.3468,Dark,
6.2110,5.9431,7.2203,0.0000,0.0000,0.0077,-0.4445,0.8957,-0.0338,-0.4492,0.8928,-0.0122,-0.4494,0.8932,-0.1560,-0.0496,0.3466,Dark,
6.2220,6.1516,7.4198,0.0000,0.0000,0.0049,-0.4045,0.9145,-0.0366,-0.4089,0.9118,-0.0149,-0.4093,0.9123,-0.1558,-0.0476,0.3461,Dark,
6.2332,6.1870,7.4779,0.0000,0.0000,0.0053,-0.4419,0.8970,-0.0363,-0.4465,0.8940,-0.0146,-0.4468,0.8945,-0.1554,-0.0456,0.3457,Dark,
6.2444,6.2002,7.5246,0.0000,0.0000,0.0069,-0.4400,0.8980,-0.0347,-0.4446,0.8950,-0.0130,-0.4449,0.8955,-0.1551,-0.0436,0.3453,Dark,
6.2553,6.2111,7.6055,0.0000,0.0000,-0.0024,-0.4185,0.9082,-0.0416,-0.4227,0.9053,-0.0212,-0.4230,0.9059,-0.1547,-0.0416,0.3447,Dark,
6.2665,6.2264,7.6103,0.0000,0.0000,0.0077,-0.4326,0.9016,-0.0304,-0.4369,0.8990,-0.0105,-0.4371,0.8994,-0.1544,-0.0397,0.3442,Dark,
6.2782,6.2343,7.6107,0.0000,0.0000,0.0081,-0.4297,0.9029,-0.0292,-0.4339,0.9005,-0.0097,-0.4341,0.9008,-0.1540,-0.0378,0.3437,Dark,
6.2889,6.2436,7.6787,0.0000,0.0000,0.0015,-0.4235,0.9059,-0.0373,-0.4277,0.9032,-0.0171,-0.4280,0.9036,-0.1537,-0.0359,0.3430,Dark,
6.2998,6.2622,7.7022,0.0000,0.0000,0.0040,-0.4234,0.9060,-0.0356,-0.4277,0.9032,-0.0150,-0.4280,0.9037,-0.1533,-0.0342,0.3425,Dark,
6.3112,6.2767,7.7289,0.0000,0.0000,0.0065,-0.4235,0.9059,-0.0343,-0.4280,0.9031,-0.0130,-0.4283,0.9035,-0.1529,-0.0326,0.3419,Dark,
6.3221,6.3335,7.7427,0.0000,0.0000,0.0126,-0.4268,0.9043,-0.0313,-0.4318,0.9014,-0.0084,-0.4320,0.9018,-0.1525,-0.0311,0.3412,Dark,
6.3333,6.3437,7.7309,0.0000,0.0000,0.0151,-0.4267,0.9043,-0.0308,-0.4320,0.9014,-0.0068,-0.4322,0.9018,-0.1521,-0.0296,0.3405,Dark,
6.3447,6.3493,7.7435,0.0000,0.0000,0.0179,-0.4245,0.9053,-0.0303,-0.4300,0.9023,-0.0052,-0.4303,0.9027,-0.1517,-0.0282,0.3398,Dark,
6.3556,6.4133,7.7892,0.0000,0.0000,0.0231,-0.4245,0.9051,-0.0306,-0.4308,0.9019,-0.0026,-0.4311,0.9023,-0.1513,-0.0269,0.3392,Dark,
6.3666,6.4264,7.8193,0.0000,0.0000,0.0245,-0.4209,0.9068,-0.0322,-0.4275,0.9035,-0.0026,-0.4277,0.9039,-0.1509,-0.0256,0.3386,Dark,
6.3779,6.4364,7.8416,0.0000,0.0000,0.0259,-0.4165,0.9088,-0.0338,-0.4234,0.9053,-0.0027,-0.4237,0.9058,-0.1506,-0.0243,0.3380,Dark,
6.3895,6.4451,7.8319,0.0000,0.0000,0.0285,-0.4132,0.9102,-0.0378,-0.4209,0.9063,-0.0032,-0.4213,0.9069,-0.1503,-0.0231,0.3375,Dark,
6.4001,6.4564,7.8235,0.0000,0.0000,0.0298,-0.4105,0.9114,-0.0398,-0.4185,0.9074,-0.0035,-0.4190,0.9080,-0.1500,-0.0220,0.3369,Dark,
6.4114,6.4666,7.8586,0.0000,0.0000,0.0305,-0.4076,0.9127,-0.0425,-0.4158,0.9085,-0.0044,-0.4164,0.9092,-0.1497,-0.0211,0.3364,Dark,
6.4224,6.4630,7.9129,0.0000,0.0000,0.0328,-0.4076,0.9126,-0.0467,-0.4165,0.9079,-0.0052,-0.4172,0.9088,-0.1493,-0.0201,0.3358,Dark,
6.4336,6.4670,7.9322,0.0000,0.0000,0.0339,-0.4068,0.9129,-0.0487,-0.4160,0.9081,-0.0056,-0.4167,0.9090,-0.1490,-0.0193,0.3353,Dark,
6.4448,6.4693,7.9552,0.0000,0.0000,0.0343,-0.4049,0.9137,-0.0516,-0.4143,0.9087,-0.0068,-0.4152,0.9097,-0.1487,-0.0185,0.3348,Dark,
6.4558,6.5010,7.9760,0.0000,0.0000,0.0366,-0.4051,0.9135,-0.0557,-0.4152,0.9080,-0.0075,-0.4162,0.9093,-0.1485,-0.0177,0.3343,Dark,
6.4669,6.5090,7.9810,0.0000,0.0000,0.0372,-0.4039,0.9140,-0.0580,-0.4142,0.9083,-0.0082,-0.4153,0.9097,-0.1482,-0.0170,0.3339,Dark,
6.4782,6.5141,7.9910,0.0000,0.0000,0.0375,-0.4025,0.9146,-0.0609,-0.4130,0.9087,-0.0095,-0.4142,0.9101,-0.1480,-0.0163,0.3334,Dark,
6.4893,6.5292,7.9857,0.0000,0.0000,0.0394,-0.4020,0.9148,-0.0649,-0.4130,0.9084,-0.0104,-0.4144,0.9100,-0.1478,-0.0157,0.3330,Dark,
6.5006,6.5245,7.9749,0.0000,0.0000,0.0403,-0.4011,0.9151,-0.0666,-0.4123,0.9086,-0.0107,-0.4138,0.9103,-0.1475,-0.0150,0.3327,Dark,
6.5118,6.5208,7.9808,0.0000,0.0000,0.0407,-0.4005,0.9154,-0.0689,-0.4118,0.9087,-0.0116,-0.4134,0.9105,-0.1473,-0.0144,0.3323,Dark,
6.5226,6.5457,7.9894,0.0000,0.0000,0.0425,-0.4009,0.9151,-0.0723,-0.4127,0.9080,-0.0123,-0.4144,0.9100,-0.1472,-0.0138,0.3320,Dark,
6.5338,6.5530,7.9932,0.0000,0.0000,0.0432,-0.4006,0.9152,-0.0740,-0.4127,0.9079,-0.0127,-0.4144,0.9100,-0.1470,-0.0133,0.3317,Dark,
6.5452,6.5591,8.0280,0.0000,0.0000,0.0434,-0.3995,0.9157,-0.0761,-0.4116,0.9082,-0.0136,-0.4135,0.9104,-0.1468,-0.0127,0.3314,Dark,
6.5568,6.5496,8.0379,0.0000,0.0000,0.0447,-0.3997,0.9155,-0.0791,-0.4123,0.9076,-0.0144,-0.4142,0.9101,-0.1466,-0.0123,0.3312,Dark,
6.5672,6.5619,8.0217,0.0000,0.0000,0.0455,-0.3994,0.9157,-0.0803,-0.4121,0.9076,-0.0146,-0.4141,0.9101,-0.1464,-0.0118,0.3309,Dark,
6.5784,6.5727,8.0290,0.0000,0.0000,0.0460,-0.3990,0.9158,-0.0817,-0.4117,0.9076,-0.0149,-0.4139,0.9102,-0.1462,-0.0114,0.3307,Dark,
6.5901,6.5683,8.0446,0.0000,0.0000,0.0472,-0.4002,0.9152,-0.0839,-0.4133,0.9067,-0.0153,-0.4156,0.9094,-0.1460,-0.0110,0.3305,Dark,
6.6006,6.5792,8.0566,0.0000,0.0000,0.0479,-0.3990,0.9157,-0.0848,-0.4122,0.9071,-0.0154,-0.4145,0.9099,-0.1458,-0.0105,0.3304,Dark,
6.6118,6.5953,8.0784,0.0000,0.0000,0.0488,-0.3992,0.9156,-0.0867,-0.4126,0.9068,-0.0158,-0.4150,0.9097,-0.1457,-0.0099,0.3304,Dark,
6.6240,6.6029,8.0944,0.0000,0.0000,0.0491,-0.3980,0.9161,-0.0879,-0.4115,0.9072,-0.0162,-0.4139,0.9102,-0.1455,-0.0094,0.3303,Dark,
6.6340,6.6146,8.1068,0.0000,0.0000,0.0497,-0.3968,0.9166,-0.0886,-0.4104,0.9076,-0.0162,-0.4129,0.9106,-0.1453,-0.0090,0.3303,Dark,
6.6457,6.6165,8.1308,0.0000,0.0000,0.0507,-0.3972,0.9163,-0.0901,-0.4110,0.9072,-0.0165,-0.4136,0.9103,-0.1452,-0.0086,0.3302,Dark,
6.6565,6.6106,8.1241,0.0000,0.0000,0.0511,-0.3968,0.9165,-0.0908,-0.4106,0.9073,-0.0166,-0.4133,0.9105,-0.1450,-0.0082,0.3302,Dark,
6.6675,6.6375,8.1168,0.0000,0.0000,0.0516,-0.3962,0.9167,-0.0914,-0.4101,0.9074,-0.0166,-0.4128,0.9107,-0.1449,-0.0079,0.3302,Dark,
6.6787,6.6650,8.1101,0.0000,0.0000,0.0524,-0.3967,0.9165,-0.0925,-0.4108,0.9070,-0.0167,-0.4135,0.9103,-0.1448,-0.0075,0.3302,Dark,
6.6900,6.6687,8.1111,0.0000,0.0000,0.0527,-0.3966,0.9165,-0.0931,-0.4108,0.9070,-0.0169,-0.4135,0.9103,-0.1446,-0.0073,0.3302,Dark,
6.7009,6.6940,8.1133,0.0000,0.0000,0.0532,-0.3963,0.9166,-0.0935,-0.4105,0.9071,-0.0168,-0.4133,0.9104,-0.1445,-0.0070,0.3302,Dark,
6.7121,6.7119,8.1338,0.0000,0.0000,0.0537,-0.3978,0.9159,-0.0949,-0.4121,0.9062,-0.0172,-0.4151,0.9096,-0.1443,-0.0068,0.3302,Dark,
6.7236,6.7117,8.1312,0.0000,0.0000,0.0541,-0.3979,0.9158,-0.0955,-0.4123,0.9061,-0.0172,-0.4152,0.9096,-0.1442,-0.0066,0.3302,Dark,
6.7344,6.7051,8.1282,0.0000,0.0000,0.0548,-0.3981,0.9157,-0.0957,-0.4124,0.9059,-0.0170,-0.4155,0.9094,-0.1440,-0.0064,0.3303,Dark,
6.7456,6.6811,8.1409,0.0000,0.0000,0.0553,-0.3995,0.9151,-0.0967,-0.4139,0.9052,-0.0172,-0.4170,0.9087,-0.1438,-0.0061,0.3303,Dark,
6.7574,6.6690,8.1392,0.0000,0.0000,0.0555,-0.3993,0.9151,-0.0974,-0.4137,0.9052,-0.0174,-0.4169,0.9088,-0.1436,-0.0059,0.3304,Dark,
6.7677,6.6739,8.1381,0.0000,0.0000,0.0561,-0.3991,0.9152,-0.0975,-0.4134,0.9053,-0.0172,-0.4167,0.9089,-0.1435,-0.0056,0.3305,Dark,
6.7789,6.6849,8.1239,0.0000,0.0000,0.0568,-0.3997,0.9149,-0.0982,-0.4141,0.9049,-0.0172,-0.4174,0.9085,-0.1432,-0.0054,0.3305,Dark,
6.7904,6.6849,8.1194,0.0000,0.0000,0.0574,-0.3993,0.9150,-0.0983,-0.4136,0.9052,-0.0169,-0.4170,0.9088,-0.1430,-0.0052,0.3306,Dark,
6.8012,6.6848,8.1166,0.0000,0.0000,0.0557,-0.4018,0.9140,-0.1006,-0.4159,0.9038,-0.0189,-0.4195,0.9076,-0.1428,-0.0050,0.3307,Dark,
6.8123,6.6930,8.1368,0.0000,0.0000,0.0565,-0.4029,0.9135,-0.1010,-0.4170,0.9033,-0.0187,-0.4206,0.9070,-0.1426,-0.0049,0.3307,Dark,
6.8235,6.7013,8.1452,0.0000,0.0000,0.0572,-0.4028,0.9135,-0.1010,-0.4169,0.9033,-0.0183,-0.4206,0.9070,-0.1425,-0.0047,0.3307,Dark,
6.8345,6.7068,8.1396,0.0000,0.0000,0.0573,-0.4037,0.9131,-0.1013,-0.4177,0.9029,-0.0184,-0.4215,0.9066,-0.1423,-0.0046,0.3307,Dark,
6.8458,6.7143,8.1321,0.0000,0.0000,0.0575,-0.4049,0.9125,-0.1022,-0.4188,0.9023,-0.0187,-0.4227,0.9061,-0.1421,-0.0044,0.3307,Dark,
6.8569,6.7148,8.1279,0.0000,0.0000,0.0578,-0.4054,0.9123,-0.1024,-0.4191,0.9021,-0.0188,-0.4232,0.9059,-0.1419,-0.0042,0.3307,Dark,
6.8683,6.7119,8.1103,0.0000,0.0000,0.0584,-0.4056,0.9122,-0.1027,-0.4193,0.9020,-0.0185,-0.4234,0.9057,-0.1417,-0.0041,0.3308,Dark,
6.8792,6.7111,8.1091,0.0000,0.0000,0.0586,-0.4066,0.9117,-0.1030,-0.4202,0.9016,-0.0186,-0.4244,0.9053,-0.1415,-0.0040,0.3308,Dark,
6.8903,6.6941,8.1081,0.0000,0.0000,0.0590,-0.4073,0.9114,-0.1030,-0.4208,0.9013,-0.0184,-0.4251,0.9050,-0.1413,-0.0040,0.3307,Dark,
6.9016,6.6786,8.0995,0.0000,0.0000,0.0593,-0.4088,0.9107,-0.1035,-0.4223,0.9005,-0.0185,-0.4266,0.9042,-0.1411,-0.0040,0.3307,Dark,
6.9125,6.6784,8.0930,0.0000,0.0000,0.0598,-0.4092,0.9105,-0.1034,-0.4227,0.9004,-0.0182,-0.4271,0.9040,-0.1408,-0.0039,0.3306,Dark,
6.9237,6.6774,8.0869,0.0000,0.0000,0.0604,-0.4092,0.9104,-0.1031,-0.4226,0.9004,-0.0177,-0.4271,0.9040,-0.1406,-0.0038,0.3306,Dark,
6.9348,6.6784,8.0674,0.0000,0.0000,0.0611,-0.4102,0.9100,-0.1032,-0.4235,0.9000,-0.0174,-0.4281,0.9036,-0.1405,-0.0037,0.3306,Dark,
6.9462,6.6786,8.0593,0.0000,0.0000,0.0620,-0.4099,0.9100,-0.1028,-0.4232,0.9002,-0.0168,-0.4278,0.9037,-0.1402,-0.0036,0.3306,Dark,
6.9574,6.6598,8.0534,0.0000,0.0000,0.0627,-0.4102,0.9099,-0.1024,-0.4235,0.9001,-0.0162,-0.4281,0.9036,-0.1400,-0.0036,0.3306,Dark,
6.9683,6.6301,8.0667,0.0000,0.0000,0.0630,-0.4112,0.9094,-0.1027,-0.4245,0.8996,-0.0162,-0.4292,0.9031,-0.1399,-0.0035,0.3307,Dark,
6.9794,6.6303,8.0674,0.0000,0.0000,0.0631,-0.4119,0.9090,-0.1030,-0.4252,0.8992,-0.0163,-0.4299,0.9027,-0.1397,-0.0036,0.3306,Dark,
6.9906,6.6321,8.0681,0.0000,0.0000,0.0642,-0.4113,0.9092,-0.1022,-0.4246,0.8996,-0.0154,-0.4293,0.9030,-0.1395,-0.0035,0.3307,Dark,
7.0021,6.6354,8.0627,0.0000,0.0000,0.0646,-0.4107,0.9095,-0.1020,-0.4241,0.8999,-0.0151,-0.4288,0.9033,-0.1393,-0.0035,0.3309,Dark,
7.0131,6.6481,8.0327,0.0000,0.0000,0.0649,-0.4103,0.9096,-0.1024,-0.4237,0.9000,-0.0151,-0.4284,0.9034,-0.1390,-0.0033,0.3312,Dark,
7.0247,6.6351,8.0130,0.0000,0.0000,0.0660,-0.4089,0.9102,-0.1017,-0.4222,0.9008,-0.0142,-0.4270,0.9041,-0.1388,-0.0031,0.3316,Dark,
7.0350,6.6225,8.0162,0.0000,0.0000,0.0675,-0.4071,0.9109,-0.1008,-0.4204,0.9017,-0.0130,-0.4253,0.9050,-0.1385,-0.0030,0.3322,Dark,
7.0463,6.6137,8.0145,0.0000,0.0000,0.0690,-0.4061,0.9112,-0.1008,-0.4195,0.9021,-0.0122,-0.4244,0.9054,-0.1382,-0.0029,0.3329,Dark,
7.0575,6.5949,8.0107,0.0000,0.0000,0.0709,-0.4048,0.9117,-0.0997,-0.4181,0.9029,-0.0107,-0.4231,0.9060,-0.1379,-0.0028,0.3336,Dark,
7.0688,6.5869,8.0011,0.0000,0.0000,0.0727,-0.4040,0.9119,-0.0999,-0.4174,0.9032,-0.0099,-0.4225,0.9063,-0.1375,-0.0029,0.3345,Dark,
7.0797,6.5924,8.0096,0.0000,0.0000,0.0746,-0.4026,0.9123,-0.0992,-0.4161,0.9039,-0.0086,-0.4213,0.9069,-0.1371,-0.0029,0.3355,Dark,
7.0908,6.6051,8.0180,0.0000,0.0000,0.0767,-0.4007,0.9130,-0.0982,-0.4143,0.9048,-0.0070,-0.4195,0.9077,-0.1367,-0.0029,0.3368,Dark,
7.1026,6.6356,8.0230,0.0000,0.0000,0.0787,-0.3996,0.9133,-0.0986,-0.4133,0.9053,-0.0062,-0.4186,0.9081,-0.1362,-0.0029,0.3383,Dark,
7.1135,6.6493,8.0245,0.0000,0.0000,0.0806,-0.3982,0.9137,-0.0981,-0.4119,0.9059,-0.0049,-0.4174,0.9087,-0.1358,-0.0029,0.3398,Dark,
7.1248,6.6501,8.0244,0.0000,0.0000,0.0828,-0.3973,0.9140,-0.0971,-0.4110,0.9065,-0.0033,-0.4165,0.9091,-0.1354,-0.0030,0.3416,Dark,
7.1356,6.6430,8.0422,0.0000,0.0000,0.0855,-0.3969,0.9139,-0.0971,-0.4107,0.9066,-0.0019,-0.4164,0.9092,-0.1350,-0.0031,0.3435,Dark,
7.1466,6.6372,8.0654,0.0000,0.0000,0.0876,-0.3961,0.9140,-0.0951,-0.4097,0.9072,0.0001,-0.4155,0.9096,-0.1345,-0.0032,0.3456,Dark,
7.1579,6.6062,8.0841,0.0000,0.0000,0.0973,-0.3912,0.9151,-0.0858,-0.4052,0.9102,0.0097,-0.4109,0.9116,-0.1341,-0.0033,0.3477,Dark,
7.1695,6.5479,8.0364,0.0000,0.0000,0.1133,-0.3839,0.9164,-0.0609,-0.3982,0.9153,0.0301,-0.4031,0.9147,-0.1337,-0.0034,0.3502,Dark,
7.1803,6.5218,8.0306,0.0000,0.0000,0.1319,-0.3747,0.9177,-0.0336,-0.3893,0.9205,0.0529,-0.3933,0.9179,-0.1333,-0.0035,0.3527,Dark,
7.1915,6.4996,8.0262,0.0000,0.0000,0.1472,-0.3652,0.9192,-0.0141,-0.3801,0.9249,0.0704,-0.3837,0.9208,-0.1329,-0.0037,0.3555,Dark,
7.2026,6.4671,7.9946,0.0000,0.0000,0.1569,-0.3605,0.9195,0.0033,-0.3751,0.9270,0.0837,-0.3783,0.9219,-0.1326,-0.0039,0.3586,Dark,
7.2135,6.4542,7.9846,0.0000,0.0000,0.1620,-0.3587,0.9193,0.0125,-0.3730,0.9278,0.0908,-0.3761,0.9221,-0.1322,-0.0041,0.3617,Dark,
7.2247,6.4355,7.9754,0.0000,0.0000,0.1667,-0.3561,0.9195,0.0196,-0.3701,0.9288,0.0966,-0.3732,0.9227,-0.1319,-0.0044,0.3651,Dark,
7.2361,6.4304,7.9644,0.0000,0.0000,0.1678,-0.3556,0.9195,0.0249,-0.3691,0.9290,0.0996,-0.3721,0.9228,-0.1317,-0.0047,0.3688,Dark,
7.2475,6.4401,7.9700,0.0000,0.0000,0.1695,-0.3543,0.9196,0.0285,-0.3675,0.9296,0.1022,-0.3705,0.9232,-0.1315,-0.0050,0.3726,Dark,
7.2583,6.4598,7.9751,0.0000,0.0000,0.1712,-0.3526,0.9200,0.0309,-0.3655,0.9303,0.1042,-0.3686,0.9237,-0.1313,-0.0054,0.3767,Dark,
7.2696,6.4813,7.9704,0.0000,0.0000,0.1679,-0.3552,0.9196,0.0284,-0.3678,0.9295,0.1012,-0.3711,0.9231,-0.1311,-0.0058,0.3808,Dark,
7.2802,6.4827,7.9751,0.0000,0.0000,0.1690,-0.3555,0.9193,0.0298,-0.3679,0.9294,0.1025,-0.3712,0.9229,-0.1309,-0.0064,0.3852,Dark,
7.2915,6.4846,7.9787,0.0000,0.0000,0.1685,-0.3559,0.9192,0.0295,-0.3682,0.9293,0.1021,-0.3715,0.9228,-0.1306,-0.0070,0.3895,Dark,
7.3030,6.4739,8.0058,0.0000,0.0000,0.1687,-0.3562,0.9191,0.0305,-0.3682,0.9292,0.1026,-0.3717,0.9227,-0.1305,-0.0077,0.3941,Dark,
7.3138,6.4649,8.0126,0.0000,0.0000,0.1680,-0.3594,0.9179,0.0300,-0.3713,0.9280,0.1020,-0.3748,0.9215,-0.1303,-0.0085,0.3987,Dark,
7.3249,6.4778,8.0169,0.0000,0.0000,0.1694,-0.3612,0.9170,0.0316,-0.3730,0.9273,0.1035,-0.3765,0.9206,-0.1300,-0.0094,0.4033,Dark,
7.3365,6.4974,8.0404,0.0000,0.0000,0.1697,-0.3631,0.9162,0.0317,-0.3748,0.9266,0.1037,-0.3784,0.9198,-0.1298,-0.0102,0.4081,Dark,
7.3476,6.5050,8.0391,0.0000,0.0000,0.1701,-0.3658,0.9150,0.0318,-0.3774,0.9255,0.1039,-0.3810,0.9187,-0.1296,-0.0110,0.4129,Dark,
7.3582,6.5365,8.0396,0.0000,0.0000,0.1710,-0.3682,0.9139,0.0320,-0.3796,0.9246,0.1045,-0.3834,0.9177,-0.1293,-0.0118,0.4176,Dark,
7.3702,6.5222,8.0402,0.0000,0.0000,0.1723,-0.3715,0.9123,0.0330,-0.3827,0.9233,0.1056,-0.3866,0.9162,-0.1290,-0.0128,0.4224,Dark,
7.3808,6.5096,8.0282,0.0000,0.0000,0.1735,-0.3758,0.9103,0.0339,-0.3868,0.9215,0.1066,-0.3908,0.9143,-0.1288,-0.0136,0.4272,Dark,
7.3917,6.5014,8.0255,0.0000,0.0000,0.1750,-0.3789,0.9087,0.0349,-0.3897,0.9203,0.1079,-0.3939,0.9128,-0.1284,-0.0144,0.4319,Dark,
7.4031,6.5041,8.0312,0.0000,0.0000,0.1769,-0.3824,0.9069,0.0366,-0.3931,0.9188,0.1097,-0.3974,0.9111,-0.1282,-0.0152,0.4368,Dark,
7.4141,6.5086,8.0479,0.0000,0.0000,0.1776,-0.3868,0.9049,0.0367,-0.3972,0.9170,0.1101,-0.4016,0.9092,-0.1280,-0.0161,0.4415,Dark,
7.4257,6.5192,8.0594,0.0000,0.0000,0.1776,-0.3908,0.9032,0.0359,-0.4010,0.9154,0.1097,-0.4056,0.9074,-0.1278,-0.0170,0.4461,Dark,
7.4367,6.5218,8.0549,0.0000,0.0000,0.1789,-0.3957,0.9008,0.0371,-0.4058,0.9132,0.1109,-0.4104,0.9051,-0.1277,-0.0180,0.4507,Dark,
7.4478,6.5233,8.0385,0.0000,0.0000,0.1795,-0.4013,0.8982,0.0371,-0.4112,0.9108,0.1112,-0.4160,0.9026,-0.1275,-0.0189,0.4553,Dark,
7.4585,6.5347,8.0246,0.0000,0.0000,0.1800,-0.4057,0.8961,0.0365,-0.4153,0.9089,0.1112,-0.4203,0.9005,-0.1274,-0.0197,0.4599,Dark,
7.4698,6.5388,8.0272,0.0000,0.0000,0.1815,-0.4115,0.8931,0.0372,-0.4209,0.9063,0.1122,-0.4261,0.8977,-0.1274,-0.0205,0.4644,Dark,
7.4808,6.5430,8.0277,0.0000,0.0000,0.1814,-0.4154,0.8914,0.0364,-0.4245,0.9047,0.1118,-0.4299,0.8959,-0.1274,-0.0213,0.4689,Dark,
7.4918,6.5313,8.0383,0.0000,0.0000,0.1811,-0.4186,0.8899,0.0350,-0.4276,0.9033,0.1109,-0.4331,0.8945,-0.1272,-0.0222,0.4733,Dark,
7.5030,6.5260,8.0453,0.0000,0.0000,0.1829,-0.4241,0.8869,0.0360,-0.4332,0.9006,0.1123,-0.4387,0.8916,-0.1272,-0.0231,0.4776,Dark,
7.5151,6.5326,8.0495,0.0000,0.0000,0.1830,-0.4278,0.8852,0.0357,-0.4366,0.8989,0.1122,-0.4423,0.8898,-0.1273,-0.0239,0.4820,Dark,
7.5261,6.5310,8.0182,0.0000,0.0000,0.1824,-0.4292,0.8846,0.0330,-0.4377,0.8985,0.1107,-0.4437,0.8893,-0.1273,-0.0246,0.4863,Dark,
7.5368,6.5252,7.9847,0.0000,0.0000,0.1825,-0.4319,0.8832,0.0321,-0.4403,0.8973,0.1103,-0.4464,0.8880,-0.1274,-0.0253,0.4906,Dark,
7.5480,6.4964,7.9481,0.0000,0.0000,0.1819,-0.4337,0.8825,0.0316,-0.4418,0.8966,0.1097,-0.4481,0.8873,-0.1276,-0.0260,0.4949,Dark,
7.5592,6.4805,7.9442,0.0000,0.0000,0.1811,-0.4359,0.8816,0.0318,-0.4436,0.8957,0.1093,-0.4500,0.8863,-0.1277,-0.0267,0.4991,Dark,
7.5704,6.4692,7.9435,0.0000,0.0000,0.1808,-0.4379,0.8807,0.0320,-0.4453,0.8948,0.1092,-0.4518,0.8854,-0.1279,-0.0274,0.5034,Dark,
7.5813,6.4466,7.9300,0.0000,0.0000,0.1788,-0.4380,0.8810,0.0324,-0.4450,0.8949,0.1083,-0.4516,0.8856,-0.1281,-0.0281,0.5076,Dark,
7.5924,6.4432,7.9165,0.0000,0.0000,0.1779,-0.4394,0.8805,0.0327,-0.4462,0.8943,0.1080,-0.4527,0.8851,-0.1282,-0.0288,0.5117,Dark,
7.6037,6.4413,7.9181,0.0000,0.0000,0.1772,-0.4410,0.8798,0.0331,-0.4476,0.8936,0.1078,-0.4541,0.8844,-0.1284,-0.0295,0.5159,Dark,
7.6147,6.4265,7.9259,0.0000,0.0000,0.1754,-0.4420,0.8797,0.0336,-0.4484,0.8932,0.1071,-0.4549,0.8841,-0.1287,-0.0302,0.5199,Dark,
7.6257,6.4358,7.9315,0.0000,0.0000,0.1745,-0.4440,0.8789,0.0340,-0.4503,0.8922,0.1068,-0.4567,0.8832,-0.1289,-0.0310,0.5238,Dark,
7.6368,6.4438,7.9307,0.0000,0.0000,0.1736,-0.4455,0.8783,0.0336,-0.4517,0.8915,0.1061,-0.4581,0.8825,-0.1292,-0.0319,0.5278,Dark,
7.6479,6.4339,7.9401,0.0000,0.0000,0.1716,-0.4450,0.8789,0.0322,-0.4510,0.8919,0.1044,-0.4575,0.8831,-0.1294,-0.0328,0.5316,Dark,
7.6594,6.4313,7.9500,0.0000,0.0000,0.1706,-0.4458,0.8787,0.0312,-0.4518,0.8915,0.1034,-0.4583,0.8827,-0.1297,-0.0337,0.5355,Dark,
7.6705,6.4282,7.9119,0.0000,0.0000,0.1699,-0.4465,0.8785,0.0303,-0.4524,0.8913,0.1026,-0.4590,0.8825,-0.1300,-0.0345,0.5394,Dark,
7.6819,6.4259,7.8578,0.0000,0.0000,0.1684,-0.4453,0.8794,0.0283,-0.4510,0.8921,0.1009,-0.4577,0.8834,-0.1303,-0.0354,0.5432,Dark,
7.6925,6.4176,7.8400,0.0000,0.0000,0.1674,-0.4465,0.8790,0.0273,-0.4522,0.8915,0.0998,-0.4589,0.8829,-0.1305,-0.0364,0.5470,Dark,
7.7038,6.4106,7.8471,0.0000,0.0000,0.1664,-0.4479,0.8785,0.0259,-0.4535,0.8909,0.0987,-0.4603,0.8823,-0.1308,-0.0374,0.5507,Dark,
7.7149,6.4229,7.8620,0.0000,0.0000,0.1645,-0.4480,0.8788,0.0236,-0.4535,0.8909,0.0965,-0.4604,0.8825,-0.1310,-0.0384,0.5543,Dark,
7.7259,6.4283,7.8639,0.0000,0.0000,0.1632,-0.4502,0.8779,0.0221,-0.4557,0.8899,0.0952,-0.4625,0.8815,-0.1313,-0.0395,0.5578,Dark,
7.7373,6.4331,7.8400,0.0000,0.0000,0.1620,-0.4527,0.8768,0.0207,-0.4581,0.8887,0.0939,-0.4650,0.8803,-0.1315,-0.0405,0.5612,Dark,
7.7482,6.4100,7.8119,0.0000,0.0000,0.1595,-0.4538,0.8767,0.0182,-0.4590,0.8882,0.0914,-0.4660,0.8800,-0.1317,-0.0416,0.5646,Dark,
7.7596,6.4076,7.8090,0.0000,0.0000,0.1579,-0.4564,0.8757,0.0166,-0.4615,0.8870,0.0898,-0.4686,0.8789,-0.1320,-0.0428,0.5679,Dark,
7.7705,6.4065,7.8176,0.0000,0.0000,0.1565,-0.4583,0.8749,0.0152,-0.4634,0.8860,0.0883,-0.4705,0.8780,-0.1322,-0.0439,0.5710,Dark,
7.7821,6.3975,7.8324,0.0000,0.0000,0.1536,-0.4588,0.8752,0.0128,-0.4637,0.8859,0.0857,-0.4708,0.8781,-0.1324,-0.0449,0.5742,Dark,
7.7930,6.4026,7.8353,0.0000,0.0000,0.1518,-0.4605,0.8746,0.0114,-0.4653,0.8851,0.0841,-0.4724,0.8773,-0.1325,-0.0460,0.5774,Dark,
7.8041,6.4062,7.8509,0.0000,0.0000,0.1503,-0.4622,0.8740,0.0101,-0.4667,0.8843,0.0826,-0.4740,0.8767,-0.1327,-0.0470,0.5804,Dark,
7.8153,6.3869,7.8621,0.0000,0.0000,0.1479,-0.4625,0.8742,0.0082,-0.4668,0.8843,0.0805,-0.4742,0.8767,-0.1329,-0.0480,0.5833,Dark,
7.8262,6.3717,7.8608,0.0000,0.0000,0.1472,-0.4651,0.8729,0.0076,-0.4694,0.8830,0.0798,-0.4767,0.8754,-0.1330,-0.0490,0.5863,Dark,
7.8377,6.3591,7.8614,0.0000,0.0000,0.1464,-0.4672,0.8720,0.0068,-0.4715,0.8818,0.0790,-0.4788,0.8744,-0.1331,-0.0500,0.5890,Dark,
7.8488,6.3482,7.8340,0.0000,0.0000,0.1444,-0.4673,0.8722,0.0048,-0.4715,0.8819,0.0770,-0.4788,0.8745,-0.1332,-0.0510,0.5917,Dark,
7.8596,6.3534,7.8127,0.0000,0.0000,0.1434,-0.4688,0.8716,0.0040,-0.4729,0.8811,0.0761,-0.4803,0.8738,-0.1333,-0.0520,0.5943,Dark,
7.8709,6.3585,7.8015,0.0000,0.0000,0.1428,-0.4701,0.8710,0.0034,-0.4742,0.8804,0.0755,-0.4816,0.8732,-0.1333,-0.0530,0.5967,Dark,
7.8825,6.3531,7.7980,0.0000,0.0000,0.1417,-0.4701,0.8711,0.0024,-0.4741,0.8805,0.0745,-0.4816,0.8732,-0.1333,-0.0539,0.5991,Dark,
7.8937,6.3827,7.8046,0.0000,0.0000,0.1409,-0.4700,0.8714,0.0015,-0.4738,0.8806,0.0736,-0.4813,0.8734,-0.1332,-0.0549,0.6014,Dark,
7.9040,6.4071,7.8496,0.0000,0.0000,0.1343,-0.4615,0.8769,-0.0056,-0.4648,0.8854,0.0667,-0.4727,0.8787,-0.1331,-0.0559,0.6036,Dark,
7.9154,6.5132,7.9321,0.0000,0.0000,0.1110,-0.4497,0.8863,-0.0305,-0.4512,0.8919,0.0424,-0.4601,0.8869,-0.1329,-0.0570,0.6055,Dark,
7.9264,6.5696,7.9673,0.0000,0.0000,0.1122,-0.4526,0.8846,-0.0298,-0.4542,0.8904,0.0434,-0.4631,0.8852,-0.1326,-0.0581,0.6075,Dark,
7.9376,6.6109,8.0069,0.0000,0.0000,0.1073,-0.4654,0.8786,-0.0363,-0.4669,0.8835,0.0377,-0.4759,0.8787,-0.1324,-0.0592,0.6093,Dark,
7.9489,6.6606,8.0542,0.0000,0.0000,0.1104,-0.4870,0.8664,-0.0375,-0.4889,0.8715,0.0387,-0.4979,0.8663,-0.1322,-0.0602,0.6111,Dark,
7.9601,6.6585,8.0675,0.0000,0.0000,0.1126,-0.4944,0.8619,-0.0380,-0.4964,0.8672,0.0396,-0.5056,0.8618,-0.1320,-0.0610,0.6129,Dark,
7.9711,6.6543,8.0684,0.0000,0.0000,0.1159,-0.5000,0.8582,-0.0379,-0.5022,0.8639,0.0414,-0.5115,0.8583,-0.1318,-0.0618,0.6146,Dark,
7.9826,6.6479,8.0672,0.0000,0.0000,0.1174,-0.5032,0.8561,-0.0396,-0.5054,0.8620,0.0413,-0.5150,0.8562,-0.1316,-0.0625,0.6164,Dark,
7.9935,6.6386,8.0434,0.0000,0.0000,0.1237,-0.5084,0.8522,-0.0389,-0.5109,0.8588,0.0450,-0.5207,0.8526,-0.1316,-0.0631,0.6182,Dark,
8.0047,6.6365,8.0385,0.0000,0.0000,0.1240,-0.5103,0.8510,-0.0413,-0.5127,0.8576,0.0440,-0.5228,0.8513,-0.1315,-0.0637,0.6198,Dark,
8.0164,6.6141,8.0328,0.0000,0.0000,0.1270,-0.5110,0.8501,-0.0428,-0.5135,0.8570,0.0448,-0.5239,0.8506,-0.1314,-0.0643,0.6214,Dark,
8.0270,6.6097,8.0313,0.0000,0.0000,0.1277,-0.5112,0.8499,-0.0441,-0.5136,0.8569,0.0445,-0.5242,0.8504,-0.1313,-0.0649,0.6231,Dark,
8.0383,6.6067,8.0309,0.0000,0.0000,0.1284,-0.5111,0.8499,-0.0457,-0.5134,0.8569,0.0442,-0.5242,0.8504,-0.1313,-0.0655,0.6246,Dark,
8.0495,6.6035,8.0306,0.0000,0.0000,0.1298,-0.5101,0.8503,-0.0481,-0.5122,0.8575,0.0437,-0.5234,0.8509,-0.1314,-0.0662,0.6262,Dark,
8.0604,6.6075,8.0311,0.0000,0.0000,0.1305,-0.5100,0.8502,-0.0490,-0.5120,0.8576,0.0437,-0.5234,0.8509,-0.1314,-0.0668,0.6277,Dark,
8.0712,6.6105,8.0384,0.0000,0.0000,0.1310,-0.5101,0.8501,-0.0501,-0.5120,0.8575,0.0434,-0.5236,0.8508,-0.1314,-0.0675,0.6290,Dark,
8.0825,6.6240,8.0539,0.0000,0.0000,0.1314,-0.5090,0.8507,-0.0523,-0.5106,0.8582,0.0425,-0.5226,0.8515,-0.1315,-0.0682,0.6304,Dark,
8.0938,6.6255,8.0613,0.0000,0.0000,0.1312,-0.5090,0.8507,-0.0535,-0.5105,0.8582,0.0418,-0.5226,0.8515,-0.1316,-0.0689,0.6318,Dark,
8.1046,6.6260,8.0660,0.0000,0.0000,0.1306,-0.5096,0.8504,-0.0550,-0.5110,0.8578,0.0408,-0.5233,0.8512,-0.1317,-0.0697,0.6330,Dark,
8.1159,6.6126,8.0665,0.0000,0.0000,0.1300,-0.5098,0.8504,-0.0571,-0.5110,0.8577,0.0395,-0.5235,0.8511,-0.1318,-0.0705,0.6342,Dark,
8.1277,6.6117,8.0639,0.0000,0.0000,0.1292,-0.5110,0.8498,-0.0584,-0.5120,0.8570,0.0384,-0.5246,0.8505,-0.1320,-0.0712,0.6354,Dark,
8.1382,6.6117,8.0637,0.0000,0.0000,0.1286,-0.5124,0.8491,-0.0597,-0.5133,0.8561,0.0375,-0.5260,0.8497,-0.1321,-0.0719,0.6365,Dark,
8.1495,6.5981,8.0525,0.0000,0.0000,0.1282,-0.5131,0.8487,-0.0612,-0.5138,0.8557,0.0365,-0.5267,0.8493,-0.1322,-0.0725,0.6376,Dark,
8.1605,6.5812,8.0433,0.0000,0.0000,0.1281,-0.5148,0.8477,-0.0618,-0.5155,0.8546,0.0362,-0.5285,0.8482,-0.1324,-0.0731,0.6387,Dark,
8.1717,6.5672,8.0476,0.0000,0.0000,0.1273,-0.5164,0.8468,-0.0630,-0.5171,0.8536,0.0352,-0.5301,0.8472,-0.1326,-0.0737,0.6397,Dark,
8.1829,6.5617,8.0350,0.0000,0.0000,0.1270,-0.5172,0.8464,-0.0641,-0.5178,0.8531,0.0345,-0.5309,0.8467,-0.1329,-0.0742,0.6406,Dark,
8.1948,6.5624,8.0218,0.0000,0.0000,0.1260,-0.5183,0.8459,-0.0655,-0.5186,0.8525,0.0333,-0.5318,0.8462,-0.1332,-0.0745,0.6416,Dark,
8.2049,6.5415,8.0108,0.0000,0.0000,0.1257,-0.5204,0.8446,-0.0661,-0.5206,0.8512,0.0328,-0.5339,0.8449,-0.1335,-0.0749,0.6425,Dark,
8.2160,6.5413,7.9958,0.0000,0.0000,0.1252,-0.5205,0.8446,-0.0670,-0.5205,0.8512,0.0321,-0.5340,0.8449,-0.1338,-0.0752,0.6433,Dark,
8.2277,6.5408,7.9935,0.0000,0.0000,0.1251,-0.5205,0.8446,-0.0673,-0.5205,0.8512,0.0320,-0.5340,0.8449,-0.1342,-0.0753,0.6444,Dark,
8.2383,6.5239,7.9943,0.0000,0.0000,0.1252,-0.5208,0.8445,-0.0673,-0.5207,0.8511,0.0320,-0.5342,0.8447,-0.1346,-0.0755,0.6452,Dark,
8.2497,6.4967,7.9870,0.0000,0.0000,0.1260,-0.5201,0.8447,-0.0666,-0.5203,0.8514,0.0328,-0.5337,0.8450,-0.1349,-0.0756,0.6460,Dark,
8.2609,6.4861,7.9743,0.0000,0.0000,0.1262,-0.5198,0.8449,-0.0664,-0.5199,0.8516,0.0330,-0.5333,0.8453,-0.1353,-0.0756,0.6470,Dark,
8.2718,6.5175,8.0181,0.0000,0.0000,0.1321,-0.5173,0.8456,-0.0625,-0.5178,0.8532,0.0380,-0.5312,0.8464,-0.1357,-0.0757,0.6478,Dark,
8.2830,6.5161,8.0350,0.0000,0.0000,0.1341,-0.5164,0.8458,-0.0625,-0.5170,0.8537,0.0390,-0.5306,0.8467,-0.1361,-0.0757,0.6486,Dark,
8.2943,6.5140,8.0424,0.0000,0.0000,0.1521,-0.5098,0.8467,-0.0434,-0.5121,0.8578,0.0578,-0.5248,0.8493,-0.1366,-0.0757,0.6495,Dark,
8.3055,6.5224,8.0745,0.0000,0.0000,0.2436,-0.4799,0.8428,0.0528,-0.4905,0.8698,0.1529,-0.4989,0.8531,-0.1371,-0.0757,0.6503,Dark,
8.3165,6.5161,8.0916,0.0000,0.0000,0.2702,-0.4699,0.8403,0.0806,-0.4827,0.8721,0.1804,-0.4899,0.8529,-0.1376,-0.0757,0.6511,Dark,
8.3275,6.5122,8.0915,0.0000,0.0000,0.2994,-0.4621,0.8348,0.1199,-0.4771,0.8707,0.2147,-0.4825,0.8492,-0.1382,-0.0757,0.6520,Dark,
8.3387,6.4825,8.1034,0.0000,0.0000,0.3224,-0.4549,0.8301,0.1517,-0.4714,0.8688,0.2421,-0.4755,0.8458,-0.1388,-0.0758,0.6527,Dark,
8.3502,6.4581,8.1121,0.0000,0.0000,0.3295,-0.4540,0.8278,0.1614,-0.4711,0.8672,0.2505,-0.4747,0.8438,-0.1394,-0.0759,0.6536,Dark,
8.3611,6.4393,8.1334,0.0000,0.0000,0.3323,-0.4542,0.8266,0.1701,-0.4713,0.8654,0.2560,-0.4744,0.8422,-0.1400,-0.0760,0.6543,Dark,
8.3719,6.4485,8.1682,0.0000,0.0000,0.3115,-0.4629,0.8299,0.2045,-0.4749,0.8560,0.2605,-0.4763,0.8398,-0.1406,-0.0762,0.6550,Dark,
8.3834,6.4709,8.1792,0.0000,0.0000,0.3002,-0.4667,0.8319,0.2172,-0.4761,0.8521,0.2603,-0.4770,0.8395,-0.1413,-0.0763,0.6557,Dark,
8.3947,6.4901,8.1734,0.0000,0.0000,0.2924,-0.4703,0.8327,0.2233,-0.4782,0.8494,0.2591,-0.4788,0.8388,-0.1419,-0.0764,0.6566,Dark,
8.4057,6.5233,8.1638,0.0000,0.0000,0.2792,-0.4766,0.8336,0.2252,-0.4828,0.8463,0.2530,-0.4833,0.8381,-0.1426,-0.0767,0.6573,Dark,
8.4167,6.5330,8.1620,0.0000,0.0000,0.2774,-0.4774,0.8337,0.2282,-0.4832,0.8453,0.2535,-0.4835,0.8378,-0.1432,-0.0769,0.6580,Dark,
8.4277,6.5392,8.1629,0.0000,0.0000,0.2711,-0.4800,0.8343,0.2253,-0.4854,0.8448,0.2489,-0.4857,0.8380,-0.1438,-0.0772,0.6587,Dark,
8.4390,6.5451,8.1830,0.0000,0.0000,0.2680,-0.4828,0.8337,0.2272,-0.4876,0.8430,0.2482,-0.4878,0.8369,-0.1444,-0.0775,0.6594,Dark,
8.4501,6.5572,8.1977,0.0000,0.0000,0.2667,-0.4838,0.8335,0.2277,-0.4885,0.8423,0.2478,-0.4887,0.8365,-0.1451,-0.0778,0.6600,Dark,
8.4618,6.5740,8.2076,0.0000,0.0000,0.2636,-0.4859,0.8333,0.2273,-0.4902,0.8414,0.2459,-0.4904,0.8361,-0.1457,-0.0781,0.6606,Dark,
8.4723,6.5792,8.2222,0.0000,0.0000,0.2622,-0.4872,0.8330,0.2269,-0.4914,0.8408,0.2450,-0.4916,0.8356,-0.1463,-0.0785,0.6611,Dark,
8.4839,6.5882,8.2329,0.0000,0.0000,0.2615,-0.4879,0.8328,0.2271,-0.4921,0.8404,0.2448,-0.4922,0.8354,-0.1469,-0.0789,0.6616,Dark,
8.4947,6.5988,8.2543,0.0000,0.0000,0.2617,-0.4874,0.8330,0.2288,-0.4914,0.8403,0.2457,-0.4915,0.8355,-0.1476,-0.0792,0.6621,Dark,
8.5060,6.6021,8.2654,0.0000,0.0000,0.2617,-0.4869,0.8333,0.2295,-0.4909,0.8405,0.2460,-0.4909,0.8357,-0.1483,-0.0796,0.6625,Dark,
8.5171,6.5949,8.2730,0.0000,0.0000,0.2611,-0.4880,0.8329,0.2293,-0.4919,0.8399,0.2456,-0.4920,0.8352,-0.1490,-0.0800,0.6629,Dark,
8.5281,6.5836,8.2958,0.0000,0.0000,0.2614,-0.4866,0.8336,0.2305,-0.4904,0.8405,0.2463,-0.4905,0.8359,-0.1497,-0.0802,0.6635,Dark,
8.5391,6.5802,8.2864,0.0000,0.0000,0.2618,-0.4863,0.8336,0.2312,-0.4901,0.8404,0.2469,-0.4902,0.8359,-0.1504,-0.0805,0.6639,Dark,
8.5511,6.5859,8.2778,0.0000,0.0000,0.2616,-0.4869,0.8334,0.2313,-0.4907,0.8401,0.2468,-0.4907,0.8356,-0.1512,-0.0809,0.6642,Dark,
8.5615,6.5994,8.2939,0.0000,0.0000,0.2622,-0.4855,0.8340,0.2325,-0.4892,0.8406,0.2477,-0.4893,0.8362,-0.1521,-0.0811,0.6647,Dark,
8.5728,6.6052,8.2871,0.0000,0.0000,0.2622,-0.4853,0.8341,0.2327,-0.4890,0.8406,0.2479,-0.4891,0.8363,-0.1529,-0.0813,0.6651,Dark,
8.5837,6.6215,8.2824,0.0000,0.0000,0.2619,-0.4853,0.8342,0.2326,-0.4889,0.8407,0.2477,-0.4890,0.8364,-0.1539,-0.0816,0.6655,Dark,
8.5949,6.6259,8.2581,0.0000,0.0000,0.2621,-0.4841,0.8348,0.2331,-0.4877,0.8413,0.2480,-0.4878,0.8370,-0.1548,-0.0818,0.6659,Dark,
8.6060,6.6181,8.2622,0.0000,0.0000,0.2619,-0.4842,0.8348,0.2330,-0.4879,0.8413,0.2478,-0.4879,0.8370,-0.1558,-0.0820,0.6662,Dark,
8.6170,6.6096,8.2649,0.0000,0.0000,0.2620,-0.4839,0.8350,0.2333,-0.4876,0.8413,0.2480,-0.4876,0.8371,-0.1568,-0.0821,0.6665,Dark,
8.6282,6.6021,8.2694,0.0000,0.0000,0.2620,-0.4841,0.8349,0.2333,-0.4878,0.8412,0.2480,-0.4878,0.8370,-0.1579,-0.0820,0.6668,Dark,
8.6396,6.6104,8.2787,0.0000,0.0000,0.2620,-0.4850,0.8344,0.2335,-0.4887,0.8406,0.2481,-0.4887,0.8365,-0.1590,-0.0821,0.6671,Dark,
8.6505,6.6252,8.2816,0.0000,0.0000,0.2619,-0.4848,0.8345,0.2336,-0.4884,0.8408,0.2481,-0.4884,0.8366,-0.1601,-0.0821,0.6673,Dark,
8.6617,6.6371,8.2695,0.0000,0.0000,0.2616,-0.4847,0.8346,0.2333,-0.4885,0.8408,0.2479,-0.4884,0.8367,-0.1612,-0.0821,0.6675,Dark,
8.6735,6.6376,8.2444,0.0000,0.0000,0.2615,-0.4837,0.8352,0.2333,-0.4874,0.8414,0.2478,-0.4874,0.8373,-0.1624,-0.0820,0.6676,Dark,
8.6839,6.6310,8.2324,0.0000,0.0000,0.2611,-0.4827,0.8360,0.2330,-0.4864,0.8421,0.2474,-0.4863,0.8380,-0.1636,-0.0820,0.6677,Dark,
8.6952,6.6249,8.2473,0.0000,0.0000,0.2608,-0.4812,0.8369,0.2327,-0.4850,0.8430,0.2472,-0.4849,0.8389,-0.1649,-0.0817,0.6679,Dark,
8.7065,6.6159,8.2724,0.0000,0.0000,0.2607,-0.4792,0.8381,0.2327,-0.4830,0.8441,0.2471,-0.4829,0.8401,-0.1662,-0.0816,0.6680,Dark,
8.7176,6.6088,8.2811,0.0000,0.0000,0.2601,-0.4779,0.8390,0.2321,-0.4818,0.8450,0.2465,-0.4816,0.8410,-0.1676,-0.0814,0.6681,Dark,
8.7285,6.6033,8.2968,0.0000,0.0000,0.2591,-0.4775,0.8396,0.2312,-0.4813,0.8455,0.2456,-0.4812,0.8415,-0.1689,-0.0812,0.6681,Dark,
8.7398,6.6224,8.2858,0.0000,0.0000,0.2582,-0.4771,0.8401,0.2303,-0.4810,0.8459,0.2446,-0.4809,0.8420,-0.1703,-0.0811,0.6681,Dark,
8.7509,6.6298,8.2675,0.0000,0.0000,0.2573,-0.4763,0.8408,0.2294,-0.4802,0.8466,0.2437,-0.4800,0.8427,-0.1716,-0.0808,0.6680,Dark,
8.7618,6.6375,8.2645,0.0000,0.0000,0.2564,-0.4763,0.8411,0.2285,-0.4803,0.8468,0.2429,-0.4800,0.8430,-0.1730,-0.0807,0.6679,Dark,
8.7732,6.6295,8.2741,0.0000,0.0000,0.2555,-0.4747,0.8422,0.2277,-0.4787,0.8479,0.2420,-0.4785,0.8441,-0.1743,-0.0805,0.6677,Dark,
8.7842,6.6342,8.2863,0.0000,0.0000,0.2543,-0.4733,0.8434,0.2264,-0.4774,0.8490,0.2408,-0.4771,0.8452,-0.1756,-0.0802,0.6674,Dark,
8.7953,6.6375,8.3042,0.0000,0.0000,0.2534,-0.4713,0.8448,0.2256,-0.4753,0.8504,0.2400,-0.4751,0.8466,-0.1769,-0.0800,0.6671,Dark,
8.8066,6.6370,8.3467,0.0000,0.0000,0.2522,-0.4695,0.8461,0.2244,-0.4736,0.8516,0.2388,-0.4734,0.8479,-0.1782,-0.0797,0.6668,Dark,
8.8178,6.6453,8.3807,0.0000,0.0000,0.2507,-0.4674,0.8478,0.2229,-0.4715,0.8533,0.2372,-0.4712,0.8495,-0.1794,-0.0793,0.6664,Dark,
8.8288,6.6966,8.3996,0.0000,0.0000,0.2472,-0.4629,0.8512,0.2194,-0.4670,0.8566,0.2338,-0.4667,0.8529,-0.1806,-0.0788,0.6660,Dark,
8.8402,6.7344,8.3425,0.0000,0.0000,0.2302,-0.4601,0.8575,0.2020,-0.4640,0.8625,0.2166,-0.4638,0.8590,-0.1818,-0.0784,0.6655,Dark,
8.8513,6.7169,8.2914,0.0000,0.0000,0.1850,-0.4736,0.8611,0.1557,-0.4771,0.8649,0.1708,-0.4772,0.8620,-0.1829,-0.0779,0.6650,Dark,
8.8623,6.6764,8.1780,0.0000,0.0000,0.0913,-0.5006,0.8609,0.0603,-0.5029,0.8622,0.0762,-0.5036,0.8606,-0.1840,-0.0775,0.6643,Dark,
8.8738,6.6555,8.1616,0.0000,0.0000,0.0256,-0.5142,0.8573,-0.0088,-0.5157,0.8567,0.0089,-0.5170,0.8559,-0.1851,-0.0770,0.6637,Dark,
8.8848,6.6621,8.1558,0.0000,0.0000,-0.0395,-0.5248,0.8503,-0.0754,-0.5251,0.8477,-0.0570,-0.5271,0.8479,-0.1861,-0.0765,0.6630,Dark,
8.8955,6.6970,8.1172,0.0000,0.0000,-0.1168,-0.5340,0.8374,-0.1588,-0.5326,0.8313,-0.1372,-0.5358,0.8331,-0.1870,-0.0759,0.6623,Dark,
8.9067,6.7159,8.0826,0.0000,0.0000,-0.1182,-0.5330,0.8378,-0.1638,-0.5315,0.8311,-0.1404,-0.5350,0.8331,-0.1879,-0.0754,0.6615,Dark,
8.9180,6.7299,8.0533,0.0000,0.0000,-0.1417,-0.5331,0.8341,-0.1909,-0.5308,0.8257,-0.1657,-0.5350,0.8285,-0.1889,-0.0748,0.6607,Dark,
8.9290,6.7194,8.0626,0.0000,0.0000,-0.1138,-0.5317,0.8393,-0.1716,-0.5297,0.8306,-0.1419,-0.5343,0.8333,-0.1898,-0.0742,0.6597,Dark,
8.9403,6.7197,8.0857,0.0000,0.0000,-0.1115,-0.5294,0.8410,-0.1740,-0.5273,0.8317,-0.1419,-0.5322,0.8346,-0.1906,-0.0735,0.6587,Dark,
8.9513,6.7195,8.1059,0.0000,0.0000,-0.1816,-0.5358,0.8246,-0.2474,-0.5310,0.8105,-0.2137,-0.5375,0.8157,-0.1914,-0.0729,0.6578,Dark,
8.9624,6.7149,8.1518,0.0000,0.0000,-0.1704,-0.5338,0.8282,-0.2464,-0.5286,0.8123,-0.2076,-0.5361,0.8183,-0.1923,-0.0721,0.6567,Dark,
8.9736,6.7206,8.1707,0.0000,0.0000,-0.1570,-0.5301,0.8333,-0.2386,-0.5250,0.8169,-0.1968,-0.5328,0.8230,-0.1931,-0.0714,0.6556,Dark,
8.9847,6.7288,8.1987,0.0000,0.0000,-0.1210,-0.5237,0.8433,-0.2146,-0.5195,0.8271,-0.1667,-0.5276,0.8330,-0.1939,-0.0706,0.6545,Dark,
8.9960,6.7332,8.2052,0.0000,0.0000,-0.1184,-0.5212,0.8452,-0.2178,-0.5169,0.8279,-0.1669,-0.5255,0.8343,-0.1947,-0.0698,0.6533,Dark,
9.0070,6.7388,8.2086,0.0000,0.0000,-0.1041,-0.5171,0.8496,-0.2096,-0.5132,0.8323,-0.1556,-0.5220,0.8386,-0.1955,-0.0690,0.6521,Dark,
9.0183,6.7500,8.2578,0.0000,0.0000,-0.0892,-0.5135,0.8535,-0.2069,-0.5098,0.8350,-0.1466,-0.5194,0.8419,-0.1963,-0.0682,0.6509,Dark,
9.0292,6.7558,8.2558,0.0000,0.0000,-0.0841,-0.5110,0.8555,-0.2077,-0.5074,0.8363,-0.1444,-0.5174,0.8435,-0.1972,-0.0673,0.6495,Dark,
9.0403,6.7674,8.2527,0.0000,0.0000,-0.0799,-0.5088,0.8571,-0.2095,-0.5053,0.8371,-0.1431,-0.5157,0.8447,-0.1982,-0.0665,0.6482,Dark,
9.0518,6.7891,8.2781,0.0000,0.0000,-0.0718,-0.5065,0.8592,-0.2131,-0.5030,0.8376,-0.1408,-0.5143,0.8460,-0.1991,-0.0656,0.6468,Dark,
9.0625,6.7986,8.2870,0.0000,0.0000,-0.0701,-0.5049,0.8603,-0.2169,-0.5014,0.8376,-0.1417,-0.5131,0.8465,-0.2001,-0.0649,0.6453,Dark,
9.0739,6.8132,8.2956,0.0000,0.0000,-0.0664,-0.5029,0.8618,-0.2187,-0.4996,0.8382,-0.1407,-0.5116,0.8476,-0.2011,-0.0641,0.6439,Dark,
9.0854,6.8375,8.2889,0.0000,0.0000,-0.0623,-0.5009,0.8633,-0.2251,-0.4975,0.8378,-0.1417,-0.5105,0.8482,-0.2022,-0.0632,0.6425,Dark,
9.0961,6.8474,8.2809,0.0000,0.0000,-0.0610,-0.4987,0.8646,-0.2286,-0.4954,0.8380,-0.1427,-0.5087,0.8490,-0.2033,-0.0625,0.6410,Dark,
9.1072,6.8633,8.2745,0.0000,0.0000,-0.0598,-0.4968,0.8658,-0.2321,-0.4936,0.8381,-0.1439,-0.5072,0.8497,-0.2043,-0.0617,0.6395,Dark,
9.1188,6.8769,8.2699,0.0000,0.0000,-0.0554,-0.4956,0.8668,-0.2363,-0.4928,0.8375,-0.1436,-0.5069,0.8500,-0.2054,-0.0611,0.6379,Dark,
9.1298,6.8770,8.2696,0.0000,0.0000,-0.0545,-0.4951,0.8671,-0.2391,-0.4926,0.8368,-0.1445,-0.5069,0.8498,-0.2065,-0.0604,0.6361,Dark,
9.1409,6.8745,8.2694,0.0000,0.0000,-0.0537,-0.4948,0.8673,-0.2420,-0.4927,0.8359,-0.1454,-0.5071,0.8495,-0.2077,-0.0597,0.6343,Dark,
9.1523,6.8414,8.2747,0.0000,0.0000,-0.0516,-0.4960,0.8668,-0.2461,-0.4941,0.8339,-0.1464,-0.5089,0.8483,-0.2089,-0.0589,0.6324,Dark,
9.1631,6.8170,8.1844,0.0000,0.0000,-0.0515,-0.4968,0.8663,-0.2471,-0.4955,0.8328,-0.1467,-0.5101,0.8475,-0.2101,-0.0582,0.6305,Dark,
9.1742,6.8003,8.1090,0.0000,0.0000,-0.0498,-0.4997,0.8648,-0.2464,-0.4990,0.8308,-0.1454,-0.5134,0.8458,-0.2113,-0.0574,0.6287,Dark,
9.1857,6.7258,7.9284,0.0000,0.0000,-0.0450,-0.5097,0.8592,-0.2363,-0.5103,0.8269,-0.1378,-0.5235,0.8408,-0.2124,-0.0566,0.6268,Dark,
9.1963,6.6768,7.9153,0.0000,0.0000,-0.0432,-0.4929,0.8690,-0.1909,-0.4958,0.8472,-0.1146,-0.5044,0.8559,-0.2136,-0.0556,0.6250,Dark,
9.2076,6.5339,7.9169,0.0000,0.0000,-0.0647,-0.4980,0.8647,-0.1869,-0.5002,0.8455,-0.1238,-0.5072,0.8529,-0.2147,-0.0547,0.6231,Dark,
9.2186,6.2957,7.7742,0.0000,0.0000,-0.0452,-0.4301,0.9016,-0.1680,-0.4335,0.8854,-0.1045,-0.4401,0.8918,-0.2157,-0.0537,0.6213,Dark,
9.2299,6.2061,7.6629,0.0000,0.0000,-0.0512,-0.4124,0.9096,-0.1740,-0.4157,0.8927,-0.1105,-0.4224,0.8997,-0.2167,-0.0528,0.6194,Dark,
9.2412,6.1999,7.5705,0.0000,0.0000,-0.0503,-0.4115,0.9100,-0.1729,-0.4151,0.8932,-0.1095,-0.4216,0.9001,-0.2175,-0.0519,0.6174,Dark,
9.2522,6.3364,7.4488,0.0000,0.0000,-0.0622,-0.4030,0.9131,-0.1848,-0.4063,0.8948,-0.1214,-0.4130,0.9026,-0.2183,-0.0511,0.6155,Dark,
9.2633,6.4438,7.5376,0.0000,0.0000,-0.0700,-0.4062,0.9111,-0.1925,-0.4095,0.8918,-0.1292,-0.4162,0.9001,-0.2189,-0.0503,0.6134,Dark,
9.2748,6.5455,7.6187,0.0000,0.0000,-0.0711,-0.4045,0.9118,-0.1935,-0.4080,0.8923,-0.1302,-0.4146,0.9007,-0.2194,-0.0496,0.6114,Dark,
9.2859,6.6737,7.8133,0.0000,0.0000,-0.0967,-0.4160,0.9042,-0.1759,-0.4183,0.8911,-0.1349,-0.4223,0.8963,-0.2197,-0.0489,0.6094,Dark,
9.2967,6.7069,7.8634,0.0000,0.0000,-0.1009,-0.4191,0.9023,-0.1795,-0.4213,0.8890,-0.1389,-0.4254,0.8943,-0.2200,-0.0483,0.6073,Dark,
9.3078,6.7053,7.8910,0.0000,0.0000,-0.1039,-0.4226,0.9003,-0.1832,-0.4248,0.8866,-0.1422,-0.4289,0.8921,-0.2203,-0.0478,0.6052,Dark,
9.3190,6.7049,7.9711,0.0000,0.0000,-0.1042,-0.4301,0.8967,-0.1883,-0.4324,0.8818,-0.1448,-0.4368,0.8878,-0.2204,-0.0472,0.6030,Dark,
9.3301,6.7071,7.9696,0.0000,0.0000,-0.1056,-0.4338,0.8948,-0.1925,-0.4362,0.8790,-0.1475,-0.4408,0.8854,-0.2204,-0.0468,0.6008,Dark,
9.3428,6.7177,7.9966,0.0000,0.0000,-0.1199,-0.4478,0.8861,-0.2131,-0.4497,0.8674,-0.1649,-0.4549,0.8751,-0.2203,-0.0464,0.5985,Dark,
9.3526,6.7381,8.0179,0.0000,0.0000,-0.1313,-0.4541,0.8812,-0.2278,-0.4557,0.8605,-0.1779,-0.4613,0.8692,-0.2203,-0.0460,0.5962,Dark,
9.3636,6.7539,8.0176,0.0000,0.0000,-0.1367,-0.4591,0.8778,-0.2366,-0.4604,0.8556,-0.1850,-0.4664,0.8650,-0.2202,-0.0456,0.5937,Dark,
9.3748,6.7650,8.0445,0.0000,0.0000,-0.1461,-0.4697,0.8707,-0.2530,-0.4701,0.8456,-0.1978,-0.4770,0.8563,-0.2200,-0.0453,0.5911,Dark,
9.3864,6.7530,8.0636,0.0000,0.0000,-0.1518,-0.4746,0.8670,-0.2621,-0.4744,0.8404,-0.2052,-0.4819,0.8518,-0.2198,-0.0449,0.5883,Dark,
9.3973,6.7417,8.0694,0.0000,0.0000,-0.1568,-0.4777,0.8644,-0.2706,-0.4769,0.8362,-0.2119,-0.4850,0.8485,-0.2196,-0.0445,0.5855,Dark,
9.4083,6.7638,8.0866,0.0000,0.0000,-0.1610,-0.4834,0.8605,-0.2823,-0.4819,0.8295,-0.2198,-0.4909,0.8430,-0.2193,-0.0440,0.5827,Dark,
9.4194,6.7639,8.0944,0.0000,0.0000,-0.1644,-0.4848,0.8590,-0.2892,-0.4831,0.8265,-0.2249,-0.4925,0.8408,-0.2191,-0.0434,0.5797,Dark,
9.4305,6.7643,8.0909,0.0000,0.0000,-0.1685,-0.4858,0.8577,-0.2965,-0.4837,0.8235,-0.2305,-0.4936,0.8386,-0.2187,-0.0428,0.5768,Dark,
9.4421,6.7982,8.0744,0.0000,0.0000,-0.1716,-0.4880,0.8558,-0.3060,-0.4854,0.8190,-0.2368,-0.4960,0.8354,-0.2184,-0.0420,0.5738,Dark,
9.4527,6.8075,8.0624,0.0000,0.0000,-0.1749,-0.4877,0.8553,-0.3123,-0.4848,0.8170,-0.2416,-0.4958,0.8342,-0.2181,-0.0412,0.5708,Dark,
9.4640,6.8153,8.0458,0.0000,0.0000,-0.1743,-0.4857,0.8566,-0.3147,-0.4826,0.8173,-0.2425,-0.4940,0.8350,-0.2178,-0.0404,0.5677,Dark,
9.4750,6.8201,8.0178,0.0000,0.0000,-0.1744,-0.4872,0.8557,-0.3203,-0.4837,0.8145,-0.2453,-0.4957,0.8332,-0.2175,-0.0396,0.5645,Dark,
9.4865,6.8158,8.0066,0.0000,0.0000,-0.1754,-0.4867,0.8558,-0.3239,-0.4830,0.8135,-0.2475,-0.4953,0.8327,-0.2172,-0.0387,0.5611,Dark,
9.4975,6.8124,7.9996,0.0000,0.0000,-0.1817,-0.4887,0.8533,-0.3317,-0.4843,0.8096,-0.2546,-0.4971,0.8295,-0.2169,-0.0379,0.5577,Dark,
9.5087,6.7899,7.9561,0.0000,0.0000,-0.1788,-0.4881,0.8543,-0.3323,-0.4838,0.8096,-0.2534,-0.4969,0.8300,-0.2167,-0.0370,0.5543,Dark,
9.5196,6.7726,7.9097,0.0000,0.0000,-0.1739,-0.4840,0.8576,-0.3266,-0.4803,0.8140,-0.2481,-0.4930,0.8339,-0.2164,-0.0362,0.5507,Dark,
9.5307,6.7589,7.8666,0.0000,0.0000,-0.1693,-0.4745,0.8638,-0.3149,-0.4718,0.8236,-0.2399,-0.4834,0.8419,-0.2160,-0.0354,0.5472,Dark,
9.5420,6.3574,7.6950,0.0000,0.0000,-0.1718,-0.4513,0.8757,-0.2982,-0.4497,0.8420,-0.2330,-0.4593,0.8572,-0.2157,-0.0347,0.5436,Dark,
9.5532,6.4877,7.5857,0.0000,0.0000,-0.1319,-0.3939,0.9097,-0.2565,-0.3945,0.8824,-0.1921,-0.4029,0.8949,-0.2152,-0.0339,0.5398,Dark,
9.5642,6.6105,7.5019,0.0000,0.0000,-0.1623,-0.4348,0.8858,-0.2862,-0.4342,0.8541,-0.2223,-0.4431,0.8685,-0.2148,-0.0331,0.5363,Dark,
9.5752,6.2357,7.8100,0.0000,0.0000,-0.1226,-0.3859,0.9144,-0.2469,-0.3875,0.8882,-0.1826,-0.3954,0.9002,-0.2144,-0.0322,0.5327,Dark,
9.5864,6.1859,7.8100,0.0000,0.0000,-0.1377,-0.3923,0.9095,-0.2620,-0.3933,0.8813,-0.1977,-0.4015,0.8943,-0.2140,-0.0313,0.5292,Dark,
9.5975,6.1318,7.8100,0.0000,0.0000,-0.1514,-0.3974,0.9050,-0.2756,-0.3980,0.8750,-0.2114,-0.4064,0.8889,-0.2136,-0.0303,0.5255,Dark,
9.6086,6.2976,7.8100,0.0000,0.0000,-0.1616,-0.3826,0.9097,-0.2857,-0.3827,0.8786,-0.2217,-0.3913,0.8932,-0.2132,-0.0295,0.5220,Dark,
9.6199,6.4619,7.8100,0.0000,0.0000,-0.1593,-0.3834,0.9097,-0.2833,-0.3837,0.8789,-0.2193,-0.3923,0.8933,-0.2128,-0.0286,0.5183,Dark,
9.6313,6.5834,7.5453,0.0000,0.0000,-0.1760,-0.3937,0.9022,-0.2820,-0.3938,0.8749,-0.2273,-0.4011,0.8874,-0.2123,-0.0279,0.5145,Dark,
9.6420,6.7457,7.6406,0.0000,0.0000,-0.1778,-0.3804,0.9076,-0.2673,-0.3806,0.8853,-0.2211,-0.3866,0.8954,-0.2118,-0.0273,0.5108,Dark,
9.6534,6.7760,7.7679,0.0000,0.0000,-0.1871,-0.3890,0.9020,-0.2781,-0.3890,0.8783,-0.2311,-0.3952,0.8890,-0.2112,-0.0266,0.5069,Dark,
9.6644,6.7928,7.8711,0.0000,0.0000,-0.2007,-0.4180,0.8860,-0.2943,-0.4176,0.8596,-0.2460,-0.4242,0.8715,-0.2107,-0.0260,0.5031,Dark,
9.6754,6.8374,8.0072,0.0000,0.0000,-0.2015,-0.4243,0.8828,-0.3019,-0.4238,0.8540,-0.2500,-0.4309,0.8670,-0.2101,-0.0253,0.4993,Dark,
9.6865,6.8501,8.0534,0.0000,0.0000,-0.2033,-0.4184,0.8852,-0.3071,-0.4178,0.8550,-0.2535,-0.4253,0.8688,-0.2095,-0.0246,0.4955,Dark,
9.6980,6.8607,8.0823,0.0000,0.0000,-0.2052,-0.4231,0.8825,-0.3125,-0.4226,0.8507,-0.2571,-0.4303,0.8653,-0.2089,-0.0239,0.4915,Dark,
9.7087,6.8680,8.1070,0.0000,0.0000,-0.2061,-0.4267,0.8806,-0.3171,-0.4262,0.8472,-0.2598,-0.4342,0.8625,-0.2083,-0.0232,0.4878,Dark,
9.7198,6.8966,8.1516,0.0000,0.0000,-0.1993,-0.4274,0.8818,-0.3185,-0.4272,0.8462,-0.2569,-0.4356,0.8627,-0.2078,-0.0225,0.4838,Dark,
9.7311,6.9081,8.1534,0.0000,0.0000,-0.1975,-0.4271,0.8824,-0.3208,-0.4272,0.8453,-0.2572,-0.4358,0.8625,-0.2072,-0.0218,0.4800,Dark,
9.7422,6.9163,8.1534,0.0000,0.0000,-0.1959,-0.4266,0.8830,-0.3232,-0.4269,0.8446,-0.2574,-0.4357,0.8625,-0.2066,-0.0212,0.4762,Dark,
9.7534,6.9248,8.1831,0.0000,0.0000,-0.1962,-0.4319,0.8803,-0.3312,-0.4322,0.8387,-0.2615,-0.4416,0.8583,-0.2060,-0.0205,0.4722,Dark,
9.7645,6.9303,8.1927,0.0000,0.0000,-0.1956,-0.4312,0.8808,-0.3343,-0.4317,0.8378,-0.2627,-0.4413,0.8581,-0.2054,-0.0198,0.4684,Dark,
9.7757,6.9239,8.2203,0.0000,0.0000,-0.1910,-0.4300,0.8824,-0.3369,-0.4310,0.8371,-0.2615,-0.4409,0.8586,-0.2048,-0.0191,0.4645,Dark,
9.7866,6.9206,8.2332,0.0000,0.0000,-0.1872,-0.4252,0.8855,-0.3367,-0.4267,0.8394,-0.2595,-0.4367,0.8614,-0.2041,-0.0185,0.4605,Dark,
9.7981,6.9178,8.2408,0.0000,0.0000,-0.1878,-0.4269,0.8846,-0.3404,-0.4286,0.8369,-0.2616,-0.4387,0.8597,-0.2034,-0.0179,0.4567,Dark,
9.8093,6.9196,8.2383,0.0000,0.0000,-0.1847,-0.4260,0.8857,-0.3436,-0.4282,0.8358,-0.2615,-0.4386,0.8598,-0.2028,-0.0174,0.4528,Dark,
9.8202,6.9240,8.2519,0.0000,0.0000,-0.1841,-0.4263,0.8856,-0.3456,-0.4289,0.8346,-0.2622,-0.4393,0.8592,-0.2021,-0.0170,0.4488,Dark,
9.8314,6.9214,8.2630,0.0000,0.0000,-0.1833,-0.4259,0.8860,-0.3475,-0.4290,0.8338,-0.2626,-0.4394,0.8591,-0.2014,-0.0166,0.4449,Dark,
9.8425,6.9103,8.2761,0.0000,0.0000,-0.1812,-0.4257,0.8865,-0.3501,-0.4292,0.8326,-0.2628,-0.4398,0.8588,-0.2007,-0.0161,0.4412,Dark,
9.8537,6.9036,8.2749,0.0000,0.0000,-0.1813,-0.4250,0.8869,-0.3522,-0.4287,0.8320,-0.2638,-0.4393,0.8587,-0.2000,-0.0156,0.4373,Dark,
9.8648,6.9104,8.2722,0.0000,0.0000,-0.1810,-0.4240,0.8874,-0.3539,-0.4282,0.8315,-0.2645,-0.4388,0.8588,-0.1994,-0.0151,0.4337,Dark,
9.8759,6.9157,8.2289,0.0000,0.0000,-0.1790,-0.4225,0.8885,-0.3557,-0.4271,0.8313,-0.2643,-0.4378,0.8594,-0.1987,-0.0146,0.4301,Dark,
9.8871,6.9142,8.2294,0.0000,0.0000,-0.1784,-0.4210,0.8893,-0.3568,-0.4258,0.8315,-0.2645,-0.4365,0.8599,-0.1980,-0.0140,0.4264,Dark,
9.8981,6.9094,8.2315,0.0000,0.0000,-0.1784,-0.4201,0.8898,-0.3583,-0.4249,0.8313,-0.2653,-0.4357,0.8601,-0.1973,-0.0136,0.4229,Dark,
9.9095,6.9009,8.2484,0.0000,0.0000,-0.1774,-0.4191,0.8905,-0.3602,-0.4240,0.8310,-0.2657,-0.4350,0.8603,-0.1966,-0.0132,0.4194,Dark,
9.9204,6.8990,8.2416,0.0000,0.0000,-0.1773,-0.4180,0.8910,-0.3614,-0.4230,0.8309,-0.2662,-0.4341,0.8606,-0.1957,-0.0127,0.4158,Dark,
9.9316,6.9018,8.2340,0.0000,0.0000,-0.1774,-0.4166,0.8916,-0.3628,-0.4218,0.8310,-0.2669,-0.4329,0.8610,-0.1950,-0.0122,0.4124,Dark,
9.9427,6.9163,8.2347,0.0000,0.0000,-0.1761,-0.4152,0.8925,-0.3639,-0.4205,0.8311,-0.2668,-0.4317,0.8616,-0.1942,-0.0117,0.4090,Dark,
9.9541,6.9258,8.2368,0.0000,0.0000,-0.1760,-0.4137,0.8932,-0.3648,-0.4190,0.8315,-0.2672,-0.4304,0.8622,-0.1933,-0.0112,0.4056,Dark,
9.9650,6.9039,8.2465,0.0000,0.0000,-0.1755,-0.4126,0.8938,-0.3661,-0.4180,0.8314,-0.2675,-0.4295,0.8625,-0.1926,-0.0108,0.4023,Dark,
9.9767,6.9097,8.2511,0.0000,0.0000,-0.1757,-0.4120,0.8941,-0.3671,-0.4175,0.8312,-0.2682,-0.4290,0.8626,-0.1918,-0.0106,0.3990,Dark,
9.9873,6.9145,8.2594,0.0000,0.0000,-0.1762,-0.4119,0.8940,-0.3683,-0.4174,0.8308,-0.2690,-0.4289,0.8624,-0.1908,-0.0103,0.3954,Dark,
9.9983,6.9131,8.2588,0.0000,0.0000,-0.1759,-0.4114,0.8943,-0.3694,-0.4167,0.8306,-0.2694,-0.4285,0.8625,-0.1899,-0.0099,0.3921,Dark,
10.0098,6.9017,8.2520,0.0000,0.0000,-0.1763,-0.4096,0.8951,-0.3705,-0.4148,0.8311,-0.2701,-0.4267,0.8631,-0.1891,-0.0094,0.3888,Dark,
10.0209,6.8908,8.2444,0.0000,0.0000,-0.1765,-0.4065,0.8964,-0.3711,-0.4114,0.8325,-0.2706,-0.4235,0.8645,-0.1882,-0.0085,0.3856,Dark,
10.0318,6.8908,8.2108,0.0000,0.0000,-0.1764,-0.4030,0.8981,-0.3716,-0.4076,0.8341,-0.2708,-0.4199,0.8662,-0.1874,-0.0077,0.3826,Dark,
10.0431,6.9056,8.1895,0.0000,0.0000,-0.1763,-0.3981,0.9002,-0.3722,-0.4026,0.8363,-0.2711,-0.4150,0.8685,-0.1866,-0.0068,0.3796,Dark,
10.0540,6.9188,8.1973,0.0000,0.0000,-0.1762,-0.3934,0.9023,-0.3724,-0.3978,0.8385,-0.2711,-0.4103,0.8707,-0.1857,-0.0057,0.3766,Dark,
10.0654,6.9078,8.1981,0.0000,0.0000,-0.1757,-0.3893,0.9042,-0.3725,-0.3936,0.8404,-0.2709,-0.4062,0.8727,-0.1849,-0.0047,0.3738,Dark,
10.0768,6.8917,8.1935,0.0000,0.0000,-0.1759,-0.3854,0.9058,-0.3729,-0.3897,0.8421,-0.2713,-0.4023,0.8744,-0.1841,-0.0038,0.3710,Dark,
10.0874,6.8777,8.2240,0.0000,0.0000,-0.1763,-0.3814,0.9075,-0.3734,-0.3858,0.8437,-0.2717,-0.3983,0.8761,-0.1832,-0.0029,0.3682,Dark,
10.0987,6.8864,8.2392,0.0000,0.0000,-0.1763,-0.3780,0.9088,-0.3738,-0.3825,0.8450,-0.2719,-0.3950,0.8775,-0.1825,-0.0020,0.3657,Dark,
10.1100,6.8937,8.2318,0.0000,0.0000,-0.1765,-0.3748,0.9102,-0.3743,-0.3793,0.8462,-0.2723,-0.3918,0.8788,-0.1818,-0.0012,0.3631,Dark,
10.1209,6.8999,8.2417,0.0000,0.0000,-0.1766,-0.3721,0.9112,-0.3746,-0.3766,0.8473,-0.2725,-0.3892,0.8799,-0.1810,-0.0004,0.3606,Dark,
10.1320,6.9100,8.2459,0.0000,0.0000,-0.1765,-0.3715,0.9115,-0.3749,-0.3761,0.8474,-0.2726,-0.3886,0.8801,-0.1803,0.0002,0.3582,Dark,
10.1432,6.9291,8.2463,0.0000,0.0000,-0.1768,-0.3708,0.9117,-0.3754,-0.3754,0.8474,-0.2730,-0.3880,0.8803,-0.1797,0.0007,0.3559,Dark,
10.1542,6.9449,8.2513,0.0000,0.0000,-0.1771,-0.3701,0.9120,-0.3758,-0.3748,0.8475,-0.2733,-0.3873,0.8805,-0.1790,0.0013,0.3535,Dark,
10.1658,6.9773,8.2495,0.0000,0.0000,-0.1766,-0.3697,0.9122,-0.3765,-0.3746,0.8473,-0.2734,-0.3871,0.8806,-0.1784,0.0019,0.3513,Dark,
10.1767,6.9872,8.2460,0.0000,0.0000,-0.1771,-0.3674,0.9130,-0.3778,-0.3723,0.8477,-0.2743,-0.3849,0.8812,-0.1778,0.0026,0.3492,Dark,
10.1878,6.9857,8.2594,0.0000,0.0000,-0.1767,-0.3664,0.9135,-0.3786,-0.3714,0.8478,-0.2745,-0.3840,0.8816,-0.1772,0.0033,0.3473,Dark,
10.1989,6.9761,8.2642,0.0000,0.0000,-0.1773,-0.3629,0.9148,-0.3798,-0.3681,0.8487,-0.2754,-0.3807,0.8827,-0.1767,0.0040,0.3456,Dark,
10.2107,6.9676,8.2708,0.0000,0.0000,-0.1776,-0.3595,0.9161,-0.3806,-0.3649,0.8497,-0.2760,-0.3775,0.8839,-0.1762,0.0048,0.3440,Dark,
10.2214,6.9598,8.2599,0.0000,0.0000,-0.1771,-0.3566,0.9173,-0.3814,-0.3622,0.8505,-0.2761,-0.3747,0.8851,-0.1757,0.0056,0.3423,Dark,
10.2325,6.9614,8.2449,0.0000,0.0000,-0.1771,-0.3531,0.9187,-0.3820,-0.3590,0.8516,-0.2764,-0.3714,0.8864,-0.1752,0.0063,0.3410,Dark,
10.2435,6.9647,8.2456,0.0000,0.0000,-0.1770,-0.3501,0.9198,-0.3824,-0.3562,0.8526,-0.2765,-0.3686,0.8875,-0.1747,0.0070,0.3398,Dark,
10.2550,6.9865,8.2428,0.0000,0.0000,-0.1760,-0.3478,0.9209,-0.3823,-0.3541,0.8535,-0.2759,-0.3664,0.8886,-0.1741,0.0077,0.3385,Dark,
10.2662,7.0012,8.2409,0.0000,0.0000,-0.1755,-0.3450,0.9221,-0.3822,-0.3515,0.8546,-0.2756,-0.3638,0.8898,-0.1736,0.0084,0.3374,Dark,
10.2769,7.0125,8.2464,0.0000,0.0000,-0.1747,-0.3424,0.9232,-0.3815,-0.3492,0.8559,-0.2749,-0.3613,0.8910,-0.1731,0.0090,0.3364,Dark,
10.2880,6.9836,8.2151,0.0000,0.0000,-0.1553,-0.3325,0.9302,-0.3622,-0.3407,0.8676,-0.2553,-0.3520,0.9005,-0.1725,0.0097,0.3355,Dark,
10.2991,6.9389,8.1866,0.0000,0.0000,-0.1445,-0.3223,0.9356,-0.3521,-0.3313,0.8754,-0.2446,-0.3422,0.9072,-0.1721,0.0103,0.3347,Dark,
10.3103,6.9021,8.1308,0.0000,0.0000,-0.1249,-0.3048,0.9442,-0.3287,-0.3149,0.8904,-0.2229,-0.3248,0.9191,-0.1716,0.0108,0.3341,Dark,
10.3217,6.8748,8.0833,0.0000,0.0000,-0.1068,-0.2803,0.9539,-0.3039,-0.2910,0.9072,-0.2014,-0.3000,0.9324,-0.1710,0.0114,0.3334,Dark,
10.3328,6.8700,8.0871,0.0000,0.0000,-0.1006,-0.2708,0.9574,-0.2941,-0.2815,0.9134,-0.1934,-0.2902,0.9372,-0.1705,0.0119,0.3330,Dark,
10.3447,6.8688,8.1108,0.0000,0.0000,-0.0978,-0.2615,0.9602,-0.2877,-0.2721,0.9182,-0.1888,-0.2806,0.9411,-0.1700,0.0123,0.3325,Dark,
10.3549,6.8562,8.1640,0.0000,0.0000,-0.1009,-0.2527,0.9623,-0.2853,-0.2626,0.9218,-0.1893,-0.2710,0.9438,-0.1696,0.0128,0.3321,Dark,
10.3697,6.8542,8.1859,0.0000,0.0000,-0.0986,-0.2467,0.9641,-0.2805,-0.2566,0.9249,-0.1858,-0.2648,0.9462,-0.1691,0.0131,0.3318,Bright,
10.3775,6.8532,8.1904,0.0000,0.0000,-0.1005,-0.2443,0.9645,-0.2804,-0.2540,0.9257,-0.1867,-0.2621,0.9468,-0.1686,0.0134,0.3315,Bright,
10.3887,6.8895,8.1822,0.0000,0.0000,-0.1084,-0.2465,0.9631,-0.2852,-0.2557,0.9237,-0.1933,-0.2639,0.9450,-0.1681,0.0138,0.3312,Bright,
10.3994,6.8935,8.1732,0.0000,0.0000,-0.1080,-0.2440,0.9637,-0.2836,-0.2531,0.9249,-0.1923,-0.2612,0.9459,-0.1677,0.0140,0.3312,Bright,
10.4107,6.8951,8.1922,0.0000,0.0000,-0.1115,-0.2460,0.9628,-0.2862,-0.2549,0.9237,-0.1954,-0.2630,0.9448,-0.1672,0.0143,0.3311,Bright,
10.4219,6.8862,8.2281,0.0000,0.0000,-0.1149,-0.2475,0.9621,-0.2879,-0.2561,0.9228,-0.1980,-0.2643,0.9439,-0.1668,0.0145,0.3311,Bright,
10.4330,6.8892,8.2431,0.0000,0.0000,-0.1149,-0.2465,0.9623,-0.2873,-0.2550,0.9233,-0.1978,-0.2632,0.9443,-0.1663,0.0147,0.3312,Bright,
10.4441,6.8931,8.2360,0.0000,0.0000,-0.1150,-0.2468,0.9622,-0.2868,-0.2552,0.9234,-0.1976,-0.2633,0.9443,-0.1659,0.0149,0.3314,Bright,
10.4553,6.8892,8.2222,0.0000,0.0000,-0.1147,-0.2474,0.9621,-0.2856,-0.2556,0.9236,-0.1969,-0.2638,0.9443,-0.1655,0.0151,0.3314,Bright,
10.4669,6.8938,8.2190,0.0000,0.0000,-0.1144,-0.2477,0.9621,-0.2848,-0.2557,0.9239,-0.1963,-0.2640,0.9443,-0.1652,0.0152,0.3316,Bright,
10.4777,6.8970,8.2095,0.0000,0.0000,-0.1147,-0.2487,0.9618,-0.2849,-0.2565,0.9236,-0.1966,-0.2648,0.9440,-0.1649,0.0152,0.3318,Bright,
10.4888,6.8984,8.2146,0.0000,0.0000,-0.1151,-0.2496,0.9615,-0.2849,-0.2572,0.9234,-0.1968,-0.2656,0.9438,-0.1645,0.0153,0.3319,Bright,
10.4997,6.9072,8.2237,0.0000,0.0000,-0.1146,-0.2499,0.9615,-0.2844,-0.2574,0.9235,-0.1963,-0.2658,0.9438,-0.1642,0.0153,0.3321,Bright,
10.5111,6.9189,8.2140,0.0000,0.0000,-0.1141,-0.2505,0.9614,-0.2837,-0.2580,0.9236,-0.1957,-0.2664,0.9438,-0.1640,0.0152,0.3324,Bright,
10.5223,6.9227,8.2114,0.0000,0.0000,-0.1135,-0.2515,0.9612,-0.2833,-0.2588,0.9235,-0.1952,-0.2673,0.9436,-0.1637,0.0152,0.3324,Bright,
10.5335,6.9205,8.2083,0.0000,0.0000,-0.1137,-0.2529,0.9608,-0.2835,-0.2600,0.9231,-0.1954,-0.2686,0.9432,-0.1635,0.0151,0.3327,Bright,
10.5443,6.9178,8.2008,0.0000,0.0000,-0.1137,-0.2543,0.9604,-0.2838,-0.2611,0.9226,-0.1956,-0.2699,0.9428,-0.1633,0.0150,0.3329,Bright,
10.5557,6.9061,8.1961,0.0000,0.0000,-0.1142,-0.2558,0.9600,-0.2847,-0.2626,0.9220,-0.1963,-0.2715,0.9422,-0.1631,0.0149,0.3331,Bright,
10.5667,6.9053,8.1964,0.0000,0.0000,-0.1144,-0.2570,0.9596,-0.2851,-0.2637,0.9215,-0.1966,-0.2726,0.9418,-0.1630,0.0148,0.3334,Bright,
10.5780,6.9012,8.1884,0.0000,0.0000,-0.1147,-0.2586,0.9592,-0.2858,-0.2652,0.9209,-0.1971,-0.2742,0.9413,-0.1628,0.0147,0.3336,Bright,
10.5893,6.8979,8.1843,0.0000,0.0000,-0.1145,-0.2591,0.9591,-0.2859,-0.2656,0.9207,-0.1971,-0.2747,0.9411,-0.1627,0.0146,0.3338,Bright,
10.6000,6.9034,8.1809,0.0000,0.0000,-0.1144,-0.2593,0.9590,-0.2860,-0.2658,0.9206,-0.1971,-0.2749,0.9411,-0.1626,0.0146,0.3341,Bright,
10.6112,6.9035,8.1461,0.0000,0.0000,-0.1152,-0.2600,0.9587,-0.2872,-0.2664,0.9201,-0.1981,-0.2756,0.9407,-0.1626,0.0146,0.3344,Bright,
10.6224,6.9000,8.1339,0.0000,0.0000,-0.1158,-0.2604,0.9585,-0.2880,-0.2668,0.9197,-0.1988,-0.2760,0.9404,-0.1625,0.0145,0.3346,Bright,
10.6336,6.8975,8.1249,0.0000,0.0000,-0.1159,-0.2606,0.9585,-0.2883,-0.2670,0.9196,-0.1990,-0.2762,0.9403,-0.1624,0.0145,0.3348,Bright,
10.6446,6.8465,8.0428,0.0000,0.0000,-0.1166,-0.2615,0.9581,-0.2891,-0.2679,0.9191,-0.1997,-0.2771,0.9398,-0.1624,0.0145,0.3351,Bright,
10.6558,6.8071,7.9775,0.0000,0.0000,-0.1167,-0.2624,0.9579,-0.2893,-0.2689,0.9187,-0.1999,-0.2781,0.9395,-0.1624,0.0145,0.3352,Bright,
10.6669,6.7582,7.9252,0.0000,0.0000,-0.1168,-0.2631,0.9577,-0.2894,-0.2696,0.9185,-0.2000,-0.2788,0.9393,-0.1624,0.0144,0.3354,Bright,
10.6838,6.6594,7.7898,0.0000,0.0000,-0.1171,-0.2648,0.9572,-0.2895,-0.2712,0.9180,-0.2002,-0.2804,0.9388,-0.1624,0.0143,0.3357,Bright,
10.6895,6.6150,7.7429,0.0000,0.0000,-0.1176,-0.2663,0.9567,-0.2899,-0.2726,0.9174,-0.2007,-0.2819,0.9382,-0.1624,0.0142,0.3357,Bright,
10.7002,6.5637,7.7102,0.0000,0.0000,-0.1178,-0.2679,0.9562,-0.2900,-0.2742,0.9169,-0.2008,-0.2835,0.9377,-0.1625,0.0140,0.3360,Bright,
10.7116,6.4887,7.6705,0.0000,0.0000,-0.1261,-0.2775,0.9524,-0.2977,-0.2834,0.9116,-0.2089,-0.2928,0.9331,-0.1627,0.0137,0.3362,Bright,
10.7225,6.4636,7.6615,0.0000,0.0000,-0.1459,-0.2944,0.9445,-0.3198,-0.2996,0.8989,-0.2300,-0.3096,0.9226,-0.1628,0.0135,0.3363,Bright,
10.7338,6.4183,7.6552,0.0000,0.0000,-0.1759,-0.3232,0.9298,-0.3480,-0.3270,0.8786,-0.2594,-0.3377,0.9048,-0.1630,0.0131,0.3365,Bright,
10.7453,6.3558,7.5772,0.0000,0.0000,-0.2412,-0.3958,0.8861,-0.4150,-0.3947,0.8198,-0.3260,-0.4081,0.8527,-0.1633,0.0126,0.3367,Bright,
10.7562,6.3354,7.5485,0.0000,0.0000,-0.2673,-0.4291,0.8628,-0.4433,-0.4252,0.7891,-0.3534,-0.4404,0.8253,-0.1636,0.0121,0.3368,Bright,
10.7672,6.2978,7.5270,0.0000,0.0000,-0.2679,-0.4354,0.8595,-0.4475,-0.4311,0.7835,-0.3558,-0.4467,0.8209,-0.1640,0.0115,0.3370,Bright,
10.7785,6.2308,7.4579,0.0000,0.0000,-0.2641,-0.4398,0.8584,-0.4522,-0.4354,0.7784,-0.3562,-0.4518,0.8179,-0.1644,0.0108,0.3373,Bright,
10.7896,6.1998,7.4200,0.0000,0.0000,-0.2624,-0.4439,0.8568,-0.4541,-0.4396,0.7749,-0.3563,-0.4563,0.8154,-0.1649,0.0099,0.3376,Bright,
10.8005,6.1471,7.3900,0.0000,0.0000,-0.2674,-0.4574,0.8481,-0.4612,-0.4523,0.7634,-0.3623,-0.4697,0.8051,-0.1655,0.0088,0.3380,Bright,
10.8117,6.0574,7.3231,0.0000,0.0000,-0.2580,-0.4582,0.8506,-0.4591,-0.4538,0.7638,-0.3565,-0.4714,0.8067,-0.1662,0.0073,0.3385,Bright,
10.8228,6.0201,7.2828,0.0000,0.0000,-0.2564,-0.4673,0.8461,-0.4601,-0.4629,0.7576,-0.3561,-0.4808,0.8013,-0.1669,0.0056,0.3388,Bright,
10.8341,5.9597,7.2524,0.0000,0.0000,-0.2609,-0.4870,0.8335,-0.4658,-0.4815,0.7424,-0.3612,-0.5001,0.7871,-0.1676,0.0034,0.3393,Bright,
10.8452,5.8600,7.1416,0.0000,0.0000,-0.2530,-0.4973,0.8299,-0.4627,-0.4923,0.7372,-0.3556,-0.5110,0.7826,-0.1683,0.0010,0.3397,Bright,
10.8565,5.8195,7.0750,0.0000,0.0000,-0.2461,-0.5124,0.8227,-0.4576,-0.5079,0.7299,-0.3494,-0.5265,0.7751,-0.1690,-0.0022,0.3401,Bright,
10.8674,5.7627,7.0244,0.0000,0.0000,-0.2443,-0.5311,0.8113,-0.4565,-0.5262,0.7174,-0.3478,-0.5451,0.7628,-0.1697,-0.0054,0.3406,Bright,
10.8785,5.7206,6.9522,0.0000,0.0000,-0.2402,-0.5503,0.7997,-0.4531,-0.5453,0.7052,-0.3440,-0.5642,0.7506,-0.1704,-0.0091,0.3411,Bright,
10.8900,5.6344,6.8368,0.0000,0.0000,-0.2346,-0.5695,0.7878,-0.4482,-0.5645,0.6931,-0.3386,-0.5834,0.7382,-0.1711,-0.0130,0.3415,Bright,
10.9019,5.5976,6.7910,0.0000,0.0000,-0.2266,-0.5905,0.7745,-0.4410,-0.5859,0.6799,-0.3307,-0.6046,0.7246,-0.1718,-0.0174,0.3418,Bright,
10.9120,5.5714,6.7525,0.0000,0.0000,-0.2134,-0.6109,0.7624,-0.4274,-0.6075,0.6695,-0.3170,-0.6254,0.7131,-0.1726,-0.0216,0.3420,Bright,
10.9231,5.5101,6.7167,0.0000,0.0000,-0.1947,-0.6432,0.7405,-0.4053,-0.6416,0.6512,-0.2961,-0.6579,0.6924,-0.1733,-0.0265,0.3423,Bright,
10.9345,5.4781,6.7124,0.0000,0.0000,-0.1769,-0.6734,0.7178,-0.3861,-0.6733,0.6305,-0.2772,-0.6885,0.6702,-0.1741,-0.0314,0.3426,Bright,
10.9456,5.4503,6.7017,0.0000,0.0000,-0.1524,-0.7004,0.6973,-0.3543,-0.7034,0.6162,-0.2487,-0.7159,0.6524,-0.1750,-0.0365,0.3429,Bright,
10.9568,5.4502,6.6852,0.0000,0.0000,-0.1485,-0.7212,0.6767,-0.3483,-0.7237,0.5958,-0.2436,-0.7361,0.6315,-0.1758,-0.0418,0.3435,Bright,
10.9677,5.4383,6.6712,0.0000,0.0000,-0.1363,-0.7459,0.6520,-0.3359,-0.7489,0.5713,-0.2311,-0.7608,0.6065,-0.1766,-0.0474,0.3438,Bright,
10.9789,5.4173,6.6384,0.0000,0.0000,-0.1249,-0.7768,0.6172,-0.3183,-0.7801,0.5386,-0.2165,-0.7910,0.5723,-0.1772,-0.0530,0.3437,Bright,
10.9901,5.4068,6.6432,0.0000,0.0000,-0.1178,-0.8050,0.5815,-0.3086,-0.8075,0.5027,-0.2080,-0.8182,0.5360,-0.1777,-0.0586,0.3433,Bright,
11.0012,5.3978,6.6492,0.0000,0.0000,-0.1001,-0.8203,0.5632,-0.2899,-0.8247,0.4857,-0.1895,-0.8341,0.5181,-0.1782,-0.0639,0.3428,Bright,
11.0121,5.3825,6.6340,0.0000,0.0000,-0.0983,-0.8612,0.4987,-0.2854,-0.8619,0.4191,-0.1864,-0.8723,0.4520,-0.1788,-0.0689,0.3424,Bright,
11.0233,5.3708,6.6008,0.0000,0.0000,-0.0927,-0.8744,0.4762,-0.2802,-0.8745,0.3960,-0.1809,-0.8851,0.4289,-0.1793,-0.0733,0.3423,Bright,
11.0346,5.3331,6.5725,0.0000,0.0000,-0.0840,-0.8878,0.4525,-0.2715,-0.8876,0.3720,-0.1720,-0.8981,0.4048,-0.1801,-0.0772,0.3427,Bright,
11.0458,5.2443,6.4576,0.0000,0.0000,-0.0772,-0.8986,0.4320,-0.2649,-0.8981,0.3510,-0.1652,-0.9085,0.3838,-0.1810,-0.0809,0.3435,Bright,
11.0567,5.1988,6.3829,0.0000,0.0000,-0.0711,-0.9071,0.4149,-0.2578,-0.9066,0.3341,-0.1586,-0.9167,0.3668,-0.1818,-0.0846,0.3448,Bright,
11.0680,5.1666,6.3259,0.0000,0.0000,-0.0639,-0.9142,0.4002,-0.2498,-0.9140,0.3198,-0.1509,-0.9237,0.3521,-0.1828,-0.0880,0.3461,Bright,
11.0791,5.1008,6.2423,0.0000,0.0000,-0.0457,-0.9180,0.3939,-0.2298,-0.9207,0.3156,-0.1317,-0.9286,0.3469,-0.1837,-0.0915,0.3473,Bright,
11.0902,5.0747,6.2227,0.0000,0.0000,-0.0472,-0.9274,0.3710,-0.2296,-0.9283,0.2926,-0.1324,-0.9368,0.3238,-0.1842,-0.0949,0.3482,Bright,
11.1016,5.0587,6.1866,0.0000,0.0000,-0.0366,-0.9336,0.3566,-0.2148,-0.9355,0.2805,-0.1197,-0.9430,0.3106,-0.1848,-0.0979,0.3489,Bright,
11.1126,5.0360,6.1785,0.0000,0.0000,-0.0188,-0.9391,0.3432,-0.1911,-0.9435,0.2706,-0.0990,-0.9491,0.2991,-0.1854,-0.1007,0.3494,Bright,
11.1235,5.0160,6.1945,0.0000,0.0000,-0.0120,-0.9436,0.3309,-0.1822,-0.9484,0.2593,-0.0912,-0.9535,0.2873,-0.1855,-0.1032,0.3497,Bright,
11.1349,5.0019,6.1841,0.0000,0.0000,-0.0096,-0.9458,0.3246,-0.1782,-0.9507,0.2538,-0.0880,-0.9556,0.2813,-0.1859,-0.1053,0.3502,Bright,
11.1461,4.9967,6.1441,0.0000,0.0000,-0.0059,-0.9458,0.3248,-0.1725,-0.9514,0.2552,-0.0833,-0.9557,0.2822,-0.1863,-0.1071,0.3510,Bright,
11.1571,4.9670,6.1149,0.0000,0.0000,-0.0056,-0.9445,0.3285,-0.1725,-0.9503,0.2590,-0.0831,-0.9546,0.2859,-0.1866,-0.1088,0.3519,Bright,
11.1683,4.9436,6.0707,0.0000,0.0000,-0.0069,-0.9413,0.3375,-0.1752,-0.9474,0.2677,-0.0851,-0.9518,0.2947,-0.1870,-0.1099,0.3530,Bright,
11.1794,4.8904,5.9759,0.0000,0.0000,-0.0134,-0.9296,0.3682,-0.1863,-0.9363,0.2976,-0.0937,-0.9411,0.3250,-0.1874,-0.1107,0.3542,Bright,
11.1904,4.8446,5.9281,0.0000,0.0000,-0.0140,-0.9256,0.3783,-0.1888,-0.9326,0.3076,-0.0952,-0.9374,0.3350,-0.1876,-0.1113,0.3552,Bright,
11.2020,4.8104,5.8899,0.0000,0.0000,-0.0162,-0.9207,0.3900,-0.1933,-0.9278,0.3192,-0.0985,-0.9328,0.3466,-0.1879,-0.1116,0.3565,Bright,
11.2128,4.7467,5.8370,0.0000,0.0000,-0.0223,-0.9123,0.4090,-0.2025,-0.9192,0.3377,-0.1061,-0.9248,0.3654,-0.1881,-0.1116,0.3578,Bright,
11.2239,4.7254,5.8206,0.0000,0.0000,-0.0248,-0.9078,0.4186,-0.2060,-0.9148,0.3475,-0.1091,-0.9205,0.3751,-0.1881,-0.1113,0.3590,Bright,
11.2352,4.7115,5.8096,0.0000,0.0000,-0.0268,-0.9049,0.4249,-0.2089,-0.9117,0.3539,-0.1116,-0.9176,0.3814,-0.1883,-0.1109,0.3604,Bright,
11.2462,4.6870,5.8076,0.0000,0.0000,-0.0279,-0.8981,0.4390,-0.2115,-0.9052,0.3685,-0.1134,-0.9113,0.3958,-0.1882,-0.1103,0.3617,Bright,
11.2576,4.6878,5.8085,0.0000,0.0000,-0.0282,-0.8938,0.4477,-0.2127,-0.9011,0.3780,-0.1142,-0.9072,0.4050,-0.1879,-0.1095,0.3627,Bright,
11.2688,4.6892,5.8128,0.0000,0.0000,-0.0273,-0.8893,0.4566,-0.2128,-0.8968,0.3879,-0.1139,-0.9029,0.4144,-0.1875,-0.1084,0.3641,Bright,
11.2796,4.6959,5.8046,0.0000,0.0000,-0.0255,-0.8842,0.4665,-0.2119,-0.8921,0.3990,-0.1126,-0.8982,0.4250,-0.1870,-0.1072,0.3654,Bright,
11.2908,4.7017,5.7938,0.0000,0.0000,-0.0211,-0.8791,0.4761,-0.2081,-0.8879,0.4103,-0.1086,-0.8936,0.4355,-0.1861,-0.1055,0.3667,Bright,
11.3023,4.7058,5.7815,0.0000,0.0000,-0.0145,-0.8740,0.4858,-0.2021,-0.8838,0.4219,-0.1023,-0.8891,0.4462,-0.1850,-0.1033,0.3684,Bright,
11.3138,4.7147,5.7540,0.0000,0.0000,-0.0078,-0.8655,0.5008,-0.1967,-0.8767,0.4391,-0.0963,-0.8814,0.4624,-0.1838,-0.1008,0.3703,Bright,
11.3241,4.6815,5.7410,0.0000,0.0000,0.0014,-0.8561,0.5168,-0.1881,-0.8688,0.4580,-0.0875,-0.8729,0.4800,-0.1822,-0.0973,0.3722,Bright,
11.3352,4.6535,5.6793,0.0000,0.0000,0.0124,-0.8398,0.5427,-0.1764,-0.8547,0.4883,-0.0763,-0.8578,0.5083,-0.1802,-0.0933,0.3747,Bright,
11.3465,4.5173,5.5263,0.0000,0.0000,0.0277,-0.8042,0.5938,-0.1509,-0.8223,0.5486,-0.0563,-0.8234,0.5647,-0.1780,-0.0889,0.3773,Bright,
11.3577,4.4043,5.4450,0.0000,0.0000,0.0514,-0.7395,0.6712,-0.1229,-0.7620,0.6358,-0.0305,-0.7611,0.6479,-0.1754,-0.0836,0.3797,Bright,
11.3688,4.3170,5.3363,0.0000,0.0000,0.0700,-0.6692,0.7398,-0.0907,-0.6931,0.7152,-0.0056,-0.6909,0.7229,-0.1724,-0.0778,0.3823,Bright,
11.3798,4.1326,5.1683,0.0000,0.0000,0.0763,-0.5081,0.8579,-0.0518,-0.5283,0.8475,0.0160,-0.5264,0.8501,-0.1692,-0.0718,0.3847,Bright,
11.3910,4.0730,5.1057,0.0000,0.0000,0.0891,-0.4028,0.9109,-0.0219,-0.4204,0.9071,0.0368,-0.4188,0.9073,-0.1657,-0.0651,0.3862,Bright,
11.4023,4.0332,4.9994,0.0000,0.0000,0.1042,-0.3049,0.9467,0.0175,-0.3188,0.9477,0.0633,-0.3174,0.9462,-0.1621,-0.0584,0.3878,Bright,
11.4134,3.9570,4.8869,0.0000,0.0000,0.1221,-0.1867,0.9748,0.0371,-0.1998,0.9791,0.0820,-0.1987,0.9766,-0.1584,-0.0516,0.3889,Bright,
11.4244,3.9203,4.8684,0.0000,0.0000,0.1443,-0.1363,0.9801,0.0595,-0.1497,0.9869,0.1044,-0.1484,0.9834,-0.1550,-0.0449,0.3889,Bright,
11.4355,3.8919,4.8774,0.0000,0.0000,0.1657,-0.0894,0.9821,0.0812,-0.1028,0.9914,0.1259,-0.1015,0.9868,-0.1513,-0.0384,0.3889,Bright,
11.4468,3.8356,4.9076,0.0000,0.0000,0.1841,-0.0580,0.9812,0.0993,-0.0716,0.9925,0.1442,-0.0702,0.9871,-0.1477,-0.0321,0.3885,Bright,
11.4582,3.8636,4.9179,0.0000,0.0000,0.2074,-0.0293,0.9778,0.1227,-0.0427,0.9915,0.1675,-0.0414,0.9850,-0.1442,-0.0260,0.3867,Bright,
11.4692,3.8896,4.9526,0.0000,0.0000,0.2313,-0.0118,0.9728,0.1464,-0.0249,0.9889,0.1913,-0.0238,0.9812,-0.1409,-0.0205,0.3851,Bright,
11.4802,3.8954,5.0026,0.0000,0.0000,0.2527,0.0134,0.9674,0.1679,0.0014,0.9858,0.2127,0.0019,0.9771,-0.1378,-0.0152,0.3832,Bright,
11.4912,3.9380,5.0199,0.0000,0.0000,0.2748,0.0327,0.9609,0.1900,0.0228,0.9815,0.2347,0.0222,0.9718,-0.1356,-0.0105,0.3809,Bright,
11.5023,3.9699,5.0071,0.0000,0.0000,0.2881,0.0590,0.9558,0.2035,0.0488,0.9779,0.2482,0.0484,0.9675,-0.1329,-0.0052,0.3789,Bright,
11.5136,3.9789,4.9565,0.0000,0.0000,0.3052,0.0796,0.9490,0.2209,0.0693,0.9728,0.2655,0.0689,0.9617,-0.1303,-0.0001,0.3769,Bright,
11.5247,3.9874,4.9274,0.0000,0.0000,0.3227,0.0968,0.9415,0.2387,0.0871,0.9672,0.2831,0.0864,0.9552,-0.1279,0.0041,0.3744,Bright,
11.5358,3.9927,4.9301,0.0000,0.0000,0.3508,0.1151,0.9294,0.2676,0.1060,0.9577,0.3117,0.1050,0.9444,-0.1252,0.0081,0.3718,Bright,
11.5470,3.9960,4.9357,0.0000,0.0000,0.3697,0.1289,0.9202,0.2869,0.1203,0.9504,0.3308,0.1190,0.9362,-0.1224,0.0120,0.3692,Bright,
11.5580,4.0289,4.9415,0.0000,0.0000,0.3863,0.1396,0.9118,0.3037,0.1317,0.9436,0.3475,0.1300,0.9286,-0.1196,0.0159,0.3667,Bright,
11.5695,4.0846,4.9557,0.0000,0.0000,0.3876,0.1321,0.9123,0.3265,0.1266,0.9367,0.3587,0.1252,0.9250,-0.1171,0.0190,0.3641,Bright,
11.5807,4.1068,4.9806,0.0000,0.0000,0.3915,0.1320,0.9107,0.3341,0.1271,0.9339,0.3643,0.1256,0.9228,-0.1148,0.0217,0.3615,Bright,
11.5914,4.1545,5.0013,0.0000,0.0000,0.3971,0.1333,0.9080,0.3449,0.1289,0.9298,0.3723,0.1274,0.9193,-0.1127,0.0241,0.3594,Bright,
11.6025,4.2174,5.0447,0.0000,0.0000,0.3899,0.1159,0.9135,0.3376,0.1113,0.9347,0.3650,0.1099,0.9245,-0.1106,0.0258,0.3569,Bright,
11.6140,4.2371,5.0466,0.0000,0.0000,0.4019,0.1256,0.9070,0.3506,0.1213,0.9286,0.3776,0.1199,0.9182,-0.1086,0.0276,0.3544,Bright,
11.6249,4.2662,5.0452,0.0000,0.0000,0.4045,0.1215,0.9064,0.3560,0.1176,0.9271,0.3814,0.1161,0.9171,-0.1067,0.0295,0.3527,Bright,
11.6364,4.2930,5.0414,0.0000,0.0000,0.3931,0.0923,0.9148,0.3419,0.0882,0.9356,0.3686,0.0867,0.9255,-0.1048,0.0315,0.3504,Bright,
11.6477,4.2969,5.0355,0.0000,0.0000,0.3919,0.0914,0.9155,0.3379,0.0873,0.9371,0.3661,0.0856,0.9266,-0.1031,0.0337,0.3482,Bright,
11.6583,4.2901,5.0317,0.0000,0.0000,0.3906,0.0942,0.9157,0.3346,0.0901,0.9381,0.3638,0.0882,0.9273,-0.1013,0.0361,0.3466,Bright,
11.6697,4.2781,5.0099,0.0000,0.0000,0.3798,0.0840,0.9213,0.3174,0.0793,0.9450,0.3499,0.0773,0.9336,-0.0995,0.0382,0.3442,Bright,
11.6808,4.2751,5.0134,0.0000,0.0000,0.3798,0.0893,0.9208,0.3137,0.0846,0.9458,0.3481,0.0823,0.9338,-0.0978,0.0404,0.3417,Bright,
11.6923,4.2617,5.0151,0.0000,0.0000,0.3794,0.0955,0.9203,0.3061,0.0905,0.9477,0.3442,0.0879,0.9348,-0.0961,0.0430,0.3398,Bright,
11.7028,4.2342,5.0137,0.0000,0.0000,0.3907,0.1115,0.9138,0.3139,0.1066,0.9434,0.3539,0.1037,0.9295,-0.0943,0.0456,0.3371,Bright,
11.7145,4.2114,4.9937,0.0000,0.0000,0.4114,0.1519,0.8987,0.3319,0.1473,0.9317,0.3734,0.1441,0.9164,-0.0927,0.0482,0.3344,Bright,
11.7253,4.1381,4.9230,0.0000,0.0000,0.4410,0.2123,0.8720,0.3568,0.2080,0.9107,0.4010,0.2044,0.8930,-0.0912,0.0510,0.3322,Bright,
11.7368,4.0867,4.8805,0.0000,0.0000,0.4629,0.2521,0.8498,0.3774,0.2483,0.8922,0.4225,0.2444,0.8728,-0.0895,0.0537,0.3292,Bright,
11.7475,4.0479,4.8487,0.0000,0.0000,0.4521,0.2350,0.8605,0.3633,0.2309,0.9026,0.4100,0.2269,0.8834,-0.0878,0.0565,0.3260,Bright,
11.7585,3.9932,4.7978,0.0000,0.0000,0.5047,0.3479,0.7901,0.4196,0.3460,0.8392,0.4649,0.3412,0.8170,-0.0863,0.0596,0.3232,Bright,
11.7701,3.9641,4.7907,0.0000,0.0000,0.5191,0.3803,0.7654,0.4354,0.3792,0.8165,0.4802,0.3742,0.7933,-0.0848,0.0627,0.3197,Bright,
11.7817,3.9433,4.7907,0.0000,0.0000,0.5189,0.3949,0.7581,0.4354,0.3933,0.8098,0.4801,0.3886,0.7864,-0.0835,0.0657,0.3162,Bright,
11.7920,3.9870,4.7971,0.0000,0.0000,0.5342,0.4379,0.7231,0.4555,0.4372,0.7755,0.4979,0.4324,0.7518,-0.0825,0.0687,0.3130,Bright,
11.8030,4.0099,4.8044,0.0000,0.0000,0.5456,0.4513,0.7061,0.4701,0.4509,0.7587,0.5109,0.4461,0.7348,-0.0813,0.0716,0.3091,Bright,
11.8146,4.0287,4.8089,0.0000,0.0000,0.5515,0.4909,0.6744,0.4793,0.4913,0.7273,0.5185,0.4864,0.7033,-0.0804,0.0747,0.3050,Bright,
11.8254,4.0439,4.8094,0.0000,0.0000,0.5584,0.5142,0.6510,0.4907,0.5151,0.7028,0.5276,0.5102,0.6792,-0.0798,0.0778,0.3013,Bright,
11.8364,4.0530,4.8161,0.0000,0.0000,0.5594,0.4972,0.6632,0.4926,0.4973,0.7142,0.5289,0.4928,0.6909,-0.0791,0.0810,0.2972,Bright,
11.8478,4.0603,4.8213,0.0000,0.0000,0.5654,0.5451,0.6190,0.5019,0.5462,0.6707,0.5367,0.5416,0.6471,-0.0785,0.0840,0.2929,Bright,
11.8588,4.0652,4.8468,0.0000,0.0000,0.5663,0.5486,0.6152,0.5032,0.5492,0.6672,0.5378,0.5448,0.6434,-0.0786,0.0871,0.2889,Bright,
11.8699,4.0644,4.8301,0.0000,0.0000,0.5660,0.5638,0.6015,0.5035,0.5645,0.6541,0.5378,0.5601,0.6301,-0.0784,0.0900,0.2845,Bright,
11.8812,4.0277,4.8148,0.0000,0.0000,0.5638,0.5818,0.5862,0.5031,0.5825,0.6384,0.5365,0.5783,0.6146,-0.0784,0.0928,0.2800,Bright,
11.8927,3.9507,4.7687,0.0000,0.0000,0.5552,0.6039,0.5719,0.4963,0.6045,0.6231,0.5289,0.6005,0.5998,-0.0789,0.0953,0.2759,Bright,
11.9033,3.9159,4.7390,0.0000,0.0000,0.5509,0.6263,0.5517,0.4940,0.6271,0.6023,0.5255,0.6231,0.5792,-0.0792,0.0978,0.2715,Bright,
11.9145,3.8603,4.7179,0.0000,0.0000,0.5468,0.6482,0.5300,0.4921,0.6493,0.5799,0.5225,0.6454,0.5572,-0.0795,0.1001,0.2671,Bright,
11.9257,3.7959,4.7329,0.0000,0.0000,0.5413,0.6754,0.5007,0.4916,0.6772,0.5474,0.5194,0.6734,0.5262,-0.0801,0.1021,0.2631,Bright,
11.9368,3.7805,4.7356,0.0000,0.0000,0.5371,0.6936,0.4801,0.4926,0.6957,0.5228,0.5175,0.6920,0.5033,-0.0806,0.1040,0.2588,Bright,
11.9480,3.7760,4.7383,0.0000,0.0000,0.5350,0.7119,0.4550,0.4926,0.7146,0.4966,0.5164,0.7108,0.4776,-0.0812,0.1059,0.2545,Bright,
11.9592,3.7750,4.7394,0.0000,0.0000,0.5301,0.7296,0.4320,0.4942,0.7326,0.4681,0.5144,0.7290,0.4516,-0.0820,0.1077,0.2505,Bright,
11.9701,3.7739,4.7307,0.0000,0.0000,0.5275,0.7442,0.4098,0.4939,0.7476,0.4441,0.5128,0.7439,0.4285,-0.0828,0.1092,0.2466,Bright,
11.9815,3.7789,4.7242,0.0000,0.0000,0.5253,0.7572,0.3883,0.4936,0.7609,0.4210,0.5115,0.7573,0.4061,-0.0835,0.1107,0.2428,Bright,
11.9924,3.7894,4.7562,0.0000,0.0000,0.5224,0.7700,0.3663,0.4934,0.7741,0.3966,0.5098,0.7704,0.3828,-0.0844,0.1119,0.2393,Bright,
12.0036,3.7948,4.7752,0.0000,0.0000,0.5201,0.7783,0.3518,0.4921,0.7826,0.3812,0.5079,0.7789,0.3678,-0.0850,0.1129,0.2359,Bright,
12.0151,3.8115,4.7905,0.0000,0.0000,0.5177,0.7852,0.3399,0.4906,0.7897,0.3684,0.5059,0.7859,0.3555,-0.0856,0.1138,0.2326,Bright,
12.0259,3.8462,4.8031,0.0000,0.0000,0.5156,0.7867,0.3396,0.4885,0.7912,0.3679,0.5038,0.7875,0.3550,-0.0862,0.1147,0.2296,Bright,
12.0370,3.8634,4.8121,0.0000,0.0000,0.5135,0.7915,0.3315,0.4855,0.7964,0.3606,0.5014,0.7924,0.3474,-0.0868,0.1155,0.2266,Bright,
12.0483,3.8728,4.8191,0.0000,0.0000,0.5116,0.7931,0.3305,0.4828,0.7982,0.3601,0.4991,0.7942,0.3467,-0.0873,0.1163,0.2237,Bright,
12.0600,3.8885,4.8398,0.0000,0.0000,0.5142,0.7881,0.3383,0.4833,0.7935,0.3697,0.5008,0.7892,0.3556,-0.0879,0.1170,0.2211,Bright,
12.0703,3.9048,4.8551,0.0000,0.0000,0.5152,0.7858,0.3422,0.4829,0.7915,0.3747,0.5011,0.7869,0.3601,-0.0883,0.1176,0.2184,Bright,
12.0819,3.9167,4.8664,0.0000,0.0000,0.5134,0.7914,0.3318,0.4800,0.7975,0.3654,0.4989,0.7927,0.3503,-0.0887,0.1181,0.2159,Bright,
12.0932,3.9455,4.8810,0.0000,0.0000,0.5160,0.7884,0.3348,0.4800,0.7951,0.3708,0.5003,0.7899,0.3547,-0.0889,0.1185,0.2138,Bright,
12.1038,3.9599,4.8991,0.0000,0.0000,0.5162,0.7888,0.3336,0.4787,0.7958,0.3708,0.4999,0.7904,0.3541,-0.0893,0.1189,0.2115,Bright,
12.1151,3.9747,4.9133,0.0000,0.0000,0.5166,0.7890,0.3326,0.4776,0.7964,0.3711,0.4996,0.7907,0.3538,-0.0895,0.1191,0.2095,Bright,
12.1261,3.9906,4.9414,0.0000,0.0000,0.5177,0.7887,0.3316,0.4757,0.7967,0.3728,0.4994,0.7906,0.3544,-0.0896,0.1192,0.2078,Bright,
12.1374,3.9936,4.9426,0.0000,0.0000,0.5191,0.7880,0.3312,0.4753,0.7964,0.3738,0.5000,0.7900,0.3548,-0.0898,0.1193,0.2060,Bright,
12.1484,4.0034,4.9417,0.0000,0.0000,0.5204,0.7875,0.3302,0.4751,0.7964,0.3742,0.5006,0.7897,0.3546,-0.0898,0.1193,0.2045,Bright,
12.1596,4.0171,4.9404,0.0000,0.0000,0.5224,0.7859,0.3310,0.4734,0.7955,0.3783,0.5010,0.7883,0.3572,-0.0896,0.1194,0.2032,Bright,
12.1706,4.0217,4.9484,0.0000,0.0000,0.5236,0.7852,0.3307,0.4726,0.7953,0.3797,0.5013,0.7878,0.3579,-0.0895,0.1195,0.2020,Bright,
12.1819,4.0158,4.9558,0.0000,0.0000,0.5246,0.7844,0.3309,0.4718,0.7949,0.3815,0.5015,0.7871,0.3590,-0.0894,0.1196,0.2010,Bright,
12.1932,4.0059,4.9788,0.0000,0.0000,0.5259,0.7830,0.3323,0.4695,0.7941,0.3860,0.5012,0.7859,0.3622,-0.0891,0.1196,0.2004,Bright,
12.2041,4.0031,4.9813,0.0000,0.0000,0.5270,0.7817,0.3333,0.4688,0.7932,0.3886,0.5016,0.7847,0.3641,-0.0889,0.1196,0.1997,Bright,
12.2180,4.0043,4.9811,0.0000,0.0000,0.5283,0.7802,0.3349,0.4666,0.7922,0.3933,0.5014,0.7833,0.3675,-0.0887,0.1197,0.1991,Bright,
12.2265,4.0152,4.9799,0.0000,0.0000,0.5293,0.7793,0.3355,0.4659,0.7916,0.3954,0.5016,0.7825,0.3689,-0.0883,0.1198,0.1987,Bright,
12.2376,4.0239,4.9817,0.0000,0.0000,0.5303,0.7780,0.3370,0.4652,0.7904,0.3985,0.5019,0.7812,0.3713,-0.0880,0.1199,0.1985,Bright,
12.2486,4.0266,4.9837,0.0000,0.0000,0.5309,0.7773,0.3375,0.4642,0.7900,0.4005,0.5018,0.7806,0.3727,-0.0877,0.1201,0.1982,Bright,
12.2598,4.0270,4.9861,0.0000,0.0000,0.5318,0.7758,0.3397,0.4621,0.7888,0.4054,0.5013,0.7791,0.3764,-0.0874,0.1202,0.1982,Bright,
12.2709,4.0252,4.9786,0.0000,0.0000,0.5329,0.7746,0.3407,0.4618,0.7878,0.4076,0.5018,0.7780,0.3781,-0.0871,0.1203,0.1983,Bright,
12.2821,4.0153,4.9720,0.0000,0.0000,0.5337,0.7734,0.3421,0.4614,0.7867,0.4101,0.5022,0.7768,0.3801,-0.0868,0.1204,0.1983,Bright,
12.2934,4.0177,4.9705,0.0000,0.0000,0.5343,0.7722,0.3438,0.4596,0.7858,0.4139,0.5017,0.7757,0.3830,-0.0865,0.1203,0.1986,Bright,
12.3045,4.0267,4.9686,0.0000,0.0000,0.5346,0.7708,0.3465,0.4587,0.7845,0.4174,0.5014,0.7742,0.3862,-0.0862,0.1204,0.1989,Bright,
12.3155,4.0301,4.9678,0.0000,0.0000,0.5348,0.7696,0.3489,0.4579,0.7832,0.4206,0.5012,0.7730,0.3890,-0.0859,0.1205,0.1992,Bright,
12.3267,4.0250,4.9484,0.0000,0.0000,0.5348,0.7680,0.3524,0.4560,0.7817,0.4255,0.5004,0.7713,0.3933,-0.0857,0.1204,0.1998,Bright,
12.3449,4.0123,4.9314,0.0000,0.0000,0.5347,0.7662,0.3563,0.4545,0.7799,0.4304,0.4996,0.7695,0.3978,-0.0854,0.1204,0.2005,Bright,
12.3487,4.0123,4.9314,0.0000,0.0000,0.5348,0.7642,0.3606,0.4543,0.7777,0.4346,0.4996,0.7673,0.4020,-0.0851,0.1203,0.2014,Bright,
12.3600,4.0061,4.9252,0.0000,0.0000,0.5349,0.7614,0.3662,0.4532,0.7748,0.4409,0.4991,0.7644,0.4080,-0.0847,0.1200,0.2026,Bright,
12.3713,4.0042,4.9229,0.0000,0.0000,0.5352,0.7580,0.3729,0.4528,0.7710,0.4478,0.4991,0.7608,0.4149,-0.0844,0.1198,0.2039,Bright,
12.3823,4.0029,4.9211,0.0000,0.0000,0.5354,0.7541,0.3805,0.4523,0.7668,0.4555,0.4989,0.7567,0.4225,-0.0840,0.1196,0.2054,Bright,
12.3936,4.0002,4.9068,0.0000,0.0000,0.5354,0.7487,0.3909,0.4512,0.7609,0.4663,0.4984,0.7510,0.4332,-0.0835,0.1191,0.2073,Bright,
12.4048,3.9876,4.9016,0.0000,0.0000,0.5354,0.7435,0.4007,0.4507,0.7552,0.4760,0.4981,0.7454,0.4430,-0.0831,0.1187,0.2093,Bright,
12.4158,3.9776,4.8747,0.0000,0.0000,0.5347,0.7371,0.4132,0.4493,0.7480,0.4885,0.4971,0.7386,0.4554,-0.0828,0.1183,0.2117,Bright,
12.4272,3.9635,4.8142,0.0000,0.0000,0.5318,0.7296,0.4300,0.4451,0.7394,0.5051,0.4935,0.7304,0.4721,-0.0826,0.1178,0.2143,Bright,
12.4381,3.9568,4.7840,0.0000,0.0000,0.5258,0.7213,0.4509,0.4403,0.7295,0.5234,0.4879,0.7213,0.4916,-0.0824,0.1172,0.2171,Bright,
12.4493,3.9483,4.7143,0.0000,0.0000,0.5007,0.7108,0.4941,0.4190,0.7151,0.5595,0.4642,0.7090,0.5310,-0.0822,0.1165,0.2203,Bright,
12.4603,3.9449,4.6801,0.0000,0.0000,0.4740,0.6962,0.5391,0.3891,0.6969,0.6024,0.4357,0.6924,0.5751,-0.0823,0.1155,0.2235,Bright,
12.4720,3.9429,4.6550,0.0000,0.0000,0.4487,0.6797,0.5802,0.3643,0.6774,0.6391,0.4104,0.6744,0.6139,-0.0823,0.1146,0.2269,Bright,
12.4826,3.9286,4.6732,0.0000,0.0000,0.3948,0.6623,0.6368,0.3053,0.6546,0.6916,0.3538,0.6540,0.6687,-0.0823,0.1136,0.2304,Bright,
12.4939,3.9180,4.6844,0.0000,0.0000,0.4127,0.6501,0.6380,0.3223,0.6434,0.6944,0.3713,0.6422,0.6706,-0.0824,0.1125,0.2340,Bright,
12.5050,3.9098,4.6769,0.0000,0.0000,0.3829,0.6306,0.6751,0.2879,0.6207,0.7293,0.3392,0.6208,0.7068,-0.0825,0.1113,0.2374,Bright,
12.5160,3.8723,4.6524,0.0000,0.0000,0.3416,0.6070,0.7176,0.2400,0.5927,0.7688,0.2944,0.5946,0.7482,-0.0827,0.1101,0.2409,Bright,
12.5272,3.8752,4.6398,0.0000,0.0000,0.3171,0.5860,0.7457,0.2124,0.5692,0.7943,0.2683,0.5721,0.7751,-0.0832,0.1085,0.2443,Bright,
12.5386,3.8801,4.6347,0.0000,0.0000,0.2964,0.5645,0.7704,0.1888,0.5457,0.8164,0.2460,0.5493,0.7986,-0.0838,0.1072,0.2478,Bright,
12.5498,3.8393,4.6144,0.0000,0.0000,0.2767,0.5413,0.7940,0.1640,0.5203,0.8381,0.2238,0.5247,0.8214,-0.0846,0.1058,0.2514,Bright,
12.5613,3.8382,4.5996,0.0000,0.0000,0.2634,0.5218,0.8114,0.1490,0.4998,0.8532,0.2095,0.5044,0.8376,-0.0859,0.1041,0.2553,Bright,
12.5723,3.8372,4.5943,0.0000,0.0000,0.2487,0.5026,0.8280,0.1320,0.4796,0.8675,0.1936,0.4846,0.8531,-0.0873,0.1026,0.2592,Bright,
12.5834,3.7857,4.5491,0.0000,0.0000,0.2368,0.4852,0.8417,0.1156,0.4608,0.8799,0.1794,0.4662,0.8663,-0.0891,0.1010,0.2633,Bright,
12.5941,3.8199,4.5163,0.0000,0.0000,0.2099,0.4620,0.8617,0.0866,0.4361,0.8957,0.1513,0.4420,0.8842,-0.0913,0.0991,0.2675,Bright,
12.6053,3.8487,4.5145,0.0000,0.0000,0.1808,0.4390,0.8801,0.0539,0.4110,0.9100,0.1203,0.4177,0.9006,-0.0938,0.0972,0.2719,Bright,
12.6165,3.7008,4.2947,0.0000,0.0000,0.1518,0.4489,0.8806,0.0244,0.4191,0.9076,0.0910,0.4268,0.8998,-0.0968,0.0948,0.2764,Bright,
12.6277,3.6172,4.1147,0.0000,0.0000,0.1106,0.3983,0.9105,-0.0158,0.3680,0.9297,0.0500,0.3757,0.9254,-0.0999,0.0925,0.2808,Bright,
12.6389,3.5476,4.1709,0.0000,0.0000,0.0884,0.4104,0.9076,-0.0395,0.3786,0.9247,0.0270,0.3871,0.9217,-0.1034,0.0897,0.2851,Bright,
12.6499,3.3273,3.9858,0.0000,0.0000,0.0371,0.4792,0.8769,-0.0403,0.4588,0.8876,0.0002,0.4648,0.8854,-0.1072,0.0867,0.2894,Bright,
12.6609,3.5957,3.9384,0.0000,0.0000,0.0048,0.4275,0.9040,-0.0619,0.4101,0.9099,-0.0271,0.4150,0.9094,-0.1114,0.0833,0.2934,Bright,
12.6721,3.8342,3.9540,0.0000,0.0000,-0.0521,0.4114,0.9100,-0.1107,0.3954,0.9118,-0.0802,0.4000,0.9130,-0.1158,0.0801,0.2973,Bright,
12.6832,4.0364,4.1242,0.0000,0.0000,-0.0881,0.3712,0.9244,-0.1373,0.3579,0.9236,-0.1117,0.3616,0.9256,-0.1206,0.0767,0.3010,Bright,
12.6943,4.0954,4.2829,0.0000,0.0000,-0.1202,0.3150,0.9414,-0.1665,0.3029,0.9384,-0.1425,0.3061,0.9413,-0.1257,0.0730,0.3042,Bright,
12.7061,4.0525,4.4765,0.0000,0.0000,-0.1565,0.2491,0.9558,-0.2003,0.2381,0.9504,-0.1775,0.2408,0.9542,-0.1311,0.0692,0.3073,Bright,
12.7170,3.9371,4.7094,0.0000,0.0000,-0.1866,0.1326,0.9734,-0.2266,0.1235,0.9661,-0.2058,0.1254,0.9705,-0.1366,0.0654,0.3103,Bright,
12.7278,3.9256,4.7571,0.0000,0.0000,-0.2318,0.0717,0.9701,-0.2699,0.0633,0.9608,-0.2500,0.0649,0.9661,-0.1426,0.0613,0.3129,Bright,
12.7393,3.9183,4.7874,0.0000,0.0000,-0.2761,0.0130,0.9610,-0.3125,0.0054,0.9499,-0.2935,0.0066,0.9559,-0.1488,0.0570,0.3152,Bright,
12.7501,3.9678,4.7960,0.0000,0.0000,-0.3128,-0.0567,0.9481,-0.3469,-0.0633,0.9358,-0.3291,-0.0625,0.9422,-0.1551,0.0527,0.3171,Bright,
12.7616,3.9859,4.7886,0.0000,0.0000,-0.3579,-0.1043,0.9279,-0.3938,-0.1110,0.9125,-0.3751,-0.1103,0.9204,-0.1614,0.0477,0.3181,Bright,
12.7724,3.9979,4.8078,0.0000,0.0000,-0.4056,-0.1461,0.9023,-0.4432,-0.1526,0.8833,-0.4235,-0.1521,0.8930,-0.1682,0.0429,0.3191,Bright,
12.7835,4.0029,4.8527,0.0000,0.0000,-0.4419,-0.1979,0.8749,-0.4850,-0.2047,0.8502,-0.4625,-0.2046,0.8627,-0.1751,0.0379,0.3194,Bright,
12.7946,4.0237,4.8783,0.0000,0.0000,-0.4827,-0.2337,0.8440,-0.5281,-0.2402,0.8145,-0.5043,-0.2406,0.8293,-0.1821,0.0328,0.3191,Bright,
12.8060,4.0627,4.8918,0.0000,0.0000,-0.5198,-0.2704,0.8104,-0.5713,-0.2768,0.7727,-0.5443,-0.2778,0.7916,-0.1893,0.0277,0.3184,Bright,
12.8174,4.0790,4.9029,0.0000,0.0000,-0.5603,-0.3057,0.7698,-0.6135,-0.3113,0.7258,-0.5856,-0.3131,0.7477,-0.1961,0.0228,0.3173,Bright,
12.8281,4.0881,4.9106,0.0000,0.0000,-0.5977,-0.3359,0.7279,-0.6524,-0.3404,0.6771,-0.6237,-0.3431,0.7024,-0.2031,0.0176,0.3155,Bright,
12.8393,4.0927,4.9104,0.0000,0.0000,-0.6364,-0.3631,0.6805,-0.6920,-0.3661,0.6222,-0.6627,-0.3700,0.6511,-0.2099,0.0129,0.3132,Bright,
12.8503,4.1046,4.9119,0.0000,0.0000,-0.6701,-0.3887,0.6323,-0.7300,-0.3899,0.5613,-0.6984,-0.3955,0.5965,-0.2167,0.0085,0.3108,Bright,
12.8617,4.1112,4.9116,0.0000,0.0000,-0.7008,-0.4110,0.5831,-0.7604,-0.4100,0.5036,-0.7289,-0.4171,0.5429,-0.2233,0.0045,0.3077,Bright,
12.8729,4.1166,4.9410,0.0000,0.0000,-0.7324,-0.4287,0.5290,-0.7908,-0.4250,0.4405,-0.7598,-0.4340,0.4842,-0.2297,0.0007,0.3044,Bright,
12.8840,4.1222,4.9889,0.0000,0.0000,-0.7607,-0.4452,0.4724,-0.8201,-0.4378,0.3686,-0.7885,-0.4496,0.4197,-0.2361,-0.0029,0.3010,Bright,
12.8950,4.1347,5.0063,0.0000,0.0000,-0.7847,-0.4587,0.4169,-0.8408,-0.4479,0.3040,-0.8108,-0.4619,0.3594,-0.2419,-0.0063,0.2969,Bright,
12.9064,4.1840,4.9573,0.0000,0.0000,-0.8118,-0.4789,0.3342,-0.8625,-0.4616,0.2075,-0.8351,-0.4797,0.2694,-0.2476,-0.0094,0.2929,Bright,
12.9175,4.2161,4.9647,0.0000,0.0000,-0.8362,-0.4901,0.2461,-0.8773,-0.4666,0.1126,-0.8546,-0.4880,0.1775,-0.2531,-0.0126,0.2888,Bright,
12.9283,4.2560,4.9726,0.0000,0.0000,-0.8433,-0.5102,0.1691,-0.8763,-0.4808,0.0307,-0.8574,-0.5054,0.0977,-0.2575,-0.0156,0.2843,Bright,
12.9396,4.2811,5.0000,0.0000,0.0000,-0.8456,-0.5323,0.0406,-0.8606,-0.5062,-0.0560,-0.8505,-0.5259,-0.0091,-0.2622,-0.0184,0.2800,Bright,
12.9508,4.2725,5.0180,0.0000,0.0000,-0.8419,-0.5365,-0.0575,-0.8481,-0.5135,-0.1303,-0.8427,-0.5299,-0.0948,-0.2664,-0.0210,0.2755,Bright,
12.9618,4.3111,5.0293,0.0000,0.0000,-0.8389,-0.5331,-0.1101,-0.8415,-0.5126,-0.1708,-0.8381,-0.5269,-0.1411,-0.2705,-0.0236,0.2712,Bright,
12.9732,4.3801,5.1055,0.0000,0.0000,-0.8197,-0.5427,-0.1833,-0.8195,-0.5253,-0.2291,-0.8178,-0.5371,-0.2066,-0.2741,-0.0260,0.2672,Bright,
12.9841,4.4110,5.1473,0.0000,0.0000,-0.8153,-0.5393,-0.2106,-0.8141,-0.5228,-0.2529,-0.8131,-0.5339,-0.2321,-0.2773,-0.0284,0.2633,Bright,
12.9956,4.4516,5.1978,0.0000,0.0000,-0.8161,-0.5373,-0.2129,-0.8147,-0.5226,-0.2512,-0.8139,-0.5325,-0.2323,-0.2800,-0.0310,0.2596,Bright,
13.0065,4.4337,5.2079,0.0000,0.0000,-0.8156,-0.5452,-0.1937,-0.8146,-0.5291,-0.2377,-0.8135,-0.5400,-0.2161,-0.2826,-0.0333,0.2561,Bright,
13.0178,4.4175,5.2101,0.0000,0.0000,-0.8186,-0.5449,-0.1815,-0.8175,-0.5274,-0.2312,-0.8163,-0.5393,-0.2068,-0.2850,-0.0361,0.2532,Bright,
13.0286,4.3912,5.2104,0.0000,0.0000,-0.8208,-0.5501,-0.1539,-0.8206,-0.5314,-0.2103,-0.8188,-0.5443,-0.1826,-0.2871,-0.0381,0.2506,Bright,
13.0397,4.3427,5.1690,0.0000,0.0000,-0.8236,-0.5576,-0.1037,-0.8258,-0.5368,-0.1730,-0.8225,-0.5516,-0.1390,-0.2892,-0.0400,0.2481,Bright,
13.0513,4.3226,5.1547,0.0000,0.0000,-0.8101,-0.5630,-0.1639,-0.8090,-0.5381,-0.2366,-0.8071,-0.5552,-0.2010,-0.2909,-0.0423,0.2463,Bright,
13.0620,4.3533,5.1750,0.0000,0.0000,-0.8147,-0.5710,-0.1014,-0.8172,-0.5445,-0.1888,-0.8133,-0.5633,-0.1459,-0.2924,-0.0443,0.2448,Bright,
13.0732,4.3868,5.1978,0.0000,0.0000,-0.7986,-0.5922,-0.1078,-0.8011,-0.5637,-0.2014,-0.7969,-0.5838,-0.1555,-0.2939,-0.0464,0.2433,Bright,
13.0845,4.4146,5.2186,0.0000,0.0000,-0.8033,-0.5902,-0.0793,-0.8076,-0.5612,-0.1812,-0.8024,-0.5821,-0.1312,-0.2953,-0.0484,0.2422,Bright,
13.0954,4.4403,5.2203,0.0000,0.0000,-0.7553,-0.6416,-0.1336,-0.7570,-0.6057,-0.2452,-0.7524,-0.6305,-0.1905,-0.2964,-0.0504,0.2416,Bright,
13.1068,4.4446,5.2156,0.0000,0.0000,-0.7423,-0.6548,-0.1426,-0.7435,-0.6158,-0.2607,-0.7389,-0.6425,-0.2029,-0.2975,-0.0524,0.2411,Bright,
13.1183,4.4463,5.2088,0.0000,0.0000,-0.7507,-0.6559,-0.0783,-0.7576,-0.6186,-0.2083,-0.7500,-0.6454,-0.1446,-0.2985,-0.0544,0.2405,Bright,
13.1289,4.4022,5.2139,0.0000,0.0000,-0.7282,-0.6692,-0.1479,-0.7287,-0.6215,-0.2876,-0.7238,-0.6541,-0.2196,-0.2993,-0.0562,0.2395,Bright,
13.1401,4.3870,5.2187,0.0000,0.0000,-0.7191,-0.6863,-0.1091,-0.7240,-0.6391,-0.2594,-0.7167,-0.6721,-0.1860,-0.3003,-0.0581,0.2392,Bright,
13.1512,4.3783,5.2224,0.0000,0.0000,-0.7102,-0.6942,-0.1171,-0.7144,-0.6437,-0.2743,-0.7072,-0.6788,-0.1977,-0.3012,-0.0599,0.2387,Bright,
13.1623,4.3637,5.1822,0.0000,0.0000,-0.7070,-0.6953,-0.1294,-0.7094,-0.6378,-0.2999,-0.7028,-0.6775,-0.2172,-0.3020,-0.0618,0.2381,Bright,
13.1736,4.3598,5.1822,0.0000,0.0000,-0.7061,-0.6946,-0.1378,-0.7074,-0.6331,-0.3144,-0.7012,-0.6752,-0.2290,-0.3028,-0.0637,0.2379,Bright,
13.1849,4.3511,5.1835,0.0000,0.0000,-0.7070,-0.6925,-0.1434,-0.7075,-0.6271,-0.3259,-0.7016,-0.6717,-0.2379,-0.3034,-0.0655,0.2377,Bright,
13.1958,4.3415,5.1466,0.0000,0.0000,-0.7233,-0.6753,-0.1440,-0.7220,-0.6037,-0.3379,-0.7171,-0.6526,-0.2449,-0.3039,-0.0672,0.2376,Bright,
13.2068,4.3403,5.1372,0.0000,0.0000,-0.7263,-0.6722,-0.1432,-0.7252,-0.5976,-0.3419,-0.7201,-0.6484,-0.2469,-0.3045,-0.0689,0.2377,Bright,
13.2186,4.2929,5.1333,0.0000,0.0000,-0.7295,-0.6696,-0.1393,-0.7286,-0.5909,-0.3464,-0.7234,-0.6445,-0.2477,-0.3048,-0.0707,0.2377,Bright,
13.2294,4.2803,5.1397,0.0000,0.0000,-0.7269,-0.6729,-0.1373,-0.7269,-0.5921,-0.3479,-0.7212,-0.6470,-0.2477,-0.3052,-0.0722,0.2379,Bright,
13.2403,4.2709,5.1351,0.0000,0.0000,-0.7236,-0.6769,-0.1348,-0.7252,-0.5937,-0.3487,-0.7186,-0.6500,-0.2472,-0.3056,-0.0738,0.2384,Bright,
13.2516,4.2450,5.1305,0.0000,0.0000,-0.7199,-0.6816,-0.1309,-0.7237,-0.5963,-0.3473,-0.7159,-0.6539,-0.2448,-0.3058,-0.0755,0.2392,Bright,
13.2628,4.2126,5.0677,0.0000,0.0000,-0.7159,-0.6856,-0.1320,-0.7212,-0.5966,-0.3520,-0.7125,-0.6563,-0.2481,-0.3057,-0.0768,0.2399,Bright,
13.2739,4.2020,5.0412,0.0000,0.0000,-0.7106,-0.6910,-0.1323,-0.7182,-0.5996,-0.3530,-0.7083,-0.6605,-0.2491,-0.3056,-0.0786,0.2414,Bright,
13.2849,4.1860,4.9989,0.0000,0.0000,-0.7085,-0.6952,-0.1213,-0.7200,-0.6018,-0.3455,-0.7081,-0.6640,-0.2403,-0.3054,-0.0804,0.2434,Bright,
13.2964,4.1718,4.9830,0.0000,0.0000,-0.7031,-0.7028,-0.1084,-0.7194,-0.6094,-0.3332,-0.7050,-0.6716,-0.2278,-0.3044,-0.0819,0.2456,Bright,
13.3072,4.1602,4.9728,0.0000,0.0000,-0.6979,-0.7099,-0.0952,-0.7190,-0.6168,-0.3205,-0.7022,-0.6788,-0.2150,-0.3039,-0.0837,0.2481,Bright,
13.3182,4.1575,4.9652,0.0000,0.0000,-0.6923,-0.7183,-0.0690,-0.7205,-0.6267,-0.2969,-0.7002,-0.6882,-0.1901,-0.3031,-0.0855,0.2509,Bright,
13.3297,4.6617,4.9197,0.0000,0.0000,-0.6824,-0.7306,-0.0231,-0.7213,-0.6467,-0.2482,-0.6956,-0.7042,-0.1422,-0.3020,-0.0875,0.2541,Bright,
13.3407,5.0840,4.7827,0.0000,0.0000,-0.6731,-0.7395,-0.0079,-0.7178,-0.6572,-0.2300,-0.6892,-0.7136,-0.1256,-0.3007,-0.0896,0.2575,Bright,
13.3516,5.1569,4.7003,0.0000,0.0000,-0.6609,-0.7491,0.0461,-0.6911,-0.7208,-0.0533,-0.6718,-0.7407,-0.0054,-0.2989,-0.0918,0.2613,Bright,
13.3629,4.8571,4.7349,0.0000,0.0000,-0.6382,-0.7641,0.0945,-0.6677,-0.7443,0.0144,-0.6493,-0.7587,0.0530,-0.2962,-0.0934,0.2652,Bright,
13.3743,4.5670,4.7857,0.0000,0.0000,-0.6300,-0.7655,0.1308,-0.6627,-0.7472,0.0513,-0.6427,-0.7609,0.0895,-0.2936,-0.0955,0.2696,Bright,
13.3853,4.2049,4.9168,0.0000,0.0000,-0.5823,-0.7951,0.1697,-0.6142,-0.7824,0.1035,-0.5950,-0.7923,0.1352,-0.2909,-0.0973,0.2739,Bright,
13.3963,4.2002,4.9709,0.0000,0.0000,-0.5230,-0.8340,0.1760,-0.5569,-0.8229,0.1127,-0.5366,-0.8316,0.1429,-0.2876,-0.0985,0.2788,Bright,
13.4075,4.2654,5.0580,0.0000,0.0000,-0.4401,-0.8680,0.2298,-0.4781,-0.8618,0.1695,-0.4557,-0.8678,0.1981,-0.2844,-0.1000,0.2836,Bright,
13.4187,4.2907,5.0984,0.0000,0.0000,-0.4006,-0.8765,0.2671,-0.4369,-0.8733,0.2154,-0.4157,-0.8773,0.2398,-0.2810,-0.1014,0.2882,Bright,
13.4300,4.3000,5.1271,0.0000,0.0000,-0.3850,-0.8736,0.2976,-0.4199,-0.8719,0.2520,-0.3997,-0.8749,0.2734,-0.2769,-0.1022,0.2927,Bright,
13.4410,4.3543,5.2043,0.0000,0.0000,-0.2636,-0.8973,0.3539,-0.2994,-0.9010,0.3139,-0.2788,-0.9010,0.3324,-0.2727,-0.1035,0.2974,Bright,
13.4521,4.3857,5.2725,0.0000,0.0000,-0.2095,-0.8988,0.3851,-0.2439,-0.9044,0.3502,-0.2243,-0.9031,0.3662,-0.2684,-0.1047,0.3020,Bright,
13.4633,4.3891,5.3263,0.0000,0.0000,-0.1411,-0.8912,0.4311,-0.1743,-0.8993,0.4012,-0.1555,-0.8966,0.4146,-0.2636,-0.1052,0.3063,Bright,
13.4744,4.3891,5.3656,0.0000,0.0000,-0.1114,-0.8995,0.4225,-0.1436,-0.9073,0.3951,-0.1254,-0.9046,0.4073,-0.2586,-0.1061,0.3108,Bright,
13.4857,4.4075,5.4184,0.0000,0.0000,-0.0335,-0.8883,0.4580,-0.0632,-0.8979,0.4356,-0.0465,-0.8941,0.4454,-0.2535,-0.1070,0.3150,Bright,
13.4970,4.4103,5.4474,0.0000,0.0000,0.0238,-0.8793,0.4756,-0.0050,-0.8900,0.4560,0.0111,-0.8856,0.4643,-0.2482,-0.1075,0.3189,Bright,
13.5078,4.4374,5.4826,0.0000,0.0000,0.0657,-0.8635,0.5000,0.0380,-0.8747,0.4832,0.0534,-0.8700,0.4901,-0.2427,-0.1082,0.3229,Bright,
13.5195,4.4403,5.5244,0.0000,0.0000,0.0955,-0.8598,0.5016,0.0679,-0.8712,0.4863,0.0831,-0.8663,0.4925,-0.2370,-0.1088,0.3267,Bright,
13.5303,4.4400,5.5568,0.0000,0.0000,0.1687,-0.8458,0.5061,0.1424,-0.8583,0.4931,0.1569,-0.8528,0.4981,-0.2315,-0.1091,0.3304,Bright,
13.5413,4.4509,5.5490,0.0000,0.0000,0.1465,-0.8467,0.5116,0.1193,-0.8583,0.4991,0.1342,-0.8533,0.5038,-0.2256,-0.1093,0.3339,Bright,
13.5522,4.4543,5.5196,0.0000,0.0000,0.2203,-0.8300,0.5124,0.1944,-0.8427,0.5021,0.2086,-0.8371,0.5057,-0.2195,-0.1095,0.3373,Bright,
13.5637,4.4585,5.4870,0.0000,0.0000,0.2403,-0.8255,0.5108,0.2142,-0.8382,0.5015,0.2284,-0.8326,0.5046,-0.2137,-0.1095,0.3408,Bright,
13.5746,4.5307,5.4835,0.0000,0.0000,0.2310,-0.8354,0.4987,0.2042,-0.8476,0.4898,0.2187,-0.8423,0.4927,-0.2075,-0.1093,0.3439,Bright,
13.5859,4.5302,5.5100,0.0000,0.0000,0.2475,-0.8308,0.4984,0.2205,-0.8431,0.4905,0.2351,-0.8377,0.4929,-0.2013,-0.1090,0.3468,Bright,
13.5970,4.5275,5.5612,0.0000,0.0000,0.2703,-0.8251,0.4961,0.2432,-0.8376,0.4892,0.2578,-0.8321,0.4911,-0.1953,-0.1088,0.3503,Bright,
13.6078,4.4840,5.6076,0.0000,0.0000,0.3132,-0.8103,0.4953,0.2867,-0.8233,0.4899,0.3009,-0.8176,0.4910,-0.1889,-0.1082,0.3531,Bright,
13.6190,4.4574,5.6061,0.0000,0.0000,0.3520,-0.7967,0.4913,0.3261,-0.8101,0.4873,0.3399,-0.8041,0.4877,-0.1827,-0.1075,0.3556,Bright,
13.6303,4.4433,5.7364,0.0000,0.0000,0.4108,-0.7736,0.4824,0.3863,-0.7877,0.4799,0.3993,-0.7814,0.4795,-0.1766,-0.1066,0.3579,Bright,
13.6420,4.4493,5.8576,0.0000,0.0000,0.4639,-0.7542,0.4648,0.4406,-0.7687,0.4636,0.4529,-0.7621,0.4626,-0.1705,-0.1057,0.3600,Bright,
13.6528,4.4865,5.9568,0.0000,0.0000,0.4949,-0.7347,0.4640,0.4721,-0.7496,0.4640,0.4841,-0.7428,0.4624,-0.1642,-0.1046,0.3620,Bright,
13.6636,4.5210,6.1677,0.0000,0.0000,0.5498,-0.7049,0.4482,0.5286,-0.7201,0.4495,0.5397,-0.7132,0.4473,-0.1582,-0.1034,0.3649,Bright,
13.6747,4.5208,6.1121,0.0000,0.0000,0.5680,-0.7018,0.4300,0.5470,-0.7171,0.4320,0.5580,-0.7101,0.4294,-0.1520,-0.1023,0.3666,Bright,
13.6861,4.5378,6.0548,0.0000,0.0000,0.5947,-0.6874,0.4170,0.5743,-0.7028,0.4198,0.5849,-0.6958,0.4168,-0.1456,-0.1009,0.3682,Bright,
13.6970,4.5419,5.8977,0.0000,0.0000,0.6063,-0.6874,0.4000,0.5859,-0.7027,0.4035,0.5965,-0.6958,0.4002,-0.1393,-0.0995,0.3708,Bright,
13.7082,4.5366,5.8436,0.0000,0.0000,0.6089,-0.6920,0.3878,0.5881,-0.7074,0.3920,0.5988,-0.7004,0.3883,-0.1325,-0.0978,0.3721,Bright,
13.7195,4.5483,5.8124,0.0000,0.0000,0.6256,-0.6841,0.3751,0.6051,-0.6995,0.3803,0.6156,-0.6925,0.3761,-0.1258,-0.0962,0.3733,Bright,
13.7306,4.5499,5.8449,0.0000,0.0000,0.6294,-0.6831,0.3705,0.6086,-0.6984,0.3765,0.6193,-0.6915,0.3719,-0.1190,-0.0945,0.3751,Bright,
13.7418,4.5452,5.8373,0.0000,0.0000,0.6293,-0.6871,0.3632,0.6081,-0.7023,0.3701,0.6189,-0.6955,0.3650,-0.1121,-0.0928,0.3757,Bright,
13.7528,4.5469,5.8294,0.0000,0.0000,0.6470,-0.6792,0.3465,0.6263,-0.6945,0.3543,0.6368,-0.6876,0.3488,-0.1050,-0.0912,0.3762,Bright,
13.7640,4.5514,5.7176,0.0000,0.0000,0.6431,-0.6863,0.3396,0.6219,-0.7015,0.3481,0.6327,-0.6947,0.3422,-0.0979,-0.0896,0.3773,Bright,
13.7751,4.5558,5.6963,0.0000,0.0000,0.6421,-0.6908,0.3324,0.6206,-0.7057,0.3418,0.6315,-0.6991,0.3354,-0.0907,-0.0880,0.3772,Bright,
13.7864,4.5707,5.6841,0.0000,0.0000,0.6386,-0.6953,0.3299,0.6166,-0.7099,0.3402,0.6277,-0.7035,0.3334,-0.0836,-0.0865,0.3771,Bright,
13.7978,4.5953,5.7662,0.0000,0.0000,0.6356,-0.7046,0.3155,0.6106,-0.7208,0.3280,0.6231,-0.7138,0.3199,-0.0764,-0.0851,0.3771,Bright,
13.8085,4.6049,5.8191,0.0000,0.0000,0.6525,-0.7000,0.2903,0.6286,-0.7160,0.3037,0.6405,-0.7090,0.2952,-0.0692,-0.0837,0.3762,Bright,
13.8199,4.6261,5.8584,0.0000,0.0000,0.6746,-0.6880,0.2674,0.6520,-0.7040,0.2817,0.6632,-0.6970,0.2727,-0.0623,-0.0822,0.3760,Bright,
13.8307,4.6188,5.9852,0.0000,0.0000,0.7093,-0.6676,0.2261,0.6889,-0.6836,0.2409,0.6989,-0.6766,0.2317,-0.0551,-0.0810,0.3746,Bright,
13.8423,4.5980,6.0262,0.0000,0.0000,0.7311,-0.6544,0.1932,0.7121,-0.6704,0.2086,0.7213,-0.6634,0.1992,-0.0481,-0.0799,0.3729,Bright,
13.8533,4.6034,6.0559,0.0000,0.0000,0.7578,-0.6302,0.1692,0.7403,-0.6462,0.1853,0.7487,-0.6392,0.1756,-0.0412,-0.0789,0.3711,Bright,
13.8643,4.5936,6.2156,0.0000,0.0000,0.7819,-0.6099,0.1293,0.7662,-0.6259,0.1457,0.7737,-0.6189,0.1359,-0.0349,-0.0778,0.3693,Bright,
13.8755,4.5839,6.2566,0.0000,0.0000,0.8019,-0.5900,0.0944,0.7877,-0.6059,0.1112,0.7943,-0.5990,0.1013,-0.0283,-0.0770,0.3668,Bright,
13.8866,4.5733,6.2862,0.0000,0.0000,0.8199,-0.5679,0.0729,0.8069,-0.5837,0.0902,0.8129,-0.5768,0.0801,-0.0219,-0.0762,0.3642,Bright,
13.8977,4.5621,6.3893,0.0000,0.0000,0.8316,-0.5547,0.0270,0.8201,-0.5705,0.0442,0.8253,-0.5636,0.0342,-0.0161,-0.0754,0.3617,Bright,
13.9093,4.5639,6.3226,0.0000,0.0000,0.8224,-0.5689,-0.0023,0.8112,-0.5846,0.0152,0.8162,-0.5778,0.0051,-0.0099,-0.0747,0.3586,Bright,
13.9200,4.5546,6.2655,0.0000,0.0000,0.8285,-0.5592,-0.0292,0.8182,-0.5748,-0.0114,0.8227,-0.5680,-0.0217,-0.0042,-0.0738,0.3558,Bright,
13.9312,4.5542,6.1460,0.0000,0.0000,0.8281,-0.5585,-0.0492,0.8182,-0.5740,-0.0309,0.8225,-0.5673,-0.0414,0.0017,-0.0731,0.3523,Bright,
13.9427,4.5600,6.0835,0.0000,0.0000,0.8233,-0.5641,-0.0631,0.8137,-0.5796,-0.0442,0.8178,-0.5729,-0.0550,0.0074,-0.0725,0.3488,Bright,
13.9535,4.5449,6.0427,0.0000,0.0000,0.8275,-0.5545,-0.0886,0.8187,-0.5700,-0.0694,0.8224,-0.5633,-0.0804,0.0124,-0.0717,0.3456,Bright,
13.9648,4.5065,5.8553,0.0000,0.0000,0.8136,-0.5725,-0.1021,0.8047,-0.5879,-0.0823,0.8084,-0.5812,-0.0935,0.0177,-0.0712,0.3418,Bright,
13.9759,4.4841,5.8448,0.0000,0.0000,0.8071,-0.5791,-0.1150,0.7985,-0.5945,-0.0946,0.8020,-0.5878,-0.1061,0.0228,-0.0708,0.3379,Bright,
13.9869,4.4617,5.8038,0.0000,0.0000,0.8040,-0.5804,-0.1291,0.7959,-0.5957,-0.1082,0.7991,-0.5891,-0.1199,0.0275,-0.0702,0.3341,Bright,
13.9980,4.4959,5.7777,0.0000,0.0000,0.7994,-0.5801,-0.1562,0.7920,-0.5954,-0.1351,0.7948,-0.5888,-0.1470,0.0321,-0.0699,0.3299,Bright,
14.0097,4.5262,5.7871,0.0000,0.0000,0.7934,-0.5837,-0.1725,0.7864,-0.5989,-0.1509,0.7890,-0.5924,-0.1630,0.0366,-0.0696,0.3257,Bright,
14.0203,4.5607,5.8080,0.0000,0.0000,0.7878,-0.5796,-0.2082,0.7818,-0.5949,-0.1868,0.7838,-0.5883,-0.1987,0.0405,-0.0693,0.3216,Bright,
14.0313,4.5593,5.8255,0.0000,0.0000,0.7969,-0.5576,-0.2323,0.7920,-0.5729,-0.2109,0.7935,-0.5663,-0.2228,0.0442,-0.0692,0.3175,Bright,
14.0427,4.5543,5.8441,0.0000,0.0000,0.7801,-0.5774,-0.2408,0.7751,-0.5927,-0.2188,0.7766,-0.5861,-0.2310,0.0478,-0.0692,0.3136,Bright,
14.0539,4.5133,6.0282,0.0000,0.0000,0.7833,-0.5573,-0.2754,0.7796,-0.5726,-0.2538,0.7804,-0.5660,-0.2657,0.0515,-0.0694,0.3100,Bright,
14.0647,4.5077,6.1122,0.0000,0.0000,0.7922,-0.5197,-0.3198,0.7901,-0.5350,-0.2990,0.7901,-0.5285,-0.3105,0.0546,-0.0694,0.3065,Bright,
14.0764,4.5058,6.1749,0.0000,0.0000,0.7779,-0.5369,-0.3265,0.7758,-0.5522,-0.3053,0.7758,-0.5456,-0.3170,0.0574,-0.0694,0.3032,Bright,
14.0871,4.5010,6.1923,0.0000,0.0000,0.7844,-0.5138,-0.3475,0.7832,-0.5291,-0.3266,0.7827,-0.5225,-0.3381,0.0601,-0.0693,0.3002,Bright,
14.0983,4.4513,6.0993,0.0000,0.0000,0.7881,-0.5149,-0.3374,0.7870,-0.5301,-0.3157,0.7865,-0.5236,-0.3276,0.0625,-0.0694,0.2975,Bright,
14.1095,4.4115,6.0212,0.0000,0.0000,0.7785,-0.5109,-0.3645,0.7781,-0.5261,-0.3433,0.7772,-0.5196,-0.3549,0.0647,-0.0696,0.2950,Bright,
14.1204,4.3685,5.8602,0.0000,0.0000,0.7772,-0.5183,-0.3569,0.7767,-0.5334,-0.3351,0.7758,-0.5270,-0.3470,0.0665,-0.0693,0.2929,Bright,
14.1316,4.3626,5.7598,0.0000,0.0000,0.7669,-0.5587,-0.3158,0.7652,-0.5735,-0.2924,0.7649,-0.5672,-0.3052,0.0685,-0.0694,0.2909,Bright,
14.1429,4.3633,5.6866,0.0000,0.0000,0.7679,-0.5397,-0.3452,0.7672,-0.5545,-0.3224,0.7664,-0.5482,-0.3348,0.0704,-0.0695,0.2892,Bright,
14.1540,4.3510,5.6981,0.0000,0.0000,0.7659,-0.5555,-0.3238,0.7648,-0.5701,-0.3001,0.7642,-0.5640,-0.3130,0.0720,-0.0693,0.2876,Bright,
14.1650,4.3372,5.6623,0.0000,0.0000,0.7600,-0.5706,-0.3112,0.7587,-0.5849,-0.2869,0.7582,-0.5789,-0.3000,0.0738,-0.0694,0.2862,Bright,
14.1765,4.3258,5.6358,0.0000,0.0000,0.7597,-0.5702,-0.3127,0.7584,-0.5845,-0.2883,0.7579,-0.5785,-0.3016,0.0755,-0.0694,0.2850,Bright,
14.1874,4.3011,5.6207,0.0000,0.0000,0.7593,-0.5776,-0.2996,0.7579,-0.5917,-0.2748,0.7574,-0.5859,-0.2882,0.0770,-0.0695,0.2839,Bright,
14.1984,4.2924,5.6357,0.0000,0.0000,0.7609,-0.5721,-0.3063,0.7597,-0.5862,-0.2815,0.7591,-0.5804,-0.2949,0.0785,-0.0697,0.2829,Bright,
14.2100,4.2862,5.6532,0.0000,0.0000,0.7574,-0.5827,-0.2946,0.7559,-0.5966,-0.2694,0.7555,-0.5909,-0.2830,0.0799,-0.0698,0.2821,Bright,
14.2208,4.2951,5.6006,0.0000,0.0000,0.7579,-0.5833,-0.2921,0.7565,-0.5972,-0.2667,0.7560,-0.5915,-0.2804,0.0811,-0.0699,0.2812,Bright,
14.2318,4.3064,5.5844,0.0000,0.0000,0.7561,-0.5856,-0.2923,0.7547,-0.5993,-0.2668,0.7542,-0.5937,-0.2805,0.0824,-0.0701,0.2806,Bright,
14.2431,4.2980,5.5709,0.0000,0.0000,0.7557,-0.5876,-0.2894,0.7543,-0.6012,-0.2638,0.7538,-0.5956,-0.2776,0.0836,-0.0703,0.2801,Bright,
14.2545,4.2915,5.5586,0.0000,0.0000,0.7557,-0.5870,-0.2905,0.7544,-0.6006,-0.2649,0.7538,-0.5950,-0.2787,0.0846,-0.0706,0.2794,Bright,
14.2655,4.2917,5.5746,0.0000,0.0000,0.7549,-0.5878,-0.2909,0.7536,-0.6014,-0.2653,0.7530,-0.5959,-0.2791,0.0856,-0.0709,0.2791,Bright,
14.2764,4.3104,5.5871,0.0000,0.0000,0.7550,-0.5876,-0.2911,0.7537,-0.6012,-0.2655,0.7531,-0.5956,-0.2793,0.0867,-0.0712,0.2788,Bright,
14.2876,4.3090,5.5827,0.0000,0.0000,0.7635,-0.5728,-0.2982,0.7626,-0.5865,-0.2728,0.7619,-0.5809,-0.2865,0.0876,-0.0714,0.2786,Bright,
14.2989,4.2916,5.6017,0.0000,0.0000,0.7725,-0.5506,-0.3163,0.7723,-0.5644,-0.2915,0.7712,-0.5588,-0.3049,0.0883,-0.0716,0.2782,Bright,
14.3101,4.2552,5.6168,0.0000,0.0000,0.7814,-0.5331,-0.3245,0.7816,-0.5469,-0.3000,0.7803,-0.5413,-0.3132,0.0891,-0.0719,0.2782,Bright,
14.3213,4.2016,5.7132,0.0000,0.0000,0.7994,-0.4884,-0.3499,0.8008,-0.5022,-0.3264,0.7990,-0.4966,-0.3392,0.0899,-0.0721,0.2781,Bright,
14.3321,4.1921,5.7283,0.0000,0.0000,0.7995,-0.4846,-0.3550,0.8010,-0.4983,-0.3317,0.7991,-0.4927,-0.3444,0.0906,-0.0724,0.2780,Bright,
14.3437,4.1906,5.7361,0.0000,0.0000,0.8026,-0.4806,-0.3535,0.8042,-0.4942,-0.3303,0.8023,-0.4887,-0.3429,0.0914,-0.0726,0.2780,Bright,
14.3549,4.1925,5.7127,0.0000,0.0000,0.8053,-0.4708,-0.3603,0.8072,-0.4844,-0.3374,0.8051,-0.4789,-0.3499,0.0922,-0.0727,0.2778,Bright,
14.3657,4.1928,5.6895,0.0000,0.0000,0.8064,-0.4685,-0.3608,0.8083,-0.4821,-0.3380,0.8062,-0.4766,-0.3504,0.0929,-0.0727,0.2778,Bright,
14.3768,4.1893,5.6730,0.0000,0.0000,0.8113,-0.4567,-0.3650,0.8135,-0.4701,-0.3424,0.8113,-0.4647,-0.3547,0.0936,-0.0728,0.2777,Bright,
14.3878,4.1817,5.6746,0.0000,0.0000,0.8100,-0.4637,-0.3591,0.8119,-0.4772,-0.3363,0.8099,-0.4717,-0.3487,0.0943,-0.0728,0.2774,Bright,
14.3987,4.1787,5.6803,0.0000,0.0000,0.8064,-0.4749,-0.3525,0.8080,-0.4884,-0.3295,0.8061,-0.4829,-0.3420,0.0949,-0.0728,0.2773,Bright,
14.4102,4.1787,5.6855,0.0000,0.0000,0.8100,-0.4670,-0.3547,0.8118,-0.4805,-0.3319,0.8098,-0.4750,-0.3443,0.0955,-0.0729,0.2770,Bright,
14.4229,4.1696,5.5910,0.0000,0.0000,0.8085,-0.4724,-0.3509,0.8102,-0.4859,-0.3279,0.8083,-0.4804,-0.3404,0.0961,-0.0729,0.2766,Bright,
14.4322,4.1617,5.5734,0.0000,0.0000,0.8083,-0.4730,-0.3507,0.8099,-0.4864,-0.3277,0.8080,-0.4810,-0.3402,0.0966,-0.0730,0.2762,Bright,
14.4435,4.1497,5.5615,0.0000,0.0000,0.8085,-0.4731,-0.3500,0.8101,-0.4865,-0.3270,0.8082,-0.4811,-0.3395,0.0971,-0.0731,0.2759,Bright,
14.4547,4.1397,5.6534,0.0000,0.0000,0.8087,-0.4740,-0.3483,0.8103,-0.4874,-0.3253,0.8084,-0.4820,-0.3378,0.0978,-0.0733,0.2753,Bright,
14.4659,4.1407,5.7411,0.0000,0.0000,0.8064,-0.4759,-0.3510,0.8080,-0.4894,-0.3281,0.8061,-0.4839,-0.3405,0.0983,-0.0735,0.2749,Bright,
14.4771,4.1719,5.8093,0.0000,0.0000,0.8033,-0.4791,-0.3539,0.8049,-0.4925,-0.3311,0.8030,-0.4871,-0.3435,0.0988,-0.0737,0.2744,Bright,
14.4881,4.2453,5.8528,0.0000,0.0000,0.7585,-0.5404,-0.3641,0.7591,-0.5543,-0.3413,0.7577,-0.5485,-0.3537,0.0994,-0.0743,0.2738,Bright,
14.4992,4.2822,5.8118,0.0000,0.0000,0.7227,-0.5878,-0.3635,0.7224,-0.6018,-0.3406,0.7213,-0.5959,-0.3530,0.0999,-0.0748,0.2732,Bright,
14.5103,4.3422,5.7737,0.0000,0.0000,0.7006,-0.6117,-0.3675,0.6998,-0.6257,-0.3447,0.6989,-0.6197,-0.3570,0.1004,-0.0754,0.2726,Bright,
14.5218,4.3941,5.7714,0.0000,0.0000,0.6422,-0.6645,-0.3821,0.6405,-0.6785,-0.3597,0.6400,-0.6724,-0.3717,0.1010,-0.0762,0.2718,Bright,
14.5328,4.3949,5.7799,0.0000,0.0000,0.6118,-0.6897,-0.3873,0.6097,-0.7035,-0.3651,0.6095,-0.6974,-0.3770,0.1015,-0.0770,0.2710,Bright,
14.5438,4.4087,5.7900,0.0000,0.0000,0.5948,-0.7022,-0.3912,0.5926,-0.7160,-0.3691,0.5924,-0.7099,-0.3809,0.1019,-0.0778,0.2700,Bright,
14.5549,4.4032,5.7993,0.0000,0.0000,0.5915,-0.6995,-0.4011,0.5894,-0.7133,-0.3793,0.5891,-0.7072,-0.3909,0.1025,-0.0790,0.2690,Bright,
14.5661,4.3925,5.7795,0.0000,0.0000,0.5821,-0.7048,-0.4056,0.5799,-0.7186,-0.3839,0.5796,-0.7125,-0.3955,0.1031,-0.0800,0.2679,Bright,
14.5774,4.3903,5.7631,0.0000,0.0000,0.5770,-0.7066,-0.4095,0.5748,-0.7205,-0.3879,0.5746,-0.7144,-0.3995,0.1037,-0.0812,0.2667,Bright,
14.5883,4.3580,5.7497,0.0000,0.0000,0.5815,-0.7019,-0.4114,0.5794,-0.7158,-0.3898,0.5791,-0.7096,-0.4014,0.1044,-0.0826,0.2655,Bright,
14.5994,4.3353,5.6934,0.0000,0.0000,0.5774,-0.7055,-0.4109,0.5753,-0.7194,-0.3892,0.5750,-0.7133,-0.4008,0.1052,-0.0841,0.2642,Bright,
14.6106,4.3126,5.6481,0.0000,0.0000,0.5727,-0.7088,-0.4119,0.5705,-0.7227,-0.3902,0.5702,-0.7165,-0.4018,0.1059,-0.0856,0.2628,Bright,
14.6219,4.2830,5.6075,0.0000,0.0000,0.5698,-0.7137,-0.4074,0.5676,-0.7276,-0.3854,0.5673,-0.7214,-0.3971,0.1067,-0.0874,0.2613,Bright,
14.6327,4.2765,5.6723,0.0000,0.0000,0.5588,-0.7221,-0.4078,0.5566,-0.7358,-0.3858,0.5563,-0.7297,-0.3975,0.1073,-0.0892,0.2596,Bright,
14.6439,4.3360,5.7317,0.0000,0.0000,0.5512,-0.7261,-0.4110,0.5490,-0.7398,-0.3889,0.5487,-0.7337,-0.4007,0.1078,-0.0911,0.2579,Bright,
14.6555,4.4398,5.9685,0.0000,0.0000,0.5173,-0.7605,-0.3924,0.5143,-0.7739,-0.3697,0.5143,-0.7679,-0.3818,0.1085,-0.0933,0.2564,Bright,
14.6666,4.4810,5.9904,0.0000,0.0000,0.4562,-0.8117,-0.3647,0.4520,-0.8242,-0.3412,0.4526,-0.8186,-0.3537,0.1091,-0.0955,0.2547,Bright,
14.6775,4.5298,5.9960,0.0000,0.0000,0.4193,-0.8355,-0.3552,0.4145,-0.8475,-0.3315,0.4155,-0.8420,-0.3441,0.1097,-0.0976,0.2530,Bright,
14.6887,4.6079,6.0734,0.0000,0.0000,0.3222,-0.8823,-0.3432,0.3155,-0.8949,-0.3155,0.3172,-0.8890,-0.3301,0.1105,-0.1001,0.2515,Bright,
14.7001,4.6427,6.1098,0.0000,0.0000,0.2588,-0.9072,-0.3316,0.2510,-0.9198,-0.3017,0.2532,-0.9139,-0.3174,0.1112,-0.1024,0.2500,Bright,
14.7112,4.6232,6.1431,0.0000,0.0000,0.2175,-0.9208,-0.3238,0.2089,-0.9335,-0.2914,0.2114,-0.9275,-0.3084,0.1119,-0.1046,0.2485,Bright,
14.7221,4.6178,6.0898,0.0000,0.0000,0.1812,-0.9312,-0.3162,0.1709,-0.9452,-0.2783,0.1740,-0.9385,-0.2982,0.1126,-0.1069,0.2472,Bright,
14.7336,4.6294,6.0316,0.0000,0.0000,0.1669,-0.9342,-0.3154,0.1556,-0.9490,-0.2740,0.1590,-0.9419,-0.2957,0.1131,-0.1090,0.2459,Bright,
14.7442,4.6101,5.9842,0.0000,0.0000,0.1544,-0.9357,-0.3173,0.1422,-0.9516,-0.2725,0.1459,-0.9440,-0.2960,0.1135,-0.1110,0.2446,Bright,
14.7554,4.5873,6.0088,0.0000,0.0000,0.1595,-0.9306,-0.3295,0.1455,-0.9496,-0.2776,0.1497,-0.9406,-0.3049,0.1142,-0.1130,0.2436,Bright,
14.7664,4.5768,6.0473,0.0000,0.0000,0.1819,-0.9211,-0.3441,0.1673,-0.9428,-0.2883,0.1715,-0.9326,-0.3177,0.1146,-0.1147,0.2425,Bright,
14.7777,4.5729,6.0799,0.0000,0.0000,0.1814,-0.9183,-0.3518,0.1660,-0.9417,-0.2925,0.1704,-0.9307,-0.3238,0.1152,-0.1161,0.2417,Bright,
14.7893,4.5596,6.0509,0.0000,0.0000,0.2036,-0.9110,-0.3588,0.1866,-0.9382,-0.2916,0.1913,-0.9254,-0.3271,0.1159,-0.1176,0.2412,Bright,
14.7999,4.5484,6.0195,0.0000,0.0000,0.2154,-0.9072,-0.3614,0.1976,-0.9362,-0.2905,0.2024,-0.9227,-0.3280,0.1164,-0.1186,0.2407,Bright,
14.8111,4.5477,5.9936,0.0000,0.0000,0.2191,-0.9038,-0.3676,0.2006,-0.9346,-0.2937,0.2056,-0.9203,-0.3329,0.1169,-0.1195,0.2404,Bright,
14.8229,4.5308,5.9184,0.0000,0.0000,0.2419,-0.8976,-0.3686,0.2222,-0.9313,-0.2886,0.2274,-0.9158,-0.3311,0.1176,-0.1203,0.2407,Bright,
14.8335,4.5185,5.8817,0.0000,0.0000,0.2520,-0.8956,-0.3666,0.2319,-0.9302,-0.2846,0.2372,-0.9143,-0.3283,0.1180,-0.1208,0.2409,Bright,
14.8444,4.5069,5.8535,0.0000,0.0000,0.2621,-0.8934,-0.3649,0.2415,-0.9286,-0.2818,0.2470,-0.9125,-0.3261,0.1185,-0.1212,0.2412,Bright,
14.8556,4.5000,5.9700,0.0000,0.0000,0.2748,-0.8901,-0.3635,0.2547,-0.9249,-0.2824,0.2601,-0.9090,-0.3257,0.1190,-0.1214,0.2423,Bright,
14.8669,4.5044,6.0152,0.0000,0.0000,0.2768,-0.8920,-0.3574,0.2562,-0.9262,-0.2765,0.2618,-0.9106,-0.3197,0.1194,-0.1212,0.2433,Bright,
14.8781,4.4884,6.0503,0.0000,0.0000,0.2801,-0.8933,-0.3515,0.2591,-0.9271,-0.2709,0.2650,-0.9117,-0.3139,0.1198,-0.1209,0.2446,Bright,
14.8893,4.4849,5.8943,0.0000,0.0000,0.2946,-0.8929,-0.3404,0.2731,-0.9262,-0.2599,0.2792,-0.9112,-0.3030,0.1203,-0.1202,0.2468,Bright,
14.9002,4.4932,5.8220,0.0000,0.0000,0.3041,-0.8943,-0.3282,0.2822,-0.9266,-0.2486,0.2886,-0.9121,-0.2912,0.1205,-0.1193,0.2491,Bright,
14.9112,4.4880,5.7679,0.0000,0.0000,0.3152,-0.8954,-0.3144,0.2926,-0.9268,-0.2354,0.2995,-0.9128,-0.2778,0.1206,-0.1183,0.2518,Bright,
14.9224,4.4330,5.7620,0.0000,0.0000,0.3407,-0.8987,-0.2762,0.3193,-0.9254,-0.2043,0.3260,-0.9136,-0.2428,0.1208,-0.1168,0.2556,Bright,
14.9337,4.3880,5.7178,0.0000,0.0000,0.3686,-0.9037,-0.2179,0.3445,-0.9280,-0.1423,0.3524,-0.9178,-0.1829,0.1207,-0.1148,0.2599,Bright,
14.9446,4.3084,5.6796,0.0000,0.0000,0.3983,-0.9085,-0.1264,0.3751,-0.9250,-0.0603,0.3833,-0.9187,-0.0958,0.1204,-0.1126,0.2647,Bright,
14.9559,3.9978,5.3542,0.0000,0.0000,0.4619,-0.8851,0.0564,0.4317,-0.8930,0.1274,0.4435,-0.8918,0.0892,0.1201,-0.1104,0.2697,Bright,
14.9674,3.7987,5.2382,0.0000,0.0000,0.3959,-0.9007,0.1791,0.3576,-0.8991,0.2525,0.3732,-0.9030,0.2130,0.1192,-0.1079,0.2749,Bright,
14.9783,4.4955,5.1564,0.0000,0.0000,0.1896,-0.9444,0.2687,0.1522,-0.9312,0.3313,0.1676,-0.9400,0.2973,0.1181,-0.1053,0.2801,Bright,
14.9895,4.4955,4.3065,0.0000,0.0000,0.3301,-0.8816,0.3373,0.2860,-0.8695,0.4028,0.3047,-0.8788,0.3673,0.1166,-0.1024,0.2856,Bright,
15.0009,4.4955,4.3581,0.0000,0.0000,0.3733,-0.8402,0.3932,0.3256,-0.8273,0.4578,0.3462,-0.8374,0.4229,0.1149,-0.0993,0.2912,Bright,
15.0116,4.4955,4.4245,0.0000,0.0000,0.3915,-0.7986,0.4572,0.3404,-0.7839,0.5192,0.3629,-0.7953,0.4857,0.1128,-0.0961,0.2967,Bright,
15.0228,4.4955,4.7780,0.0000,0.0000,0.4003,-0.7380,0.5433,0.3458,-0.7208,0.6007,0.3702,-0.7337,0.5697,0.1106,-0.0929,0.3018,Bright,
15.0347,4.4955,4.9668,0.0000,0.0000,0.3943,-0.7025,0.5925,0.3374,-0.6841,0.6467,0.3632,-0.6978,0.6175,0.1081,-0.0896,0.3071,Bright,
15.0453,3.8301,5.0817,0.0000,0.0000,0.3954,-0.6742,0.6238,0.3318,-0.6539,0.6800,0.3608,-0.6691,0.6497,0.1053,-0.0863,0.3122,Bright,
15.0562,3.9429,5.1336,0.0000,0.0000,0.3997,-0.6269,0.6688,0.3241,-0.6029,0.7291,0.3589,-0.6209,0.6969,0.1022,-0.0832,0.3168,Bright,
15.0673,4.0144,5.1185,0.0000,0.0000,0.3911,-0.6032,0.6951,0.3082,-0.5769,0.7565,0.3466,-0.5967,0.7238,0.0990,-0.0800,0.3216,Bright,
15.0785,4.0760,5.1048,0.0000,0.0000,0.3615,-0.5742,0.7346,0.2938,-0.5522,0.7802,0.3253,-0.5684,0.7557,0.0954,-0.0768,0.3260,Bright,
15.0896,4.1058,5.0685,0.0000,0.0000,0.3260,-0.5364,0.7785,0.2746,-0.5194,0.8092,0.2987,-0.5318,0.7925,0.0915,-0.0738,0.3300,Bright,
15.1009,4.1042,5.0736,0.0000,0.0000,0.2942,-0.5164,0.8042,0.2471,-0.5006,0.8297,0.2692,-0.5120,0.8157,0.0876,-0.0707,0.3340,Bright,
15.1119,4.1236,5.0801,0.0000,0.0000,0.2663,-0.5005,0.8238,0.2222,-0.4856,0.8455,0.2430,-0.4962,0.8335,0.0834,-0.0678,0.3377,Bright,
15.1230,4.1561,5.1601,0.0000,0.0000,0.2405,-0.4858,0.8403,0.2012,-0.4725,0.8581,0.2198,-0.4820,0.8482,0.0789,-0.0649,0.3410,Bright,
15.1346,4.1675,5.1911,0.0000,0.0000,0.2279,-0.4800,0.8472,0.1899,-0.4672,0.8635,0.2079,-0.4763,0.8543,0.0746,-0.0620,0.3442,Bright,
15.1454,4.1848,5.2132,0.0000,0.0000,0.2203,-0.4781,0.8502,0.1832,-0.4659,0.8657,0.2008,-0.4746,0.8570,0.0704,-0.0592,0.3473,Bright,
15.1565,4.1783,5.2338,0.0000,0.0000,0.2372,-0.4925,0.8374,0.2018,-0.4817,0.8528,0.2187,-0.4896,0.8441,0.0659,-0.0565,0.3501,Bright,
15.1676,4.1623,5.2315,0.0000,0.0000,0.2436,-0.4989,0.8317,0.2087,-0.4887,0.8471,0.2254,-0.4962,0.8384,0.0615,-0.0538,0.3527,Bright,
15.1788,4.1543,5.2294,0.0000,0.0000,0.2530,-0.4964,0.8304,0.2148,-0.4859,0.8472,0.2332,-0.4938,0.8378,0.0571,-0.0511,0.3552,Bright,
15.1899,4.1468,5.2344,0.0000,0.0000,0.2925,-0.5005,0.8148,0.2494,-0.4900,0.8353,0.2702,-0.4983,0.8238,0.0524,-0.0486,0.3575,Bright,
15.2012,4.1483,5.2473,0.0000,0.0000,0.2970,-0.4877,0.8209,0.2524,-0.4773,0.8417,0.2740,-0.4856,0.8301,0.0477,-0.0458,0.3597,Bright,
15.2122,4.1514,5.2581,0.0000,0.0000,0.2934,-0.4716,0.8316,0.2453,-0.4609,0.8529,0.2687,-0.4696,0.8410,0.0431,-0.0430,0.3617,Bright,
15.2233,4.1535,5.2692,0.0000,0.0000,0.2968,-0.4705,0.8310,0.2490,-0.4606,0.8520,0.2723,-0.4689,0.8402,0.0384,-0.0401,0.3636,Bright,
15.2342,4.1862,5.2713,0.0000,0.0000,0.2929,-0.4543,0.8413,0.2427,-0.4443,0.8624,0.2673,-0.4528,0.8506,0.0335,-0.0373,0.3655,Bright,
15.2458,4.2038,5.2976,0.0000,0.0000,0.2756,-0.4326,0.8584,0.2218,-0.4220,0.8790,0.2482,-0.4311,0.8675,0.0287,-0.0341,0.3672,Bright,
15.2566,4.2089,5.2719,0.0000,0.0000,0.2466,-0.4146,0.8759,0.1889,-0.4031,0.8954,0.2173,-0.4129,0.8845,0.0239,-0.0311,0.3689,Bright,
15.2679,4.2229,5.2499,0.0000,0.0000,0.2069,-0.3963,0.8945,0.1463,-0.3838,0.9118,0.1761,-0.3942,0.9020,0.0189,-0.0282,0.3703,Bright,
15.2790,4.2353,5.2001,0.0000,0.0000,0.1187,-0.3759,0.9190,0.0509,-0.3603,0.9315,0.0843,-0.3727,0.9241,0.0140,-0.0254,0.3714,Bright,
15.2902,4.2395,5.1834,0.0000,0.0000,0.0753,-0.3615,0.9293,0.0026,-0.3445,0.9388,0.0384,-0.3580,0.9329,0.0089,-0.0229,0.3725,Bright,
15.3016,4.2427,5.1739,0.0000,0.0000,0.0138,-0.3464,0.9380,-0.0625,-0.3278,0.9427,-0.0250,-0.3424,0.9392,0.0038,-0.0203,0.3732,Bright,
15.3124,4.2474,5.2383,0.0000,0.0000,-0.0791,-0.3314,0.9402,-0.1628,-0.3088,0.9371,-0.1218,-0.3259,0.9375,-0.0011,-0.0177,0.3737,Bright,
15.3235,4.2503,5.2564,0.0000,0.0000,-0.1224,-0.3192,0.9398,-0.2099,-0.2950,0.9322,-0.1671,-0.3133,0.9349,-0.0059,-0.0155,0.3742,Bright,
15.3348,4.2452,5.2693,0.0000,0.0000,-0.1523,-0.3145,0.9370,-0.2441,-0.2888,0.9257,-0.1993,-0.3082,0.9302,-0.0105,-0.0132,0.3744,Bright,
15.3463,4.2466,5.3148,0.0000,0.0000,-0.1882,-0.3082,0.9325,-0.2890,-0.2795,0.9156,-0.2399,-0.3011,0.9229,-0.0149,-0.0109,0.3744,Bright,
15.3569,4.2515,5.3235,0.0000,0.0000,-0.1885,-0.3104,0.9317,-0.2950,-0.2811,0.9132,-0.2430,-0.3034,0.9214,-0.0190,-0.0088,0.3744,Bright,
15.3679,4.2537,5.3305,0.0000,0.0000,-0.1758,-0.3159,0.9324,-0.2898,-0.2864,0.9132,-0.2339,-0.3093,0.9217,-0.0231,-0.0066,0.3743,Bright,
15.3793,4.2533,5.3096,0.0000,0.0000,-0.1712,-0.3202,0.9318,-0.2987,-0.2886,0.9097,-0.2362,-0.3136,0.9197,-0.0270,-0.0044,0.3741,Bright,
15.3907,4.2503,5.2871,0.0000,0.0000,-0.1535,-0.3249,0.9332,-0.2882,-0.2934,0.9115,-0.2219,-0.3188,0.9215,-0.0308,-0.0027,0.3737,Bright,
15.4019,4.2344,5.2695,0.0000,0.0000,-0.1338,-0.3285,0.9350,-0.2769,-0.2969,0.9139,-0.2063,-0.3230,0.9237,-0.0345,-0.0010,0.3732,Bright,
15.4126,4.2210,5.2777,0.0000,0.0000,-0.0758,-0.3444,0.9358,-0.2310,-0.3144,0.9208,-0.1538,-0.3405,0.9276,-0.0381,0.0006,0.3726,Bright,
15.4240,4.2217,5.2835,0.0000,0.0000,-0.0563,-0.3457,0.9366,-0.2139,-0.3176,0.9238,-0.1352,-0.3429,0.9296,-0.0415,0.0021,0.3719,Bright,
15.4348,4.2232,5.2887,0.0000,0.0000,-0.0339,-0.3415,0.9393,-0.1963,-0.3150,0.9286,-0.1149,-0.3399,0.9334,-0.0449,0.0035,0.3711,Bright,
15.4461,4.2192,5.2967,0.0000,0.0000,-0.0134,-0.3410,0.9400,-0.1859,-0.3152,0.9306,-0.0991,-0.3405,0.9350,-0.0482,0.0050,0.3704,Bright,
15.4574,4.2132,5.2873,0.0000,0.0000,-0.0098,-0.3368,0.9415,-0.1841,-0.3121,0.9320,-0.0962,-0.3371,0.9365,-0.0514,0.0065,0.3696,Bright,
15.4694,4.1890,5.2730,0.0000,0.0000,-0.0006,-0.3268,0.9451,-0.1782,-0.3028,0.9362,-0.0884,-0.3278,0.9406,-0.0545,0.0078,0.3689,Bright,
15.4795,4.1808,5.2680,0.0000,0.0000,0.0007,-0.3188,0.9478,-0.1790,-0.2952,0.9385,-0.0880,-0.3201,0.9433,-0.0575,0.0091,0.3682,Bright,
15.4905,4.1753,5.2555,0.0000,0.0000,0.0009,-0.3140,0.9494,-0.1743,-0.2921,0.9404,-0.0855,-0.3158,0.9450,-0.0603,0.0103,0.3674,Bright,
15.5018,4.1770,5.2462,0.0000,0.0000,0.0040,-0.3075,0.9515,-0.1705,-0.2868,0.9427,-0.0819,-0.3099,0.9472,-0.0627,0.0112,0.3664,Bright,
15.5134,4.1592,5.2234,0.0000,0.0000,0.0122,-0.3034,0.9528,-0.1510,-0.2857,0.9463,-0.0679,-0.3064,0.9495,-0.0652,0.0124,0.3656,Bright,
15.5239,4.1423,5.2001,0.0000,0.0000,0.0039,-0.2967,0.9549,-0.1542,-0.2802,0.9475,-0.0737,-0.2999,0.9511,-0.0676,0.0135,0.3647,Bright,
15.5355,4.1092,5.1305,0.0000,0.0000,-0.0557,-0.2813,0.9580,-0.2020,-0.2642,0.9431,-0.1279,-0.2832,0.9505,-0.0698,0.0144,0.3638,Bright,
15.5467,4.0769,5.0892,0.0000,0.0000,-0.0960,-0.2683,0.9585,-0.2357,-0.2510,0.9389,-0.1651,-0.2697,0.9487,-0.0719,0.0153,0.3630,Bright,
15.5574,4.0527,5.0497,0.0000,0.0000,-0.1255,-0.2573,0.9582,-0.2644,-0.2392,0.9343,-0.1944,-0.2582,0.9463,-0.0739,0.0160,0.3621,Bright,
15.5685,4.0387,4.9932,0.0000,0.0000,-0.1559,-0.2450,0.9569,-0.2907,-0.2267,0.9296,-0.2229,-0.2456,0.9434,-0.0759,0.0165,0.3611,Bright,
15.5797,4.0339,4.9750,0.0000,0.0000,-0.1648,-0.2434,0.9558,-0.2975,-0.2256,0.9277,-0.2307,-0.2441,0.9419,-0.0775,0.0169,0.3602,Bright,
15.5907,4.0319,4.9707,0.0000,0.0000,-0.1720,-0.2406,0.9553,-0.3046,-0.2231,0.9260,-0.2379,-0.2415,0.9408,-0.0792,0.0174,0.3593,Dark,
15.6019,4.0261,4.9659,0.0000,0.0000,-0.1740,-0.2394,0.9552,-0.3055,-0.2224,0.9259,-0.2393,-0.2404,0.9407,-0.0807,0.0177,0.3584,Dark,
15.6133,4.0157,4.9645,0.0000,0.0000,-0.1754,-0.2384,0.9552,-0.3066,-0.2219,0.9256,-0.2405,-0.2396,0.9406,-0.0822,0.0180,0.3576,Dark,
15.6241,4.0074,4.9482,0.0000,0.0000,-0.1756,-0.2383,0.9552,-0.3070,-0.2221,0.9254,-0.2408,-0.2397,0.9405,-0.0839,0.0183,0.3567,Dark,
15.6355,3.9902,4.9213,0.0000,0.0000,-0.1716,-0.2399,0.9555,-0.3027,-0.2242,0.9263,-0.2366,-0.2415,0.9411,-0.0853,0.0184,0.3559,Dark,
15.6470,3.9889,4.9117,0.0000,0.0000,-0.1653,-0.2410,0.9563,-0.2962,-0.2259,0.9280,-0.2302,-0.2429,0.9424,-0.0863,0.0185,0.3552,Dark,
15.6577,3.9888,4.9073,0.0000,0.0000,-0.1662,-0.2402,0.9564,-0.2961,-0.2255,0.9281,-0.2305,-0.2422,0.9424,-0.0876,0.0186,0.3543,Dark,
15.6685,3.9830,4.9059,0.0000,0.0000,-0.1601,-0.2402,0.9574,-0.2894,-0.2263,0.9301,-0.2241,-0.2425,0.9439,-0.0886,0.0188,0.3536,Dark,
15.6798,3.9670,4.9063,0.0000,0.0000,-0.1591,-0.2393,0.9578,-0.2883,-0.2259,0.9305,-0.2230,-0.2419,0.9444,-0.0895,0.0189,0.3529,Dark,
15.6908,3.9536,4.8986,0.0000,0.0000,-0.1582,-0.2382,0.9583,-0.2872,-0.2251,0.9310,-0.2220,-0.2409,0.9448,-0.0908,0.0191,0.3522,Dark,
15.7024,3.9402,4.8966,0.0000,0.0000,-0.1557,-0.2367,0.9590,-0.2849,-0.2240,0.9320,-0.2195,-0.2396,0.9457,-0.0916,0.0193,0.3516,Dark,
15.7134,3.9328,4.9008,0.0000,0.0000,-0.1539,-0.2354,0.9596,-0.2834,-0.2228,0.9328,-0.2179,-0.2383,0.9464,-0.0924,0.0195,0.3510,Dark,
15.7243,3.9281,4.8935,0.0000,0.0000,-0.1512,-0.2342,0.9603,-0.2809,-0.2218,0.9338,-0.2152,-0.2373,0.9473,-0.0934,0.0196,0.3504,Dark,
15.7354,3.9197,4.8827,0.0000,0.0000,-0.1468,-0.2337,0.9612,-0.2769,-0.2215,0.9350,-0.2110,-0.2369,0.9483,-0.0940,0.0198,0.3498,Dark,
15.7466,3.9135,4.8781,0.0000,0.0000,-0.1443,-0.2324,0.9619,-0.2745,-0.2205,0.9360,-0.2086,-0.2357,0.9492,-0.0946,0.0200,0.3493,Dark,
15.7579,3.9089,4.8699,0.0000,0.0000,-0.1413,-0.2300,0.9629,-0.2714,-0.2186,0.9373,-0.2055,-0.2336,0.9504,-0.0954,0.0203,0.3486,Dark,
15.7689,3.9037,4.8460,0.0000,0.0000,-0.1378,-0.2277,0.9639,-0.2684,-0.2166,0.9386,-0.2022,-0.2315,0.9516,-0.0960,0.0207,0.3481,Dark,
15.7800,3.8961,4.8310,0.0000,0.0000,-0.1353,-0.2248,0.9650,-0.2663,-0.2140,0.9398,-0.1999,-0.2288,0.9527,-0.0966,0.0211,0.3477,Dark,
15.7912,3.8901,4.8215,0.0000,0.0000,-0.1329,-0.2217,0.9660,-0.2643,-0.2111,0.9410,-0.1977,-0.2258,0.9539,-0.0974,0.0216,0.3472,Dark,
15.8081,3.8749,4.8221,0.0000,0.0000,-0.1300,-0.2184,0.9672,-0.2629,-0.2079,0.9421,-0.1955,-0.2226,0.9551,-0.0980,0.0219,0.3469,Dark,
15.8135,3.8700,4.8299,0.0000,0.0000,-0.1261,-0.2166,0.9681,-0.2601,-0.2062,0.9433,-0.1921,-0.2210,0.9562,-0.0986,0.0223,0.3465,Dark,
15.8251,3.8675,4.8255,0.0000,0.0000,-0.1246,-0.2147,0.9687,-0.2596,-0.2044,0.9439,-0.1911,-0.2191,0.9568,-0.0993,0.0226,0.3460,Dark,
15.8357,3.8672,4.8163,0.0000,0.0000,-0.1209,-0.2134,0.9695,-0.2575,-0.2032,0.9447,-0.1881,-0.2180,0.9576,-0.0999,0.0229,0.3456,Dark,
15.8470,3.8683,4.8068,0.0000,0.0000,-0.1187,-0.2124,0.9699,-0.2557,-0.2024,0.9453,-0.1862,-0.2172,0.9582,-0.1005,0.0231,0.3452,Dark,
15.8582,3.8738,4.8049,0.0000,0.0000,-0.1164,-0.2121,0.9703,-0.2538,-0.2023,0.9459,-0.1840,-0.2170,0.9587,-0.1013,0.0234,0.3447,Dark,
15.8692,3.8718,4.8122,0.0000,0.0000,-0.1146,-0.2119,0.9705,-0.2520,-0.2023,0.9464,-0.1822,-0.2169,0.9590,-0.1019,0.0236,0.3444,Dark,
15.8803,3.8700,4.8243,0.0000,0.0000,-0.1126,-0.2118,0.9708,-0.2502,-0.2022,0.9468,-0.1803,-0.2168,0.9594,-0.1024,0.0236,0.3442,Dark,
15.8916,3.8658,4.8361,0.0000,0.0000,-0.1107,-0.2123,0.9709,-0.2484,-0.2028,0.9472,-0.1784,-0.2173,0.9597,-0.1030,0.0239,0.3437,Dark,
15.9027,3.8714,4.8360,0.0000,0.0000,-0.1084,-0.2125,0.9711,-0.2462,-0.2032,0.9477,-0.1762,-0.2176,0.9600,-0.1034,0.0239,0.3435,Dark,
15.9137,3.8765,4.8393,0.0000,0.0000,-0.1059,-0.2125,0.9714,-0.2438,-0.2035,0.9482,-0.1737,-0.2178,0.9604,-0.1038,0.0239,0.3433,Dark,
15.9250,3.8935,4.8402,0.0000,0.0000,-0.1041,-0.2124,0.9716,-0.2422,-0.2037,0.9486,-0.1720,-0.2178,0.9607,-0.1043,0.0242,0.3429,Dark,
15.9359,3.8926,4.8393,0.0000,0.0000,-0.1025,-0.2114,0.9720,-0.2407,-0.2030,0.9491,-0.1704,-0.2170,0.9612,-0.1047,0.0243,0.3428,Dark,
15.9471,3.8908,4.8462,0.0000,0.0000,-0.1009,-0.2099,0.9725,-0.2395,-0.2017,0.9497,-0.1690,-0.2156,0.9617,-0.1051,0.0245,0.3427,Dark,
15.9586,3.8930,4.8436,0.0000,0.0000,-0.0999,-0.2087,0.9729,-0.2389,-0.2005,0.9501,-0.1682,-0.2144,0.9621,-0.1056,0.0250,0.3423,Dark,
15.9694,3.8967,4.8369,0.0000,0.0000,-0.0986,-0.2074,0.9733,-0.2374,-0.1993,0.9507,-0.1668,-0.2132,0.9627,-0.1061,0.0252,0.3422,Dark,
15.9807,3.9002,4.8561,0.0000,0.0000,-0.0971,-0.2061,0.9737,-0.2358,-0.1980,0.9514,-0.1653,-0.2118,0.9632,-0.1064,0.0254,0.3421,Dark,
15.9918,3.8984,4.8854,0.0000,0.0000,-0.0960,-0.2052,0.9740,-0.2341,-0.1972,0.9520,-0.1639,-0.2109,0.9637,-0.1068,0.0258,0.3417,Dark,
16.0028,3.9122,4.8965,0.0000,0.0000,-0.0917,-0.2028,0.9749,-0.2305,-0.1948,0.9534,-0.1599,-0.2086,0.9648,-0.1070,0.0260,0.3416,Dark,
16.0140,3.9235,4.9171,0.0000,0.0000,-0.0759,-0.1928,0.9783,-0.2102,-0.1854,0.9599,-0.1418,-0.1985,0.9698,-0.1072,0.0262,0.3415,Dark,
16.0252,3.9075,4.9286,0.0000,0.0000,-0.0095,-0.1622,0.9867,-0.1302,-0.1568,0.9790,-0.0685,-0.1680,0.9834,-0.1074,0.0267,0.3412,Dark,
16.0362,3.9021,4.9255,0.0000,0.0000,0.0329,-0.1475,0.9885,-0.0859,-0.1426,0.9861,-0.0249,-0.1534,0.9879,-0.1075,0.0268,0.3411,Dark,
16.0475,3.8969,4.9244,0.0000,0.0000,0.0517,-0.1400,0.9888,-0.0584,-0.1355,0.9891,-0.0019,-0.1455,0.9894,-0.1076,0.0271,0.3407,Dark,
16.0587,3.8923,4.9328,0.0000,0.0000,0.0716,-0.1330,0.9885,-0.0313,-0.1289,0.9912,0.0216,-0.1382,0.9902,-0.1076,0.0272,0.3405,Dark,
16.0697,3.9119,4.9423,0.0000,0.0000,0.0827,-0.1326,0.9877,-0.0177,-0.1286,0.9915,0.0339,-0.1377,0.9899,-0.1074,0.0272,0.3402,Dark,
16.0808,3.9280,4.9606,0.0000,0.0000,0.0853,-0.1348,0.9872,-0.0092,-0.1312,0.9913,0.0393,-0.1397,0.9894,-0.1072,0.0272,0.3399,Dark,
16.0920,3.9450,4.9874,0.0000,0.0000,0.0826,-0.1388,0.9869,-0.0035,-0.1355,0.9908,0.0407,-0.1432,0.9889,-0.1070,0.0275,0.3393,Dark,
16.1031,3.9603,4.9958,0.0000,0.0000,0.0883,-0.1394,0.9863,0.0051,-0.1363,0.9907,0.0478,-0.1437,0.9885,-0.1068,0.0276,0.3389,Dark,
16.1142,3.9712,5.0061,0.0000,0.0000,0.0872,-0.1417,0.9861,0.0049,-0.1386,0.9903,0.0471,-0.1459,0.9882,-0.1066,0.0278,0.3386,Dark,
16.1256,4.0167,5.0357,0.0000,0.0000,0.0897,-0.1410,0.9859,0.0099,-0.1380,0.9904,0.0508,-0.1451,0.9881,-0.1063,0.0281,0.3379,Dark,
16.1365,4.0344,5.0536,0.0000,0.0000,0.0927,-0.1403,0.9858,0.0146,-0.1373,0.9904,0.0546,-0.1442,0.9880,-0.1059,0.0283,0.3376,Dark,
16.1478,4.0470,5.0781,0.0000,0.0000,0.0964,-0.1397,0.9855,0.0185,-0.1367,0.9904,0.0584,-0.1437,0.9879,-0.1055,0.0284,0.3372,Dark,
16.1590,4.0603,5.1212,0.0000,0.0000,0.0938,-0.1398,0.9857,0.0160,-0.1368,0.9905,0.0558,-0.1437,0.9880,-0.1051,0.0286,0.3366,Dark,
16.1699,4.0711,5.1388,0.0000,0.0000,0.0992,-0.1404,0.9851,0.0217,-0.1375,0.9903,0.0613,-0.1444,0.9876,-0.1045,0.0286,0.3362,Dark,
16.1816,4.0798,5.1522,0.0000,0.0000,0.1039,-0.1420,0.9844,0.0253,-0.1390,0.9900,0.0656,-0.1460,0.9871,-0.1039,0.0285,0.3359,Dark,
16.1922,4.1217,5.1987,0.0000,0.0000,0.1083,-0.1468,0.9832,0.0274,-0.1438,0.9892,0.0688,-0.1510,0.9861,-0.1033,0.0285,0.3352,Dark,
16.2034,4.1678,5.2283,0.0000,0.0000,0.1150,-0.1566,0.9809,0.0330,-0.1538,0.9876,0.0750,-0.1609,0.9841,-0.1026,0.0282,0.3348,Dark,
16.2145,4.2043,5.2745,0.0000,0.0000,0.1165,-0.1701,0.9785,0.0316,-0.1674,0.9854,0.0751,-0.1747,0.9818,-0.1018,0.0278,0.3345,Dark,
16.2259,4.2740,5.3557,0.0000,0.0000,0.1082,-0.2143,0.9708,0.0171,-0.2119,0.9771,0.0637,-0.2194,0.9736,-0.1012,0.0277,0.3339,Dark,
16.2368,4.2915,5.3882,0.0000,0.0000,0.1143,-0.2447,0.9628,0.0202,-0.2429,0.9699,0.0684,-0.2503,0.9658,-0.1004,0.0272,0.3336,Dark,
16.2479,4.3018,5.4142,0.0000,0.0000,0.1191,-0.2657,0.9567,0.0215,-0.2642,0.9642,0.0715,-0.2716,0.9597,-0.0996,0.0267,0.3332,Dark,
16.2590,4.3387,5.4661,0.0000,0.0000,0.1325,-0.2838,0.9497,0.0276,-0.2827,0.9588,0.0813,-0.2904,0.9534,-0.0990,0.0262,0.3327,Dark,
16.2705,4.3561,5.4920,0.0000,0.0000,0.1411,-0.2920,0.9460,0.0325,-0.2911,0.9561,0.0881,-0.2990,0.9502,-0.0983,0.0254,0.3322,Dark,
16.2817,4.3698,5.5119,0.0000,0.0000,0.1534,-0.2973,0.9424,0.0410,-0.2968,0.9541,0.0987,-0.3047,0.9473,-0.0976,0.0245,0.3318,Dark,
16.2924,4.3905,5.5488,0.0000,0.0000,0.1647,-0.3008,0.9394,0.0447,-0.3005,0.9527,0.1064,-0.3090,0.9451,-0.0971,0.0237,0.3310,Dark,
16.3036,4.3908,5.5646,0.0000,0.0000,0.1705,-0.3023,0.9378,0.0472,-0.3021,0.9521,0.1105,-0.3107,0.9440,-0.0964,0.0228,0.3306,Dark,
16.3147,4.3902,5.5731,0.0000,0.0000,0.1735,-0.3154,0.9330,0.0466,-0.3153,0.9478,0.1118,-0.3241,0.9394,-0.0959,0.0217,0.3302,Dark,
16.3260,4.3994,5.5873,0.0000,0.0000,0.1747,-0.3176,0.9320,0.0418,-0.3174,0.9474,0.1101,-0.3267,0.9387,-0.0954,0.0208,0.3298,Dark,
16.3373,4.4027,5.5927,0.0000,0.0000,0.1846,-0.3368,0.9233,0.0494,-0.3373,0.9401,0.1189,-0.3464,0.9305,-0.0948,0.0196,0.3295,Dark,
16.3482,4.4410,5.6443,0.0000,0.0000,0.1842,-0.3319,0.9252,0.0434,-0.3319,0.9423,0.1158,-0.3417,0.9327,-0.0943,0.0187,0.3291,Dark,
16.3635,4.4680,5.6797,0.0000,0.0000,0.1908,-0.3425,0.9199,0.0480,-0.3429,0.9381,0.1215,-0.3527,0.9278,-0.0937,0.0174,0.3290,Dark,
16.3704,4.4961,5.7073,0.0000,0.0000,0.1961,-0.3530,0.9148,0.0515,-0.3537,0.9339,0.1259,-0.3634,0.9231,-0.0932,0.0162,0.3288,Dark,
16.3818,4.5269,5.7643,0.0000,0.0000,0.2004,-0.3681,0.9079,0.0517,-0.3692,0.9279,0.1283,-0.3790,0.9165,-0.0927,0.0149,0.3287,Dark,
16.3928,4.5306,5.7946,0.0000,0.0000,0.2061,-0.3814,0.9011,0.0565,-0.3830,0.9220,0.1335,-0.3926,0.9100,-0.0923,0.0136,0.3283,Dark,
16.4039,4.5474,5.8173,0.0000,0.0000,0.2173,-0.3934,0.8933,0.0657,-0.3958,0.9160,0.1438,-0.4052,0.9029,-0.0920,0.0122,0.3281,Dark,
16.4151,4.5773,5.8223,0.0000,0.0000,0.2432,-0.4191,0.8748,0.0898,-0.4238,0.9013,0.1689,-0.4321,0.8859,-0.0915,0.0109,0.3280,Dark,
16.4261,4.5906,5.8203,0.0000,0.0000,0.2342,-0.4195,0.8770,0.0773,-0.4232,0.9027,0.1582,-0.4323,0.8878,-0.0911,0.0097,0.3278,Dark,
16.4375,4.6008,5.8417,0.0000,0.0000,0.2478,-0.4364,0.8650,0.0902,-0.4413,0.8928,0.1715,-0.4498,0.8765,-0.0907,0.0084,0.3279,Dark,
16.4484,4.6004,5.8493,0.0000,0.0000,0.2719,-0.4436,0.8540,0.1141,-0.4503,0.8855,0.1957,-0.4579,0.8672,-0.0902,0.0072,0.3280,Dark,
16.4597,4.6054,5.8530,0.0000,0.0000,0.2760,-0.4589,0.8445,0.1175,-0.4663,0.8768,0.1994,-0.4736,0.8579,-0.0898,0.0061,0.3281,Dark,
16.4708,4.6090,5.8542,0.0000,0.0000,0.2849,-0.4641,0.8387,0.1263,-0.4721,0.8725,0.2083,-0.4791,0.8527,-0.0893,0.0048,0.3283,Dark,
16.4820,4.6043,5.8350,0.0000,0.0000,0.2925,-0.4643,0.8360,0.1330,-0.4726,0.8712,0.2155,-0.4795,0.8507,-0.0889,0.0035,0.3286,Dark,
16.4931,4.5932,5.8213,0.0000,0.0000,0.2967,-0.4679,0.8325,0.1369,-0.4764,0.8685,0.2195,-0.4833,0.8475,-0.0885,0.0022,0.3286,Dark,
16.5043,4.5821,5.8147,0.0000,0.0000,0.3003,-0.4717,0.8290,0.1405,-0.4804,0.8657,0.2231,-0.4872,0.8443,-0.0880,0.0009,0.3288,Dark,
16.5154,4.5621,5.8018,0.0000,0.0000,0.3009,-0.4723,0.8285,0.1416,-0.4808,0.8653,0.2239,-0.4877,0.8438,-0.0876,-0.0004,0.3291,Dark,
16.5264,4.5723,5.7963,0.0000,0.0000,0.3026,-0.4764,0.8255,0.1444,-0.4849,0.8626,0.2261,-0.4916,0.8409,-0.0872,-0.0015,0.3293,Dark,
16.5378,4.5821,5.8337,0.0000,0.0000,0.3031,-0.4798,0.8234,0.1447,-0.4882,0.8606,0.2265,-0.4950,0.8388,-0.0867,-0.0027,0.3297,Dark,
16.5527,4.6421,5.9504,0.0000,0.0000,0.3057,-0.4847,0.8195,0.1450,-0.4933,0.8577,0.2280,-0.5002,0.8353,-0.0864,-0.0039,0.3302,Dark,
16.5597,4.6757,5.9916,0.0000,0.0000,0.3078,-0.4916,0.8146,0.1462,-0.5005,0.8533,0.2297,-0.5073,0.8306,-0.0860,-0.0050,0.3307,Dark,
16.5711,4.7072,6.0258,0.0000,0.0000,0.3024,-0.5186,0.7997,0.1384,-0.5278,0.8380,0.2230,-0.5345,0.8152,-0.0857,-0.0062,0.3313,Dark,
16.5822,4.7437,6.0756,0.0000,0.0000,0.3070,-0.5201,0.7970,0.1380,-0.5296,0.8369,0.2252,-0.5366,0.8132,-0.0854,-0.0075,0.3319,Dark,
16.5935,4.7532,6.0883,0.0000,0.0000,0.3036,-0.5489,0.7788,0.1323,-0.5591,0.8185,0.2206,-0.5657,0.7946,-0.0852,-0.0087,0.3322,Dark,
16.6044,4.7592,6.0978,0.0000,0.0000,0.3091,-0.5471,0.7779,0.1350,-0.5577,0.8190,0.2248,-0.5643,0.7944,-0.0850,-0.0101,0.3327,Dark,
16.6157,4.7624,6.1229,0.0000,0.0000,0.3087,-0.5647,0.7654,0.1300,-0.5760,0.8070,0.2222,-0.5825,0.7819,-0.0849,-0.0115,0.3332,Dark,
16.6266,4.7660,6.1366,0.0000,0.0000,0.3103,-0.5739,0.7579,0.1296,-0.5857,0.8001,0.2228,-0.5921,0.7745,-0.0848,-0.0127,0.3337,Dark,
16.6380,4.7688,6.1391,0.0000,0.0000,0.3122,-0.5813,0.7514,0.1294,-0.5936,0.7943,0.2237,-0.5999,0.7682,-0.0848,-0.0140,0.3343,Dark,
16.6490,4.7678,6.1428,0.0000,0.0000,0.3142,-0.5863,0.7467,0.1272,-0.5991,0.7905,0.2237,-0.6054,0.7638,-0.0847,-0.0152,0.3350,Dark,
16.6605,4.7474,6.1441,0.0000,0.0000,0.3150,-0.5901,0.7433,0.1266,-0.6030,0.7876,0.2238,-0.6094,0.7606,-0.0849,-0.0162,0.3357,Dark,
16.6718,4.7303,6.1475,0.0000,0.0000,0.3154,-0.5936,0.7404,0.1253,-0.6066,0.7851,0.2234,-0.6131,0.7578,-0.0849,-0.0174,0.3365,Dark,
16.6828,4.7265,6.1623,0.0000,0.0000,0.3149,-0.5948,0.7396,0.1221,-0.6078,0.7846,0.2216,-0.6145,0.7572,-0.0850,-0.0186,0.3373,Dark,
16.6939,4.7147,6.1710,0.0000,0.0000,0.3144,-0.5966,0.7384,0.1209,-0.6097,0.7834,0.2208,-0.6164,0.7559,-0.0852,-0.0196,0.3379,Dark,
16.7047,4.7065,6.1672,0.0000,0.0000,0.3131,-0.5993,0.7368,0.1187,-0.6125,0.7815,0.2190,-0.6192,0.7541,-0.0853,-0.0206,0.3387,Dark,
16.7161,4.7167,6.1543,0.0000,0.0000,0.3107,-0.6010,0.7364,0.1151,-0.6142,0.7807,0.2160,-0.6210,0.7535,-0.0855,-0.0216,0.3395,Dark,
16.7269,4.7236,6.1489,0.0000,0.0000,0.3083,-0.6030,0.7357,0.1127,-0.6161,0.7795,0.2136,-0.6229,0.7525,-0.0858,-0.0223,0.3401,Dark,
16.7383,4.7302,6.1544,0.0000,0.0000,0.3064,-0.6042,0.7355,0.1107,-0.6173,0.7789,0.2116,-0.6241,0.7521,-0.0860,-0.0231,0.3409,Dark,
16.7493,4.7501,6.1669,0.0000,0.0000,0.3030,-0.6053,0.7361,0.1084,-0.6180,0.7787,0.2087,-0.6249,0.7523,-0.0862,-0.0239,0.3418,Dark,
16.7603,4.7648,6.1722,0.0000,0.0000,0.3012,-0.6061,0.7362,0.1071,-0.6188,0.7782,0.2072,-0.6256,0.7521,-0.0866,-0.0244,0.3424,Dark,
16.7715,4.7764,6.1930,0.0000,0.0000,0.3000,-0.6071,0.7358,0.1059,-0.6199,0.7775,0.2060,-0.6267,0.7516,-0.0868,-0.0252,0.3432,Dark,
16.7831,4.8581,6.2698,0.0000,0.0000,0.2988,-0.6077,0.7358,0.1026,-0.6205,0.7775,0.2038,-0.6275,0.7515,-0.0870,-0.0259,0.3440,Dark,
16.7942,4.8990,6.3193,0.0000,0.0000,0.2986,-0.6137,0.7309,0.1010,-0.6268,0.7726,0.2029,-0.6337,0.7465,-0.0874,-0.0266,0.3445,Dark,
16.8054,4.9299,6.3700,0.0000,0.0000,0.2973,-0.6192,0.7268,0.0979,-0.6326,0.7683,0.2008,-0.6394,0.7422,-0.0876,-0.0273,0.3450,Dark,
16.8162,4.9611,6.4365,0.0000,0.0000,0.2981,-0.6285,0.7185,0.0936,-0.6425,0.7606,0.1991,-0.6493,0.7340,-0.0878,-0.0280,0.3455,Dark,
16.8272,4.9650,6.4545,0.0000,0.0000,0.2981,-0.6315,0.7158,0.0907,-0.6458,0.7581,0.1978,-0.6528,0.7313,-0.0880,-0.0285,0.3459,Dark,
16.8384,4.9669,6.4612,0.0000,0.0000,0.2974,-0.6355,0.7125,0.0874,-0.6500,0.7549,0.1958,-0.6570,0.7280,-0.0882,-0.0291,0.3464,Dark,
16.8497,4.9690,6.4710,0.0000,0.0000,0.2986,-0.6399,0.7081,0.0836,-0.6548,0.7512,0.1946,-0.6620,0.7238,-0.0883,-0.0296,0.3470,Dark,
16.8606,4.9787,6.4755,0.0000,0.0000,0.2992,-0.6414,0.7065,0.0818,-0.6566,0.7498,0.1941,-0.6638,0.7223,-0.0885,-0.0299,0.3474,Dark,
16.8717,4.9866,6.4748,0.0000,0.0000,0.3005,-0.6424,0.7050,0.0813,-0.6579,0.7487,0.1946,-0.6652,0.7209,-0.0886,-0.0303,0.3479,Dark,
16.8831,5.0088,6.4919,0.0000,0.0000,0.3034,-0.6419,0.7042,0.0807,-0.6579,0.7488,0.1959,-0.6652,0.7206,-0.0888,-0.0305,0.3483,Dark,
16.8941,5.0146,6.5065,0.0000,0.0000,0.3046,-0.6416,0.7040,0.0802,-0.6579,0.7489,0.1963,-0.6651,0.7205,-0.0888,-0.0307,0.3488,Dark,
16.9056,5.0209,6.5083,0.0000,0.0000,0.3065,-0.6408,0.7038,0.0795,-0.6575,0.7492,0.1970,-0.6648,0.7205,-0.0889,-0.0310,0.3492,Dark,
16.9170,5.0227,6.5080,0.0000,0.0000,0.3073,-0.6402,0.7041,0.0792,-0.6571,0.7496,0.1973,-0.6644,0.7209,-0.0890,-0.0312,0.3495,Dark,
16.9276,5.0238,6.5062,0.0000,0.0000,0.3087,-0.6392,0.7043,0.0798,-0.6565,0.7501,0.1983,-0.6637,0.7212,-0.0892,-0.0313,0.3498,Dark,
16.9386,5.0318,6.5295,0.0000,0.0000,0.3100,-0.6383,0.7046,0.0798,-0.6559,0.7507,0.1991,-0.6630,0.7216,-0.0893,-0.0314,0.3501,Dark,
16.9500,5.0375,6.5451,0.0000,0.0000,0.3098,-0.6377,0.7052,0.0790,-0.6553,0.7512,0.1986,-0.6626,0.7222,-0.0894,-0.0315,0.3503,Dark,
16.9614,5.0472,6.5573,0.0000,0.0000,0.3105,-0.6367,0.7058,0.0792,-0.6545,0.7519,0.1991,-0.6617,0.7229,-0.0897,-0.0315,0.3505,Dark,
16.9723,5.0626,6.5923,0.0000,0.0000,0.3112,-0.6357,0.7065,0.0788,-0.6536,0.7527,0.1993,-0.6608,0.7236,-0.0898,-0.0316,0.3507,Dark,
16.9834,5.0680,6.6110,0.0000,0.0000,0.3109,-0.6353,0.7069,0.0780,-0.6533,0.7531,0.1988,-0.6605,0.7240,-0.0899,-0.0317,0.3508,Dark,
16.9947,5.0782,6.6253,0.0000,0.0000,0.3114,-0.6348,0.7072,0.0779,-0.6530,0.7534,0.1989,-0.6601,0.7243,-0.0901,-0.0317,0.3509,Dark,
17.0056,5.1002,6.6395,0.0000,0.0000,0.3120,-0.6346,0.7070,0.0775,-0.6530,0.7533,0.1991,-0.6602,0.7242,-0.0902,-0.0318,0.3510,Dark,
17.0175,5.1116,6.6632,0.0000,0.0000,0.3121,-0.6344,0.7072,0.0770,-0.6529,0.7535,0.1989,-0.6600,0.7244,-0.0903,-0.0319,0.3511,Dark,
17.0277,5.1249,6.6820,0.0000,0.0000,0.3129,-0.6336,0.7076,0.0774,-0.6524,0.7539,0.1996,-0.6594,0.7248,-0.0904,-0.0318,0.3511,Dark,
17.0390,5.1436,6.6988,0.0000,0.0000,0.3141,-0.6323,0.7082,0.0777,-0.6514,0.7547,0.2004,-0.6584,0.7255,-0.0905,-0.0319,0.3511,Dark,
17.0501,5.1497,6.7080,0.0000,0.0000,0.3141,-0.6318,0.7087,0.0774,-0.6510,0.7551,0.2003,-0.6580,0.7259,-0.0906,-0.0319,0.3511,Dark,
17.0613,5.1513,6.7134,0.0000,0.0000,0.3147,-0.6310,0.7091,0.0779,-0.6505,0.7555,0.2008,-0.6573,0.7264,-0.0909,-0.0318,0.3511,Dark,
17.0727,5.1563,6.7262,0.0000,0.0000,0.3151,-0.6300,0.7098,0.0779,-0.6496,0.7563,0.2011,-0.6564,0.7271,-0.0910,-0.0318,0.3511,Dark,
17.0841,5.1598,6.7311,0.0000,0.0000,0.3148,-0.6298,0.7102,0.0773,-0.6494,0.7565,0.2007,-0.6562,0.7274,-0.0913,-0.0318,0.3511,Dark,
17.0946,5.1624,6.7503,0.0000,0.0000,0.3147,-0.6293,0.7106,0.0771,-0.6490,0.7568,0.2005,-0.6558,0.7278,-0.0914,-0.0317,0.3510,Dark,
17.1057,5.1875,6.7513,0.0000,0.0000,0.3152,-0.6284,0.7112,0.0774,-0.6483,0.7574,0.2009,-0.6550,0.7284,-0.0916,-0.0317,0.3510,Dark,
17.1174,5.1980,6.7500,0.0000,0.0000,0.3150,-0.6277,0.7119,0.0770,-0.6476,0.7580,0.2007,-0.6544,0.7291,-0.0917,-0.0317,0.3509,Dark,
17.1280,5.2068,6.7538,0.0000,0.0000,0.3150,-0.6274,0.7121,0.0769,-0.6475,0.7582,0.2006,-0.6541,0.7293,-0.0920,-0.0316,0.3509,Dark,
17.1397,5.2170,6.7629,0.0000,0.0000,0.3152,-0.6263,0.7130,0.0770,-0.6465,0.7591,0.2008,-0.6531,0.7302,-0.0921,-0.0316,0.3509,Dark,
17.1507,5.2241,6.7675,0.0000,0.0000,0.3153,-0.6255,0.7137,0.0771,-0.6458,0.7596,0.2009,-0.6523,0.7308,-0.0922,-0.0315,0.3508,Dark,
17.1616,5.2334,6.7887,0.0000,0.0000,0.3147,-0.6254,0.7140,0.0766,-0.6456,0.7598,0.2004,-0.6522,0.7311,-0.0923,-0.0313,0.3508,Dark,
17.1725,5.2342,6.7995,0.0000,0.0000,0.3152,-0.6244,0.7147,0.0772,-0.6447,0.7605,0.2009,-0.6512,0.7318,-0.0924,-0.0312,0.3507,Dark,
17.1839,5.2343,6.8076,0.0000,0.0000,0.3150,-0.6238,0.7153,0.0772,-0.6442,0.7609,0.2009,-0.6507,0.7323,-0.0925,-0.0312,0.3506,Dark,
17.1948,5.2464,6.8120,0.0000,0.0000,0.3150,-0.6228,0.7162,0.0773,-0.6433,0.7617,0.2009,-0.6497,0.7331,-0.0928,-0.0310,0.3506,Dark,
17.2060,5.2564,6.8258,0.0000,0.0000,0.3149,-0.6218,0.7171,0.0776,-0.6424,0.7624,0.2010,-0.6487,0.7340,-0.0930,-0.0310,0.3505,Dark,
17.2176,5.2565,6.8290,0.0000,0.0000,0.3136,-0.6213,0.7181,0.0764,-0.6418,0.7631,0.1997,-0.6482,0.7348,-0.0932,-0.0309,0.3504,Dark,
17.2282,5.2518,6.8255,0.0000,0.0000,0.3127,-0.6206,0.7191,0.0758,-0.6410,0.7638,0.1990,-0.6474,0.7357,-0.0935,-0.0307,0.3505,Dark,
17.2396,5.2471,6.8373,0.0000,0.0000,0.3114,-0.6198,0.7203,0.0745,-0.6402,0.7646,0.1977,-0.6466,0.7368,-0.0938,-0.0305,0.3504,Dark,
17.2505,5.2550,6.8466,0.0000,0.0000,0.3096,-0.6188,0.7220,0.0728,-0.6391,0.7657,0.1960,-0.6455,0.7382,-0.0941,-0.0304,0.3504,Dark,
17.2620,5.2643,6.8591,0.0000,0.0000,0.3072,-0.6177,0.7239,0.0704,-0.6378,0.7670,0.1936,-0.6443,0.7398,-0.0946,-0.0301,0.3505,Dark,
17.2728,5.2652,6.8650,0.0000,0.0000,0.3034,-0.6167,0.7264,0.0665,-0.6364,0.7685,0.1897,-0.6431,0.7419,-0.0952,-0.0298,0.3505,Dark,
17.2849,5.2715,6.8685,0.0000,0.0000,0.2988,-0.6157,0.7292,0.0619,-0.6348,0.7702,0.1851,-0.6419,0.7442,-0.0960,-0.0295,0.3507,Dark,
17.2954,5.2765,6.8895,0.0000,0.0000,0.2938,-0.6145,0.7322,0.0569,-0.6331,0.7720,0.1801,-0.6404,0.7466,-0.0968,-0.0293,0.3508,Dark,
17.3065,5.2773,6.9065,0.0000,0.0000,0.2871,-0.6140,0.7353,0.0501,-0.6318,0.7735,0.1733,-0.6395,0.7490,-0.0978,-0.0291,0.3508,Dark,
17.3177,5.3036,6.9199,0.0000,0.0000,0.2763,-0.6142,0.7392,0.0393,-0.6306,0.7751,0.1624,-0.6390,0.7519,-0.0987,-0.0289,0.3509,Dark,
17.3285,5.3193,6.9295,0.0000,0.0000,0.2102,-0.6228,0.7536,-0.0349,-0.6292,0.7765,0.0913,-0.6432,0.7602,-0.1000,-0.0286,0.3512,Dark,
17.3397,5.3135,6.9224,0.0000,0.0000,0.1730,-0.6230,0.7629,-0.0781,-0.6235,0.7779,0.0505,-0.6411,0.7658,-0.1011,-0.0284,0.3513,Dark,
17.3511,5.3038,6.9156,0.0000,0.0000,0.1626,-0.6162,0.7706,-0.0899,-0.6153,0.7832,0.0394,-0.6338,0.7725,-0.1023,-0.0282,0.3513,Dark,
17.3622,5.2676,6.8623,0.0000,0.0000,0.1549,-0.6043,0.7815,-0.0993,-0.6023,0.7921,0.0308,-0.6216,0.7827,-0.1035,-0.0278,0.3516,Dark,
17.3731,5.2482,6.8420,0.0000,0.0000,0.1489,-0.6022,0.7843,-0.1039,-0.5999,0.7933,0.0255,-0.6192,0.7848,-0.1045,-0.0275,0.3517,Dark,
17.3842,5.2374,6.8272,0.0000,0.0000,0.1427,-0.5988,0.7881,-0.1084,-0.5963,0.7954,0.0202,-0.6156,0.7878,-0.1056,-0.0273,0.3518,Dark,
17.3956,5.2442,6.8458,0.0000,0.0000,0.1524,-0.5935,0.7903,-0.0935,-0.5937,0.7993,0.0328,-0.6111,0.7908,-0.1067,-0.0269,0.3520,Dark,
17.4066,5.2580,6.8629,0.0000,0.0000,0.1463,-0.5894,0.7945,-0.0977,-0.5895,0.8018,0.0277,-0.6069,0.7943,-0.1079,-0.0266,0.3521,Dark,
17.4177,5.2745,6.8765,0.0000,0.0000,0.1403,-0.5858,0.7982,-0.1027,-0.5857,0.8040,0.0222,-0.6031,0.7974,-0.1092,-0.0263,0.3523,Dark,
17.4294,5.2903,6.8967,0.0000,0.0000,0.1411,-0.5836,0.7997,-0.0982,-0.5844,0.8055,0.0250,-0.6010,0.7988,-0.1104,-0.0260,0.3523,Dark,
17.4403,5.2908,6.9097,0.0000,0.0000,0.1321,-0.5820,0.8024,-0.1067,-0.5821,0.8061,0.0162,-0.5991,0.8005,-0.1117,-0.0258,0.3522,Dark,
17.4511,5.2915,6.9198,0.0000,0.0000,0.1297,-0.5805,0.8039,-0.1097,-0.5808,0.8066,0.0137,-0.5977,0.8016,-0.1129,-0.0255,0.3523,Dark,
17.4624,5.3008,6.8943,0.0000,0.0000,0.1299,-0.5810,0.8035,-0.1078,-0.5821,0.8059,0.0148,-0.5985,0.8010,-0.1141,-0.0253,0.3522,Dark,
17.4734,5.3084,6.9070,0.0000,0.0000,0.1254,-0.5793,0.8054,-0.1091,-0.5807,0.8068,0.0119,-0.5966,0.8024,-0.1153,-0.0250,0.3521,Dark,
17.4845,5.3224,6.9176,0.0000,0.0000,0.1234,-0.5761,0.8080,-0.1098,-0.5779,0.8087,0.0107,-0.5936,0.8047,-0.1167,-0.0246,0.3522,Dark,
17.4957,5.3336,6.9545,0.0000,0.0000,0.1230,-0.5735,0.8099,-0.1037,-0.5763,0.8106,0.0136,-0.5909,0.8066,-0.1180,-0.0243,0.3521,Dark,
17.5068,5.3326,6.9551,0.0000,0.0000,0.1159,-0.5720,0.8120,-0.1056,-0.5748,0.8114,0.0090,-0.5890,0.8081,-0.1194,-0.0240,0.3520,Dark,
17.5179,5.3389,6.9524,0.0000,0.0000,0.1104,-0.5699,0.8143,-0.1085,-0.5728,0.8125,0.0049,-0.5867,0.8098,-0.1210,-0.0236,0.3520,Dark,
17.5294,5.3474,6.9531,0.0000,0.0000,0.1046,-0.5681,0.8163,-0.1054,-0.5714,0.8139,0.0034,-0.5843,0.8115,-0.1225,-0.0233,0.3519,Dark,
17.5403,5.3507,6.9823,0.0000,0.0000,0.0955,-0.5662,0.8187,-0.1115,-0.5691,0.8146,-0.0042,-0.5820,0.8132,-0.1241,-0.0230,0.3517,Dark,
17.5513,5.3655,7.0079,0.0000,0.0000,0.0808,-0.5639,0.8219,-0.1206,-0.5660,0.8155,-0.0163,-0.5788,0.8153,-0.1257,-0.0226,0.3517,Dark,
17.5626,5.3626,6.9473,0.0000,0.0000,0.0276,-0.5615,0.8270,-0.1713,-0.5584,0.8117,-0.0689,-0.5738,0.8161,-0.1273,-0.0223,0.3514,Dark,
17.5737,5.3501,6.9113,0.0000,0.0000,-0.0281,-0.5547,0.8316,-0.2303,-0.5455,0.8058,-0.1268,-0.5643,0.8157,-0.1289,-0.0220,0.3512,Dark,
17.5848,5.3243,6.8663,0.0000,0.0000,-0.0749,-0.5455,0.8348,-0.2768,-0.5317,0.8004,-0.1739,-0.5530,0.8148,-0.1305,-0.0217,0.3509,Dark,
17.5959,5.3100,6.8607,0.0000,0.0000,-0.0866,-0.5429,0.8353,-0.2880,-0.5285,0.7986,-0.1854,-0.5502,0.8142,-0.1322,-0.0214,0.3507,Dark,
17.6070,5.3007,6.8752,0.0000,0.0000,-0.0955,-0.5420,0.8349,-0.2994,-0.5268,0.7955,-0.1956,-0.5491,0.8125,-0.1337,-0.0212,0.3504,Dark,
17.6182,5.2936,6.8986,0.0000,0.0000,-0.1198,-0.5372,0.8349,-0.3263,-0.5194,0.7898,-0.2214,-0.5433,0.8098,-0.1352,-0.0209,0.3501,Dark,
17.6294,5.2943,6.8953,0.0000,0.0000,-0.1054,-0.5404,0.8348,-0.3148,-0.5245,0.7911,-0.2081,-0.5477,0.8104,-0.1365,-0.0207,0.3497,Dark,
17.6406,5.2953,6.8903,0.0000,0.0000,-0.1341,-0.5343,0.8346,-0.3445,-0.5153,0.7847,-0.2377,-0.5403,0.8072,-0.1376,-0.0205,0.3494,Dark,
17.6517,5.3020,6.9448,0.0000,0.0000,-0.0977,-0.5332,0.8404,-0.3130,-0.5185,0.7957,-0.2031,-0.5416,0.8157,-0.1387,-0.0202,0.3491,Dark,
17.6634,5.3255,6.9680,0.0000,0.0000,-0.0992,-0.5293,0.8426,-0.3163,-0.5148,0.7968,-0.2054,-0.5380,0.8175,-0.1397,-0.0200,0.3488,Dark,
17.6741,5.3448,6.9866,0.0000,0.0000,-0.1274,-0.5268,0.8404,-0.3451,-0.5093,0.7883,-0.2343,-0.5342,0.8122,-0.1406,-0.0197,0.3484,Dark,
17.6852,5.3721,6.9932,0.0000,0.0000,-0.1134,-0.5218,0.8455,-0.3327,-0.5063,0.7956,-0.2208,-0.5303,0.8185,-0.1415,-0.0195,0.3481,Dark,
17.6961,5.3802,6.9827,0.0000,0.0000,-0.1089,-0.5184,0.8482,-0.3274,-0.5039,0.7993,-0.2158,-0.5274,0.8218,-0.1422,-0.0193,0.3478,Dark,
17.7075,5.3862,6.9735,0.0000,0.0000,-0.1032,-0.5150,0.8510,-0.3223,-0.5015,0.8029,-0.2102,-0.5245,0.8251,-0.1427,-0.0190,0.3475,Dark,
17.7184,5.3960,6.9746,0.0000,0.0000,-0.0923,-0.5106,0.8549,-0.3095,-0.4988,0.8096,-0.1981,-0.5207,0.8304,-0.1431,-0.0188,0.3471,Dark,
17.7297,5.4023,6.9757,0.0000,0.0000,-0.0880,-0.5081,0.8568,-0.3037,-0.4972,0.8128,-0.1930,-0.5186,0.8330,-0.1433,-0.0185,0.3469,Dark,
17.7407,5.4225,6.9769,0.0000,0.0000,-0.0835,-0.5060,0.8585,-0.2991,-0.4956,0.8155,-0.1885,-0.5167,0.8352,-0.1433,-0.0182,0.3466,Dark,
17.7520,5.4521,6.9790,0.0000,0.0000,-0.0758,-0.5028,0.8611,-0.2879,-0.4933,0.8208,-0.1789,-0.5136,0.8392,-0.1430,-0.0179,0.3464,Dark,
17.7630,5.4616,6.9853,0.0000,0.0000,-0.0713,-0.5011,0.8625,-0.2816,-0.4920,0.8238,-0.1735,-0.5119,0.8413,-0.1426,-0.0176,0.3462,Dark,
17.7743,5.4555,6.9907,0.0000,0.0000,-0.0655,-0.4995,0.8638,-0.2753,-0.4908,0.8266,-0.1675,-0.5105,0.8434,-0.1420,-0.0172,0.3461,Dark,
17.7856,5.4418,6.9977,0.0000,0.0000,-0.0553,-0.4963,0.8664,-0.2618,-0.4886,0.8323,-0.1557,-0.5074,0.8475,-0.1411,-0.0167,0.3460,Dark,
17.7966,5.4367,6.9735,0.0000,0.0000,-0.0493,-0.4944,0.8678,-0.2538,-0.4871,0.8356,-0.1487,-0.5056,0.8499,-0.1402,-0.0163,0.3460,Dark,
17.8077,5.4094,6.9175,0.0000,0.0000,-0.0428,-0.4936,0.8687,-0.2420,-0.4869,0.8392,-0.1396,-0.5046,0.8520,-0.1392,-0.0159,0.3460,Dark,
17.8186,5.3880,6.8897,0.0000,0.0000,-0.0287,-0.4914,0.8704,-0.2261,-0.4858,0.8443,-0.1245,-0.5027,0.8554,-0.1379,-0.0153,0.3461,Dark,
17.8299,5.3708,6.8552,0.0000,0.0000,-0.0091,-0.4839,0.8751,-0.1986,-0.4800,0.8545,-0.1010,-0.4954,0.8628,-0.1366,-0.0149,0.3461,Dark,
17.8410,5.2876,6.8304,0.0000,0.0000,0.0184,-0.4732,0.8808,-0.1657,-0.4713,0.8662,-0.0707,-0.4852,0.8715,-0.1352,-0.0145,0.3461,Dark,
17.8521,4.9757,6.5265,0.0000,0.0000,0.0488,-0.4374,0.8979,-0.0483,-0.4390,0.8972,0.0018,-0.4446,0.8957,-0.1336,-0.0140,0.3462,Dark,
17.8635,4.7773,6.1433,0.0000,0.0000,0.0663,-0.4148,0.9075,-0.0134,-0.4165,0.9091,0.0277,-0.4209,0.9067,-0.1320,-0.0135,0.3462,Dark,
17.8747,4.6758,5.8342,0.0000,0.0000,0.0961,-0.3861,0.9174,0.0355,-0.3879,0.9210,0.0667,-0.3910,0.9180,-0.1303,-0.0131,0.3463,Dark,
17.8857,4.7730,5.8667,0.0000,0.0000,0.1243,-0.3788,0.9171,0.0697,-0.3809,0.9220,0.0978,-0.3835,0.9184,-0.1287,-0.0128,0.3463,Dark,
17.8967,4.8707,6.0781,0.0000,0.0000,0.1527,-0.3695,0.9166,0.1029,-0.3718,0.9226,0.1285,-0.3740,0.9185,-0.1269,-0.0123,0.3463,Dark,
17.9083,5.1802,6.4772,0.0000,0.0000,0.1883,-0.3725,0.9087,0.1450,-0.3751,0.9156,0.1673,-0.3767,0.9111,-0.1253,-0.0119,0.3463,Dark,
17.9190,5.2695,6.6140,0.0000,0.0000,0.2091,-0.3772,0.9022,0.1681,-0.3800,0.9096,0.1892,-0.3814,0.9049,-0.1237,-0.0115,0.3464,Dark,
17.9302,5.3279,6.7481,0.0000,0.0000,0.2214,-0.3848,0.8960,0.1822,-0.3877,0.9036,0.2023,-0.3889,0.8988,-0.1219,-0.0112,0.3463,Dark,
17.9417,5.3880,6.9323,0.0000,0.0000,0.2264,-0.4050,0.8859,0.1896,-0.4079,0.8931,0.2085,-0.4088,0.8885,-0.1202,-0.0109,0.3463,Dark,
17.9524,5.4008,7.0007,0.0000,0.0000,0.2363,-0.4109,0.8805,0.2005,-0.4138,0.8880,0.2189,-0.4147,0.8833,-0.1184,-0.0105,0.3463,Dark,
17.9640,5.4108,7.0508,0.0000,0.0000,0.2390,-0.4198,0.8756,0.2038,-0.4227,0.8830,0.2218,-0.4236,0.8783,-0.1165,-0.0102,0.3463,Dark,
17.9750,5.4130,7.0974,0.0000,0.0000,0.2396,-0.4327,0.8691,0.2023,-0.4358,0.8770,0.2214,-0.4366,0.8720,-0.1148,-0.0099,0.3462,Dark,
17.9861,5.4267,7.1050,0.0000,0.0000,0.2462,-0.4367,0.8653,0.2063,-0.4401,0.8739,0.2267,-0.4410,0.8684,-0.1132,-0.0096,0.3462,Dark,
17.9973,5.4378,7.0551,0.0000,0.0000,0.2410,-0.4507,0.8596,0.1977,-0.4542,0.8687,0.2198,-0.4552,0.8628,-0.1117,-0.0093,0.3461,Dark,
18.0083,5.4626,7.0258,0.0000,0.0000,0.2239,-0.4712,0.8532,0.1735,-0.4749,0.8628,0.1992,-0.4762,0.8565,-0.1104,-0.0092,0.3460,Dark,
18.0192,5.4814,7.0391,0.0000,0.0000,0.2234,-0.4752,0.8510,0.1693,-0.4790,0.8613,0.1969,-0.4805,0.8546,-0.1091,-0.0088,0.3459,Dark,
18.0304,5.4951,7.0354,0.0000,0.0000,0.2152,-0.4822,0.8492,0.1565,-0.4859,0.8599,0.1864,-0.4877,0.8529,-0.1079,-0.0088,0.3458,Dark,
18.0418,5.5065,7.0640,0.0000,0.0000,0.1989,-0.4891,0.8492,0.1309,-0.4926,0.8604,0.1656,-0.4951,0.8529,-0.1069,-0.0088,0.3456,Dark,
18.0526,5.5079,7.0836,0.0000,0.0000,0.1972,-0.4911,0.8485,0.1242,-0.4945,0.8603,0.1615,-0.4974,0.8524,-0.1058,-0.0087,0.3455,Dark,
18.0637,5.5079,7.1028,0.0000,0.0000,0.2018,-0.4895,0.8483,0.1234,-0.4930,0.8612,0.1634,-0.4962,0.8527,-0.1050,-0.0088,0.3453,Dark,
18.0751,5.5035,7.1386,0.0000,0.0000,0.2085,-0.4858,0.8489,0.1191,-0.4896,0.8638,0.1648,-0.4934,0.8541,-0.1042,-0.0090,0.3451,Dark,
18.0861,5.5052,7.1514,0.0000,0.0000,0.2148,-0.4851,0.8477,0.1199,-0.4891,0.8639,0.1685,-0.4932,0.8534,-0.1036,-0.0092,0.3450,Dark,
18.0973,5.5067,7.1492,0.0000,0.0000,0.2185,-0.4858,0.8463,0.1174,-0.4900,0.8638,0.1691,-0.4944,0.8526,-0.1028,-0.0091,0.3448,Dark,
18.1084,5.5319,7.1409,0.0000,0.0000,0.2271,-0.4850,0.8445,0.1133,-0.4896,0.8646,0.1716,-0.4947,0.8519,-0.1023,-0.0093,0.3447,Dark,
18.1196,5.5386,7.1365,0.0000,0.0000,0.2321,-0.4851,0.8431,0.1120,-0.4899,0.8646,0.1735,-0.4954,0.8512,-0.1017,-0.0093,0.3447,Dark,
18.1307,5.5431,7.1230,0.0000,0.0000,0.2366,-0.4853,0.8417,0.1102,-0.4902,0.8646,0.1749,-0.4961,0.8505,-0.1013,-0.0094,0.3446,Dark,
18.1419,5.5394,7.1192,0.0000,0.0000,0.2405,-0.4855,0.8405,0.1017,-0.4906,0.8654,0.1728,-0.4974,0.8502,-0.1010,-0.0095,0.3446,Dark,
18.1532,5.5412,7.1254,0.0000,0.0000,0.2437,-0.4858,0.8394,0.0986,-0.4911,0.8655,0.1729,-0.4983,0.8496,-0.1007,-0.0095,0.3445,Dark,
18.1640,5.5432,7.1399,0.0000,0.0000,0.2477,-0.4853,0.8385,0.0965,-0.4908,0.8659,0.1740,-0.4983,0.8493,-0.1006,-0.0096,0.3445,Dark,
18.1752,5.5799,7.1855,0.0000,0.0000,0.2503,-0.4914,0.8342,0.0865,-0.4971,0.8634,0.1705,-0.5055,0.8458,-0.1005,-0.0096,0.3445,Dark,
18.1865,5.5991,7.2112,0.0000,0.0000,0.2545,-0.4973,0.8294,0.0842,-0.5033,0.8600,0.1716,-0.5120,0.8417,-0.1004,-0.0096,0.3445,Dark,
18.1975,5.6135,7.2257,0.0000,0.0000,0.2538,-0.5064,0.8241,0.0771,-0.5123,0.8553,0.1677,-0.5216,0.8366,-0.1004,-0.0097,0.3446,Dark,
18.2088,5.6457,7.2616,0.0000,0.0000,0.2497,-0.5189,0.8176,0.0605,-0.5243,0.8494,0.1574,-0.5347,0.8303,-0.1005,-0.0097,0.3446,Dark,
18.2199,5.6553,7.2809,0.0000,0.0000,0.2517,-0.5219,0.8151,0.0569,-0.5273,0.8477,0.1567,-0.5381,0.8281,-0.1004,-0.0095,0.3446,Dark,
18.2309,5.6621,7.2892,0.0000,0.0000,0.2512,-0.5245,0.8135,0.0514,-0.5299,0.8465,0.1538,-0.5411,0.8267,-0.1006,-0.0095,0.3447,Dark,
18.2421,5.6893,7.3178,0.0000,0.0000,0.2541,-0.5260,0.8116,0.0454,-0.5316,0.8458,0.1524,-0.5435,0.8255,-0.1007,-0.0094,0.3448,Dark,
18.2532,5.6774,7.3345,0.0000,0.0000,0.2545,-0.5268,0.8110,0.0419,-0.5325,0.8454,0.1509,-0.5447,0.8250,-0.1008,-0.0092,0.3449,Dark,
18.2643,5.6667,7.3241,0.0000,0.0000,0.2545,-0.5275,0.8105,0.0388,-0.5331,0.8451,0.1495,-0.5455,0.8246,-0.1010,-0.0090,0.3451,Dark,
18.2755,5.6888,7.3233,0.0000,0.0000,0.2541,-0.5286,0.8100,0.0332,-0.5340,0.8448,0.1465,-0.5470,0.8242,-0.1012,-0.0089,0.3453,Dark,
18.2868,5.6986,7.3294,0.0000,0.0000,0.2535,-0.5280,0.8105,0.0307,-0.5333,0.8454,0.1450,-0.5465,0.8248,-0.1014,-0.0087,0.3455,Dark,
18.2979,5.7078,7.3343,0.0000,0.0000,0.2535,-0.5261,0.8117,0.0293,-0.5314,0.8466,0.1443,-0.5447,0.8261,-0.1015,-0.0085,0.3458,Dark,
18.3088,5.7235,7.3421,0.0000,0.0000,0.2532,-0.5258,0.8121,0.0273,-0.5309,0.8470,0.1431,-0.5444,0.8265,-0.1017,-0.0083,0.3462,Dark,
18.3200,5.7283,7.3420,0.0000,0.0000,0.2545,-0.5241,0.8127,0.0280,-0.5292,0.8480,0.1442,-0.5429,0.8274,-0.1018,-0.0081,0.3465,Dark,
18.3312,5.7321,7.3576,0.0000,0.0000,0.2549,-0.5231,0.8132,0.0280,-0.5282,0.8487,0.1444,-0.5419,0.8280,-0.1020,-0.0080,0.3468,Dark,
18.3422,5.7271,7.3838,0.0000,0.0000,0.2548,-0.5236,0.8130,0.0275,-0.5286,0.8484,0.1441,-0.5423,0.8277,-0.1022,-0.0080,0.3471,Dark,
18.3538,5.7420,7.3941,0.0000,0.0000,0.2560,-0.5228,0.8131,0.0285,-0.5279,0.8488,0.1452,-0.5416,0.8280,-0.1024,-0.0080,0.3472,Dark,
18.3645,5.7543,7.3804,0.0000,0.0000,0.2556,-0.5233,0.8129,0.0282,-0.5284,0.8485,0.1448,-0.5421,0.8277,-0.1026,-0.0080,0.3475,Dark,
18.3758,5.7695,7.3809,0.0000,0.0000,0.2542,-0.5249,0.8123,0.0272,-0.5301,0.8475,0.1436,-0.5437,0.8269,-0.1028,-0.0082,0.3477,Dark,
18.3870,5.7772,7.3935,0.0000,0.0000,0.2541,-0.5253,0.8121,0.0275,-0.5307,0.8471,0.1438,-0.5442,0.8266,-0.1030,-0.0083,0.3479,Dark,
18.3980,5.7818,7.4128,0.0000,0.0000,0.2526,-0.5273,0.8113,0.0263,-0.5328,0.8459,0.1424,-0.5461,0.8255,-0.1031,-0.0086,0.3479,Dark,
18.4091,5.7865,7.4395,0.0000,0.0000,0.2509,-0.5295,0.8104,0.0256,-0.5351,0.8444,0.1412,-0.5483,0.8243,-0.1034,-0.0089,0.3479,Dark,
18.4203,5.7958,7.4441,0.0000,0.0000,0.2504,-0.5315,0.8092,0.0256,-0.5374,0.8429,0.1410,-0.5504,0.8229,-0.1036,-0.0092,0.3478,Dark,
18.4314,5.8032,7.4436,0.0000,0.0000,0.2483,-0.5345,0.8079,0.0238,-0.5404,0.8411,0.1390,-0.5534,0.8213,-0.1038,-0.0096,0.3477,Dark,
18.4426,5.8458,7.4832,0.0000,0.0000,0.2467,-0.5374,0.8064,0.0222,-0.5435,0.8391,0.1374,-0.5563,0.8195,-0.1040,-0.0100,0.3477,Dark,
18.4538,5.8514,7.5022,0.0000,0.0000,0.2366,-0.5456,0.8039,0.0123,-0.5508,0.8345,0.1273,-0.5640,0.8159,-0.1041,-0.0103,0.3475,Dark,
18.4649,5.8566,7.5205,0.0000,0.0000,0.2252,-0.5561,0.8000,0.0009,-0.5603,0.8283,0.1157,-0.5740,0.8107,-0.1043,-0.0106,0.3475,Dark,
18.4763,5.8572,7.5160,0.0000,0.0000,0.2194,-0.5600,0.7989,-0.0055,-0.5638,0.8259,0.1096,-0.5777,0.8089,-0.1045,-0.0109,0.3475,Dark,
18.4874,5.8558,7.5088,0.0000,0.0000,0.2250,-0.5550,0.8008,-0.0006,-0.5596,0.8287,0.1150,-0.5732,0.8113,-0.1047,-0.0111,0.3475,Dark,
18.4984,5.8352,7.4922,0.0000,0.0000,0.2122,-0.5652,0.7972,-0.0152,-0.5684,0.8226,0.1011,-0.5827,0.8063,-0.1050,-0.0112,0.3474,Dark,
18.5095,5.8333,7.4851,0.0000,0.0000,0.2055,-0.5689,0.7963,-0.0227,-0.5714,0.8203,0.0939,-0.5861,0.8048,-0.1052,-0.0114,0.3474,Dark,
18.5206,5.8321,7.4763,0.0000,0.0000,0.1998,-0.5723,0.7953,-0.0293,-0.5742,0.8182,0.0878,-0.5893,0.8032,-0.1054,-0.0115,0.3474,Dark,
18.5317,5.8263,7.4729,0.0000,0.0000,0.1940,-0.5747,0.7950,-0.0359,-0.5760,0.8166,0.0815,-0.5914,0.8022,-0.1056,-0.0115,0.3472,Dark,
18.5429,5.8343,7.4764,0.0000,0.0000,0.1892,-0.5768,0.7947,-0.0408,-0.5776,0.8153,0.0766,-0.5933,0.8014,-0.1058,-0.0116,0.3472,Dark,
18.5541,5.8406,7.4784,0.0000,0.0000,0.1863,-0.5768,0.7953,-0.0437,-0.5774,0.8153,0.0737,-0.5932,0.8017,-0.1060,-0.0116,0.3470,Dark,
18.5651,5.8549,7.4878,0.0000,0.0000,0.1861,-0.5741,0.7973,-0.0440,-0.5747,0.8172,0.0735,-0.5905,0.8037,-0.1063,-0.0116,0.3470,Dark,
18.5763,5.8538,7.4933,0.0000,0.0000,0.1827,-0.5741,0.7982,-0.0475,-0.5743,0.8173,0.0700,-0.5903,0.8042,-0.1065,-0.0116,0.3470,Dark,
18.5875,5.8518,7.5034,0.0000,0.0000,0.1808,-0.5729,0.7995,-0.0493,-0.5729,0.8182,0.0681,-0.5890,0.8053,-0.1069,-0.0116,0.3470,Dark,
18.5988,5.8473,7.5045,0.0000,0.0000,0.1809,-0.5703,0.8013,-0.0489,-0.5703,0.8199,0.0684,-0.5864,0.8071,-0.1071,-0.0116,0.3469,Dark,
18.6101,5.8529,7.4976,0.0000,0.0000,0.1800,-0.5694,0.8021,-0.0497,-0.5695,0.8205,0.0676,-0.5855,0.8078,-0.1073,-0.0116,0.3469,Dark,
18.6211,5.8582,7.5008,0.0000,0.0000,0.1790,-0.5687,0.8028,-0.0503,-0.5687,0.8210,0.0668,-0.5847,0.8085,-0.1074,-0.0115,0.3468,Dark,
18.6320,5.8742,7.4963,0.0000,0.0000,0.1804,-0.5669,0.8038,-0.0485,-0.5671,0.8222,0.0685,-0.5830,0.8096,-0.1076,-0.0115,0.3467,Dark,
18.6432,5.8769,7.4912,0.0000,0.0000,0.1803,-0.5662,0.8043,-0.0485,-0.5664,0.8227,0.0685,-0.5823,0.8101,-0.1077,-0.0115,0.3466,Dark,
18.6544,5.8781,7.5018,0.0000,0.0000,0.1797,-0.5657,0.8048,-0.0484,-0.5658,0.8231,0.0682,-0.5817,0.8105,-0.1079,-0.0115,0.3464,Dark,
18.6656,5.8757,7.5190,0.0000,0.0000,0.1831,-0.5631,0.8058,-0.0442,-0.5637,0.8248,0.0721,-0.5794,0.8119,-0.1080,-0.0115,0.3463,Dark,
18.6765,5.8698,7.5267,0.0000,0.0000,0.1843,-0.5615,0.8067,-0.0428,-0.5622,0.8259,0.0734,-0.5778,0.8129,-0.1082,-0.0116,0.3462,Dark,
18.6879,5.8652,7.5182,0.0000,0.0000,0.1846,-0.5603,0.8075,-0.0418,-0.5611,0.8267,0.0741,-0.5766,0.8137,-0.1084,-0.0117,0.3462,Dark,
18.6993,5.8550,7.5141,0.0000,0.0000,0.1858,-0.5586,0.8084,-0.0395,-0.5597,0.8278,0.0758,-0.5749,0.8147,-0.1087,-0.0117,0.3460,Dark,
18.7100,5.8660,7.5184,0.0000,0.0000,0.1848,-0.5584,0.8087,-0.0401,-0.5594,0.8279,0.0751,-0.5747,0.8149,-0.1089,-0.0117,0.3460,Dark,
18.7215,5.8758,7.5125,0.0000,0.0000,0.1853,-0.5605,0.8071,-0.0380,-0.5618,0.8264,0.0764,-0.5768,0.8133,-0.1091,-0.0116,0.3459,Dark,
18.7324,5.9133,7.5248,0.0000,0.0000,0.1901,-0.5688,0.8002,-0.0299,-0.5711,0.8203,0.0829,-0.5853,0.8066,-0.1092,-0.0116,0.3458,Dark,
18.7437,5.9265,7.5374,0.0000,0.0000,0.1906,-0.5708,0.7986,-0.0282,-0.5734,0.8188,0.0840,-0.5873,0.8050,-0.1094,-0.0116,0.3458,Dark,
18.7550,5.9353,7.5537,0.0000,0.0000,0.1907,-0.5730,0.7970,-0.0270,-0.5758,0.8171,0.0847,-0.5894,0.8034,-0.1096,-0.0115,0.3457,Dark,
18.7663,5.9643,7.5553,0.0000,0.0000,0.1908,-0.5764,0.7946,-0.0253,-0.5794,0.8146,0.0855,-0.5928,0.8008,-0.1098,-0.0115,0.3457,Dark,
18.7771,5.9567,7.5426,0.0000,0.0000,0.1892,-0.5773,0.7943,-0.0263,-0.5803,0.8140,0.0843,-0.5936,0.8004,-0.1099,-0.0115,0.3457,Dark,
18.7880,5.9497,7.5436,0.0000,0.0000,0.1871,-0.5785,0.7939,-0.0278,-0.5814,0.8132,0.0824,-0.5947,0.7997,-0.1102,-0.0114,0.3456,Dark,
18.7991,5.9352,7.5314,0.0000,0.0000,0.1871,-0.5796,0.7931,-0.0261,-0.5827,0.8123,0.0833,-0.5957,0.7988,-0.1104,-0.0113,0.3456,Dark,
18.8103,5.9450,7.5221,0.0000,0.0000,0.1866,-0.5793,0.7935,-0.0259,-0.5825,0.8124,0.0832,-0.5954,0.7991,-0.1106,-0.0113,0.3455,Dark,
18.8218,5.9550,7.5365,0.0000,0.0000,0.1863,-0.5789,0.7939,-0.0256,-0.5822,0.8127,0.0832,-0.5950,0.7994,-0.1108,-0.0112,0.3454,Dark,
18.8327,5.9661,7.5425,0.0000,0.0000,0.1859,-0.5789,0.7939,-0.0254,-0.5824,0.8125,0.0831,-0.5951,0.7994,-0.1110,-0.0112,0.3453,Dark,
18.8437,5.9688,7.5386,0.0000,0.0000,0.1860,-0.5785,0.7942,-0.0253,-0.5823,0.8126,0.0832,-0.5948,0.7995,-0.1112,-0.0112,0.3452,Dark,
18.8548,5.9696,7.5396,0.0000,0.0000,0.1860,-0.5776,0.7948,-0.0251,-0.5816,0.8131,0.0834,-0.5940,0.8001,-0.1114,-0.0112,0.3451,Dark,
18.8664,5.9642,7.5292,0.0000,0.0000,0.1862,-0.5767,0.7954,-0.0249,-0.5810,0.8135,0.0836,-0.5933,0.8007,-0.1116,-0.0111,0.3451,Dark,
18.8776,5.9702,7.5225,0.0000,0.0000,0.1864,-0.5755,0.7963,-0.0248,-0.5800,0.8143,0.0837,-0.5921,0.8015,-0.1117,-0.0110,0.3451,Dark,
18.8882,5.9753,7.5249,0.0000,0.0000,0.1864,-0.5737,0.7976,-0.0250,-0.5783,0.8154,0.0837,-0.5904,0.8027,-0.1120,-0.0109,0.3451,Dark,
18.8996,5.9617,7.5327,0.0000,0.0000,0.1866,-0.5716,0.7990,-0.0250,-0.5765,0.8167,0.0838,-0.5885,0.8041,-0.1121,-0.0108,0.3451,Dark,
18.9109,5.9605,7.5380,0.0000,0.0000,0.1860,-0.5700,0.8003,-0.0258,-0.5749,0.8178,0.0832,-0.5870,0.8053,-0.1123,-0.0107,0.3451,Dark,
18.9221,5.9658,7.5864,0.0000,0.0000,0.1851,-0.5703,0.8003,-0.0272,-0.5754,0.8174,0.0820,-0.5874,0.8051,-0.1125,-0.0105,0.3450,Dark,
18.9334,5.9722,7.6080,0.0000,0.0000,0.1807,-0.5768,0.7966,-0.0319,-0.5817,0.8128,0.0774,-0.5937,0.8009,-0.1127,-0.0105,0.3450,Dark,
18.9441,5.9881,7.6243,0.0000,0.0000,0.1807,-0.5799,0.7944,-0.0326,-0.5850,0.8104,0.0771,-0.5970,0.7986,-0.1128,-0.0104,0.3450,Dark,
18.9550,6.0131,7.6517,0.0000,0.0000,0.1788,-0.5861,0.7903,-0.0366,-0.5911,0.8058,0.0742,-0.6032,0.7941,-0.1130,-0.0103,0.3449,Dark,
18.9663,6.0222,7.6554,0.0000,0.0000,0.1758,-0.5901,0.7880,-0.0408,-0.5949,0.8027,0.0705,-0.6072,0.7914,-0.1132,-0.0102,0.3449,Dark,
18.9778,6.0199,7.6576,0.0000,0.0000,0.1761,-0.5902,0.7878,-0.0418,-0.5952,0.8025,0.0703,-0.6075,0.7912,-0.1133,-0.0102,0.3448,Dark,
18.9886,6.0105,7.6561,0.0000,0.0000,0.1754,-0.5920,0.7866,-0.0442,-0.5968,0.8012,0.0688,-0.6093,0.7899,-0.1135,-0.0102,0.3447,Dark,
18.9997,6.0054,7.6528,0.0000,0.0000,0.1734,-0.5935,0.7859,-0.0469,-0.5981,0.8000,0.0664,-0.6108,0.7890,-0.1136,-0.0102,0.3447,Dark,
19.0111,6.0038,7.6503,0.0000,0.0000,0.1739,-0.5931,0.7861,-0.0470,-0.5978,0.8003,0.0666,-0.6105,0.7892,-0.1137,-0.0101,0.3446,Dark,
19.0222,6.0076,7.6598,0.0000,0.0000,0.1735,-0.5933,0.7861,-0.0481,-0.5979,0.8001,0.0659,-0.6107,0.7891,-0.1139,-0.0100,0.3446,Dark,
19.0336,6.0112,7.6676,0.0000,0.0000,0.1718,-0.5938,0.7861,-0.0502,-0.5982,0.7998,0.0640,-0.6111,0.7890,-0.1140,-0.0100,0.3446,Dark,
19.0443,6.0066,7.6739,0.0000,0.0000,0.1714,-0.5932,0.7866,-0.0508,-0.5977,0.8001,0.0635,-0.6106,0.7894,-0.1141,-0.0099,0.3447,Dark,
19.0553,5.9984,7.7029,0.0000,0.0000,0.1702,-0.5953,0.7852,-0.0526,-0.5998,0.7984,0.0620,-0.6128,0.7878,-0.1142,-0.0097,0.3448,Dark,
19.0665,6.0118,7.7119,0.0000,0.0000,0.1698,-0.5945,0.7860,-0.0534,-0.5990,0.7990,0.0614,-0.6120,0.7885,-0.1143,-0.0097,0.3448,Dark,
19.0791,6.0401,7.7154,0.0000,0.0000,0.1737,-0.5974,0.7829,-0.0478,-0.6027,0.7965,0.0662,-0.6151,0.7857,-0.1143,-0.0096,0.3449,Dark,
19.0887,6.0499,7.7158,0.0000,0.0000,0.1869,-0.5984,0.7791,-0.0345,-0.6057,0.7950,0.0796,-0.6170,0.7829,-0.1143,-0.0094,0.3450,Dark,
19.0998,6.0565,7.7148,0.0000,0.0000,0.1763,-0.5963,0.7831,-0.0469,-0.6020,0.7971,0.0681,-0.6143,0.7861,-0.1143,-0.0094,0.3452,Dark,
19.1112,6.0632,7.7220,0.0000,0.0000,0.1922,-0.5967,0.7791,-0.0294,-0.6046,0.7960,0.0849,-0.6156,0.7834,-0.1143,-0.0094,0.3453,Dark,
19.1221,6.0656,7.6971,0.0000,0.0000,0.1997,-0.5951,0.7784,-0.0185,-0.6042,0.7966,0.0942,-0.6144,0.7834,-0.1143,-0.0093,0.3455,Dark,
19.1334,6.0458,7.6758,0.0000,0.0000,0.2042,-0.5950,0.7774,-0.0113,-0.6047,0.7964,0.1001,-0.6143,0.7827,-0.1143,-0.0094,0.3457,Dark,
19.1444,6.0042,7.5723,0.0000,0.0000,0.2115,-0.5944,0.7759,0.0065,-0.6052,0.7960,0.1125,-0.6134,0.7817,-0.1142,-0.0094,0.3459,Dark,
19.1557,5.9838,7.5827,0.0000,0.0000,0.2137,-0.5885,0.7797,0.0260,-0.5995,0.8000,0.1230,-0.6063,0.7857,-0.1141,-0.0096,0.3461,Dark,
19.1669,5.8775,7.5966,0.0000,0.0000,0.2090,-0.5914,0.7788,0.0345,-0.6018,0.7979,0.1246,-0.6079,0.7842,-0.1140,-0.0098,0.3464,Dark,
19.1781,5.6886,7.5150,0.0000,0.0000,0.1910,-0.5788,0.7927,0.1004,-0.5853,0.8046,0.1468,-0.5875,0.7958,-0.1138,-0.0101,0.3467,Dark,
19.1889,5.5032,7.2516,0.0000,0.0000,0.1859,-0.5468,0.8164,0.1098,-0.5518,0.8267,0.1487,-0.5539,0.8192,-0.1137,-0.0105,0.3470,Dark,
19.2001,5.3591,7.0305,0.0000,0.0000,0.1898,-0.5628,0.8045,0.1244,-0.5676,0.8138,0.1578,-0.5691,0.8070,-0.1135,-0.0110,0.3473,Dark,
19.2114,4.7739,7.6310,0.0000,0.0000,0.1533,-0.5134,0.8443,0.0857,-0.5162,0.8521,0.1203,-0.5190,0.8463,-0.1132,-0.0116,0.3476,Dark,
19.2224,4.3867,7.6310,0.0000,0.2000,0.1210,-0.4825,0.8675,0.0522,-0.4838,0.8736,0.0873,-0.4875,0.8688,-0.1129,-0.0122,0.3480,Dark,
19.2337,4.3394,7.6310,0.0000,0.3600,0.0744,-0.4368,0.8965,0.0043,-0.4362,0.8998,0.0401,-0.4410,0.8966,-0.1126,-0.0130,0.3484,Dark,
19.2448,5.8706,7.6310,0.0000,0.4880,-0.0846,-0.2981,0.9508,-0.1537,-0.2935,0.9435,-0.1188,-0.3005,0.9464,-0.1122,-0.0140,0.3487,Dark,
19.2556,5.8706,7.6310,0.2000,0.5904,-0.1163,-0.2749,0.9544,-0.1844,-0.2699,0.9451,-0.1501,-0.2771,0.9491,-0.1119,-0.0150,0.3492,Dark,
19.2669,5.8706,7.6310,0.3600,0.6723,-0.1317,-0.2514,0.9589,-0.1990,-0.2463,0.9485,-0.1651,-0.2535,0.9531,-0.1115,-0.0162,0.3496,Dark,
19.2783,5.8706,7.6310,0.4880,0.7379,-0.1111,-0.3072,0.9451,-0.1794,-0.3020,0.9363,-0.1450,-0.3093,0.9399,-0.1110,-0.0175,0.3501,Dark,
19.2895,5.8706,7.6310,0.6723,0.8322,-0.1084,-0.3187,0.9416,-0.1767,-0.3135,0.9330,-0.1423,-0.3207,0.9364,-0.1106,-0.0190,0.3507,Dark,
19.3003,5.8706,7.6310,0.7379,0.8658,-0.1056,-0.3301,0.9380,-0.1740,-0.3248,0.9296,-0.1395,-0.3321,0.9329,-0.1102,-0.0206,0.3514,Dark,
19.3115,5.8706,7.6310,0.7903,0.8926,-0.1028,-0.3446,0.9331,-0.1712,-0.3394,0.9249,-0.1367,-0.3466,0.9280,-0.1097,-0.0226,0.3522,Dark,
19.3226,5.8706,0.0000,0.8658,1.0000,-0.0998,-0.3573,0.9286,NaN,NaN,NaN,-0.1337,-0.3593,0.9236,-0.1092,-0.0246,0.3530,Dark,
19.3339,5.8706,0.0000,0.8926,1.0000,-0.0966,-0.3712,0.9235,NaN,NaN,NaN,-0.1305,-0.3732,0.9185,-0.1087,-0.0271,0.3539,Dark,
19.3449,0.0000,0.0000,1.0000,1.0000,NaN,NaN,NaN,NaN,NaN,NaN,0.0000,0.0000,0.0000,0.0000,0.0000,0.0000,Dark,
19.3560,0.0000,0.0000,1.0000,1.0000,NaN,NaN,NaN,NaN,NaN,NaN,0.0000,0.0000,0.0000,0.0000,0.0000,0.0000,Dark,
19.3671,0.0000,0.0000,1.0000,1.0000,NaN,NaN,NaN,NaN,NaN,NaN,0.0000,0.0000,0.0000,0.0000,0.0000,0.0000,Dark,
19.3783,0.0000,0.0000,1.0000,1.0000,NaN,NaN,NaN,NaN,NaN,NaN,0.0000,0.0000,0.0000,0.0000,0.0000,0.0000,Dark,
19.3895,0.0000,0.0000,1.0000,1.0000,NaN,NaN,NaN,NaN,NaN,NaN,0.0000,0.0000,0.0000,0.0000,0.0000,0.0000,Dark,
19.4004,0.0000,0.0000,1.0000,1.0000,NaN,NaN,NaN,NaN,NaN,NaN,0.0000,0.0000,0.0000,0.0000,0.0000,0.0000,Dark,
19.4118,0.0000,0.0000,1.0000,1.0000,NaN,NaN,NaN,NaN,NaN,NaN,0.0000,0.0000,0.0000,0.0000,0.0000,0.0000,Dark,
19.4228,0.0000,0.0000,1.0000,1.0000,NaN,NaN,NaN,NaN,NaN,NaN,0.0000,0.0000,0.0000,0.0000,0.0000,0.0000,Dark,
19.4343,0.0000,0.0000,1.0000,1.0000,NaN,NaN,NaN,NaN,NaN,NaN,0.0000,0.0000,0.0000,0.0000,0.0000,0.0000,Dark,
19.4452,0.0000,0.0000,1.0000,1.0000,NaN,NaN,NaN,NaN,NaN,NaN,0.0000,0.0000,0.0000,0.0000,0.0000,0.0000,Dark,
19.4563,5.8706,0.0000,0.8450,1.0000,-0.0740,-0.5353,0.8414,NaN,NaN,NaN,-0.1081,-0.5368,0.8367,-0.1051,-0.0554,0.3625,Dark,
19.4674,5.8706,0.0000,0.7257,1.0000,-0.0738,-0.5452,0.8350,NaN,NaN,NaN,-0.1078,-0.5467,0.8304,-0.1050,-0.0576,0.3639,Dark,
19.4786,5.8706,0.0000,0.5806,1.0000,-0.0738,-0.5554,0.8283,NaN,NaN,NaN,-0.1079,-0.5568,0.8236,-0.1050,-0.0597,0.3651,Dark,
19.4900,5.8706,7.6310,0.5806,0.7970,-0.0735,-0.5653,0.8216,-0.1423,-0.5595,0.8165,-0.1075,-0.5666,0.8169,-0.1049,-0.0616,0.3663,Dark,
19.5012,5.8706,7.6310,0.5806,0.5101,0.0243,-0.5841,0.8113,-0.0332,-0.5827,0.8120,-0.0040,-0.5867,0.8098,-0.1049,-0.0634,0.3676,Dark,
19.5120,5.8706,7.6310,0.5806,0.4081,0.0494,-0.5997,0.7987,-0.0039,-0.5992,0.8006,0.0232,-0.6025,0.7978,-0.1049,-0.0651,0.3690,Dark,
19.5232,5.8706,7.6310,0.4645,0.3264,0.0472,-0.6067,0.7936,-0.0029,-0.6062,0.7953,0.0226,-0.6093,0.7926,-0.1049,-0.0666,0.3705,Dark,
19.5342,5.8706,7.6310,0.3716,0.2612,0.1141,-0.6289,0.7690,0.0692,-0.6305,0.7731,0.0921,-0.6322,0.7693,-0.1050,-0.0681,0.3721,Dark,
19.5455,5.8706,7.6310,0.2973,0.2089,0.1311,-0.6331,0.7629,0.0882,-0.6350,0.7674,0.1101,-0.6364,0.7634,-0.1051,-0.0695,0.3737,Dark,
19.5567,5.8706,7.6310,0.2378,0.1671,0.1377,-0.6372,0.7583,0.0976,-0.6393,0.7628,0.1181,-0.6404,0.7589,-0.1052,-0.0707,0.3752,Dark,
19.5677,5.8706,7.6310,0.1522,0.1070,0.1516,-0.6406,0.7527,0.1127,-0.6431,0.7575,0.1326,-0.6440,0.7535,-0.1054,-0.0720,0.3767,Dark,
19.5789,5.8706,7.6310,0.1218,0.0856,0.1569,-0.6441,0.7487,0.1190,-0.6466,0.7535,0.1384,-0.6474,0.7495,-0.1056,-0.0732,0.3782,Dark,
19.5901,5.8706,7.6310,0.0974,0.0685,0.1681,-0.6466,0.7441,0.1318,-0.6493,0.7490,0.1503,-0.6499,0.7450,-0.1057,-0.0742,0.3795,Dark,
19.6013,5.8706,7.6310,0.0623,0.0438,0.1738,-0.6491,0.7406,0.1381,-0.6520,0.7455,0.1563,-0.6525,0.7415,-0.1059,-0.0752,0.3809,Dark,
19.6123,5.8706,7.6310,0.0499,0.0351,0.1743,-0.6518,0.7381,0.1391,-0.6547,0.7430,0.1571,-0.6552,0.7390,-0.1061,-0.0761,0.3823,Dark,
19.6237,5.8706,7.6310,0.0399,0.0280,0.1803,-0.6538,0.7349,0.1461,-0.6567,0.7398,0.1636,-0.6571,0.7359,-0.1061,-0.0770,0.3834,Dark,
19.6345,5.8706,7.6310,0.0255,0.0179,0.1845,-0.6558,0.7320,0.1507,-0.6589,0.7370,0.1679,-0.6591,0.7330,-0.1063,-0.0779,0.3846,Dark,
19.6459,5.8706,7.6310,0.0204,0.0144,0.1839,-0.6583,0.7300,0.1504,-0.6613,0.7349,0.1675,-0.6616,0.7309,-0.1065,-0.0787,0.3857,Dark,
19.6573,5.8706,7.6310,0.0163,0.0115,0.1878,-0.6600,0.7274,0.1549,-0.6631,0.7323,0.1717,-0.6633,0.7284,-0.1066,-0.0794,0.3866,Dark,
19.6679,5.8706,7.6310,0.0105,0.0074,0.1910,-0.6617,0.7250,0.1584,-0.6649,0.7299,0.1750,-0.6650,0.7260,-0.1068,-0.0801,0.3875,Dark,
19.6791,5.8706,7.6310,0.0084,0.0059,0.1902,-0.6637,0.7234,0.1577,-0.6668,0.7283,0.1743,-0.6670,0.7244,-0.1070,-0.0808,0.3884,Dark,
19.6903,5.8706,7.6310,0.0067,0.0047,0.1926,-0.6650,0.7216,0.1605,-0.6682,0.7265,0.1769,-0.6683,0.7226,-0.1071,-0.0814,0.3891,Dark,
19.7015,5.8706,7.6310,0.0043,0.0030,0.1952,-0.6662,0.7198,0.1633,-0.6694,0.7247,0.1796,-0.6694,0.7208,-0.1072,-0.0819,0.3898,Dark,
19.7125,5.8706,7.6310,0.0034,0.0024,0.1974,-0.6672,0.7182,0.1658,-0.6704,0.7232,0.1820,-0.6705,0.7193,-0.1073,-0.0825,0.3905,Dark,
19.7238,5.8706,7.6310,0.0027,0.0019,0.1957,-0.6685,0.7175,0.1641,-0.6717,0.7224,0.1802,-0.6717,0.7185,-0.1075,-0.0829,0.3910,Dark,
19.7346,5.8706,7.6310,0.0018,0.0012,0.1970,-0.6693,0.7164,0.1656,-0.6725,0.7213,0.1816,-0.6725,0.7174,-0.1076,-0.0833,0.3914,Dark,
19.7460,5.8706,7.6310,0.0014,0.0010,0.1966,-0.6699,0.7160,0.1653,-0.6731,0.7209,0.1813,-0.6731,0.7170,-0.1077,-0.0836,0.3918,Dark,
19.7575,5.8706,7.6310,0.0011,0.0008,0.1922,-0.6709,0.7162,0.1609,-0.6740,0.7210,0.1769,-0.6741,0.7171,-0.1078,-0.0840,0.3922,Dark,
19.7684,5.8706,7.6310,0.0007,0.0005,0.1949,-0.6711,0.7153,0.1637,-0.6742,0.7201,0.1796,-0.6743,0.7163,-0.1080,-0.0843,0.3924,Dark,
19.7793,5.8706,7.6310,0.0006,0.0004,0.1948,-0.6714,0.7150,0.1637,-0.6745,0.7199,0.1796,-0.6746,0.7160,-0.1081,-0.0846,0.3927,Dark,
19.7904,5.8706,7.6310,0.0005,0.0003,0.1918,-0.6720,0.7153,0.1607,-0.6750,0.7201,0.1766,-0.6751,0.7162,-0.1083,-0.0847,0.3927,Dark,
19.8018,5.8706,7.6310,0.0004,0.0003,0.1930,-0.6720,0.7150,0.1620,-0.6751,0.7198,0.1778,-0.6751,0.7159,-0.1084,-0.0849,0.3928,Dark,
19.8128,5.8706,7.6310,0.0003,0.0002,0.1899,-0.6724,0.7155,0.1589,-0.6754,0.7202,0.1747,-0.6755,0.7164,-0.1086,-0.0851,0.3929,Dark,
19.8239,5.8706,7.6310,0.0002,0.0002,0.1865,-0.6727,0.7160,0.1555,-0.6757,0.7206,0.1714,-0.6758,0.7169,-0.1088,-0.0852,0.3929,Dark,
19.8350,5.8706,7.6310,0.0002,0.0001,0.1875,-0.6724,0.7161,0.1565,-0.6754,0.7207,0.1724,-0.6755,0.7169,-0.1090,-0.0853,0.3929,Dark,
19.8461,5.8706,7.6310,0.0002,0.0001,0.1847,-0.6722,0.7169,0.1538,-0.6752,0.7215,0.1696,-0.6753,0.7178,-0.1093,-0.0853,0.3929,Dark,
19.8575,5.8706,7.6310,0.0001,0.0001,0.1832,-0.6719,0.7176,0.1523,-0.6749,0.7221,0.1681,-0.6750,0.7184,-0.1094,-0.0853,0.3929,Dark,
19.8684,5.8706,7.6310,0.0001,0.0001,0.1857,-0.6707,0.7181,0.1548,-0.6737,0.7226,0.1706,-0.6738,0.7189,-0.1097,-0.0853,0.3929,Dark,
19.8799,5.8706,7.6310,0.0001,0.0000,0.1846,-0.6696,0.7194,0.1537,-0.6726,0.7239,0.1695,-0.6727,0.7202,-0.1100,-0.0853,0.3929,Dark,
19.8910,5.8706,7.6310,0.0000,0.0000,0.1833,-0.6690,0.7203,0.1524,-0.6719,0.7248,0.1682,-0.6721,0.7211,-0.1103,-0.0851,0.3928,Dark,
19.9021,5.8706,7.6310,0.0000,0.0000,0.1810,-0.6814,0.7092,0.1501,-0.6844,0.7135,0.1659,-0.6845,0.7099,-0.1107,-0.0851,0.3927,Dark,
19.9131,5.8706,7.6310,0.0000,0.0000,0.1775,-0.6928,0.6989,0.1466,-0.6958,0.7031,0.1624,-0.6959,0.6995,-0.1110,-0.0850,0.3926,Dark,
19.9247,5.8706,7.6310,0.0000,0.0000,0.1759,-0.6924,0.6998,0.1450,-0.6953,0.7039,0.1608,-0.6954,0.7004,-0.1115,-0.0848,0.3924,Dark,
19.9357,5.8706,7.6310,0.0000,0.0000,0.1736,-0.7122,0.6802,0.1427,-0.7152,0.6842,0.1585,-0.7152,0.6807,-0.1119,-0.0847,0.3921,Dark,
19.9465,5.8706,7.6310,0.0000,0.0000,0.1702,-0.7206,0.6721,0.1394,-0.7237,0.6759,0.1551,-0.7237,0.6725,-0.1123,-0.0846,0.3918,Dark,
19.9578,5.8706,7.6310,0.0000,0.0000,0.1676,-0.7281,0.6647,0.1367,-0.7311,0.6684,0.1525,-0.7311,0.6650,-0.1127,-0.0844,0.3915,Dark,
19.9687,5.8706,7.6310,0.0000,0.0000,0.1632,-0.7409,0.6515,0.1324,-0.7439,0.6550,0.1481,-0.7439,0.6517,-0.1131,-0.0842,0.3910,Dark,
19.9799,5.8706,7.6310,0.0000,0.0000,0.1600,-0.7458,0.6466,0.1292,-0.7489,0.6500,0.1449,-0.7488,0.6467,-0.1136,-0.0840,0.3906,Dark,
19.9912,5.8706,7.6310,0.0000,0.0000,0.1560,-0.7543,0.6377,0.1252,-0.7574,0.6408,0.1409,-0.7573,0.6377,-0.1142,-0.0835,0.3903,Dark,
20.0023,5.8706,7.6310,0.0000,0.0000,0.1531,-0.7570,0.6353,0.1223,-0.7600,0.6383,0.1380,-0.7599,0.6352,-0.1147,-0.0832,0.3899,Dark,
20.0134,5.8706,7.6310,0.0000,0.0000,0.1501,-0.7590,0.6335,0.1193,-0.7620,0.6364,0.1350,-0.7619,0.6334,-0.1152,-0.0828,0.3896,Dark,
20.0245,5.8706,7.6310,0.0000,0.0000,0.1468,-0.7630,0.6295,0.1160,-0.7660,0.6322,0.1317,-0.7659,0.6293,-0.1157,-0.0822,0.3893,Dark,
20.0355,5.8706,7.6310,0.0000,0.0000,0.1433,-0.7635,0.6297,0.1125,-0.7665,0.6323,0.1283,-0.7664,0.6294,-0.1164,-0.0816,0.3889,Dark,
20.0467,5.8706,7.6310,0.0000,0.0000,0.1400,-0.7635,0.6304,0.1092,-0.7665,0.6329,0.1249,-0.7664,0.6301,-0.1170,-0.0811,0.3886,Dark,
20.0579,5.8706,7.6310,0.0000,0.0000,0.1379,-0.7649,0.6292,0.1071,-0.7679,0.6316,0.1228,-0.7678,0.6288,-0.1176,-0.0804,0.3883,Dark,
20.0689,4.7918,7.1042,0.0000,0.0000,0.1347,-0.7661,0.6285,0.1010,-0.7693,0.6308,0.1182,-0.7692,0.6279,-0.1183,-0.0799,0.3879,Dark,
20.0801,5.2025,7.1952,0.0000,0.0000,0.1333,-0.7715,0.6221,0.0966,-0.7751,0.6245,0.1153,-0.7749,0.6214,-0.1190,-0.0793,0.3875,Dark,
20.0912,5.8192,7.4019,0.0000,0.0000,0.1335,-0.7705,0.6233,0.0899,-0.7747,0.6259,0.1122,-0.7746,0.6225,-0.1197,-0.0786,0.3873,Dark,
20.1024,5.9499,7.5045,0.0000,0.0000,0.1270,-0.7689,0.6266,0.0796,-0.7733,0.6290,0.1039,-0.7733,0.6255,-0.1205,-0.0780,0.3869,Dark,
20.1136,6.0115,7.5065,0.0000,0.0000,0.1016,-0.7714,0.6281,0.0494,-0.7752,0.6298,0.0762,-0.7757,0.6264,-0.1213,-0.0773,0.3866,Dark,
20.1250,5.9482,7.4238,0.0000,0.0000,-0.0203,-0.7806,0.6247,-0.0833,-0.7790,0.6214,-0.0510,-0.7828,0.6202,-0.1221,-0.0765,0.3863,Dark,
20.1361,5.9012,7.3856,0.0000,0.0000,-0.0735,-0.7830,0.6177,-0.1413,-0.7785,0.6115,-0.1066,-0.7840,0.6115,-0.1230,-0.0758,0.3860,Dark,
20.1474,5.8648,7.3541,0.0000,0.0000,-0.1281,-0.7806,0.6117,-0.2008,-0.7726,0.6022,-0.1637,-0.7803,0.6037,-0.1240,-0.0751,0.3856,Dark,
20.1582,5.8269,7.3313,0.0000,0.0000,-0.1474,-0.7764,0.6128,-0.2323,-0.7655,0.6000,-0.1889,-0.7753,0.6026,-0.1251,-0.0743,0.3854,Dark,
20.1695,5.8206,7.3304,0.0000,0.0000,-0.1514,-0.7737,0.6153,-0.2431,-0.7616,0.6007,-0.1963,-0.7725,0.6040,-0.1261,-0.0736,0.3850,Dark,
20.1805,5.8181,7.3389,0.0000,0.0000,-0.1563,-0.7710,0.6173,-0.2552,-0.7576,0.6008,-0.2048,-0.7696,0.6048,-0.1272,-0.0728,0.3846,Dark,
20.1916,5.8261,7.3504,0.0000,0.0000,-0.1486,-0.7685,0.6223,-0.2635,-0.7532,0.6027,-0.2050,-0.7673,0.6077,-0.1283,-0.0719,0.3843,Dark,
20.2028,5.8339,7.3532,0.0000,0.0000,-0.1453,-0.7656,0.6267,-0.2688,-0.7494,0.6050,-0.2060,-0.7645,0.6109,-0.1294,-0.0712,0.3840,Dark,
20.2141,5.8401,7.3465,0.0000,0.0000,-0.1440,-0.7625,0.6307,-0.2760,-0.7454,0.6068,-0.2088,-0.7616,0.6135,-0.1305,-0.0703,0.3837,Dark,
20.2256,5.8350,7.3403,0.0000,0.0000,-0.1418,-0.7597,0.6346,-0.2826,-0.7417,0.6083,-0.2109,-0.7590,0.6160,-0.1317,-0.0693,0.3835,Dark,
20.2362,5.8277,7.3148,0.0000,0.0000,-0.1350,-0.7568,0.6396,-0.2941,-0.7365,0.6091,-0.2132,-0.7563,0.6185,-0.1329,-0.0685,0.3832,Dark,
20.2473,5.8258,7.3171,0.0000,0.0000,-0.1373,-0.7537,0.6427,-0.3050,-0.7320,0.6093,-0.2198,-0.7532,0.6200,-0.1341,-0.0678,0.3829,Dark,
20.2583,5.8320,7.3203,0.0000,0.0000,-0.1324,-0.7512,0.6466,-0.3093,-0.7288,0.6109,-0.2194,-0.7511,0.6226,-0.1351,-0.0669,0.3826,Dark,
20.2697,5.8455,7.3379,0.0000,0.0000,-0.1211,-0.7490,0.6514,-0.3150,-0.7253,0.6121,-0.2165,-0.7497,0.6253,-0.1362,-0.0662,0.3822,Dark,
20.2809,5.8508,7.3413,0.0000,0.0000,-0.1198,-0.7465,0.6545,-0.3210,-0.7220,0.6129,-0.2189,-0.7475,0.6272,-0.1372,-0.0656,0.3818,Dark,
20.2918,5.8649,7.3656,0.0000,0.0000,-0.1116,-0.7441,0.6587,-0.3274,-0.7185,0.6136,-0.2179,-0.7458,0.6296,-0.1381,-0.0649,0.3815,Dark,
20.3030,5.8607,7.3844,0.0000,0.0000,-0.1106,-0.7422,0.6610,-0.3331,-0.7160,0.6136,-0.2202,-0.7442,0.6306,-0.1389,-0.0643,0.3810,Dark,
20.3141,5.8568,7.4020,0.0000,0.0000,-0.1099,-0.7402,0.6634,-0.3379,-0.7134,0.6139,-0.2222,-0.7425,0.6320,-0.1398,-0.0638,0.3806,Dark,
20.3253,5.8661,7.4242,0.0000,0.0000,-0.1035,-0.7386,0.6662,-0.3420,-0.7113,0.6140,-0.2210,-0.7416,0.6334,-0.1405,-0.0631,0.3803,Dark,
20.3367,5.8704,7.4284,0.0000,0.0000,-0.1023,-0.7365,0.6686,-0.3460,-0.7089,0.6146,-0.2223,-0.7399,0.6349,-0.1412,-0.0625,0.3800,Dark,
20.3475,5.8744,7.4284,0.0000,0.0000,-0.1017,-0.7346,0.6708,-0.3493,-0.7068,0.6152,-0.2236,-0.7383,0.6364,-0.1419,-0.0620,0.3796,Dark,
20.3586,5.8774,7.4257,0.0000,0.0000,-0.0968,-0.7328,0.6735,-0.3518,-0.7049,0.6160,-0.2223,-0.7371,0.6382,-0.1426,-0.0614,0.3793,Dark,
20.3699,5.8760,7.4238,0.0000,0.0000,-0.0964,-0.7312,0.6754,-0.3541,-0.7031,0.6166,-0.2232,-0.7357,0.6394,-0.1432,-0.0609,0.3789,Dark,
20.3811,5.8749,7.4227,0.0000,0.0000,-0.0963,-0.7297,0.6769,-0.3552,-0.7019,0.6174,-0.2237,-0.7345,0.6407,-0.1438,-0.0605,0.3786,Dark,
20.3920,5.8856,7.4282,0.0000,0.0000,-0.0933,-0.7285,0.6786,-0.3532,-0.7015,0.6190,-0.2210,-0.7338,0.6424,-0.1443,-0.0599,0.3783,Dark,
20.4033,5.9044,7.4336,0.0000,0.0000,-0.0931,-0.7269,0.6804,-0.3530,-0.7004,0.6204,-0.2208,-0.7325,0.6440,-0.1448,-0.0596,0.3779,Dark,
20.4143,5.9199,7.4326,0.0000,0.0000,-0.0928,-0.7258,0.6816,-0.3514,-0.7001,0.6216,-0.2197,-0.7316,0.6453,-0.1452,-0.0592,0.3776,Dark,
20.4256,5.9466,7.4412,0.0000,0.0000,-0.0905,-0.7248,0.6830,-0.3476,-0.7002,0.6236,-0.2165,-0.7311,0.6470,-0.1456,-0.0586,0.3773,Dark,
20.4366,5.9510,7.4490,0.0000,0.0000,-0.0896,-0.7237,0.6842,-0.3462,-0.6998,0.6249,-0.2153,-0.7303,0.6483,-0.1459,-0.0583,0.3769,Dark,
20.4477,5.9529,7.4543,0.0000,0.0000,-0.0893,-0.7225,0.6856,-0.3448,-0.6992,0.6263,-0.2144,-0.7292,0.6498,-0.1463,-0.0579,0.3766,Dark,
20.4589,5.9659,7.4820,0.0000,0.0000,-0.0860,-0.7213,0.6873,-0.3407,-0.6991,0.6286,-0.2106,-0.7285,0.6518,-0.1466,-0.0574,0.3763,Dark,
20.4700,5.9757,7.5002,0.0000,0.0000,-0.0846,-0.7204,0.6884,-0.3381,-0.6991,0.6301,-0.2085,-0.7280,0.6532,-0.1469,-0.0570,0.3760,Dark,
20.4814,5.9838,7.4836,0.0000,0.0000,-0.0921,-0.7176,0.6903,-0.3476,-0.6947,0.6297,-0.2171,-0.7247,0.6540,-0.1473,-0.0567,0.3757,Dark,
20.4923,5.9329,7.4519,0.0000,0.0000,-0.1202,-0.7161,0.6875,-0.3764,-0.6877,0.6208,-0.2462,-0.7207,0.6481,-0.1475,-0.0562,0.3753,Dark,
20.5034,5.9112,7.4374,0.0000,0.0000,-0.1230,-0.7161,0.6871,-0.3792,-0.6873,0.6195,-0.2491,-0.7205,0.6472,-0.1477,-0.0559,0.3750,Dark,
20.5147,5.8943,7.4425,0.0000,0.0000,-0.1268,-0.7150,0.6875,-0.3845,-0.6852,0.6186,-0.2537,-0.7191,0.6470,-0.1479,-0.0556,0.3746,Dark,
20.5259,5.9031,7.4502,0.0000,0.0000,-0.1316,-0.7127,0.6890,-0.3898,-0.6820,0.6188,-0.2588,-0.7164,0.6479,-0.1481,-0.0552,0.3744,Dark,
20.5369,5.9133,7.4495,0.0000,0.0000,-0.1320,-0.7116,0.6901,-0.3907,-0.6809,0.6195,-0.2595,-0.7154,0.6487,-0.1482,-0.0549,0.3741,Dark,
20.5481,5.9212,7.4572,0.0000,0.0000,-0.1330,-0.7104,0.6911,-0.3926,-0.6795,0.6198,-0.2610,-0.7142,0.6495,-0.1483,-0.0546,0.3738,Dark,
20.5591,5.9325,7.4713,0.0000,0.0000,-0.1330,-0.7090,0.6925,-0.3938,-0.6779,0.6208,-0.2616,-0.7129,0.6507,-0.1483,-0.0542,0.3735,Dark,
20.5703,5.9436,7.4796,0.0000,0.0000,-0.1336,-0.7072,0.6943,-0.3948,-0.6761,0.6222,-0.2624,-0.7111,0.6523,-0.1483,-0.0539,0.3733,Dark,
20.5815,5.9526,7.5012,0.0000,0.0000,-0.1330,-0.7051,0.6965,-0.3948,-0.6741,0.6242,-0.2621,-0.7092,0.6545,-0.1483,-0.0536,0.3731,Dark,
20.5926,5.9768,7.5259,0.0000,0.0000,-0.1304,-0.7029,0.6992,-0.3936,-0.6722,0.6270,-0.2602,-0.7072,0.6573,-0.1483,-0.0532,0.3729,Dark,
20.6037,5.9847,7.5311,0.0000,0.0000,-0.1294,-0.7021,0.7002,-0.3930,-0.6716,0.6281,-0.2594,-0.7066,0.6584,-0.1482,-0.0529,0.3727,Dark,
20.6149,5.9898,7.5336,0.0000,0.0000,-0.1282,-0.7009,0.7016,-0.3924,-0.6706,0.6295,-0.2585,-0.7055,0.6599,-0.1481,-0.0527,0.3725,Dark,
20.6260,6.0126,7.5418,0.0000,0.0000,-0.1271,-0.6988,0.7039,-0.3922,-0.6685,0.6318,-0.2578,-0.7036,0.6622,-0.1479,-0.0522,0.3723,Dark,
20.6374,6.0168,7.5484,0.0000,0.0000,-0.1254,-0.6977,0.7053,-0.3910,-0.6676,0.6335,-0.2564,-0.7026,0.6638,-0.1477,-0.0519,0.3721,Dark,
20.6483,6.0196,7.5566,0.0000,0.0000,-0.1244,-0.6963,0.7068,-0.3905,-0.6663,0.6353,-0.2557,-0.7013,0.6654,-0.1475,-0.0515,0.3720,Dark,
20.6593,6.0438,7.5777,0.0000,0.0000,-0.1230,-0.6945,0.7089,-0.3901,-0.6645,0.6374,-0.2548,-0.6996,0.6676,-0.1472,-0.0511,0.3719,Dark,
20.6705,6.0555,7.5889,0.0000,0.0000,-0.1214,-0.6927,0.7110,-0.3891,-0.6627,0.6398,-0.2535,-0.6979,0.6699,-0.1469,-0.0507,0.3718,Dark,
20.6819,6.0649,7.5967,0.0000,0.0000,-0.1177,-0.6907,0.7135,-0.3861,-0.6613,0.6432,-0.2502,-0.6962,0.6729,-0.1465,-0.0503,0.3717,Dark,
20.6928,6.0811,7.6027,0.0000,0.0000,-0.1156,-0.6887,0.7158,-0.3850,-0.6593,0.6458,-0.2486,-0.6943,0.6754,-0.1460,-0.0497,0.3716,Dark,
20.7039,6.0867,7.5807,0.0000,0.0000,-0.1122,-0.6868,0.7182,-0.3825,-0.6575,0.6492,-0.2457,-0.6925,0.6783,-0.1455,-0.0493,0.3716,Dark,
20.7153,6.1124,7.5609,0.0000,0.0000,-0.1081,-0.6844,0.7210,-0.3794,-0.6554,0.6531,-0.2421,-0.6904,0.6817,-0.1449,-0.0488,0.3716,Dark,
20.7263,6.1552,7.5880,0.0000,0.0000,-0.0820,-0.6753,0.7330,-0.3530,-0.6513,0.6718,-0.2153,-0.6836,0.6974,-0.1440,-0.0481,0.3717,Dark,
20.7376,6.1720,7.5782,0.0000,0.0000,-0.0349,-0.6580,0.7522,-0.2977,-0.6442,0.7045,-0.1630,-0.6705,0.7238,-0.1431,-0.0474,0.3718,Dark,
20.7488,6.1513,7.5709,0.0000,0.0000,0.0193,-0.6360,0.7715,-0.2440,-0.6317,0.7358,-0.1079,-0.6532,0.7495,-0.1419,-0.0465,0.3720,Dark,
20.7596,6.1029,7.5807,0.0000,0.0000,0.1216,-0.5874,0.8001,-0.1141,-0.6002,0.7917,0.0099,-0.6105,0.7919,-0.1409,-0.0456,0.3722,Dark,
20.7707,6.0804,7.5740,0.0000,0.0000,0.1696,-0.5622,0.8094,-0.0326,-0.5802,0.8138,0.0743,-0.5851,0.8075,-0.1397,-0.0448,0.3724,Dark,
20.7820,6.0533,7.5855,0.0000,0.0000,0.2059,-0.5354,0.8191,0.0853,-0.5508,0.8303,0.1487,-0.5509,0.8212,-0.1384,-0.0439,0.3726,Dark,
20.7937,6.0624,7.5973,0.0000,0.0000,0.2203,-0.5227,0.8235,0.1305,-0.5353,0.8345,0.1775,-0.5348,0.8262,-0.1368,-0.0427,0.3728,Dark,
20.8041,6.0709,7.5981,0.0000,0.0000,0.2242,-0.5181,0.8254,0.1507,-0.5287,0.8353,0.1891,-0.5281,0.8279,-0.1353,-0.0417,0.3730,Dark,
20.8156,6.1060,7.6128,0.0000,0.0000,0.2269,-0.5137,0.8274,0.1707,-0.5220,0.8357,0.1999,-0.5214,0.8296,-0.1337,-0.0407,0.3732,Dark,
20.8264,6.1188,7.6232,0.0000,0.0000,0.2329,-0.5092,0.8285,0.1817,-0.5169,0.8365,0.2083,-0.5163,0.8307,-0.1319,-0.0395,0.3733,Dark,
20.8377,6.1275,7.6420,0.0000,0.0000,0.2315,-0.5094,0.8288,0.1838,-0.5165,0.8363,0.2085,-0.5160,0.8308,-0.1302,-0.0385,0.3734,Dark,
20.8493,6.1485,7.6704,0.0000,0.0000,0.2473,-0.5001,0.8299,0.2054,-0.5066,0.8373,0.2271,-0.5060,0.8321,-0.1285,-0.0375,0.3735,Dark,
20.8599,6.1724,7.6788,0.0000,0.0000,0.2437,-0.5019,0.8299,0.2034,-0.5080,0.8370,0.2242,-0.5075,0.8320,-0.1269,-0.0363,0.3735,Dark,
20.8710,6.1917,7.6847,0.0000,0.0000,0.2447,-0.5021,0.8295,0.2011,-0.5086,0.8372,0.2236,-0.5081,0.8318,-0.1253,-0.0353,0.3735,Dark,
20.8821,6.2344,7.6912,0.0000,0.0000,0.2355,-0.5097,0.8275,0.1852,-0.5168,0.8358,0.2112,-0.5164,0.8299,-0.1237,-0.0343,0.3735,Dark,
20.8934,6.2394,7.6936,0.0000,0.0000,0.2338,-0.5120,0.8266,0.1800,-0.5194,0.8353,0.2078,-0.5190,0.8291,-0.1221,-0.0330,0.3734,Dark,
20.9044,6.2409,7.7145,0.0000,0.0000,0.2275,-0.5148,0.8266,0.1693,-0.5224,0.8357,0.1994,-0.5221,0.8292,-0.1207,-0.0320,0.3734,Dark,
20.9157,6.2880,7.7323,0.0000,0.0000,0.2251,-0.5135,0.8280,0.1589,-0.5218,0.8382,0.1931,-0.5217,0.8310,-0.1192,-0.0308,0.3734,Dark,
20.9269,6.2968,7.7316,0.0000,0.0000,0.2262,-0.5108,0.8294,0.1560,-0.5193,0.8402,0.1922,-0.5194,0.8326,-0.1179,-0.0295,0.3733,Dark,
20.9379,6.3035,7.7417,0.0000,0.0000,0.2273,-0.5083,0.8307,0.1523,-0.5171,0.8423,0.1910,-0.5173,0.8342,-0.1166,-0.0283,0.3732,Dark,
20.9494,6.3333,7.7521,0.0000,0.0000,0.2239,-0.5090,0.8311,0.1389,-0.5184,0.8438,0.1828,-0.5190,0.8350,-0.1155,-0.0271,0.3731,Dark,
20.9601,6.3253,7.7558,0.0000,0.0000,0.2279,-0.5065,0.8316,0.1378,-0.5162,0.8453,0.1843,-0.5170,0.8359,-0.1143,-0.0258,0.3728,Dark,
20.9712,6.3187,7.7781,0.0000,0.0000,0.2305,-0.5044,0.8321,0.1345,-0.5144,0.8469,0.1840,-0.5155,0.8369,-0.1132,-0.0246,0.3726,Dark,
20.9824,6.3329,7.7899,0.0000,0.0000,0.2314,-0.5040,0.8321,0.1233,-0.5147,0.8485,0.1791,-0.5163,0.8375,-0.1122,-0.0233,0.3723,Dark,
20.9937,6.2978,7.7844,0.0000,0.0000,0.2334,-0.4995,0.8343,0.1191,-0.5103,0.8517,0.1781,-0.5123,0.8401,-0.1113,-0.0219,0.3721,Dark,
21.0048,6.2693,7.7416,0.0000,0.0000,0.2365,-0.4910,0.8384,0.1158,-0.5019,0.8571,0.1782,-0.5043,0.8449,-0.1104,-0.0206,0.3719,Dark,
21.0160,6.1525,7.6545,0.0000,0.0000,0.2363,-0.4649,0.8532,0.1029,-0.4758,0.8735,0.1719,-0.4792,0.8607,-0.1097,-0.0191,0.3717,Dark,
21.0270,6.1055,7.6166,0.0000,0.0000,0.2363,-0.4397,0.8665,0.0966,-0.4500,0.8878,0.1689,-0.4543,0.8747,-0.1089,-0.0174,0.3714,Dark,
21.0381,6.0730,7.5820,0.0000,0.0000,0.2370,-0.4171,0.8774,0.0914,-0.4269,0.8996,0.1667,-0.4320,0.8863,-0.1084,-0.0159,0.3712,Dark,
21.0494,6.0540,7.5344,0.0000,0.0000,0.2423,-0.3927,0.8872,0.0868,-0.4024,0.9113,0.1674,-0.4084,0.8973,-0.1078,-0.0142,0.3709,Dark,
21.0605,6.0523,7.5169,0.0000,0.0000,0.2455,-0.3807,0.8915,0.0857,-0.3902,0.9167,0.1685,-0.3966,0.9024,-0.1074,-0.0127,0.3706,Dark,
21.0716,6.0512,7.4731,0.0000,0.0000,0.2486,-0.3701,0.8951,0.0850,-0.3794,0.9213,0.1698,-0.3863,0.9066,-0.1070,-0.0113,0.3703,Dark,
21.0827,6.0070,7.3444,0.0000,0.0000,0.2533,-0.3656,0.8956,0.0852,-0.3750,0.9231,0.1724,-0.3821,0.9079,-0.1068,-0.0099,0.3698,Dark,
21.0940,5.9793,7.2693,0.0000,0.0000,0.2531,-0.3601,0.8979,0.0848,-0.3691,0.9255,0.1721,-0.3765,0.9103,-0.1064,-0.0086,0.3693,Dark,
21.1051,5.8790,7.2184,0.0000,0.0000,0.2427,-0.3505,0.9046,0.0796,-0.3583,0.9302,0.1641,-0.3659,0.9161,-0.1063,-0.0073,0.3689,Dark,
21.1161,5.8165,7.0332,0.0000,0.0000,0.2368,-0.2947,0.9258,0.0847,-0.3007,0.9499,0.1635,-0.3084,0.9371,-0.1062,-0.0060,0.3685,Dark,
21.1274,6.2331,6.8850,0.0000,0.0000,0.2357,-0.2546,0.9379,0.0837,-0.2595,0.9621,0.1625,-0.2678,0.9497,-0.1061,-0.0043,0.3680,Dark,
21.1384,6.2331,6.5085,0.0000,0.0000,0.2498,-0.1626,0.9545,0.0996,-0.1659,0.9811,0.1777,-0.1748,0.9684,-0.1061,-0.0028,0.3677,Dark,
21.1500,6.2331,6.6126,0.0000,0.0000,0.2172,-0.1759,0.9601,0.0646,-0.1782,0.9819,0.1436,-0.1878,0.9717,-0.1062,-0.0012,0.3673,Dark,
21.1613,6.2331,6.7248,0.0000,0.0000,0.1854,-0.1949,0.9631,0.0311,-0.1963,0.9801,0.1106,-0.2064,0.9722,-0.1062,0.0004,0.3669,Dark,
21.1718,6.2331,6.8735,0.0000,0.0000,0.1787,-0.2199,0.9590,0.0241,-0.2210,0.9750,0.1036,-0.2313,0.9673,-0.1064,0.0018,0.3664,Dark,
21.1829,6.2331,6.9245,0.0000,0.0000,0.1831,-0.1587,0.9702,0.0290,-0.1591,0.9868,0.1084,-0.1696,0.9795,-0.1067,0.0032,0.3660,Dark,
21.1942,6.2331,6.8886,0.0000,0.0000,0.1904,-0.1995,0.9612,0.0364,-0.2005,0.9790,0.1157,-0.2108,0.9706,-0.1068,0.0046,0.3654,Dark,
21.2053,6.2331,6.6300,0.0000,0.0000,0.1988,-0.1507,0.9684,0.0456,-0.1511,0.9875,0.1247,-0.1616,0.9789,-0.1071,0.0058,0.3648,Dark,
21.2164,6.2331,6.5454,0.0000,0.0000,0.1776,-0.1458,0.9732,0.0235,-0.1454,0.9891,0.1029,-0.1563,0.9823,-0.1075,0.0071,0.3643,Dark,
21.2276,6.2331,6.7607,0.0000,0.0000,0.1804,-0.1182,0.9765,0.0268,-0.1173,0.9927,0.1060,-0.1284,0.9860,-0.1078,0.0084,0.3636,Dark,
21.2445,6.2331,7.5628,0.0000,0.0000,0.1950,-0.0426,0.9799,0.0435,-0.0406,0.9982,0.1219,-0.0519,0.9912,-0.1082,0.0096,0.3631,Dark,
21.2501,6.2331,7.5628,0.2000,0.0000,0.1909,-0.0347,0.9810,0.0392,-0.0323,0.9987,0.1176,-0.0438,0.9921,-0.1086,0.0108,0.3625,Dark,
21.2612,6.2331,7.5628,0.3600,0.2000,0.1930,-0.0097,0.9812,0.0420,-0.0066,0.9991,0.1201,-0.0184,0.9926,-0.1089,0.0121,0.3619,Dark,
21.2719,6.2331,7.5628,0.5904,0.3600,0.1907,0.0069,0.9816,0.0400,0.0105,0.9991,0.1180,-0.0015,0.9930,-0.1093,0.0134,0.3614,Dark,
21.2831,6.2331,7.5628,0.6723,0.4880,0.1837,-0.0065,0.9830,0.0323,-0.0029,0.9995,0.1106,-0.0150,0.9938,-0.1098,0.0146,0.3609,Dark,
21.2944,6.2331,7.5628,0.7379,0.4880,0.1784,-0.0193,0.9838,0.0264,-0.0158,0.9995,0.1049,-0.0279,0.9941,-0.1102,0.0158,0.3602,Dark,
21.3056,6.2331,7.5628,0.4722,0.4880,0.1740,-0.0208,0.9845,0.0217,-0.0171,0.9996,0.1003,-0.0294,0.9945,-0.1106,0.0168,0.3596,Dark,
21.3167,6.2331,7.5628,0.4722,0.4880,0.1698,-0.0212,0.9853,0.0174,-0.0174,0.9997,0.0960,-0.0297,0.9949,-0.1110,0.0179,0.3591,Dark,
21.3278,6.2331,7.5628,0.4722,0.3904,0.1656,-0.0256,0.9859,0.0129,-0.0217,0.9997,0.0917,-0.0341,0.9952,-0.1115,0.0192,0.3583,Dark,
21.3389,6.2331,7.5628,0.4722,0.2499,0.1616,-0.0231,0.9866,0.0088,-0.0191,0.9998,0.0876,-0.0315,0.9957,-0.1119,0.0204,0.3578,Dark,
21.3501,6.2331,7.5628,0.3778,0.1999,0.1143,-0.0192,0.9933,-0.0403,-0.0149,0.9991,0.0389,-0.0276,0.9989,-0.1123,0.0216,0.3571,Dark,
21.3615,6.2331,7.5628,0.3022,0.1599,0.0606,-0.0144,0.9981,-0.0516,-0.0112,0.9986,0.0056,-0.0203,0.9998,-0.1127,0.0227,0.3564,Dark,
21.3723,6.2331,7.5628,0.1934,0.1023,0.0357,-0.0086,0.9993,-0.0541,-0.0060,0.9985,-0.0083,-0.0133,0.9999,-0.1131,0.0237,0.3558,Dark,
21.3835,6.2331,7.5628,0.1547,0.0819,0.0168,-0.0028,0.9999,-0.0593,-0.0005,0.9982,-0.0205,-0.0068,0.9998,-0.1135,0.0248,0.3552,Dark,
21.3946,6.2331,7.5628,0.1238,0.0655,-0.0024,0.0026,1.0000,-0.0628,0.0045,0.9980,-0.0320,-0.0005,0.9995,-0.1140,0.0259,0.3544,Dark,
21.4058,6.2331,7.5628,0.0792,0.0419,-0.0117,0.0084,0.9999,-0.0672,0.0101,0.9977,-0.0390,0.0055,0.9992,-0.1143,0.0268,0.3538,Dark,
21.4169,6.2331,7.5628,0.0634,0.0335,-0.0198,0.0133,0.9997,-0.0715,0.0150,0.9973,-0.0452,0.0107,0.9989,-0.1147,0.0276,0.3532,Dark,
21.4286,6.2331,7.5628,0.0507,0.0268,-0.0226,0.0172,0.9996,-0.0689,0.0187,0.9974,-0.0453,0.0149,0.9989,-0.1152,0.0284,0.3524,Dark,
21.4392,6.2331,7.5628,0.0325,0.0172,-0.0222,0.0214,0.9995,-0.0666,0.0229,0.9975,-0.0440,0.0192,0.9988,-0.1155,0.0291,0.3517,Dark,
21.4503,6.2331,7.5628,0.0260,0.0137,-0.0283,0.0263,0.9993,-0.0709,0.0277,0.9971,-0.0492,0.0241,0.9985,-0.1159,0.0298,0.3511,Dark,
21.4620,6.2331,7.5628,0.0208,0.0110,-0.0300,0.0318,0.9990,-0.0702,0.0331,0.9970,-0.0498,0.0297,0.9983,-0.1164,0.0307,0.3504,Dark,
21.4726,6.2331,7.5628,0.0166,0.0088,-0.0293,0.0373,0.9989,-0.0685,0.0386,0.9969,-0.0486,0.0353,0.9982,-0.1168,0.0316,0.3498,Dark,
21.4837,6.2331,7.5628,0.0106,0.0056,-0.0348,0.0429,0.9985,-0.0731,0.0441,0.9964,-0.0536,0.0409,0.9977,-0.1172,0.0324,0.3492,Dark,
21.4952,6.2331,7.5628,0.0085,0.0045,-0.0351,0.0486,0.9982,-0.0721,0.0498,0.9962,-0.0533,0.0467,0.9975,-0.1177,0.0333,0.3484,Dark,
21.5061,6.2331,7.5628,0.0054,0.0029,-0.0351,0.0541,0.9979,-0.0714,0.0553,0.9959,-0.0529,0.0523,0.9972,-0.1181,0.0341,0.3478,Dark,
21.5176,6.2331,7.5628,0.0044,0.0023,-0.0366,0.0598,0.9975,-0.0720,0.0609,0.9955,-0.0540,0.0580,0.9969,-0.1185,0.0349,0.3472,Dark,
21.5287,6.2331,7.5628,0.0035,0.0018,-0.0409,0.0652,0.9970,-0.0760,0.0663,0.9949,-0.0581,0.0634,0.9963,-0.1189,0.0357,0.3465,Dark,
21.5395,6.2331,7.5628,0.0035,0.0018,-0.0438,0.0692,0.9966,-0.0785,0.0703,0.9944,-0.0608,0.0674,0.9959,-0.1193,0.0363,0.3460,Dark,
21.5506,6.2331,7.5628,0.0022,0.0012,-0.0863,0.0749,0.9935,-0.1204,0.0758,0.9898,-0.1030,0.0731,0.9920,-0.1197,0.0370,0.3453,Dark,
21.5619,6.2331,7.5628,0.0018,0.0009,-0.1300,0.0801,0.9883,-0.1636,0.0809,0.9832,-0.1466,0.0783,0.9861,-0.1200,0.0375,0.3446,Dark,
21.5729,6.2331,7.5628,0.0011,0.0006,-0.1787,0.0860,0.9801,-0.2116,0.0865,0.9735,-0.1949,0.0840,0.9772,-0.1204,0.0382,0.3440,Dark,
21.5840,6.2331,7.5628,0.0009,0.0005,-0.2521,0.0935,0.9632,-0.2834,0.0938,0.9544,-0.2676,0.0914,0.9592,-0.1207,0.0390,0.3435,Dark,
21.5953,6.2331,7.5628,0.0007,0.0004,-0.2774,0.0993,0.9556,-0.3081,0.0995,0.9461,-0.2926,0.0972,0.9513,-0.1211,0.0398,0.3429,Dark,
21.6063,6.2331,7.5628,0.0006,0.0003,-0.2891,0.1048,0.9515,-0.3195,0.1049,0.9418,-0.3042,0.1027,0.9471,-0.1215,0.0406,0.3424,Dark,
21.6176,6.2331,7.5628,0.0004,0.0002,-0.3027,0.1093,0.9468,-0.3326,0.1093,0.9367,-0.3175,0.1072,0.9422,-0.1217,0.0413,0.3419,Dark,
21.6286,6.2331,7.5628,0.0003,0.0002,-0.3046,0.1131,0.9457,-0.3343,0.1130,0.9357,-0.3193,0.1109,0.9411,-0.1220,0.0420,0.3413,Dark,
21.6398,6.2331,7.5628,0.0002,0.0001,-0.3101,0.1157,0.9436,-0.3396,0.1155,0.9334,-0.3247,0.1135,0.9390,-0.1222,0.0424,0.3409,Dark,
21.6508,6.2331,7.5628,0.0002,0.0001,-0.3145,0.1172,0.9420,-0.3438,0.1170,0.9317,-0.3290,0.1150,0.9373,-0.1224,0.0428,0.3405,Dark,
21.6620,6.2331,7.5628,0.0001,0.0001,-0.3154,0.1176,0.9416,-0.3447,0.1174,0.9313,-0.3299,0.1155,0.9369,-0.1227,0.0430,0.3399,Dark,
21.6733,6.2331,7.5628,0.0001,0.0001,-0.3162,0.1174,0.9414,-0.3454,0.1172,0.9311,-0.3307,0.1153,0.9367,-0.1229,0.0431,0.3394,Dark,
21.6842,6.2331,7.5628,0.0001,0.0000,-0.3175,0.1160,0.9411,-0.3466,0.1158,0.9308,-0.3319,0.1138,0.9364,-0.1231,0.0431,0.3389,Dark,
21.6954,6.2331,7.5628,0.0001,0.0000,-0.3187,0.1145,0.9409,-0.3478,0.1143,0.9306,-0.3331,0.1123,0.9362,-0.1233,0.0431,0.3385,Dark,
21.7068,6.2331,7.5628,0.0000,0.0000,-0.3214,0.0829,0.9433,-0.3504,0.0829,0.9329,-0.3358,0.0808,0.9385,-0.1234,0.0430,0.3381,Dark,
21.7178,6.2331,7.5628,0.0000,0.0000,-0.3227,0.0686,0.9440,-0.3517,0.0687,0.9336,-0.3371,0.0665,0.9391,-0.1235,0.0430,0.3379,Dark,
21.7288,6.2331,7.5628,0.0000,0.0000,-0.3236,0.0556,0.9446,-0.3526,0.0558,0.9341,-0.3379,0.0536,0.9397,-0.1237,0.0429,0.3375,Dark,
21.7399,6.2331,7.5628,0.0000,0.0000,-0.3238,0.0338,0.9455,-0.3528,0.0341,0.9351,-0.3381,0.0318,0.9406,-0.1238,0.0428,0.3373,Dark,
21.7510,6.2331,7.5628,0.0000,0.0000,-0.3176,0.0234,0.9480,-0.3467,0.0238,0.9377,-0.3319,0.0215,0.9431,-0.1238,0.0426,0.3371,Dark,
21.7623,6.2331,7.5628,0.0000,0.0000,-0.3114,0.0140,0.9502,-0.3407,0.0145,0.9401,-0.3259,0.0121,0.9453,-0.1239,0.0423,0.3370,Dark,
21.7735,6.2331,7.5628,0.0000,0.0000,-0.3005,-0.0001,0.9538,-0.3300,0.0005,0.9440,-0.3150,-0.0020,0.9491,-0.1239,0.0421,0.3368,Dark,
21.7845,6.2331,7.5628,0.0000,0.0000,-0.2958,-0.0059,0.9552,-0.3254,-0.0053,0.9456,-0.3104,-0.0078,0.9506,-0.1240,0.0421,0.3366,Dark,
21.7957,6.2331,7.5628,0.0000,0.0000,-0.2909,-0.0106,0.9567,-0.3206,-0.0099,0.9472,-0.3056,-0.0124,0.9521,-0.1239,0.0421,0.3365,Dark,
21.8068,6.2331,7.5628,0.0000,0.0000,-0.2834,-0.0173,0.9588,-0.3133,-0.0166,0.9495,-0.2981,-0.0191,0.9543,-0.1239,0.0421,0.3365,Dark,
21.8180,6.2331,7.5628,0.0000,0.0000,-0.2802,-0.0200,0.9597,-0.3101,-0.0193,0.9505,-0.2950,-0.0218,0.9553,-0.1238,0.0422,0.3364,Dark,
21.8296,6.2331,7.5628,0.0000,0.0000,-0.2760,-0.0224,0.9609,-0.3059,-0.0216,0.9518,-0.2907,-0.0241,0.9565,-0.1237,0.0422,0.3364,Dark,
21.8404,6.2331,7.5628,0.0000,0.0000,-0.2693,-0.0264,0.9627,-0.2994,-0.0257,0.9538,-0.2841,-0.0282,0.9584,-0.1236,0.0421,0.3365,Dark,
21.8514,6.2331,7.5628,0.0000,0.0000,-0.2654,-0.0287,0.9637,-0.2955,-0.0279,0.9549,-0.2802,-0.0304,0.9595,-0.1235,0.0420,0.3365,Dark,
21.8629,5.9011,6.9515,0.0000,0.0000,-0.2557,-0.0356,0.9661,-0.2888,-0.0347,0.9568,-0.2720,-0.0375,0.9616,-0.1233,0.0419,0.3366,Dark,
21.8741,6.0585,7.1414,0.0000,0.0000,-0.1890,-0.0299,0.9815,-0.2294,-0.0289,0.9729,-0.2089,-0.0322,0.9774,-0.1231,0.0416,0.3367,Dark,
21.8854,6.1598,7.1363,0.0000,0.0000,-0.1251,-0.0193,0.9920,-0.1696,-0.0183,0.9853,-0.1470,-0.0219,0.9889,-0.1229,0.0413,0.3367,Dark,
21.8959,6.2417,6.9204,0.0000,0.0000,-0.0253,0.0274,0.9993,-0.0684,0.0285,0.9973,-0.0464,0.0251,0.9986,-0.1226,0.0409,0.3369,Dark,
21.9074,6.2627,6.6597,0.0000,0.0000,0.0706,0.0390,0.9967,0.0267,0.0403,0.9988,0.0491,0.0366,0.9981,-0.1223,0.0403,0.3371,Dark,
21.9181,5.7198,6.6419,0.0000,0.0000,0.0766,0.0359,0.9964,0.0336,0.0372,0.9987,0.0556,0.0337,0.9979,-0.1220,0.0396,0.3372,Dark,
21.9298,5.2644,6.3439,0.0000,0.0000,0.0432,0.0443,0.9981,-0.0002,0.0457,0.9990,0.0220,0.0421,0.9989,-0.1216,0.0387,0.3375,Dark,
21.9409,6.2331,6.3439,0.0000,0.0000,0.0456,0.0412,0.9981,0.0022,0.0426,0.9991,0.0243,0.0390,0.9989,-0.1212,0.0378,0.3378,Dark,
21.9520,6.2331,6.3439,0.0000,0.0000,0.0468,0.0321,0.9984,0.0034,0.0335,0.9994,0.0255,0.0299,0.9992,-0.1208,0.0366,0.3382,Dark,
21.9632,6.2331,6.3439,0.2000,0.0000,0.0390,0.0184,0.9991,-0.0045,0.0198,0.9998,0.0177,0.0162,0.9997,-0.1203,0.0352,0.3385,Dark,
21.9742,6.2331,6.3439,0.3600,0.0000,0.0404,0.0061,0.9992,-0.0031,0.0075,1.0000,0.0191,0.0038,0.9998,-0.1199,0.0337,0.3390,Dark,
21.9856,6.2331,6.3439,0.5904,0.3600,0.0422,-0.0080,0.9991,-0.0014,-0.0067,1.0000,0.0208,-0.0103,0.9997,-0.1194,0.0320,0.3394,Dark,
21.9964,6.2331,6.3439,0.6723,0.4880,0.0387,-0.0276,0.9989,-0.0050,-0.0263,0.9996,0.0173,-0.0299,0.9994,-0.1189,0.0301,0.3400,Dark,
22.0082,6.2331,6.3439,0.7379,0.5904,0.0422,-0.0445,0.9981,-0.0015,-0.0432,0.9991,0.0208,-0.0468,0.9987,-0.1184,0.0281,0.3406,Dark,
22.0185,6.2331,6.3439,0.7903,0.6723,0.0457,-0.0617,0.9970,0.0020,-0.0604,0.9982,0.0243,-0.0640,0.9977,-0.1180,0.0261,0.3412,Dark,
22.0297,6.2331,6.3439,0.8658,0.7903,0.0492,-0.0810,0.9955,0.0055,-0.0798,0.9968,0.0278,-0.0834,0.9961,-0.1175,0.0239,0.3418,Dark,
22.0412,6.2331,6.3439,0.8658,0.7903,0.0527,-0.0990,0.9937,0.0091,-0.0978,0.9952,0.0314,-0.1014,0.9944,-0.1170,0.0215,0.3425,Dark,
22.0522,6.2331,6.3439,1.0000,0.8658,0.0564,-0.1178,0.9914,0.0127,-0.1167,0.9931,0.0350,-0.1202,0.9921,-0.1165,0.0191,0.3432,Dark,
22.0635,0.0000,6.3439,1.0000,0.8926,NaN,NaN,NaN,0.0164,-0.1364,0.9905,0.0387,-0.1399,0.9894,-0.1161,0.0165,0.3441,Dark,
22.0745,0.0000,0.0000,1.0000,1.0000,NaN,NaN,NaN,NaN,NaN,NaN,0.0000,0.0000,0.0000,0.0000,0.0000,0.0000,Dark,
22.0859,0.0000,0.0000,1.0000,1.0000,NaN,NaN,NaN,NaN,NaN,NaN,0.0000,0.0000,0.0000,0.0000,0.0000,0.0000,Dark,
22.0969,0.0000,0.0000,0.7876,1.0000,NaN,NaN,NaN,NaN,NaN,NaN,0.0000,0.0000,0.0000,0.0000,0.0000,0.0000,Dark,
22.1083,6.2331,0.0000,0.6458,1.0000,0.0739,-0.2195,0.9728,NaN,NaN,NaN,0.0526,-0.2221,0.9736,-0.1143,0.0052,0.3475,Dark,
22.1193,6.2331,0.0000,0.5167,1.0000,0.0772,-0.2393,0.9679,NaN,NaN,NaN,0.0559,-0.2420,0.9687,-0.1139,0.0022,0.3485,Dark,
22.1300,6.2331,6.3439,0.5167,0.5960,0.0802,-0.2591,0.9625,0.0366,-0.2587,0.9653,0.0589,-0.2618,0.9633,-0.1135,-0.0008,0.3496,Dark,
22.1413,6.2331,6.3439,0.5167,0.4768,0.0857,-0.2788,0.9565,0.0421,-0.2785,0.9595,0.0643,-0.2815,0.9574,-0.1132,-0.0040,0.3507,Dark,
22.1523,6.2331,6.3439,0.5167,0.3815,0.3586,-0.3130,0.8794,0.3253,-0.3162,0.8912,0.3425,-0.3170,0.8844,-0.1128,-0.0073,0.3516,Dark,
22.1633,6.2331,6.3439,0.3307,0.2441,0.3648,-0.3318,0.8700,0.3325,-0.3352,0.8815,0.3491,-0.3358,0.8748,-0.1125,-0.0108,0.3523,Dark,
22.1746,6.2331,6.3439,0.2645,0.1953,0.3467,-0.3536,0.8688,0.3145,-0.3571,0.8795,0.3310,-0.3577,0.8732,-0.1122,-0.0143,0.3529,Dark,
22.1860,6.2331,6.3439,0.2116,0.1562,0.3472,-0.3716,0.8610,0.3163,-0.3752,0.8713,0.3322,-0.3756,0.8652,-0.1118,-0.0178,0.3535,Dark,
22.1969,6.2331,6.3439,0.1693,0.1250,0.3485,-0.3903,0.8522,0.3181,-0.3941,0.8622,0.3337,-0.3943,0.8562,-0.1116,-0.0211,0.3542,Dark,
22.2079,6.2331,6.3439,0.1354,0.1000,0.3344,-0.4086,0.8493,0.3039,-0.4124,0.8588,0.3196,-0.4126,0.8530,-0.1114,-0.0243,0.3551,Dark,
22.2192,6.2331,6.3439,0.1083,0.0800,0.3329,-0.4219,0.8433,0.3031,-0.4258,0.8525,0.3184,-0.4259,0.8469,-0.1113,-0.0276,0.3561,Dark,
22.2303,6.2331,6.3439,0.0867,0.0640,0.3333,-0.4378,0.8350,0.3039,-0.4417,0.8441,0.3190,-0.4417,0.8385,-0.1112,-0.0309,0.3569,Dark,
22.2415,6.2331,6.3439,0.0693,0.0512,0.3292,-0.4530,0.8285,0.2998,-0.4571,0.8374,0.3149,-0.4569,0.8319,-0.1111,-0.0342,0.3575,Dark,
22.2525,6.2331,6.3439,0.0555,0.0410,0.3263,-0.4666,0.8221,0.2974,-0.4707,0.8307,0.3123,-0.4705,0.8253,-0.1111,-0.0374,0.3578,Dark,
22.2637,6.2331,6.3439,0.0444,0.0328,0.3263,-0.4826,0.8128,0.2975,-0.4869,0.8212,0.3123,-0.4866,0.8159,-0.1112,-0.0404,0.3581,Dark,
22.2747,6.2331,6.3439,0.0355,0.0262,0.3209,-0.4961,0.8068,0.2922,-0.5005,0.8150,0.3069,-0.5001,0.8097,-0.1112,-0.0431,0.3584,Dark,
22.2860,6.2331,6.3439,0.0284,0.0210,0.3064,-0.5063,0.8061,0.2775,-0.5105,0.8138,0.2924,-0.5102,0.8088,-0.1113,-0.0454,0.3590,Dark,
22.2972,6.2331,6.3439,0.0227,0.0168,0.2967,-0.5151,0.8042,0.2676,-0.5192,0.8116,0.2826,-0.5190,0.8068,-0.1113,-0.0474,0.3596,Dark,
22.3081,6.2331,6.3439,0.0145,0.0107,0.2747,-0.5225,0.8072,0.2453,-0.5263,0.8141,0.2605,-0.5262,0.8095,-0.1114,-0.0492,0.3605,Dark,
22.3193,6.2331,6.3439,0.0116,0.0086,0.2616,-0.5275,0.8083,0.2319,-0.5311,0.8149,0.2471,-0.5311,0.8105,-0.1114,-0.0509,0.3614,Dark,
22.3304,6.2331,6.3439,0.0116,0.0086,0.2602,-0.5322,0.8056,0.2307,-0.5359,0.8122,0.2459,-0.5359,0.8077,-0.1115,-0.0524,0.3624,Dark,
22.3417,6.2331,6.3439,0.0074,0.0055,0.2507,-0.5347,0.8070,0.2210,-0.5382,0.8133,0.2363,-0.5382,0.8090,-0.1116,-0.0539,0.3631,Dark,
22.3530,6.2331,6.3439,0.0060,0.0044,0.2439,-0.5397,0.8058,0.2142,-0.5431,0.8119,0.2295,-0.5432,0.8077,-0.1116,-0.0553,0.3637,Dark,
22.3640,6.2331,6.3439,0.0048,0.0035,0.2454,-0.5430,0.8031,0.2157,-0.5465,0.8092,0.2310,-0.5465,0.8050,-0.1115,-0.0564,0.3638,Dark,
22.3751,6.2331,6.3439,0.0030,0.0023,0.2425,-0.5446,0.8029,0.2129,-0.5480,0.8089,0.2281,-0.5480,0.8047,-0.1115,-0.0575,0.3642,Dark,
22.3862,6.2331,6.3439,0.0024,0.0018,0.2424,-0.5488,0.8000,0.2128,-0.5523,0.8060,0.2280,-0.5523,0.8019,-0.1115,-0.0583,0.3645,Dark,
22.3975,6.2331,6.3439,0.0020,0.0014,0.2383,-0.5497,0.8007,0.2086,-0.5531,0.8066,0.2239,-0.5532,0.8024,-0.1114,-0.0590,0.3646,Dark,
22.4084,6.2331,6.3439,0.0012,0.0009,0.2377,-0.5465,0.8030,0.2081,-0.5499,0.8089,0.2233,-0.5500,0.8048,-0.1113,-0.0595,0.3650,Dark,
22.4196,6.2331,6.3439,0.0010,0.0007,0.2381,-0.5452,0.8038,0.2086,-0.5486,0.8096,0.2238,-0.5487,0.8055,-0.1113,-0.0601,0.3653,Dark,
22.4307,6.2331,6.3439,0.0008,0.0006,0.2352,-0.5437,0.8056,0.2057,-0.5470,0.8115,0.2209,-0.5471,0.8074,-0.1111,-0.0604,0.3656,Dark,
22.4421,6.2331,6.3439,0.0005,0.0004,0.2330,-0.5399,0.8088,0.2034,-0.5432,0.8146,0.2186,-0.5433,0.8106,-0.1110,-0.0607,0.3657,Dark,
22.4531,6.2331,6.3439,0.0004,0.0003,0.2346,-0.5381,0.8096,0.2051,-0.5414,0.8154,0.2203,-0.5415,0.8113,-0.1109,-0.0610,0.3656,Dark,
22.4641,6.2331,6.3439,0.0003,0.0002,0.2356,-0.5339,0.8121,0.2062,-0.5372,0.8179,0.2213,-0.5373,0.8138,-0.1108,-0.0612,0.3656,Dark,
22.4753,6.2331,6.3439,0.0002,0.0002,0.2334,-0.5322,0.8138,0.2039,-0.5354,0.8196,0.2191,-0.5356,0.8156,-0.1107,-0.0613,0.3655,Dark,
22.4865,6.2331,6.3439,0.0002,0.0001,0.2344,-0.5296,0.8152,0.2050,-0.5328,0.8210,0.2201,-0.5329,0.8170,-0.1107,-0.0613,0.3653,Dark,
22.4977,6.2331,6.3439,0.0001,0.0001,0.2329,-0.5246,0.8189,0.2035,-0.5277,0.8247,0.2186,-0.5279,0.8207,-0.1106,-0.0612,0.3652,Dark,
22.5087,6.2331,6.3439,0.0001,0.0001,0.2307,-0.5213,0.8216,0.2012,-0.5243,0.8274,0.2164,-0.5246,0.8234,-0.1106,-0.0610,0.3652,Dark,
22.5197,6.2331,6.3439,0.0001,0.0001,0.2311,-0.5175,0.8239,0.2017,-0.5205,0.8297,0.2168,-0.5208,0.8257,-0.1106,-0.0608,0.3650,Dark,
22.5311,6.2331,6.3439,0.0001,0.0000,0.2300,-0.5426,0.8079,0.2004,-0.5458,0.8136,0.2156,-0.5459,0.8096,-0.1106,-0.0606,0.3650,Dark,
22.5422,6.2331,6.3439,0.0000,0.0000,0.2297,-0.5413,0.8088,0.2002,-0.5446,0.8145,0.2154,-0.5447,0.8105,-0.1106,-0.0604,0.3650,Dark,
22.5532,6.2331,6.3439,0.0000,0.0000,0.2298,-0.5657,0.7919,0.2003,-0.5691,0.7975,0.2154,-0.5691,0.7935,-0.1107,-0.0602,0.3649,Dark,
22.5644,6.2331,6.3439,0.0000,0.0000,0.2281,-0.6084,0.7602,0.1984,-0.6121,0.7655,0.2136,-0.6119,0.7616,-0.1108,-0.0600,0.3649,Dark,
22.5755,6.2331,6.3439,0.0000,0.0000,0.2278,-0.6075,0.7610,0.1982,-0.6112,0.7663,0.2134,-0.6110,0.7623,-0.1108,-0.0598,0.3648,Dark,
22.5866,6.2331,6.3439,0.0000,0.0000,0.2275,-0.6252,0.7466,0.1979,-0.6290,0.7518,0.2130,-0.6288,0.7478,-0.1109,-0.0596,0.3649,Dark,
22.5981,6.2331,6.3439,0.0000,0.0000,0.2256,-0.6562,0.7201,0.1960,-0.6602,0.7251,0.2111,-0.6597,0.7212,-0.1110,-0.0594,0.3649,Dark,
22.6090,6.2331,6.3439,0.0000,0.0000,0.2231,-0.6690,0.7090,0.1936,-0.6730,0.7138,0.2087,-0.6726,0.7100,-0.1111,-0.0593,0.3649,Dark,
22.6200,6.2331,6.3439,0.0000,0.0000,0.2224,-0.6801,0.6986,0.1929,-0.6842,0.7033,0.2080,-0.6837,0.6995,-0.1113,-0.0592,0.3650,Dark,
22.6315,6.2331,6.3439,0.0000,0.0000,0.2200,-0.6997,0.6798,0.1905,-0.7039,0.6843,0.2056,-0.7032,0.6806,-0.1114,-0.0591,0.3651,Dark,
22.6424,6.2331,6.3439,0.0000,0.0000,0.2182,-0.7076,0.6721,0.1888,-0.7118,0.6765,0.2038,-0.7112,0.6728,-0.1116,-0.0591,0.3653,Dark,
22.6536,6.2331,6.3439,0.0000,0.0000,0.2179,-0.7145,0.6648,0.1885,-0.7188,0.6691,0.2035,-0.7181,0.6655,-0.1117,-0.0592,0.3654,Dark,
22.6648,6.2331,6.3439,0.0000,0.0000,0.2157,-0.7263,0.6527,0.1864,-0.7306,0.6569,0.2014,-0.7298,0.6533,-0.1120,-0.0593,0.3656,Dark,
22.6757,6.2331,6.3439,0.0000,0.0000,0.2140,-0.7312,0.6478,0.1846,-0.7355,0.6519,0.1996,-0.7347,0.6483,-0.1121,-0.0594,0.3658,Dark,
22.6870,6.2331,6.3439,0.0000,0.0000,0.2110,-0.7388,0.6400,0.1817,-0.7432,0.6439,0.1967,-0.7424,0.6405,-0.1124,-0.0595,0.3661,Dark,
22.6985,6.2331,6.3439,0.0000,0.0000,0.2035,-0.7424,0.6384,0.1740,-0.7466,0.6421,0.1890,-0.7458,0.6387,-0.1127,-0.0597,0.3664,Dark,
22.7094,5.5320,7.0198,0.0000,0.0000,0.1667,-0.7487,0.6415,0.1337,-0.7525,0.6449,0.1505,-0.7521,0.6416,-0.1129,-0.0599,0.3666,Dark,
22.7203,5.9818,7.6100,0.0000,0.0000,0.0708,-0.7725,0.6311,0.0300,-0.7740,0.6324,0.0508,-0.7751,0.6298,-0.1131,-0.0600,0.3671,Dark,
22.7316,6.1708,7.7949,0.0000,0.0000,0.0441,-0.7728,0.6331,-0.0007,-0.7736,0.6337,0.0221,-0.7752,0.6313,-0.1134,-0.0603,0.3675,Dark,
22.7426,6.4332,7.9452,0.0000,0.0000,0.0348,-0.7766,0.6291,-0.0186,-0.7769,0.6294,0.0087,-0.7792,0.6267,-0.1137,-0.0605,0.3678,Dark,
22.7539,6.4173,7.9231,0.0000,0.0000,0.0346,-0.7788,0.6263,-0.0235,-0.7791,0.6265,0.0062,-0.7817,0.6237,-0.1140,-0.0607,0.3683,Dark,
22.7649,6.4097,7.9071,0.0000,0.0000,0.0133,-0.7852,0.6191,-0.0499,-0.7844,0.6183,-0.0176,-0.7877,0.6158,-0.1143,-0.0610,0.3687,Dark,
22.7767,6.4087,7.8898,0.0000,0.0000,0.0032,-0.7854,0.6190,-0.0710,-0.7835,0.6173,-0.0331,-0.7880,0.6148,-0.1146,-0.0613,0.3691,Dark,
22.7871,6.3898,7.8853,0.0000,0.0000,0.0132,-0.7846,0.6199,-0.0670,-0.7830,0.6184,-0.0260,-0.7877,0.6156,-0.1149,-0.0615,0.3698,Dark,
22.7984,6.3741,7.8649,0.0000,0.0000,0.0077,-0.7857,0.6185,-0.0787,-0.7835,0.6164,-0.0346,-0.7888,0.6136,-0.1152,-0.0617,0.3704,Dark,
22.8095,6.3807,7.8230,0.0000,0.0000,0.0275,-0.7829,0.6215,-0.0724,-0.7814,0.6198,-0.0214,-0.7872,0.6163,-0.1155,-0.0620,0.3709,Dark,
22.8206,6.3764,7.8018,0.0000,0.0000,0.0285,-0.7827,0.6217,-0.0785,-0.7809,0.6197,-0.0239,-0.7873,0.6162,-0.1157,-0.0621,0.3717,Dark,
22.8318,6.3741,7.7941,0.0000,0.0000,0.0311,-0.7825,0.6218,-0.0831,-0.7805,0.6196,-0.0248,-0.7874,0.6159,-0.1160,-0.0624,0.3722,Dark,
22.8429,6.3817,7.7968,0.0000,0.0000,0.0322,-0.7829,0.6213,-0.0972,-0.7800,0.6182,-0.0311,-0.7883,0.6145,-0.1163,-0.0627,0.3727,Dark,
22.8540,6.3761,7.8033,0.0000,0.0000,0.0357,-0.7828,0.6212,-0.1015,-0.7797,0.6178,-0.0314,-0.7887,0.6140,-0.1167,-0.0629,0.3734,Dark,
22.8653,6.3720,7.8085,0.0000,0.0000,0.0405,-0.7824,0.6214,-0.1047,-0.7793,0.6179,-0.0306,-0.7888,0.6139,-0.1169,-0.0632,0.3738,Dark,
22.8763,6.3765,7.8041,0.0000,0.0000,0.0551,-0.7798,0.6237,-0.1062,-0.7772,0.6203,-0.0238,-0.7876,0.6158,-0.1172,-0.0635,0.3741,Dark,
22.8875,6.3678,7.7972,0.0000,0.0000,0.0613,-0.7785,0.6246,-0.1080,-0.7762,0.6212,-0.0214,-0.7871,0.6165,-0.1176,-0.0636,0.3747,Dark,
22.8986,6.3611,7.7988,0.0000,0.0000,0.0674,-0.7770,0.6258,-0.1098,-0.7750,0.6223,-0.0192,-0.7863,0.6175,-0.1179,-0.0639,0.3749,Dark,
22.9098,6.3678,7.7914,0.0000,0.0000,0.0794,-0.7734,0.6290,-0.1133,-0.7720,0.6255,-0.0147,-0.7842,0.6203,-0.1182,-0.0641,0.3751,Dark,
22.9216,6.3637,7.7843,0.0000,0.0000,0.0836,-0.7721,0.6300,-0.1165,-0.7708,0.6263,-0.0140,-0.7836,0.6211,-0.1185,-0.0641,0.3755,Dark,
22.9320,6.3609,7.7912,0.0000,0.0000,0.0877,-0.7706,0.6312,-0.1197,-0.7696,0.6273,-0.0135,-0.7828,0.6221,-0.1188,-0.0643,0.3755,Dark,
22.9432,6.3484,7.7914,0.0000,0.0000,0.0955,-0.7680,0.6333,-0.1256,-0.7672,0.6290,-0.0123,-0.7815,0.6238,-0.1191,-0.0645,0.3755,Dark,
22.9543,6.3390,7.7877,0.0000,0.0000,0.0979,-0.7671,0.6340,-0.1296,-0.7663,0.6293,-0.0130,-0.7812,0.6242,-0.1195,-0.0645,0.3757,Dark,
22.9655,6.3322,7.7947,0.0000,0.0000,0.0999,-0.7660,0.6351,-0.1337,-0.7652,0.6298,-0.0139,-0.7806,0.6249,-0.1198,-0.0646,0.3756,Dark,
22.9766,6.3270,7.7995,0.0000,0.0000,0.1040,-0.7641,0.6367,-0.1409,-0.7631,0.6307,-0.0153,-0.7796,0.6261,-0.1201,-0.0647,0.3754,Dark,
22.9879,6.3402,7.7998,0.0000,0.0000,0.1045,-0.7627,0.6382,-0.1455,-0.7617,0.6314,-0.0173,-0.7787,0.6272,-0.1204,-0.0647,0.3755,Dark,
22.9988,6.3518,7.7917,0.0000,0.0000,0.1065,-0.7604,0.6407,-0.1528,-0.7590,0.6329,-0.0198,-0.7771,0.6291,-0.1207,-0.0647,0.3754,Dark,
23.0102,6.3512,7.7975,0.0000,0.0000,0.1069,-0.7589,0.6424,-0.1566,-0.7574,0.6339,-0.0214,-0.7759,0.6305,-0.1210,-0.0647,0.3752,Dark,
23.0217,6.3478,7.8030,0.0000,0.0000,0.1063,-0.7579,0.6437,-0.1610,-0.7561,0.6344,-0.0239,-0.7751,0.6314,-0.1213,-0.0646,0.3752,Dark,
23.0323,6.3493,7.7911,0.0000,0.0000,0.1061,-0.7567,0.6451,-0.1678,-0.7543,0.6347,-0.0273,-0.7743,0.6322,-0.1215,-0.0646,0.3749,Dark,
23.0435,6.3548,7.8001,0.0000,0.0000,0.1049,-0.7560,0.6461,-0.1719,-0.7531,0.6350,-0.0299,-0.7737,0.6329,-0.1218,-0.0646,0.3746,Dark,
23.0545,6.3728,7.8071,0.0000,0.0000,0.1034,-0.7553,0.6471,-0.1759,-0.7519,0.6353,-0.0327,-0.7730,0.6335,-0.1220,-0.0645,0.3745,Dark,
23.0658,6.3868,7.8202,0.0000,0.0000,0.1019,-0.7544,0.6484,-0.1821,-0.7502,0.6357,-0.0366,-0.7722,0.6344,-0.1222,-0.0645,0.3742,Dark,
23.0769,6.3845,7.8294,0.0000,0.0000,0.1006,-0.7536,0.6495,-0.1853,-0.7489,0.6362,-0.0388,-0.7714,0.6352,-0.1224,-0.0644,0.3740,Dark,
23.0880,6.3790,7.8355,0.0000,0.0000,0.0993,-0.7534,0.6501,-0.1884,-0.7482,0.6361,-0.0410,-0.7710,0.6355,-0.1227,-0.0642,0.3739,Dark,
23.0991,6.3752,7.8608,0.0000,0.0000,0.0986,-0.7523,0.6514,-0.1922,-0.7467,0.6368,-0.0433,-0.7701,0.6365,-0.1229,-0.0641,0.3737,Dark,
23.1104,6.3778,7.8599,0.0000,0.0000,0.0977,-0.7515,0.6525,-0.1944,-0.7457,0.6372,-0.0448,-0.7694,0.6373,-0.1231,-0.0640,0.3734,Dark,
23.1216,6.3853,7.8574,0.0000,0.0000,0.0972,-0.7505,0.6537,-0.1971,-0.7445,0.6379,-0.0463,-0.7685,0.6382,-0.1233,-0.0637,0.3733,Dark,
23.1329,6.3906,7.8560,0.0000,0.0000,0.0963,-0.7496,0.6548,-0.1990,-0.7435,0.6385,-0.0478,-0.7676,0.6391,-0.1235,-0.0635,0.3731,Dark,
23.1440,6.3943,7.8629,0.0000,0.0000,0.0954,-0.7484,0.6564,-0.2007,-0.7422,0.6395,-0.0491,-0.7665,0.6404,-0.1237,-0.0633,0.3729,Dark,
23.1550,6.3972,7.8840,0.0000,0.0000,0.0949,-0.7465,0.6585,-0.2026,-0.7402,0.6412,-0.0502,-0.7647,0.6424,-0.1238,-0.0630,0.3730,Dark,
23.1661,6.4084,7.8954,0.0000,0.0000,0.0941,-0.7448,0.6606,-0.2040,-0.7384,0.6428,-0.0513,-0.7630,0.6443,-0.1240,-0.0628,0.3730,Dark,
23.1774,6.4175,7.8937,0.0000,0.0000,0.0935,-0.7430,0.6627,-0.2051,-0.7366,0.6445,-0.0522,-0.7613,0.6463,-0.1241,-0.0625,0.3730,Dark,
23.1884,6.4604,7.8859,0.0000,0.0000,0.0934,-0.7407,0.6653,-0.2062,-0.7342,0.6468,-0.0527,-0.7591,0.6488,-0.1242,-0.0621,0.3734,Dark,
23.1994,6.4751,7.8815,0.0000,0.0000,0.0923,-0.7388,0.6676,-0.2078,-0.7320,0.6488,-0.0541,-0.7571,0.6510,-0.1243,-0.0618,0.3736,Dark,
23.2106,6.4838,7.8776,0.0000,0.0000,0.0919,-0.7368,0.6698,-0.2086,-0.7301,0.6508,-0.0546,-0.7552,0.6532,-0.1244,-0.0616,0.3737,Dark,
23.2223,6.4907,7.8755,0.0000,0.0000,0.0923,-0.7348,0.6720,-0.2087,-0.7281,0.6529,-0.0545,-0.7533,0.6554,-0.1245,-0.0611,0.3740,Dark,
23.2328,6.4906,7.8954,0.0000,0.0000,0.0920,-0.7331,0.6738,-0.2092,-0.7264,0.6547,-0.0549,-0.7516,0.6573,-0.1245,-0.0608,0.3742,Dark,
23.2441,6.4852,7.9121,0.0000,0.0000,0.0919,-0.7316,0.6755,-0.2094,-0.7248,0.6564,-0.0551,-0.7501,0.6590,-0.1245,-0.0605,0.3744,Dark,
23.2551,6.4933,7.9316,0.0000,0.0000,0.0926,-0.7297,0.6775,-0.2090,-0.7231,0.6584,-0.0545,-0.7484,0.6611,-0.1246,-0.0599,0.3748,Dark,
23.2662,6.5039,7.9432,0.0000,0.0000,0.0929,-0.7279,0.6793,-0.2088,-0.7214,0.6603,-0.0542,-0.7467,0.6630,-0.1245,-0.0595,0.3750,Dark,
23.2782,6.5130,7.9368,0.0000,0.0000,0.0940,-0.7262,0.6810,-0.2071,-0.7201,0.6622,-0.0528,-0.7451,0.6648,-0.1245,-0.0591,0.3752,Dark,
23.2889,6.4950,7.9251,0.0000,0.0000,0.0946,-0.7250,0.6822,-0.2062,-0.7190,0.6637,-0.0520,-0.7439,0.6662,-0.1244,-0.0586,0.3755,Dark,
23.2996,6.4785,7.8583,0.0000,0.0000,0.0944,-0.7244,0.6829,-0.2015,-0.7190,0.6652,-0.0498,-0.7431,0.6673,-0.1242,-0.0581,0.3757,Dark,
23.3108,6.3950,7.6914,0.0000,0.0000,0.1033,-0.7209,0.6853,-0.1702,-0.7198,0.6729,-0.0294,-0.7396,0.6724,-0.1241,-0.0576,0.3760,Dark,
23.3223,6.2735,7.6035,0.0000,0.0000,0.1144,-0.6954,0.7095,-0.1361,-0.6982,0.7029,-0.0068,-0.7141,0.7000,-0.1239,-0.0569,0.3764,Dark,
23.3334,6.1764,7.4897,0.0000,0.0000,0.1026,-0.6982,0.7085,-0.1294,-0.7003,0.7020,-0.0098,-0.7149,0.6992,-0.1237,-0.0563,0.3769,Dark,
23.3448,5.8214,7.2664,0.0000,0.0000,0.1294,-0.6326,0.7636,-0.0717,-0.6392,0.7657,0.0325,-0.6494,0.7597,-0.1234,-0.0557,0.3775,Dark,
23.3560,5.7667,7.1610,0.0000,0.0000,0.1732,-0.5958,0.7843,-0.0253,-0.6071,0.7942,0.0782,-0.6150,0.7847,-0.1232,-0.0549,0.3782,Dark,
23.3665,5.7386,7.2556,0.0000,0.0000,0.1693,-0.5971,0.7841,-0.0295,-0.6080,0.7934,0.0741,-0.6161,0.7842,-0.1229,-0.0543,0.3788,Dark,
23.3780,5.9417,7.4181,0.0000,0.0000,0.1573,-0.6145,0.7731,-0.0421,-0.6242,0.7802,0.0616,-0.6328,0.7719,-0.1226,-0.0538,0.3795,Dark,
23.3894,6.0861,7.4793,0.0000,0.0000,0.1553,-0.6186,0.7702,-0.0441,-0.6279,0.7771,0.0595,-0.6367,0.7688,-0.1223,-0.0531,0.3804,Dark,
23.3998,6.1939,7.5297,0.0000,0.0000,0.1494,-0.6293,0.7626,-0.0501,-0.6379,0.7685,0.0534,-0.6470,0.7606,-0.1219,-0.0526,0.3811,Dark,
23.4111,6.3990,7.5936,0.0000,0.0000,0.1043,-0.6435,0.7583,0.0056,-0.6481,0.7616,0.0564,-0.6515,0.7565,-0.1216,-0.0522,0.3819,Dark,
23.4224,6.4642,7.6277,0.0000,0.0000,0.0997,-0.6449,0.7578,0.0124,-0.6490,0.7607,0.0573,-0.6519,0.7561,-0.1212,-0.0517,0.3827,Dark,
23.4336,6.5099,7.7055,0.0000,0.0000,0.0950,-0.6480,0.7557,0.0096,-0.6518,0.7584,0.0535,-0.6548,0.7539,-0.1209,-0.0514,0.3836,Dark,
23.4447,6.5786,7.8251,0.0000,0.0000,0.0955,-0.6506,0.7534,0.0092,-0.6543,0.7561,0.0536,-0.6574,0.7517,-0.1206,-0.0512,0.3845,Dark,
23.4560,6.5723,7.8652,0.0000,0.0000,0.0982,-0.6500,0.7536,0.0103,-0.6538,0.7566,0.0555,-0.6569,0.7519,-0.1204,-0.0508,0.3856,Dark,
23.4670,6.5721,7.8773,0.0000,0.0000,0.1007,-0.6523,0.7513,0.0080,-0.6563,0.7545,0.0556,-0.6596,0.7496,-0.1202,-0.0507,0.3867,Dark,
23.4781,6.5779,7.8883,0.0000,0.0000,0.1009,-0.6519,0.7516,0.0054,-0.6558,0.7549,0.0545,-0.6594,0.7499,-0.1200,-0.0505,0.3878,Dark,
23.4894,6.5921,7.8971,0.0000,0.0000,0.1035,-0.6489,0.7538,0.0052,-0.6529,0.7574,0.0557,-0.6566,0.7521,-0.1199,-0.0503,0.3892,Dark,
23.5002,6.6409,7.8801,0.0000,0.0000,0.1086,-0.6487,0.7532,0.0042,-0.6531,0.7573,0.0579,-0.6570,0.7517,-0.1199,-0.0502,0.3907,Dark,
23.5114,6.6680,7.9284,0.0000,0.0000,0.1100,-0.6477,0.7539,0.0023,-0.6521,0.7581,0.0577,-0.6562,0.7523,-0.1198,-0.0502,0.3923,Dark,
23.5226,6.6844,7.9677,0.0000,0.0000,0.1128,-0.6451,0.7558,0.0017,-0.6498,0.7601,0.0589,-0.6540,0.7542,-0.1198,-0.0501,0.3940,Dark,
23.5337,6.6957,8.0054,0.0000,0.0000,0.1164,-0.6452,0.7551,-0.0016,-0.6505,0.7595,0.0591,-0.6549,0.7534,-0.1198,-0.0502,0.3957,Dark,
23.5448,6.6934,8.0173,0.0000,0.0000,0.1175,-0.6463,0.7539,-0.0038,-0.6519,0.7583,0.0587,-0.6564,0.7521,-0.1199,-0.0504,0.3973,Dark,
23.5561,6.6886,8.0178,0.0000,0.0000,0.1190,-0.6468,0.7533,-0.0055,-0.6528,0.7575,0.0586,-0.6573,0.7514,-0.1200,-0.0506,0.3989,Dark,
23.5671,6.7381,8.0157,0.0000,0.0000,0.1217,-0.6473,0.7525,-0.0093,-0.6537,0.7567,0.0583,-0.6584,0.7504,-0.1202,-0.0509,0.4003,Dark,
23.5784,6.7673,8.0206,0.0000,0.0000,0.1230,-0.6498,0.7501,-0.0110,-0.6565,0.7542,0.0582,-0.6613,0.7479,-0.1204,-0.0513,0.4017,Dark,
23.5901,6.8110,8.0615,0.0000,0.0000,0.1253,-0.6520,0.7478,-0.0153,-0.6591,0.7519,0.0573,-0.6641,0.7454,-0.1206,-0.0516,0.4031,Dark,
23.6008,6.8240,8.0827,0.0000,0.0000,0.1262,-0.6541,0.7458,-0.0180,-0.6614,0.7498,0.0565,-0.6666,0.7433,-0.1209,-0.0521,0.4044,Dark,
23.6118,6.8251,8.0985,0.0000,0.0000,0.1278,-0.6555,0.7444,-0.0199,-0.6630,0.7484,0.0564,-0.6683,0.7418,-0.1212,-0.0525,0.4057,Dark,
23.6228,6.8228,8.1207,0.0000,0.0000,0.1289,-0.6565,0.7432,-0.0224,-0.6643,0.7471,0.0558,-0.6697,0.7405,-0.1216,-0.0526,0.4070,Dark,
23.6341,6.8110,8.1400,0.0000,0.0000,0.1319,-0.6564,0.7428,-0.0264,-0.6646,0.7467,0.0555,-0.6703,0.7400,-0.1220,-0.0529,0.4084,Dark,
23.6455,6.7962,8.1412,0.0000,0.0000,0.1326,-0.6563,0.7428,-0.0291,-0.6649,0.7464,0.0546,-0.6707,0.7398,-0.1224,-0.0531,0.4099,Dark,
23.6563,6.7686,8.1257,0.0000,0.0000,0.1345,-0.6540,0.7445,-0.0344,-0.6630,0.7478,0.0531,-0.6691,0.7412,-0.1228,-0.0530,0.4115,Dark,
23.6675,6.7564,8.1175,0.0000,0.0000,0.1345,-0.6516,0.7466,-0.0381,-0.6609,0.7495,0.0514,-0.6672,0.7431,-0.1234,-0.0530,0.4132,Dark,
23.6785,6.7404,8.1118,0.0000,0.0000,0.1347,-0.6487,0.7490,-0.0414,-0.6582,0.7517,0.0499,-0.6647,0.7455,-0.1240,-0.0529,0.4148,Dark,
23.6900,6.7350,8.1210,0.0000,0.0000,0.1362,-0.6450,0.7519,-0.0471,-0.6549,0.7542,0.0480,-0.6618,0.7482,-0.1246,-0.0527,0.4166,Dark,
23.7012,6.7417,8.1175,0.0000,0.0000,0.1356,-0.6421,0.7546,-0.0508,-0.6521,0.7564,0.0459,-0.6592,0.7506,-0.1253,-0.0526,0.4183,Dark,
23.7120,6.7575,8.1144,0.0000,0.0000,0.1353,-0.6386,0.7575,-0.0539,-0.6488,0.7590,0.0443,-0.6561,0.7534,-0.1260,-0.0525,0.4201,Dark,
23.7231,6.7551,8.0729,0.0000,0.0000,0.1333,-0.6326,0.7630,-0.0602,-0.6427,0.7637,0.0403,-0.6504,0.7586,-0.1267,-0.0522,0.4218,Dark,
23.7343,6.7401,8.0179,0.0000,0.0000,0.1265,-0.6206,0.7739,-0.0713,-0.6299,0.7734,0.0314,-0.6384,0.7690,-0.1275,-0.0521,0.4237,Dark,
23.7460,6.6787,7.9741,0.0000,0.0000,0.1150,-0.6013,0.7907,-0.0863,-0.6093,0.7883,0.0182,-0.6189,0.7853,-0.1284,-0.0520,0.4257,Dark,
23.7564,6.5603,7.8950,0.0000,0.0000,0.0856,-0.5486,0.8317,-0.1234,-0.5524,0.8244,-0.0153,-0.5652,0.8248,-0.1292,-0.0517,0.4276,Dark,
23.7676,6.5095,7.8198,0.0000,0.0000,0.0684,-0.5238,0.8491,-0.1448,-0.5256,0.8383,-0.0348,-0.5399,0.8410,-0.1300,-0.0516,0.4296,Dark,
23.7787,6.4772,7.7621,0.0000,0.0000,0.0540,-0.5063,0.8607,-0.1607,-0.5068,0.8470,-0.0501,-0.5219,0.8515,-0.1310,-0.0516,0.4315,Dark,
23.7900,6.4406,7.7209,0.0000,0.0000,0.0381,-0.4866,0.8728,-0.1785,-0.4855,0.8558,-0.0672,-0.5017,0.8624,-0.1318,-0.0515,0.4333,Dark,
23.8016,6.4300,7.7236,0.0000,0.0000,0.0290,-0.4785,0.8776,-0.1877,-0.4767,0.8588,-0.0764,-0.4933,0.8665,-0.1328,-0.0514,0.4351,Dark,
23.8121,6.4224,7.7309,0.0000,0.0000,0.0293,-0.4895,0.8715,-0.1869,-0.4882,0.8525,-0.0758,-0.5045,0.8601,-0.1337,-0.0514,0.4370,Dark,
23.8233,6.4371,7.7893,0.0000,0.0000,0.0134,-0.4718,0.8816,-0.2017,-0.4693,0.8597,-0.0913,-0.4861,0.8691,-0.1347,-0.0512,0.4388,Dark,
23.8348,6.4556,7.8302,0.0000,0.0000,0.0103,-0.4730,0.8810,-0.2039,-0.4706,0.8585,-0.0940,-0.4873,0.8681,-0.1358,-0.0511,0.4408,Dark,
23.8456,6.4614,7.8620,0.0000,0.0000,0.0062,-0.4716,0.8818,-0.2073,-0.4691,0.8585,-0.0977,-0.4858,0.8686,-0.1368,-0.0510,0.4428,Dark,
23.8566,6.4605,7.8584,0.0000,0.0000,0.0031,-0.4715,0.8818,-0.2093,-0.4690,0.8581,-0.1003,-0.4856,0.8684,-0.1379,-0.0507,0.4449,Dark,
23.8678,6.4544,7.8709,0.0000,0.0000,-0.0052,-0.4726,0.8813,-0.2169,-0.4695,0.8559,-0.1084,-0.4864,0.8670,-0.1391,-0.0506,0.4470,Dark,
23.8790,6.4724,7.8800,0.0000,0.0000,-0.0087,-0.4713,0.8819,-0.2200,-0.4681,0.8559,-0.1116,-0.4850,0.8674,-0.1403,-0.0503,0.4492,Dark,
23.8902,6.4838,7.8697,0.0000,0.0000,-0.0112,-0.4708,0.8822,-0.2216,-0.4677,0.8557,-0.1137,-0.4845,0.8674,-0.1415,-0.0499,0.4514,Dark,
23.9014,6.4788,7.8627,0.0000,0.0000,-0.0134,-0.4697,0.8827,-0.2232,-0.4667,0.8558,-0.1155,-0.4834,0.8677,-0.1429,-0.0496,0.4537,Dark,
23.9124,6.4813,7.8554,0.0000,0.0000,-0.0156,-0.4682,0.8835,-0.2251,-0.4652,0.8561,-0.1176,-0.4819,0.8683,-0.1442,-0.0494,0.4560,Dark,
23.9237,6.4846,7.8591,0.0000,0.0000,-0.0197,-0.4658,0.8847,-0.2292,-0.4627,0.8564,-0.1217,-0.4794,0.8691,-0.1457,-0.0491,0.4582,Dark,
23.9352,6.4889,7.8584,0.0000,0.0000,-0.0216,-0.4639,0.8856,-0.2307,-0.4610,0.8569,-0.1234,-0.4776,0.8699,-0.1472,-0.0489,0.4606,Dark,
23.9459,6.5051,7.8580,0.0000,0.0000,-0.0244,-0.4619,0.8866,-0.2336,-0.4590,0.8572,-0.1262,-0.4757,0.8705,-0.1488,-0.0488,0.4630,Dark,
23.9570,6.5384,7.8355,0.0000,0.0000,-0.0269,-0.4604,0.8873,-0.2369,-0.4576,0.8570,-0.1291,-0.4743,0.8709,-0.1503,-0.0486,0.4652,Dark,
23.9682,6.5547,7.8273,0.0000,0.0000,-0.0285,-0.4585,0.8883,-0.2384,-0.4559,0.8575,-0.1306,-0.4725,0.8716,-0.1520,-0.0486,0.4677,Dark,
23.9794,6.5711,7.8161,0.0000,0.0000,-0.0290,-0.4579,0.8885,-0.2394,-0.4557,0.8573,-0.1312,-0.4722,0.8717,-0.1538,-0.0486,0.4701,Dark,
23.9904,6.5863,7.8128,0.0000,0.0000,-0.0312,-0.4572,0.8888,-0.2421,-0.4553,0.8568,-0.1337,-0.4716,0.8716,-0.1555,-0.0485,0.4725,Dark,
24.0017,6.5977,7.8136,0.0000,0.0000,-0.0332,-0.4567,0.8890,-0.2439,-0.4551,0.8564,-0.1355,-0.4713,0.8715,-0.1573,-0.0486,0.4750,Dark,
24.0126,6.6248,7.8400,0.0000,0.0000,-0.0346,-0.4564,0.8891,-0.2473,-0.4551,0.8554,-0.1378,-0.4713,0.8712,-0.1592,-0.0487,0.4776,Dark,
24.0240,6.6299,7.8616,0.0000,0.0000,-0.0359,-0.4553,0.8896,-0.2498,-0.4544,0.8550,-0.1397,-0.4705,0.8713,-0.1610,-0.0487,0.4800,Dark,
24.0349,6.6323,7.8826,0.0000,0.0000,-0.0379,-0.4546,0.8899,-0.2526,-0.4541,0.8544,-0.1420,-0.4701,0.8711,-0.1629,-0.0489,0.4826,Dark,
24.0461,6.6436,7.9017,0.0000,0.0000,-0.0373,-0.4539,0.8903,-0.2536,-0.4541,0.8541,-0.1421,-0.4699,0.8712,-0.1649,-0.0492,0.4852,Dark,
24.0574,6.6291,7.9014,0.0000,0.0000,-0.0393,-0.4544,0.8899,-0.2561,-0.4551,0.8528,-0.1443,-0.4707,0.8704,-0.1669,-0.0495,0.4877,Dark,
24.0687,6.6170,7.8976,0.0000,0.0000,-0.0426,-0.4557,0.8891,-0.2599,-0.4567,0.8508,-0.1478,-0.4722,0.8690,-0.1689,-0.0499,0.4902,Dark,
24.0795,6.6127,7.9054,0.0000,0.0000,-0.0434,-0.4565,0.8886,-0.2604,-0.4581,0.8499,-0.1483,-0.4733,0.8683,-0.1709,-0.0504,0.4927,Dark,
24.0905,6.6176,7.8961,0.0000,0.0000,-0.0468,-0.4577,0.8879,-0.2622,-0.4597,0.8485,-0.1509,-0.4745,0.8672,-0.1731,-0.0508,0.4952,Dark,
24.1020,6.6166,7.8891,0.0000,0.0000,-0.0500,-0.4590,0.8870,-0.2642,-0.4614,0.8470,-0.1534,-0.4759,0.8660,-0.1752,-0.0513,0.4978,Dark,
24.1131,6.6061,7.8925,0.0000,0.0000,-0.0528,-0.4603,0.8862,-0.2637,-0.4633,0.8461,-0.1546,-0.4772,0.8651,-0.1773,-0.0519,0.5004,Dark,
24.1240,6.5956,7.9036,0.0000,0.0000,-0.0570,-0.4616,0.8852,-0.2650,-0.4650,0.8447,-0.1574,-0.4785,0.8639,-0.1794,-0.0524,0.5028,Dark,
24.1352,6.5814,7.9139,0.0000,0.0000,-0.0611,-0.4625,0.8845,-0.2672,-0.4662,0.8433,-0.1604,-0.4794,0.8628,-0.1816,-0.0530,0.5054,Dark,
24.1463,6.5663,7.9298,0.0000,0.0000,-0.0662,-0.4633,0.8837,-0.2650,-0.4675,0.8433,-0.1619,-0.4798,0.8623,-0.1838,-0.0536,0.5080,Dark,
24.1574,6.5641,7.9275,0.0000,0.0000,-0.0724,-0.4640,0.8829,-0.2658,-0.4685,0.8425,-0.1654,-0.4802,0.8614,-0.1860,-0.0541,0.5105,Dark,
24.1685,6.5645,7.9245,0.0000,0.0000,-0.0787,-0.4651,0.8818,-0.2667,-0.4698,0.8415,-0.1691,-0.4810,0.8603,-0.1882,-0.0547,0.5132,Dark,
24.1798,6.5354,7.8681,0.0000,0.0000,-0.0945,-0.4639,0.8808,-0.2779,-0.4680,0.8389,-0.1827,-0.4792,0.8585,-0.1904,-0.0554,0.5158,Dark,
24.1908,6.5103,7.8492,0.0000,0.0000,-0.1158,-0.4627,0.8789,-0.2997,-0.4654,0.8328,-0.2045,-0.4774,0.8546,-0.1925,-0.0561,0.5183,Dark,
24.2021,6.5115,7.8356,0.0000,0.0000,-0.1318,-0.4627,0.8767,-0.3146,-0.4646,0.8278,-0.2201,-0.4769,0.8509,-0.1945,-0.0569,0.5208,Dark,
24.2132,6.5086,7.7934,0.0000,0.0000,-0.1540,-0.4628,0.8730,-0.3380,-0.4632,0.8193,-0.2431,-0.4765,0.8449,-0.1964,-0.0578,0.5233,Dark,
24.2241,6.5062,7.8050,0.0000,0.0000,-0.1636,-0.4636,0.8708,-0.3483,-0.4636,0.8147,-0.2531,-0.4773,0.8415,-0.1983,-0.0585,0.5256,Dark,
24.2354,6.5024,7.8155,0.0000,0.0000,-0.1715,-0.4646,0.8687,-0.3561,-0.4644,0.8109,-0.2610,-0.4782,0.8386,-0.2000,-0.0594,0.5279,Dark,
24.2464,6.4908,7.8075,0.0000,0.0000,-0.1772,-0.4642,0.8678,-0.3620,-0.4639,0.8085,-0.2668,-0.4778,0.8370,-0.2017,-0.0603,0.5302,Dark,
24.2577,6.4865,7.8184,0.0000,0.0000,-0.1789,-0.4663,0.8664,-0.3637,-0.4661,0.8065,-0.2685,-0.4799,0.8352,-0.2033,-0.0612,0.5324,Dark,
24.2688,6.4750,7.8049,0.0000,0.0000,-0.1826,-0.4676,0.8649,-0.3669,-0.4673,0.8044,-0.2719,-0.4811,0.8334,-0.2047,-0.0621,0.5345,Dark,
24.2800,6.4677,7.7883,0.0000,0.0000,-0.1809,-0.4701,0.8639,-0.3651,-0.4700,0.8036,-0.2701,-0.4837,0.8325,-0.2061,-0.0631,0.5366,Dark,
24.2911,6.4618,7.7928,0.0000,0.0000,-0.1819,-0.4720,0.8626,-0.3649,-0.4721,0.8025,-0.2705,-0.4856,0.8313,-0.2074,-0.0640,0.5386,Dark,
24.3023,6.4631,7.7717,0.0000,0.0000,-0.1823,-0.4721,0.8625,-0.3623,-0.4723,0.8035,-0.2693,-0.4855,0.8317,-0.2087,-0.0648,0.5406,Dark,
24.3138,6.4378,7.7529,0.0000,0.0000,-0.1821,-0.4746,0.8612,-0.3606,-0.4749,0.8027,-0.2684,-0.4879,0.8306,-0.2098,-0.0657,0.5426,Dark,
24.3245,6.4170,7.7250,0.0000,0.0000,-0.1840,-0.4769,0.8595,-0.3600,-0.4773,0.8016,-0.2690,-0.4901,0.8291,-0.2108,-0.0664,0.5444,Dark,
24.3356,6.3520,7.6258,0.0000,0.0000,-0.1856,-0.4801,0.8573,-0.3545,-0.4807,0.8020,-0.2671,-0.4928,0.8282,-0.2118,-0.0671,0.5463,Dark,
24.3468,6.3480,7.5666,0.0000,0.0000,-0.1861,-0.4830,0.8556,-0.3513,-0.4837,0.8017,-0.2657,-0.4953,0.8271,-0.2127,-0.0678,0.5481,Dark,
24.3583,6.3487,7.4413,0.0000,0.0000,-0.1910,-0.4852,0.8533,-0.3336,-0.4864,0.8075,-0.2596,-0.4959,0.8287,-0.2135,-0.0683,0.5496,Dark,
24.3691,6.0517,7.2178,0.0000,0.0000,-0.1960,-0.4685,0.8614,-0.2890,-0.4704,0.8338,-0.2406,-0.4757,0.8460,-0.2143,-0.0689,0.5513,Dark,
24.3807,5.8356,7.1254,0.0000,0.0000,-0.1822,-0.4424,0.8781,-0.2751,-0.4449,0.8523,-0.2267,-0.4500,0.8638,-0.2150,-0.0694,0.5529,Dark,
24.3914,5.6629,6.4021,0.0000,0.0000,-0.1827,-0.4393,0.8796,-0.2755,-0.4418,0.8538,-0.2271,-0.4468,0.8653,-0.2156,-0.0698,0.5544,Dark,
24.4027,7.3097,5.8591,0.0000,0.0000,-0.1358,-0.4200,0.8973,-0.2023,-0.4235,0.8830,-0.1675,-0.4261,0.8890,-0.2163,-0.0702,0.5559,Dark,
24.4138,6.6478,5.9412,0.0000,0.0000,-0.1738,-0.4099,0.8954,-0.2405,-0.4122,0.8788,-0.2057,-0.4154,0.8861,-0.2170,-0.0705,0.5575,Dark,
24.4251,6.0521,6.2234,0.0000,0.0000,-0.1948,-0.3888,0.9005,-0.2613,-0.3903,0.8828,-0.2267,-0.3940,0.8907,-0.2176,-0.0706,0.5589,Dark,
24.4361,5.9230,6.8003,0.0000,0.0000,-0.1674,-0.3950,0.9033,-0.2268,-0.3971,0.8893,-0.1958,-0.3999,0.8954,-0.2182,-0.0708,0.5603,Dark,
24.4473,5.9005,6.9818,0.0000,0.0000,-0.1571,-0.4111,0.8980,-0.2114,-0.4134,0.8857,-0.1831,-0.4158,0.8909,-0.2189,-0.0710,0.5616,Dark,
24.4582,5.9996,7.1784,0.0000,0.0000,-0.1617,-0.4316,0.8874,-0.2121,-0.4339,0.8757,-0.1858,-0.4360,0.8806,-0.2194,-0.0711,0.5627,Dark,
24.4694,6.4944,7.4559,0.0000,0.0000,-0.1594,-0.4834,0.8608,-0.2069,-0.4858,0.8492,-0.1821,-0.4876,0.8539,-0.2201,-0.0712,0.5639,Dark,
24.4806,6.5600,7.5578,0.0000,0.0000,-0.1604,-0.5051,0.8480,-0.2078,-0.5076,0.8362,-0.1830,-0.5093,0.8409,-0.2207,-0.0714,0.5651,Dark,
24.4916,6.6073,7.7618,0.0000,0.0000,-0.1650,-0.5277,0.8332,-0.2087,-0.5300,0.8219,-0.1858,-0.5315,0.8264,-0.2212,-0.0713,0.5661,Dark,
24.5046,6.6052,7.7738,0.0000,0.0000,-0.1656,-0.5354,0.8282,-0.2101,-0.5377,0.8165,-0.1867,-0.5393,0.8212,-0.2218,-0.0713,0.5672,Dark,
24.5151,6.5940,7.7764,0.0000,0.0000,-0.1596,-0.5323,0.8313,-0.2049,-0.5349,0.8197,-0.1812,-0.5364,0.8243,-0.2225,-0.0713,0.5683,Dark,
24.5255,6.6208,7.8092,0.0000,0.0000,-0.1659,-0.5489,0.8193,-0.2147,-0.5515,0.8061,-0.1891,-0.5532,0.8113,-0.2229,-0.0712,0.5692,Dark,
24.5362,6.6343,7.8292,0.0000,0.0000,-0.1658,-0.5511,0.8178,-0.2168,-0.5538,0.8039,-0.1900,-0.5556,0.8094,-0.2236,-0.0712,0.5703,Dark,
24.5478,6.6463,7.8483,0.0000,0.0000,-0.1659,-0.5532,0.8164,-0.2192,-0.5560,0.8018,-0.1912,-0.5578,0.8076,-0.2242,-0.0711,0.5713,Dark,
24.5587,6.6501,7.8710,0.0000,0.0000,-0.1649,-0.5566,0.8142,-0.2232,-0.5596,0.7981,-0.1926,-0.5617,0.8046,-0.2247,-0.0711,0.5722,Dark,
24.5699,6.6434,7.8576,0.0000,0.0000,-0.1639,-0.5582,0.8134,-0.2248,-0.5613,0.7965,-0.1929,-0.5635,0.8033,-0.2253,-0.0712,0.5731,Dark,
24.5812,6.6394,7.8450,0.0000,0.0000,-0.1640,-0.5598,0.8122,-0.2275,-0.5631,0.7944,-0.1942,-0.5654,0.8016,-0.2260,-0.0712,0.5741,Dark,
24.5920,6.6345,7.8288,0.0000,0.0000,-0.1627,-0.5728,0.8034,-0.2314,-0.5763,0.7838,-0.1954,-0.5788,0.7917,-0.2265,-0.0712,0.5747,Dark,
24.6033,6.6386,7.8251,0.0000,0.0000,-0.1628,-0.5720,0.8039,-0.2342,-0.5757,0.7834,-0.1967,-0.5783,0.7917,-0.2271,-0.0713,0.5756,Dark,
24.6145,6.6432,7.8317,0.0000,0.0000,-0.1629,-0.5712,0.8045,-0.2368,-0.5750,0.7831,-0.1980,-0.5777,0.7918,-0.2277,-0.0715,0.5764,Dark,
24.6257,6.6512,7.8566,0.0000,0.0000,-0.1611,-0.5699,0.8058,-0.2402,-0.5739,0.7829,-0.1987,-0.5769,0.7923,-0.2283,-0.0715,0.5771,Dark,
24.6365,6.6669,7.8704,0.0000,0.0000,-0.1617,-0.5676,0.8072,-0.2434,-0.5719,0.7834,-0.2005,-0.5749,0.7933,-0.2288,-0.0718,0.5779,Dark,
24.6478,6.6794,7.8807,0.0000,0.0000,-0.1620,-0.5695,0.8059,-0.2462,-0.5739,0.7811,-0.2020,-0.5770,0.7914,-0.2294,-0.0720,0.5787,Dark,
24.6592,6.6770,7.9111,0.0000,0.0000,-0.1614,-0.5676,0.8074,-0.2506,-0.5722,0.7809,-0.2038,-0.5756,0.7920,-0.2299,-0.0722,0.5794,Dark,
24.6699,6.6644,7.9292,0.0000,0.0000,-0.1623,-0.5669,0.8076,-0.2539,-0.5716,0.7803,-0.2058,-0.5752,0.7917,-0.2304,-0.0725,0.5802,Dark,
24.6816,6.6383,7.9453,0.0000,0.0000,-0.1620,-0.5669,0.8077,-0.2585,-0.5717,0.7786,-0.2078,-0.5756,0.7909,-0.2309,-0.0727,0.5810,Dark,
24.6923,6.6277,7.9398,0.0000,0.0000,-0.1627,-0.5668,0.8076,-0.2615,-0.5717,0.7777,-0.2096,-0.5757,0.7904,-0.2313,-0.0729,0.5817,Dark,
24.7034,6.6339,7.9332,0.0000,0.0000,-0.1628,-0.5665,0.8078,-0.2638,-0.5716,0.7770,-0.2107,-0.5756,0.7901,-0.2318,-0.0732,0.5825,Dark,
24.7145,6.6547,7.9756,0.0000,0.0000,-0.1606,-0.5654,0.8090,-0.2660,-0.5708,0.7768,-0.2106,-0.5750,0.7906,-0.2322,-0.0735,0.5832,Dark,
24.7260,6.6664,7.9762,0.0000,0.0000,-0.1600,-0.5656,0.8090,-0.2675,-0.5711,0.7761,-0.2110,-0.5754,0.7902,-0.2325,-0.0738,0.5839,Dark,
24.7373,6.6677,7.9761,0.0000,0.0000,-0.1592,-0.5658,0.8090,-0.2686,-0.5715,0.7754,-0.2111,-0.5758,0.7899,-0.2329,-0.0742,0.5846,Dark,
24.7482,6.6794,7.9921,0.0000,0.0000,-0.1561,-0.5654,0.8099,-0.2693,-0.5714,0.7753,-0.2097,-0.5759,0.7902,-0.2333,-0.0747,0.5853,Dark,
24.7594,6.6893,7.9948,0.0000,0.0000,-0.1552,-0.5658,0.8098,-0.2700,-0.5719,0.7746,-0.2096,-0.5765,0.7898,-0.2336,-0.0750,0.5860,Dark,
24.7705,6.6949,7.9983,0.0000,0.0000,-0.1542,-0.5661,0.8098,-0.2707,-0.5724,0.7740,-0.2094,-0.5770,0.7895,-0.2339,-0.0754,0.5866,Dark,
24.7817,6.7084,8.0140,0.0000,0.0000,-0.1513,-0.5663,0.8102,-0.2708,-0.5728,0.7736,-0.2079,-0.5775,0.7895,-0.2341,-0.0759,0.5872,Dark,
24.7927,6.7143,8.0277,0.0000,0.0000,-0.1546,-0.5713,0.8061,-0.2758,-0.5776,0.7683,-0.2120,-0.5825,0.7847,-0.2343,-0.0762,0.5879,Dark,
24.8037,6.7276,8.0388,0.0000,0.0000,-0.1602,-0.5791,0.7993,-0.2824,-0.5850,0.7602,-0.2181,-0.5902,0.7772,-0.2345,-0.0766,0.5885,Dark,
24.8153,6.7482,8.0762,0.0000,0.0000,-0.1644,-0.5902,0.7903,-0.2908,-0.5958,0.7487,-0.2243,-0.6014,0.7668,-0.2346,-0.0770,0.5892,Dark,
24.8259,6.7550,8.0911,0.0000,0.0000,-0.1645,-0.5954,0.7864,-0.2939,-0.6009,0.7434,-0.2258,-0.6068,0.7621,-0.2347,-0.0772,0.5898,Dark,
24.8373,6.7710,8.1016,0.0000,0.0000,-0.1653,-0.5999,0.7828,-0.2974,-0.6052,0.7385,-0.2279,-0.6114,0.7578,-0.2349,-0.0776,0.5905,Dark,
24.8481,6.8004,8.1395,0.0000,0.0000,-0.1660,-0.6044,0.7792,-0.3045,-0.6094,0.7321,-0.2317,-0.6162,0.7527,-0.2349,-0.0779,0.5911,Dark,
24.8596,6.8140,8.1259,0.0000,0.0000,-0.1656,-0.6061,0.7780,-0.3071,-0.6111,0.7296,-0.2327,-0.6182,0.7508,-0.2350,-0.0781,0.5918,Dark,
24.8708,6.8065,8.1134,0.0000,0.0000,-0.1653,-0.6072,0.7771,-0.3096,-0.6121,0.7277,-0.2337,-0.6195,0.7494,-0.2351,-0.0784,0.5924,Dark,
24.8822,6.8004,8.0939,0.0000,0.0000,-0.1636,-0.6057,0.7787,-0.3135,-0.6105,0.7273,-0.2347,-0.6183,0.7501,-0.2352,-0.0786,0.5931,Dark,
24.8928,6.8020,8.0992,0.0000,0.0000,-0.1633,-0.6054,0.7790,-0.3158,-0.6101,0.7267,-0.2357,-0.6182,0.7499,-0.2352,-0.0786,0.5937,Dark,
24.9040,6.7968,8.1063,0.0000,0.0000,-0.1627,-0.6038,0.7803,-0.3177,-0.6084,0.7273,-0.2363,-0.6168,0.7508,-0.2353,-0.0788,0.5943,Dark,
24.9153,6.7865,8.0594,0.0000,0.0000,-0.1604,-0.6025,0.7819,-0.3197,-0.6071,0.7274,-0.2360,-0.6158,0.7517,-0.2354,-0.0790,0.5948,Dark,
24.9265,6.7797,8.0534,0.0000,0.0000,-0.1604,-0.6022,0.7820,-0.3218,-0.6068,0.7268,-0.2370,-0.6157,0.7515,-0.2354,-0.0790,0.5954,Dark,
24.9377,6.7773,8.0488,0.0000,0.0000,-0.1603,-0.6017,0.7824,-0.3237,-0.6061,0.7265,-0.2379,-0.6153,0.7515,-0.2355,-0.0792,0.5959,Dark,
24.9499,6.7777,8.0697,0.0000,0.0000,-0.1594,-0.6006,0.7835,-0.3267,-0.6049,0.7262,-0.2388,-0.6145,0.7519,-0.2356,-0.0793,0.5965,Dark,
24.9598,6.7791,8.0775,0.0000,0.0000,-0.1589,-0.5997,0.7843,-0.3280,-0.6039,0.7264,-0.2392,-0.6137,0.7524,-0.2356,-0.0794,0.5970,Dark,
24.9710,6.7876,8.0819,0.0000,0.0000,-0.1582,-0.5991,0.7849,-0.3292,-0.6033,0.7264,-0.2394,-0.6133,0.7527,-0.2356,-0.0795,0.5976,Dark,
24.9820,6.7827,8.0805,0.0000,0.0000,-0.1570,-0.5985,0.7856,-0.3312,-0.6026,0.7261,-0.2397,-0.6129,0.7529,-0.2357,-0.0797,0.5981,Dark,
24.9935,6.7727,8.0554,0.0000,0.0000,-0.1560,-0.5987,0.7857,-0.3318,-0.6027,0.7257,-0.2395,-0.6132,0.7528,-0.2356,-0.0798,0.5985,Dark,
25.0040,6.7722,8.0350,0.0000,0.0000,-0.1548,-0.5992,0.7855,-0.3321,-0.6031,0.7252,-0.2390,-0.6138,0.7524,-0.2356,-0.0800,0.5989,Dark,
25.0155,6.7819,8.0380,0.0000,0.0000,-0.1523,-0.5995,0.7858,-0.3323,-0.6035,0.7249,-0.2378,-0.6143,0.7524,-0.2355,-0.0802,0.5992,Dark,
25.0264,6.7916,8.0351,0.0000,0.0000,-0.1500,-0.5999,0.7859,-0.3312,-0.6040,0.7249,-0.2361,-0.6149,0.7525,-0.2354,-0.0803,0.5995,Dark,
25.0376,6.7714,8.0343,0.0000,0.0000,-0.1478,-0.6006,0.7858,-0.3301,-0.6048,0.7248,-0.2344,-0.6157,0.7523,-0.2353,-0.0805,0.5998,Dark,
25.0491,6.7532,8.0388,0.0000,0.0000,-0.1454,-0.6007,0.7861,-0.3296,-0.6051,0.7247,-0.2329,-0.6161,0.7525,-0.2352,-0.0807,0.6001,Dark,
25.0598,6.7539,8.0038,0.0000,0.0000,-0.1434,-0.6013,0.7860,-0.3286,-0.6060,0.7244,-0.2313,-0.6169,0.7523,-0.2351,-0.0808,0.6003,Dark,
25.0709,6.7499,7.9752,0.0000,0.0000,-0.1414,-0.6015,0.7862,-0.3274,-0.6065,0.7246,-0.2297,-0.6173,0.7524,-0.2351,-0.0809,0.6005,Dark,
25.0823,6.7406,7.9833,0.0000,0.0000,-0.1398,-0.6012,0.7868,-0.3274,-0.6063,0.7247,-0.2289,-0.6172,0.7528,-0.2350,-0.0810,0.6007,Dark,
25.0932,6.7321,7.9890,0.0000,0.0000,-0.1381,-0.6006,0.7875,-0.3265,-0.6059,0.7255,-0.2276,-0.6167,0.7536,-0.2349,-0.0809,0.6008,Dark,
25.1045,6.7287,7.9911,0.0000,0.0000,-0.1362,-0.5992,0.7890,-0.3265,-0.6046,0.7266,-0.2265,-0.6155,0.7549,-0.2349,-0.0809,0.6010,Dark,
25.1156,6.7293,7.9875,0.0000,0.0000,-0.1352,-0.5985,0.7897,-0.3266,-0.6040,0.7270,-0.2261,-0.6150,0.7554,-0.2349,-0.0809,0.6012,Dark,
25.1268,6.7113,7.9813,0.0000,0.0000,-0.1343,-0.5972,0.7908,-0.3265,-0.6029,0.7280,-0.2256,-0.6139,0.7565,-0.2348,-0.0808,0.6012,Dark,
25.1381,6.7299,7.9799,0.0000,0.0000,-0.1324,-0.5944,0.7932,-0.3263,-0.6003,0.7302,-0.2244,-0.6113,0.7589,-0.2348,-0.0808,0.6014,Dark,
25.1491,6.7364,7.9832,0.0000,0.0000,-0.1325,-0.5933,0.7940,-0.3273,-0.5993,0.7306,-0.2250,-0.6104,0.7595,-0.2348,-0.0807,0.6015,Dark,
25.1602,6.7166,7.9867,0.0000,0.0000,-0.1323,-0.5916,0.7953,-0.3278,-0.5976,0.7318,-0.2251,-0.6087,0.7608,-0.2348,-0.0807,0.6016,Dark,
25.1714,6.6819,8.0173,0.0000,0.0000,-0.1321,-0.5896,0.7968,-0.3291,-0.5956,0.7328,-0.2257,-0.6069,0.7621,-0.2348,-0.0807,0.6018,Dark,
25.1824,6.6536,7.9941,0.0000,0.0000,-0.1332,-0.5880,0.7978,-0.3310,-0.5937,0.7335,-0.2272,-0.6052,0.7629,-0.2349,-0.0807,0.6020,Dark,
25.1939,6.6324,7.9733,0.0000,0.0000,-0.1326,-0.5873,0.7984,-0.3310,-0.5929,0.7341,-0.2269,-0.6046,0.7636,-0.2348,-0.0806,0.6020,Dark,
25.2047,6.5989,7.9513,0.0000,0.0000,-0.1300,-0.5759,0.8071,-0.3268,-0.5817,0.7448,-0.2235,-0.5931,0.7734,-0.2348,-0.0806,0.6021,Dark,
25.2159,6.5843,7.8998,0.0000,0.0000,-0.1250,-0.5599,0.8191,-0.3168,-0.5664,0.7608,-0.2161,-0.5771,0.7876,-0.2347,-0.0807,0.6023,Dark,
25.2273,6.5129,7.8603,0.0000,0.0000,-0.1188,-0.5396,0.8335,-0.3069,-0.5467,0.7791,-0.2080,-0.5568,0.8042,-0.2346,-0.0807,0.6024,Dark,
25.2380,6.4253,7.7878,0.0000,0.0000,-0.1139,-0.5035,0.8564,-0.2920,-0.5108,0.8086,-0.1983,-0.5200,0.8308,-0.2346,-0.0807,0.6025,Dark,
25.2495,6.4046,7.7724,0.0000,0.0000,-0.1131,-0.4912,0.8637,-0.2876,-0.4983,0.8179,-0.1959,-0.5073,0.8392,-0.2346,-0.0808,0.6028,Dark,
25.2603,6.3895,7.7653,0.0000,0.0000,-0.1152,-0.4852,0.8668,-0.2868,-0.4918,0.8221,-0.1966,-0.5008,0.8429,-0.2346,-0.0807,0.6030,Dark,
25.2717,6.3785,7.7649,0.0000,0.0000,-0.1182,-0.4784,0.8702,-0.2851,-0.4844,0.8271,-0.1974,-0.4934,0.8471,-0.2347,-0.0807,0.6033,Dark,
25.2829,6.3734,7.7577,0.0000,0.0000,-0.1215,-0.4792,0.8692,-0.2869,-0.4849,0.8262,-0.2001,-0.4939,0.8462,-0.2348,-0.0807,0.6036,Dark,
25.2939,6.3834,7.7509,0.0000,0.0000,-0.1236,-0.4788,0.8692,-0.2878,-0.4842,0.8263,-0.2016,-0.4932,0.8462,-0.2350,-0.0806,0.6038,Dark,
25.3053,6.3945,7.7380,0.0000,0.0000,-0.1261,-0.4781,0.8692,-0.2882,-0.4832,0.8267,-0.2031,-0.4922,0.8464,-0.2352,-0.0806,0.6041,Dark,
25.3159,6.3960,7.7345,0.0000,0.0000,-0.1281,-0.4804,0.8676,-0.2897,-0.4854,0.8249,-0.2050,-0.4944,0.8447,-0.2354,-0.0805,0.6044,Dark,
25.3272,6.3964,7.7326,0.0000,0.0000,-0.1302,-0.4823,0.8663,-0.2913,-0.4870,0.8234,-0.2068,-0.4962,0.8432,-0.2357,-0.0804,0.6048,Dark,
25.3383,6.3900,7.7378,0.0000,0.0000,-0.1319,-0.4807,0.8669,-0.2921,-0.4852,0.8242,-0.2081,-0.4944,0.8440,-0.2360,-0.0803,0.6052,Dark,
25.3495,6.3862,7.7427,0.0000,0.0000,-0.1339,-0.4820,0.8659,-0.2938,-0.4864,0.8229,-0.2100,-0.4956,0.8428,-0.2364,-0.0803,0.6056,Dark,
25.3605,6.3793,7.7465,0.0000,0.0000,-0.1359,-0.4822,0.8655,-0.2954,-0.4864,0.8223,-0.2118,-0.4957,0.8423,-0.2366,-0.0802,0.6060,Dark,
25.3718,6.3836,7.7466,0.0000,0.0000,-0.1379,-0.4828,0.8648,-0.2965,-0.4869,0.8216,-0.2134,-0.4962,0.8416,-0.2371,-0.0801,0.6064,Dark,
25.3828,6.3923,7.7432,0.0000,0.0000,-0.1397,-0.4819,0.8650,-0.2982,-0.4859,0.8216,-0.2151,-0.4952,0.8417,-0.2375,-0.0800,0.6069,Dark,
25.3940,6.4025,7.7402,0.0000,0.0000,-0.1415,-0.4810,0.8652,-0.2998,-0.4848,0.8216,-0.2168,-0.4942,0.8418,-0.2378,-0.0798,0.6074,Dark,
25.4055,6.4157,7.7429,0.0000,0.0000,-0.1438,-0.4805,0.8651,-0.3016,-0.4841,0.8214,-0.2189,-0.4936,0.8417,-0.2383,-0.0797,0.6079,Dark,
25.4162,6.4181,7.7404,0.0000,0.0000,-0.1456,-0.4798,0.8652,-0.3033,-0.4832,0.8213,-0.2207,-0.4928,0.8417,-0.2388,-0.0797,0.6084,Dark,
25.4278,6.4361,7.7423,0.0000,0.0000,-0.1474,-0.4795,0.8651,-0.3047,-0.4827,0.8211,-0.2223,-0.4924,0.8415,-0.2391,-0.0795,0.6089,Dark,
25.4384,6.4356,7.7455,0.0000,0.0000,-0.1489,-0.4786,0.8653,-0.3060,-0.4816,0.8212,-0.2238,-0.4913,0.8417,-0.2396,-0.0795,0.6095,Dark,
25.4497,6.4348,7.7643,0.0000,0.0000,-0.1507,-0.4778,0.8654,-0.3076,-0.4807,0.8212,-0.2255,-0.4905,0.8418,-0.2401,-0.0794,0.6101,Dark,
25.4612,6.4528,7.7934,0.0000,0.0000,-0.1521,-0.4771,0.8656,-0.3086,-0.4800,0.8212,-0.2267,-0.4898,0.8419,-0.2406,-0.0793,0.6106,Dark,
25.4720,6.4551,7.8030,0.0000,0.0000,-0.1539,-0.4763,0.8657,-0.3102,-0.4791,0.8211,-0.2284,-0.4889,0.8419,-0.2411,-0.0792,0.6113,Dark,
25.4832,6.4572,7.8343,0.0000,0.0000,-0.1563,-0.4756,0.8657,-0.3124,-0.4783,0.8207,-0.2307,-0.4882,0.8417,-0.2417,-0.0793,0.6120,Dark,
25.4944,6.4429,7.8715,0.0000,0.0000,-0.1584,-0.4755,0.8653,-0.3144,-0.4781,0.8201,-0.2328,-0.4881,0.8412,-0.2422,-0.0791,0.6127,Dark,
25.5061,6.4473,7.8808,0.0000,0.0000,-0.1607,-0.4752,0.8651,-0.3164,-0.4776,0.8196,-0.2349,-0.4876,0.8409,-0.2429,-0.0791,0.6135,Dark,
25.5168,6.4518,7.8815,0.0000,0.0000,-0.1627,-0.4747,0.8649,-0.3184,-0.4770,0.8192,-0.2369,-0.4871,0.8406,-0.2435,-0.0792,0.6143,Dark,
25.5277,6.4618,7.8739,0.0000,0.0000,-0.1644,-0.4745,0.8648,-0.3199,-0.4766,0.8189,-0.2385,-0.4867,0.8404,-0.2439,-0.0791,0.6151,Dark,
25.5391,6.4687,7.8699,0.0000,0.0000,-0.1661,-0.4739,0.8648,-0.3214,-0.4759,0.8187,-0.2402,-0.4861,0.8403,-0.2445,-0.0791,0.6159,Dark,
25.5500,6.4732,7.8703,0.0000,0.0000,-0.1678,-0.4734,0.8647,-0.3229,-0.4752,0.8185,-0.2418,-0.4855,0.8401,-0.2450,-0.0792,0.6168,Dark,
25.5612,6.4670,7.8711,0.0000,0.0000,-0.1694,-0.4732,0.8645,-0.3243,-0.4749,0.8181,-0.2433,-0.4852,0.8399,-0.2456,-0.0792,0.6176,Dark,
25.5725,6.4900,7.8710,0.0000,0.0000,-0.1714,-0.4729,0.8643,-0.3260,-0.4744,0.8177,-0.2452,-0.4848,0.8396,-0.2462,-0.0793,0.6184,Dark,
25.5836,6.5093,7.8503,0.0000,0.0000,-0.1752,-0.4701,0.8650,-0.3304,-0.4713,0.8178,-0.2493,-0.4819,0.8400,-0.2467,-0.0795,0.6192,Dark,
25.5944,6.4516,7.7780,0.0000,0.0000,-0.2187,-0.4581,0.8616,-0.3738,-0.4556,0.8079,-0.2932,-0.4683,0.8335,-0.2472,-0.0794,0.6201,Dark,
25.6058,6.4056,7.7336,0.0000,0.0000,-0.2484,-0.4524,0.8565,-0.4000,-0.4475,0.7998,-0.3215,-0.4612,0.8270,-0.2478,-0.0796,0.6210,Dark,
25.6169,6.3669,7.6915,0.0000,0.0000,-0.2753,-0.4449,0.8522,-0.4271,-0.4377,0.7912,-0.3488,-0.4527,0.8206,-0.2484,-0.0797,0.6220,Dark,
25.6279,6.3480,7.6548,0.0000,0.0000,-0.2939,-0.4387,0.8492,-0.4448,-0.4300,0.7856,-0.3672,-0.4458,0.8163,-0.2490,-0.0797,0.6230,Dark,
25.6390,6.3626,7.6545,0.0000,0.0000,-0.3030,-0.4357,0.8476,-0.4527,-0.4264,0.7831,-0.3758,-0.4424,0.8143,-0.2496,-0.0800,0.6239,Dark,
25.6502,6.3765,7.6479,0.0000,0.0000,-0.3096,-0.4326,0.8468,-0.4587,-0.4228,0.7815,-0.3822,-0.4391,0.8131,-0.2502,-0.0802,0.6249,Dark,
25.6614,6.4015,7.6486,0.0000,0.0000,-0.3050,-0.4339,0.8478,-0.4549,-0.4244,0.7829,-0.3779,-0.4406,0.8143,-0.2507,-0.0804,0.6258,Dark,
25.6725,6.3948,7.6529,0.0000,0.0000,-0.3113,-0.4324,0.8462,-0.4615,-0.4224,0.7801,-0.3845,-0.4389,0.8121,-0.2512,-0.0807,0.6268,Dark,
25.6839,6.3878,7.6666,0.0000,0.0000,-0.3065,-0.4340,0.8472,-0.4577,-0.4243,0.7813,-0.3801,-0.4407,0.8132,-0.2517,-0.0810,0.6277,Dark,
25.6947,6.3863,7.6752,0.0000,0.0000,-0.3069,-0.4335,0.8473,-0.4590,-0.4236,0.7809,-0.3809,-0.4402,0.8131,-0.2522,-0.0811,0.6286,Dark,
25.7060,6.4001,7.6705,0.0000,0.0000,-0.3062,-0.4338,0.8474,-0.4590,-0.4239,0.7808,-0.3805,-0.4405,0.8131,-0.2526,-0.0815,0.6295,Dark,
25.7172,6.4125,7.6748,0.0000,0.0000,-0.3057,-0.4339,0.8475,-0.4590,-0.4240,0.7807,-0.3803,-0.4407,0.8131,-0.2531,-0.0818,0.6304,Dark,
25.7285,6.4359,7.6748,0.0000,0.0000,-0.3052,-0.4335,0.8479,-0.4598,-0.4235,0.7805,-0.3804,-0.4404,0.8132,-0.2535,-0.0821,0.6313,Dark,
25.7396,6.4468,7.6732,0.0000,0.0000,-0.3051,-0.4342,0.8476,-0.4603,-0.4243,0.7798,-0.3806,-0.4412,0.8127,-0.2539,-0.0824,0.6322,Dark,
25.7504,6.4543,7.6800,0.0000,0.0000,-0.3051,-0.4345,0.8474,-0.4611,-0.4245,0.7792,-0.3810,-0.4415,0.8124,-0.2544,-0.0828,0.6330,Dark,
25.7618,6.4632,7.6779,0.0000,0.0000,-0.3047,-0.4342,0.8477,-0.4622,-0.4241,0.7788,-0.3813,-0.4413,0.8123,-0.2547,-0.0830,0.6339,Dark,
25.7732,6.4656,7.6724,0.0000,0.0000,-0.3044,-0.4346,0.8476,-0.4626,-0.4244,0.7784,-0.3813,-0.4417,0.8121,-0.2551,-0.0833,0.6347,Dark,
25.7839,6.4575,7.6645,0.0000,0.0000,-0.3035,-0.4350,0.8477,-0.4630,-0.4248,0.7779,-0.3811,-0.4422,0.8119,-0.2554,-0.0836,0.6355,Dark,
25.7951,6.4567,7.6613,0.0000,0.0000,-0.3031,-0.4355,0.8476,-0.4632,-0.4253,0.7776,-0.3810,-0.4427,0.8117,-0.2557,-0.0838,0.6362,Dark,
25.8062,6.4562,7.6679,0.0000,0.0000,-0.3031,-0.4362,0.8473,-0.4637,-0.4259,0.7769,-0.3812,-0.4434,0.8112,-0.2560,-0.0841,0.6369,Dark,
25.8176,6.4301,7.6713,0.0000,0.0000,-0.3029,-0.4369,0.8470,-0.4643,-0.4265,0.7762,-0.3815,-0.4441,0.8107,-0.2564,-0.0843,0.6376,Dark,
25.8285,6.4214,7.6680,0.0000,0.0000,-0.3031,-0.4376,0.8466,-0.4648,-0.4270,0.7757,-0.3818,-0.4448,0.8102,-0.2567,-0.0845,0.6383,Dark,
25.8397,6.4146,7.6742,0.0000,0.0000,-0.3036,-0.4380,0.8461,-0.4655,-0.4274,0.7750,-0.3824,-0.4452,0.8097,-0.2570,-0.0847,0.6389,Dark,
25.8506,6.4265,7.6856,0.0000,0.0000,-0.3047,-0.4384,0.8456,-0.4669,-0.4277,0.7740,-0.3836,-0.4456,0.8089,-0.2573,-0.0849,0.6396,Dark,
25.8621,6.4334,7.6916,0.0000,0.0000,-0.3056,-0.4382,0.8453,-0.4678,-0.4274,0.7736,-0.3846,-0.4454,0.8085,-0.2576,-0.0849,0.6402,Dark,
25.8734,6.4385,7.6967,0.0000,0.0000,-0.3066,-0.4381,0.8450,-0.4688,-0.4273,0.7731,-0.3855,-0.4453,0.8081,-0.2580,-0.0850,0.6409,Dark,
25.8845,6.4734,7.6934,0.0000,0.0000,-0.3076,-0.4378,0.8448,-0.4699,-0.4268,0.7727,-0.3866,-0.4449,0.8079,-0.2583,-0.0852,0.6415,Dark,
25.8954,6.4907,7.6878,0.0000,0.0000,-0.3086,-0.4377,0.8445,-0.4709,-0.4265,0.7722,-0.3876,-0.4447,0.8075,-0.2586,-0.0852,0.6421,Dark,
25.9066,6.5042,7.6883,0.0000,0.0000,-0.3093,-0.4372,0.8445,-0.4717,-0.4259,0.7721,-0.3884,-0.4441,0.8074,-0.2590,-0.0853,0.6427,Dark,
25.9178,6.5004,7.6894,0.0000,0.0000,-0.3103,-0.4366,0.8444,-0.4727,-0.4252,0.7718,-0.3894,-0.4436,0.8072,-0.2594,-0.0855,0.6433,Dark,
25.9287,6.4948,7.6901,0.0000,0.0000,-0.3114,-0.4364,0.8441,-0.4740,-0.4249,0.7713,-0.3906,-0.4433,0.8068,-0.2598,-0.0855,0.6438,Dark,
25.9400,6.4900,7.6820,0.0000,0.0000,-0.3125,-0.4364,0.8438,-0.4752,-0.4247,0.7706,-0.3918,-0.4432,0.8063,-0.2602,-0.0857,0.6444,Dark,
25.9510,6.4711,7.6731,0.0000,0.0000,-0.3139,-0.4370,0.8429,-0.4768,-0.4252,0.7693,-0.3932,-0.4438,0.8052,-0.2607,-0.0858,0.6450,Dark,
25.9621,6.4685,7.6725,0.0000,0.0000,-0.3151,-0.4382,0.8419,-0.4780,-0.4263,0.7680,-0.3945,-0.4449,0.8040,-0.2611,-0.0860,0.6454,Dark,
25.9734,6.4668,7.6803,0.0000,0.0000,-0.3156,-0.4397,0.8409,-0.4786,-0.4279,0.7667,-0.3950,-0.4465,0.8029,-0.2615,-0.0863,0.6459,Dark,
25.9848,6.4571,7.6950,0.0000,0.0000,-0.3163,-0.4413,0.8398,-0.4792,-0.4295,0.7655,-0.3956,-0.4481,0.8017,-0.2619,-0.0866,0.6463,Dark,
25.9958,6.4764,7.7004,0.0000,0.0000,-0.3165,-0.4432,0.8387,-0.4793,-0.4315,0.7642,-0.3958,-0.4501,0.8005,-0.2622,-0.0869,0.6466,Dark,
26.0070,6.5002,7.6969,0.0000,0.0000,-0.3164,-0.4453,0.8376,-0.4793,-0.4336,0.7630,-0.3957,-0.4522,0.7993,-0.2624,-0.0872,0.6469,Dark,
26.0184,6.5059,7.6893,0.0000,0.0000,-0.3159,-0.4475,0.8366,-0.4788,-0.4359,0.7621,-0.3952,-0.4544,0.7983,-0.2626,-0.0876,0.6472,Dark,
26.0289,6.5192,7.6831,0.0000,0.0000,-0.3151,-0.4496,0.8358,-0.4781,-0.4381,0.7612,-0.3944,-0.4565,0.7975,-0.2629,-0.0879,0.6474,Dark,
26.0403,6.5330,7.6923,0.0000,0.0000,-0.3148,-0.4515,0.8349,-0.4778,-0.4401,0.7603,-0.3941,-0.4585,0.7965,-0.2629,-0.0882,0.6476,Dark,
26.0515,6.5371,7.6980,0.0000,0.0000,-0.3134,-0.4531,0.8346,-0.4765,-0.4420,0.7600,-0.3927,-0.4602,0.7962,-0.2630,-0.0885,0.6478,Dark,
26.0629,6.5136,7.7028,0.0000,0.0000,-0.3123,-0.4542,0.8344,-0.4754,-0.4432,0.7599,-0.3916,-0.4614,0.7961,-0.2631,-0.0886,0.6480,Dark,
26.0738,6.4914,7.7037,0.0000,0.0000,-0.3108,-0.4546,0.8347,-0.4739,-0.4437,0.7606,-0.3901,-0.4618,0.7966,-0.2631,-0.0887,0.6481,Dark,
26.0852,6.4915,7.6878,0.0000,0.0000,-0.3093,-0.4548,0.8352,-0.4724,-0.4442,0.7613,-0.3886,-0.4621,0.7972,-0.2632,-0.0887,0.6483,Dark,
26.0958,6.4815,7.6746,0.0000,0.0000,-0.3083,-0.4546,0.8357,-0.4712,-0.4444,0.7619,-0.3875,-0.4622,0.7977,-0.2631,-0.0886,0.6482,Dark,
26.1075,6.4796,7.6602,0.0000,0.0000,-0.3073,-0.4545,0.8361,-0.4699,-0.4449,0.7624,-0.3863,-0.4623,0.7982,-0.2629,-0.0887,0.6482,Dark,
26.1184,6.4822,7.6465,0.0000,0.0000,-0.3061,-0.4545,0.8365,-0.4686,-0.4451,0.7631,-0.3850,-0.4624,0.7987,-0.2627,-0.0887,0.6481,Dark,
26.1298,6.4946,7.6365,0.0000,0.0000,-0.3044,-0.4542,0.8373,-0.4670,-0.4450,0.7642,-0.3833,-0.4622,0.7997,-0.2625,-0.0885,0.6479,Dark,
26.1408,6.5101,7.6013,0.0000,0.0000,-0.3112,-0.4622,0.8304,-0.4739,-0.4520,0.7557,-0.3903,-0.4697,0.7919,-0.2624,-0.0883,0.6478,Dark,
26.1515,6.5122,7.5377,0.0000,0.0000,-0.3110,-0.4752,0.8230,-0.4725,-0.4649,0.7487,-0.3895,-0.4826,0.7845,-0.2621,-0.0881,0.6476,Dark,
26.1627,6.4641,7.4866,0.0000,0.0000,-0.3091,-0.4864,0.8173,-0.4704,-0.4762,0.7430,-0.3874,-0.4937,0.7786,-0.2620,-0.0877,0.6472,Dark,
26.1738,6.3644,7.3490,0.0000,0.0000,-0.2855,-0.4362,0.8533,-0.4332,-0.4299,0.7921,-0.3570,-0.4442,0.8217,-0.2617,-0.0875,0.6469,Dark,
26.1856,6.3189,7.3060,0.0000,0.0000,-0.3211,-0.4638,0.8257,-0.4262,-0.4586,0.7797,-0.3718,-0.4689,0.8012,-0.2614,-0.0872,0.6465,Dark,
26.1961,6.2440,7.2236,0.0000,0.0000,-0.2684,-0.4298,0.8621,-0.3530,-0.4284,0.8317,-0.3090,-0.4350,0.8457,-0.2610,-0.0868,0.6459,Dark,
26.2075,5.9086,7.0052,0.0000,0.0000,-0.2479,-0.3372,0.9082,-0.3099,-0.3365,0.8892,-0.2777,-0.3411,0.8981,-0.2606,-0.0865,0.6454,Dark,
26.2184,5.6807,6.9353,0.0000,0.0000,-0.2676,-0.3853,0.8831,-0.3239,-0.3845,0.8644,-0.2946,-0.3888,0.8730,-0.2602,-0.0861,0.6449,Dark,
26.2297,5.0844,5.8081,0.0000,0.0000,-0.2059,-0.2702,0.9406,-0.2525,-0.2697,0.9292,-0.2283,-0.2731,0.9345,-0.2597,-0.0855,0.6442,Dark,
26.2407,4.8727,5.3869,0.0000,0.0000,-0.1971,-0.2582,0.9458,-0.2408,-0.2578,0.9357,-0.2181,-0.2610,0.9404,-0.2592,-0.0851,0.6435,Dark,
26.2520,4.7322,5.0763,0.0000,0.0000,-0.1909,-0.2558,0.9477,-0.2324,-0.2555,0.9385,-0.2108,-0.2584,0.9427,-0.2586,-0.0846,0.6427,Dark,
26.2631,4.5411,5.1288,0.0000,0.0000,-0.1679,-0.2208,0.9607,-0.2054,-0.2205,0.9535,-0.1859,-0.2232,0.9569,-0.2580,-0.0840,0.6419,Dark,
26.2740,4.4638,5.2462,0.0000,0.0000,-0.1652,-0.2135,0.9629,-0.2014,-0.2132,0.9560,-0.1826,-0.2158,0.9592,-0.2573,-0.0835,0.6410,Dark,
26.2858,4.4307,5.3416,0.0000,0.0000,-0.1671,-0.2137,0.9625,-0.2024,-0.2134,0.9558,-0.1840,-0.2159,0.9589,-0.2566,-0.0830,0.6401,Dark,
26.2969,4.6017,5.0282,0.0000,0.0000,-0.1829,-0.2227,0.9576,-0.2168,-0.2222,0.9506,-0.1992,-0.2247,0.9538,-0.2558,-0.0823,0.6392,Dark,
26.3079,4.6740,5.3394,0.0000,0.0000,-0.2016,-0.2217,0.9540,-0.2351,-0.2211,0.9465,-0.2178,-0.2236,0.9500,-0.2549,-0.0818,0.6382,Dark,
26.3187,6.3906,5.6120,0.0000,0.0000,-0.2327,-0.2335,0.9441,-0.2665,-0.2327,0.9353,-0.2490,-0.2354,0.9395,-0.2540,-0.0813,0.6371,Dark,
26.3300,6.3906,7.0678,0.0000,0.0000,-0.2636,-0.2438,0.9333,-0.2976,-0.2427,0.9233,-0.2800,-0.2455,0.9281,-0.2530,-0.0806,0.6360,Dark,
26.3413,6.3906,7.0678,0.0000,0.0000,-0.2822,-0.2543,0.9250,-0.3164,-0.2531,0.9142,-0.2988,-0.2560,0.9193,-0.2519,-0.0801,0.6349,Dark,
26.3521,6.3906,7.0678,0.0000,0.0000,-0.2926,-0.2639,0.9191,-0.3269,-0.2626,0.9078,-0.3092,-0.2656,0.9132,-0.2509,-0.0796,0.6338,Dark,
26.3632,6.3906,7.0678,0.3600,0.2000,-0.3002,-0.2701,0.9148,-0.3346,-0.2687,0.9032,-0.3169,-0.2718,0.9087,-0.2498,-0.0789,0.6327,Dark,
26.3743,6.3906,7.0678,0.4880,0.3600,-0.2991,-0.2708,0.9150,-0.3335,-0.2693,0.9035,-0.3158,-0.2724,0.9089,-0.2487,-0.0783,0.6316,Dark,
26.3859,6.3906,7.0678,0.5904,0.4880,-0.2825,-0.2918,0.9138,-0.3172,-0.2906,0.9028,-0.2993,-0.2936,0.9079,-0.2476,-0.0778,0.6304,Dark,
26.3969,6.3906,7.0678,0.7379,0.6723,-0.2778,-0.3112,0.9088,-0.3127,-0.3101,0.8978,-0.2947,-0.3130,0.9029,-0.2465,-0.0771,0.6291,Dark,
26.4080,6.3906,7.0678,0.7903,0.7379,-0.2736,-0.3273,0.9044,-0.3087,-0.3263,0.8935,-0.2905,-0.3292,0.8985,-0.2455,-0.0765,0.6279,Dark,
26.4190,6.3906,7.0678,0.8322,0.7903,-0.2684,-0.3534,0.8962,-0.3036,-0.3524,0.8852,-0.2854,-0.3552,0.8901,-0.2444,-0.0758,0.6266,Dark,
26.4300,6.3906,7.0678,0.8658,0.8322,-0.2661,-0.3522,0.8973,-0.3014,-0.3512,0.8865,-0.2831,-0.3540,0.8913,-0.2434,-0.0750,0.6253,Dark,
26.4411,6.3906,7.0678,0.8926,0.8658,-0.2630,-0.3619,0.8944,-0.2983,-0.3610,0.8836,-0.2800,-0.3638,0.8884,-0.2425,-0.0743,0.6239,Dark,
26.4522,6.3906,7.0678,0.7200,0.8926,-0.2591,-0.3788,0.8885,-0.2946,-0.3779,0.8777,-0.2762,-0.3807,0.8825,-0.2416,-0.0735,0.6225,Dark,
26.4634,6.3906,7.0678,0.5819,0.8926,-0.2567,-0.3849,0.8866,-0.2922,-0.3840,0.8759,-0.2738,-0.3868,0.8806,-0.2407,-0.0727,0.6210,Dark,
26.4750,6.3906,7.0678,0.5819,0.8926,-0.2545,-0.3900,0.8850,-0.2900,-0.3891,0.8743,-0.2716,-0.3919,0.8790,-0.2398,-0.0718,0.6194,Dark,
26.4866,6.3906,7.0678,0.5819,0.8926,-0.2518,-0.3990,0.8817,-0.2874,-0.3983,0.8711,-0.2689,-0.4010,0.8757,-0.2390,-0.0710,0.6178,Dark,
26.4968,6.3906,7.0678,0.5819,0.7141,-0.2500,-0.4015,0.8811,-0.2857,-0.4008,0.8705,-0.2672,-0.4035,0.8751,-0.2381,-0.0700,0.6162,Dark,
26.5078,6.3906,7.0678,0.3724,0.4570,-0.2486,-0.4031,0.8807,-0.2837,-0.4024,0.8704,-0.2655,-0.4051,0.8749,-0.2372,-0.0690,0.6145,Dark,
26.5194,6.3906,7.0678,0.2979,0.3656,-0.1994,-0.4066,0.8916,-0.2334,-0.4067,0.8832,-0.2158,-0.4089,0.8867,-0.2364,-0.0680,0.6128,Dark,
26.5309,6.3906,7.0678,0.2384,0.2925,-0.1891,-0.4030,0.8955,-0.2227,-0.4032,0.8876,-0.2053,-0.4053,0.8908,-0.2355,-0.0668,0.6111,Dark,
26.5416,6.3906,7.0678,0.1525,0.1872,-0.1843,-0.3994,0.8981,-0.2175,-0.3996,0.8905,-0.2003,-0.4017,0.8936,-0.2346,-0.0658,0.6093,Dark,
26.5524,6.3906,7.0678,0.1220,0.1498,-0.1781,-0.3957,0.9010,-0.2107,-0.3959,0.8938,-0.1938,-0.3979,0.8967,-0.2337,-0.0647,0.6075,Dark,
26.5639,6.3906,7.0678,0.0976,0.1198,-0.1749,-0.3921,0.9031,-0.2073,-0.3924,0.8961,-0.1905,-0.3944,0.8990,-0.2328,-0.0636,0.6057,Dark,
26.5750,6.3906,7.0678,0.0625,0.0767,-0.1718,-0.3885,0.9053,-0.2038,-0.3889,0.8985,-0.1872,-0.3908,0.9012,-0.2319,-0.0625,0.6039,Dark,
26.5862,6.3906,7.0678,0.0500,0.0613,-0.1708,-0.3851,0.9069,-0.2027,-0.3855,0.9002,-0.1862,-0.3874,0.9029,-0.2310,-0.0614,0.6021,Dark,
26.5976,6.3906,7.0678,0.0400,0.0491,-0.1692,-0.3815,0.9087,-0.2009,-0.3819,0.9021,-0.1845,-0.3838,0.9048,-0.2301,-0.0603,0.6004,Dark,
26.6087,6.3906,7.0678,0.0256,0.0314,-0.1688,-0.3782,0.9102,-0.2002,-0.3786,0.9036,-0.1839,-0.3805,0.9063,-0.2293,-0.0593,0.5986,Dark,
26.6196,6.3906,7.0678,0.0205,0.0251,-0.1681,-0.3752,0.9116,-0.1994,-0.3756,0.9051,-0.1831,-0.3775,0.9077,-0.2284,-0.0584,0.5968,Dark,
26.6308,6.3906,7.0678,0.0164,0.0201,-0.1675,-0.3729,0.9126,-0.1988,-0.3733,0.9062,-0.1826,-0.3751,0.9088,-0.2276,-0.0573,0.5951,Dark,
26.6420,6.3906,7.0678,0.0131,0.0161,-0.1669,-0.3713,0.9134,-0.1979,-0.3716,0.9070,-0.1818,-0.3735,0.9096,-0.2267,-0.0565,0.5933,Dark,
26.6529,6.3906,7.0678,0.0105,0.0129,-0.1660,-0.3697,0.9142,-0.1970,-0.3701,0.9079,-0.1809,-0.3719,0.9105,-0.2258,-0.0557,0.5915,Dark,
26.6642,6.3906,7.0678,0.0084,0.0103,-0.1645,-0.3690,0.9148,-0.1954,-0.3693,0.9085,-0.1794,-0.3712,0.9111,-0.2249,-0.0548,0.5897,Dark,
26.6753,6.3906,7.0678,0.0067,0.0082,-0.1629,-0.3681,0.9154,-0.1938,-0.3685,0.9092,-0.1778,-0.3703,0.9117,-0.2241,-0.0541,0.5878,Dark,
26.6866,6.3906,7.0678,0.0054,0.0066,-0.1616,-0.3672,0.9160,-0.1925,-0.3676,0.9098,-0.1765,-0.3695,0.9123,-0.2233,-0.0534,0.5859,Dark,
26.6980,6.3906,7.0678,0.0043,0.0053,-0.1607,-0.3661,0.9166,-0.1915,-0.3665,0.9105,-0.1755,-0.3683,0.9130,-0.2225,-0.0525,0.5840,Dark,
26.7085,6.3906,7.0678,0.0034,0.0042,-0.1604,-0.3650,0.9171,-0.1911,-0.3655,0.9110,-0.1752,-0.3673,0.9135,-0.2217,-0.0518,0.5821,Dark,
26.7198,6.3906,7.0678,0.0022,0.0027,-0.1588,-0.3635,0.9179,-0.1895,-0.3641,0.9119,-0.1736,-0.3658,0.9144,-0.2209,-0.0510,0.5801,Dark,
26.7312,6.3906,7.0678,0.0018,0.0022,-0.1566,-0.3618,0.9190,-0.1873,-0.3624,0.9130,-0.1714,-0.3641,0.9154,-0.2200,-0.0500,0.5782,Dark,
26.7422,6.3906,7.0678,0.0018,0.0022,-0.1541,-0.3597,0.9202,-0.1848,-0.3603,0.9143,-0.1689,-0.3620,0.9167,-0.2191,-0.0491,0.5763,Dark,
26.7535,6.3906,7.0678,0.0011,0.0014,-0.1518,-0.3570,0.9217,-0.1825,-0.3576,0.9159,-0.1666,-0.3593,0.9182,-0.2182,-0.0482,0.5743,Dark,
26.7644,6.3906,7.0678,0.0009,0.0011,-0.1488,-0.3539,0.9233,-0.1795,-0.3546,0.9176,-0.1636,-0.3563,0.9199,-0.2173,-0.0471,0.5724,Dark,
26.7755,6.3906,7.0678,0.0007,0.0009,-0.1468,-0.3510,0.9248,-0.1775,-0.3517,0.9191,-0.1616,-0.3534,0.9214,-0.2163,-0.0462,0.5703,Dark,
26.7864,6.3906,7.0678,0.0005,0.0006,-0.1438,-0.3476,0.9266,-0.1746,-0.3483,0.9210,-0.1586,-0.3499,0.9232,-0.2153,-0.0453,0.5683,Dark,
26.7978,6.3906,7.0678,0.0004,0.0005,-0.1408,-0.3438,0.9284,-0.1715,-0.3446,0.9230,-0.1556,-0.3462,0.9252,-0.2142,-0.0442,0.5662,Dark,
26.8088,6.3906,7.0678,0.0003,0.0004,-0.1390,-0.3402,0.9300,-0.1697,-0.3410,0.9246,-0.1538,-0.3426,0.9268,-0.2131,-0.0432,0.5642,Dark,
26.8203,6.3906,7.0678,0.0002,0.0002,-0.1363,-0.3365,0.9318,-0.1671,-0.3373,0.9264,-0.1512,-0.3390,0.9286,-0.2120,-0.0423,0.5621,Dark,
26.8313,6.3906,7.0678,0.0002,0.0002,-0.1332,-0.3328,0.9335,-0.1640,-0.3336,0.9283,-0.1480,-0.3352,0.9304,-0.2108,-0.0413,0.5601,Dark,
26.8425,6.3906,7.0678,0.0001,0.0001,-0.1306,-0.3295,0.9351,-0.1614,-0.3304,0.9299,-0.1454,-0.3320,0.9320,-0.2095,-0.0405,0.5581,Dark,
26.8535,6.3906,7.0678,0.0001,0.0001,-0.1270,-0.3264,0.9367,-0.1578,-0.3273,0.9317,-0.1418,-0.3289,0.9337,-0.2082,-0.0397,0.5560,Dark,
26.8648,6.3906,7.0678,0.0001,0.0001,-0.1229,-0.3239,0.9381,-0.1538,-0.3249,0.9332,-0.1378,-0.3264,0.9351,-0.2067,-0.0390,0.5539,Dark,
26.8762,6.3906,7.0678,0.0000,0.0001,-0.1203,-0.3224,0.9389,-0.1512,-0.3233,0.9341,-0.1352,-0.3249,0.9361,-0.2051,-0.0384,0.5517,Dark,
26.8869,6.3906,7.0678,0.0000,0.0000,-0.1164,-0.3208,0.9400,-0.1473,-0.3218,0.9353,-0.1313,-0.3234,0.9371,-0.2035,-0.0378,0.5494,Dark,
26.8983,6.3906,7.0678,0.0000,0.0000,-0.1124,-0.3321,0.9365,-0.1433,-0.3332,0.9319,-0.1273,-0.3347,0.9337,-0.2018,-0.0371,0.5471,Dark,
26.9092,6.3906,7.0678,0.0000,0.0000,-0.1077,-0.3362,0.9356,-0.1388,-0.3373,0.9311,-0.1227,-0.3388,0.9328,-0.2000,-0.0364,0.5447,Dark,
26.9204,6.3906,7.0678,0.0000,0.0000,-0.1032,-0.3396,0.9349,-0.1343,-0.3408,0.9305,-0.1182,-0.3422,0.9321,-0.1983,-0.0356,0.5423,Dark,
26.9314,6.3906,7.0678,0.0000,0.0000,-0.0988,-0.3422,0.9344,-0.1299,-0.3434,0.9302,-0.1138,-0.3448,0.9317,-0.1965,-0.0349,0.5399,Dark,
26.9426,6.3906,7.0678,0.0000,0.0000,-0.0951,-0.3484,0.9325,-0.1263,-0.3496,0.9284,-0.1101,-0.3510,0.9299,-0.1946,-0.0341,0.5374,Dark,
26.9540,6.3906,7.0678,0.0000,0.0000,-0.0908,-0.3496,0.9325,-0.1220,-0.3507,0.9285,-0.1059,-0.3522,0.9299,-0.1927,-0.0334,0.5349,Dark,
26.9647,6.3906,7.0678,0.0000,0.0000,-0.0877,-0.3541,0.9311,-0.1189,-0.3553,0.9272,-0.1028,-0.3567,0.9285,-0.1907,-0.0326,0.5324,Dark,
26.9761,6.3906,7.0678,0.0000,0.0000,-0.0828,-0.3549,0.9312,-0.1141,-0.3561,0.9275,-0.0979,-0.3575,0.9287,-0.1886,-0.0318,0.5297,Dark,
26.9871,6.3906,7.0678,0.0000,0.0000,-0.0758,-0.3566,0.9312,-0.1070,-0.3578,0.9276,-0.0909,-0.3592,0.9288,-0.1865,-0.0310,0.5270,Dark,
26.9985,6.3906,7.0678,0.0000,0.0000,-0.0199,-0.3630,0.9316,-0.0508,-0.3648,0.9297,-0.0348,-0.3659,0.9300,-0.1844,-0.0303,0.5242,Dark,
27.0097,6.3906,7.0678,0.0000,0.0000,0.0106,-0.3658,0.9306,-0.0200,-0.3678,0.9297,-0.0042,-0.3688,0.9295,-0.1821,-0.0296,0.5212,Dark,
27.0208,6.3906,7.0678,0.0000,0.0000,0.0260,-0.3682,0.9294,-0.0044,-0.3704,0.9289,0.0114,-0.3712,0.9285,-0.1799,-0.0288,0.5182,Dark,
27.0316,6.3906,7.0678,0.0000,0.0000,0.0346,-0.3754,0.9262,0.0042,-0.3777,0.9259,0.0199,-0.3785,0.9254,-0.1777,-0.0278,0.5152,Dark,
27.0430,6.3906,7.0678,0.0000,0.0000,0.0408,-0.3723,0.9272,0.0104,-0.3745,0.9272,0.0261,-0.3754,0.9265,-0.1754,-0.0269,0.5121,Dark,
27.0542,5.2877,6.3191,0.0000,0.0000,0.0486,-0.3772,0.9248,0.0156,-0.3797,0.9250,0.0326,-0.3806,0.9242,-0.1731,-0.0261,0.5089,Dark,
27.0651,6.1844,7.4133,0.0000,0.0000,0.0578,-0.4069,0.9116,0.0192,-0.4100,0.9119,0.0392,-0.4109,0.9108,-0.1708,-0.0251,0.5057,Dark,
27.0764,6.4697,7.7401,0.0000,0.0000,0.0820,-0.3973,0.9140,0.0408,-0.4008,0.9152,0.0621,-0.4017,0.9137,-0.1685,-0.0243,0.5023,Dark,
27.0873,6.7617,8.0165,0.0000,0.0000,0.0874,-0.4079,0.9088,0.0399,-0.4121,0.9103,0.0645,-0.4130,0.9084,-0.1661,-0.0235,0.4988,Dark,
27.0984,6.7679,8.0155,0.0000,0.0000,0.0916,-0.4076,0.9086,0.0406,-0.4120,0.9103,0.0670,-0.4131,0.9082,-0.1637,-0.0227,0.4951,Dark,
27.1100,6.7786,8.0112,0.0000,0.0000,0.0951,-0.4051,0.9093,0.0408,-0.4096,0.9113,0.0689,-0.4108,0.9091,-0.1614,-0.0218,0.4914,Dark,
27.1207,6.7874,7.9937,0.0000,0.0000,0.0939,-0.3960,0.9134,0.0319,-0.4008,0.9156,0.0640,-0.4024,0.9132,-0.1590,-0.0209,0.4877,Dark,
27.1320,6.7882,8.0010,0.0000,0.0000,0.0983,-0.3910,0.9151,0.0322,-0.3960,0.9177,0.0665,-0.3978,0.9150,-0.1568,-0.0200,0.4839,Dark,
27.1436,6.7788,8.0087,0.0000,0.0000,0.1030,-0.3862,0.9166,0.0329,-0.3913,0.9197,0.0692,-0.3934,0.9168,-0.1544,-0.0190,0.4800,Dark,
27.1543,6.7705,8.0176,0.0000,0.0000,0.1075,-0.3800,0.9187,0.0329,-0.3852,0.9222,0.0716,-0.3875,0.9191,-0.1520,-0.0181,0.4761,Dark,
27.1658,6.7656,7.9837,0.0000,0.0000,0.1108,-0.3732,0.9211,0.0269,-0.3787,0.9251,0.0704,-0.3815,0.9217,-0.1498,-0.0171,0.4721,Dark,
27.1767,6.7572,7.9696,0.0000,0.0000,0.1194,-0.3732,0.9200,0.0311,-0.3789,0.9249,0.0769,-0.3819,0.9210,-0.1475,-0.0162,0.4680,Dark,
27.1878,6.7508,7.9584,0.0000,0.0000,0.1255,-0.3701,0.9205,0.0323,-0.3759,0.9261,0.0806,-0.3792,0.9218,-0.1451,-0.0154,0.4639,Dark,
27.1990,6.7536,7.9549,0.0000,0.0000,0.1310,-0.3683,0.9204,0.0280,-0.3744,0.9268,0.0814,-0.3783,0.9221,-0.1429,-0.0146,0.4596,Dark,
27.2102,6.7536,7.9614,0.0000,0.0000,0.1396,-0.3658,0.9202,0.0318,-0.3721,0.9277,0.0877,-0.3762,0.9224,-0.1406,-0.0138,0.4552,Dark,
27.2209,6.7535,8.0416,0.0000,0.0000,0.1457,-0.3640,0.9199,0.0280,-0.3705,0.9284,0.0891,-0.3753,0.9226,-0.1383,-0.0130,0.4509,Dark,
27.2324,6.7511,8.0275,0.0000,0.0000,0.1524,-0.3626,0.9194,0.0309,-0.3691,0.9289,0.0939,-0.3742,0.9226,-0.1361,-0.0121,0.4465,Dark,
27.2434,6.7269,8.0127,0.0000,0.0000,0.1665,-0.3555,0.9197,0.0408,-0.3623,0.9312,0.1061,-0.3675,0.9240,-0.1339,-0.0112,0.4421,Dark,
27.2544,6.6542,7.9637,0.0000,0.0000,0.2094,-0.3299,0.9205,0.0828,-0.3377,0.9376,0.1488,-0.3427,0.9276,-0.1317,-0.0105,0.4378,Dark,
27.2657,6.6116,7.9465,0.0000,0.0000,0.2288,-0.3192,0.9196,0.1060,-0.3271,0.9390,0.1701,-0.3318,0.9279,-0.1294,-0.0097,0.4333,Dark,
27.2767,6.5883,7.9375,0.0000,0.0000,0.2441,-0.3098,0.9189,0.1225,-0.3179,0.9402,0.1860,-0.3224,0.9281,-0.1273,-0.0090,0.4287,Dark,
27.2885,6.5599,7.9291,0.0000,0.0000,0.2410,-0.2990,0.9233,0.1653,-0.3042,0.9382,0.2046,-0.3069,0.9295,-0.1252,-0.0080,0.4241,Dark,
27.2991,6.5524,7.9075,0.0000,0.0000,0.2443,-0.2928,0.9244,0.1792,-0.2972,0.9378,0.2129,-0.2995,0.9300,-0.1231,-0.0071,0.4195,Dark,
27.3105,6.5365,7.8954,0.0000,0.0000,0.2451,-0.2861,0.9263,0.1925,-0.2896,0.9376,0.2196,-0.2915,0.9310,-0.1212,-0.0059,0.4150,Dark,
27.3215,6.5377,7.9020,0.0000,0.0000,0.2455,-0.2819,0.9275,0.1968,-0.2850,0.9381,0.2219,-0.2868,0.9319,-0.1193,-0.0046,0.4105,Dark,
27.3323,6.5398,7.9022,0.0000,0.0000,0.2484,-0.2754,0.9287,0.2028,-0.2781,0.9389,0.2263,-0.2799,0.9330,-0.1174,-0.0034,0.4061,Dark,
27.3437,6.5228,7.9234,0.0000,0.0000,0.2459,-0.2717,0.9304,0.2046,-0.2740,0.9397,0.2259,-0.2757,0.9343,-0.1156,-0.0022,0.4016,Dark,
27.3548,6.5240,7.9382,0.0000,0.0000,0.2453,-0.2680,0.9317,0.2056,-0.2701,0.9406,0.2260,-0.2718,0.9354,-0.1138,-0.0010,0.3972,Dark,
27.3662,6.5248,7.9445,0.0000,0.0000,0.2463,-0.2640,0.9325,0.2080,-0.2660,0.9413,0.2277,-0.2677,0.9362,-0.1120,0.0003,0.3927,Dark,
27.3777,6.5541,7.9708,0.0000,0.0000,0.2464,-0.2612,0.9333,0.2068,-0.2632,0.9423,0.2271,-0.2649,0.9371,-0.1102,0.0013,0.3884,Dark,
27.3882,6.5781,7.9868,0.0000,0.0000,0.2485,-0.2584,0.9335,0.2066,-0.2604,0.9431,0.2281,-0.2623,0.9376,-0.1084,0.0023,0.3839,Dark,
27.3993,6.5966,7.9804,0.0000,0.0000,0.2517,-0.2559,0.9334,0.2073,-0.2579,0.9437,0.2302,-0.2600,0.9378,-0.1067,0.0033,0.3793,Dark,
27.4104,6.6095,7.9744,0.0000,0.0000,0.2542,-0.2544,0.9331,0.2073,-0.2565,0.9441,0.2314,-0.2588,0.9378,-0.1049,0.0041,0.3749,Dark,
27.4219,6.6198,7.9649,0.0000,0.0000,0.2563,-0.2549,0.9324,0.2038,-0.2571,0.9447,0.2308,-0.2596,0.9377,-0.1032,0.0050,0.3704,Dark,
27.4327,6.6201,7.9252,0.0000,0.0000,0.2606,-0.2524,0.9318,0.2055,-0.2546,0.9450,0.2339,-0.2574,0.9376,-0.1015,0.0060,0.3660,Dark,
27.4439,6.5364,7.8536,0.0000,0.0000,0.2291,-0.2328,0.9452,0.1673,-0.2342,0.9577,0.1991,-0.2378,0.9507,-0.0997,0.0070,0.3618,Dark,
27.4551,6.4665,7.8217,0.0000,0.0000,0.1969,-0.1965,0.9605,0.1312,-0.1968,0.9716,0.1650,-0.2011,0.9656,-0.0980,0.0081,0.3577,Dark,
27.4661,6.4109,7.7519,0.0000,0.0000,0.1879,-0.1666,0.9680,0.1183,-0.1662,0.9790,0.1540,-0.1712,0.9731,-0.0963,0.0094,0.3537,Dark,
27.4774,6.2218,7.6010,0.0000,0.0000,0.1561,-0.0818,0.9844,0.0807,-0.0800,0.9935,0.1194,-0.0860,0.9891,-0.0945,0.0106,0.3499,Dark,
27.4885,6.1161,7.5244,0.0000,0.0000,0.1521,-0.0497,0.9871,0.0751,-0.0474,0.9960,0.1146,-0.0538,0.9920,-0.0927,0.0117,0.3462,Dark,
27.4994,6.0361,7.4483,0.0000,0.0000,0.1550,-0.0050,0.9879,0.0767,-0.0020,0.9970,0.1169,-0.0087,0.9931,-0.0910,0.0130,0.3425,Dark,
27.5107,5.8141,7.3102,0.0000,0.0000,0.1629,0.0284,0.9862,0.0855,0.0318,0.9958,0.1252,0.0250,0.9918,-0.0892,0.0143,0.3389,Dark,
27.5220,5.7251,7.2486,0.0000,0.0000,0.1723,0.0429,0.9841,0.0963,0.0466,0.9943,0.1353,0.0398,0.9900,-0.0874,0.0156,0.3355,Dark,
27.5331,5.6878,7.1724,0.0000,0.0000,0.1801,0.0679,0.9813,0.1109,0.0717,0.9912,0.1464,0.0653,0.9871,-0.0858,0.0171,0.3321,Dark,
27.5441,5.7200,7.1685,0.0000,0.0000,0.1831,0.0826,0.9796,0.1199,0.0863,0.9890,0.1523,0.0803,0.9851,-0.0840,0.0186,0.3289,Dark,
27.5553,5.7310,7.1710,0.0000,0.0000,0.1880,0.0939,0.9777,0.1288,0.0977,0.9868,0.1592,0.0920,0.9830,-0.0823,0.0200,0.3258,Dark,
27.5667,5.7738,7.2146,0.0000,0.0000,0.1911,0.1069,0.9757,0.1384,0.1105,0.9842,0.1655,0.1053,0.9806,-0.0807,0.0215,0.3227,Dark,
27.5780,5.7966,7.2429,0.0000,0.0000,0.1858,0.1404,0.9725,0.1361,0.1440,0.9802,0.1616,0.1390,0.9770,-0.0790,0.0229,0.3198,Dark,
27.5887,5.7734,7.2701,0.0000,0.0000,0.1974,0.1216,0.9728,0.1496,0.1252,0.9808,0.1741,0.1203,0.9774,-0.0774,0.0243,0.3169,Dark,
27.5997,5.7459,7.3026,0.0000,0.0000,0.1992,0.1261,0.9718,0.1545,0.1295,0.9795,0.1774,0.1249,0.9762,-0.0759,0.0257,0.3141,Dark,
27.6112,5.7367,7.3103,0.0000,0.0000,0.2032,0.1549,0.9668,0.1599,0.1585,0.9743,0.1821,0.1539,0.9712,-0.0745,0.0271,0.3115,Dark,
27.6221,5.7333,7.3245,0.0000,0.0000,0.2039,0.1383,0.9692,0.1616,0.1419,0.9766,0.1832,0.1373,0.9734,-0.0731,0.0286,0.3090,Dark,
27.6334,5.7636,7.3599,0.0000,0.0000,0.2044,0.1434,0.9683,0.1631,0.1471,0.9756,0.1842,0.1425,0.9725,-0.0717,0.0300,0.3066,Dark,
27.6444,5.7875,7.3796,0.0000,0.0000,0.2124,0.1642,0.9633,0.1714,0.1681,0.9708,0.1923,0.1635,0.9676,-0.0704,0.0314,0.3044,Dark,
27.6556,5.8466,7.4055,0.0000,0.0000,0.2081,0.1584,0.9652,0.1663,0.1625,0.9726,0.1877,0.1577,0.9695,-0.0690,0.0328,0.3023,Dark,
27.6665,5.9293,7.4390,0.0000,0.0000,0.2134,0.1694,0.9622,0.1702,0.1738,0.9700,0.1923,0.1688,0.9667,-0.0679,0.0341,0.3003,Dark,
27.6778,5.9652,7.4484,0.0000,0.0000,0.2172,0.1788,0.9596,0.1730,0.1834,0.9677,0.1956,0.1782,0.9644,-0.0667,0.0355,0.2984,Dark,
27.6896,5.9966,7.4645,0.0000,0.0000,0.2152,0.1804,0.9598,0.1683,0.1854,0.9681,0.1923,0.1799,0.9647,-0.0655,0.0368,0.2967,Dark,
27.7042,5.9973,7.4738,0.0000,0.0000,0.2151,0.1860,0.9587,0.1663,0.1913,0.9673,0.1912,0.1855,0.9639,-0.0646,0.0382,0.2950,Dark,
27.7115,6.0141,7.4812,0.0000,0.0000,0.2158,0.1922,0.9573,0.1652,0.1979,0.9662,0.1910,0.1918,0.9627,-0.0635,0.0395,0.2934,Dark,
27.7225,6.0273,7.4959,0.0000,0.0000,0.2167,0.1982,0.9559,0.1639,0.2043,0.9651,0.1909,0.1979,0.9615,-0.0626,0.0408,0.2920,Dark,
27.7335,6.0803,7.5013,0.0000,0.0000,0.2170,0.2016,0.9551,0.1599,0.2083,0.9649,0.1890,0.2013,0.9611,-0.0617,0.0421,0.2907,Dark,
27.7445,6.1051,7.4951,0.0000,0.0000,0.2179,0.2081,0.9535,0.1587,0.2152,0.9636,0.1889,0.2079,0.9597,-0.0608,0.0434,0.2895,Dark,
27.7558,6.1228,7.5274,0.0000,0.0000,0.2190,0.2156,0.9516,0.1579,0.2230,0.9619,0.1891,0.2154,0.9580,-0.0599,0.0446,0.2885,Dark,
27.7668,6.1630,7.5506,0.0000,0.0000,0.2196,0.2194,0.9506,0.1547,0.2275,0.9614,0.1878,0.2193,0.9574,-0.0592,0.0459,0.2874,Dark,
27.7780,6.1847,7.5472,0.0000,0.0000,0.2193,0.2244,0.9495,0.1524,0.2328,0.9605,0.1865,0.2243,0.9565,-0.0585,0.0470,0.2866,Dark,
27.7895,6.2013,7.5571,0.0000,0.0000,0.2193,0.2295,0.9483,0.1508,0.2383,0.9594,0.1858,0.2295,0.9554,-0.0578,0.0482,0.2857,Dark,
27.8002,6.2095,7.5707,0.0000,0.0000,0.2196,0.2316,0.9477,0.1480,0.2409,0.9592,0.1845,0.2317,0.9551,-0.0572,0.0493,0.2849,Dark,
27.8114,6.2410,7.5797,0.0000,0.0000,0.2181,0.2347,0.9473,0.1450,0.2443,0.9588,0.1823,0.2348,0.9548,-0.0566,0.0503,0.2843,Dark,
27.8226,6.2664,7.5779,0.0000,0.0000,0.2136,0.2337,0.9486,0.1377,0.2436,0.9600,0.1764,0.2338,0.9561,-0.0562,0.0513,0.2837,Dark,
27.8338,6.3218,7.5339,0.0000,0.0000,0.1507,0.2128,0.9654,0.0690,0.2221,0.9726,0.1104,0.2123,0.9709,-0.0557,0.0521,0.2831,Dark,
27.8448,6.3172,7.4997,0.0000,0.0000,0.1063,0.2073,0.9725,0.0242,0.2159,0.9761,0.0656,0.2064,0.9763,-0.0552,0.0529,0.2827,Dark,
27.8561,6.3224,7.4691,0.0000,0.0000,0.0443,0.2064,0.9775,-0.0434,0.2145,0.9758,0.0006,0.2049,0.9788,-0.0548,0.0535,0.2823,Dark,
27.8677,6.3334,7.4717,0.0000,0.0000,0.0316,0.2123,0.9767,-0.0594,0.2204,0.9736,-0.0138,0.2106,0.9775,-0.0546,0.0541,0.2820,Dark,
27.8782,6.3358,7.4774,0.0000,0.0000,0.0223,0.2143,0.9765,-0.0716,0.2226,0.9723,-0.0246,0.2125,0.9768,-0.0543,0.0544,0.2818,Dark,
27.8914,6.3329,7.4958,0.0000,0.0000,0.0212,0.2189,0.9755,-0.0784,0.2276,0.9706,-0.0285,0.2170,0.9758,-0.0542,0.0548,0.2817,Dark,
27.9005,6.3253,7.4897,0.0000,0.0000,0.0246,0.2212,0.9749,-0.0779,0.2301,0.9700,-0.0266,0.2192,0.9753,-0.0541,0.0549,0.2816,Dark,
27.9120,6.3164,7.4836,0.0000,0.0000,-0.0048,0.2144,0.9767,-0.1094,0.2230,0.9687,-0.0572,0.2121,0.9756,-0.0540,0.0550,0.2815,Dark,
27.9229,6.3269,7.4833,0.0000,0.0000,0.0247,0.2197,0.9752,-0.0830,0.2291,0.9699,-0.0291,0.2177,0.9756,-0.0540,0.0549,0.2815,Dark,
27.9344,6.3235,7.5006,0.0000,0.0000,0.0208,0.2160,0.9762,-0.0911,0.2256,0.9700,-0.0351,0.2138,0.9763,-0.0541,0.0547,0.2816,Dark,
27.9452,6.3467,7.5157,0.0000,0.0000,0.0219,0.2134,0.9767,-0.0920,0.2232,0.9704,-0.0350,0.2112,0.9768,-0.0542,0.0544,0.2817,Dark,
27.9563,6.3636,7.5457,0.0000,0.0000,0.0262,0.2103,0.9773,-0.0921,0.2205,0.9710,-0.0329,0.2080,0.9776,-0.0543,0.0540,0.2819,Dark,
27.9674,6.3600,7.5616,0.0000,0.0000,0.0286,0.2070,0.9779,-0.0919,0.2174,0.9717,-0.0316,0.2047,0.9783,-0.0545,0.0535,0.2821,Dark,
27.9784,6.3610,7.5727,0.0000,0.0000,0.0266,0.2032,0.9788,-0.0959,0.2136,0.9722,-0.0346,0.2007,0.9790,-0.0547,0.0530,0.2823,Dark,
27.9902,6.3497,7.5525,0.0000,0.0000,0.0273,0.1986,0.9797,-0.0990,0.2093,0.9728,-0.0358,0.1961,0.9799,-0.0551,0.0525,0.2827,Dark,
28.0011,6.3426,7.5414,0.0000,0.0000,0.0258,0.1943,0.9806,-0.1022,0.2050,0.9734,-0.0382,0.1916,0.9807,-0.0553,0.0519,0.2830,Dark,
28.0119,6.3241,7.5322,0.0000,0.0000,0.0239,0.1895,0.9816,-0.1057,0.2002,0.9740,-0.0408,0.1868,0.9816,-0.0556,0.0513,0.2834,Dark,
28.0234,6.3103,7.5080,0.0000,0.0000,0.0231,0.1844,0.9826,-0.1093,0.1953,0.9746,-0.0430,0.1815,0.9824,-0.0560,0.0506,0.2839,Dark,
28.0342,6.3133,7.5021,0.0000,0.0000,0.0207,0.1798,0.9835,-0.1129,0.1907,0.9751,-0.0460,0.1769,0.9832,-0.0564,0.0498,0.2843,Dark,
28.0455,6.2938,7.4978,0.0000,0.0000,0.0190,0.1743,0.9845,-0.1158,0.1851,0.9759,-0.0483,0.1712,0.9840,-0.0567,0.0491,0.2848,Dark,
28.0567,6.2718,7.4092,0.0000,0.0000,0.0177,0.1679,0.9856,-0.1192,0.1788,0.9766,-0.0507,0.1647,0.9850,-0.0571,0.0483,0.2853,Dark,
28.0676,6.2662,7.3809,0.0000,0.0000,0.0159,0.1596,0.9870,-0.1205,0.1704,0.9780,-0.0522,0.1564,0.9863,-0.0577,0.0475,0.2859,Dark,
28.0788,6.2768,7.3600,0.0000,0.0000,0.0175,0.1505,0.9885,-0.1194,0.1613,0.9797,-0.0508,0.1472,0.9878,-0.0581,0.0465,0.2864,Dark,
28.0902,6.2403,6.9436,0.0000,0.0000,0.0532,0.1395,0.9888,-0.0680,0.1498,0.9864,-0.0069,0.1369,0.9906,-0.0586,0.0455,0.2870,Dark,
28.1012,6.1991,6.6189,0.0000,0.0000,0.0783,0.1272,0.9888,-0.0431,0.1378,0.9895,0.0183,0.1247,0.9920,-0.0591,0.0444,0.2876,Dark,
28.1122,5.9983,6.3600,0.0000,0.0000,0.0635,0.1404,0.9881,-0.0575,0.1505,0.9869,0.0036,0.1377,0.9905,-0.0597,0.0431,0.2882,Dark,
28.1238,5.7427,4.5201,0.0000,0.0000,0.0801,0.1625,0.9835,-0.0399,0.1726,0.9842,0.0208,0.1600,0.9869,-0.0603,0.0418,0.2889,Dark,
28.1346,5.6837,7.4929,0.0000,0.0000,0.0775,0.1477,0.9860,-0.0426,0.1577,0.9866,0.0182,0.1451,0.9892,-0.0610,0.0402,0.2895,Dark,
28.1459,5.8235,7.4929,0.0000,0.0000,0.0897,0.1070,0.9902,-0.0310,0.1171,0.9926,0.0302,0.1042,0.9941,-0.0616,0.0386,0.2901,Dark,
28.1572,6.1204,7.4929,0.0000,0.0000,0.1148,0.0459,0.9923,-0.0064,0.0558,0.9984,0.0553,0.0428,0.9976,-0.0624,0.0369,0.2908,Dark,
28.1680,6.2434,7.4929,0.0000,0.0000,0.1206,0.0165,0.9926,-0.0006,0.0260,0.9997,0.0612,0.0131,0.9980,-0.0632,0.0350,0.2915,Dark,
28.1793,6.4311,7.4929,0.0000,0.0000,0.1276,-0.0244,0.9915,0.0063,-0.0154,0.9999,0.0682,-0.0282,0.9973,-0.0640,0.0330,0.2921,Dark,
28.1905,6.4653,7.4929,0.0000,0.0000,0.1336,-0.0226,0.9908,0.0128,-0.0138,0.9998,0.0745,-0.0265,0.9969,-0.0648,0.0308,0.2928,Dark,
28.2015,6.5169,7.4929,0.0000,0.0000,0.1369,-0.0588,0.9888,0.0161,-0.0507,0.9986,0.0779,-0.0631,0.9950,-0.0656,0.0287,0.2933,Dark,
28.2125,6.6013,6.0287,0.0000,0.0000,0.1302,-0.1308,0.9828,0.0518,-0.1265,0.9906,0.0918,-0.1341,0.9867,-0.0664,0.0266,0.2938,Dark,
28.2241,6.6364,6.6747,0.0000,0.0000,0.1235,-0.1935,0.9733,0.0450,-0.1899,0.9808,0.0851,-0.1971,0.9767,-0.0674,0.0245,0.2944,Dark,
28.2350,6.6913,7.2273,0.0000,0.0000,0.1153,-0.2569,0.9595,0.0472,-0.2545,0.9659,0.0819,-0.2603,0.9620,-0.0682,0.0226,0.2950,Dark,
28.2461,6.7660,8.0024,0.0000,0.0000,0.0981,-0.3560,0.9293,0.0262,-0.3543,0.9348,0.0628,-0.3599,0.9309,-0.0691,0.0207,0.2957,Dark,
28.2577,6.7896,8.0552,0.0000,0.0000,0.0826,-0.4096,0.9085,0.0067,-0.4080,0.9129,0.0453,-0.4137,0.9093,-0.0700,0.0189,0.2964,Dark,
28.2682,6.8286,8.0979,0.0000,0.0000,0.0661,-0.4575,0.8868,-0.0139,-0.4558,0.8900,0.0268,-0.4617,0.8866,-0.0709,0.0170,0.2972,Dark,
28.2793,6.8950,8.2548,0.0000,0.0000,0.0474,-0.5330,0.8448,-0.0420,-0.5311,0.8463,0.0035,-0.5374,0.8433,-0.0717,0.0152,0.2978,Dark,
28.2906,6.9241,8.2953,0.0000,0.0000,0.0383,-0.5626,0.8258,-0.0565,-0.5604,0.8263,-0.0082,-0.5671,0.8236,-0.0725,0.0134,0.2984,Dark,
28.3017,6.9497,8.3231,0.0000,0.0000,0.0370,-0.5827,0.8119,-0.0637,-0.5803,0.8119,-0.0124,-0.5874,0.8092,-0.0733,0.0116,0.2989,Dark,
28.3131,6.9643,8.3579,0.0000,0.0000,0.0398,-0.5954,0.8025,-0.0743,-0.5927,0.8020,-0.0161,-0.6008,0.7993,-0.0741,0.0100,0.2995,Dark,
28.3242,6.9595,8.3439,0.0000,0.0000,0.0429,-0.5981,0.8003,-0.0786,-0.5953,0.7996,-0.0166,-0.6040,0.7968,-0.0749,0.0085,0.3002,Dark,
28.3352,6.9507,8.2747,0.0000,0.0000,0.0557,-0.6003,0.7978,-0.0804,-0.5978,0.7976,-0.0109,-0.6073,0.7944,-0.0756,0.0070,0.3009,Dark,
28.3466,6.9358,8.2267,0.0000,0.0000,0.0613,-0.6008,0.7971,-0.0822,-0.5985,0.7969,-0.0089,-0.6084,0.7935,-0.0763,0.0057,0.3017,Dark,
28.3576,6.9247,8.2376,0.0000,0.0000,0.0643,-0.5982,0.7988,-0.0867,-0.5957,0.7985,-0.0095,-0.6064,0.7951,-0.0771,0.0044,0.3025,Dark,
28.3687,7.0335,8.3241,0.0000,0.0000,0.0759,-0.6023,0.7947,-0.0877,-0.6003,0.7949,-0.0039,-0.6116,0.7911,-0.0777,0.0033,0.3035,Dark,
28.3798,7.0577,8.3876,0.0000,0.0000,0.0886,-0.6025,0.7932,-0.0807,-0.6017,0.7946,0.0061,-0.6129,0.7902,-0.0784,0.0021,0.3046,Dark,
28.3910,7.0754,8.4326,0.0000,0.0000,0.0925,-0.6076,0.7889,-0.0820,-0.6071,0.7904,0.0075,-0.6185,0.7858,-0.0790,0.0008,0.3056,Dark,
28.4021,7.1192,8.4783,0.0000,0.0000,0.1181,-0.6189,0.7766,-0.0621,-0.6214,0.7811,0.0306,-0.6316,0.7747,-0.0796,-0.0004,0.3067,Dark,
28.4137,7.1328,8.4865,0.0000,0.0000,0.1328,-0.6262,0.7682,-0.0489,-0.6307,0.7745,0.0447,-0.6400,0.7671,-0.0802,-0.0017,0.3079,Dark,
28.4244,7.1450,8.4691,0.0000,0.0000,0.1392,-0.6313,0.7630,-0.0438,-0.6367,0.7698,0.0505,-0.6456,0.7620,-0.0807,-0.0031,0.3090,Dark,
28.4354,7.1215,8.4516,0.0000,0.0000,0.1371,-0.6375,0.7581,-0.0489,-0.6429,0.7644,0.0470,-0.6520,0.7568,-0.0812,-0.0044,0.3102,Dark,
28.4465,7.1101,8.4489,0.0000,0.0000,0.1456,-0.6368,0.7572,-0.0429,-0.6432,0.7645,0.0544,-0.6520,0.7563,-0.0817,-0.0058,0.3114,Dark,
28.4578,7.1008,8.4231,0.0000,0.0000,0.1489,-0.6412,0.7528,-0.0417,-0.6481,0.7604,0.0567,-0.6568,0.7519,-0.0822,-0.0073,0.3126,Dark,
28.4762,7.0656,8.4120,0.0000,0.0000,0.1607,-0.6467,0.7457,-0.0375,-0.6554,0.7543,0.0651,-0.6637,0.7451,-0.0831,-0.0103,0.3152,Dark,
28.4801,7.0656,8.4120,0.0000,0.0000,0.1609,-0.6469,0.7454,-0.0373,-0.6557,0.7541,0.0653,-0.6640,0.7449,-0.0831,-0.0104,0.3152,Dark,
28.4911,7.0588,8.3918,0.0000,0.0000,0.1636,-0.6520,0.7403,-0.0366,-0.6614,0.7491,0.0671,-0.6695,0.7397,-0.0836,-0.0121,0.3164,Dark,
28.5023,7.0301,8.3665,0.0000,0.0000,0.1752,-0.6558,0.7343,-0.0277,-0.6670,0.7446,0.0775,-0.6744,0.7343,-0.0840,-0.0140,0.3176,Dark,
28.5134,7.0278,8.3486,0.0000,0.0000,0.1691,-0.6588,0.7331,-0.0369,-0.6691,0.7422,0.0699,-0.6772,0.7324,-0.0844,-0.0159,0.3188,Dark,
28.5247,7.0027,8.3155,0.0000,0.0000,0.1716,-0.6625,0.7292,-0.0372,-0.6733,0.7385,0.0711,-0.6814,0.7285,-0.0847,-0.0179,0.3198,Dark,
28.5356,6.9834,8.3083,0.0000,0.0000,0.1787,-0.6715,0.7192,-0.0304,-0.6836,0.7293,0.0782,-0.6909,0.7187,-0.0851,-0.0199,0.3206,Dark,
28.5468,7.0238,8.3366,0.0000,0.0000,0.1751,-0.6779,0.7140,-0.0364,-0.6896,0.7233,0.0734,-0.6973,0.7130,-0.0854,-0.0221,0.3215,Dark,
28.5580,7.0864,8.4177,0.0000,0.0000,0.1794,-0.6843,0.7068,-0.0354,-0.6968,0.7164,0.0762,-0.7044,0.7057,-0.0859,-0.0242,0.3224,Dark,
28.5689,7.1072,8.4633,0.0000,0.0000,0.1786,-0.6908,0.7006,-0.0375,-0.7034,0.7098,0.0747,-0.7110,0.6992,-0.0862,-0.0262,0.3233,Dark,
28.5800,7.1234,8.4759,0.0000,0.0000,0.1774,-0.6988,0.6930,-0.0400,-0.7115,0.7016,0.0729,-0.7190,0.6912,-0.0865,-0.0282,0.3243,Dark,
28.5911,7.1228,8.5123,0.0000,0.0000,0.1766,-0.7106,0.6811,-0.0416,-0.7235,0.6891,0.0717,-0.7308,0.6788,-0.0868,-0.0302,0.3251,Dark,
28.6023,7.1137,8.5198,0.0000,0.0000,0.1800,-0.7189,0.6714,-0.0390,-0.7327,0.6795,0.0748,-0.7396,0.6689,-0.0871,-0.0321,0.3259,Dark,
28.6135,7.1066,8.4921,0.0000,0.0000,0.1839,-0.7273,0.6612,-0.0351,-0.7420,0.6695,0.0787,-0.7483,0.6586,-0.0874,-0.0340,0.3265,Dark,
28.6247,7.0592,8.4741,0.0000,0.0000,0.1927,-0.7330,0.6524,-0.0277,-0.7492,0.6617,0.0870,-0.7548,0.6502,-0.0877,-0.0357,0.3272,Dark,
28.6357,7.0260,8.4767,0.0000,0.0000,0.1968,-0.7374,0.6461,-0.0242,-0.7545,0.6559,0.0909,-0.7597,0.6439,-0.0879,-0.0372,0.3278,Dark,
28.6469,7.0002,8.4459,0.0000,0.0000,0.1996,-0.7410,0.6412,-0.0222,-0.7586,0.6511,0.0932,-0.7636,0.6390,-0.0882,-0.0386,0.3284,Dark,
28.6583,6.9543,8.3946,0.0000,0.0000,0.2002,-0.7416,0.6402,-0.0227,-0.7594,0.6503,0.0934,-0.7643,0.6380,-0.0884,-0.0397,0.3291,Dark,
28.6692,6.9313,8.3712,0.0000,0.0000,0.2029,-0.7408,0.6403,-0.0202,-0.7589,0.6508,0.0960,-0.7637,0.6383,-0.0886,-0.0408,0.3299,Dark,
28.6803,6.9145,8.3280,0.0000,0.0000,0.2009,-0.7411,0.6407,-0.0234,-0.7588,0.6509,0.0934,-0.7639,0.6385,-0.0888,-0.0417,0.3307,Dark,
28.6916,6.9425,8.3204,0.0000,0.0000,0.2006,-0.7288,0.6547,-0.0259,-0.7460,0.6654,0.0921,-0.7518,0.6529,-0.0890,-0.0426,0.3315,Dark,
28.7025,6.9115,8.3429,0.0000,0.0000,0.2227,-0.7157,0.6619,-0.0071,-0.7364,0.6765,0.1130,-0.7409,0.6621,-0.0892,-0.0434,0.3323,Dark,
28.7138,6.8856,8.3084,0.0000,0.0000,0.2217,-0.7189,0.6588,-0.0124,-0.7395,0.6731,0.1100,-0.7443,0.6587,-0.0893,-0.0442,0.3329,Dark,
28.7251,6.8292,8.2424,0.0000,0.0000,0.2607,-0.7055,0.6590,0.0218,-0.7329,0.6800,0.1474,-0.7348,0.6620,-0.0894,-0.0450,0.3333,Dark,
28.7362,6.8006,8.2094,0.0000,0.0000,0.2780,-0.7047,0.6528,0.0368,-0.7354,0.6767,0.1641,-0.7358,0.6570,-0.0896,-0.0456,0.3337,Dark,
28.7472,6.7821,8.1997,0.0000,0.0000,0.2810,-0.7032,0.6531,0.0352,-0.7344,0.6778,0.1650,-0.7350,0.6577,-0.0897,-0.0462,0.3340,Dark,
28.7585,6.7853,8.2173,0.0000,0.0000,0.2969,-0.7007,0.6487,0.0456,-0.7352,0.6763,0.1787,-0.7346,0.6545,-0.0898,-0.0467,0.3343,Dark,
28.7695,6.7724,8.2336,0.0000,0.0000,0.3028,-0.6994,0.6475,0.0491,-0.7350,0.6763,0.1836,-0.7341,0.6538,-0.0899,-0.0471,0.3347,Dark,
28.7807,6.7619,8.2262,0.0000,0.0000,0.3032,-0.7016,0.6449,0.0470,-0.7375,0.6737,0.1828,-0.7366,0.6512,-0.0900,-0.0474,0.3350,Dark,
28.7918,6.7450,8.2188,0.0000,0.0000,0.3054,-0.7019,0.6434,0.0445,-0.7385,0.6727,0.1829,-0.7377,0.6499,-0.0901,-0.0477,0.3351,Dark,
28.8028,6.7504,8.2200,0.0000,0.0000,0.3117,-0.6969,0.6459,0.0492,-0.7346,0.6768,0.1887,-0.7334,0.6531,-0.0903,-0.0480,0.3353,Dark,
28.8141,6.7501,8.1983,0.0000,0.0000,0.3179,-0.6925,0.6476,0.0524,-0.7313,0.6800,0.1937,-0.7299,0.6555,-0.0904,-0.0483,0.3355,Dark,
28.8257,6.7441,8.1912,0.0000,0.0000,0.3182,-0.6935,0.6464,0.0514,-0.7324,0.6789,0.1933,-0.7310,0.6544,-0.0906,-0.0484,0.3355,Dark,
28.8364,6.7406,8.1848,0.0000,0.0000,0.3234,-0.6892,0.6484,0.0560,-0.7290,0.6823,0.1984,-0.7273,0.6571,-0.0907,-0.0486,0.3356,Dark,
28.8474,6.7452,8.1836,0.0000,0.0000,0.3276,-0.6858,0.6499,0.0586,-0.7264,0.6847,0.2021,-0.7245,0.6590,-0.0908,-0.0487,0.3355,Dark,
28.8587,6.7533,8.1956,0.0000,0.0000,0.3265,-0.6874,0.6488,0.0563,-0.7279,0.6834,0.2003,-0.7261,0.6577,-0.0909,-0.0488,0.3354,Dark,
28.8697,6.7599,8.2055,0.0000,0.0000,0.3310,-0.6830,0.6511,0.0607,-0.7242,0.6869,0.2049,-0.7222,0.6607,-0.0911,-0.0489,0.3352,Dark,
28.8807,6.7633,8.2164,0.0000,0.0000,0.3341,-0.6800,0.6527,0.0630,-0.7217,0.6893,0.2078,-0.7195,0.6627,-0.0912,-0.0489,0.3350,Dark,
28.8922,6.7612,8.2144,0.0000,0.0000,0.3326,-0.6815,0.6519,0.0606,-0.7231,0.6881,0.2058,-0.7210,0.6617,-0.0914,-0.0489,0.3348,Dark,
28.9030,6.7500,8.2117,0.0000,0.0000,0.3372,-0.6767,0.6545,0.0656,-0.7189,0.6920,0.2107,-0.7165,0.6650,-0.0914,-0.0489,0.3345,Dark,
28.9142,6.7313,8.2048,0.0000,0.0000,0.3391,-0.6739,0.6565,0.0671,-0.7163,0.6945,0.2125,-0.7139,0.6673,-0.0915,-0.0489,0.3343,Dark,
28.9257,6.7240,8.1889,0.0000,0.0000,0.3373,-0.6752,0.6560,0.0648,-0.7174,0.6936,0.2104,-0.7151,0.6666,-0.0917,-0.0488,0.3341,Dark,
28.9364,6.7181,8.1762,0.0000,0.0000,0.3416,-0.6710,0.6580,0.0697,-0.7139,0.6968,0.2151,-0.7113,0.6692,-0.0917,-0.0487,0.3337,Dark,
28.9476,6.6983,8.1544,0.0000,0.0000,0.3433,-0.6686,0.6596,0.0715,-0.7117,0.6988,0.2169,-0.7090,0.6711,-0.0918,-0.0487,0.3334,Dark,
28.9589,6.6854,8.1478,0.0000,0.0000,0.3419,-0.6693,0.6597,0.0699,-0.7121,0.6986,0.2153,-0.7095,0.6710,-0.0919,-0.0485,0.3331,Dark,
28.9699,6.6707,8.1389,0.0000,0.0000,0.3434,-0.6666,0.6616,0.0720,-0.7096,0.7009,0.2171,-0.7069,0.6731,-0.0920,-0.0484,0.3328,Dark,
28.9809,6.6573,8.1349,0.0000,0.0000,0.3465,-0.6628,0.6638,0.0758,-0.7063,0.7039,0.2207,-0.7033,0.6757,-0.0921,-0.0482,0.3324,Dark,
28.9923,6.6476,8.1321,0.0000,0.0000,0.3464,-0.6618,0.6649,0.0759,-0.7052,0.7050,0.2206,-0.7022,0.6769,-0.0921,-0.0480,0.3322,Dark,
29.0032,6.6537,8.1487,0.0000,0.0000,0.3470,-0.6599,0.6665,0.0767,-0.7033,0.7067,0.2213,-0.7004,0.6786,-0.0922,-0.0478,0.3318,Dark,
29.0144,6.6565,8.1610,0.0000,0.0000,0.3469,-0.6587,0.6676,0.0766,-0.7022,0.7078,0.2213,-0.6993,0.6798,-0.0923,-0.0476,0.3315,Dark,
29.0260,6.6446,8.1712,0.0000,0.0000,0.3472,-0.6570,0.6692,0.0771,-0.7005,0.7095,0.2217,-0.6975,0.6814,-0.0924,-0.0473,0.3313,Dark,
29.0367,6.6343,8.1347,0.0000,0.0000,0.3457,-0.6566,0.6704,0.0760,-0.6999,0.7102,0.2203,-0.6970,0.6824,-0.0925,-0.0472,0.3310,Dark,
29.0478,6.6331,8.1016,0.0000,0.0000,0.3438,-0.6572,0.6707,0.0742,-0.7003,0.7100,0.2184,-0.6975,0.6825,-0.0926,-0.0470,0.3307,Dark,
29.0590,6.6315,8.0748,0.0000,0.0000,0.3441,-0.6554,0.6724,0.0748,-0.6985,0.7117,0.2189,-0.6956,0.6843,-0.0928,-0.0468,0.3306,Dark,
29.0702,6.6328,8.0812,0.0000,0.0000,0.3409,-0.6570,0.6724,0.0717,-0.6996,0.7110,0.2156,-0.6970,0.6839,-0.0930,-0.0466,0.3303,Dark,
29.0813,6.6332,8.0846,0.0000,0.0000,0.3391,-0.6574,0.6729,0.0699,-0.6997,0.7110,0.2138,-0.6973,0.6842,-0.0931,-0.0464,0.3300,Dark,
29.0926,6.6250,8.0882,0.0000,0.0000,0.3382,-0.6570,0.6738,0.0693,-0.6992,0.7116,0.2130,-0.6968,0.6850,-0.0932,-0.0461,0.3299,Dark,
29.1035,6.6034,8.1028,0.0000,0.0000,0.3362,-0.6576,0.6742,0.0675,-0.6995,0.7114,0.2111,-0.6972,0.6851,-0.0934,-0.0460,0.3296,Dark,
29.1150,6.5914,8.1055,0.0000,0.0000,0.3349,-0.6579,0.6745,0.0663,-0.6997,0.7113,0.2098,-0.6975,0.6852,-0.0935,-0.0458,0.3294,Dark,
29.1260,6.5729,8.0810,0.0000,0.0000,0.3339,-0.6584,0.6746,0.0658,-0.7000,0.7111,0.2090,-0.6978,0.6852,-0.0936,-0.0456,0.3293,Dark,
29.1372,6.5753,8.0578,0.0000,0.0000,0.3335,-0.6579,0.6753,0.0657,-0.6995,0.7116,0.2087,-0.6972,0.6858,-0.0937,-0.0454,0.3291,Dark,
29.1481,6.5784,8.0459,0.0000,0.0000,0.3328,-0.6578,0.6757,0.0652,-0.6993,0.7118,0.2081,-0.6971,0.6861,-0.0938,-0.0452,0.3289,Dark,
29.1593,6.5521,8.0408,0.0000,0.0000,0.3316,-0.6584,0.6757,0.0644,-0.6998,0.7114,0.2070,-0.6976,0.6860,-0.0940,-0.0450,0.3289,Dark,
29.1706,6.5683,8.0463,0.0000,0.0000,0.3311,-0.6578,0.6765,0.0640,-0.6991,0.7121,0.2066,-0.6969,0.6867,-0.0941,-0.0449,0.3288,Dark,
29.1818,6.5820,8.0680,0.0000,0.0000,0.3305,-0.6572,0.6773,0.0635,-0.6985,0.7128,0.2060,-0.6963,0.6875,-0.0942,-0.0447,0.3286,Dark,
29.1927,6.5728,8.0610,0.0000,0.0000,0.3303,-0.6572,0.6775,0.0633,-0.6985,0.7128,0.2059,-0.6963,0.6876,-0.0943,-0.0445,0.3287,Dark,
29.2038,6.5805,8.0396,0.0000,0.0000,0.3302,-0.6565,0.6782,0.0633,-0.6978,0.7135,0.2058,-0.6956,0.6883,-0.0943,-0.0444,0.3286,Dark,
29.2150,6.5850,8.0469,0.0000,0.0000,0.3293,-0.6569,0.6783,0.0622,-0.6980,0.7134,0.2048,-0.6959,0.6883,-0.0943,-0.0443,0.3284,Dark,
29.2262,6.5909,8.0510,0.0000,0.0000,0.3286,-0.6571,0.6784,0.0614,-0.6981,0.7134,0.2040,-0.6961,0.6884,-0.0943,-0.0441,0.3286,Dark,
29.2383,6.5948,8.0514,0.0000,0.0000,0.3287,-0.6566,0.6789,0.0615,-0.6975,0.7139,0.2041,-0.6956,0.6889,-0.0943,-0.0441,0.3285,Dark,
29.2488,6.5968,8.0527,0.0000,0.0000,0.3280,-0.6571,0.6787,0.0606,-0.6980,0.7136,0.2033,-0.6961,0.6886,-0.0943,-0.0440,0.3284,Dark,
29.2597,6.6144,8.0618,0.0000,0.0000,0.3276,-0.6574,0.6786,0.0600,-0.6981,0.7135,0.2028,-0.6963,0.6885,-0.0943,-0.0440,0.3285,Dark,
29.2706,6.6135,8.0716,0.0000,0.0000,0.3281,-0.6573,0.6785,0.0604,-0.6981,0.7135,0.2033,-0.6962,0.6884,-0.0943,-0.0440,0.3284,Dark,
29.2819,6.6123,8.0785,0.0000,0.0000,0.3276,-0.6581,0.6779,0.0596,-0.6988,0.7128,0.2026,-0.6970,0.6878,-0.0942,-0.0441,0.3284,Dark,
29.2933,6.7033,8.1136,0.0000,0.0000,0.3277,-0.6684,0.6677,0.0584,-0.7098,0.7020,0.2021,-0.7076,0.6771,-0.0942,-0.0440,0.3285,Dark,
29.3043,6.7276,8.1370,0.0000,0.0000,0.3327,-0.6749,0.6587,0.0623,-0.7178,0.6934,0.2066,-0.7148,0.6681,-0.0941,-0.0441,0.3285,Dark,
29.3153,6.7457,8.1358,0.0000,0.0000,0.3349,-0.6833,0.6489,0.0637,-0.7273,0.6833,0.2085,-0.7237,0.6579,-0.0940,-0.0443,0.3285,Dark,
29.3267,6.7431,8.1335,0.0000,0.0000,0.3415,-0.6824,0.6462,0.0691,-0.7280,0.6820,0.2147,-0.7237,0.6558,-0.0940,-0.0444,0.3285,Dark,
29.3377,6.7356,8.1288,0.0000,0.0000,0.3453,-0.6870,0.6393,0.0674,-0.7342,0.6756,0.2161,-0.7295,0.6489,-0.0939,-0.0444,0.3287,Dark,
29.3488,6.7372,8.1444,0.0000,0.0000,0.3473,-0.6895,0.6357,0.0670,-0.7374,0.6721,0.2170,-0.7325,0.6453,-0.0939,-0.0444,0.3287,Dark,
29.3599,6.7417,8.1736,0.0000,0.0000,0.3517,-0.6885,0.6343,0.0671,-0.7376,0.6719,0.2196,-0.7325,0.6444,-0.0939,-0.0444,0.3289,Dark,
29.3710,6.7433,8.1841,0.0000,0.0000,0.3551,-0.6871,0.6339,0.0687,-0.7370,0.6724,0.2223,-0.7317,0.6444,-0.0938,-0.0445,0.3289,Dark,
29.3821,6.7434,8.1931,0.0000,0.0000,0.3554,-0.6877,0.6330,0.0668,-0.7379,0.6716,0.2217,-0.7326,0.6435,-0.0938,-0.0446,0.3289,Dark,
29.3934,6.7256,8.1904,0.0000,0.0000,0.3594,-0.6858,0.6329,0.0672,-0.7369,0.6726,0.2241,-0.7315,0.6439,-0.0937,-0.0445,0.3290,Dark,
29.4050,6.7393,8.1836,0.0000,0.0000,0.3617,-0.6836,0.6339,0.0681,-0.7352,0.6744,0.2259,-0.7298,0.6453,-0.0937,-0.0445,0.3290,Dark,
29.4158,6.7513,8.1808,0.0000,0.0000,0.3612,-0.6844,0.6333,0.0658,-0.7360,0.6738,0.2245,-0.7307,0.6447,-0.0937,-0.0445,0.3291,Dark,
29.4266,6.7654,8.1865,0.0000,0.0000,0.3634,-0.6818,0.6349,0.0653,-0.7339,0.6761,0.2256,-0.7286,0.6467,-0.0937,-0.0443,0.3292,Dark,
29.4377,6.7679,8.1939,0.0000,0.0000,0.3655,-0.6804,0.6352,0.0668,-0.7329,0.6770,0.2275,-0.7275,0.6473,-0.0937,-0.0442,0.3293,Dark,
29.4490,6.7680,8.2017,0.0000,0.0000,0.3646,-0.6809,0.6351,0.0646,-0.7334,0.6768,0.2260,-0.7281,0.6471,-0.0937,-0.0442,0.3293,Dark,
29.4600,6.7556,8.2102,0.0000,0.0000,0.3640,-0.6808,0.6355,0.0618,-0.7332,0.6772,0.2244,-0.7282,0.6476,-0.0938,-0.0440,0.3294,Dark,
29.4716,6.7517,8.2115,0.0000,0.0000,0.3666,-0.6793,0.6357,0.0641,-0.7322,0.6781,0.2269,-0.7270,0.6481,-0.0938,-0.0440,0.3295,Dark,
29.4824,6.7503,8.2101,0.0000,0.0000,0.3639,-0.6807,0.6358,0.0600,-0.7331,0.6775,0.2235,-0.7283,0.6478,-0.0938,-0.0439,0.3295,Dark,
29.4935,6.7679,8.2144,0.0000,0.0000,0.3642,-0.6809,0.6354,0.0591,-0.7334,0.6772,0.2233,-0.7286,0.6475,-0.0938,-0.0438,0.3296,Dark,
29.5047,6.7714,8.2192,0.0000,0.0000,0.3656,-0.6791,0.6364,0.0602,-0.7319,0.6787,0.2246,-0.7271,0.6488,-0.0938,-0.0437,0.3296,Dark,
29.5158,6.7735,8.2483,0.0000,0.0000,0.3666,-0.6790,0.6361,0.0605,-0.7320,0.6786,0.2253,-0.7271,0.6485,-0.0939,-0.0437,0.3296,Dark,
29.5269,6.7724,8.2631,0.0000,0.0000,0.3659,-0.6801,0.6353,0.0594,-0.7331,0.6775,0.2244,-0.7282,0.6476,-0.0939,-0.0436,0.3296,Dark,
29.5381,6.7668,8.2740,0.0000,0.0000,0.3673,-0.6786,0.6360,0.0609,-0.7318,0.6788,0.2259,-0.7268,0.6486,-0.0939,-0.0436,0.3296,Dark,
29.5495,6.7598,8.2533,0.0000,0.0000,0.3667,-0.6796,0.6354,0.0601,-0.7327,0.6779,0.2252,-0.7277,0.6479,-0.0939,-0.0437,0.3296,Dark,
29.5604,6.7644,8.2432,0.0000,0.0000,0.3675,-0.6794,0.6352,0.0610,-0.7326,0.6779,0.2260,-0.7276,0.6477,-0.0939,-0.0436,0.3296,Dark,
29.5715,6.7688,8.2320,0.0000,0.0000,0.3680,-0.6796,0.6346,0.0615,-0.7330,0.6774,0.2265,-0.7279,0.6472,-0.0939,-0.0437,0.3296,Dark,
29.5827,6.7690,8.2070,0.0000,0.0000,0.3688,-0.6794,0.6343,0.0621,-0.7330,0.6774,0.2272,-0.7278,0.6470,-0.0940,-0.0437,0.3296,Dark,
29.5938,6.7663,8.2012,0.0000,0.0000,0.3695,-0.6792,0.6342,0.0628,-0.7329,0.6774,0.2280,-0.7277,0.6469,-0.0940,-0.0436,0.3296,Dark,
29.6048,6.7636,8.1967,0.0000,0.0000,0.3697,-0.6793,0.6339,0.0630,-0.7332,0.6771,0.2282,-0.7278,0.6467,-0.0940,-0.0436,0.3295,Dark,
29.6160,6.7754,8.2007,0.0000,0.0000,0.3704,-0.6793,0.6336,0.0637,-0.7334,0.6769,0.2289,-0.7279,0.6463,-0.0940,-0.0437,0.3295,Dark,
29.6271,6.7890,8.2073,0.0000,0.0000,0.3709,-0.6790,0.6336,0.0642,-0.7332,0.6770,0.2294,-0.7277,0.6464,-0.0940,-0.0436,0.3295,Dark,
29.6383,6.8002,8.2032,0.0000,0.0000,0.3709,-0.6791,0.6335,0.0640,-0.7334,0.6768,0.2293,-0.7279,0.6463,-0.0940,-0.0436,0.3295,Dark,
29.6497,6.7768,8.1944,0.0000,0.0000,0.3706,-0.6793,0.6334,0.0634,-0.7336,0.6766,0.2289,-0.7281,0.6461,-0.0941,-0.0437,0.3294,Dark,
29.6606,6.7719,8.1898,0.0000,0.0000,0.3716,-0.6785,0.6337,0.0645,-0.7330,0.6772,0.2300,-0.7274,0.6466,-0.0941,-0.0437,0.3294,Dark,
29.6716,6.7680,8.1917,0.0000,0.0000,0.3715,-0.6782,0.6341,0.0642,-0.7327,0.6775,0.2298,-0.7271,0.6469,-0.0942,-0.0436,0.3293,Dark,
29.6829,6.7487,8.1981,0.0000,0.0000,0.3728,-0.6764,0.6352,0.0656,-0.7312,0.6790,0.2312,-0.7255,0.6482,-0.0942,-0.0436,0.3293,Dark,
29.6940,6.7491,8.2011,0.0000,0.0000,0.3738,-0.6750,0.6361,0.0667,-0.7299,0.6802,0.2323,-0.7242,0.6493,-0.0942,-0.0433,0.3294,Dark,
29.7052,6.7493,8.2000,0.0000,0.0000,0.3744,-0.6743,0.6366,0.0673,-0.7293,0.6809,0.2329,-0.7234,0.6499,-0.0943,-0.0433,0.3294,Dark,
29.7163,6.7245,8.2043,0.0000,0.0000,0.3741,-0.6741,0.6369,0.0667,-0.7291,0.6812,0.2325,-0.7233,0.6502,-0.0943,-0.0433,0.3294,Dark,
29.7275,6.7329,8.2094,0.0000,0.0000,0.3751,-0.6728,0.6377,0.0679,-0.7280,0.6822,0.2336,-0.7221,0.6511,-0.0944,-0.0431,0.3294,Dark,
29.7385,6.7401,8.2002,0.0000,0.0000,0.3749,-0.6730,0.6376,0.0676,-0.7282,0.6820,0.2334,-0.7223,0.6510,-0.0944,-0.0431,0.3294,Dark,
29.7501,6.7321,8.1849,0.0000,0.0000,0.3746,-0.6734,0.6374,0.0671,-0.7286,0.6817,0.2330,-0.7227,0.6507,-0.0945,-0.0431,0.3294,Dark,
29.7609,6.7197,8.1784,0.0000,0.0000,0.3755,-0.6724,0.6379,0.0681,-0.7278,0.6824,0.2340,-0.7218,0.6513,-0.0945,-0.0430,0.3293,Dark,
29.7720,6.7081,8.1828,0.0000,0.0000,0.3753,-0.6728,0.6376,0.0677,-0.7282,0.6820,0.2337,-0.7222,0.6510,-0.0946,-0.0429,0.3293,Dark,
29.7832,6.6999,8.1736,0.0000,0.0000,0.3752,-0.6729,0.6376,0.0673,-0.7283,0.6820,0.2335,-0.7223,0.6510,-0.0946,-0.0429,0.3293,Dark,
29.7943,6.7031,8.1611,0.0000,0.0000,0.3763,-0.6717,0.6381,0.0686,-0.7273,0.6829,0.2347,-0.7213,0.6517,-0.0946,-0.0427,0.3292,Dark,
29.8054,6.7068,8.1451,0.0000,0.0000,0.3764,-0.6717,0.6381,0.0686,-0.7273,0.6829,0.2348,-0.7212,0.6517,-0.0946,-0.0427,0.3292,Dark,
29.8168,6.7092,8.1333,0.0000,0.0000,0.3766,-0.6718,0.6378,0.0686,-0.7275,0.6827,0.2349,-0.7214,0.6514,-0.0946,-0.0427,0.3292,Dark,
29.8277,6.7077,8.1372,0.0000,0.0000,0.3780,-0.6703,0.6386,0.0702,-0.7263,0.6838,0.2364,-0.7201,0.6524,-0.0946,-0.0426,0.3291,Dark,
29.8387,6.7063,8.1430,0.0000,0.0000,0.3785,-0.6700,0.6387,0.0706,-0.7260,0.6840,0.2369,-0.7198,0.6525,-0.0946,-0.0426,0.3291,Dark,
29.8501,6.6978,8.1494,0.0000,0.0000,0.3788,-0.6699,0.6385,0.0709,-0.7261,0.6839,0.2372,-0.7198,0.6524,-0.0946,-0.0425,0.3291,Dark,
29.8611,6.6876,8.1494,0.0000,0.0000,0.3803,-0.6684,0.6392,0.0727,-0.7248,0.6851,0.2389,-0.7184,0.6533,-0.0946,-0.0424,0.3290,Dark,
29.8721,6.6793,8.1453,0.0000,0.0000,0.3805,-0.6685,0.6390,0.0728,-0.7249,0.6850,0.2391,-0.7185,0.6532,-0.0946,-0.0423,0.3290,Dark,
29.8834,6.6709,8.1317,0.0000,0.0000,0.3823,-0.6671,0.6394,0.0746,-0.7239,0.6858,0.2409,-0.7173,0.6538,-0.0945,-0.0422,0.3289,Dark,
29.8945,6.6711,8.1235,0.0000,0.0000,0.3840,-0.6655,0.6401,0.0766,-0.7226,0.6871,0.2429,-0.7158,0.6547,-0.0945,-0.0421,0.3289,Dark,
29.9059,6.6768,8.1424,0.0000,0.0000,0.3845,-0.6655,0.6398,0.0768,-0.7227,0.6869,0.2432,-0.7159,0.6545,-0.0945,-0.0421,0.3289,Dark,
29.9169,6.6805,8.1431,0.0000,0.0000,0.3841,-0.6660,0.6394,0.0761,-0.7232,0.6864,0.2427,-0.7165,0.6541,-0.0945,-0.0420,0.3289,Dark,
29.9280,6.6823,8.1436,0.0000,0.0000,0.3859,-0.6642,0.6403,0.0781,-0.7217,0.6878,0.2447,-0.7147,0.6552,-0.0946,-0.0419,0.3289,Dark,
29.9390,6.6795,8.1351,0.0000,0.0000,0.3857,-0.6643,0.6403,0.0774,-0.7218,0.6878,0.2443,-0.7149,0.6552,-0.0946,-0.0419,0.3289,Dark,
29.9503,6.6759,8.1490,0.0000,0.0000,0.3847,-0.6650,0.6402,0.0758,-0.7223,0.6874,0.2429,-0.7156,0.6549,-0.0945,-0.0418,0.3289,Dark,
29.9614,6.6720,8.1617,0.0000,0.0000,0.3851,-0.6643,0.6406,0.0760,-0.7217,0.6880,0.2432,-0.7150,0.6555,-0.0946,-0.0418,0.3289,Dark,
29.9724,6.6484,8.1600,0.0000,0.0000,0.3853,-0.6640,0.6409,0.0756,-0.7214,0.6883,0.2432,-0.7147,0.6558,-0.0946,-0.0418,0.3289,Dark,
29.9836,6.6317,8.1451,0.0000,0.0000,0.3847,-0.6647,0.6405,0.0747,-0.7221,0.6878,0.2424,-0.7154,0.6553,-0.0946,-0.0416,0.3288,Dark,
29.9947,6.6338,8.1311,0.0000,0.0000,0.3863,-0.6631,0.6411,0.0764,-0.7208,0.6889,0.2441,-0.7140,0.6562,-0.0946,-0.0416,0.3288,Dark,
30.0060,6.6343,8.1380,0.0000,0.0000,0.3873,-0.6620,0.6417,0.0769,-0.7199,0.6898,0.2450,-0.7130,0.6570,-0.0946,-0.0416,0.3288,Dark,
30.0173,6.6335,8.1399,0.0000,0.0000,0.3867,-0.6627,0.6413,0.0760,-0.7206,0.6892,0.2442,-0.7138,0.6564,-0.0946,-0.0415,0.3287,Dark,
30.0283,6.6416,8.1421,0.0000,0.0000,0.3885,-0.6610,0.6420,0.0780,-0.7192,0.6904,0.2462,-0.7122,0.6574,-0.0946,-0.0415,0.3287,Dark,
30.0393,6.6462,8.1779,0.0000,0.0000,0.3897,-0.6600,0.6423,0.0787,-0.7185,0.6910,0.2472,-0.7114,0.6578,-0.0947,-0.0415,0.3287,Dark,
30.0505,6.6459,8.1556,0.0000,0.0000,0.3891,-0.6611,0.6415,0.0778,-0.7195,0.6901,0.2464,-0.7125,0.6570,-0.0947,-0.0414,0.3287,Dark,
30.0620,6.6487,8.1365,0.0000,0.0000,0.3912,-0.6591,0.6423,0.0800,-0.7180,0.6915,0.2487,-0.7107,0.6581,-0.0947,-0.0414,0.3287,Dark,
30.0728,6.6511,8.1310,0.0000,0.0000,0.3910,-0.6595,0.6420,0.0793,-0.7184,0.6911,0.2483,-0.7112,0.6577,-0.0947,-0.0414,0.3287,Dark,
30.0841,6.6443,8.1261,0.0000,0.0000,0.3914,-0.6593,0.6420,0.0796,-0.7184,0.6911,0.2486,-0.7111,0.6577,-0.0947,-0.0413,0.3287,Dark,
30.0950,6.6347,8.1249,0.0000,0.0000,0.3933,-0.6574,0.6428,0.0816,-0.7168,0.6925,0.2506,-0.7093,0.6588,-0.0947,-0.0413,0.3287,Dark,
30.1062,6.6202,8.1025,0.0000,0.0000,0.3933,-0.6576,0.6426,0.0813,-0.7171,0.6922,0.2505,-0.7096,0.6585,-0.0948,-0.0413,0.3287,Dark,
30.1176,6.6209,8.0922,0.0000,0.0000,0.3940,-0.6567,0.6430,0.0820,-0.7164,0.6928,0.2513,-0.7088,0.6591,-0.0948,-0.0413,0.3287,Dark,
30.1285,6.6228,8.0721,0.0000,0.0000,0.3941,-0.6566,0.6431,0.0820,-0.7164,0.6929,0.2513,-0.7088,0.6591,-0.0948,-0.0413,0.3288,Dark,
30.1395,6.6251,8.0607,0.0000,0.0000,0.3936,-0.6570,0.6429,0.0811,-0.7167,0.6926,0.2506,-0.7092,0.6590,-0.0948,-0.0413,0.3288,Dark,
30.1507,6.6366,8.0667,0.0000,0.0000,0.3938,-0.6568,0.6431,0.0812,-0.7165,0.6928,0.2508,-0.7090,0.6591,-0.0948,-0.0412,0.3288,Dark,
30.1619,6.6360,8.0805,0.0000,0.0000,0.3940,-0.6564,0.6433,0.0812,-0.7163,0.6931,0.2509,-0.7087,0.6594,-0.0948,-0.0412,0.3288,Dark,
30.1731,6.6275,8.0858,0.0000,0.0000,0.3935,-0.6568,0.6432,0.0805,-0.7165,0.6929,0.2503,-0.7090,0.6593,-0.0948,-0.0412,0.3288,Dark,
30.1843,6.6289,8.0885,0.0000,0.0000,0.3929,-0.6570,0.6434,0.0796,-0.7167,0.6929,0.2496,-0.7092,0.6593,-0.0949,-0.0412,0.3289,Dark,
30.1954,6.6221,8.0827,0.0000,0.0000,0.3915,-0.6578,0.6434,0.0776,-0.7172,0.6925,0.2478,-0.7100,0.6592,-0.0948,-0.0411,0.3289,Dark,
30.2064,6.6171,8.0795,0.0000,0.0000,0.3906,-0.6583,0.6434,0.0764,-0.7176,0.6923,0.2468,-0.7104,0.6591,-0.0948,-0.0411,0.3289,Dark,
30.2179,6.6190,8.0770,0.0000,0.0000,0.3898,-0.6589,0.6434,0.0752,-0.7179,0.6920,0.2457,-0.7109,0.6590,-0.0949,-0.0411,0.3290,Dark,
30.2288,6.6126,8.0841,0.0000,0.0000,0.3881,-0.6602,0.6431,0.0729,-0.7189,0.6912,0.2437,-0.7121,0.6584,-0.0949,-0.0410,0.3290,Dark,
30.2398,6.6069,8.0852,0.0000,0.0000,0.3870,-0.6610,0.6429,0.0714,-0.7196,0.6907,0.2424,-0.7129,0.6581,-0.0949,-0.0410,0.3290,Dark,
30.2513,6.6262,8.0858,0.0000,0.0000,0.3864,-0.6613,0.6429,0.0705,-0.7198,0.6906,0.2417,-0.7132,0.6580,-0.0948,-0.0410,0.3290,Dark,
30.2623,6.6336,8.0821,0.0000,0.0000,0.3846,-0.6626,0.6426,0.0679,-0.7208,0.6898,0.2394,-0.7144,0.6575,-0.0948,-0.0409,0.3290,Dark,
30.2735,6.6261,8.0795,0.0000,0.0000,0.3835,-0.6636,0.6423,0.0663,-0.7216,0.6892,0.2380,-0.7153,0.6570,-0.0948,-0.0409,0.3290,Dark,
30.2848,6.6370,8.0776,0.0000,0.0000,0.3829,-0.6638,0.6424,0.0654,-0.7217,0.6891,0.2373,-0.7155,0.6571,-0.0948,-0.0409,0.3290,Dark,
30.2956,6.6411,8.0811,0.0000,0.0000,0.3813,-0.6650,0.6422,0.0631,-0.7225,0.6884,0.2353,-0.7166,0.6566,-0.0948,-0.0408,0.3290,Dark,
30.3067,6.6395,8.0761,0.0000,0.0000,0.3803,-0.6657,0.6421,0.0618,-0.7230,0.6881,0.2341,-0.7172,0.6564,-0.0947,-0.0408,0.3290,Dark,
30.3181,6.6472,8.0719,0.0000,0.0000,0.3798,-0.6657,0.6423,0.0611,-0.7230,0.6882,0.2335,-0.7172,0.6566,-0.0947,-0.0407,0.3291,Dark,
30.3295,6.6521,8.0679,0.0000,0.0000,0.3784,-0.6664,0.6425,0.0592,-0.7233,0.6880,0.2318,-0.7178,0.6566,-0.0947,-0.0406,0.3291,Dark,
30.3405,6.6527,8.0683,0.0000,0.0000,0.3773,-0.6670,0.6425,0.0579,-0.7236,0.6878,0.2306,-0.7182,0.6565,-0.0947,-0.0406,0.3291,Dark,
30.3513,6.6469,8.0694,0.0000,0.0000,0.3767,-0.6670,0.6428,0.0571,-0.7234,0.6880,0.2299,-0.7182,0.6568,-0.0947,-0.0405,0.3291,Dark,
30.3625,6.6414,8.0753,0.0000,0.0000,0.3755,-0.6677,0.6428,0.0555,-0.7238,0.6877,0.2284,-0.7187,0.6567,-0.0947,-0.0404,0.3291,Dark,
30.3737,6.6419,8.0840,0.0000,0.0000,0.3742,-0.6685,0.6427,0.0539,-0.7244,0.6873,0.2269,-0.7194,0.6564,-0.0947,-0.0404,0.3292,Dark,
30.3849,6.6336,8.0909,0.0000,0.0000,0.3739,-0.6685,0.6429,0.0535,-0.7242,0.6875,0.2266,-0.7194,0.6566,-0.0946,-0.0404,0.3292,Dark,
30.3959,6.6321,8.0998,0.0000,0.0000,0.3727,-0.6693,0.6427,0.0520,-0.7247,0.6871,0.2252,-0.7201,0.6564,-0.0946,-0.0402,0.3291,Dark,
30.4069,6.6363,8.0875,0.0000,0.0000,0.3714,-0.6702,0.6426,0.0503,-0.7253,0.6866,0.2236,-0.7208,0.6561,-0.0946,-0.0402,0.3291,Dark,
30.4182,6.6419,8.0710,0.0000,0.0000,0.3697,-0.6712,0.6425,0.0482,-0.7260,0.6860,0.2217,-0.7217,0.6557,-0.0946,-0.0402,0.3291,Dark,
30.4295,6.6389,8.0673,0.0000,0.0000,0.3697,-0.6711,0.6426,0.0480,-0.7258,0.6862,0.2216,-0.7216,0.6559,-0.0946,-0.0401,0.3290,Dark,
30.4405,6.6353,8.0625,0.0000,0.0000,0.3685,-0.6718,0.6425,0.0466,-0.7263,0.6858,0.2202,-0.7222,0.6557,-0.0945,-0.0400,0.3289,Dark,
30.4515,6.6245,8.0685,0.0000,0.0000,0.3673,-0.6726,0.6425,0.0449,-0.7267,0.6854,0.2187,-0.7228,0.6555,-0.0945,-0.0399,0.3289,Dark,
30.4627,6.6241,8.0754,0.0000,0.0000,0.3672,-0.6722,0.6429,0.0446,-0.7263,0.6859,0.2186,-0.7225,0.6560,-0.0945,-0.0398,0.3289,Dark,
30.4739,6.6245,8.0721,0.0000,0.0000,0.3661,-0.6728,0.6429,0.0433,-0.7267,0.6856,0.2173,-0.7230,0.6558,-0.0945,-0.0397,0.3288,Dark,
30.4855,6.6464,8.0844,0.0000,0.0000,0.3648,-0.6735,0.6429,0.0416,-0.7271,0.6853,0.2158,-0.7236,0.6557,-0.0945,-0.0396,0.3288,Dark,
30.4963,6.6500,8.0965,0.0000,0.0000,0.3646,-0.6729,0.6437,0.0412,-0.7264,0.6860,0.2155,-0.7230,0.6564,-0.0945,-0.0394,0.3287,Dark,
30.5072,6.6520,8.0680,0.0000,0.0000,0.3621,-0.6747,0.6432,0.0383,-0.7277,0.6848,0.2127,-0.7245,0.6556,-0.0945,-0.0392,0.3287,Dark,
30.5186,6.6141,8.0013,0.0000,0.0000,0.2946,-0.6759,0.6755,-0.0405,-0.7110,0.7020,0.1374,-0.7184,0.6819,-0.0946,-0.0391,0.3287,Dark,
30.5295,6.5730,7.9657,0.0000,0.0000,0.2496,-0.6675,0.7015,-0.0846,-0.6907,0.7181,0.0911,-0.7043,0.7040,-0.0946,-0.0389,0.3286,Dark,
30.5407,6.5404,7.9278,0.0000,0.0000,0.2191,-0.6587,0.7198,-0.1177,-0.6740,0.7293,0.0582,-0.6921,0.7194,-0.0947,-0.0387,0.3285,Dark,
30.5519,6.4723,7.8788,0.0000,0.0000,0.1821,-0.6420,0.7448,-0.1455,-0.6491,0.7466,0.0243,-0.6707,0.7413,-0.0947,-0.0385,0.3285,Dark,
30.5630,6.4520,7.8628,0.0000,0.0000,0.1834,-0.6404,0.7458,-0.1367,-0.6485,0.7489,0.0293,-0.6688,0.7429,-0.0947,-0.0382,0.3284,Dark,
30.5744,6.4388,7.8538,0.0000,0.0000,0.1616,-0.6420,0.7495,-0.1532,-0.6458,0.7479,0.0094,-0.6678,0.7443,-0.0948,-0.0380,0.3283,Dark,
30.5865,6.4142,7.8650,0.0000,0.0000,0.1813,-0.6411,0.7458,-0.1183,-0.6502,0.7505,0.0372,-0.6679,0.7433,-0.0948,-0.0378,0.3283,Dark,
30.5966,6.4082,7.8753,0.0000,0.0000,0.1398,-0.6315,0.7627,-0.1566,-0.6326,0.7585,-0.0039,-0.6542,0.7563,-0.0949,-0.0375,0.3282,Dark,
30.6080,6.4320,7.8743,0.0000,0.0000,0.1804,-0.6379,0.7487,-0.1086,-0.6475,0.7542,0.0414,-0.6639,0.7467,-0.0949,-0.0372,0.3281,Dark,
30.6192,6.4691,7.8860,0.0000,0.0000,0.1785,-0.6377,0.7493,-0.1034,-0.6475,0.7550,0.0430,-0.6631,0.7473,-0.0950,-0.0370,0.3280,Dark,
30.6302,6.4684,7.8960,0.0000,0.0000,0.1780,-0.6371,0.7500,-0.1012,-0.6469,0.7558,0.0437,-0.6623,0.7480,-0.0950,-0.0366,0.3279,Dark,
30.6409,6.4655,7.9137,0.0000,0.0000,0.1775,-0.6369,0.7502,-0.0990,-0.6469,0.7561,0.0445,-0.6619,0.7483,-0.0951,-0.0364,0.3278,Dark,
30.6540,6.4815,7.9300,0.0000,0.0000,0.1763,-0.6371,0.7503,-0.0962,-0.6471,0.7563,0.0453,-0.6617,0.7484,-0.0951,-0.0361,0.3277,Dark,
30.6636,6.4883,7.9287,0.0000,0.0000,0.1757,-0.6363,0.7512,-0.0954,-0.6462,0.7572,0.0453,-0.6607,0.7493,-0.0952,-0.0358,0.3276,Dark,
30.6747,6.4948,7.9276,0.0000,0.0000,0.1750,-0.6359,0.7517,-0.0948,-0.6458,0.7576,0.0452,-0.6602,0.7497,-0.0952,-0.0355,0.3275,Dark,
30.6860,6.4991,7.9177,0.0000,0.0000,0.1740,-0.6363,0.7515,-0.0936,-0.6462,0.7574,0.0453,-0.6604,0.7495,-0.0953,-0.0353,0.3274,Dark,
30.6976,6.5117,7.9116,0.0000,0.0000,0.1736,-0.6356,0.7522,-0.0932,-0.6455,0.7581,0.0453,-0.6596,0.7502,-0.0954,-0.0349,0.3272,Dark,
30.7082,6.5222,7.9112,0.0000,0.0000,0.1737,-0.6346,0.7530,-0.0922,-0.6446,0.7589,0.0458,-0.6586,0.7511,-0.0955,-0.0346,0.3271,Dark,
30.7192,6.5143,7.9238,0.0000,0.0000,0.1735,-0.6346,0.7531,-0.0906,-0.6447,0.7591,0.0465,-0.6584,0.7512,-0.0955,-0.0343,0.3270,Dark,
30.7301,6.5106,7.9351,0.0000,0.0000,0.1750,-0.6336,0.7536,-0.0881,-0.6441,0.7599,0.0485,-0.6576,0.7518,-0.0956,-0.0339,0.3269,Dark,
30.7422,6.5142,7.9626,0.0000,0.0000,0.1728,-0.6332,0.7544,-0.0897,-0.6433,0.7603,0.0466,-0.6569,0.7525,-0.0957,-0.0336,0.3269,Dark,
30.7529,6.5353,7.9771,0.0000,0.0000,0.1729,-0.6328,0.7548,-0.0882,-0.6430,0.7607,0.0474,-0.6565,0.7529,-0.0958,-0.0333,0.3267,Dark,
30.7639,6.5449,7.9686,0.0000,0.0000,0.1735,-0.6321,0.7552,-0.0869,-0.6425,0.7613,0.0483,-0.6558,0.7534,-0.0959,-0.0329,0.3267,Dark,
30.7748,6.5458,7.9362,0.0000,0.0000,0.1720,-0.6299,0.7574,-0.0882,-0.6400,0.7633,0.0469,-0.6534,0.7555,-0.0960,-0.0325,0.3266,Dark,
30.7859,6.4719,7.7928,0.0000,0.0000,0.1707,-0.6158,0.7692,-0.0894,-0.6254,0.7752,0.0456,-0.6392,0.7677,-0.0961,-0.0321,0.3266,Dark,
30.7973,6.3679,7.7003,0.0000,0.0000,0.1599,-0.5826,0.7969,-0.1005,-0.5896,0.8014,0.0344,-0.6050,0.7955,-0.0961,-0.0315,0.3265,Dark,
30.8088,6.2838,7.6310,0.0000,0.0000,0.1657,-0.6054,0.7785,-0.0911,-0.6141,0.7839,0.0421,-0.6282,0.7769,-0.0963,-0.0310,0.3265,Dark,
30.8206,6.1365,7.4954,0.0000,0.0000,0.1185,-0.4827,0.8678,-0.1378,-0.4822,0.8651,-0.0059,-0.5015,0.8651,-0.0964,-0.0305,0.3265,Dark,
30.8343,6.0788,7.4694,0.0000,0.0000,0.1349,-0.5281,0.8384,-0.1163,-0.5309,0.8394,0.0134,-0.5480,0.8364,-0.0965,-0.0300,0.3265,Dark,
30.8424,6.0645,7.4622,0.0000,0.0000,0.1198,-0.4923,0.8621,-0.1268,-0.4929,0.8608,0.0002,-0.5108,0.8597,-0.0966,-0.0295,0.3264,Dark,
30.8533,6.0548,7.4479,0.0000,0.0000,0.0996,-0.4434,0.8908,-0.1376,-0.4416,0.8866,-0.0157,-0.4600,0.8878,-0.0967,-0.0291,0.3264,Dark,
30.8637,6.0622,7.4526,0.0000,0.0000,0.0970,-0.4359,0.8947,-0.1362,-0.4342,0.8905,-0.0165,-0.4522,0.8918,-0.0967,-0.0286,0.3263,Dark,
30.8751,6.0723,7.4542,0.0000,0.0000,0.0878,-0.4150,0.9056,-0.1418,-0.4124,0.8999,-0.0241,-0.4306,0.9022,-0.0968,-0.0282,0.3262,Dark,
30.8862,6.0669,7.4504,0.0000,0.0000,0.0914,-0.4291,0.8986,-0.1325,-0.4274,0.8943,-0.0175,-0.4446,0.8956,-0.0968,-0.0278,0.3261,Dark,
30.8973,6.0578,7.4445,0.0000,0.0000,0.0788,-0.3945,0.9155,-0.1423,-0.3916,0.9091,-0.0290,-0.4091,0.9120,-0.0968,-0.0273,0.3259,Dark,
30.9089,6.0480,7.4382,0.0000,0.0000,0.0770,-0.3896,0.9178,-0.1417,-0.3867,0.9113,-0.0297,-0.4040,0.9143,-0.0968,-0.0270,0.3257,Dark,
30.9195,6.0112,7.4078,0.0000,0.0000,0.0769,-0.3912,0.9171,-0.1386,-0.3884,0.9110,-0.0282,-0.4054,0.9137,-0.0968,-0.0267,0.3255,Dark,
30.9306,5.9941,7.3836,0.0000,0.0000,0.0866,-0.4163,0.9051,-0.1279,-0.4147,0.9009,-0.0178,-0.4310,0.9022,-0.0968,-0.0264,0.3254,Dark,
30.9422,5.9827,7.3608,0.0000,0.0000,0.0863,-0.4150,0.9057,-0.1271,-0.4135,0.9016,-0.0176,-0.4297,0.9028,-0.0968,-0.0261,0.3252,Dark,
30.9530,5.9143,7.3309,0.0000,0.0000,0.0777,-0.3893,0.9178,-0.1334,-0.3868,0.9125,-0.0252,-0.4033,0.9147,-0.0968,-0.0258,0.3250,Dark,
30.9640,5.8652,7.3142,0.0000,0.0000,0.0853,-0.4110,0.9076,-0.1253,-0.4093,0.9038,-0.0172,-0.4254,0.9049,-0.0967,-0.0255,0.3249,Dark,
30.9753,5.8267,7.3023,0.0000,0.0000,0.0806,-0.3943,0.9154,-0.1290,-0.3921,0.9108,-0.0215,-0.4083,0.9126,-0.0967,-0.0252,0.3247,Dark,
30.9864,5.7666,7.2049,0.0000,0.0000,0.0825,-0.3979,0.9137,-0.1258,-0.3959,0.9097,-0.0190,-0.4119,0.9110,-0.0967,-0.0249,0.3246,Dark,
30.9974,5.7464,7.1385,0.0000,0.0000,0.0840,-0.4007,0.9123,-0.1236,-0.3987,0.9087,-0.0171,-0.4147,0.9098,-0.0967,-0.0245,0.3244,Dark,
31.0086,5.7043,7.0869,0.0000,0.0000,0.0845,-0.3994,0.9129,-0.1225,-0.3974,0.9094,-0.0163,-0.4133,0.9104,-0.0967,-0.0241,0.3242,Dark,
31.0197,5.5628,6.9507,0.0000,0.0000,0.0880,-0.3964,0.9138,-0.1154,-0.3949,0.9115,-0.0109,-0.4103,0.9119,-0.0967,-0.0238,0.3241,Dark,
31.0308,5.5145,6.8859,0.0000,0.0000,0.0848,-0.3981,0.9134,-0.1163,-0.3965,0.9106,-0.0131,-0.4117,0.9112,-0.0966,-0.0234,0.3239,Dark,
31.0423,5.4503,6.8375,0.0000,0.0000,0.0888,-0.3892,0.9169,-0.1107,-0.3879,0.9150,-0.0083,-0.4028,0.9152,-0.0967,-0.0231,0.3238,Dark,
31.0535,5.3716,6.7428,0.0000,0.0000,0.0987,-0.3638,0.9262,-0.0923,-0.3633,0.9271,0.0060,-0.3772,0.9261,-0.0967,-0.0229,0.3236,Dark,
31.0644,5.3530,6.6908,0.0000,0.0000,0.1041,-0.3496,0.9311,-0.0819,-0.3495,0.9334,0.0139,-0.3628,0.9318,-0.0966,-0.0226,0.3234,Dark,
31.0754,5.3234,6.6567,0.0000,0.0000,0.1071,-0.3410,0.9339,-0.0750,-0.3410,0.9371,0.0188,-0.3539,0.9351,-0.0966,-0.0224,0.3233,Dark,
31.0867,5.2716,6.6330,0.0000,0.0000,0.1098,-0.3309,0.9373,-0.0662,-0.3311,0.9413,0.0245,-0.3434,0.9389,-0.0967,-0.0222,0.3231,Dark,
31.0977,5.2473,6.6144,0.0000,0.0000,0.1091,-0.3286,0.9382,-0.0642,-0.3288,0.9422,0.0251,-0.3409,0.9398,-0.0965,-0.0219,0.3229,Dark,
31.1089,5.2229,6.6012,0.0000,0.0000,0.1085,-0.3268,0.9388,-0.0624,-0.3270,0.9429,0.0257,-0.3390,0.9405,-0.0965,-0.0218,0.3227,Dark,
31.1202,5.1863,6.5731,0.0000,0.0000,0.1083,-0.3224,0.9404,-0.0590,-0.3227,0.9447,0.0273,-0.3343,0.9421,-0.0964,-0.0215,0.3225,Dark,
31.1315,5.1727,6.5293,0.0000,0.0000,0.1079,-0.3219,0.9406,-0.0576,-0.3222,0.9449,0.0277,-0.3336,0.9423,-0.0964,-0.0213,0.3223,Dark,
31.1425,5.1461,6.4693,0.0000,0.0000,0.1070,-0.3231,0.9403,-0.0551,-0.3235,0.9446,0.0284,-0.3347,0.9419,-0.0964,-0.0212,0.3222,Dark,
31.1535,5.1214,6.4505,0.0000,0.0000,0.1080,-0.3187,0.9417,-0.0525,-0.3191,0.9463,0.0302,-0.3301,0.9435,-0.0963,-0.0210,0.3221,Dark,
31.1647,5.1023,6.4342,0.0000,0.0000,0.1071,-0.3200,0.9414,-0.0519,-0.3204,0.9459,0.0300,-0.3313,0.9431,-0.0963,-0.0208,0.3220,Dark,
31.1757,5.0774,6.4188,0.0000,0.0000,0.1063,-0.3212,0.9410,-0.0501,-0.3217,0.9455,0.0305,-0.3324,0.9427,-0.0963,-0.0207,0.3218,Dark,
31.1873,5.0694,6.4146,0.0000,0.0000,0.1060,-0.3211,0.9411,-0.0492,-0.3216,0.9456,0.0308,-0.3321,0.9427,-0.0962,-0.0206,0.3217,Dark,
31.1980,5.0646,6.4078,0.0000,0.0000,0.1055,-0.3206,0.9413,-0.0485,-0.3211,0.9458,0.0308,-0.3316,0.9429,-0.0961,-0.0204,0.3217,Dark,
31.2093,5.0319,6.3876,0.0000,0.0000,0.1048,-0.3209,0.9413,-0.0473,-0.3214,0.9458,0.0311,-0.3317,0.9429,-0.0961,-0.0203,0.3216,Dark,
31.2204,5.0241,6.3755,0.0000,0.0000,0.1044,-0.3204,0.9415,-0.0468,-0.3209,0.9460,0.0311,-0.3311,0.9431,-0.0960,-0.0201,0.3215,Dark,
31.2314,5.0186,6.3630,0.0000,0.0000,0.1042,-0.3198,0.9417,-0.0461,-0.3203,0.9462,0.0314,-0.3305,0.9433,-0.0960,-0.0200,0.3215,Dark,
31.2426,5.0142,6.3413,0.0000,0.0000,0.1040,-0.3198,0.9418,-0.0450,-0.3204,0.9462,0.0318,-0.3304,0.9433,-0.0959,-0.0199,0.3215,Dark,
31.2539,5.0130,6.3325,0.0000,0.0000,0.1039,-0.3194,0.9419,-0.0445,-0.3199,0.9464,0.0319,-0.3300,0.9435,-0.0958,-0.0198,0.3214,Dark,
31.2650,5.0117,6.3333,0.0000,0.0000,0.1044,-0.3186,0.9421,-0.0430,-0.3192,0.9467,0.0329,-0.3291,0.9437,-0.0957,-0.0196,0.3214,Dark,
31.2759,4.9993,6.3235,0.0000,0.0000,0.1162,-0.3153,0.9419,-0.0302,-0.3164,0.9482,0.0453,-0.3260,0.9443,-0.0957,-0.0196,0.3214,Dark,
31.2871,4.9806,6.3146,0.0000,0.0000,0.1207,-0.3138,0.9418,-0.0250,-0.3151,0.9487,0.0502,-0.3246,0.9445,-0.0956,-0.0195,0.3214,Dark,
31.2981,4.9656,6.3146,0.0000,0.0000,0.1215,-0.3148,0.9414,-0.0223,-0.3161,0.9485,0.0519,-0.3254,0.9441,-0.0954,-0.0194,0.3214,Dark,
31.3096,4.9666,6.3106,0.0000,0.0000,0.1254,-0.3147,0.9409,-0.0157,-0.3162,0.9486,0.0572,-0.3252,0.9439,-0.0953,-0.0194,0.3214,Dark,
31.3211,4.9714,6.3083,0.0000,0.0000,0.1267,-0.3149,0.9406,-0.0132,-0.3165,0.9485,0.0591,-0.3254,0.9437,-0.0952,-0.0195,0.3214,Dark,
31.3317,4.9764,6.3006,0.0000,0.0000,0.1271,-0.3158,0.9403,-0.0116,-0.3174,0.9482,0.0600,-0.3262,0.9434,-0.0951,-0.0195,0.3213,Dark,
31.3427,4.9719,6.2991,0.0000,0.0000,0.1280,-0.3169,0.9398,-0.0091,-0.3185,0.9479,0.0617,-0.3272,0.9429,-0.0950,-0.0195,0.3213,Dark,
31.3545,4.9657,6.3044,0.0000,0.0000,0.1280,-0.3176,0.9396,-0.0085,-0.3191,0.9477,0.0620,-0.3278,0.9427,-0.0949,-0.0196,0.3213,Dark,
31.3653,4.9607,6.2966,0.0000,0.0000,0.1281,-0.3181,0.9394,-0.0077,-0.3197,0.9475,0.0624,-0.3283,0.9425,-0.0948,-0.0196,0.3213,Dark,
31.3760,4.9643,6.2927,0.0000,0.0000,0.1275,-0.3188,0.9392,-0.0070,-0.3203,0.9473,0.0625,-0.3289,0.9423,-0.0947,-0.0196,0.3214,Dark,
31.3873,4.9742,6.2942,0.0000,0.0000,0.1275,-0.3195,0.9390,-0.0065,-0.3210,0.9471,0.0627,-0.3295,0.9421,-0.0945,-0.0197,0.3214,Dark,
31.3984,4.9825,6.2865,0.0000,0.0000,0.1275,-0.3202,0.9387,-0.0059,-0.3217,0.9468,0.0630,-0.3302,0.9418,-0.0945,-0.0197,0.3214,Dark,
31.4098,4.9756,6.2830,0.0000,0.0000,0.1270,-0.3214,0.9384,-0.0055,-0.3228,0.9464,0.0629,-0.3313,0.9414,-0.0944,-0.0198,0.3214,Dark,
31.4211,4.9679,6.2842,0.0000,0.0000,0.1271,-0.3220,0.9382,-0.0051,-0.3234,0.9463,0.0632,-0.3318,0.9412,-0.0942,-0.0198,0.3215,Dark,
31.4319,4.9611,6.2805,0.0000,0.0000,0.1276,-0.3225,0.9379,-0.0042,-0.3238,0.9461,0.0639,-0.3322,0.9410,-0.0942,-0.0198,0.3215,Dark,
31.4429,4.9725,6.2818,0.0000,0.0000,0.1275,-0.3227,0.9379,-0.0035,-0.3241,0.9460,0.0641,-0.3324,0.9410,-0.0941,-0.0199,0.3215,Dark,
31.4548,4.9656,6.2847,0.0000,0.0000,0.1274,-0.3228,0.9379,-0.0032,-0.3242,0.9460,0.0642,-0.3325,0.9409,-0.0940,-0.0199,0.3216,Dark,
31.4655,4.9597,6.2892,0.0000,0.0000,0.1275,-0.3229,0.9378,-0.0028,-0.3243,0.9459,0.0644,-0.3326,0.9409,-0.0940,-0.0199,0.3216,Dark,
31.4766,4.9667,6.3089,0.0000,0.0000,0.1266,-0.3233,0.9378,-0.0030,-0.3246,0.9458,0.0639,-0.3329,0.9408,-0.0940,-0.0199,0.3217,Dark,
31.4877,4.9692,6.3214,0.0000,0.0000,0.1264,-0.3235,0.9377,-0.0031,-0.3249,0.9458,0.0637,-0.3331,0.9407,-0.0939,-0.0199,0.3217,Dark,
31.4987,4.9723,6.3307,0.0000,0.0000,0.1261,-0.3237,0.9377,-0.0032,-0.3250,0.9457,0.0635,-0.3332,0.9407,-0.0940,-0.0199,0.3217,Dark,
31.5101,4.9871,6.3505,0.0000,0.0000,0.1254,-0.3242,0.9376,-0.0037,-0.3255,0.9455,0.0629,-0.3338,0.9406,-0.0940,-0.0199,0.3217,Dark,
31.5217,4.9920,6.3598,0.0000,0.0000,0.1251,-0.3243,0.9376,-0.0040,-0.3256,0.9455,0.0626,-0.3338,0.9406,-0.0939,-0.0199,0.3217,Dark,
31.5323,4.9958,6.3616,0.0000,0.0000,0.1250,-0.3243,0.9377,-0.0040,-0.3256,0.9455,0.0626,-0.3338,0.9406,-0.0940,-0.0199,0.3217,Dark,
31.5434,5.0014,6.3691,0.0000,0.0000,0.1241,-0.3246,0.9377,-0.0048,-0.3259,0.9454,0.0617,-0.3341,0.9405,-0.0940,-0.0199,0.3217,Dark,
31.5546,5.0129,6.3738,0.0000,0.0000,0.1237,-0.3246,0.9377,-0.0052,-0.3259,0.9454,0.0613,-0.3341,0.9405,-0.0940,-0.0199,0.3217,Dark,
31.5659,5.0223,6.3758,0.0000,0.0000,0.1237,-0.3243,0.9378,-0.0053,-0.3256,0.9455,0.0612,-0.3338,0.9406,-0.0941,-0.0199,0.3217,Dark,
31.5774,5.0212,6.3883,0.0000,0.0000,0.1232,-0.3243,0.9379,-0.0057,-0.3256,0.9455,0.0608,-0.3338,0.9407,-0.0941,-0.0199,0.3217,Dark,
31.5884,5.0399,6.3966,0.0000,0.0000,0.1216,-0.3247,0.9380,-0.0071,-0.3260,0.9454,0.0593,-0.3342,0.9406,-0.0942,-0.0199,0.3216,Dark,
31.5990,5.0547,6.4024,0.0000,0.0000,0.1216,-0.3244,0.9381,-0.0067,-0.3257,0.9455,0.0595,-0.3338,0.9408,-0.0943,-0.0199,0.3216,Dark,
31.6106,5.0710,6.3757,0.0000,0.0000,0.1077,-0.3231,0.9402,-0.0210,-0.3237,0.9459,0.0453,-0.3322,0.9421,-0.0943,-0.0199,0.3216,Dark,
31.6216,5.0655,6.3589,0.0000,0.0000,0.0575,-0.3283,0.9428,-0.0745,-0.3268,0.9422,-0.0069,-0.3366,0.9416,-0.0944,-0.0199,0.3217,Dark,
31.6327,5.0588,6.3446,0.0000,0.0000,0.0797,-0.3250,0.9424,-0.0537,-0.3243,0.9444,0.0148,-0.3338,0.9425,-0.0945,-0.0198,0.3216,Dark,
31.6436,5.0409,6.3260,0.0000,0.0000,0.0550,-0.3279,0.9431,-0.0853,-0.3259,0.9415,-0.0135,-0.3366,0.9416,-0.0945,-0.0199,0.3216,Dark,
31.6551,5.0338,6.3320,0.0000,0.0000,0.0464,-0.3294,0.9431,-0.0969,-0.3269,0.9401,-0.0237,-0.3380,0.9408,-0.0946,-0.0199,0.3216,Dark,
31.6661,5.0420,6.3582,0.0000,0.0000,0.0369,-0.3320,0.9426,-0.1114,-0.3289,0.9378,-0.0357,-0.3407,0.9395,-0.0947,-0.0199,0.3215,Dark,
31.6771,5.0530,6.3749,0.0000,0.0000,0.0350,-0.3327,0.9424,-0.1156,-0.3294,0.9371,-0.0387,-0.3415,0.9391,-0.0947,-0.0199,0.3215,Dark,
31.6885,5.0623,6.3878,0.0000,0.0000,0.0380,-0.3328,0.9422,-0.1148,-0.3295,0.9371,-0.0368,-0.3418,0.9390,-0.0947,-0.0200,0.3214,Dark,
31.6994,5.0587,6.3984,0.0000,0.0000,0.0393,-0.3332,0.9420,-0.1173,-0.3298,0.9367,-0.0374,-0.3425,0.9388,-0.0948,-0.0199,0.3213,Dark,
31.7104,5.0634,6.3981,0.0000,0.0000,0.0379,-0.3335,0.9420,-0.1204,-0.3300,0.9363,-0.0396,-0.3428,0.9386,-0.0948,-0.0199,0.3213,Dark,
31.7217,5.0670,6.4036,0.0000,0.0000,0.0423,-0.3332,0.9419,-0.1177,-0.3299,0.9367,-0.0360,-0.3427,0.9387,-0.0948,-0.0199,0.3212,Dark,
31.7329,5.0613,6.4169,0.0000,0.0000,0.0458,-0.3332,0.9417,-0.1168,-0.3299,0.9368,-0.0338,-0.3430,0.9387,-0.0949,-0.0199,0.3211,Dark,
31.7438,5.0813,6.4241,0.0000,0.0000,0.0465,-0.3332,0.9417,-0.1171,-0.3299,0.9367,-0.0335,-0.3431,0.9387,-0.0949,-0.0199,0.3211,Dark,
31.7549,5.0974,6.4361,0.0000,0.0000,0.0481,-0.3329,0.9417,-0.1163,-0.3297,0.9369,-0.0323,-0.3428,0.9388,-0.0949,-0.0199,0.3210,Dark,
31.7661,5.1188,6.4503,0.0000,0.0000,0.0505,-0.3321,0.9419,-0.1154,-0.3289,0.9373,-0.0306,-0.3421,0.9392,-0.0949,-0.0199,0.3209,Dark,
31.7773,5.1210,6.4537,0.0000,0.0000,0.0503,-0.3323,0.9418,-0.1163,-0.3291,0.9371,-0.0312,-0.3424,0.9390,-0.0949,-0.0199,0.3208,Dark,
31.7885,5.1205,6.4628,0.0000,0.0000,0.0510,-0.3322,0.9418,-0.1161,-0.3290,0.9372,-0.0307,-0.3423,0.9391,-0.0950,-0.0199,0.3207,Dark,
31.8000,5.1389,6.4768,0.0000,0.0000,0.0517,-0.3319,0.9419,-0.1163,-0.3287,0.9372,-0.0305,-0.3421,0.9392,-0.0950,-0.0199,0.3206,Dark,
31.8106,5.1602,6.4822,0.0000,0.0000,0.0518,-0.3318,0.9419,-0.1165,-0.3285,0.9373,-0.0305,-0.3420,0.9392,-0.0950,-0.0199,0.3205,Dark,
31.8220,5.1778,6.4842,0.0000,0.0000,0.0519,-0.3315,0.9420,-0.1168,-0.3283,0.9373,-0.0306,-0.3418,0.9393,-0.0950,-0.0199,0.3204,Dark,
31.8331,5.1914,6.4890,0.0000,0.0000,0.0517,-0.3313,0.9421,-0.1175,-0.3281,0.9373,-0.0310,-0.3416,0.9393,-0.0951,-0.0198,0.3204,Dark,
31.8441,5.1809,6.4922,0.0000,0.0000,0.0519,-0.3310,0.9422,-0.1176,-0.3277,0.9374,-0.0310,-0.3413,0.9394,-0.0951,-0.0198,0.3203,Dark,
31.8552,5.1709,6.5007,0.0000,0.0000,0.0518,-0.3312,0.9421,-0.1179,-0.3279,0.9373,-0.0312,-0.3415,0.9394,-0.0951,-0.0197,0.3202,Dark,
31.8666,5.1830,6.5177,0.0000,0.0000,0.0506,-0.3318,0.9420,-0.1196,-0.3284,0.9370,-0.0326,-0.3421,0.9391,-0.0952,-0.0196,0.3202,Dark,
31.8776,5.1827,6.5252,0.0000,0.0000,0.0509,-0.3312,0.9422,-0.1195,-0.3277,0.9372,-0.0325,-0.3415,0.9393,-0.0952,-0.0196,0.3202,Dark,
31.8887,5.1830,6.5383,0.0000,0.0000,0.0502,-0.3310,0.9423,-0.1204,-0.3275,0.9372,-0.0333,-0.3413,0.9394,-0.0953,-0.0196,0.3202,Dark,
31.9001,5.1939,6.5568,0.0000,0.0000,0.0486,-0.3316,0.9422,-0.1224,-0.3280,0.9367,-0.0351,-0.3419,0.9391,-0.0953,-0.0195,0.3202,Dark,
31.9109,5.2013,6.5629,0.0000,0.0000,0.0488,-0.3312,0.9423,-0.1224,-0.3276,0.9369,-0.0350,-0.3415,0.9392,-0.0954,-0.0194,0.3201,Dark,
31.9220,5.2079,6.5722,0.0000,0.0000,0.0482,-0.3314,0.9423,-0.1231,-0.3278,0.9367,-0.0356,-0.3417,0.9392,-0.0954,-0.0194,0.3201,Dark,
31.9335,5.2257,6.5852,0.0000,0.0000,0.0474,-0.3319,0.9421,-0.1243,-0.3282,0.9364,-0.0367,-0.3421,0.9389,-0.0955,-0.0194,0.3201,Dark,
31.9443,5.2420,6.5899,0.0000,0.0000,0.0473,-0.3317,0.9422,-0.1246,-0.3281,0.9364,-0.0368,-0.3420,0.9390,-0.0955,-0.0194,0.3201,Dark,
31.9555,5.2548,6.6007,0.0000,0.0000,0.0468,-0.3320,0.9421,-0.1253,-0.3283,0.9362,-0.0374,-0.3422,0.9389,-0.0956,-0.0194,0.3201,Dark,
31.9789,5.2711,6.6181,0.0000,0.0000,0.0457,-0.3327,0.9419,-0.1269,-0.3290,0.9358,-0.0388,-0.3430,0.9385,-0.0957,-0.0194,0.3201,Dark,
31.9815,5.2724,6.6204,0.0000,0.0000,0.0458,-0.3327,0.9419,-0.1270,-0.3290,0.9358,-0.0388,-0.3430,0.9385,-0.0957,-0.0194,0.3201,Dark,
31.9890,5.2724,6.6204,0.0000,0.0000,0.0457,-0.3327,0.9419,-0.1271,-0.3290,0.9357,-0.0389,-0.3430,0.9385,-0.0957,-0.0194,0.3201,Dark,
32.0005,5.2714,6.6384,0.0000,0.0000,0.0443,-0.3340,0.9415,-0.1288,-0.3302,0.9351,-0.0404,-0.3443,0.9380,-0.0958,-0.0194,0.3200,Dark,
32.0111,5.2833,6.6526,0.0000,0.0000,0.0442,-0.3342,0.9415,-0.1291,-0.3304,0.9350,-0.0406,-0.3445,0.9379,-0.0958,-0.0194,0.3200,Dark,
32.0225,5.2932,6.6480,0.0000,0.0000,0.0440,-0.3347,0.9413,-0.1295,-0.3309,0.9347,-0.0410,-0.3450,0.9377,-0.0959,-0.0195,0.3201,Dark,
32.0342,5.3020,6.6406,0.0000,0.0000,0.0439,-0.3355,0.9410,-0.1299,-0.3317,0.9344,-0.0412,-0.3459,0.9374,-0.0959,-0.0195,0.3200,Dark,
32.0446,5.3004,6.6373,0.0000,0.0000,0.0436,-0.3361,0.9408,-0.1303,-0.3323,0.9341,-0.0416,-0.3465,0.9371,-0.0960,-0.0195,0.3201,Dark,
32.0557,5.2968,6.6319,0.0000,0.0000,0.0436,-0.3362,0.9408,-0.1304,-0.3324,0.9341,-0.0416,-0.3466,0.9371,-0.0960,-0.0196,0.3201,Dark,
32.0674,5.2822,6.6085,0.0000,0.0000,0.0432,-0.3369,0.9405,-0.1310,-0.3332,0.9337,-0.0421,-0.3474,0.9368,-0.0960,-0.0195,0.3201,Dark,
32.0781,5.2654,6.5912,0.0000,0.0000,0.0428,-0.3375,0.9404,-0.1315,-0.3337,0.9335,-0.0426,-0.3479,0.9366,-0.0960,-0.0196,0.3201,Dark,
32.0896,5.2249,6.5248,0.0000,0.0000,0.0424,-0.3380,0.9402,-0.1321,-0.3342,0.9332,-0.0431,-0.3484,0.9363,-0.0961,-0.0196,0.3201,Dark,
32.1003,5.2036,6.4976,0.0000,0.0000,0.0422,-0.3382,0.9401,-0.1324,-0.3343,0.9331,-0.0433,-0.3486,0.9363,-0.0961,-0.0196,0.3202,Dark,
32.1119,5.1879,6.4784,0.0000,0.0000,0.0421,-0.3387,0.9400,-0.1326,-0.3349,0.9329,-0.0435,-0.3491,0.9361,-0.0961,-0.0196,0.3202,Dark,
32.1227,5.1015,6.4049,0.0000,0.0000,0.0419,-0.3390,0.9398,-0.1328,-0.3352,0.9328,-0.0437,-0.3494,0.9359,-0.0961,-0.0196,0.3202,Dark,
32.1339,5.0565,6.3668,0.0000,0.0000,0.0419,-0.3391,0.9398,-0.1328,-0.3352,0.9327,-0.0436,-0.3495,0.9359,-0.0961,-0.0196,0.3203,Dark,
32.1449,5.0095,6.3373,0.0000,0.0000,0.0423,-0.3390,0.9399,-0.1324,-0.3352,0.9328,-0.0433,-0.3494,0.9360,-0.0962,-0.0196,0.3203,Dark,
32.1564,4.9739,6.2873,0.0000,0.0000,0.0420,-0.3390,0.9398,-0.1326,-0.3353,0.9327,-0.0435,-0.3495,0.9359,-0.0962,-0.0196,0.3203,Dark,
32.1675,4.9005,6.2027,0.0000,0.0000,0.0424,-0.3391,0.9398,-0.1322,-0.3353,0.9328,-0.0431,-0.3495,0.9359,-0.0962,-0.0196,0.3203,Dark,
32.1785,4.8827,6.1669,0.0000,0.0000,0.0417,-0.3393,0.9398,-0.1327,-0.3355,0.9326,-0.0437,-0.3497,0.9358,-0.0963,-0.0196,0.3204,Dark,
32.1897,4.8180,6.0988,0.0000,0.0000,0.0427,-0.3389,0.9398,-0.1315,-0.3352,0.9329,-0.0426,-0.3494,0.9360,-0.0963,-0.0196,0.3204,Dark,
32.2009,4.7937,6.0755,0.0000,0.0000,0.0428,-0.3384,0.9400,-0.1314,-0.3347,0.9331,-0.0425,-0.3488,0.9362,-0.0963,-0.0194,0.3204,Dark,
32.2122,4.7775,6.0593,0.0000,0.0000,0.0422,-0.3382,0.9401,-0.1319,-0.3345,0.9331,-0.0430,-0.3487,0.9363,-0.0964,-0.0194,0.3204,Dark,
32.2234,4.7159,6.0098,0.0000,0.0000,0.0427,-0.3376,0.9403,-0.1312,-0.3340,0.9334,-0.0425,-0.3481,0.9365,-0.0964,-0.0194,0.3204,Dark,
32.2342,4.6935,5.9829,0.0000,0.0000,0.0428,-0.3371,0.9405,-0.1309,-0.3335,0.9336,-0.0423,-0.3476,0.9367,-0.0964,-0.0193,0.3204,Dark,
32.2455,4.6644,5.9622,0.0000,0.0000,0.0429,-0.3367,0.9406,-0.1307,-0.3332,0.9338,-0.0421,-0.3472,0.9368,-0.0964,-0.0192,0.3204,Dark,
32.2564,4.6158,5.9071,0.0000,0.0000,0.0429,-0.3367,0.9406,-0.1305,-0.3332,0.9338,-0.0420,-0.3472,0.9369,-0.0964,-0.0192,0.3204,Dark,
32.2678,4.5981,5.8831,0.0000,0.0000,0.0431,-0.3363,0.9408,-0.1301,-0.3328,0.9340,-0.0417,-0.3467,0.9370,-0.0964,-0.0191,0.3204,Dark,
32.2793,4.5709,5.8654,0.0000,0.0000,0.0431,-0.3361,0.9409,-0.1299,-0.3325,0.9341,-0.0416,-0.3465,0.9371,-0.0964,-0.0190,0.3203,Dark,
32.2900,4.5340,5.8159,0.0000,0.0000,0.0436,-0.3358,0.9409,-0.1291,-0.3323,0.9343,-0.0410,-0.3462,0.9373,-0.0964,-0.0190,0.3203,Dark,
32.3009,4.5225,5.7952,0.0000,0.0000,0.0438,-0.3355,0.9410,-0.1288,-0.3320,0.9344,-0.0407,-0.3460,0.9374,-0.0964,-0.0189,0.3203,Dark,
32.3123,4.5116,5.7799,0.0000,0.0000,0.0438,-0.3355,0.9410,-0.1285,-0.3320,0.9345,-0.0406,-0.3459,0.9374,-0.0963,-0.0189,0.3202,Dark,
32.3233,4.4923,5.7600,0.0000,0.0000,0.0442,-0.3357,0.9409,-0.1278,-0.3322,0.9345,-0.0400,-0.3461,0.9374,-0.0963,-0.0188,0.3202,Dark,
32.3344,4.4829,5.7460,0.0000,0.0000,0.0445,-0.3358,0.9409,-0.1273,-0.3323,0.9345,-0.0396,-0.3462,0.9373,-0.0963,-0.0188,0.3201,Dark,
32.3457,4.4682,5.7352,0.0000,0.0000,0.0448,-0.3361,0.9408,-0.1269,-0.3326,0.9345,-0.0393,-0.3465,0.9372,-0.0962,-0.0189,0.3201,Dark,
32.3568,4.4282,5.7246,0.0000,0.0000,0.0451,-0.3364,0.9406,-0.1263,-0.3330,0.9344,-0.0388,-0.3468,0.9371,-0.0962,-0.0188,0.3200,Dark,
32.3677,4.4056,5.7166,0.0000,0.0000,0.0454,-0.3367,0.9405,-0.1258,-0.3333,0.9344,-0.0384,-0.3471,0.9370,-0.0962,-0.0189,0.3199,Dark,
32.3791,4.3996,5.7110,0.0000,0.0000,0.0457,-0.3371,0.9404,-0.1255,-0.3336,0.9343,-0.0381,-0.3474,0.9369,-0.0961,-0.0189,0.3198,Dark,
32.3902,4.3926,5.6923,0.0000,0.0000,0.0460,-0.3373,0.9403,-0.1248,-0.3338,0.9343,-0.0376,-0.3476,0.9369,-0.0961,-0.0189,0.3198,Dark,
32.4011,4.3911,5.6857,0.0000,0.0000,0.0465,-0.3374,0.9402,-0.1243,-0.3339,0.9344,-0.0371,-0.3477,0.9369,-0.0961,-0.0189,0.3197,Dark,
32.4126,4.3919,5.6660,0.0000,0.0000,0.0467,-0.3373,0.9402,-0.1239,-0.3339,0.9344,-0.0368,-0.3476,0.9369,-0.0960,-0.0189,0.3197,Dark,
32.4236,4.3746,5.6489,0.0000,0.0000,0.0465,-0.3379,0.9400,-0.1239,-0.3345,0.9342,-0.0369,-0.3482,0.9367,-0.0960,-0.0189,0.3196,Dark,
32.4347,4.3722,5.6490,0.0000,0.0000,0.0467,-0.3376,0.9401,-0.1236,-0.3342,0.9344,-0.0366,-0.3479,0.9368,-0.0960,-0.0189,0.3196,Dark,
32.4459,4.3710,5.6517,0.0000,0.0000,0.0465,-0.3378,0.9401,-0.1236,-0.3344,0.9343,-0.0367,-0.3481,0.9367,-0.0960,-0.0189,0.3196,Dark,
32.4570,4.3712,5.6564,0.0000,0.0000,0.0463,-0.3380,0.9400,-0.1235,-0.3347,0.9342,-0.0368,-0.3483,0.9367,-0.0961,-0.0188,0.3195,Dark,
32.4680,4.3585,5.6563,0.0000,0.0000,0.0460,-0.3384,0.9399,-0.1237,-0.3350,0.9341,-0.0370,-0.3486,0.9365,-0.0961,-0.0189,0.3195,Dark,
32.4792,4.3468,5.6553,0.0000,0.0000,0.0455,-0.3387,0.9398,-0.1240,-0.3354,0.9339,-0.0375,-0.3490,0.9364,-0.0961,-0.0189,0.3194,Dark,
32.4913,4.3530,5.6544,0.0000,0.0000,0.0449,-0.3388,0.9398,-0.1246,-0.3355,0.9338,-0.0381,-0.3491,0.9363,-0.0962,-0.0188,0.3194,Dark,
32.5016,4.3543,5.6500,0.0000,0.0000,0.0439,-0.3392,0.9397,-0.1254,-0.3358,0.9335,-0.0390,-0.3495,0.9361,-0.0962,-0.0188,0.3194,Dark,
32.5126,4.3510,5.6430,0.0000,0.0000,0.0432,-0.3392,0.9397,-0.1260,-0.3357,0.9335,-0.0396,-0.3494,0.9362,-0.0962,-0.0188,0.3194,Dark,
32.5238,4.3514,5.6361,0.0000,0.0000,0.0420,-0.3395,0.9397,-0.1268,-0.3360,0.9333,-0.0406,-0.3496,0.9360,-0.0963,-0.0187,0.3194,Dark,
32.5347,4.3456,5.6357,0.0000,0.0000,0.0412,-0.3395,0.9397,-0.1275,-0.3360,0.9332,-0.0414,-0.3497,0.9360,-0.0963,-0.0187,0.3194,Dark,
32.5460,4.3529,5.6504,0.0000,0.0000,0.0403,-0.3400,0.9396,-0.1283,-0.3365,0.9329,-0.0422,-0.3501,0.9358,-0.0963,-0.0186,0.3194,Dark,
32.5574,4.3620,5.6510,0.0000,0.0000,0.0399,-0.3402,0.9395,-0.1285,-0.3366,0.9328,-0.0425,-0.3503,0.9357,-0.0963,-0.0186,0.3194,Dark,
32.5682,4.3634,5.6507,0.0000,0.0000,0.0395,-0.3405,0.9394,-0.1289,-0.3369,0.9327,-0.0430,-0.3506,0.9356,-0.0963,-0.0186,0.3194,Dark,
32.5794,4.3787,5.6587,0.0000,0.0000,0.0389,-0.3412,0.9392,-0.1294,-0.3375,0.9324,-0.0435,-0.3512,0.9353,-0.0963,-0.0186,0.3194,Dark,
32.5906,4.3895,5.6661,0.0000,0.0000,0.0386,-0.3416,0.9390,-0.1297,-0.3380,0.9322,-0.0438,-0.3517,0.9351,-0.0963,-0.0186,0.3194,Dark,
32.6018,4.4044,5.6725,0.0000,0.0000,0.0384,-0.3422,0.9389,-0.1299,-0.3385,0.9320,-0.0440,-0.3522,0.9349,-0.0963,-0.0186,0.3194,Dark,
32.6128,4.4227,5.6854,0.0000,0.0000,0.0381,-0.3427,0.9387,-0.1300,-0.3390,0.9318,-0.0442,-0.3527,0.9347,-0.0963,-0.0187,0.3194,Dark,
32.6241,4.4257,5.6840,0.0000,0.0000,0.0381,-0.3430,0.9386,-0.1299,-0.3393,0.9317,-0.0442,-0.3530,0.9346,-0.0962,-0.0186,0.3195,Dark,
32.6352,4.4322,5.6821,0.0000,0.0000,0.0382,-0.3434,0.9384,-0.1298,-0.3397,0.9316,-0.0441,-0.3533,0.9345,-0.0962,-0.0187,0.3195,Dark,
32.6462,4.4425,5.6992,0.0000,0.0000,0.0381,-0.3440,0.9382,-0.1299,-0.3403,0.9313,-0.0442,-0.3540,0.9342,-0.0962,-0.0187,0.3195,Dark,
32.6579,4.4472,5.7017,0.0000,0.0000,0.0381,-0.3443,0.9381,-0.1299,-0.3406,0.9312,-0.0442,-0.3543,0.9341,-0.0961,-0.0187,0.3195,Dark,
32.6684,4.4519,5.7036,0.0000,0.0000,0.0380,-0.3448,0.9379,-0.1300,-0.3411,0.9310,-0.0443,-0.3548,0.9339,-0.0961,-0.0187,0.3196,Dark,
32.6796,4.4657,5.7188,0.0000,0.0000,0.0375,-0.3455,0.9377,-0.1305,-0.3417,0.9307,-0.0448,-0.3554,0.9336,-0.0961,-0.0188,0.3196,Dark,
32.6911,4.4743,5.7213,0.0000,0.0000,0.0374,-0.3460,0.9375,-0.1305,-0.3422,0.9305,-0.0448,-0.3559,0.9334,-0.0961,-0.0188,0.3196,Dark,
32.7020,4.4856,5.7234,0.0000,0.0000,0.0372,-0.3463,0.9374,-0.1307,-0.3426,0.9304,-0.0450,-0.3563,0.9333,-0.0961,-0.0188,0.3196,Dark,
32.7133,4.5049,5.7442,0.0000,0.0000,0.0369,-0.3468,0.9372,-0.1310,-0.3430,0.9302,-0.0453,-0.3567,0.9331,-0.0961,-0.0189,0.3196,Dark,
32.7252,4.5124,5.7599,0.0000,0.0000,0.0368,-0.3473,0.9370,-0.1311,-0.3434,0.9300,-0.0454,-0.3572,0.9329,-0.0961,-0.0188,0.3196,Dark,
32.7355,4.5339,5.7884,0.0000,0.0000,0.0368,-0.3478,0.9368,-0.1311,-0.3439,0.9298,-0.0455,-0.3577,0.9327,-0.0961,-0.0189,0.3196,Dark,
32.7467,4.5528,5.7999,0.0000,0.0000,0.0368,-0.3479,0.9368,-0.1310,-0.3440,0.9298,-0.0454,-0.3578,0.9327,-0.0960,-0.0189,0.3196,Dark,
32.7586,4.5677,5.8075,0.0000,0.0000,0.0371,-0.3480,0.9368,-0.1306,-0.3440,0.9298,-0.0451,-0.3578,0.9327,-0.0961,-0.0188,0.3196,Dark,
32.7689,4.5975,5.8341,0.0000,0.0000,0.0374,-0.3478,0.9368,-0.1303,-0.3439,0.9299,-0.0447,-0.3577,0.9328,-0.0960,-0.0188,0.3196,Dark,
32.7801,4.6150,5.8515,0.0000,0.0000,0.0377,-0.3477,0.9368,-0.1300,-0.3438,0.9300,-0.0445,-0.3576,0.9328,-0.0960,-0.0188,0.3196,Dark,
32.7914,4.6279,5.8613,0.0000,0.0000,0.0380,-0.3477,0.9368,-0.1297,-0.3438,0.9300,-0.0441,-0.3576,0.9328,-0.0960,-0.0188,0.3196,Dark,
32.8023,4.6441,5.8979,0.0000,0.0000,0.0384,-0.3474,0.9369,-0.1293,-0.3436,0.9302,-0.0437,-0.3573,0.9330,-0.0959,-0.0188,0.3196,Dark,
32.8140,4.6523,5.9207,0.0000,0.0000,0.0392,-0.3471,0.9370,-0.1286,-0.3433,0.9304,-0.0430,-0.3570,0.9331,-0.0959,-0.0188,0.3196,Dark,
32.8249,4.6570,5.9271,0.0000,0.0000,0.0398,-0.3469,0.9371,-0.1281,-0.3431,0.9305,-0.0424,-0.3569,0.9332,-0.0959,-0.0187,0.3197,Dark,
32.8356,4.6774,5.9490,0.0000,0.0000,0.0405,-0.3468,0.9371,-0.1282,-0.3430,0.9305,-0.0421,-0.3568,0.9332,-0.0959,-0.0188,0.3197,Dark,
32.8470,4.7037,5.9613,0.0000,0.0000,0.0412,-0.3466,0.9371,-0.1279,-0.3428,0.9306,-0.0416,-0.3566,0.9333,-0.0959,-0.0188,0.3197,Dark,
32.8584,4.7245,5.9728,0.0000,0.0000,0.0418,-0.3465,0.9371,-0.1275,-0.3428,0.9307,-0.0411,-0.3566,0.9334,-0.0959,-0.0188,0.3197,Dark,
32.8692,4.7451,5.9916,0.0000,0.0000,0.0424,-0.3465,0.9371,-0.1274,-0.3428,0.9307,-0.0407,-0.3566,0.9334,-0.0959,-0.0188,0.3196,Dark,
32.8801,4.7463,5.9973,0.0000,0.0000,0.0424,-0.3471,0.9369,-0.1278,-0.3433,0.9305,-0.0410,-0.3572,0.9331,-0.0959,-0.0189,0.3196,Dark,
32.8916,4.7574,5.9994,0.0000,0.0000,0.0429,-0.3470,0.9369,-0.1275,-0.3433,0.9305,-0.0406,-0.3572,0.9332,-0.0960,-0.0189,0.3196,Dark,
32.9026,4.7752,6.0245,0.0000,0.0000,0.0442,-0.3466,0.9370,-0.1267,-0.3429,0.9308,-0.0395,-0.3568,0.9333,-0.0960,-0.0189,0.3196,Dark,
32.9138,4.7835,6.0382,0.0000,0.0000,0.0444,-0.3467,0.9369,-0.1268,-0.3430,0.9307,-0.0394,-0.3569,0.9333,-0.0960,-0.0190,0.3196,Dark,
32.9253,4.7947,6.0488,0.0000,0.0000,0.0451,-0.3465,0.9370,-0.1264,-0.3428,0.9309,-0.0388,-0.3568,0.9334,-0.0960,-0.0190,0.3196,Dark,
32.9358,4.8209,6.0623,0.0000,0.0000,0.0463,-0.3463,0.9370,-0.1257,-0.3427,0.9310,-0.0379,-0.3566,0.9335,-0.0960,-0.0190,0.3196,Dark,
32.9470,4.8357,6.0823,0.0000,0.0000,0.0467,-0.3460,0.9371,-0.1253,-0.3425,0.9311,-0.0375,-0.3564,0.9336,-0.0960,-0.0190,0.3196,Dark,
32.9590,4.8452,6.0983,0.0000,0.0000,0.0471,-0.3458,0.9371,-0.1251,-0.3423,0.9312,-0.0372,-0.3562,0.9337,-0.0961,-0.0190,0.3197,Dark,
32.9695,4.8741,6.1307,0.0000,0.0000,0.0478,-0.3452,0.9373,-0.1245,-0.3417,0.9315,-0.0366,-0.3556,0.9339,-0.0961,-0.0190,0.3197,Dark,
32.9807,4.8911,6.1497,0.0000,0.0000,0.0478,-0.3447,0.9375,-0.1245,-0.3412,0.9317,-0.0365,-0.3551,0.9341,-0.0961,-0.0190,0.3198,Dark,
32.9918,4.8998,6.1633,0.0000,0.0000,0.0478,-0.3443,0.9376,-0.1245,-0.3408,0.9319,-0.0365,-0.3547,0.9343,-0.0962,-0.0189,0.3198,Dark,
33.0032,4.9195,6.1947,0.0000,0.0000,0.0480,-0.3440,0.9378,-0.1243,-0.3404,0.9320,-0.0363,-0.3544,0.9344,-0.0962,-0.0189,0.3199,Dark,
33.0139,4.9286,6.2137,0.0000,0.0000,0.0481,-0.3440,0.9377,-0.1243,-0.3404,0.9320,-0.0363,-0.3544,0.9344,-0.0962,-0.0189,0.3199,Dark,
33.0254,4.9382,6.2280,0.0000,0.0000,0.0483,-0.3440,0.9377,-0.1242,-0.3405,0.9320,-0.0361,-0.3544,0.9344,-0.0962,-0.0189,0.3199,Dark,
33.0365,4.9580,6.2586,0.0000,0.0000,0.0485,-0.3442,0.9376,-0.1241,-0.3407,0.9320,-0.0360,-0.3546,0.9343,-0.0962,-0.0190,0.3199,Dark,
33.0474,4.9666,6.2727,0.0000,0.0000,0.0487,-0.3443,0.9376,-0.1240,-0.3408,0.9319,-0.0358,-0.3547,0.9343,-0.0962,-0.0190,0.3199,Dark,
33.0589,4.9819,6.2950,0.0000,0.0000,0.0490,-0.3446,0.9375,-0.1239,-0.3411,0.9318,-0.0356,-0.3551,0.9342,-0.0962,-0.0190,0.3200,Dark,
33.0698,4.9819,6.2950,0.0000,0.0000,0.0491,-0.3448,0.9374,-0.1239,-0.3413,0.9318,-0.0355,-0.3552,0.9341,-0.0963,-0.0191,0.3200,Dark,
33.0810,5.0120,6.3193,0.0000,0.0000,0.0495,-0.3449,0.9373,-0.1238,-0.3414,0.9317,-0.0353,-0.3554,0.9340,-0.0963,-0.0192,0.3200,Dark,
33.0922,5.0466,6.3527,0.0000,0.0000,0.0504,-0.3452,0.9372,-0.1230,-0.3418,0.9317,-0.0345,-0.3557,0.9340,-0.0963,-0.0191,0.3200,Dark,
33.1033,5.0744,6.3694,0.0000,0.0000,0.0565,-0.3465,0.9363,-0.1175,-0.3435,0.9318,-0.0286,-0.3573,0.9335,-0.0963,-0.0192,0.3200,Dark,
33.1143,5.0956,6.3934,0.0000,0.0000,0.0789,-0.3450,0.9353,-0.0903,-0.3435,0.9348,-0.0035,-0.3561,0.9344,-0.0963,-0.0193,0.3200,Dark,
33.1259,5.1193,6.4292,0.0000,0.0000,0.1040,-0.3438,0.9333,-0.0601,-0.3440,0.9371,0.0243,-0.3554,0.9344,-0.0963,-0.0194,0.3200,Dark,
33.1366,5.1166,6.4417,0.0000,0.0000,0.1084,-0.3440,0.9327,-0.0547,-0.3444,0.9372,0.0293,-0.3556,0.9342,-0.0964,-0.0194,0.3200,Dark,
33.1476,5.1126,6.4370,0.0000,0.0000,0.1115,-0.3453,0.9318,-0.0505,-0.3460,0.9369,0.0330,-0.3570,0.9335,-0.0964,-0.0195,0.3200,Dark,
33.1589,5.1051,6.4242,0.0000,0.0000,0.1165,-0.3470,0.9306,-0.0444,-0.3480,0.9364,0.0386,-0.3588,0.9326,-0.0964,-0.0195,0.3200,Dark,
33.1702,5.1112,6.4183,0.0000,0.0000,0.1160,-0.3482,0.9302,-0.0450,-0.3492,0.9360,0.0380,-0.3600,0.9322,-0.0965,-0.0196,0.3200,Dark,
33.1813,5.1171,6.4128,0.0000,0.0000,0.1147,-0.3491,0.9300,-0.0462,-0.3500,0.9356,0.0367,-0.3608,0.9319,-0.0965,-0.0197,0.3201,Dark,
33.1924,5.1031,6.4040,0.0000,0.0000,0.1164,-0.3499,0.9295,-0.0443,-0.3509,0.9353,0.0386,-0.3617,0.9315,-0.0965,-0.0196,0.3201,Dark,
33.2034,5.0922,6.3994,0.0000,0.0000,0.1157,-0.3506,0.9293,-0.0451,-0.3517,0.9350,0.0378,-0.3624,0.9312,-0.0966,-0.0197,0.3201,Dark,
33.2144,5.0829,6.4006,0.0000,0.0000,0.1123,-0.3505,0.9298,-0.0487,-0.3514,0.9350,0.0343,-0.3622,0.9315,-0.0966,-0.0197,0.3201,Dark,
33.2259,5.0818,6.3922,0.0000,0.0000,0.1145,-0.3502,0.9297,-0.0467,-0.3512,0.9351,0.0364,-0.3620,0.9315,-0.0966,-0.0197,0.3202,Dark,
33.2368,5.0753,6.3844,0.0000,0.0000,0.1153,-0.3497,0.9297,-0.0459,-0.3507,0.9354,0.0372,-0.3615,0.9316,-0.0967,-0.0197,0.3202,Dark,
33.2477,5.0702,6.3771,0.0000,0.0000,0.1141,-0.3484,0.9304,-0.0472,-0.3494,0.9358,0.0359,-0.3602,0.9322,-0.0967,-0.0197,0.3202,Dark,
33.2590,5.0278,6.3524,0.0000,0.0000,0.1148,-0.3482,0.9304,-0.0466,-0.3492,0.9359,0.0366,-0.3600,0.9322,-0.0967,-0.0196,0.3202,Dark,
33.2703,5.0146,6.3380,0.0000,0.0000,0.1157,-0.3482,0.9302,-0.0458,-0.3493,0.9359,0.0374,-0.3601,0.9322,-0.0967,-0.0196,0.3203,Dark,
33.2813,5.0057,6.3284,0.0000,0.0000,0.1159,-0.3475,0.9305,-0.0456,-0.3486,0.9362,0.0377,-0.3593,0.9324,-0.0967,-0.0196,0.3203,Dark,
33.2927,4.9816,6.3134,0.0000,0.0000,0.1169,-0.3468,0.9306,-0.0450,-0.3479,0.9365,0.0385,-0.3587,0.9327,-0.0967,-0.0196,0.3203,Dark,
33.3036,4.9775,6.3083,0.0000,0.0000,0.1172,-0.3463,0.9308,-0.0448,-0.3474,0.9366,0.0387,-0.3582,0.9328,-0.0967,-0.0196,0.3203,Dark,
33.3146,4.9743,6.3073,0.0000,0.0000,0.1178,-0.3459,0.9308,-0.0444,-0.3471,0.9368,0.0392,-0.3578,0.9330,-0.0967,-0.0196,0.3203,Dark,
33.3259,4.9780,6.3074,0.0000,0.0000,0.1195,-0.3452,0.9309,-0.0431,-0.3464,0.9371,0.0408,-0.3572,0.9331,-0.0966,-0.0196,0.3203,Dark,
33.3370,4.9810,6.3084,0.0000,0.0000,0.1195,-0.3451,0.9309,-0.0434,-0.3463,0.9371,0.0406,-0.3571,0.9332,-0.0965,-0.0196,0.3203,Dark,
33.3480,4.9589,6.3190,0.0000,0.0000,0.1214,-0.3442,0.9310,-0.0419,-0.3455,0.9375,0.0424,-0.3563,0.9334,-0.0965,-0.0196,0.3203,Dark,
33.3592,4.9475,6.3173,0.0000,0.0000,0.1221,-0.3440,0.9310,-0.0413,-0.3453,0.9376,0.0430,-0.3561,0.9335,-0.0964,-0.0195,0.3203,Dark,
33.3706,4.9445,6.3156,0.0000,0.0000,0.1234,-0.3433,0.9311,-0.0403,-0.3446,0.9379,0.0442,-0.3554,0.9337,-0.0964,-0.0195,0.3203,Dark,
33.3816,4.9428,6.3060,0.0000,0.0000,0.1239,-0.3428,0.9312,-0.0401,-0.3441,0.9381,0.0445,-0.3550,0.9338,-0.0963,-0.0195,0.3203,Dark,
33.3928,4.9442,6.3108,0.0000,0.0000,0.1240,-0.3425,0.9313,-0.0402,-0.3437,0.9382,0.0445,-0.3546,0.9340,-0.0962,-0.0194,0.3204,Dark,
33.4037,4.9458,6.3155,0.0000,0.0000,0.1252,-0.3420,0.9313,-0.0391,-0.3433,0.9384,0.0457,-0.3541,0.9341,-0.0962,-0.0195,0.3204,Dark,
33.4148,4.9504,6.3308,0.0000,0.0000,0.1240,-0.3425,0.9313,-0.0406,-0.3438,0.9382,0.0443,-0.3547,0.9339,-0.0961,-0.0195,0.3203,Dark,
33.4262,4.9539,6.3362,0.0000,0.0000,0.1253,-0.3421,0.9313,-0.0393,-0.3434,0.9384,0.0456,-0.3543,0.9340,-0.0961,-0.0194,0.3203,Dark,
33.4375,4.9569,6.3396,0.0000,0.0000,0.1251,-0.3425,0.9312,-0.0397,-0.3437,0.9382,0.0454,-0.3547,0.9339,-0.0961,-0.0195,0.3203,Dark,
33.4483,4.9732,6.3410,0.0000,0.0000,0.1248,-0.3429,0.9311,-0.0406,-0.3441,0.9381,0.0447,-0.3551,0.9338,-0.0960,-0.0195,0.3203,Dark,
33.4594,4.9787,6.3408,0.0000,0.0000,0.1246,-0.3430,0.9310,-0.0409,-0.3442,0.9380,0.0445,-0.3552,0.9337,-0.0960,-0.0195,0.3203,Dark,
33.4705,4.9822,6.3444,0.0000,0.0000,0.1242,-0.3430,0.9311,-0.0415,-0.3443,0.9380,0.0440,-0.3553,0.9337,-0.0960,-0.0195,0.3203,Dark,
33.4819,4.9838,6.3521,0.0000,0.0000,0.1238,-0.3432,0.9311,-0.0422,-0.3444,0.9379,0.0435,-0.3555,0.9337,-0.0960,-0.0195,0.3203,Dark,
33.4929,4.9855,6.3559,0.0000,0.0000,0.1234,-0.3434,0.9310,-0.0427,-0.3446,0.9378,0.0430,-0.3557,0.9336,-0.0960,-0.0195,0.3203,Dark,
33.5039,4.9870,6.3604,0.0000,0.0000,0.1233,-0.3435,0.9310,-0.0430,-0.3447,0.9377,0.0428,-0.3558,0.9336,-0.0960,-0.0195,0.3203,Dark,
33.5152,4.9792,6.3814,0.0000,0.0000,0.1228,-0.3442,0.9308,-0.0436,-0.3454,0.9374,0.0422,-0.3565,0.9333,-0.0961,-0.0196,0.3203,Dark,
33.5262,4.9952,6.3958,0.0000,0.0000,0.1225,-0.3445,0.9308,-0.0439,-0.3457,0.9373,0.0419,-0.3568,0.9332,-0.0961,-0.0196,0.3203,Dark,
33.5378,5.0179,6.3949,0.0000,0.0000,0.1218,-0.3450,0.9307,-0.0447,-0.3462,0.9371,0.0412,-0.3573,0.9331,-0.0961,-0.0196,0.3204,Dark,
33.5488,5.0253,6.4086,0.0000,0.0000,0.1213,-0.3451,0.9307,-0.0452,-0.3463,0.9370,0.0407,-0.3574,0.9331,-0.0962,-0.0196,0.3204,Dark,
33.5597,5.0343,6.4190,0.0000,0.0000,0.1207,-0.3453,0.9307,-0.0458,-0.3464,0.9370,0.0401,-0.3575,0.9330,-0.0962,-0.0196,0.3204,Dark,
33.5708,5.0592,6.4438,0.0000,0.0000,0.1200,-0.3455,0.9307,-0.0465,-0.3467,0.9368,0.0394,-0.3578,0.9330,-0.0963,-0.0196,0.3204,Dark,
33.5823,5.0753,6.4475,0.0000,0.0000,0.1195,-0.3456,0.9307,-0.0470,-0.3467,0.9368,0.0388,-0.3579,0.9330,-0.0963,-0.0196,0.3204,Dark,
33.5933,5.0766,6.4485,0.0000,0.0000,0.1187,-0.3460,0.9307,-0.0477,-0.3470,0.9367,0.0381,-0.3582,0.9329,-0.0964,-0.0196,0.3204,Dark,
33.6043,5.0841,6.4632,0.0000,0.0000,0.1179,-0.3463,0.9307,-0.0486,-0.3473,0.9365,0.0372,-0.3585,0.9328,-0.0964,-0.0196,0.3204,Dark,
33.6153,5.0894,6.4705,0.0000,0.0000,0.1175,-0.3465,0.9307,-0.0490,-0.3474,0.9364,0.0369,-0.3586,0.9328,-0.0964,-0.0196,0.3204,Dark,
33.6269,5.0926,6.4766,0.0000,0.0000,0.1172,-0.3466,0.9307,-0.0492,-0.3475,0.9364,0.0366,-0.3588,0.9327,-0.0964,-0.0196,0.3204,Dark,
33.6377,5.1084,6.4903,0.0000,0.0000,0.1170,-0.3466,0.9307,-0.0494,-0.3475,0.9364,0.0364,-0.3587,0.9327,-0.0964,-0.0197,0.3204,Dark,
33.6488,5.1176,6.5002,0.0000,0.0000,0.1168,-0.3465,0.9307,-0.0496,-0.3474,0.9364,0.0362,-0.3587,0.9328,-0.0964,-0.0197,0.3205,Dark,
33.6601,5.1219,6.5079,0.0000,0.0000,0.1166,-0.3464,0.9308,-0.0497,-0.3473,0.9364,0.0360,-0.3586,0.9328,-0.0963,-0.0196,0.3205,Dark,
33.6712,5.1319,6.5069,0.0000,0.0000,0.1165,-0.3464,0.9308,-0.0498,-0.3472,0.9365,0.0359,-0.3585,0.9328,-0.0963,-0.0196,0.3206,Dark,
33.6826,5.1369,6.5200,0.0000,0.0000,0.1164,-0.3464,0.9308,-0.0498,-0.3471,0.9365,0.0359,-0.3584,0.9329,-0.0962,-0.0196,0.3206,Dark,
33.6935,5.1392,6.5304,0.0000,0.0000,0.1164,-0.3465,0.9308,-0.0498,-0.3472,0.9365,0.0359,-0.3585,0.9328,-0.0962,-0.0196,0.3207,Dark,
33.7044,5.1490,6.5198,0.0000,0.0000,0.1167,-0.3469,0.9306,-0.0495,-0.3475,0.9364,0.0362,-0.3589,0.9327,-0.0961,-0.0196,0.3207,Dark,
33.7157,5.1552,6.5257,0.0000,0.0000,0.1169,-0.3472,0.9305,-0.0492,-0.3478,0.9363,0.0364,-0.3592,0.9326,-0.0961,-0.0197,0.3207,Dark,
33.7267,5.1661,6.5298,0.0000,0.0000,0.1171,-0.3475,0.9303,-0.0490,-0.3481,0.9362,0.0366,-0.3595,0.9324,-0.0960,-0.0197,0.3207,Dark,
33.7380,5.1844,6.5287,0.0000,0.0000,0.1174,-0.3477,0.9302,-0.0486,-0.3484,0.9361,0.0369,-0.3597,0.9323,-0.0959,-0.0197,0.3207,Dark,
33.7495,5.1914,6.5474,0.0000,0.0000,0.1177,-0.3478,0.9302,-0.0482,-0.3484,0.9361,0.0373,-0.3597,0.9323,-0.0959,-0.0198,0.3207,Dark,
33.7604,5.1952,6.5620,0.0000,0.0000,0.1180,-0.3477,0.9302,-0.0479,-0.3482,0.9362,0.0376,-0.3596,0.9323,-0.0958,-0.0197,0.3207,Dark,
33.7713,5.1888,6.5869,0.0000,0.0000,0.1184,-0.3472,0.9303,-0.0472,-0.3478,0.9364,0.0382,-0.3591,0.9325,-0.0958,-0.0197,0.3207,Dark,
33.7827,5.1812,6.5946,0.0000,0.0000,0.1188,-0.3469,0.9303,-0.0467,-0.3475,0.9365,0.0386,-0.3588,0.9326,-0.0957,-0.0197,0.3207,Dark,
33.7940,5.1948,6.5989,0.0000,0.0000,0.1189,-0.3467,0.9304,-0.0465,-0.3473,0.9366,0.0388,-0.3586,0.9327,-0.0957,-0.0197,0.3207,Dark,
33.8047,5.2036,6.5832,0.0000,0.0000,0.1193,-0.3463,0.9305,-0.0457,-0.3469,0.9368,0.0393,-0.3582,0.9328,-0.0957,-0.0198,0.3207,Dark,
33.8159,5.2009,6.5766,0.0000,0.0000,0.1194,-0.3462,0.9305,-0.0454,-0.3468,0.9368,0.0396,-0.3581,0.9329,-0.0956,-0.0198,0.3206,Dark,
33.8270,5.2129,6.5716,0.0000,0.0000,0.1195,-0.3459,0.9306,-0.0451,-0.3466,0.9369,0.0397,-0.3578,0.9330,-0.0956,-0.0197,0.3206,Dark,
33.8395,5.2264,6.5855,0.0000,0.0000,0.1195,-0.3457,0.9307,-0.0447,-0.3463,0.9371,0.0399,-0.3575,0.9331,-0.0956,-0.0197,0.3206,Dark,
